[2026-10-07T23:44:39.666+0000][42.216s][info][gc,start       ] GC(14) Pause Young (Allocation Failure)
[2026-10-07T23:44:39.684+0000][42.234s][info][gc,heap        ] GC(14) PSYoungGen: 38534K(41472K)->2362K(49664K) Eden: 37888K(37888K)->0K(46080K) From: 646K(3584K)->2362K(3584K)
[2026-10-07T23:44:39.685+0000][42.235s][info][gc,heap        ] GC(14) ParOldGen: 14731K(14848K)->15386K(15872K)
[2026-10-07T23:44:39.685+0000][42.235s][info][gc,metaspace   ] GC(14) Metaspace: 68840K(69632K)->68840K(69632K) NonClass: 59591K(60032K)->59591K(60032K) Class: 9248K(9600K)->9248K(9600K)
[2026-10-07T23:44:39.686+0000][42.235s][info][gc             ] GC(14) Pause Young (Allocation Failure) 52M->17M(64M) 19.180ms
[2026-10-07T23:44:39.686+0000][42.235s][info][gc,cpu         ] GC(14) User=0.03s Sys=0.00s Real=0.02s
[2026-10-07T23:44:44.969+0000][47.518s][info][gc,start       ] GC(15) Pause Young (Allocation Failure)
[2026-10-07T23:44:44.987+0000][47.537s][info][gc,heap        ] GC(15) PSYoungGen: 48441K(49664K)->3090K(50688K) Eden: 46078K(46080K)->0K(46080K) From: 2362K(3584K)->3090K(4608K)
[2026-10-07T23:44:44.988+0000][47.537s][info][gc,heap        ] GC(15) ParOldGen: 15386K(15872K)->17540K(17920K)
[2026-10-07T23:44:44.988+0000][47.537s][info][gc,metaspace   ] GC(15) Metaspace: 70768K(71552K)->70768K(71552K) NonClass: 61494K(61952K)->61494K(61952K) Class: 9273K(9600K)->9273K(9600K)
[2026-10-07T23:44:44.988+0000][47.537s][info][gc             ] GC(15) Pause Young (Allocation Failure) 62M->20M(67M) 18.696ms
[2026-10-07T23:44:44.988+0000][47.537s][info][gc,cpu         ] GC(15) User=0.02s Sys=0.00s Real=0.02s
[2026-10-07T23:44:49.133+0000][51.682s][info][gc,start       ] GC(16) Pause Young (Allocation Failure)
[2026-10-07T23:44:49.199+0000][51.749s][info][gc,heap        ] GC(16) PSYoungGen: 49170K(50688K)->2120K(77312K) Eden: 46080K(46080K)->0K(73728K) From: 3090K(4608K)->2120K(3584K)
[2026-10-07T23:44:49.199+0000][51.749s][info][gc,heap        ] GC(16) ParOldGen: 17540K(17920K)->20211K(20480K)
[2026-10-07T23:44:49.199+0000][51.749s][info][gc,metaspace   ] GC(16) Metaspace: 71565K(72256K)->71565K(72256K) NonClass: 62283K(62656K)->62283K(62656K) Class: 9282K(9600K)->9282K(9600K)
[2026-10-07T23:44:49.199+0000][51.749s][info][gc             ] GC(16) Pause Young (Allocation Failure) 65M->21M(95M) 66.580ms
[2026-10-07T23:44:49.199+0000][51.749s][info][gc,cpu         ] GC(16) User=0.02s Sys=0.01s Real=0.07s
[2026-10-07T23:44:56.738+0000][59.288s][info][gc,start       ] GC(17) Pause Young (Allocation Failure)
[2026-10-07T23:44:56.754+0000][59.303s][info][gc,heap        ] GC(17) PSYoungGen: 75836K(77312K)->1892K(77824K) Eden: 73715K(73728K)->0K(73728K) From: 2120K(3584K)->1892K(4096K)
[2026-10-07T23:44:56.754+0000][59.304s][info][gc,heap        ] GC(17) ParOldGen: 20211K(20480K)->21740K(22016K)
[2026-10-07T23:44:56.754+0000][59.304s][info][gc,metaspace   ] GC(17) Metaspace: 72156K(72896K)->72156K(72896K) NonClass: 62874K(63296K)->62874K(63296K) Class: 9282K(9600K)->9282K(9600K)
[2026-10-07T23:44:56.754+0000][59.304s][info][gc             ] GC(17) Pause Young (Allocation Failure) 93M->23M(97M) 15.900ms
[2026-10-07T23:44:56.755+0000][59.304s][info][gc,cpu         ] GC(17) User=0.02s Sys=0.01s Real=0.02s
[2026-10-07T23:45:05.377+0000][67.927s][info][gc,start       ] GC(18) Pause Young (Allocation Failure)
[2026-10-07T23:45:05.387+0000][67.936s][info][gc,heap        ] GC(18) PSYoungGen: 75620K(77824K)->1122K(72192K) Eden: 73728K(73728K)->0K(70656K) From: 1892K(4096K)->1122K(1536K)
[2026-10-07T23:45:05.387+0000][67.936s][info][gc,heap        ] GC(18) ParOldGen: 21740K(22016K)->22928K(23040K)
[2026-10-07T23:45:05.387+0000][67.936s][info][gc,metaspace   ] GC(18) Metaspace: 72326K(73088K)->72326K(73088K) NonClass: 63043K(63488K)->63043K(63488K) Class: 9282K(9600K)->9282K(9600K)
[2026-10-07T23:45:05.387+0000][67.936s][info][gc             ] GC(18) Pause Young (Allocation Failure) 95M->23M(93M) 9.510ms
[2026-10-07T23:45:05.387+0000][67.936s][info][gc,cpu         ] GC(18) User=0.01s Sys=0.00s Real=0.01s
[2026-10-07T23:45:13.862+0000][76.411s][info][gc,start       ] GC(19) Pause Young (Allocation Failure)
[2026-10-07T23:45:13.878+0000][76.427s][info][gc,heap        ] GC(19) PSYoungGen: 71778K(72192K)->1122K(69120K) Eden: 70656K(70656K)->0K(67584K) From: 1122K(1536K)->1122K(1536K)
[2026-10-07T23:45:13.878+0000][76.427s][info][gc,heap        ] GC(19) ParOldGen: 22928K(23040K)->23401K(23552K)
[2026-10-07T23:45:13.878+0000][76.427s][info][gc,metaspace   ] GC(19) Metaspace: 72516K(73216K)->72516K(73216K) NonClass: 63230K(63616K)->63230K(63616K) Class: 9285K(9600K)->9285K(9600K)
[2026-10-07T23:45:13.878+0000][76.427s][info][gc             ] GC(19) Pause Young (Allocation Failure) 92M->23M(90M) 16.251ms
[2026-10-07T23:45:13.878+0000][76.427s][info][gc,cpu         ] GC(19) User=0.01s Sys=0.00s Real=0.02s
[2026-10-07T23:45:22.029+0000][84.578s][info][gc,start       ] GC(20) Pause Young (Allocation Failure)
[2026-10-07T23:45:22.037+0000][84.586s][info][gc,heap        ] GC(20) PSYoungGen: 68706K(69120K)->976K(65536K) Eden: 67584K(67584K)->0K(64512K) From: 1122K(1536K)->976K(1024K)
[2026-10-07T23:45:22.037+0000][84.586s][info][gc,heap        ] GC(20) ParOldGen: 23401K(23552K)->23867K(24064K)
[2026-10-07T23:45:22.037+0000][84.586s][info][gc,metaspace   ] GC(20) Metaspace: 72704K(73408K)->72704K(73408K) NonClass: 63416K(63808K)->63416K(63808K) Class: 9287K(9600K)->9287K(9600K)
[2026-10-07T23:45:22.037+0000][84.586s][info][gc             ] GC(20) Pause Young (Allocation Failure) 89M->24M(87M) 7.926ms
[2026-10-07T23:45:22.037+0000][84.586s][info][gc,cpu         ] GC(20) User=0.01s Sys=0.00s Real=0.01s
[2026-10-07T23:45:30.117+0000][92.666s][info][gc,start       ] GC(21) Pause Young (Allocation Failure)
[2026-10-07T23:45:30.126+0000][92.676s][info][gc,heap        ] GC(21) PSYoungGen: 65488K(65536K)->869K(62464K) Eden: 64512K(64512K)->0K(61440K) From: 976K(1024K)->869K(1024K)
[2026-10-07T23:45:30.127+0000][92.676s][info][gc,heap        ] GC(21) ParOldGen: 23867K(24064K)->24122K(24576K)
[2026-10-07T23:45:30.127+0000][92.676s][info][gc,metaspace   ] GC(21) Metaspace: 72760K(73472K)->72760K(73472K) NonClass: 63472K(63872K)->63472K(63872K) Class: 9288K(9600K)->9288K(9600K)
[2026-10-07T23:45:30.127+0000][92.677s][info][gc             ] GC(21) Pause Young (Allocation Failure) 87M->24M(85M) 10.369ms
[2026-10-07T23:45:30.127+0000][92.677s][info][gc,cpu         ] GC(21) User=0.01s Sys=0.00s Real=0.01s
[2026-10-07T23:45:37.759+0000][100.308s][info][gc,start       ] GC(22) Pause Young (Allocation Failure)
[2026-10-07T23:45:37.766+0000][100.315s][info][gc,heap        ] GC(22) PSYoungGen: 62309K(62464K)->793K(59904K) Eden: 61440K(61440K)->0K(58880K) From: 869K(1024K)->793K(1024K)
[2026-10-07T23:45:37.766+0000][100.315s][info][gc,heap        ] GC(22) ParOldGen: 24122K(24576K)->24353K(24576K)
[2026-10-07T23:45:37.766+0000][100.315s][info][gc,metaspace   ] GC(22) Metaspace: 72806K(73472K)->72806K(73472K) NonClass: 63517K(63872K)->63517K(63872K) Class: 9288K(9600K)->9288K(9600K)
[2026-10-07T23:45:37.766+0000][100.315s][info][gc             ] GC(22) Pause Young (Allocation Failure) 84M->24M(82M) 7.258ms
[2026-10-07T23:45:37.769+0000][100.318s][info][gc,cpu         ] GC(22) User=0.01s Sys=0.00s Real=0.01s
[2026-10-07T23:45:45.085+0000][107.635s][info][gc,start       ] GC(23) Pause Young (Allocation Failure)
[2026-10-07T23:45:45.095+0000][107.645s][info][gc,heap        ] GC(23) PSYoungGen: 59673K(59904K)->894K(57344K) Eden: 58880K(58880K)->0K(56320K) From: 793K(1024K)->894K(1024K)
[2026-10-07T23:45:45.095+0000][107.645s][info][gc,heap        ] GC(23) ParOldGen: 24353K(24576K)->24521K(24576K)
[2026-10-07T23:45:45.095+0000][107.645s][info][gc,metaspace   ] GC(23) Metaspace: 72833K(73536K)->72833K(73536K) NonClass: 63540K(63936K)->63540K(63936K) Class: 9292K(9600K)->9292K(9600K)
[2026-10-07T23:45:45.095+0000][107.645s][info][gc             ] GC(23) Pause Young (Allocation Failure) 82M->24M(80M) 10.139ms
[2026-10-07T23:45:45.096+0000][107.645s][info][gc,cpu         ] GC(23) User=0.01s Sys=0.00s Real=0.01s
[2026-10-07T23:45:52.051+0000][114.600s][info][gc,start       ] GC(24) Pause Young (Allocation Failure)
[2026-10-07T23:45:52.059+0000][114.608s][info][gc,heap        ] GC(24) PSYoungGen: 57214K(57344K)->820K(54784K) Eden: 56320K(56320K)->0K(53760K) From: 894K(1024K)->820K(1024K)
[2026-10-07T23:45:52.059+0000][114.608s][info][gc,heap        ] GC(24) ParOldGen: 24521K(24576K)->24783K(25088K)
[2026-10-07T23:45:52.059+0000][114.608s][info][gc,metaspace   ] GC(24) Metaspace: 72880K(73600K)->72880K(73600K) NonClass: 63587K(64000K)->63587K(64000K) Class: 9292K(9600K)->9292K(9600K)
[2026-10-07T23:45:52.059+0000][114.608s][info][gc             ] GC(24) Pause Young (Allocation Failure) 79M->25M(78M) 7.676ms
[2026-10-07T23:45:52.059+0000][114.608s][info][gc,cpu         ] GC(24) User=0.01s Sys=0.00s Real=0.01s
[2026-10-07T23:45:58.740+0000][121.289s][info][gc,start       ] GC(25) Pause Young (Allocation Failure)
[2026-10-07T23:45:58.747+0000][121.297s][info][gc,heap        ] GC(25) PSYoungGen: 54580K(54784K)->695K(52736K) Eden: 53760K(53760K)->0K(51712K) From: 820K(1024K)->695K(1024K)
[2026-10-07T23:45:58.747+0000][121.297s][info][gc,heap        ] GC(25) ParOldGen: 24783K(25088K)->25005K(25088K)
[2026-10-07T23:45:58.747+0000][121.297s][info][gc,metaspace   ] GC(25) Metaspace: 72925K(73600K)->72925K(73600K) NonClass: 63632K(64000K)->63632K(64000K) Class: 9292K(9600K)->9292K(9600K)
[2026-10-07T23:45:58.747+0000][121.297s][info][gc             ] GC(25) Pause Young (Allocation Failure) 77M->25M(76M) 7.790ms
[2026-10-07T23:45:58.747+0000][121.297s][info][gc,cpu         ] GC(25) User=0.01s Sys=0.00s Real=0.01s
[2026-10-07T23:46:05.102+0000][127.651s][info][gc,start       ] GC(26) Pause Young (Allocation Failure)
[2026-10-07T23:46:05.111+0000][127.660s][info][gc,heap        ] GC(26) PSYoungGen: 52407K(52736K)->726K(50688K) Eden: 51712K(51712K)->0K(49664K) From: 695K(1024K)->726K(1024K)
[2026-10-07T23:46:05.111+0000][127.660s][info][gc,heap        ] GC(26) ParOldGen: 25005K(25088K)->25161K(25600K)
[2026-10-07T23:46:05.111+0000][127.660s][info][gc,metaspace   ] GC(26) Metaspace: 72952K(73664K)->72952K(73664K) NonClass: 63658K(64064K)->63658K(64064K) Class: 9293K(9600K)->9293K(9600K)
[2026-10-07T23:46:05.111+0000][127.660s][info][gc             ] GC(26) Pause Young (Allocation Failure) 75M->25M(74M) 9.345ms
[2026-10-07T23:46:05.111+0000][127.660s][info][gc,cpu         ] GC(26) User=0.01s Sys=0.00s Real=0.01s
[2026-10-07T23:46:11.328+0000][133.878s][info][gc,start       ] GC(27) Pause Young (Allocation Failure)
[2026-10-07T23:46:11.335+0000][133.885s][info][gc,heap        ] GC(27) PSYoungGen: 50390K(50688K)->752K(48640K) Eden: 49664K(49664K)->0K(47616K) From: 726K(1024K)->752K(1024K)
[2026-10-07T23:46:11.335+0000][133.885s][info][gc,heap        ] GC(27) ParOldGen: 25161K(25600K)->25344K(25600K)
[2026-10-07T23:46:11.335+0000][133.885s][info][gc,metaspace   ] GC(27) Metaspace: 72989K(73728K)->72989K(73728K) NonClass: 63695K(64128K)->63695K(64128K) Class: 9293K(9600K)->9293K(9600K)
[2026-10-07T23:46:11.335+0000][133.885s][info][gc             ] GC(27) Pause Young (Allocation Failure) 73M->25M(72M) 6.849ms
[2026-10-07T23:46:11.335+0000][133.885s][info][gc,cpu         ] GC(27) User=0.01s Sys=0.00s Real=0.01s
[2026-10-07T23:46:17.117+0000][139.667s][info][gc,start       ] GC(28) Pause Young (Allocation Failure)
[2026-10-07T23:46:17.124+0000][139.673s][info][gc,heap        ] GC(28) PSYoungGen: 48368K(48640K)->952K(46592K) Eden: 47616K(47616K)->0K(45568K) From: 752K(1024K)->952K(1024K)
[2026-10-07T23:46:17.124+0000][139.673s][info][gc,heap        ] GC(28) ParOldGen: 25344K(25600K)->25536K(25600K)
[2026-10-07T23:46:17.124+0000][139.673s][info][gc,metaspace   ] GC(28) Metaspace: 73055K(73792K)->73055K(73792K) NonClass: 63761K(64192K)->63761K(64192K) Class: 9294K(9600K)->9294K(9600K)
[2026-10-07T23:46:17.124+0000][139.674s][info][gc             ] GC(28) Pause Young (Allocation Failure) 71M->25M(70M) 6.813ms
[2026-10-07T23:46:17.124+0000][139.674s][info][gc,cpu         ] GC(28) User=0.01s Sys=0.00s Real=0.01s
[2026-10-07T23:46:22.767+0000][145.317s][info][gc,start       ] GC(29) Pause Young (Allocation Failure)
[2026-10-07T23:46:22.775+0000][145.325s][info][gc,heap        ] GC(29) PSYoungGen: 46520K(46592K)->761K(44544K) Eden: 45568K(45568K)->0K(43520K) From: 952K(1024K)->761K(1024K)
[2026-10-07T23:46:22.775+0000][145.325s][info][gc,heap        ] GC(29) ParOldGen: 25536K(25600K)->25927K(26112K)
[2026-10-07T23:46:22.775+0000][145.325s][info][gc,metaspace   ] GC(29) Metaspace: 73077K(73792K)->73077K(73792K) NonClass: 63781K(64192K)->63781K(64192K) Class: 9295K(9600K)->9295K(9600K)
[2026-10-07T23:46:22.775+0000][145.325s][info][gc             ] GC(29) Pause Young (Allocation Failure) 70M->26M(69M) 7.957ms
[2026-10-07T23:46:22.775+0000][145.325s][info][gc,cpu         ] GC(29) User=0.00s Sys=0.00s Real=0.01s
[2026-10-07T23:46:28.195+0000][150.745s][info][gc,start       ] GC(30) Pause Young (Allocation Failure)
[2026-10-07T23:46:28.202+0000][150.751s][info][gc,heap        ] GC(30) PSYoungGen: 44281K(44544K)->568K(43008K) Eden: 43520K(43520K)->0K(41984K) From: 761K(1024K)->568K(1024K)
[2026-10-07T23:46:28.202+0000][150.751s][info][gc,heap        ] GC(30) ParOldGen: 25927K(26112K)->26198K(26624K)
[2026-10-07T23:46:28.202+0000][150.751s][info][gc,metaspace   ] GC(30) Metaspace: 73083K(73792K)->73083K(73792K) NonClass: 63787K(64192K)->63787K(64192K) Class: 9295K(9600K)->9295K(9600K)
[2026-10-07T23:46:28.202+0000][150.751s][info][gc             ] GC(30) Pause Young (Allocation Failure) 68M->26M(68M) 6.384ms
[2026-10-07T23:46:28.202+0000][150.751s][info][gc,cpu         ] GC(30) User=0.01s Sys=0.00s Real=0.00s
[2026-10-07T23:46:33.425+0000][155.974s][info][gc,start       ] GC(31) Pause Young (Allocation Failure)
[2026-10-07T23:46:33.431+0000][155.980s][info][gc,heap        ] GC(31) PSYoungGen: 42552K(43008K)->632K(41472K) Eden: 41984K(41984K)->0K(40448K) From: 568K(1024K)->632K(1024K)
[2026-10-07T23:46:33.431+0000][155.980s][info][gc,heap        ] GC(31) ParOldGen: 26198K(26624K)->26326K(26624K)
[2026-10-07T23:46:33.431+0000][155.980s][info][gc,metaspace   ] GC(31) Metaspace: 73106K(73792K)->73106K(73792K) NonClass: 63809K(64192K)->63809K(64192K) Class: 9296K(9600K)->9296K(9600K)
[2026-10-07T23:46:33.431+0000][155.980s][info][gc             ] GC(31) Pause Young (Allocation Failure) 67M->26M(66M) 6.317ms
[2026-10-07T23:46:33.431+0000][155.980s][info][gc,cpu         ] GC(31) User=0.00s Sys=0.00s Real=0.00s
[2026-10-07T23:46:38.443+0000][160.992s][info][gc,start       ] GC(32) Pause Young (Allocation Failure)
[2026-10-07T23:46:38.448+0000][160.998s][info][gc,heap        ] GC(32) PSYoungGen: 41080K(41472K)->520K(39936K) Eden: 40448K(40448K)->0K(38912K) From: 632K(1024K)->520K(1024K)
[2026-10-07T23:46:38.448+0000][160.998s][info][gc,heap        ] GC(32) ParOldGen: 26326K(26624K)->26536K(26624K)
[2026-10-07T23:46:38.449+0000][160.998s][info][gc,metaspace   ] GC(32) Metaspace: 73126K(73792K)->73126K(73792K) NonClass: 63829K(64192K)->63829K(64192K) Class: 9296K(9600K)->9296K(9600K)
[2026-10-07T23:46:38.449+0000][160.998s][info][gc             ] GC(32) Pause Young (Allocation Failure) 65M->26M(65M) 5.876ms
[2026-10-07T23:46:38.449+0000][160.998s][info][gc,cpu         ] GC(32) User=0.00s Sys=0.00s Real=0.01s
[2026-10-07T23:46:42.631+0000][165.181s][info][gc,start       ] GC(33) Pause Young (Allocation Failure)
[2026-10-07T23:46:42.642+0000][165.191s][info][gc,heap        ] GC(33) PSYoungGen: 39432K(39936K)->2537K(39936K) Eden: 38912K(38912K)->0K(37376K) From: 520K(1024K)->2537K(2560K)
[2026-10-07T23:46:42.642+0000][165.191s][info][gc,heap        ] GC(33) ParOldGen: 26536K(26624K)->26672K(27136K)
[2026-10-07T23:46:42.642+0000][165.191s][info][gc,metaspace   ] GC(33) Metaspace: 73211K(73984K)->73211K(73984K) NonClass: 63913K(64384K)->63913K(64384K) Class: 9297K(9600K)->9297K(9600K)
[2026-10-07T23:46:42.642+0000][165.191s][info][gc             ] GC(33) Pause Young (Allocation Failure) 64M->28M(65M) 10.519ms
[2026-10-07T23:46:42.642+0000][165.191s][info][gc,cpu         ] GC(33) User=0.01s Sys=0.00s Real=0.01s
[2026-10-07T23:46:46.919+0000][169.469s][info][gc,start       ] GC(34) Pause Young (Allocation Failure)
[2026-10-07T23:46:46.935+0000][169.484s][info][gc,heap        ] GC(34) PSYoungGen: 39913K(39936K)->1536K(37376K) Eden: 37376K(37376K)->0K(35840K) From: 2537K(2560K)->1536K(1536K)
[2026-10-07T23:46:46.935+0000][169.484s][info][gc,heap        ] GC(34) ParOldGen: 26672K(27136K)->28893K(29184K)
[2026-10-07T23:46:46.935+0000][169.484s][info][gc,metaspace   ] GC(34) Metaspace: 73219K(73984K)->73219K(73984K) NonClass: 63922K(64384K)->63922K(64384K) Class: 9297K(9600K)->9297K(9600K)
[2026-10-07T23:46:46.935+0000][169.484s][info][gc             ] GC(34) Pause Young (Allocation Failure) 65M->29M(65M) 15.480ms
[2026-10-07T23:46:46.935+0000][169.484s][info][gc,cpu         ] GC(34) User=0.02s Sys=0.00s Real=0.02s
[2026-10-07T23:46:51.308+0000][173.858s][info][gc,start       ] GC(35) Pause Young (Allocation Failure)
[2026-10-07T23:46:51.317+0000][173.867s][info][gc,heap        ] GC(35) PSYoungGen: 37376K(37376K)->1003K(35328K) Eden: 35840K(35840K)->0K(34304K) From: 1536K(1536K)->1003K(1024K)
[2026-10-07T23:46:51.317+0000][173.867s][info][gc,heap        ] GC(35) ParOldGen: 28893K(29184K)->30055K(30208K)
[2026-10-07T23:46:51.317+0000][173.867s][info][gc,metaspace   ] GC(35) Metaspace: 73224K(73984K)->73224K(73984K) NonClass: 63927K(64384K)->63927K(64384K) Class: 9297K(9600K)->9297K(9600K)
[2026-10-07T23:46:51.317+0000][173.867s][info][gc             ] GC(35) Pause Young (Allocation Failure) 64M->30M(64M) 9.109ms
[2026-10-07T23:46:51.318+0000][173.868s][info][gc,cpu         ] GC(35) User=0.00s Sys=0.00s Real=0.01s
[2026-10-07T23:46:55.545+0000][178.094s][info][gc,start       ] GC(36) Pause Young (Allocation Failure)
[2026-10-07T23:46:55.552+0000][178.101s][info][gc,heap        ] GC(36) PSYoungGen: 35307K(35328K)->713K(33792K) Eden: 34304K(34304K)->0K(32768K) From: 1003K(1024K)->713K(1024K)
[2026-10-07T23:46:55.552+0000][178.101s][info][gc,heap        ] GC(36) ParOldGen: 30055K(30208K)->30671K(30720K)
[2026-10-07T23:46:55.552+0000][178.101s][info][gc,metaspace   ] GC(36) Metaspace: 73244K(73984K)->73244K(73984K) NonClass: 63947K(64384K)->63947K(64384K) Class: 9297K(9600K)->9297K(9600K)
[2026-10-07T23:46:55.552+0000][178.101s][info][gc             ] GC(36) Pause Young (Allocation Failure) 63M->30M(63M) 7.173ms
[2026-10-07T23:46:55.552+0000][178.101s][info][gc,cpu         ] GC(36) User=0.01s Sys=0.00s Real=0.00s
[2026-10-07T23:46:59.615+0000][182.165s][info][gc,start       ] GC(37) Pause Young (Allocation Failure)
[2026-10-07T23:46:59.622+0000][182.171s][info][gc,heap        ] GC(37) PSYoungGen: 33481K(33792K)->560K(32768K) Eden: 32768K(32768K)->0K(31744K) From: 713K(1024K)->560K(1024K)
[2026-10-07T23:46:59.622+0000][182.171s][info][gc,heap        ] GC(37) ParOldGen: 30671K(30720K)->30983K(31232K)
[2026-10-07T23:46:59.622+0000][182.171s][info][gc,metaspace   ] GC(37) Metaspace: 73247K(73984K)->73247K(73984K) NonClass: 63950K(64384K)->63950K(64384K) Class: 9297K(9600K)->9297K(9600K)
[2026-10-07T23:46:59.622+0000][182.171s][info][gc             ] GC(37) Pause Young (Allocation Failure) 62M->30M(62M) 6.966ms
[2026-10-07T23:46:59.622+0000][182.172s][info][gc,cpu         ] GC(37) User=0.01s Sys=0.00s Real=0.00s
[2026-10-07T23:47:03.459+0000][186.009s][info][gc,start       ] GC(38) Pause Young (Allocation Failure)
[2026-10-07T23:47:03.466+0000][186.015s][info][gc,heap        ] GC(38) PSYoungGen: 32304K(32768K)->534K(31744K) Eden: 31744K(31744K)->0K(30720K) From: 560K(1024K)->534K(1024K)
[2026-10-07T23:47:03.466+0000][186.015s][info][gc,heap        ] GC(38) ParOldGen: 30983K(31232K)->31191K(31232K)
[2026-10-07T23:47:03.466+0000][186.015s][info][gc,metaspace   ] GC(38) Metaspace: 73256K(73984K)->73256K(73984K) NonClass: 63959K(64384K)->63959K(64384K) Class: 9297K(9600K)->9297K(9600K)
[2026-10-07T23:47:03.466+0000][186.015s][info][gc             ] GC(38) Pause Young (Allocation Failure) 61M->30M(61M) 6.547ms
[2026-10-07T23:47:03.466+0000][186.015s][info][gc,cpu         ] GC(38) User=0.00s Sys=0.00s Real=0.01s
[2026-10-07T23:47:07.329+0000][189.879s][info][gc,start       ] GC(39) Pause Young (Allocation Failure)
[2026-10-07T23:47:07.340+0000][189.890s][info][gc,heap        ] GC(39) PSYoungGen: 31254K(31744K)->448K(30208K) Eden: 30720K(30720K)->0K(29696K) From: 534K(1024K)->448K(512K)
[2026-10-07T23:47:07.340+0000][189.890s][info][gc,heap        ] GC(39) ParOldGen: 31191K(31232K)->31445K(31744K)
[2026-10-07T23:47:07.340+0000][189.890s][info][gc,metaspace   ] GC(39) Metaspace: 73262K(73984K)->73262K(73984K) NonClass: 63964K(64384K)->63964K(64384K) Class: 9297K(9600K)->9297K(9600K)
[2026-10-07T23:47:07.340+0000][189.890s][info][gc             ] GC(39) Pause Young (Allocation Failure) 60M->31M(60M) 11.097ms
[2026-10-07T23:47:07.340+0000][189.890s][info][gc,cpu         ] GC(39) User=0.01s Sys=0.00s Real=0.01s
[2026-10-07T23:47:11.046+0000][193.595s][info][gc,start       ] GC(40) Pause Young (Allocation Failure)
[2026-10-07T23:47:11.051+0000][193.601s][info][gc,heap        ] GC(40) PSYoungGen: 30144K(30208K)->485K(29184K) Eden: 29696K(29696K)->0K(28672K) From: 448K(512K)->485K(512K)
[2026-10-07T23:47:11.051+0000][193.601s][info][gc,heap        ] GC(40) ParOldGen: 31445K(31744K)->31509K(31744K)
[2026-10-07T23:47:11.051+0000][193.601s][info][gc,metaspace   ] GC(40) Metaspace: 73267K(73984K)->73267K(73984K) NonClass: 63969K(64384K)->63969K(64384K) Class: 9297K(9600K)->9297K(9600K)
[2026-10-07T23:47:11.051+0000][193.601s][info][gc             ] GC(40) Pause Young (Allocation Failure) 60M->31M(59M) 5.614ms
[2026-10-07T23:47:11.052+0000][193.601s][info][gc,cpu         ] GC(40) User=0.00s Sys=0.00s Real=0.00s
[2026-10-07T23:47:14.600+0000][197.150s][info][gc,start       ] GC(41) Pause Young (Allocation Failure)
[2026-10-07T23:47:14.606+0000][197.155s][info][gc,heap        ] GC(41) PSYoungGen: 29157K(29184K)->422K(30720K) Eden: 28672K(28672K)->0K(27648K) From: 485K(512K)->422K(3072K)
[2026-10-07T23:47:14.606+0000][197.155s][info][gc,heap        ] GC(41) ParOldGen: 31509K(31744K)->31597K(31744K)
[2026-10-07T23:47:14.606+0000][197.155s][info][gc,metaspace   ] GC(41) Metaspace: 73294K(74048K)->73294K(74048K) NonClass: 63997K(64448K)->63997K(64448K) Class: 9297K(9600K)->9297K(9600K)
[2026-10-07T23:47:14.606+0000][197.155s][info][gc             ] GC(41) Pause Young (Allocation Failure) 59M->31M(61M) 5.327ms
[2026-10-07T23:47:14.606+0000][197.155s][info][gc,cpu         ] GC(41) User=0.01s Sys=0.00s Real=0.01s
[2026-10-07T23:47:17.961+0000][200.510s][info][gc,start       ] GC(42) Pause Young (Allocation Failure)
[2026-10-07T23:47:17.966+0000][200.515s][info][gc,heap        ] GC(42) PSYoungGen: 28070K(30720K)->391K(27136K) Eden: 27648K(27648K)->0K(26624K) From: 422K(3072K)->391K(512K)
[2026-10-07T23:47:17.966+0000][200.516s][info][gc,heap        ] GC(42) ParOldGen: 31597K(31744K)->31720K(31744K)
[2026-10-07T23:47:17.966+0000][200.516s][info][gc,metaspace   ] GC(42) Metaspace: 73311K(74048K)->73311K(74048K) NonClass: 64013K(64448K)->64013K(64448K) Class: 9297K(9600K)->9297K(9600K)
[2026-10-07T23:47:17.966+0000][200.516s][info][gc             ] GC(42) Pause Young (Allocation Failure) 58M->31M(57M) 5.425ms
[2026-10-07T23:47:17.967+0000][200.517s][info][gc,cpu         ] GC(42) User=0.00s Sys=0.00s Real=0.01s
[2026-10-07T23:47:21.342+0000][203.891s][info][gc,start       ] GC(43) Pause Young (Allocation Failure)
[2026-10-07T23:47:21.347+0000][203.897s][info][gc,heap        ] GC(43) PSYoungGen: 27015K(27136K)->352K(28160K) Eden: 26624K(26624K)->0K(25600K) From: 391K(512K)->352K(2560K)
[2026-10-07T23:47:21.347+0000][203.897s][info][gc,heap        ] GC(43) ParOldGen: 31720K(31744K)->31889K(32256K)
[2026-10-07T23:47:21.347+0000][203.897s][info][gc,metaspace   ] GC(43) Metaspace: 73318K(74048K)->73318K(74048K) NonClass: 64020K(64448K)->64020K(64448K) Class: 9297K(9600K)->9297K(9600K)
[2026-10-07T23:47:21.347+0000][203.897s][info][gc             ] GC(43) Pause Young (Allocation Failure) 57M->31M(59M) 5.446ms
[2026-10-07T23:47:21.347+0000][203.897s][info][gc,cpu         ] GC(43) User=0.00s Sys=0.00s Real=0.01s
[2026-10-07T23:47:24.505+0000][207.055s][info][gc,start       ] GC(44) Pause Young (Allocation Failure)
[2026-10-07T23:47:24.511+0000][207.061s][info][gc,heap        ] GC(44) PSYoungGen: 25952K(28160K)->399K(25088K) Eden: 25600K(25600K)->0K(24576K) From: 352K(2560K)->399K(512K)
[2026-10-07T23:47:24.512+0000][207.061s][info][gc,heap        ] GC(44) ParOldGen: 31889K(32256K)->31945K(32256K)
[2026-10-07T23:47:24.512+0000][207.061s][info][gc,metaspace   ] GC(44) Metaspace: 73327K(74048K)->73327K(74048K) NonClass: 64029K(64448K)->64029K(64448K) Class: 9297K(9600K)->9297K(9600K)
[2026-10-07T23:47:24.512+0000][207.062s][info][gc             ] GC(44) Pause Young (Allocation Failure) 56M->31M(56M) 7.027ms
[2026-10-07T23:47:24.512+0000][207.062s][info][gc,cpu         ] GC(44) User=0.01s Sys=0.00s Real=0.00s
[2026-10-07T23:47:27.575+0000][210.124s][info][gc,start       ] GC(45) Pause Young (Allocation Failure)
[2026-10-07T23:47:27.580+0000][210.129s][info][gc,heap        ] GC(45) PSYoungGen: 24975K(25088K)->320K(26112K) Eden: 24576K(24576K)->0K(23552K) From: 399K(512K)->320K(2560K)
[2026-10-07T23:47:27.580+0000][210.129s][info][gc,heap        ] GC(45) ParOldGen: 31945K(32256K)->32105K(32256K)
[2026-10-07T23:47:27.580+0000][210.129s][info][gc,metaspace   ] GC(45) Metaspace: 73327K(74048K)->73327K(74048K) NonClass: 64029K(64448K)->64029K(64448K) Class: 9297K(9600K)->9297K(9600K)
[2026-10-07T23:47:27.580+0000][210.130s][info][gc             ] GC(45) Pause Young (Allocation Failure) 55M->31M(57M) 5.265ms
[2026-10-07T23:47:27.580+0000][210.130s][info][gc,cpu         ] GC(45) User=0.00s Sys=0.00s Real=0.00s
[2026-10-07T23:47:30.529+0000][213.078s][info][gc,start       ] GC(46) Pause Young (Allocation Failure)
[2026-10-07T23:47:30.534+0000][213.083s][info][gc,heap        ] GC(46) PSYoungGen: 23872K(26112K)->377K(23040K) Eden: 23552K(23552K)->0K(22528K) From: 320K(2560K)->377K(512K)
[2026-10-07T23:47:30.534+0000][213.083s][info][gc,heap        ] GC(46) ParOldGen: 32105K(32256K)->32153K(32256K)
[2026-10-07T23:47:30.534+0000][213.083s][info][gc,metaspace   ] GC(46) Metaspace: 73333K(74048K)->73333K(74048K) NonClass: 64036K(64448K)->64036K(64448K) Class: 9297K(9600K)->9297K(9600K)
[2026-10-07T23:47:30.534+0000][213.083s][info][gc             ] GC(46) Pause Young (Allocation Failure) 54M->31M(54M) 5.448ms
[2026-10-07T23:47:30.534+0000][213.083s][info][gc,cpu         ] GC(46) User=0.00s Sys=0.00s Real=0.01s
[2026-10-07T23:47:33.263+0000][215.812s][info][gc,start       ] GC(47) Pause Young (Allocation Failure)
[2026-10-07T23:47:33.268+0000][215.818s][info][gc,heap        ] GC(47) PSYoungGen: 22905K(23040K)->340K(24576K) Eden: 22528K(22528K)->0K(22016K) From: 377K(512K)->340K(2560K)
[2026-10-07T23:47:33.268+0000][215.818s][info][gc,heap        ] GC(47) ParOldGen: 32153K(32256K)->32213K(32256K)
[2026-10-07T23:47:33.268+0000][215.818s][info][gc,metaspace   ] GC(47) Metaspace: 73342K(74048K)->73342K(74048K) NonClass: 64044K(64448K)->64044K(64448K) Class: 9297K(9600K)->9297K(9600K)
[2026-10-07T23:47:33.268+0000][215.818s][info][gc             ] GC(47) Pause Young (Allocation Failure) 53M->31M(55M) 5.750ms
[2026-10-07T23:47:33.268+0000][215.818s][info][gc,cpu         ] GC(47) User=0.01s Sys=0.01s Real=0.01s
[2026-10-07T23:47:36.048+0000][218.597s][info][gc,start       ] GC(48) Pause Young (Allocation Failure)
[2026-10-07T23:47:36.054+0000][218.603s][info][gc,heap        ] GC(48) PSYoungGen: 22356K(24576K)->320K(22016K) Eden: 22016K(22016K)->0K(21504K) From: 340K(2560K)->320K(512K)
[2026-10-07T23:47:36.054+0000][218.603s][info][gc,heap        ] GC(48) ParOldGen: 32213K(32256K)->32345K(32768K)
[2026-10-07T23:47:36.054+0000][218.603s][info][gc,metaspace   ] GC(48) Metaspace: 73349K(74048K)->73349K(74048K) NonClass: 64051K(64448K)->64051K(64448K) Class: 9297K(9600K)->9297K(9600K)
[2026-10-07T23:47:36.054+0000][218.604s][info][gc             ] GC(48) Pause Young (Allocation Failure) 53M->31M(53M) 6.596ms
[2026-10-07T23:47:36.054+0000][218.604s][info][gc,cpu         ] GC(48) User=0.01s Sys=0.01s Real=0.01s
[2026-10-07T23:47:38.689+0000][221.238s][info][gc,start       ] GC(49) Pause Young (Allocation Failure)
[2026-10-07T23:47:38.694+0000][221.243s][info][gc,heap        ] GC(49) PSYoungGen: 21824K(22016K)->347K(23040K) Eden: 21504K(21504K)->0K(20992K) From: 320K(512K)->347K(2048K)
[2026-10-07T23:47:38.694+0000][221.243s][info][gc,heap        ] GC(49) ParOldGen: 32345K(32768K)->32385K(32768K)
[2026-10-07T23:47:38.694+0000][221.243s][info][gc,metaspace   ] GC(49) Metaspace: 73358K(74112K)->73358K(74112K) NonClass: 64060K(64512K)->64060K(64512K) Class: 9298K(9600K)->9298K(9600K)
[2026-10-07T23:47:38.694+0000][221.243s][info][gc             ] GC(49) Pause Young (Allocation Failure) 52M->31M(54M) 5.348ms
[2026-10-07T23:47:38.694+0000][221.243s][info][gc,cpu         ] GC(49) User=0.00s Sys=0.00s Real=0.01s
[2026-10-07T23:47:41.334+0000][223.883s][info][gc,start       ] GC(50) Pause Young (Allocation Failure)
[2026-10-07T23:47:41.339+0000][223.888s][info][gc,heap        ] GC(50) PSYoungGen: 21339K(23040K)->288K(20992K) Eden: 20992K(20992K)->0K(20480K) From: 347K(2048K)->288K(512K)
[2026-10-07T23:47:41.339+0000][223.888s][info][gc,heap        ] GC(50) ParOldGen: 32385K(32768K)->32525K(32768K)
[2026-10-07T23:47:41.339+0000][223.888s][info][gc,metaspace   ] GC(50) Metaspace: 73372K(74112K)->73372K(74112K) NonClass: 64074K(64512K)->64074K(64512K) Class: 9298K(9600K)->9298K(9600K)
[2026-10-07T23:47:41.339+0000][223.888s][info][gc             ] GC(50) Pause Young (Allocation Failure) 52M->32M(52M) 5.140ms
[2026-10-07T23:47:41.339+0000][223.888s][info][gc,cpu         ] GC(50) User=0.01s Sys=0.00s Real=0.00s
[2026-10-07T23:47:43.878+0000][226.427s][info][gc,start       ] GC(51) Pause Young (Allocation Failure)
[2026-10-07T23:47:43.885+0000][226.434s][info][gc,heap        ] GC(51) PSYoungGen: 20768K(20992K)->280K(22016K) Eden: 20480K(20480K)->0K(19968K) From: 288K(512K)->280K(2048K)
[2026-10-07T23:47:43.885+0000][226.434s][info][gc,heap        ] GC(51) ParOldGen: 32525K(32768K)->32605K(32768K)
[2026-10-07T23:47:43.885+0000][226.434s][info][gc,metaspace   ] GC(51) Metaspace: 73391K(74112K)->73391K(74112K) NonClass: 64092K(64512K)->64092K(64512K) Class: 9298K(9600K)->9298K(9600K)
[2026-10-07T23:47:43.885+0000][226.434s][info][gc             ] GC(51) Pause Young (Allocation Failure) 52M->32M(53M) 7.173ms
[2026-10-07T23:47:43.885+0000][226.434s][info][gc,cpu         ] GC(51) User=0.00s Sys=0.00s Real=0.01s
[2026-10-07T23:47:46.369+0000][228.918s][info][gc,start       ] GC(52) Pause Young (Allocation Failure)
[2026-10-07T23:47:46.375+0000][228.925s][info][gc,heap        ] GC(52) PSYoungGen: 20248K(22016K)->288K(19968K) Eden: 19968K(19968K)->0K(19456K) From: 280K(2048K)->288K(512K)
[2026-10-07T23:47:46.375+0000][228.925s][info][gc,heap        ] GC(52) ParOldGen: 32605K(32768K)->32722K(32768K)
[2026-10-07T23:47:46.375+0000][228.925s][info][gc,metaspace   ] GC(52) Metaspace: 73398K(74112K)->73398K(74112K) NonClass: 64100K(64512K)->64100K(64512K) Class: 9298K(9600K)->9298K(9600K)
[2026-10-07T23:47:46.375+0000][228.925s][info][gc             ] GC(52) Pause Young (Allocation Failure) 51M->32M(51M) 6.477ms
[2026-10-07T23:47:46.375+0000][228.925s][info][gc,cpu         ] GC(52) User=0.00s Sys=0.01s Real=0.01s
[2026-10-07T23:47:48.727+0000][231.277s][info][gc,start       ] GC(53) Pause Young (Allocation Failure)
[2026-10-07T23:47:48.732+0000][231.281s][info][gc,heap        ] GC(53) PSYoungGen: 19744K(19968K)->291K(20992K) Eden: 19456K(19456K)->0K(18944K) From: 288K(512K)->291K(2048K)
[2026-10-07T23:47:48.732+0000][231.282s][info][gc,heap        ] GC(53) ParOldGen: 32722K(32768K)->32810K(33280K)
[2026-10-07T23:47:48.732+0000][231.282s][info][gc,metaspace   ] GC(53) Metaspace: 73403K(74112K)->73403K(74112K) NonClass: 64104K(64512K)->64104K(64512K) Class: 9298K(9600K)->9298K(9600K)
[2026-10-07T23:47:48.732+0000][231.282s][info][gc             ] GC(53) Pause Young (Allocation Failure) 51M->32M(53M) 4.977ms
[2026-10-07T23:47:48.732+0000][231.282s][info][gc,cpu         ] GC(53) User=0.00s Sys=0.00s Real=0.00s
[2026-10-07T23:47:51.118+0000][233.667s][info][gc,start       ] GC(54) Pause Young (Allocation Failure)
[2026-10-07T23:47:51.123+0000][233.672s][info][gc,heap        ] GC(54) PSYoungGen: 19235K(20992K)->288K(18944K) Eden: 18944K(18944K)->0K(18432K) From: 291K(2048K)->288K(512K)
[2026-10-07T23:47:51.123+0000][233.672s][info][gc,heap        ] GC(54) ParOldGen: 32810K(33280K)->32958K(33280K)
[2026-10-07T23:47:51.123+0000][233.672s][info][gc,metaspace   ] GC(54) Metaspace: 73410K(74112K)->73410K(74112K) NonClass: 64112K(64512K)->64112K(64512K) Class: 9298K(9600K)->9298K(9600K)
[2026-10-07T23:47:51.123+0000][233.672s][info][gc             ] GC(54) Pause Young (Allocation Failure) 50M->32M(51M) 5.032ms
[2026-10-07T23:47:51.123+0000][233.672s][info][gc,cpu         ] GC(54) User=0.01s Sys=0.00s Real=0.00s
[2026-10-07T23:47:53.364+0000][235.913s][info][gc,start       ] GC(55) Pause Young (Allocation Failure)
[2026-10-07T23:47:53.370+0000][235.919s][info][gc,heap        ] GC(55) PSYoungGen: 18720K(18944K)->314K(19456K) Eden: 18432K(18432K)->0K(17920K) From: 288K(512K)->314K(1536K)
[2026-10-07T23:47:53.370+0000][235.919s][info][gc,heap        ] GC(55) ParOldGen: 32958K(33280K)->33026K(33280K)
[2026-10-07T23:47:53.370+0000][235.919s][info][gc,metaspace   ] GC(55) Metaspace: 73411K(74112K)->73411K(74112K) NonClass: 64113K(64512K)->64113K(64512K) Class: 9298K(9600K)->9298K(9600K)
[2026-10-07T23:47:53.370+0000][235.919s][info][gc             ] GC(55) Pause Young (Allocation Failure) 50M->32M(51M) 6.090ms
[2026-10-07T23:47:53.370+0000][235.919s][info][gc,cpu         ] GC(55) User=0.01s Sys=0.00s Real=0.00s
[2026-10-07T23:47:55.621+0000][238.170s][info][gc,start       ] GC(56) Pause Young (Allocation Failure)
[2026-10-07T23:47:55.628+0000][238.177s][info][gc,heap        ] GC(56) PSYoungGen: 18234K(19456K)->256K(17920K) Eden: 17920K(17920K)->0K(17408K) From: 314K(1536K)->256K(512K)
[2026-10-07T23:47:55.628+0000][238.177s][info][gc,heap        ] GC(56) ParOldGen: 33026K(33280K)->33172K(33280K)
[2026-10-07T23:47:55.628+0000][238.177s][info][gc,metaspace   ] GC(56) Metaspace: 73427K(74112K)->73427K(74112K) NonClass: 64129K(64512K)->64129K(64512K) Class: 9298K(9600K)->9298K(9600K)
[2026-10-07T23:47:55.628+0000][238.177s][info][gc             ] GC(56) Pause Young (Allocation Failure) 50M->32M(50M) 6.993ms
[2026-10-07T23:47:55.628+0000][238.177s][info][gc,cpu         ] GC(56) User=0.01s Sys=0.00s Real=0.01s
[2026-10-07T23:47:57.728+0000][240.278s][info][gc,start       ] GC(57) Pause Young (Allocation Failure)
[2026-10-07T23:47:57.734+0000][240.284s][info][gc,heap        ] GC(57) PSYoungGen: 17664K(17920K)->265K(18432K) Eden: 17408K(17408K)->0K(16896K) From: 256K(512K)->265K(1536K)
[2026-10-07T23:47:57.734+0000][240.284s][info][gc,heap        ] GC(57) ParOldGen: 33172K(33280K)->33236K(33280K)
[2026-10-07T23:47:57.734+0000][240.284s][info][gc,metaspace   ] GC(57) Metaspace: 73429K(74112K)->73429K(74112K) NonClass: 64130K(64512K)->64130K(64512K) Class: 9298K(9600K)->9298K(9600K)
[2026-10-07T23:47:57.734+0000][240.284s][info][gc             ] GC(57) Pause Young (Allocation Failure) 49M->32M(50M) 6.244ms
[2026-10-07T23:47:57.735+0000][240.284s][info][gc,cpu         ] GC(57) User=0.01s Sys=0.00s Real=0.01s
[2026-10-07T23:47:59.852+0000][242.402s][info][gc,start       ] GC(58) Pause Young (Allocation Failure)
[2026-10-07T23:47:59.857+0000][242.406s][info][gc,heap        ] GC(58) PSYoungGen: 17161K(18432K)->256K(16896K) Eden: 16896K(16896K)->0K(16384K) From: 265K(1536K)->256K(512K)
[2026-10-07T23:47:59.857+0000][242.406s][info][gc,heap        ] GC(58) ParOldGen: 33236K(33280K)->33346K(33792K)
[2026-10-07T23:47:59.857+0000][242.406s][info][gc,metaspace   ] GC(58) Metaspace: 73429K(74112K)->73429K(74112K) NonClass: 64130K(64512K)->64130K(64512K) Class: 9298K(9600K)->9298K(9600K)
[2026-10-07T23:47:59.857+0000][242.406s][info][gc             ] GC(58) Pause Young (Allocation Failure) 49M->32M(49M) 4.329ms
[2026-10-07T23:47:59.857+0000][242.406s][info][gc,cpu         ] GC(58) User=0.00s Sys=0.00s Real=0.01s
[2026-10-07T23:48:01.832+0000][244.382s][info][gc,start       ] GC(59) Pause Young (Allocation Failure)
[2026-10-07T23:48:01.839+0000][244.388s][info][gc,heap        ] GC(59) PSYoungGen: 16640K(16896K)->249K(17408K) Eden: 16384K(16384K)->0K(15872K) From: 256K(512K)->249K(1536K)
[2026-10-07T23:48:01.839+0000][244.388s][info][gc,heap        ] GC(59) ParOldGen: 33346K(33792K)->33454K(33792K)
[2026-10-07T23:48:01.839+0000][244.388s][info][gc,metaspace   ] GC(59) Metaspace: 73431K(74112K)->73431K(74112K) NonClass: 64133K(64512K)->64133K(64512K) Class: 9298K(9600K)->9298K(9600K)
[2026-10-07T23:48:01.839+0000][244.388s][info][gc             ] GC(59) Pause Young (Allocation Failure) 48M->32M(50M) 6.394ms
[2026-10-07T23:48:01.839+0000][244.388s][info][gc,cpu         ] GC(59) User=0.00s Sys=0.00s Real=0.01s
[2026-10-07T23:48:03.810+0000][246.359s][info][gc,start       ] GC(60) Pause Young (Allocation Failure)
[2026-10-07T23:48:03.820+0000][246.370s][info][gc,heap        ] GC(60) PSYoungGen: 16121K(17408K)->247K(15872K) Eden: 15872K(15872K)->0K(15360K) From: 249K(1536K)->247K(512K)
[2026-10-07T23:48:03.820+0000][246.370s][info][gc,heap        ] GC(60) ParOldGen: 33454K(33792K)->33502K(33792K)
[2026-10-07T23:48:03.820+0000][246.370s][info][gc,metaspace   ] GC(60) Metaspace: 73431K(74112K)->73431K(74112K) NonClass: 64133K(64512K)->64133K(64512K) Class: 9298K(9600K)->9298K(9600K)
[2026-10-07T23:48:03.821+0000][246.370s][info][gc             ] GC(60) Pause Young (Allocation Failure) 48M->32M(48M) 10.428ms
[2026-10-07T23:48:03.822+0000][246.372s][info][gc,cpu         ] GC(60) User=0.00s Sys=0.00s Real=0.01s
[2026-10-07T23:48:05.732+0000][248.282s][info][gc,start       ] GC(61) Pause Young (Allocation Failure)
[2026-10-07T23:48:05.741+0000][248.290s][info][gc,heap        ] GC(61) PSYoungGen: 15607K(15872K)->224K(16384K) Eden: 15360K(15360K)->0K(14848K) From: 247K(512K)->224K(1536K)
[2026-10-07T23:48:05.741+0000][248.290s][info][gc,heap        ] GC(61) ParOldGen: 33502K(33792K)->33630K(33792K)
[2026-10-07T23:48:05.741+0000][248.290s][info][gc,metaspace   ] GC(61) Metaspace: 73433K(74112K)->73433K(74112K) NonClass: 64135K(64512K)->64135K(64512K) Class: 9298K(9600K)->9298K(9600K)
[2026-10-07T23:48:05.741+0000][248.290s][info][gc             ] GC(61) Pause Young (Allocation Failure) 47M->33M(49M) 8.829ms
[2026-10-07T23:48:05.741+0000][248.291s][info][gc,cpu         ] GC(61) User=0.00s Sys=0.00s Real=0.01s
[2026-10-07T23:48:07.548+0000][250.098s][info][gc,start       ] GC(62) Pause Young (Allocation Failure)
[2026-10-07T23:48:07.554+0000][250.103s][info][gc,heap        ] GC(62) PSYoungGen: 15072K(16384K)->192K(14848K) Eden: 14848K(14848K)->0K(14336K) From: 224K(1536K)->192K(512K)
[2026-10-07T23:48:07.554+0000][250.104s][info][gc,heap        ] GC(62) ParOldGen: 33630K(33792K)->33714K(33792K)
[2026-10-07T23:48:07.554+0000][250.104s][info][gc,metaspace   ] GC(62) Metaspace: 73434K(74112K)->73434K(74112K) NonClass: 64136K(64512K)->64136K(64512K) Class: 9298K(9600K)->9298K(9600K)
[2026-10-07T23:48:07.554+0000][250.104s][info][gc             ] GC(62) Pause Young (Allocation Failure) 47M->33M(47M) 5.948ms
[2026-10-07T23:48:07.554+0000][250.104s][info][gc,cpu         ] GC(62) User=0.00s Sys=0.00s Real=0.01s
[2026-10-07T23:48:09.340+0000][251.889s][info][gc,start       ] GC(63) Pause Young (Allocation Failure)
[2026-10-07T23:48:09.344+0000][251.894s][info][gc,heap        ] GC(63) PSYoungGen: 14528K(14848K)->293K(15360K) Eden: 14336K(14336K)->0K(13824K) From: 192K(512K)->293K(1536K)
[2026-10-07T23:48:09.345+0000][251.894s][info][gc,heap        ] GC(63) ParOldGen: 33714K(33792K)->33774K(33792K)
[2026-10-07T23:48:09.345+0000][251.894s][info][gc,metaspace   ] GC(63) Metaspace: 73440K(74112K)->73440K(74112K) NonClass: 64142K(64512K)->64142K(64512K) Class: 9298K(9600K)->9298K(9600K)
[2026-10-07T23:48:09.345+0000][251.894s][info][gc             ] GC(63) Pause Young (Allocation Failure) 47M->33M(48M) 4.815ms
[2026-10-07T23:48:09.345+0000][251.895s][info][gc,cpu         ] GC(63) User=0.00s Sys=0.00s Real=0.01s
[2026-10-07T23:48:11.101+0000][253.651s][info][gc,start       ] GC(64) Pause Young (Allocation Failure)
[2026-10-07T23:48:11.106+0000][253.655s][info][gc,heap        ] GC(64) PSYoungGen: 14117K(15360K)->224K(13824K) Eden: 13824K(13824K)->0K(13312K) From: 293K(1536K)->224K(512K)
[2026-10-07T23:48:11.106+0000][253.655s][info][gc,heap        ] GC(64) ParOldGen: 33774K(33792K)->33932K(34304K)
[2026-10-07T23:48:11.106+0000][253.655s][info][gc,metaspace   ] GC(64) Metaspace: 73442K(74112K)->73442K(74112K) NonClass: 64144K(64512K)->64144K(64512K) Class: 9298K(9600K)->9298K(9600K)
[2026-10-07T23:48:11.106+0000][253.655s][info][gc             ] GC(64) Pause Young (Allocation Failure) 46M->33M(47M) 4.425ms
[2026-10-07T23:48:11.106+0000][253.655s][info][gc,cpu         ] GC(64) User=0.00s Sys=0.00s Real=0.01s
[2026-10-07T23:48:12.716+0000][255.266s][info][gc,start       ] GC(65) Pause Young (Allocation Failure)
[2026-10-07T23:48:12.720+0000][255.269s][info][gc,heap        ] GC(65) PSYoungGen: 13535K(13824K)->288K(13824K) Eden: 13311K(13312K)->0K(12800K) From: 224K(512K)->288K(1024K)
[2026-10-07T23:48:12.720+0000][255.269s][info][gc,heap        ] GC(65) ParOldGen: 33932K(34304K)->34032K(34304K)
[2026-10-07T23:48:12.720+0000][255.269s][info][gc,metaspace   ] GC(65) Metaspace: 73445K(74112K)->73445K(74112K) NonClass: 64147K(64512K)->64147K(64512K) Class: 9298K(9600K)->9298K(9600K)
[2026-10-07T23:48:12.720+0000][255.269s][info][gc             ] GC(65) Pause Young (Allocation Failure) 46M->33M(47M) 3.703ms
[2026-10-07T23:48:12.720+0000][255.269s][info][gc,cpu         ] GC(65) User=0.00s Sys=0.00s Real=0.00s
[2026-10-07T23:48:14.307+0000][256.856s][info][gc,start       ] GC(66) Pause Young (Allocation Failure)
[2026-10-07T23:48:14.315+0000][256.864s][info][gc,heap        ] GC(66) PSYoungGen: 13088K(13824K)->251K(12800K) Eden: 12800K(12800K)->0K(12288K) From: 288K(1024K)->251K(512K)
[2026-10-07T23:48:14.315+0000][256.864s][info][gc,heap        ] GC(66) ParOldGen: 34032K(34304K)->34108K(34304K)
[2026-10-07T23:48:14.315+0000][256.864s][info][gc,metaspace   ] GC(66) Metaspace: 73451K(74112K)->73451K(74112K) NonClass: 64153K(64512K)->64153K(64512K) Class: 9298K(9600K)->9298K(9600K)
[2026-10-07T23:48:14.315+0000][256.864s][info][gc             ] GC(66) Pause Young (Allocation Failure) 46M->33M(46M) 8.422ms
[2026-10-07T23:48:14.316+0000][256.865s][info][gc,cpu         ] GC(66) User=0.01s Sys=0.00s Real=0.01s
[2026-10-07T23:48:15.876+0000][258.426s][info][gc,start       ] GC(67) Pause Young (Allocation Failure)
[2026-10-07T23:48:15.879+0000][258.428s][info][gc,heap        ] GC(67) PSYoungGen: 12539K(12800K)->192K(13312K) Eden: 12288K(12288K)->0K(12288K) From: 251K(512K)->192K(1024K)
[2026-10-07T23:48:15.879+0000][258.428s][info][gc,heap        ] GC(67) ParOldGen: 34108K(34304K)->34276K(34304K)
[2026-10-07T23:48:15.879+0000][258.429s][info][gc,metaspace   ] GC(67) Metaspace: 73452K(74112K)->73452K(74112K) NonClass: 64154K(64512K)->64154K(64512K) Class: 9298K(9600K)->9298K(9600K)
[2026-10-07T23:48:15.880+0000][258.429s][info][gc             ] GC(67) Pause Young (Allocation Failure) 45M->33M(46M) 3.388ms
[2026-10-07T23:48:15.880+0000][258.429s][info][gc,cpu         ] GC(67) User=0.00s Sys=0.00s Real=0.00s
[2026-10-07T23:48:17.296+0000][259.845s][info][gc,start       ] GC(68) Pause Young (Allocation Failure)
[2026-10-07T23:48:17.299+0000][259.848s][info][gc,heap        ] GC(68) PSYoungGen: 12480K(13312K)->192K(12800K) Eden: 12288K(12288K)->0K(12288K) From: 192K(1024K)->192K(512K)
[2026-10-07T23:48:17.299+0000][259.848s][info][gc,heap        ] GC(68) ParOldGen: 34276K(34304K)->34352K(34816K)
[2026-10-07T23:48:17.299+0000][259.848s][info][gc,metaspace   ] GC(68) Metaspace: 73459K(74176K)->73459K(74176K) NonClass: 64161K(64576K)->64161K(64576K) Class: 9298K(9600K)->9298K(9600K)
[2026-10-07T23:48:17.299+0000][259.848s][info][gc             ] GC(68) Pause Young (Allocation Failure) 45M->33M(46M) 2.641ms
[2026-10-07T23:48:17.299+0000][259.848s][info][gc,cpu         ] GC(68) User=0.00s Sys=0.00s Real=0.00s
[2026-10-07T23:48:18.837+0000][261.387s][info][gc,start       ] GC(69) Pause Young (Allocation Failure)
[2026-10-07T23:48:18.846+0000][261.395s][info][gc,heap        ] GC(69) PSYoungGen: 12480K(12800K)->234K(13312K) Eden: 12288K(12288K)->0K(12288K) From: 192K(512K)->234K(1024K)
[2026-10-07T23:48:18.846+0000][261.395s][info][gc,heap        ] GC(69) ParOldGen: 34352K(34816K)->34466K(34816K)
[2026-10-07T23:48:18.846+0000][261.395s][info][gc,metaspace   ] GC(69) Metaspace: 73470K(74240K)->73470K(74240K) NonClass: 64171K(64640K)->64171K(64640K) Class: 9298K(9600K)->9298K(9600K)
[2026-10-07T23:48:18.846+0000][261.395s][info][gc             ] GC(69) Pause Young (Allocation Failure) 45M->33M(47M) 8.784ms
[2026-10-07T23:48:18.846+0000][261.396s][info][gc,cpu         ] GC(69) User=0.00s Sys=0.00s Real=0.01s
[2026-10-07T23:48:20.390+0000][262.939s][info][gc,start       ] GC(70) Pause Young (Allocation Failure)
[2026-10-07T23:48:20.395+0000][262.944s][info][gc,heap        ] GC(70) PSYoungGen: 12522K(13312K)->192K(12800K) Eden: 12288K(12288K)->0K(12288K) From: 234K(1024K)->192K(512K)
[2026-10-07T23:48:20.395+0000][262.944s][info][gc,heap        ] GC(70) ParOldGen: 34466K(34816K)->34605K(34816K)
[2026-10-07T23:48:20.395+0000][262.944s][info][gc,metaspace   ] GC(70) Metaspace: 73476K(74240K)->73476K(74240K) NonClass: 64178K(64640K)->64178K(64640K) Class: 9298K(9600K)->9298K(9600K)
[2026-10-07T23:48:20.395+0000][262.944s][info][gc             ] GC(70) Pause Young (Allocation Failure) 45M->33M(46M) 5.159ms
[2026-10-07T23:48:20.395+0000][262.944s][info][gc,cpu         ] GC(70) User=0.01s Sys=0.00s Real=0.01s
[2026-10-07T23:48:21.879+0000][264.428s][info][gc,start       ] GC(71) Pause Young (Allocation Failure)
[2026-10-07T23:48:21.884+0000][264.433s][info][gc,heap        ] GC(71) PSYoungGen: 12480K(12800K)->192K(13312K) Eden: 12288K(12288K)->0K(12288K) From: 192K(512K)->192K(1024K)
[2026-10-07T23:48:21.884+0000][264.433s][info][gc,heap        ] GC(71) ParOldGen: 34605K(34816K)->34710K(34816K)
[2026-10-07T23:48:21.884+0000][264.433s][info][gc,metaspace   ] GC(71) Metaspace: 73480K(74240K)->73480K(74240K) NonClass: 64182K(64640K)->64182K(64640K) Class: 9298K(9600K)->9298K(9600K)
[2026-10-07T23:48:21.884+0000][264.434s][info][gc             ] GC(71) Pause Young (Allocation Failure) 45M->34M(47M) 5.082ms
[2026-10-07T23:48:21.884+0000][264.434s][info][gc,cpu         ] GC(71) User=0.00s Sys=0.00s Real=0.01s
[2026-10-07T23:48:23.406+0000][265.956s][info][gc,start       ] GC(72) Pause Young (Allocation Failure)
[2026-10-07T23:48:23.411+0000][265.961s][info][gc,heap        ] GC(72) PSYoungGen: 12480K(13312K)->208K(12800K) Eden: 12288K(12288K)->0K(12288K) From: 192K(1024K)->208K(512K)
[2026-10-07T23:48:23.412+0000][265.961s][info][gc,heap        ] GC(72) ParOldGen: 34710K(34816K)->34762K(34816K)
[2026-10-07T23:48:23.412+0000][265.961s][info][gc,metaspace   ] GC(72) Metaspace: 73483K(74240K)->73483K(74240K) NonClass: 64185K(64640K)->64185K(64640K) Class: 9298K(9600K)->9298K(9600K)
[2026-10-07T23:48:23.412+0000][265.961s][info][gc             ] GC(72) Pause Young (Allocation Failure) 46M->34M(46M) 5.215ms
[2026-10-07T23:48:23.412+0000][265.961s][info][gc,cpu         ] GC(72) User=0.01s Sys=0.00s Real=0.00s
[2026-10-07T23:48:24.949+0000][267.498s][info][gc,start       ] GC(73) Pause Young (Allocation Failure)
[2026-10-07T23:48:24.954+0000][267.503s][info][gc,heap        ] GC(73) PSYoungGen: 12496K(12800K)->192K(13312K) Eden: 12288K(12288K)->0K(12288K) From: 208K(512K)->192K(1024K)
[2026-10-07T23:48:24.954+0000][267.503s][info][gc,heap        ] GC(73) ParOldGen: 34762K(34816K)->34878K(35328K)
[2026-10-07T23:48:24.954+0000][267.503s][info][gc,metaspace   ] GC(73) Metaspace: 73488K(74240K)->73488K(74240K) NonClass: 64189K(64640K)->64189K(64640K) Class: 9298K(9600K)->9298K(9600K)
[2026-10-07T23:48:24.954+0000][267.503s][info][gc             ] GC(73) Pause Young (Allocation Failure) 46M->34M(47M) 4.910ms
[2026-10-07T23:48:24.954+0000][267.503s][info][gc,cpu         ] GC(73) User=0.00s Sys=0.00s Real=0.01s
[2026-10-07T23:48:26.480+0000][269.029s][info][gc,start       ] GC(74) Pause Young (Allocation Failure)
[2026-10-07T23:48:26.488+0000][269.037s][info][gc,heap        ] GC(74) PSYoungGen: 12480K(13312K)->224K(12800K) Eden: 12288K(12288K)->0K(12288K) From: 192K(1024K)->224K(512K)
[2026-10-07T23:48:26.488+0000][269.037s][info][gc,heap        ] GC(74) ParOldGen: 34878K(35328K)->34946K(35328K)
[2026-10-07T23:48:26.488+0000][269.037s][info][gc,metaspace   ] GC(74) Metaspace: 73488K(74240K)->73488K(74240K) NonClass: 64189K(64640K)->64189K(64640K) Class: 9298K(9600K)->9298K(9600K)
[2026-10-07T23:48:26.488+0000][269.037s][info][gc             ] GC(74) Pause Young (Allocation Failure) 46M->34M(47M) 7.708ms
[2026-10-07T23:48:26.488+0000][269.037s][info][gc,cpu         ] GC(74) User=0.01s Sys=0.00s Real=0.01s
[2026-10-07T23:48:27.974+0000][270.523s][info][gc,start       ] GC(75) Pause Young (Allocation Failure)
[2026-10-07T23:48:27.979+0000][270.528s][info][gc,heap        ] GC(75) PSYoungGen: 12512K(12800K)->236K(13312K) Eden: 12288K(12288K)->0K(12288K) From: 224K(512K)->236K(1024K)
[2026-10-07T23:48:27.979+0000][270.528s][info][gc,heap        ] GC(75) ParOldGen: 34946K(35328K)->34998K(35328K)
[2026-10-07T23:48:27.979+0000][270.528s][info][gc,metaspace   ] GC(75) Metaspace: 73489K(74240K)->73489K(74240K) NonClass: 64191K(64640K)->64191K(64640K) Class: 9298K(9600K)->9298K(9600K)
[2026-10-07T23:48:27.979+0000][270.528s][info][gc             ] GC(75) Pause Young (Allocation Failure) 46M->34M(47M) 5.112ms
[2026-10-07T23:48:27.979+0000][270.528s][info][gc,cpu         ] GC(75) User=0.01s Sys=0.00s Real=0.00s
[2026-10-07T23:48:29.513+0000][272.062s][info][gc,start       ] GC(76) Pause Young (Allocation Failure)
[2026-10-07T23:48:29.517+0000][272.067s][info][gc,heap        ] GC(76) PSYoungGen: 12524K(13312K)->192K(12800K) Eden: 12288K(12288K)->0K(12288K) From: 236K(1024K)->192K(512K)
[2026-10-07T23:48:29.518+0000][272.067s][info][gc,heap        ] GC(76) ParOldGen: 34998K(35328K)->35115K(35328K)
[2026-10-07T23:48:29.518+0000][272.067s][info][gc,metaspace   ] GC(76) Metaspace: 73495K(74304K)->73495K(74304K) NonClass: 64196K(64640K)->64196K(64640K) Class: 9298K(9664K)->9298K(9664K)
[2026-10-07T23:48:29.518+0000][272.067s][info][gc             ] GC(76) Pause Young (Allocation Failure) 46M->34M(47M) 5.125ms
[2026-10-07T23:48:29.518+0000][272.067s][info][gc,cpu         ] GC(76) User=0.01s Sys=0.00s Real=0.01s
[2026-10-07T23:48:31.054+0000][273.603s][info][gc,start       ] GC(77) Pause Young (Allocation Failure)
[2026-10-07T23:48:31.058+0000][273.608s][info][gc,heap        ] GC(77) PSYoungGen: 12480K(12800K)->192K(13312K) Eden: 12288K(12288K)->0K(12288K) From: 192K(512K)->192K(1024K)
[2026-10-07T23:48:31.058+0000][273.608s][info][gc,heap        ] GC(77) ParOldGen: 35115K(35328K)->35199K(35328K)
[2026-10-07T23:48:31.058+0000][273.608s][info][gc,metaspace   ] GC(77) Metaspace: 73496K(74304K)->73496K(74304K) NonClass: 64197K(64640K)->64197K(64640K) Class: 9298K(9664K)->9298K(9664K)
[2026-10-07T23:48:31.058+0000][273.608s][info][gc             ] GC(77) Pause Young (Allocation Failure) 46M->34M(47M) 4.571ms
[2026-10-07T23:48:31.058+0000][273.608s][info][gc,cpu         ] GC(77) User=0.00s Sys=0.00s Real=0.00s
[2026-10-07T23:48:32.512+0000][275.062s][info][gc,start       ] GC(78) Pause Young (Allocation Failure)
[2026-10-07T23:48:32.517+0000][275.067s][info][gc,heap        ] GC(78) PSYoungGen: 12480K(13312K)->218K(12800K) Eden: 12288K(12288K)->0K(12288K) From: 192K(1024K)->218K(512K)
[2026-10-07T23:48:32.517+0000][275.067s][info][gc,heap        ] GC(78) ParOldGen: 35199K(35328K)->35283K(35328K)
[2026-10-07T23:48:32.517+0000][275.067s][info][gc,metaspace   ] GC(78) Metaspace: 73501K(74304K)->73501K(74304K) NonClass: 64203K(64640K)->64203K(64640K) Class: 9298K(9664K)->9298K(9664K)
[2026-10-07T23:48:32.517+0000][275.067s][info][gc             ] GC(78) Pause Young (Allocation Failure) 46M->34M(47M) 5.018ms
[2026-10-07T23:48:32.517+0000][275.067s][info][gc,cpu         ] GC(78) User=0.01s Sys=0.00s Real=0.01s
[2026-10-07T23:48:34.053+0000][276.603s][info][gc,start       ] GC(79) Pause Young (Allocation Failure)
[2026-10-07T23:48:34.058+0000][276.608s][info][gc,heap        ] GC(79) PSYoungGen: 12506K(12800K)->235K(12800K) Eden: 12288K(12288K)->0K(12288K) From: 218K(512K)->235K(512K)
[2026-10-07T23:48:34.058+0000][276.608s][info][gc,heap        ] GC(79) ParOldGen: 35283K(35328K)->35331K(35840K)
[2026-10-07T23:48:34.058+0000][276.608s][info][gc,metaspace   ] GC(79) Metaspace: 73504K(74304K)->73504K(74304K) NonClass: 64205K(64640K)->64205K(64640K) Class: 9298K(9664K)->9298K(9664K)
[2026-10-07T23:48:34.058+0000][276.608s][info][gc             ] GC(79) Pause Young (Allocation Failure) 46M->34M(47M) 5.107ms
[2026-10-07T23:48:34.058+0000][276.608s][info][gc,cpu         ] GC(79) User=0.00s Sys=0.00s Real=0.01s
[2026-10-07T23:48:35.602+0000][278.151s][info][gc,start       ] GC(80) Pause Young (Allocation Failure)
[2026-10-07T23:48:35.610+0000][278.159s][info][gc,heap        ] GC(80) PSYoungGen: 12523K(12800K)->192K(12800K) Eden: 12288K(12288K)->0K(12288K) From: 235K(512K)->192K(512K)
[2026-10-07T23:48:35.610+0000][278.159s][info][gc,heap        ] GC(80) ParOldGen: 35331K(35840K)->35451K(35840K)
[2026-10-07T23:48:35.610+0000][278.160s][info][gc,metaspace   ] GC(80) Metaspace: 73513K(74304K)->73513K(74304K) NonClass: 64214K(64640K)->64214K(64640K) Class: 9298K(9664K)->9298K(9664K)
[2026-10-07T23:48:35.610+0000][278.160s][info][gc             ] GC(80) Pause Young (Allocation Failure) 46M->34M(47M) 8.192ms
[2026-10-07T23:48:35.610+0000][278.160s][info][gc,cpu         ] GC(80) User=0.01s Sys=0.00s Real=0.01s
[2026-10-07T23:48:37.125+0000][279.675s][info][gc,start       ] GC(81) Pause Young (Allocation Failure)
[2026-10-07T23:48:37.140+0000][279.689s][info][gc,heap        ] GC(81) PSYoungGen: 12480K(12800K)->192K(12800K) Eden: 12288K(12288K)->0K(12288K) From: 192K(512K)->192K(512K)
[2026-10-07T23:48:37.140+0000][279.689s][info][gc,heap        ] GC(81) ParOldGen: 35451K(35840K)->35531K(35840K)
[2026-10-07T23:48:37.140+0000][279.689s][info][gc,metaspace   ] GC(81) Metaspace: 73516K(74304K)->73516K(74304K) NonClass: 64217K(64640K)->64217K(64640K) Class: 9298K(9664K)->9298K(9664K)
[2026-10-07T23:48:37.140+0000][279.689s][info][gc             ] GC(81) Pause Young (Allocation Failure) 46M->34M(47M) 14.305ms
[2026-10-07T23:48:37.140+0000][279.689s][info][gc,cpu         ] GC(81) User=0.00s Sys=0.00s Real=0.01s
[2026-10-07T23:48:38.620+0000][281.169s][info][gc,start       ] GC(82) Pause Young (Allocation Failure)
[2026-10-07T23:48:38.625+0000][281.174s][info][gc,heap        ] GC(82) PSYoungGen: 12480K(12800K)->240K(12800K) Eden: 12288K(12288K)->0K(12288K) From: 192K(512K)->240K(512K)
[2026-10-07T23:48:38.625+0000][281.174s][info][gc,heap        ] GC(82) ParOldGen: 35531K(35840K)->35603K(35840K)
[2026-10-07T23:48:38.625+0000][281.174s][info][gc,metaspace   ] GC(82) Metaspace: 73518K(74304K)->73518K(74304K) NonClass: 64219K(64640K)->64219K(64640K) Class: 9298K(9664K)->9298K(9664K)
[2026-10-07T23:48:38.625+0000][281.174s][info][gc             ] GC(82) Pause Young (Allocation Failure) 46M->35M(47M) 4.989ms
[2026-10-07T23:48:38.626+0000][281.175s][info][gc,cpu         ] GC(82) User=0.00s Sys=0.00s Real=0.01s
[2026-10-07T23:48:40.157+0000][282.706s][info][gc,start       ] GC(83) Pause Young (Allocation Failure)
[2026-10-07T23:48:40.162+0000][282.711s][info][gc,heap        ] GC(83) PSYoungGen: 12528K(12800K)->192K(12800K) Eden: 12288K(12288K)->0K(12288K) From: 240K(512K)->192K(512K)
[2026-10-07T23:48:40.162+0000][282.711s][info][gc,heap        ] GC(83) ParOldGen: 35603K(35840K)->35716K(35840K)
[2026-10-07T23:48:40.162+0000][282.711s][info][gc,metaspace   ] GC(83) Metaspace: 73525K(74304K)->73525K(74304K) NonClass: 64226K(64640K)->64226K(64640K) Class: 9298K(9664K)->9298K(9664K)
[2026-10-07T23:48:40.162+0000][282.711s][info][gc             ] GC(83) Pause Young (Allocation Failure) 47M->35M(47M) 4.773ms
[2026-10-07T23:48:40.162+0000][282.711s][info][gc,cpu         ] GC(83) User=0.00s Sys=0.00s Real=0.00s
[2026-10-07T23:48:41.699+0000][284.248s][info][gc,start       ] GC(84) Pause Young (Allocation Failure)
[2026-10-07T23:48:41.704+0000][284.254s][info][gc,heap        ] GC(84) PSYoungGen: 12480K(12800K)->192K(12800K) Eden: 12288K(12288K)->0K(12288K) From: 192K(512K)->192K(512K)
[2026-10-07T23:48:41.704+0000][284.254s][info][gc,heap        ] GC(84) ParOldGen: 35716K(35840K)->35812K(35840K)
[2026-10-07T23:48:41.705+0000][284.254s][info][gc,metaspace   ] GC(84) Metaspace: 73525K(74304K)->73525K(74304K) NonClass: 64226K(64640K)->64226K(64640K) Class: 9298K(9664K)->9298K(9664K)
[2026-10-07T23:48:41.705+0000][284.254s][info][gc             ] GC(84) Pause Young (Allocation Failure) 47M->35M(47M) 5.784ms
[2026-10-07T23:48:41.705+0000][284.254s][info][gc,cpu         ] GC(84) User=0.00s Sys=0.00s Real=0.01s
[2026-10-07T23:48:43.198+0000][285.747s][info][gc,start       ] GC(85) Pause Young (Allocation Failure)
[2026-10-07T23:48:43.203+0000][285.753s][info][gc,heap        ] GC(85) PSYoungGen: 12480K(12800K)->229K(12800K) Eden: 12288K(12288K)->0K(12288K) From: 192K(512K)->229K(512K)
[2026-10-07T23:48:43.203+0000][285.753s][info][gc,heap        ] GC(85) ParOldGen: 35812K(35840K)->35872K(36352K)
[2026-10-07T23:48:43.203+0000][285.753s][info][gc,metaspace   ] GC(85) Metaspace: 73525K(74304K)->73525K(74304K) NonClass: 64226K(64640K)->64226K(64640K) Class: 9298K(9664K)->9298K(9664K)
[2026-10-07T23:48:43.203+0000][285.753s][info][gc             ] GC(85) Pause Young (Allocation Failure) 47M->35M(48M) 5.555ms
[2026-10-07T23:48:43.203+0000][285.753s][info][gc,cpu         ] GC(85) User=0.01s Sys=0.00s Real=0.00s
[2026-10-07T23:48:44.749+0000][287.298s][info][gc,start       ] GC(86) Pause Young (Allocation Failure)
[2026-10-07T23:48:44.754+0000][287.304s][info][gc,heap        ] GC(86) PSYoungGen: 12517K(12800K)->160K(12800K) Eden: 12288K(12288K)->0K(12288K) From: 229K(512K)->160K(512K)
[2026-10-07T23:48:44.754+0000][287.304s][info][gc,heap        ] GC(86) ParOldGen: 35872K(36352K)->36001K(36352K)
[2026-10-07T23:48:44.754+0000][287.304s][info][gc,metaspace   ] GC(86) Metaspace: 73531K(74304K)->73531K(74304K) NonClass: 64232K(64640K)->64232K(64640K) Class: 9298K(9664K)->9298K(9664K)
[2026-10-07T23:48:44.754+0000][287.304s][info][gc             ] GC(86) Pause Young (Allocation Failure) 47M->35M(48M) 5.090ms
[2026-10-07T23:48:44.754+0000][287.304s][info][gc,cpu         ] GC(86) User=0.01s Sys=0.00s Real=0.01s
[2026-10-07T23:48:46.289+0000][288.839s][info][gc,start       ] GC(87) Pause Young (Allocation Failure)
[2026-10-07T23:48:46.295+0000][288.844s][info][gc,heap        ] GC(87) PSYoungGen: 12448K(12800K)->192K(12800K) Eden: 12288K(12288K)->0K(12288K) From: 160K(512K)->192K(512K)
[2026-10-07T23:48:46.295+0000][288.844s][info][gc,heap        ] GC(87) ParOldGen: 36001K(36352K)->36093K(36352K)
[2026-10-07T23:48:46.295+0000][288.844s][info][gc,metaspace   ] GC(87) Metaspace: 73533K(74304K)->73533K(74304K) NonClass: 64234K(64640K)->64234K(64640K) Class: 9298K(9664K)->9298K(9664K)
[2026-10-07T23:48:46.295+0000][288.844s][info][gc             ] GC(87) Pause Young (Allocation Failure) 47M->35M(48M) 5.560ms
[2026-10-07T23:48:46.295+0000][288.844s][info][gc,cpu         ] GC(87) User=0.00s Sys=0.00s Real=0.01s
[2026-10-07T23:48:47.762+0000][290.311s][info][gc,start       ] GC(88) Pause Young (Allocation Failure)
[2026-10-07T23:48:47.768+0000][290.317s][info][gc,heap        ] GC(88) PSYoungGen: 12480K(12800K)->217K(12800K) Eden: 12288K(12288K)->0K(12288K) From: 192K(512K)->217K(512K)
[2026-10-07T23:48:47.768+0000][290.317s][info][gc,heap        ] GC(88) ParOldGen: 36093K(36352K)->36173K(36352K)
[2026-10-07T23:48:47.768+0000][290.317s][info][gc,metaspace   ] GC(88) Metaspace: 73534K(74304K)->73534K(74304K) NonClass: 64236K(64640K)->64236K(64640K) Class: 9298K(9664K)->9298K(9664K)
[2026-10-07T23:48:47.768+0000][290.317s][info][gc             ] GC(88) Pause Young (Allocation Failure) 47M->35M(48M) 5.607ms
[2026-10-07T23:48:47.768+0000][290.317s][info][gc,cpu         ] GC(88) User=0.01s Sys=0.00s Real=0.01s
[2026-10-07T23:48:49.262+0000][291.812s][info][gc,start       ] GC(89) Pause Young (Allocation Failure)
[2026-10-07T23:48:49.267+0000][291.816s][info][gc,heap        ] GC(89) PSYoungGen: 12505K(12800K)->273K(12800K) Eden: 12288K(12288K)->0K(12288K) From: 217K(512K)->273K(512K)
[2026-10-07T23:48:49.267+0000][291.816s][info][gc,heap        ] GC(89) ParOldGen: 36173K(36352K)->36272K(36352K)
[2026-10-07T23:48:49.267+0000][291.816s][info][gc,metaspace   ] GC(89) Metaspace: 73582K(74368K)->73582K(74368K) NonClass: 64283K(64704K)->64283K(64704K) Class: 9298K(9664K)->9298K(9664K)
[2026-10-07T23:48:49.267+0000][291.816s][info][gc             ] GC(89) Pause Young (Allocation Failure) 47M->35M(48M) 4.875ms
[2026-10-07T23:48:49.267+0000][291.816s][info][gc,cpu         ] GC(89) User=0.01s Sys=0.00s Real=0.01s
[2026-10-07T23:48:50.833+0000][293.383s][info][gc,start       ] GC(90) Pause Young (Allocation Failure)
[2026-10-07T23:48:50.843+0000][293.393s][info][gc,heap        ] GC(90) PSYoungGen: 12561K(12800K)->160K(12800K) Eden: 12288K(12288K)->0K(12288K) From: 273K(512K)->160K(512K)
[2026-10-07T23:48:50.843+0000][293.393s][info][gc,heap        ] GC(90) ParOldGen: 36272K(36352K)->36413K(36864K)
[2026-10-07T23:48:50.843+0000][293.393s][info][gc,metaspace   ] GC(90) Metaspace: 73582K(74368K)->73582K(74368K) NonClass: 64283K(64704K)->64283K(64704K) Class: 9298K(9664K)->9298K(9664K)
[2026-10-07T23:48:50.844+0000][293.393s][info][gc             ] GC(90) Pause Young (Allocation Failure) 47M->35M(48M) 10.321ms
[2026-10-07T23:48:50.844+0000][293.393s][info][gc,cpu         ] GC(90) User=0.00s Sys=0.00s Real=0.02s
[2026-10-07T23:48:52.333+0000][294.883s][info][gc,start       ] GC(91) Pause Young (Allocation Failure)
[2026-10-07T23:48:52.339+0000][294.888s][info][gc,heap        ] GC(91) PSYoungGen: 12448K(12800K)->160K(12800K) Eden: 12288K(12288K)->0K(12288K) From: 160K(512K)->160K(512K)
[2026-10-07T23:48:52.339+0000][294.888s][info][gc,heap        ] GC(91) ParOldGen: 36413K(36864K)->36505K(36864K)
[2026-10-07T23:48:52.339+0000][294.888s][info][gc,metaspace   ] GC(91) Metaspace: 73582K(74368K)->73582K(74368K) NonClass: 64283K(64704K)->64283K(64704K) Class: 9298K(9664K)->9298K(9664K)
[2026-10-07T23:48:52.339+0000][294.888s][info][gc             ] GC(91) Pause Young (Allocation Failure) 47M->35M(48M) 5.285ms
[2026-10-07T23:48:52.339+0000][294.888s][info][gc,cpu         ] GC(91) User=0.00s Sys=0.00s Real=0.01s
[2026-10-07T23:48:53.836+0000][296.385s][info][gc,start       ] GC(92) Pause Young (Allocation Failure)
[2026-10-07T23:48:53.842+0000][296.392s][info][gc,heap        ] GC(92) PSYoungGen: 12448K(12800K)->233K(12800K) Eden: 12288K(12288K)->0K(12288K) From: 160K(512K)->233K(512K)
[2026-10-07T23:48:53.842+0000][296.392s][info][gc,heap        ] GC(92) ParOldGen: 36505K(36864K)->36593K(36864K)
[2026-10-07T23:48:53.842+0000][296.392s][info][gc,metaspace   ] GC(92) Metaspace: 73582K(74368K)->73582K(74368K) NonClass: 64284K(64704K)->64284K(64704K) Class: 9298K(9664K)->9298K(9664K)
[2026-10-07T23:48:53.842+0000][296.392s][info][gc             ] GC(92) Pause Young (Allocation Failure) 47M->35M(48M) 6.471ms
[2026-10-07T23:48:53.842+0000][296.392s][info][gc,cpu         ] GC(92) User=0.01s Sys=0.00s Real=0.00s
[2026-10-07T23:48:55.372+0000][297.922s][info][gc,start       ] GC(93) Pause Young (Allocation Failure)
[2026-10-07T23:48:55.380+0000][297.929s][info][gc,heap        ] GC(93) PSYoungGen: 12521K(12800K)->182K(12800K) Eden: 12288K(12288K)->0K(12288K) From: 233K(512K)->182K(512K)
[2026-10-07T23:48:55.380+0000][297.929s][info][gc,heap        ] GC(93) ParOldGen: 36593K(36864K)->36714K(36864K)
[2026-10-07T23:48:55.380+0000][297.929s][info][gc,metaspace   ] GC(93) Metaspace: 73583K(74368K)->73583K(74368K) NonClass: 64284K(64704K)->64284K(64704K) Class: 9299K(9664K)->9299K(9664K)
[2026-10-07T23:48:55.380+0000][297.929s][info][gc             ] GC(93) Pause Young (Allocation Failure) 47M->36M(48M) 7.289ms
[2026-10-07T23:48:55.380+0000][297.929s][info][gc,cpu         ] GC(93) User=0.00s Sys=0.00s Real=0.01s
[2026-10-07T23:48:56.899+0000][299.448s][info][gc,start       ] GC(94) Pause Young (Allocation Failure)
[2026-10-07T23:48:56.904+0000][299.453s][info][gc,heap        ] GC(94) PSYoungGen: 12470K(12800K)->192K(12800K) Eden: 12288K(12288K)->0K(12288K) From: 182K(512K)->192K(512K)
[2026-10-07T23:48:56.904+0000][299.453s][info][gc,heap        ] GC(94) ParOldGen: 36714K(36864K)->36809K(36864K)
[2026-10-07T23:48:56.904+0000][299.453s][info][gc,metaspace   ] GC(94) Metaspace: 73594K(74368K)->73594K(74368K) NonClass: 64295K(64704K)->64295K(64704K) Class: 9299K(9664K)->9299K(9664K)
[2026-10-07T23:48:56.904+0000][299.453s][info][gc             ] GC(94) Pause Young (Allocation Failure) 48M->36M(48M) 4.673ms
[2026-10-07T23:48:56.904+0000][299.453s][info][gc,cpu         ] GC(94) User=0.01s Sys=0.00s Real=0.01s
[2026-10-07T23:48:58.410+0000][300.959s][info][gc,start       ] GC(95) Pause Young (Allocation Failure)
[2026-10-07T23:48:58.415+0000][300.964s][info][gc,heap        ] GC(95) PSYoungGen: 12480K(12800K)->269K(12800K) Eden: 12288K(12288K)->0K(12288K) From: 192K(512K)->269K(512K)
[2026-10-07T23:48:58.415+0000][300.964s][info][gc,heap        ] GC(95) ParOldGen: 36809K(36864K)->36869K(37376K)
[2026-10-07T23:48:58.415+0000][300.964s][info][gc,metaspace   ] GC(95) Metaspace: 73594K(74368K)->73594K(74368K) NonClass: 64295K(64704K)->64295K(64704K) Class: 9299K(9664K)->9299K(9664K)
[2026-10-07T23:48:58.415+0000][300.964s][info][gc             ] GC(95) Pause Young (Allocation Failure) 48M->36M(49M) 5.176ms
[2026-10-07T23:48:58.415+0000][300.965s][info][gc,cpu         ] GC(95) User=0.01s Sys=0.00s Real=0.01s
[2026-10-07T23:48:59.975+0000][302.525s][info][gc,start       ] GC(96) Pause Young (Allocation Failure)
[2026-10-07T23:48:59.981+0000][302.530s][info][gc,heap        ] GC(96) PSYoungGen: 12557K(12800K)->192K(12800K) Eden: 12288K(12288K)->0K(12288K) From: 269K(512K)->192K(512K)
[2026-10-07T23:48:59.981+0000][302.530s][info][gc,heap        ] GC(96) ParOldGen: 36869K(37376K)->36991K(37376K)
[2026-10-07T23:48:59.981+0000][302.530s][info][gc,metaspace   ] GC(96) Metaspace: 73594K(74368K)->73594K(74368K) NonClass: 64295K(64704K)->64295K(64704K) Class: 9299K(9664K)->9299K(9664K)
[2026-10-07T23:48:59.981+0000][302.530s][info][gc             ] GC(96) Pause Young (Allocation Failure) 48M->36M(49M) 5.672ms
[2026-10-07T23:48:59.981+0000][302.531s][info][gc,cpu         ] GC(96) User=0.00s Sys=0.00s Real=0.00s
[2026-10-07T23:49:01.513+0000][304.062s][info][gc,start       ] GC(97) Pause Young (Allocation Failure)
[2026-10-07T23:49:01.522+0000][304.072s][info][gc,heap        ] GC(97) PSYoungGen: 12480K(12800K)->224K(12800K) Eden: 12288K(12288K)->0K(12288K) From: 192K(512K)->224K(512K)
[2026-10-07T23:49:01.522+0000][304.072s][info][gc,heap        ] GC(97) ParOldGen: 36991K(37376K)->37067K(37376K)
[2026-10-07T23:49:01.522+0000][304.072s][info][gc,metaspace   ] GC(97) Metaspace: 73597K(74368K)->73597K(74368K) NonClass: 64297K(64704K)->64297K(64704K) Class: 9300K(9664K)->9300K(9664K)
[2026-10-07T23:49:01.522+0000][304.072s][info][gc             ] GC(97) Pause Young (Allocation Failure) 48M->36M(49M) 9.545ms
[2026-10-07T23:49:01.522+0000][304.072s][info][gc,cpu         ] GC(97) User=0.00s Sys=0.00s Real=0.01s
[2026-10-07T23:49:02.935+0000][305.484s][info][gc,start       ] GC(98) Pause Young (Allocation Failure)
[2026-10-07T23:49:02.937+0000][305.487s][info][gc,heap        ] GC(98) PSYoungGen: 12512K(12800K)->211K(12800K) Eden: 12288K(12288K)->0K(12288K) From: 224K(512K)->211K(512K)
[2026-10-07T23:49:02.937+0000][305.487s][info][gc,heap        ] GC(98) ParOldGen: 37067K(37376K)->37131K(37376K)
[2026-10-07T23:49:02.937+0000][305.487s][info][gc,metaspace   ] GC(98) Metaspace: 73601K(74368K)->73601K(74368K) NonClass: 64301K(64704K)->64301K(64704K) Class: 9300K(9664K)->9300K(9664K)
[2026-10-07T23:49:02.937+0000][305.487s][info][gc             ] GC(98) Pause Young (Allocation Failure) 48M->36M(49M) 2.763ms
[2026-10-07T23:49:02.937+0000][305.487s][info][gc,cpu         ] GC(98) User=0.01s Sys=0.00s Real=0.00s
[2026-10-07T23:49:04.453+0000][307.003s][info][gc,start       ] GC(99) Pause Young (Allocation Failure)
[2026-10-07T23:49:04.457+0000][307.007s][info][gc,heap        ] GC(99) PSYoungGen: 12499K(12800K)->192K(12800K) Eden: 12288K(12288K)->0K(12288K) From: 211K(512K)->192K(512K)
[2026-10-07T23:49:04.458+0000][307.007s][info][gc,heap        ] GC(99) ParOldGen: 37131K(37376K)->37246K(37376K)
[2026-10-07T23:49:04.458+0000][307.007s][info][gc,metaspace   ] GC(99) Metaspace: 73609K(74368K)->73609K(74368K) NonClass: 64309K(64704K)->64309K(64704K) Class: 9300K(9664K)->9300K(9664K)
[2026-10-07T23:49:04.458+0000][307.007s][info][gc             ] GC(99) Pause Young (Allocation Failure) 48M->36M(49M) 4.720ms
[2026-10-07T23:49:04.458+0000][307.008s][info][gc,cpu         ] GC(99) User=0.00s Sys=0.00s Real=0.01s
[2026-10-07T23:49:05.993+0000][308.542s][info][gc,start       ] GC(100) Pause Young (Allocation Failure)
[2026-10-07T23:49:06.000+0000][308.549s][info][gc,heap        ] GC(100) PSYoungGen: 12480K(12800K)->192K(12800K) Eden: 12288K(12288K)->0K(12288K) From: 192K(512K)->192K(512K)
[2026-10-07T23:49:06.000+0000][308.549s][info][gc,heap        ] GC(100) ParOldGen: 37246K(37376K)->37366K(37376K)
[2026-10-07T23:49:06.000+0000][308.549s][info][gc,metaspace   ] GC(100) Metaspace: 73609K(74368K)->73609K(74368K) NonClass: 64309K(64704K)->64309K(64704K) Class: 9300K(9664K)->9300K(9664K)
[2026-10-07T23:49:06.000+0000][308.549s][info][gc             ] GC(100) Pause Young (Allocation Failure) 48M->36M(49M) 7.410ms
[2026-10-07T23:49:06.000+0000][308.550s][info][gc,cpu         ] GC(100) User=0.01s Sys=0.01s Real=0.01s
[2026-10-07T23:49:07.515+0000][310.064s][info][gc,start       ] GC(101) Pause Young (Allocation Failure)
[2026-10-07T23:49:07.520+0000][310.069s][info][gc,heap        ] GC(101) PSYoungGen: 12480K(12800K)->192K(12800K) Eden: 12288K(12288K)->0K(12288K) From: 192K(512K)->192K(512K)
[2026-10-07T23:49:07.520+0000][310.069s][info][gc,heap        ] GC(101) ParOldGen: 37366K(37376K)->37430K(37888K)
[2026-10-07T23:49:07.520+0000][310.069s][info][gc,metaspace   ] GC(101) Metaspace: 73609K(74368K)->73609K(74368K) NonClass: 64309K(64704K)->64309K(64704K) Class: 9300K(9664K)->9300K(9664K)
[2026-10-07T23:49:07.520+0000][310.069s][info][gc             ] GC(101) Pause Young (Allocation Failure) 48M->36M(49M) 4.789ms
[2026-10-07T23:49:07.520+0000][310.069s][info][gc,cpu         ] GC(101) User=0.01s Sys=0.00s Real=0.00s
[2026-10-07T23:49:09.014+0000][311.563s][info][gc,start       ] GC(102) Pause Young (Allocation Failure)
[2026-10-07T23:49:09.023+0000][311.572s][info][gc,heap        ] GC(102) PSYoungGen: 12480K(12800K)->277K(12800K) Eden: 12288K(12288K)->0K(12288K) From: 192K(512K)->277K(512K)
[2026-10-07T23:49:09.023+0000][311.572s][info][gc,heap        ] GC(102) ParOldGen: 37430K(37888K)->37494K(37888K)
[2026-10-07T23:49:09.023+0000][311.572s][info][gc,metaspace   ] GC(102) Metaspace: 73630K(74432K)->73630K(74432K) NonClass: 64330K(64768K)->64330K(64768K) Class: 9300K(9664K)->9300K(9664K)
[2026-10-07T23:49:09.023+0000][311.572s][info][gc             ] GC(102) Pause Young (Allocation Failure) 48M->36M(49M) 9.051ms
[2026-10-07T23:49:09.023+0000][311.572s][info][gc,cpu         ] GC(102) User=0.00s Sys=0.00s Real=0.00s
[2026-10-07T23:49:10.552+0000][313.101s][info][gc,start       ] GC(103) Pause Young (Allocation Failure)
[2026-10-07T23:49:10.557+0000][313.106s][info][gc,heap        ] GC(103) PSYoungGen: 12565K(12800K)->224K(12800K) Eden: 12288K(12288K)->0K(12288K) From: 277K(512K)->224K(512K)
[2026-10-07T23:49:10.557+0000][313.106s][info][gc,heap        ] GC(103) ParOldGen: 37494K(37888K)->37660K(37888K)
[2026-10-07T23:49:10.557+0000][313.107s][info][gc,metaspace   ] GC(103) Metaspace: 73631K(74432K)->73631K(74432K) NonClass: 64330K(64768K)->64330K(64768K) Class: 9300K(9664K)->9300K(9664K)
[2026-10-07T23:49:10.557+0000][313.107s][info][gc             ] GC(103) Pause Young (Allocation Failure) 48M->36M(49M) 5.524ms
[2026-10-07T23:49:10.557+0000][313.107s][info][gc,cpu         ] GC(103) User=0.00s Sys=0.00s Real=0.01s
[2026-10-07T23:49:12.066+0000][314.615s][info][gc,start       ] GC(104) Pause Young (Allocation Failure)
[2026-10-07T23:49:12.075+0000][314.625s][info][gc,heap        ] GC(104) PSYoungGen: 12511K(12800K)->160K(12800K) Eden: 12287K(12288K)->0K(12288K) From: 224K(512K)->160K(512K)
[2026-10-07T23:49:12.078+0000][314.627s][info][gc,heap        ] GC(104) ParOldGen: 37660K(37888K)->37736K(37888K)
[2026-10-07T23:49:12.078+0000][314.627s][info][gc,metaspace   ] GC(104) Metaspace: 73631K(74432K)->73631K(74432K) NonClass: 64330K(64768K)->64330K(64768K) Class: 9300K(9664K)->9300K(9664K)
[2026-10-07T23:49:12.078+0000][314.627s][info][gc             ] GC(104) Pause Young (Allocation Failure) 48M->37M(49M) 12.043ms
[2026-10-07T23:49:12.078+0000][314.627s][info][gc,cpu         ] GC(104) User=0.01s Sys=0.00s Real=0.01s
[2026-10-07T23:49:13.583+0000][316.133s][info][gc,start       ] GC(105) Pause Young (Allocation Failure)
[2026-10-07T23:49:13.587+0000][316.137s][info][gc,heap        ] GC(105) PSYoungGen: 12448K(12800K)->216K(12800K) Eden: 12288K(12288K)->0K(12288K) From: 160K(512K)->216K(512K)
[2026-10-07T23:49:13.587+0000][316.137s][info][gc,heap        ] GC(105) ParOldGen: 37736K(37888K)->37788K(37888K)
[2026-10-07T23:49:13.588+0000][316.137s][info][gc,metaspace   ] GC(105) Metaspace: 73631K(74432K)->73631K(74432K) NonClass: 64330K(64768K)->64330K(64768K) Class: 9300K(9664K)->9300K(9664K)
[2026-10-07T23:49:13.588+0000][316.137s][info][gc             ] GC(105) Pause Young (Allocation Failure) 49M->37M(49M) 4.238ms
[2026-10-07T23:49:13.588+0000][316.137s][info][gc,cpu         ] GC(105) User=0.01s Sys=0.00s Real=0.01s
[2026-10-07T23:49:15.122+0000][317.672s][info][gc,start       ] GC(106) Pause Young (Allocation Failure)
[2026-10-07T23:49:15.127+0000][317.676s][info][gc,heap        ] GC(106) PSYoungGen: 12504K(12800K)->192K(12800K) Eden: 12288K(12288K)->0K(12288K) From: 216K(512K)->192K(512K)
[2026-10-07T23:49:15.127+0000][317.676s][info][gc,heap        ] GC(106) ParOldGen: 37788K(37888K)->37925K(38400K)
[2026-10-07T23:49:15.127+0000][317.676s][info][gc,metaspace   ] GC(106) Metaspace: 73631K(74432K)->73631K(74432K) NonClass: 64331K(64768K)->64331K(64768K) Class: 9300K(9664K)->9300K(9664K)
[2026-10-07T23:49:15.127+0000][317.676s][info][gc             ] GC(106) Pause Young (Allocation Failure) 49M->37M(50M) 4.592ms
[2026-10-07T23:49:15.127+0000][317.676s][info][gc,cpu         ] GC(106) User=0.01s Sys=0.01s Real=0.01s
[2026-10-07T23:49:16.630+0000][319.180s][info][gc,start       ] GC(107) Pause Young (Allocation Failure)
[2026-10-07T23:49:16.635+0000][319.185s][info][gc,heap        ] GC(107) PSYoungGen: 12480K(12800K)->249K(12800K) Eden: 12288K(12288K)->0K(12288K) From: 192K(512K)->249K(512K)
[2026-10-07T23:49:16.635+0000][319.185s][info][gc,heap        ] GC(107) ParOldGen: 37925K(38400K)->38005K(38400K)
[2026-10-07T23:49:16.635+0000][319.185s][info][gc,metaspace   ] GC(107) Metaspace: 73637K(74432K)->73637K(74432K) NonClass: 64337K(64768K)->64337K(64768K) Class: 9300K(9664K)->9300K(9664K)
[2026-10-07T23:49:16.635+0000][319.185s][info][gc             ] GC(107) Pause Young (Allocation Failure) 49M->37M(50M) 5.214ms
[2026-10-07T23:49:16.636+0000][319.186s][info][gc,cpu         ] GC(107) User=0.01s Sys=0.00s Real=0.01s
[2026-10-07T23:49:18.094+0000][320.643s][info][gc,start       ] GC(108) Pause Young (Allocation Failure)
[2026-10-07T23:49:18.097+0000][320.647s][info][gc,heap        ] GC(108) PSYoungGen: 12537K(12800K)->205K(12800K) Eden: 12288K(12288K)->0K(12288K) From: 249K(512K)->205K(512K)
[2026-10-07T23:49:18.098+0000][320.647s][info][gc,heap        ] GC(108) ParOldGen: 38005K(38400K)->38095K(38400K)
[2026-10-07T23:49:18.098+0000][320.648s][info][gc,metaspace   ] GC(108) Metaspace: 73641K(74432K)->73641K(74432K) NonClass: 64341K(64768K)->64341K(64768K) Class: 9300K(9664K)->9300K(9664K)
[2026-10-07T23:49:18.099+0000][320.648s][info][gc             ] GC(108) Pause Young (Allocation Failure) 49M->37M(50M) 5.038ms
[2026-10-07T23:49:18.099+0000][320.648s][info][gc,cpu         ] GC(108) User=0.00s Sys=0.00s Real=0.01s
[2026-10-07T23:49:19.636+0000][322.186s][info][gc,start       ] GC(109) Pause Young (Allocation Failure)
[2026-10-07T23:49:19.641+0000][322.191s][info][gc,heap        ] GC(109) PSYoungGen: 12493K(12800K)->224K(12800K) Eden: 12288K(12288K)->0K(12288K) From: 205K(512K)->224K(512K)
[2026-10-07T23:49:19.641+0000][322.191s][info][gc,heap        ] GC(109) ParOldGen: 38095K(38400K)->38209K(38400K)
[2026-10-07T23:49:19.641+0000][322.191s][info][gc,metaspace   ] GC(109) Metaspace: 73641K(74432K)->73641K(74432K) NonClass: 64341K(64768K)->64341K(64768K) Class: 9300K(9664K)->9300K(9664K)
[2026-10-07T23:49:19.641+0000][322.191s][info][gc             ] GC(109) Pause Young (Allocation Failure) 49M->37M(50M) 4.889ms
[2026-10-07T23:49:19.641+0000][322.191s][info][gc,cpu         ] GC(109) User=0.00s Sys=0.00s Real=0.00s
[2026-10-07T23:49:21.196+0000][323.745s][info][gc,start       ] GC(110) Pause Young (Allocation Failure)
[2026-10-07T23:49:21.200+0000][323.749s][info][gc,heap        ] GC(110) PSYoungGen: 12512K(12800K)->192K(12800K) Eden: 12288K(12288K)->0K(12288K) From: 224K(512K)->192K(512K)
[2026-10-07T23:49:21.200+0000][323.749s][info][gc,heap        ] GC(110) ParOldGen: 38209K(38400K)->38305K(38400K)
[2026-10-07T23:49:21.200+0000][323.749s][info][gc,metaspace   ] GC(110) Metaspace: 73641K(74432K)->73641K(74432K) NonClass: 64341K(64768K)->64341K(64768K) Class: 9300K(9664K)->9300K(9664K)
[2026-10-07T23:49:21.200+0000][323.750s][info][gc             ] GC(110) Pause Young (Allocation Failure) 49M->37M(50M) 4.799ms
[2026-10-07T23:49:21.200+0000][323.750s][info][gc,cpu         ] GC(110) User=0.01s Sys=0.00s Real=0.00s
[2026-10-07T23:49:22.690+0000][325.240s][info][gc,start       ] GC(111) Pause Young (Allocation Failure)
[2026-10-07T23:49:22.696+0000][325.245s][info][gc,heap        ] GC(111) PSYoungGen: 12480K(12800K)->224K(12800K) Eden: 12288K(12288K)->0K(12288K) From: 192K(512K)->224K(512K)
[2026-10-07T23:49:22.696+0000][325.245s][info][gc,heap        ] GC(111) ParOldGen: 38305K(38400K)->38397K(38400K)
[2026-10-07T23:49:22.696+0000][325.245s][info][gc,metaspace   ] GC(111) Metaspace: 73668K(74432K)->73668K(74432K) NonClass: 64362K(64768K)->64362K(64768K) Class: 9306K(9664K)->9306K(9664K)
[2026-10-07T23:49:22.696+0000][325.245s][info][gc             ] GC(111) Pause Young (Allocation Failure) 49M->37M(50M) 5.573ms
[2026-10-07T23:49:22.696+0000][325.245s][info][gc,cpu         ] GC(111) User=0.00s Sys=0.00s Real=0.01s
[2026-10-07T23:49:24.199+0000][326.748s][info][gc,start       ] GC(112) Pause Young (Allocation Failure)
[2026-10-07T23:49:24.203+0000][326.752s][info][gc,heap        ] GC(112) PSYoungGen: 12512K(12800K)->245K(12800K) Eden: 12288K(12288K)->0K(12288K) From: 224K(512K)->245K(512K)
[2026-10-07T23:49:24.203+0000][326.752s][info][gc,heap        ] GC(112) ParOldGen: 38397K(38400K)->38477K(38912K)
[2026-10-07T23:49:24.203+0000][326.752s][info][gc,metaspace   ] GC(112) Metaspace: 73670K(74432K)->73670K(74432K) NonClass: 64364K(64768K)->64364K(64768K) Class: 9306K(9664K)->9306K(9664K)
[2026-10-07T23:49:24.203+0000][326.752s][info][gc             ] GC(112) Pause Young (Allocation Failure) 49M->37M(50M) 4.228ms
[2026-10-07T23:49:24.203+0000][326.752s][info][gc,cpu         ] GC(112) User=0.00s Sys=0.00s Real=0.00s
[2026-10-07T23:49:25.761+0000][328.310s][info][gc,start       ] GC(113) Pause Young (Allocation Failure)
[2026-10-07T23:49:25.766+0000][328.315s][info][gc,heap        ] GC(113) PSYoungGen: 12533K(12800K)->192K(12800K) Eden: 12288K(12288K)->0K(12288K) From: 245K(512K)->192K(512K)
[2026-10-07T23:49:25.766+0000][328.315s][info][gc,heap        ] GC(113) ParOldGen: 38477K(38912K)->38611K(38912K)
[2026-10-07T23:49:25.766+0000][328.315s][info][gc,metaspace   ] GC(113) Metaspace: 73675K(74432K)->73675K(74432K) NonClass: 64368K(64768K)->64368K(64768K) Class: 9306K(9664K)->9306K(9664K)
[2026-10-07T23:49:25.766+0000][328.315s][info][gc             ] GC(113) Pause Young (Allocation Failure) 49M->37M(50M) 4.700ms
[2026-10-07T23:49:25.766+0000][328.315s][info][gc,cpu         ] GC(113) User=0.00s Sys=0.00s Real=0.01s
[2026-10-07T23:49:27.264+0000][329.814s][info][gc,start       ] GC(114) Pause Young (Allocation Failure)
[2026-10-07T23:49:27.270+0000][329.819s][info][gc,heap        ] GC(114) PSYoungGen: 12480K(12800K)->160K(12800K) Eden: 12288K(12288K)->0K(12288K) From: 192K(512K)->160K(512K)
[2026-10-07T23:49:27.272+0000][329.821s][info][gc,heap        ] GC(114) ParOldGen: 38611K(38912K)->38695K(38912K)
[2026-10-07T23:49:27.272+0000][329.821s][info][gc,metaspace   ] GC(114) Metaspace: 73676K(74432K)->73676K(74432K) NonClass: 64370K(64768K)->64370K(64768K) Class: 9306K(9664K)->9306K(9664K)
[2026-10-07T23:49:27.272+0000][329.821s][info][gc             ] GC(114) Pause Young (Allocation Failure) 49M->37M(50M) 7.367ms
[2026-10-07T23:49:27.272+0000][329.821s][info][gc,cpu         ] GC(114) User=0.01s Sys=0.00s Real=0.00s
[2026-10-07T23:49:28.806+0000][331.356s][info][gc,start       ] GC(115) Pause Young (Allocation Failure)
[2026-10-07T23:49:28.814+0000][331.363s][info][gc,heap        ] GC(115) PSYoungGen: 12448K(12800K)->193K(12800K) Eden: 12288K(12288K)->0K(12288K) From: 160K(512K)->193K(512K)
[2026-10-07T23:49:28.814+0000][331.363s][info][gc,heap        ] GC(115) ParOldGen: 38695K(38912K)->38735K(38912K)
[2026-10-07T23:49:28.814+0000][331.363s][info][gc,metaspace   ] GC(115) Metaspace: 73678K(74432K)->73678K(74432K) NonClass: 64371K(64768K)->64371K(64768K) Class: 9306K(9664K)->9306K(9664K)
[2026-10-07T23:49:28.814+0000][331.363s][info][gc             ] GC(115) Pause Young (Allocation Failure) 49M->38M(50M) 7.723ms
[2026-10-07T23:49:28.814+0000][331.364s][info][gc,cpu         ] GC(115) User=0.00s Sys=0.00s Real=0.01s
[2026-10-07T23:49:30.337+0000][332.886s][info][gc,start       ] GC(116) Pause Young (Allocation Failure)
[2026-10-07T23:49:30.342+0000][332.891s][info][gc,heap        ] GC(116) PSYoungGen: 12481K(12800K)->192K(12800K) Eden: 12288K(12288K)->0K(12288K) From: 193K(512K)->192K(512K)
[2026-10-07T23:49:30.342+0000][332.891s][info][gc,heap        ] GC(116) ParOldGen: 38735K(38912K)->38845K(38912K)
[2026-10-07T23:49:30.342+0000][332.891s][info][gc,metaspace   ] GC(116) Metaspace: 73684K(74432K)->73684K(74432K) NonClass: 64377K(64768K)->64377K(64768K) Class: 9306K(9664K)->9306K(9664K)
[2026-10-07T23:49:30.342+0000][332.891s][info][gc             ] GC(116) Pause Young (Allocation Failure) 50M->38M(50M) 5.420ms
[2026-10-07T23:49:30.342+0000][332.891s][info][gc,cpu         ] GC(116) User=0.00s Sys=0.00s Real=0.00s
[2026-10-07T23:49:31.802+0000][334.352s][info][gc,start       ] GC(117) Pause Young (Allocation Failure)
[2026-10-07T23:49:31.807+0000][334.356s][info][gc,heap        ] GC(117) PSYoungGen: 12480K(12800K)->217K(12800K) Eden: 12288K(12288K)->0K(12288K) From: 192K(512K)->217K(512K)
[2026-10-07T23:49:31.807+0000][334.356s][info][gc,heap        ] GC(117) ParOldGen: 38845K(38912K)->38949K(39424K)
[2026-10-07T23:49:31.807+0000][334.356s][info][gc,metaspace   ] GC(117) Metaspace: 73688K(74432K)->73688K(74432K) NonClass: 64382K(64768K)->64382K(64768K) Class: 9306K(9664K)->9306K(9664K)
[2026-10-07T23:49:31.807+0000][334.356s][info][gc             ] GC(117) Pause Young (Allocation Failure) 50M->38M(51M) 4.753ms
[2026-10-07T23:49:31.807+0000][334.356s][info][gc,cpu         ] GC(117) User=0.00s Sys=0.00s Real=0.01s
[2026-10-07T23:49:33.333+0000][335.882s][info][gc,start       ] GC(118) Pause Young (Allocation Failure)
[2026-10-07T23:49:33.337+0000][335.887s][info][gc,heap        ] GC(118) PSYoungGen: 12505K(12800K)->204K(12800K) Eden: 12288K(12288K)->0K(12288K) From: 217K(512K)->204K(512K)
[2026-10-07T23:49:33.337+0000][335.887s][info][gc,heap        ] GC(118) ParOldGen: 38949K(39424K)->39005K(39424K)
[2026-10-07T23:49:33.338+0000][335.887s][info][gc,metaspace   ] GC(118) Metaspace: 73689K(74432K)->73689K(74432K) NonClass: 64383K(64768K)->64383K(64768K) Class: 9306K(9664K)->9306K(9664K)
[2026-10-07T23:49:33.338+0000][335.888s][info][gc             ] GC(118) Pause Young (Allocation Failure) 50M->38M(51M) 4.589ms
[2026-10-07T23:49:33.338+0000][335.888s][info][gc,cpu         ] GC(118) User=0.01s Sys=0.00s Real=0.01s
[2026-10-07T23:49:34.862+0000][337.412s][info][gc,start       ] GC(119) Pause Young (Allocation Failure)
[2026-10-07T23:49:34.867+0000][337.416s][info][gc,heap        ] GC(119) PSYoungGen: 12492K(12800K)->224K(12800K) Eden: 12288K(12288K)->0K(12288K) From: 204K(512K)->224K(512K)
[2026-10-07T23:49:34.867+0000][337.416s][info][gc,heap        ] GC(119) ParOldGen: 39005K(39424K)->39113K(39424K)
[2026-10-07T23:49:34.867+0000][337.416s][info][gc,metaspace   ] GC(119) Metaspace: 73691K(74432K)->73691K(74432K) NonClass: 64384K(64768K)->64384K(64768K) Class: 9306K(9664K)->9306K(9664K)
[2026-10-07T23:49:34.867+0000][337.416s][info][gc             ] GC(119) Pause Young (Allocation Failure) 50M->38M(51M) 4.455ms
[2026-10-07T23:49:34.867+0000][337.416s][info][gc,cpu         ] GC(119) User=0.00s Sys=0.00s Real=0.01s
[2026-10-07T23:49:36.404+0000][338.953s][info][gc,start       ] GC(120) Pause Young (Allocation Failure)
[2026-10-07T23:49:36.409+0000][338.958s][info][gc,heap        ] GC(120) PSYoungGen: 12512K(12800K)->224K(12800K) Eden: 12288K(12288K)->0K(12288K) From: 224K(512K)->224K(512K)
[2026-10-07T23:49:36.409+0000][338.958s][info][gc,heap        ] GC(120) ParOldGen: 39113K(39424K)->39221K(39424K)
[2026-10-07T23:49:36.409+0000][338.958s][info][gc,metaspace   ] GC(120) Metaspace: 73691K(74432K)->73691K(74432K) NonClass: 64384K(64768K)->64384K(64768K) Class: 9306K(9664K)->9306K(9664K)
[2026-10-07T23:49:36.409+0000][338.958s][info][gc             ] GC(120) Pause Young (Allocation Failure) 50M->38M(51M) 5.566ms
[2026-10-07T23:49:36.409+0000][338.958s][info][gc,cpu         ] GC(120) User=0.00s Sys=0.00s Real=0.01s
[2026-10-07T23:49:37.878+0000][340.428s][info][gc,start       ] GC(121) Pause Young (Allocation Failure)
[2026-10-07T23:49:37.883+0000][340.433s][info][gc,heap        ] GC(121) PSYoungGen: 12495K(12800K)->320K(12800K) Eden: 12271K(12288K)->0K(12288K) From: 224K(512K)->320K(512K)
[2026-10-07T23:49:37.883+0000][340.433s][info][gc,heap        ] GC(121) ParOldGen: 39221K(39424K)->39322K(39424K)
[2026-10-07T23:49:37.883+0000][340.433s][info][gc,metaspace   ] GC(121) Metaspace: 73691K(74432K)->73691K(74432K) NonClass: 64384K(64768K)->64384K(64768K) Class: 9306K(9664K)->9306K(9664K)
[2026-10-07T23:49:37.883+0000][340.433s][info][gc             ] GC(121) Pause Young (Allocation Failure) 50M->38M(51M) 5.118ms
[2026-10-07T23:49:37.883+0000][340.433s][info][gc,cpu         ] GC(121) User=0.01s Sys=0.00s Real=0.00s
[2026-10-07T23:49:39.404+0000][341.953s][info][gc,start       ] GC(122) Pause Young (Allocation Failure)
[2026-10-07T23:49:39.408+0000][341.958s][info][gc,heap        ] GC(122) PSYoungGen: 12608K(12800K)->242K(12800K) Eden: 12288K(12288K)->0K(12288K) From: 320K(512K)->242K(512K)
[2026-10-07T23:49:39.408+0000][341.958s][info][gc,heap        ] GC(122) ParOldGen: 39322K(39424K)->39410K(39424K)
[2026-10-07T23:49:39.408+0000][341.958s][info][gc,metaspace   ] GC(122) Metaspace: 73691K(74432K)->73691K(74432K) NonClass: 64384K(64768K)->64384K(64768K) Class: 9306K(9664K)->9306K(9664K)
[2026-10-07T23:49:39.408+0000][341.958s][info][gc             ] GC(122) Pause Young (Allocation Failure) 50M->38M(51M) 4.431ms
[2026-10-07T23:49:39.408+0000][341.958s][info][gc,cpu         ] GC(122) User=0.00s Sys=0.00s Real=0.00s
[2026-10-07T23:49:40.947+0000][343.496s][info][gc,start       ] GC(123) Pause Young (Allocation Failure)
[2026-10-07T23:49:40.951+0000][343.500s][info][gc,heap        ] GC(123) PSYoungGen: 12530K(12800K)->160K(12800K) Eden: 12288K(12288K)->0K(12288K) From: 242K(512K)->160K(512K)
[2026-10-07T23:49:40.951+0000][343.500s][info][gc,heap        ] GC(123) ParOldGen: 39410K(39424K)->39580K(39936K)
[2026-10-07T23:49:40.951+0000][343.500s][info][gc,metaspace   ] GC(123) Metaspace: 73695K(74496K)->73695K(74496K) NonClass: 64389K(64832K)->64389K(64832K) Class: 9306K(9664K)->9306K(9664K)
[2026-10-07T23:49:40.951+0000][343.500s][info][gc             ] GC(123) Pause Young (Allocation Failure) 50M->38M(51M) 4.026ms
[2026-10-07T23:49:40.951+0000][343.500s][info][gc,cpu         ] GC(123) User=0.01s Sys=0.00s Real=0.00s
[2026-10-07T23:49:42.455+0000][345.004s][info][gc,start       ] GC(124) Pause Young (Allocation Failure)
[2026-10-07T23:49:42.460+0000][345.009s][info][gc,heap        ] GC(124) PSYoungGen: 12448K(12800K)->192K(12800K) Eden: 12288K(12288K)->0K(12288K) From: 160K(512K)->192K(512K)
[2026-10-07T23:49:42.460+0000][345.009s][info][gc,heap        ] GC(124) ParOldGen: 39580K(39936K)->39669K(39936K)
[2026-10-07T23:49:42.460+0000][345.009s][info][gc,metaspace   ] GC(124) Metaspace: 73695K(74496K)->73695K(74496K) NonClass: 64389K(64832K)->64389K(64832K) Class: 9306K(9664K)->9306K(9664K)
[2026-10-07T23:49:42.460+0000][345.009s][info][gc             ] GC(124) Pause Young (Allocation Failure) 50M->38M(51M) 5.271ms
[2026-10-07T23:49:42.460+0000][345.009s][info][gc,cpu         ] GC(124) User=0.01s Sys=0.00s Real=0.00s
[2026-10-07T23:49:43.978+0000][346.528s][info][gc,start       ] GC(125) Pause Young (Allocation Failure)
[2026-10-07T23:49:43.989+0000][346.538s][info][gc,heap        ] GC(125) PSYoungGen: 12480K(12800K)->258K(12800K) Eden: 12288K(12288K)->0K(12288K) From: 192K(512K)->258K(512K)
[2026-10-07T23:49:43.989+0000][346.538s][info][gc,heap        ] GC(125) ParOldGen: 39669K(39936K)->39737K(39936K)
[2026-10-07T23:49:43.989+0000][346.538s][info][gc,metaspace   ] GC(125) Metaspace: 73697K(74496K)->73697K(74496K) NonClass: 64390K(64832K)->64390K(64832K) Class: 9306K(9664K)->9306K(9664K)
[2026-10-07T23:49:43.989+0000][346.538s][info][gc             ] GC(125) Pause Young (Allocation Failure) 50M->39M(51M) 10.468ms
[2026-10-07T23:49:43.990+0000][346.540s][info][gc,cpu         ] GC(125) User=0.01s Sys=0.00s Real=0.01s
[2026-10-07T23:49:45.525+0000][348.074s][info][gc,start       ] GC(126) Pause Young (Allocation Failure)
[2026-10-07T23:49:45.529+0000][348.078s][info][gc,heap        ] GC(126) PSYoungGen: 12546K(12800K)->192K(12800K) Eden: 12288K(12288K)->0K(12288K) From: 258K(512K)->192K(512K)
[2026-10-07T23:49:45.529+0000][348.078s][info][gc,heap        ] GC(126) ParOldGen: 39737K(39936K)->39852K(39936K)
[2026-10-07T23:49:45.529+0000][348.078s][info][gc,metaspace   ] GC(126) Metaspace: 73697K(74496K)->73697K(74496K) NonClass: 64391K(64832K)->64391K(64832K) Class: 9306K(9664K)->9306K(9664K)
[2026-10-07T23:49:45.529+0000][348.078s][info][gc             ] GC(126) Pause Young (Allocation Failure) 51M->39M(51M) 4.146ms
[2026-10-07T23:49:45.529+0000][348.078s][info][gc,cpu         ] GC(126) User=0.01s Sys=0.00s Real=0.00s
[2026-10-07T23:49:46.974+0000][349.523s][info][gc,start       ] GC(127) Pause Young (Allocation Failure)
[2026-10-07T23:49:46.977+0000][349.527s][info][gc,heap        ] GC(127) PSYoungGen: 12480K(12800K)->218K(12800K) Eden: 12288K(12288K)->0K(12288K) From: 192K(512K)->218K(512K)
[2026-10-07T23:49:46.977+0000][349.527s][info][gc,heap        ] GC(127) ParOldGen: 39852K(39936K)->39948K(40448K)
[2026-10-07T23:49:46.977+0000][349.527s][info][gc,metaspace   ] GC(127) Metaspace: 73702K(74496K)->73702K(74496K) NonClass: 64396K(64832K)->64396K(64832K) Class: 9306K(9664K)->9306K(9664K)
[2026-10-07T23:49:46.978+0000][349.527s][info][gc             ] GC(127) Pause Young (Allocation Failure) 51M->39M(52M) 3.909ms
[2026-10-07T23:49:46.978+0000][349.527s][info][gc,cpu         ] GC(127) User=0.00s Sys=0.00s Real=0.00s
[2026-10-07T23:49:48.483+0000][351.032s][info][gc,start       ] GC(128) Pause Young (Allocation Failure)
[2026-10-07T23:49:48.488+0000][351.038s][info][gc,heap        ] GC(128) PSYoungGen: 12506K(12800K)->238K(12800K) Eden: 12288K(12288K)->0K(12288K) From: 218K(512K)->238K(512K)
[2026-10-07T23:49:48.488+0000][351.038s][info][gc,heap        ] GC(128) ParOldGen: 39948K(40448K)->40046K(40448K)
[2026-10-07T23:49:48.488+0000][351.038s][info][gc,metaspace   ] GC(128) Metaspace: 73703K(74496K)->73703K(74496K) NonClass: 64396K(64832K)->64396K(64832K) Class: 9306K(9664K)->9306K(9664K)
[2026-10-07T23:49:48.488+0000][351.038s][info][gc             ] GC(128) Pause Young (Allocation Failure) 51M->39M(52M) 5.376ms
[2026-10-07T23:49:48.488+0000][351.038s][info][gc,cpu         ] GC(128) User=0.01s Sys=0.00s Real=0.01s
[2026-10-07T23:49:50.033+0000][352.582s][info][gc,start       ] GC(129) Pause Young (Allocation Failure)
[2026-10-07T23:49:50.040+0000][352.589s][info][gc,heap        ] GC(129) PSYoungGen: 12526K(12800K)->192K(12800K) Eden: 12288K(12288K)->0K(12288K) From: 238K(512K)->192K(512K)
[2026-10-07T23:49:50.040+0000][352.589s][info][gc,heap        ] GC(129) ParOldGen: 40046K(40448K)->40153K(40448K)
[2026-10-07T23:49:50.040+0000][352.589s][info][gc,metaspace   ] GC(129) Metaspace: 73703K(74496K)->73703K(74496K) NonClass: 64396K(64832K)->64396K(64832K) Class: 9306K(9664K)->9306K(9664K)
[2026-10-07T23:49:50.040+0000][352.590s][info][gc             ] GC(129) Pause Young (Allocation Failure) 51M->39M(52M) 7.193ms
[2026-10-07T23:49:50.040+0000][352.590s][info][gc,cpu         ] GC(129) User=0.00s Sys=0.00s Real=0.01s
[2026-10-07T23:49:51.588+0000][354.138s][info][gc,start       ] GC(130) Pause Young (Allocation Failure)
[2026-10-07T23:49:51.593+0000][354.142s][info][gc,heap        ] GC(130) PSYoungGen: 12480K(12800K)->192K(12800K) Eden: 12288K(12288K)->0K(12288K) From: 192K(512K)->192K(512K)
[2026-10-07T23:49:51.593+0000][354.142s][info][gc,heap        ] GC(130) ParOldGen: 40153K(40448K)->40241K(40448K)
[2026-10-07T23:49:51.593+0000][354.142s][info][gc,metaspace   ] GC(130) Metaspace: 73703K(74496K)->73703K(74496K) NonClass: 64396K(64832K)->64396K(64832K) Class: 9306K(9664K)->9306K(9664K)
[2026-10-07T23:49:51.593+0000][354.142s][info][gc             ] GC(130) Pause Young (Allocation Failure) 51M->39M(52M) 4.565ms
[2026-10-07T23:49:51.593+0000][354.142s][info][gc,cpu         ] GC(130) User=0.01s Sys=0.00s Real=0.00s
[2026-10-07T23:49:53.061+0000][355.610s][info][gc,start       ] GC(131) Pause Young (Allocation Failure)
[2026-10-07T23:49:53.067+0000][355.617s][info][gc,heap        ] GC(131) PSYoungGen: 12480K(12800K)->240K(12800K) Eden: 12288K(12288K)->0K(12288K) From: 192K(512K)->240K(512K)
[2026-10-07T23:49:53.067+0000][355.617s][info][gc,heap        ] GC(131) ParOldGen: 40241K(40448K)->40309K(40448K)
[2026-10-07T23:49:53.067+0000][355.617s][info][gc,metaspace   ] GC(131) Metaspace: 73705K(74496K)->73705K(74496K) NonClass: 64399K(64832K)->64399K(64832K) Class: 9306K(9664K)->9306K(9664K)
[2026-10-07T23:49:53.067+0000][355.617s][info][gc             ] GC(131) Pause Young (Allocation Failure) 51M->39M(52M) 6.387ms
[2026-10-07T23:49:53.068+0000][355.617s][info][gc,cpu         ] GC(131) User=0.00s Sys=0.00s Real=0.01s
[2026-10-07T23:49:54.606+0000][357.155s][info][gc,start       ] GC(132) Pause Young (Allocation Failure)
[2026-10-07T23:49:54.609+0000][357.159s][info][gc,heap        ] GC(132) PSYoungGen: 12528K(12800K)->224K(12800K) Eden: 12288K(12288K)->0K(12288K) From: 240K(512K)->224K(512K)
[2026-10-07T23:49:54.610+0000][357.159s][info][gc,heap        ] GC(132) ParOldGen: 40309K(40448K)->40398K(40448K)
[2026-10-07T23:49:54.610+0000][357.159s][info][gc,metaspace   ] GC(132) Metaspace: 73705K(74496K)->73705K(74496K) NonClass: 64399K(64832K)->64399K(64832K) Class: 9306K(9664K)->9306K(9664K)
[2026-10-07T23:49:54.610+0000][357.159s][info][gc             ] GC(132) Pause Young (Allocation Failure) 51M->39M(52M) 3.953ms
[2026-10-07T23:49:54.610+0000][357.159s][info][gc,cpu         ] GC(132) User=0.00s Sys=0.00s Real=0.00s
[2026-10-07T23:49:56.133+0000][358.682s][info][gc,start       ] GC(133) Pause Young (Allocation Failure)
[2026-10-07T23:49:56.137+0000][358.687s][info][gc,heap        ] GC(133) PSYoungGen: 12512K(12800K)->192K(12800K) Eden: 12288K(12288K)->0K(12288K) From: 224K(512K)->192K(512K)
[2026-10-07T23:49:56.137+0000][358.687s][info][gc,heap        ] GC(133) ParOldGen: 40398K(40448K)->40518K(40960K)
[2026-10-07T23:49:56.137+0000][358.687s][info][gc,metaspace   ] GC(133) Metaspace: 73705K(74496K)->73705K(74496K) NonClass: 64399K(64832K)->64399K(64832K) Class: 9306K(9664K)->9306K(9664K)
[2026-10-07T23:49:56.138+0000][358.687s][info][gc             ] GC(133) Pause Young (Allocation Failure) 51M->39M(52M) 4.677ms
[2026-10-07T23:49:56.138+0000][358.687s][info][gc,cpu         ] GC(133) User=0.01s Sys=0.00s Real=0.01s
[2026-10-07T23:49:57.656+0000][360.205s][info][gc,start       ] GC(134) Pause Young (Allocation Failure)
[2026-10-07T23:49:57.661+0000][360.210s][info][gc,heap        ] GC(134) PSYoungGen: 12480K(12800K)->192K(12800K) Eden: 12288K(12288K)->0K(12288K) From: 192K(512K)->192K(512K)
[2026-10-07T23:49:57.661+0000][360.210s][info][gc,heap        ] GC(134) ParOldGen: 40518K(40960K)->40610K(40960K)
[2026-10-07T23:49:57.661+0000][360.210s][info][gc,metaspace   ] GC(134) Metaspace: 73705K(74496K)->73705K(74496K) NonClass: 64399K(64832K)->64399K(64832K) Class: 9306K(9664K)->9306K(9664K)
[2026-10-07T23:49:57.662+0000][360.211s][info][gc             ] GC(134) Pause Young (Allocation Failure) 51M->39M(52M) 5.830ms
[2026-10-07T23:49:57.662+0000][360.211s][info][gc,cpu         ] GC(134) User=0.01s Sys=0.01s Real=0.00s
[2026-10-07T23:49:59.162+0000][361.711s][info][gc,start       ] GC(135) Pause Young (Allocation Failure)
[2026-10-07T23:49:59.166+0000][361.716s][info][gc,heap        ] GC(135) PSYoungGen: 12480K(12800K)->250K(12800K) Eden: 12288K(12288K)->0K(12288K) From: 192K(512K)->250K(512K)
[2026-10-07T23:49:59.166+0000][361.716s][info][gc,heap        ] GC(135) ParOldGen: 40610K(40960K)->40670K(40960K)
[2026-10-07T23:49:59.167+0000][361.716s][info][gc,metaspace   ] GC(135) Metaspace: 73707K(74496K)->73707K(74496K) NonClass: 64401K(64832K)->64401K(64832K) Class: 9306K(9664K)->9306K(9664K)
[2026-10-07T23:49:59.167+0000][361.716s][info][gc             ] GC(135) Pause Young (Allocation Failure) 51M->39M(52M) 4.974ms
[2026-10-07T23:49:59.167+0000][361.716s][info][gc,cpu         ] GC(135) User=0.00s Sys=0.00s Real=0.01s
[2026-10-07T23:50:00.699+0000][363.248s][info][gc,start       ] GC(136) Pause Young (Allocation Failure)
[2026-10-07T23:50:00.703+0000][363.253s][info][gc,heap        ] GC(136) PSYoungGen: 12538K(12800K)->224K(12800K) Eden: 12288K(12288K)->0K(12288K) From: 250K(512K)->224K(512K)
[2026-10-07T23:50:00.703+0000][363.253s][info][gc,heap        ] GC(136) ParOldGen: 40670K(40960K)->40817K(40960K)
[2026-10-07T23:50:00.703+0000][363.253s][info][gc,metaspace   ] GC(136) Metaspace: 73711K(74496K)->73711K(74496K) NonClass: 64405K(64832K)->64405K(64832K) Class: 9306K(9664K)->9306K(9664K)
[2026-10-07T23:50:00.703+0000][363.253s][info][gc             ] GC(136) Pause Young (Allocation Failure) 51M->40M(52M) 4.657ms
[2026-10-07T23:50:00.703+0000][363.253s][info][gc,cpu         ] GC(136) User=0.01s Sys=0.00s Real=0.00s
[2026-10-07T23:50:02.154+0000][364.703s][info][gc,start       ] GC(137) Pause Young (Allocation Failure)
[2026-10-07T23:50:02.159+0000][364.708s][info][gc,heap        ] GC(137) PSYoungGen: 12512K(12800K)->217K(12800K) Eden: 12288K(12288K)->0K(12288K) From: 224K(512K)->217K(512K)
[2026-10-07T23:50:02.159+0000][364.708s][info][gc,heap        ] GC(137) ParOldGen: 40817K(40960K)->40921K(40960K)
[2026-10-07T23:50:02.159+0000][364.708s][info][gc,metaspace   ] GC(137) Metaspace: 73715K(74496K)->73715K(74496K) NonClass: 64409K(64832K)->64409K(64832K) Class: 9306K(9664K)->9306K(9664K)
[2026-10-07T23:50:02.159+0000][364.708s][info][gc             ] GC(137) Pause Young (Allocation Failure) 52M->40M(52M) 4.736ms
[2026-10-07T23:50:02.159+0000][364.708s][info][gc,cpu         ] GC(137) User=0.00s Sys=0.00s Real=0.00s
[2026-10-07T23:50:03.657+0000][366.206s][info][gc,start       ] GC(138) Pause Young (Allocation Failure)
[2026-10-07T23:50:03.660+0000][366.210s][info][gc,heap        ] GC(138) PSYoungGen: 12505K(12800K)->253K(12800K) Eden: 12288K(12288K)->0K(12288K) From: 217K(512K)->253K(512K)
[2026-10-07T23:50:03.660+0000][366.210s][info][gc,heap        ] GC(138) ParOldGen: 40921K(40960K)->40981K(41472K)
[2026-10-07T23:50:03.660+0000][366.210s][info][gc,metaspace   ] GC(138) Metaspace: 73718K(74496K)->73718K(74496K) NonClass: 64412K(64832K)->64412K(64832K) Class: 9306K(9664K)->9306K(9664K)
[2026-10-07T23:50:03.660+0000][366.210s][info][gc             ] GC(138) Pause Young (Allocation Failure) 52M->40M(53M) 3.498ms
[2026-10-07T23:50:03.660+0000][366.210s][info][gc,cpu         ] GC(138) User=0.00s Sys=0.01s Real=0.00s
[2026-10-07T23:50:05.193+0000][367.742s][info][gc,start       ] GC(139) Pause Young (Allocation Failure)
[2026-10-07T23:50:05.197+0000][367.747s][info][gc,heap        ] GC(139) PSYoungGen: 12541K(12800K)->224K(12800K) Eden: 12288K(12288K)->0K(12288K) From: 253K(512K)->224K(512K)
[2026-10-07T23:50:05.197+0000][367.747s][info][gc,heap        ] GC(139) ParOldGen: 40981K(41472K)->41094K(41472K)
[2026-10-07T23:50:05.197+0000][367.747s][info][gc,metaspace   ] GC(139) Metaspace: 73720K(74496K)->73720K(74496K) NonClass: 64414K(64832K)->64414K(64832K) Class: 9306K(9664K)->9306K(9664K)
[2026-10-07T23:50:05.198+0000][367.747s][info][gc             ] GC(139) Pause Young (Allocation Failure) 52M->40M(53M) 4.763ms
[2026-10-07T23:50:05.198+0000][367.747s][info][gc,cpu         ] GC(139) User=0.01s Sys=0.00s Real=0.01s
[2026-10-07T23:50:06.740+0000][369.290s][info][gc,start       ] GC(140) Pause Young (Allocation Failure)
[2026-10-07T23:50:06.745+0000][369.295s][info][gc,heap        ] GC(140) PSYoungGen: 12501K(12800K)->224K(12800K) Eden: 12277K(12288K)->0K(12288K) From: 224K(512K)->224K(512K)
[2026-10-07T23:50:06.746+0000][369.295s][info][gc,heap        ] GC(140) ParOldGen: 41094K(41472K)->41162K(41472K)
[2026-10-07T23:50:06.746+0000][369.295s][info][gc,metaspace   ] GC(140) Metaspace: 73729K(74496K)->73729K(74496K) NonClass: 64422K(64832K)->64422K(64832K) Class: 9306K(9664K)->9306K(9664K)
[2026-10-07T23:50:06.746+0000][369.295s][info][gc             ] GC(140) Pause Young (Allocation Failure) 52M->40M(53M) 5.667ms
[2026-10-07T23:50:06.746+0000][369.295s][info][gc,cpu         ] GC(140) User=0.01s Sys=0.00s Real=0.01s
[2026-10-07T23:50:08.262+0000][370.811s][info][gc,start       ] GC(141) Pause Young (Allocation Failure)
[2026-10-07T23:50:08.267+0000][370.817s][info][gc,heap        ] GC(141) PSYoungGen: 12512K(12800K)->204K(12800K) Eden: 12288K(12288K)->0K(12288K) From: 224K(512K)->204K(512K)
[2026-10-07T23:50:08.267+0000][370.817s][info][gc,heap        ] GC(141) ParOldGen: 41162K(41472K)->41227K(41472K)
[2026-10-07T23:50:08.267+0000][370.817s][info][gc,metaspace   ] GC(141) Metaspace: 73729K(74496K)->73729K(74496K) NonClass: 64423K(64832K)->64423K(64832K) Class: 9306K(9664K)->9306K(9664K)
[2026-10-07T23:50:08.267+0000][370.817s][info][gc             ] GC(141) Pause Young (Allocation Failure) 52M->40M(53M) 5.206ms
[2026-10-07T23:50:08.267+0000][370.817s][info][gc,cpu         ] GC(141) User=0.00s Sys=0.00s Real=0.01s
[2026-10-07T23:50:09.774+0000][372.323s][info][gc,start       ] GC(142) Pause Young (Allocation Failure)
[2026-10-07T23:50:09.779+0000][372.329s][info][gc,heap        ] GC(142) PSYoungGen: 12492K(12800K)->224K(12800K) Eden: 12288K(12288K)->0K(12288K) From: 204K(512K)->224K(512K)
[2026-10-07T23:50:09.779+0000][372.329s][info][gc,heap        ] GC(142) ParOldGen: 41227K(41472K)->41323K(41472K)
[2026-10-07T23:50:09.779+0000][372.329s][info][gc,metaspace   ] GC(142) Metaspace: 73729K(74496K)->73729K(74496K) NonClass: 64423K(64832K)->64423K(64832K) Class: 9306K(9664K)->9306K(9664K)
[2026-10-07T23:50:09.780+0000][372.329s][info][gc             ] GC(142) Pause Young (Allocation Failure) 52M->40M(53M) 5.673ms
[2026-10-07T23:50:09.780+0000][372.329s][info][gc,cpu         ] GC(142) User=0.00s Sys=0.00s Real=0.00s
[2026-10-07T23:50:11.336+0000][373.885s][info][gc,start       ] GC(143) Pause Young (Allocation Failure)
[2026-10-07T23:50:11.341+0000][373.890s][info][gc,heap        ] GC(143) PSYoungGen: 12512K(12800K)->224K(12800K) Eden: 12288K(12288K)->0K(12288K) From: 224K(512K)->224K(512K)
[2026-10-07T23:50:11.341+0000][373.890s][info][gc,heap        ] GC(143) ParOldGen: 41323K(41472K)->41387K(41472K)
[2026-10-07T23:50:11.341+0000][373.890s][info][gc,metaspace   ] GC(143) Metaspace: 73729K(74496K)->73729K(74496K) NonClass: 64423K(64832K)->64423K(64832K) Class: 9306K(9664K)->9306K(9664K)
[2026-10-07T23:50:11.341+0000][373.890s][info][gc             ] GC(143) Pause Young (Allocation Failure) 52M->40M(53M) 4.960ms
[2026-10-07T23:50:11.341+0000][373.891s][info][gc,cpu         ] GC(143) User=0.00s Sys=0.00s Real=0.00s
[2026-10-07T23:50:12.848+0000][375.397s][info][gc,start       ] GC(144) Pause Young (Allocation Failure)
[2026-10-07T23:50:12.856+0000][375.405s][info][gc,heap        ] GC(144) PSYoungGen: 12512K(12800K)->192K(12800K) Eden: 12288K(12288K)->0K(12288K) From: 224K(512K)->192K(512K)
[2026-10-07T23:50:12.856+0000][375.405s][info][gc,heap        ] GC(144) ParOldGen: 41387K(41472K)->41475K(41984K)
[2026-10-07T23:50:12.856+0000][375.405s][info][gc,metaspace   ] GC(144) Metaspace: 73729K(74496K)->73729K(74496K) NonClass: 64423K(64832K)->64423K(64832K) Class: 9306K(9664K)->9306K(9664K)
[2026-10-07T23:50:12.856+0000][375.405s][info][gc             ] GC(144) Pause Young (Allocation Failure) 52M->40M(53M) 8.092ms
[2026-10-07T23:50:12.856+0000][375.405s][info][gc,cpu         ] GC(144) User=0.00s Sys=0.00s Real=0.01s
[2026-10-07T23:50:14.371+0000][376.920s][info][gc,start       ] GC(145) Pause Young (Allocation Failure)
[2026-10-07T23:50:14.377+0000][376.926s][info][gc,heap        ] GC(145) PSYoungGen: 12480K(12800K)->235K(12800K) Eden: 12288K(12288K)->0K(12288K) From: 192K(512K)->235K(512K)
[2026-10-07T23:50:14.377+0000][376.926s][info][gc,heap        ] GC(145) ParOldGen: 41475K(41984K)->41559K(41984K)
[2026-10-07T23:50:14.377+0000][376.926s][info][gc,metaspace   ] GC(145) Metaspace: 73729K(74496K)->73729K(74496K) NonClass: 64423K(64832K)->64423K(64832K) Class: 9306K(9664K)->9306K(9664K)
[2026-10-07T23:50:14.377+0000][376.926s][info][gc             ] GC(145) Pause Young (Allocation Failure) 52M->40M(53M) 5.857ms
[2026-10-07T23:50:14.377+0000][376.926s][info][gc,cpu         ] GC(145) User=0.01s Sys=0.00s Real=0.01s
[2026-10-07T23:50:15.917+0000][378.467s][info][gc,start       ] GC(146) Pause Young (Allocation Failure)
[2026-10-07T23:50:15.923+0000][378.473s][info][gc,heap        ] GC(146) PSYoungGen: 12523K(12800K)->224K(12800K) Eden: 12288K(12288K)->0K(12288K) From: 235K(512K)->224K(512K)
[2026-10-07T23:50:15.924+0000][378.473s][info][gc,heap        ] GC(146) ParOldGen: 41559K(41984K)->41690K(41984K)
[2026-10-07T23:50:15.924+0000][378.473s][info][gc,metaspace   ] GC(146) Metaspace: 73729K(74496K)->73729K(74496K) NonClass: 64423K(64832K)->64423K(64832K) Class: 9306K(9664K)->9306K(9664K)
[2026-10-07T23:50:15.924+0000][378.473s][info][gc             ] GC(146) Pause Young (Allocation Failure) 52M->40M(53M) 6.399ms
[2026-10-07T23:50:15.924+0000][378.473s][info][gc,cpu         ] GC(146) User=0.00s Sys=0.01s Real=0.01s
[2026-10-07T23:50:17.381+0000][379.931s][info][gc,start       ] GC(147) Pause Young (Allocation Failure)
[2026-10-07T23:50:17.389+0000][379.939s][info][gc,heap        ] GC(147) PSYoungGen: 12512K(12800K)->185K(12800K) Eden: 12288K(12288K)->0K(12288K) From: 224K(512K)->185K(512K)
[2026-10-07T23:50:17.389+0000][379.939s][info][gc,heap        ] GC(147) ParOldGen: 41690K(41984K)->41790K(41984K)
[2026-10-07T23:50:17.389+0000][379.939s][info][gc,metaspace   ] GC(147) Metaspace: 73729K(74496K)->73729K(74496K) NonClass: 64423K(64832K)->64423K(64832K) Class: 9306K(9664K)->9306K(9664K)
[2026-10-07T23:50:17.389+0000][379.939s][info][gc             ] GC(147) Pause Young (Allocation Failure) 52M->40M(53M) 8.147ms
[2026-10-07T23:50:17.390+0000][379.939s][info][gc,cpu         ] GC(147) User=0.00s Sys=0.00s Real=0.01s
[2026-10-07T23:50:18.906+0000][381.456s][info][gc,start       ] GC(148) Pause Young (Allocation Failure)
[2026-10-07T23:50:18.911+0000][381.460s][info][gc,heap        ] GC(148) PSYoungGen: 12473K(12800K)->250K(12800K) Eden: 12288K(12288K)->0K(12288K) From: 185K(512K)->250K(512K)
[2026-10-07T23:50:18.911+0000][381.460s][info][gc,heap        ] GC(148) ParOldGen: 41790K(41984K)->41876K(41984K)
[2026-10-07T23:50:18.911+0000][381.460s][info][gc,metaspace   ] GC(148) Metaspace: 73730K(74496K)->73730K(74496K) NonClass: 64423K(64832K)->64423K(64832K) Class: 9306K(9664K)->9306K(9664K)
[2026-10-07T23:50:18.911+0000][381.460s][info][gc             ] GC(148) Pause Young (Allocation Failure) 52M->41M(53M) 4.334ms
[2026-10-07T23:50:18.911+0000][381.460s][info][gc,cpu         ] GC(148) User=0.00s Sys=0.00s Real=0.00s
[2026-10-07T23:50:20.454+0000][383.003s][info][gc,start       ] GC(149) Pause Young (Allocation Failure)
[2026-10-07T23:50:20.458+0000][383.007s][info][gc,heap        ] GC(149) PSYoungGen: 12538K(12800K)->224K(12800K) Eden: 12288K(12288K)->0K(12288K) From: 250K(512K)->224K(512K)
[2026-10-07T23:50:20.458+0000][383.007s][info][gc,heap        ] GC(149) ParOldGen: 41876K(41984K)->42011K(42496K)
[2026-10-07T23:50:20.458+0000][383.007s][info][gc,metaspace   ] GC(149) Metaspace: 73730K(74496K)->73730K(74496K) NonClass: 64423K(64832K)->64423K(64832K) Class: 9306K(9664K)->9306K(9664K)
[2026-10-07T23:50:20.458+0000][383.007s][info][gc             ] GC(149) Pause Young (Allocation Failure) 53M->41M(54M) 4.319ms
[2026-10-07T23:50:20.458+0000][383.007s][info][gc,cpu         ] GC(149) User=0.00s Sys=0.01s Real=0.00s
[2026-10-07T23:50:21.956+0000][384.505s][info][gc,start       ] GC(150) Pause Young (Allocation Failure)
[2026-10-07T23:50:21.961+0000][384.510s][info][gc,heap        ] GC(150) PSYoungGen: 12512K(12800K)->192K(12800K) Eden: 12288K(12288K)->0K(12288K) From: 224K(512K)->192K(512K)
[2026-10-07T23:50:21.961+0000][384.510s][info][gc,heap        ] GC(150) ParOldGen: 42011K(42496K)->42107K(42496K)
[2026-10-07T23:50:21.961+0000][384.510s][info][gc,metaspace   ] GC(150) Metaspace: 73730K(74496K)->73730K(74496K) NonClass: 64424K(64832K)->64424K(64832K) Class: 9306K(9664K)->9306K(9664K)
[2026-10-07T23:50:21.961+0000][384.510s][info][gc             ] GC(150) Pause Young (Allocation Failure) 53M->41M(54M) 4.774ms
[2026-10-07T23:50:21.961+0000][384.510s][info][gc,cpu         ] GC(150) User=0.00s Sys=0.00s Real=0.00s
[2026-10-07T23:50:23.475+0000][386.025s][info][gc,start       ] GC(151) Pause Young (Allocation Failure)
[2026-10-07T23:50:23.478+0000][386.028s][info][gc,heap        ] GC(151) PSYoungGen: 12480K(12800K)->239K(12800K) Eden: 12288K(12288K)->0K(12288K) From: 192K(512K)->239K(512K)
[2026-10-07T23:50:23.479+0000][386.028s][info][gc,heap        ] GC(151) ParOldGen: 42107K(42496K)->42183K(42496K)
[2026-10-07T23:50:23.479+0000][386.028s][info][gc,metaspace   ] GC(151) Metaspace: 73730K(74496K)->73730K(74496K) NonClass: 64424K(64832K)->64424K(64832K) Class: 9306K(9664K)->9306K(9664K)
[2026-10-07T23:50:23.479+0000][386.028s][info][gc             ] GC(151) Pause Young (Allocation Failure) 53M->41M(54M) 3.441ms
[2026-10-07T23:50:23.479+0000][386.028s][info][gc,cpu         ] GC(151) User=0.00s Sys=0.00s Real=0.00s
[2026-10-07T23:50:25.025+0000][387.575s][info][gc,start       ] GC(152) Pause Young (Allocation Failure)
[2026-10-07T23:50:25.031+0000][387.580s][info][gc,heap        ] GC(152) PSYoungGen: 12527K(12800K)->192K(12800K) Eden: 12288K(12288K)->0K(12288K) From: 239K(512K)->192K(512K)
[2026-10-07T23:50:25.031+0000][387.580s][info][gc,heap        ] GC(152) ParOldGen: 42183K(42496K)->42307K(42496K)
[2026-10-07T23:50:25.031+0000][387.580s][info][gc,metaspace   ] GC(152) Metaspace: 73733K(74496K)->73733K(74496K) NonClass: 64426K(64832K)->64426K(64832K) Class: 9306K(9664K)->9306K(9664K)
[2026-10-07T23:50:25.031+0000][387.580s][info][gc             ] GC(152) Pause Young (Allocation Failure) 53M->41M(54M) 5.575ms
[2026-10-07T23:50:25.031+0000][387.580s][info][gc,cpu         ] GC(152) User=0.00s Sys=0.00s Real=0.00s
[2026-10-07T23:50:26.550+0000][389.100s][info][gc,start       ] GC(153) Pause Young (Allocation Failure)
[2026-10-07T23:50:26.554+0000][389.104s][info][gc,heap        ] GC(153) PSYoungGen: 12480K(12800K)->224K(12800K) Eden: 12288K(12288K)->0K(12288K) From: 192K(512K)->224K(512K)
[2026-10-07T23:50:26.554+0000][389.104s][info][gc,heap        ] GC(153) ParOldGen: 42307K(42496K)->42383K(42496K)
[2026-10-07T23:50:26.554+0000][389.104s][info][gc,metaspace   ] GC(153) Metaspace: 73733K(74496K)->73733K(74496K) NonClass: 64426K(64832K)->64426K(64832K) Class: 9306K(9664K)->9306K(9664K)
[2026-10-07T23:50:26.554+0000][389.104s][info][gc             ] GC(153) Pause Young (Allocation Failure) 53M->41M(54M) 4.172ms
[2026-10-07T23:50:26.555+0000][389.104s][info][gc,cpu         ] GC(153) User=0.00s Sys=0.00s Real=0.01s
[2026-10-07T23:50:28.046+0000][390.596s][info][gc,start       ] GC(154) Pause Young (Allocation Failure)
[2026-10-07T23:50:28.050+0000][390.600s][info][gc,heap        ] GC(154) PSYoungGen: 12512K(12800K)->218K(12800K) Eden: 12288K(12288K)->0K(12288K) From: 224K(512K)->218K(512K)
[2026-10-07T23:50:28.050+0000][390.600s][info][gc,heap        ] GC(154) ParOldGen: 42383K(42496K)->42467K(42496K)
[2026-10-07T23:50:28.050+0000][390.600s][info][gc,metaspace   ] GC(154) Metaspace: 73734K(74496K)->73734K(74496K) NonClass: 64427K(64832K)->64427K(64832K) Class: 9306K(9664K)->9306K(9664K)
[2026-10-07T23:50:28.050+0000][390.600s][info][gc             ] GC(154) Pause Young (Allocation Failure) 53M->41M(54M) 3.948ms
[2026-10-07T23:50:28.051+0000][390.600s][info][gc,cpu         ] GC(154) User=0.01s Sys=0.01s Real=0.00s
[2026-10-07T23:50:29.584+0000][392.133s][info][gc,start       ] GC(155) Pause Young (Allocation Failure)
[2026-10-07T23:50:29.589+0000][392.138s][info][gc,heap        ] GC(155) PSYoungGen: 12506K(12800K)->192K(12800K) Eden: 12288K(12288K)->0K(12288K) From: 218K(512K)->192K(512K)
[2026-10-07T23:50:29.589+0000][392.138s][info][gc,heap        ] GC(155) ParOldGen: 42467K(42496K)->42610K(43008K)
[2026-10-07T23:50:29.589+0000][392.138s][info][gc,metaspace   ] GC(155) Metaspace: 73734K(74496K)->73734K(74496K) NonClass: 64427K(64832K)->64427K(64832K) Class: 9306K(9664K)->9306K(9664K)
[2026-10-07T23:50:29.589+0000][392.138s][info][gc             ] GC(155) Pause Young (Allocation Failure) 53M->41M(54M) 5.180ms
[2026-10-07T23:50:29.589+0000][392.139s][info][gc,cpu         ] GC(155) User=0.00s Sys=0.00s Real=0.00s
[2026-10-07T23:50:31.128+0000][393.677s][info][gc,start       ] GC(156) Pause Young (Allocation Failure)
[2026-10-07T23:50:31.133+0000][393.682s][info][gc,heap        ] GC(156) PSYoungGen: 12480K(12800K)->224K(12800K) Eden: 12288K(12288K)->0K(12288K) From: 192K(512K)->224K(512K)
[2026-10-07T23:50:31.133+0000][393.682s][info][gc,heap        ] GC(156) ParOldGen: 42610K(43008K)->42678K(43008K)
[2026-10-07T23:50:31.133+0000][393.682s][info][gc,metaspace   ] GC(156) Metaspace: 73735K(74496K)->73735K(74496K) NonClass: 64428K(64832K)->64428K(64832K) Class: 9306K(9664K)->9306K(9664K)
[2026-10-07T23:50:31.133+0000][393.682s][info][gc             ] GC(156) Pause Young (Allocation Failure) 53M->41M(54M) 5.198ms
[2026-10-07T23:50:31.133+0000][393.682s][info][gc,cpu         ] GC(156) User=0.00s Sys=0.00s Real=0.00s
[2026-10-07T23:50:32.585+0000][395.135s][info][gc,start       ] GC(157) Pause Young (Allocation Failure)
[2026-10-07T23:50:32.590+0000][395.139s][info][gc,heap        ] GC(157) PSYoungGen: 12512K(12800K)->224K(12800K) Eden: 12288K(12288K)->0K(12288K) From: 224K(512K)->224K(512K)
[2026-10-07T23:50:32.590+0000][395.139s][info][gc,heap        ] GC(157) ParOldGen: 42678K(43008K)->42758K(43008K)
[2026-10-07T23:50:32.590+0000][395.139s][info][gc,metaspace   ] GC(157) Metaspace: 73744K(74496K)->73744K(74496K) NonClass: 64437K(64832K)->64437K(64832K) Class: 9306K(9664K)->9306K(9664K)
[2026-10-07T23:50:32.590+0000][395.139s][info][gc             ] GC(157) Pause Young (Allocation Failure) 53M->41M(54M) 4.479ms
[2026-10-07T23:50:32.590+0000][395.139s][info][gc,cpu         ] GC(157) User=0.01s Sys=0.01s Real=0.00s
[2026-10-07T23:50:34.113+0000][396.662s][info][gc,start       ] GC(158) Pause Young (Allocation Failure)
[2026-10-07T23:50:34.120+0000][396.669s][info][gc,heap        ] GC(158) PSYoungGen: 12512K(12800K)->194K(12800K) Eden: 12288K(12288K)->0K(12288K) From: 224K(512K)->194K(512K)
[2026-10-07T23:50:34.120+0000][396.669s][info][gc,heap        ] GC(158) ParOldGen: 42758K(43008K)->42854K(43008K)
[2026-10-07T23:50:34.120+0000][396.669s][info][gc,metaspace   ] GC(158) Metaspace: 73744K(74496K)->73744K(74496K) NonClass: 64437K(64832K)->64437K(64832K) Class: 9306K(9664K)->9306K(9664K)
[2026-10-07T23:50:34.120+0000][396.669s][info][gc             ] GC(158) Pause Young (Allocation Failure) 53M->42M(54M) 6.948ms
[2026-10-07T23:50:34.120+0000][396.669s][info][gc,cpu         ] GC(158) User=0.00s Sys=0.00s Real=0.01s
[2026-10-07T23:50:35.650+0000][398.200s][info][gc,start       ] GC(159) Pause Young (Allocation Failure)
[2026-10-07T23:50:35.656+0000][398.206s][info][gc,heap        ] GC(159) PSYoungGen: 12482K(12800K)->192K(12800K) Eden: 12288K(12288K)->0K(12288K) From: 194K(512K)->192K(512K)
[2026-10-07T23:50:35.656+0000][398.206s][info][gc,heap        ] GC(159) ParOldGen: 42854K(43008K)->42952K(43008K)
[2026-10-07T23:50:35.656+0000][398.206s][info][gc,metaspace   ] GC(159) Metaspace: 73746K(74496K)->73746K(74496K) NonClass: 64439K(64832K)->64439K(64832K) Class: 9306K(9664K)->9306K(9664K)
[2026-10-07T23:50:35.656+0000][398.206s][info][gc             ] GC(159) Pause Young (Allocation Failure) 54M->42M(54M) 6.136ms
[2026-10-07T23:50:35.656+0000][398.206s][info][gc,cpu         ] GC(159) User=0.01s Sys=0.00s Real=0.01s
[2026-10-07T23:50:37.164+0000][399.713s][info][gc,start       ] GC(160) Pause Young (Allocation Failure)
[2026-10-07T23:50:37.172+0000][399.721s][info][gc,heap        ] GC(160) PSYoungGen: 12480K(12800K)->192K(12800K) Eden: 12288K(12288K)->0K(12288K) From: 192K(512K)->192K(512K)
[2026-10-07T23:50:37.172+0000][399.721s][info][gc,heap        ] GC(160) ParOldGen: 42952K(43008K)->43048K(43520K)
[2026-10-07T23:50:37.172+0000][399.721s][info][gc,metaspace   ] GC(160) Metaspace: 73746K(74496K)->73746K(74496K) NonClass: 64439K(64832K)->64439K(64832K) Class: 9306K(9664K)->9306K(9664K)
[2026-10-07T23:50:37.172+0000][399.721s][info][gc             ] GC(160) Pause Young (Allocation Failure) 54M->42M(55M) 8.082ms
[2026-10-07T23:50:37.174+0000][399.723s][info][gc,cpu         ] GC(160) User=0.00s Sys=0.00s Real=0.01s
[2026-10-07T23:50:38.692+0000][401.242s][info][gc,start       ] GC(161) Pause Young (Allocation Failure)
[2026-10-07T23:50:38.697+0000][401.246s][info][gc,heap        ] GC(161) PSYoungGen: 12480K(12800K)->269K(12800K) Eden: 12288K(12288K)->0K(12288K) From: 192K(512K)->269K(512K)
[2026-10-07T23:50:38.697+0000][401.246s][info][gc,heap        ] GC(161) ParOldGen: 43048K(43520K)->43112K(43520K)
[2026-10-07T23:50:38.697+0000][401.246s][info][gc,metaspace   ] GC(161) Metaspace: 73746K(74496K)->73746K(74496K) NonClass: 64439K(64832K)->64439K(64832K) Class: 9306K(9664K)->9306K(9664K)
[2026-10-07T23:50:38.697+0000][401.246s][info][gc             ] GC(161) Pause Young (Allocation Failure) 54M->42M(55M) 4.845ms
[2026-10-07T23:50:38.697+0000][401.247s][info][gc,cpu         ] GC(161) User=0.01s Sys=0.00s Real=0.01s
[2026-10-07T23:50:40.237+0000][402.786s][info][gc,start       ] GC(162) Pause Young (Allocation Failure)
[2026-10-07T23:50:40.242+0000][402.791s][info][gc,heap        ] GC(162) PSYoungGen: 12557K(12800K)->192K(12800K) Eden: 12288K(12288K)->0K(12288K) From: 269K(512K)->192K(512K)
[2026-10-07T23:50:40.242+0000][402.791s][info][gc,heap        ] GC(162) ParOldGen: 43112K(43520K)->43242K(43520K)
[2026-10-07T23:50:40.242+0000][402.791s][info][gc,metaspace   ] GC(162) Metaspace: 73746K(74496K)->73746K(74496K) NonClass: 64439K(64832K)->64439K(64832K) Class: 9306K(9664K)->9306K(9664K)
[2026-10-07T23:50:40.242+0000][402.791s][info][gc             ] GC(162) Pause Young (Allocation Failure) 54M->42M(55M) 4.848ms
[2026-10-07T23:50:40.242+0000][402.791s][info][gc,cpu         ] GC(162) User=0.01s Sys=0.00s Real=0.00s
[2026-10-07T23:50:41.758+0000][404.307s][info][gc,start       ] GC(163) Pause Young (Allocation Failure)
[2026-10-07T23:50:41.762+0000][404.311s][info][gc,heap        ] GC(163) PSYoungGen: 12480K(12800K)->192K(12800K) Eden: 12288K(12288K)->0K(12288K) From: 192K(512K)->192K(512K)
[2026-10-07T23:50:41.762+0000][404.311s][info][gc,heap        ] GC(163) ParOldGen: 43242K(43520K)->43338K(43520K)
[2026-10-07T23:50:41.762+0000][404.311s][info][gc,metaspace   ] GC(163) Metaspace: 73746K(74496K)->73746K(74496K) NonClass: 64439K(64832K)->64439K(64832K) Class: 9306K(9664K)->9306K(9664K)
[2026-10-07T23:50:41.762+0000][404.311s][info][gc             ] GC(163) Pause Young (Allocation Failure) 54M->42M(55M) 3.615ms
[2026-10-07T23:50:41.762+0000][404.311s][info][gc,cpu         ] GC(163) User=0.00s Sys=0.00s Real=0.00s
[2026-10-07T23:50:43.271+0000][405.820s][info][gc,start       ] GC(164) Pause Young (Allocation Failure)
[2026-10-07T23:50:43.276+0000][405.825s][info][gc,heap        ] GC(164) PSYoungGen: 12480K(12800K)->206K(12800K) Eden: 12288K(12288K)->0K(12288K) From: 192K(512K)->206K(512K)
[2026-10-07T23:50:43.276+0000][405.825s][info][gc,heap        ] GC(164) ParOldGen: 43338K(43520K)->43406K(43520K)
[2026-10-07T23:50:43.276+0000][405.825s][info][gc,metaspace   ] GC(164) Metaspace: 73746K(74496K)->73746K(74496K) NonClass: 64440K(64832K)->64440K(64832K) Class: 9306K(9664K)->9306K(9664K)
[2026-10-07T23:50:43.276+0000][405.825s][info][gc             ] GC(164) Pause Young (Allocation Failure) 54M->42M(55M) 4.691ms
[2026-10-07T23:50:43.276+0000][405.825s][info][gc,cpu         ] GC(164) User=0.00s Sys=0.00s Real=0.01s
[2026-10-07T23:50:44.812+0000][407.361s][info][gc,start       ] GC(165) Pause Young (Allocation Failure)
[2026-10-07T23:50:44.819+0000][407.368s][info][gc,heap        ] GC(165) PSYoungGen: 12494K(12800K)->192K(12800K) Eden: 12288K(12288K)->0K(12288K) From: 206K(512K)->192K(512K)
[2026-10-07T23:50:44.819+0000][407.368s][info][gc,heap        ] GC(165) ParOldGen: 43406K(43520K)->43524K(44032K)
[2026-10-07T23:50:44.819+0000][407.368s][info][gc,metaspace   ] GC(165) Metaspace: 73746K(74496K)->73746K(74496K) NonClass: 64440K(64832K)->64440K(64832K) Class: 9306K(9664K)->9306K(9664K)
[2026-10-07T23:50:44.819+0000][407.368s][info][gc             ] GC(165) Pause Young (Allocation Failure) 54M->42M(55M) 6.679ms
[2026-10-07T23:50:44.819+0000][407.368s][info][gc,cpu         ] GC(165) User=0.01s Sys=0.00s Real=0.01s
[2026-10-07T23:50:46.352+0000][408.901s][info][gc,start       ] GC(166) Pause Young (Allocation Failure)
[2026-10-07T23:50:46.357+0000][408.906s][info][gc,heap        ] GC(166) PSYoungGen: 12480K(12800K)->192K(12800K) Eden: 12288K(12288K)->0K(12288K) From: 192K(512K)->192K(512K)
[2026-10-07T23:50:46.357+0000][408.906s][info][gc,heap        ] GC(166) ParOldGen: 43524K(44032K)->43592K(44032K)
[2026-10-07T23:50:46.357+0000][408.906s][info][gc,metaspace   ] GC(166) Metaspace: 73749K(74496K)->73749K(74496K) NonClass: 64442K(64832K)->64442K(64832K) Class: 9306K(9664K)->9306K(9664K)
[2026-10-07T23:50:46.357+0000][408.906s][info][gc             ] GC(166) Pause Young (Allocation Failure) 54M->42M(55M) 4.933ms
[2026-10-07T23:50:46.357+0000][408.906s][info][gc,cpu         ] GC(166) User=0.01s Sys=0.00s Real=0.01s
[2026-10-07T23:50:47.800+0000][410.349s][info][gc,start       ] GC(167) Pause Young (Allocation Failure)
[2026-10-07T23:50:47.803+0000][410.352s][info][gc,heap        ] GC(167) PSYoungGen: 12480K(12800K)->185K(12800K) Eden: 12288K(12288K)->0K(12288K) From: 192K(512K)->185K(512K)
[2026-10-07T23:50:47.803+0000][410.352s][info][gc,heap        ] GC(167) ParOldGen: 43592K(44032K)->43672K(44032K)
[2026-10-07T23:50:47.803+0000][410.353s][info][gc,metaspace   ] GC(167) Metaspace: 73753K(74496K)->73753K(74496K) NonClass: 64446K(64832K)->64446K(64832K) Class: 9306K(9664K)->9306K(9664K)
[2026-10-07T23:50:47.804+0000][410.353s][info][gc             ] GC(167) Pause Young (Allocation Failure) 54M->42M(55M) 3.770ms
[2026-10-07T23:50:47.804+0000][410.353s][info][gc,cpu         ] GC(167) User=0.01s Sys=0.00s Real=0.01s
[2026-10-07T23:50:49.332+0000][411.882s][info][gc,start       ] GC(168) Pause Young (Allocation Failure)
[2026-10-07T23:50:49.337+0000][411.886s][info][gc,heap        ] GC(168) PSYoungGen: 12473K(12800K)->233K(12800K) Eden: 12288K(12288K)->0K(12288K) From: 185K(512K)->233K(512K)
[2026-10-07T23:50:49.337+0000][411.886s][info][gc,heap        ] GC(168) ParOldGen: 43672K(44032K)->43758K(44032K)
[2026-10-07T23:50:49.337+0000][411.886s][info][gc,metaspace   ] GC(168) Metaspace: 73757K(74496K)->73757K(74496K) NonClass: 64450K(64832K)->64450K(64832K) Class: 9306K(9664K)->9306K(9664K)
[2026-10-07T23:50:49.337+0000][411.886s][info][gc             ] GC(168) Pause Young (Allocation Failure) 54M->42M(55M) 4.451ms
[2026-10-07T23:50:49.337+0000][411.886s][info][gc,cpu         ] GC(168) User=0.00s Sys=0.00s Real=0.01s
[2026-10-07T23:50:50.878+0000][413.427s][info][gc,start       ] GC(169) Pause Young (Allocation Failure)
[2026-10-07T23:50:50.885+0000][413.435s][info][gc,heap        ] GC(169) PSYoungGen: 12521K(12800K)->192K(12800K) Eden: 12288K(12288K)->0K(12288K) From: 233K(512K)->192K(512K)
[2026-10-07T23:50:50.885+0000][413.435s][info][gc,heap        ] GC(169) ParOldGen: 43758K(44032K)->43859K(44032K)
[2026-10-07T23:50:50.885+0000][413.435s][info][gc,metaspace   ] GC(169) Metaspace: 73757K(74496K)->73757K(74496K) NonClass: 64450K(64832K)->64450K(64832K) Class: 9306K(9664K)->9306K(9664K)
[2026-10-07T23:50:50.885+0000][413.435s][info][gc             ] GC(169) Pause Young (Allocation Failure) 54M->43M(55M) 7.663ms
[2026-10-07T23:50:50.885+0000][413.435s][info][gc,cpu         ] GC(169) User=0.01s Sys=0.00s Real=0.01s
[2026-10-07T23:50:51.759+0000][414.308s][info][gc,start       ] GC(170) Pause Young (CodeCache GC Threshold)
[2026-10-07T23:50:51.762+0000][414.312s][info][gc,heap        ] GC(170) PSYoungGen: 7515K(12800K)->128K(12800K) Eden: 7323K(12288K)->0K(12288K) From: 192K(512K)->128K(512K)
[2026-10-07T23:50:51.763+0000][414.312s][info][gc,heap        ] GC(170) ParOldGen: 43859K(44032K)->43959K(44032K)
[2026-10-07T23:50:51.763+0000][414.312s][info][gc,metaspace   ] GC(170) Metaspace: 73757K(74496K)->73757K(74496K) NonClass: 64450K(64832K)->64450K(64832K) Class: 9306K(9664K)->9306K(9664K)
[2026-10-07T23:50:51.763+0000][414.312s][info][gc             ] GC(170) Pause Young (CodeCache GC Threshold) 50M->43M(55M) 3.971ms
[2026-10-07T23:50:51.763+0000][414.312s][info][gc,cpu         ] GC(170) User=0.00s Sys=0.00s Real=0.00s
[2026-10-07T23:50:51.763+0000][414.312s][info][gc,start       ] GC(171) Pause Full (CodeCache GC Threshold)
[2026-10-07T23:50:51.764+0000][414.313s][info][gc,phases,start] GC(171) Marking Phase
[2026-10-07T23:50:51.924+0000][414.474s][info][gc,phases      ] GC(171) Marking Phase 160.466ms
[2026-10-07T23:50:51.924+0000][414.474s][info][gc,phases,start] GC(171) Summary Phase
[2026-10-07T23:50:51.924+0000][414.474s][info][gc,phases      ] GC(171) Summary Phase 0.016ms
[2026-10-07T23:50:51.924+0000][414.474s][info][gc,phases,start] GC(171) Adjust Roots
[2026-10-07T23:50:51.949+0000][414.498s][info][gc,phases      ] GC(171) Adjust Roots 24.667ms
[2026-10-07T23:50:51.949+0000][414.498s][info][gc,phases,start] GC(171) Compaction Phase
[2026-10-07T23:50:52.012+0000][414.561s][info][gc,phases      ] GC(171) Compaction Phase 62.524ms
[2026-10-07T23:50:52.012+0000][414.561s][info][gc,phases,start] GC(171) Post Compact
[2026-10-07T23:50:52.013+0000][414.562s][info][gc,phases      ] GC(171) Post Compact 1.486ms
[2026-10-07T23:50:52.013+0000][414.562s][info][gc,heap        ] GC(171) PSYoungGen: 128K(12800K)->0K(12800K) Eden: 0K(12288K)->0K(12288K) From: 128K(512K)->0K(512K)
[2026-10-07T23:50:52.013+0000][414.562s][info][gc,heap        ] GC(171) ParOldGen: 43959K(44032K)->32180K(44032K)
[2026-10-07T23:50:52.013+0000][414.562s][info][gc,metaspace   ] GC(171) Metaspace: 73757K(74496K)->73757K(74496K) NonClass: 64450K(64832K)->64450K(64832K) Class: 9306K(9664K)->9306K(9664K)
[2026-10-07T23:50:52.013+0000][414.563s][info][gc             ] GC(171) Pause Full (CodeCache GC Threshold) 43M->31M(55M) 250.284ms
[2026-10-07T23:50:52.013+0000][414.563s][info][gc,cpu         ] GC(171) User=0.30s Sys=0.01s Real=0.25s
[2026-10-07T23:50:53.264+0000][415.814s][info][gc,start       ] GC(172) Pause Young (Allocation Failure)
[2026-10-07T23:50:53.269+0000][415.818s][info][gc,heap        ] GC(172) PSYoungGen: 12288K(12800K)->244K(12800K) Eden: 12288K(12288K)->0K(12288K) From: 0K(512K)->244K(512K)
[2026-10-07T23:50:53.269+0000][415.818s][info][gc,heap        ] GC(172) ParOldGen: 32180K(44032K)->32180K(44032K)
[2026-10-07T23:50:53.269+0000][415.818s][info][gc,metaspace   ] GC(172) Metaspace: 73757K(74496K)->73757K(74496K) NonClass: 64450K(64832K)->64450K(64832K) Class: 9306K(9664K)->9306K(9664K)
[2026-10-07T23:50:53.269+0000][415.818s][info][gc             ] GC(172) Pause Young (Allocation Failure) 43M->31M(55M) 4.454ms
[2026-10-07T23:50:53.269+0000][415.818s][info][gc,cpu         ] GC(172) User=0.00s Sys=0.00s Real=0.00s
[2026-10-07T23:50:54.776+0000][417.325s][info][gc,start       ] GC(173) Pause Young (Allocation Failure)
[2026-10-07T23:50:54.783+0000][417.332s][info][gc,heap        ] GC(173) PSYoungGen: 12532K(12800K)->192K(12800K) Eden: 12288K(12288K)->0K(12288K) From: 244K(512K)->192K(512K)
[2026-10-07T23:50:54.783+0000][417.333s][info][gc,heap        ] GC(173) ParOldGen: 32180K(44032K)->32304K(44032K)
[2026-10-07T23:50:54.783+0000][417.333s][info][gc,metaspace   ] GC(173) Metaspace: 73757K(74496K)->73757K(74496K) NonClass: 64450K(64832K)->64450K(64832K) Class: 9306K(9664K)->9306K(9664K)
[2026-10-07T23:50:54.785+0000][417.335s][info][gc             ] GC(173) Pause Young (Allocation Failure) 43M->31M(55M) 9.546ms
[2026-10-07T23:50:54.785+0000][417.335s][info][gc,cpu         ] GC(173) User=0.01s Sys=0.00s Real=0.01s
[2026-10-07T23:50:56.338+0000][418.887s][info][gc,start       ] GC(174) Pause Young (Allocation Failure)
[2026-10-07T23:50:56.342+0000][418.891s][info][gc,heap        ] GC(174) PSYoungGen: 12480K(12800K)->224K(12800K) Eden: 12288K(12288K)->0K(12288K) From: 192K(512K)->224K(512K)
[2026-10-07T23:50:56.343+0000][418.892s][info][gc,heap        ] GC(174) ParOldGen: 32304K(44032K)->32405K(44032K)
[2026-10-07T23:50:56.343+0000][418.892s][info][gc,metaspace   ] GC(174) Metaspace: 73757K(74496K)->73757K(74496K) NonClass: 64450K(64832K)->64450K(64832K) Class: 9306K(9664K)->9306K(9664K)
[2026-10-07T23:50:56.343+0000][418.893s][info][gc             ] GC(174) Pause Young (Allocation Failure) 43M->31M(55M) 5.660ms
[2026-10-07T23:50:56.343+0000][418.893s][info][gc,cpu         ] GC(174) User=0.00s Sys=0.00s Real=0.00s
[2026-10-07T23:50:57.840+0000][420.390s][info][gc,start       ] GC(175) Pause Young (Allocation Failure)
[2026-10-07T23:50:57.845+0000][420.395s][info][gc,heap        ] GC(175) PSYoungGen: 12512K(12800K)->224K(12800K) Eden: 12288K(12288K)->0K(12288K) From: 224K(512K)->224K(512K)
[2026-10-07T23:50:57.846+0000][420.395s][info][gc,heap        ] GC(175) ParOldGen: 32405K(44032K)->32509K(44032K)
[2026-10-07T23:50:57.846+0000][420.395s][info][gc,metaspace   ] GC(175) Metaspace: 73758K(74496K)->73758K(74496K) NonClass: 64451K(64832K)->64451K(64832K) Class: 9306K(9664K)->9306K(9664K)
[2026-10-07T23:50:57.846+0000][420.395s][info][gc             ] GC(175) Pause Young (Allocation Failure) 43M->31M(55M) 5.713ms
[2026-10-07T23:50:57.846+0000][420.396s][info][gc,cpu         ] GC(175) User=0.01s Sys=0.00s Real=0.01s
[2026-10-07T23:50:59.353+0000][421.902s][info][gc,start       ] GC(176) Pause Young (Allocation Failure)
[2026-10-07T23:50:59.358+0000][421.907s][info][gc,heap        ] GC(176) PSYoungGen: 12512K(12800K)->244K(12800K) Eden: 12288K(12288K)->0K(12288K) From: 224K(512K)->244K(512K)
[2026-10-07T23:50:59.358+0000][421.907s][info][gc,heap        ] GC(176) ParOldGen: 32509K(44032K)->32549K(44032K)
[2026-10-07T23:50:59.358+0000][421.907s][info][gc,metaspace   ] GC(176) Metaspace: 73758K(74496K)->73758K(74496K) NonClass: 64452K(64832K)->64452K(64832K) Class: 9306K(9664K)->9306K(9664K)
[2026-10-07T23:50:59.358+0000][421.907s][info][gc             ] GC(176) Pause Young (Allocation Failure) 43M->32M(55M) 4.839ms
[2026-10-07T23:50:59.358+0000][421.907s][info][gc,cpu         ] GC(176) User=0.00s Sys=0.00s Real=0.01s
[2026-10-07T23:51:00.930+0000][423.479s][info][gc,start       ] GC(177) Pause Young (Allocation Failure)
[2026-10-07T23:51:00.933+0000][423.482s][info][gc,heap        ] GC(177) PSYoungGen: 12532K(12800K)->192K(12800K) Eden: 12288K(12288K)->0K(12288K) From: 244K(512K)->192K(512K)
[2026-10-07T23:51:00.933+0000][423.482s][info][gc,heap        ] GC(177) ParOldGen: 32549K(44032K)->32677K(44032K)
[2026-10-07T23:51:00.933+0000][423.482s][info][gc,metaspace   ] GC(177) Metaspace: 73758K(74496K)->73758K(74496K) NonClass: 64452K(64832K)->64452K(64832K) Class: 9306K(9664K)->9306K(9664K)
[2026-10-07T23:51:00.933+0000][423.483s][info][gc             ] GC(177) Pause Young (Allocation Failure) 44M->32M(55M) 3.315ms
[2026-10-07T23:51:00.933+0000][423.483s][info][gc,cpu         ] GC(177) User=0.00s Sys=0.00s Real=0.00s
[2026-10-07T23:51:02.367+0000][424.917s][info][gc,start       ] GC(178) Pause Young (Allocation Failure)
[2026-10-07T23:51:02.373+0000][424.923s][info][gc,heap        ] GC(178) PSYoungGen: 12480K(12800K)->192K(12800K) Eden: 12288K(12288K)->0K(12288K) From: 192K(512K)->192K(512K)
[2026-10-07T23:51:02.374+0000][424.923s][info][gc,heap        ] GC(178) ParOldGen: 32677K(44032K)->32733K(44032K)
[2026-10-07T23:51:02.374+0000][424.923s][info][gc,metaspace   ] GC(178) Metaspace: 73760K(74496K)->73760K(74496K) NonClass: 64454K(64832K)->64454K(64832K) Class: 9306K(9664K)->9306K(9664K)
[2026-10-07T23:51:02.374+0000][424.923s][info][gc             ] GC(178) Pause Young (Allocation Failure) 44M->32M(55M) 6.811ms
[2026-10-07T23:51:02.374+0000][424.924s][info][gc,cpu         ] GC(178) User=0.01s Sys=0.00s Real=0.01s
[2026-10-07T23:51:03.905+0000][426.454s][info][gc,start       ] GC(179) Pause Young (Allocation Failure)
[2026-10-07T23:51:03.910+0000][426.459s][info][gc,heap        ] GC(179) PSYoungGen: 12480K(12800K)->236K(12800K) Eden: 12288K(12288K)->0K(12288K) From: 192K(512K)->236K(512K)
[2026-10-07T23:51:03.910+0000][426.459s][info][gc,heap        ] GC(179) ParOldGen: 32733K(44032K)->32793K(44032K)
[2026-10-07T23:51:03.910+0000][426.459s][info][gc,metaspace   ] GC(179) Metaspace: 73762K(74496K)->73762K(74496K) NonClass: 64455K(64832K)->64455K(64832K) Class: 9306K(9664K)->9306K(9664K)
[2026-10-07T23:51:03.910+0000][426.459s][info][gc             ] GC(179) Pause Young (Allocation Failure) 44M->32M(55M) 4.762ms
[2026-10-07T23:51:03.910+0000][426.459s][info][gc,cpu         ] GC(179) User=0.00s Sys=0.01s Real=0.00s
[2026-10-07T23:51:05.427+0000][427.976s][info][gc,start       ] GC(180) Pause Young (Allocation Failure)
[2026-10-07T23:51:05.433+0000][427.983s][info][gc,heap        ] GC(180) PSYoungGen: 12524K(12800K)->192K(12800K) Eden: 12288K(12288K)->0K(12288K) From: 236K(512K)->192K(512K)
[2026-10-07T23:51:05.433+0000][427.983s][info][gc,heap        ] GC(180) ParOldGen: 32793K(44032K)->32910K(44032K)
[2026-10-07T23:51:05.433+0000][427.983s][info][gc,metaspace   ] GC(180) Metaspace: 73762K(74496K)->73762K(74496K) NonClass: 64455K(64832K)->64455K(64832K) Class: 9306K(9664K)->9306K(9664K)
[2026-10-07T23:51:05.433+0000][427.983s][info][gc             ] GC(180) Pause Young (Allocation Failure) 44M->32M(55M) 6.664ms
[2026-10-07T23:51:05.434+0000][427.983s][info][gc,cpu         ] GC(180) User=0.00s Sys=0.00s Real=0.00s
[2026-10-07T23:51:06.942+0000][429.491s][info][gc,start       ] GC(181) Pause Young (Allocation Failure)
[2026-10-07T23:51:06.946+0000][429.495s][info][gc,heap        ] GC(181) PSYoungGen: 12480K(12800K)->192K(12800K) Eden: 12288K(12288K)->0K(12288K) From: 192K(512K)->192K(512K)
[2026-10-07T23:51:06.946+0000][429.496s][info][gc,heap        ] GC(181) ParOldGen: 32910K(44032K)->32998K(44032K)
[2026-10-07T23:51:06.946+0000][429.496s][info][gc,metaspace   ] GC(181) Metaspace: 73762K(74496K)->73762K(74496K) NonClass: 64455K(64832K)->64455K(64832K) Class: 9306K(9664K)->9306K(9664K)
[2026-10-07T23:51:06.946+0000][429.496s][info][gc             ] GC(181) Pause Young (Allocation Failure) 44M->32M(55M) 4.243ms
[2026-10-07T23:51:06.946+0000][429.496s][info][gc,cpu         ] GC(181) User=0.00s Sys=0.00s Real=0.01s
[2026-10-07T23:51:08.446+0000][430.996s][info][gc,start       ] GC(182) Pause Young (Allocation Failure)
[2026-10-07T23:51:08.451+0000][431.000s][info][gc,heap        ] GC(182) PSYoungGen: 12480K(12800K)->210K(12800K) Eden: 12288K(12288K)->0K(12288K) From: 192K(512K)->210K(512K)
[2026-10-07T23:51:08.451+0000][431.000s][info][gc,heap        ] GC(182) ParOldGen: 32998K(44032K)->33106K(44032K)
[2026-10-07T23:51:08.451+0000][431.000s][info][gc,metaspace   ] GC(182) Metaspace: 73762K(74496K)->73762K(74496K) NonClass: 64455K(64832K)->64455K(64832K) Class: 9306K(9664K)->9306K(9664K)
[2026-10-07T23:51:08.451+0000][431.000s][info][gc             ] GC(182) Pause Young (Allocation Failure) 44M->32M(55M) 4.185ms
[2026-10-07T23:51:08.451+0000][431.000s][info][gc,cpu         ] GC(182) User=0.00s Sys=0.00s Real=0.00s
[2026-10-07T23:51:09.975+0000][432.525s][info][gc,start       ] GC(183) Pause Young (Allocation Failure)
[2026-10-07T23:51:09.983+0000][432.532s][info][gc,heap        ] GC(183) PSYoungGen: 12498K(12800K)->192K(12800K) Eden: 12288K(12288K)->0K(12288K) From: 210K(512K)->192K(512K)
[2026-10-07T23:51:09.983+0000][432.532s][info][gc,heap        ] GC(183) ParOldGen: 33106K(44032K)->33213K(44032K)
[2026-10-07T23:51:09.983+0000][432.532s][info][gc,metaspace   ] GC(183) Metaspace: 73764K(74496K)->73764K(74496K) NonClass: 64457K(64832K)->64457K(64832K) Class: 9306K(9664K)->9306K(9664K)
[2026-10-07T23:51:09.983+0000][432.532s][info][gc             ] GC(183) Pause Young (Allocation Failure) 44M->32M(55M) 7.375ms
[2026-10-07T23:51:09.983+0000][432.532s][info][gc,cpu         ] GC(183) User=0.01s Sys=0.00s Real=0.00s
[2026-10-07T23:51:11.555+0000][434.105s][info][gc,start       ] GC(184) Pause Young (Allocation Failure)
[2026-10-07T23:51:11.559+0000][434.109s][info][gc,heap        ] GC(184) PSYoungGen: 12480K(12800K)->224K(12800K) Eden: 12288K(12288K)->0K(12288K) From: 192K(512K)->224K(512K)
[2026-10-07T23:51:11.559+0000][434.109s][info][gc,heap        ] GC(184) ParOldGen: 33213K(44032K)->33281K(44032K)
[2026-10-07T23:51:11.559+0000][434.109s][info][gc,metaspace   ] GC(184) Metaspace: 73764K(74496K)->73764K(74496K) NonClass: 64457K(64832K)->64457K(64832K) Class: 9306K(9664K)->9306K(9664K)
[2026-10-07T23:51:11.560+0000][434.109s][info][gc             ] GC(184) Pause Young (Allocation Failure) 44M->32M(55M) 4.271ms
[2026-10-07T23:51:11.560+0000][434.109s][info][gc,cpu         ] GC(184) User=0.00s Sys=0.01s Real=0.00s
[2026-10-07T23:51:13.055+0000][435.605s][info][gc,start       ] GC(185) Pause Young (Allocation Failure)
[2026-10-07T23:51:13.059+0000][435.608s][info][gc,heap        ] GC(185) PSYoungGen: 12512K(12800K)->224K(12800K) Eden: 12288K(12288K)->0K(12288K) From: 224K(512K)->224K(512K)
[2026-10-07T23:51:13.059+0000][435.608s][info][gc,heap        ] GC(185) ParOldGen: 33281K(44032K)->33401K(44032K)
[2026-10-07T23:51:13.059+0000][435.608s][info][gc,metaspace   ] GC(185) Metaspace: 73767K(74560K)->73767K(74560K) NonClass: 64460K(64896K)->64460K(64896K) Class: 9306K(9664K)->9306K(9664K)
[2026-10-07T23:51:13.059+0000][435.608s][info][gc             ] GC(185) Pause Young (Allocation Failure) 44M->32M(55M) 3.745ms
[2026-10-07T23:51:13.059+0000][435.609s][info][gc,cpu         ] GC(185) User=0.00s Sys=0.00s Real=0.00s
[2026-10-07T23:51:14.553+0000][437.103s][info][gc,start       ] GC(186) Pause Young (Allocation Failure)
[2026-10-07T23:51:14.558+0000][437.107s][info][gc,heap        ] GC(186) PSYoungGen: 12512K(12800K)->239K(12800K) Eden: 12288K(12288K)->0K(12288K) From: 224K(512K)->239K(512K)
[2026-10-07T23:51:14.558+0000][437.107s][info][gc,heap        ] GC(186) ParOldGen: 33401K(44032K)->33485K(44032K)
[2026-10-07T23:51:14.558+0000][437.107s][info][gc,metaspace   ] GC(186) Metaspace: 73770K(74560K)->73770K(74560K) NonClass: 64463K(64896K)->64463K(64896K) Class: 9306K(9664K)->9306K(9664K)
[2026-10-07T23:51:14.558+0000][437.107s][info][gc             ] GC(186) Pause Young (Allocation Failure) 44M->32M(55M) 4.631ms
[2026-10-07T23:51:14.558+0000][437.107s][info][gc,cpu         ] GC(186) User=0.00s Sys=0.00s Real=0.01s
[2026-10-07T23:51:16.118+0000][438.667s][info][gc,start       ] GC(187) Pause Young (Allocation Failure)
[2026-10-07T23:51:16.123+0000][438.672s][info][gc,heap        ] GC(187) PSYoungGen: 12527K(12800K)->224K(12800K) Eden: 12288K(12288K)->0K(12288K) From: 239K(512K)->224K(512K)
[2026-10-07T23:51:16.123+0000][438.672s][info][gc,heap        ] GC(187) ParOldGen: 33485K(44032K)->33617K(44032K)
[2026-10-07T23:51:16.123+0000][438.672s][info][gc,metaspace   ] GC(187) Metaspace: 73770K(74560K)->73770K(74560K) NonClass: 64463K(64896K)->64463K(64896K) Class: 9306K(9664K)->9306K(9664K)
[2026-10-07T23:51:16.123+0000][438.672s][info][gc             ] GC(187) Pause Young (Allocation Failure) 44M->33M(55M) 5.045ms
[2026-10-07T23:51:16.123+0000][438.673s][info][gc,cpu         ] GC(187) User=0.00s Sys=0.00s Real=0.00s
[2026-10-07T23:51:17.563+0000][440.112s][info][gc,start       ] GC(188) Pause Young (Allocation Failure)
[2026-10-07T23:51:17.569+0000][440.119s][info][gc,heap        ] GC(188) PSYoungGen: 12512K(12800K)->250K(12800K) Eden: 12288K(12288K)->0K(12288K) From: 224K(512K)->250K(512K)
[2026-10-07T23:51:17.569+0000][440.119s][info][gc,heap        ] GC(188) ParOldGen: 33617K(44032K)->33741K(44032K)
[2026-10-07T23:51:17.569+0000][440.119s][info][gc,metaspace   ] GC(188) Metaspace: 73773K(74560K)->73773K(74560K) NonClass: 64466K(64896K)->64466K(64896K) Class: 9306K(9664K)->9306K(9664K)
[2026-10-07T23:51:17.569+0000][440.119s][info][gc             ] GC(188) Pause Young (Allocation Failure) 45M->33M(55M) 6.837ms
[2026-10-07T23:51:17.569+0000][440.119s][info][gc,cpu         ] GC(188) User=0.00s Sys=0.00s Real=0.01s
[2026-10-07T23:51:19.058+0000][441.608s][info][gc,start       ] GC(189) Pause Young (Allocation Failure)
[2026-10-07T23:51:19.061+0000][441.611s][info][gc,heap        ] GC(189) PSYoungGen: 12538K(12800K)->249K(12800K) Eden: 12288K(12288K)->0K(12288K) From: 250K(512K)->249K(512K)
[2026-10-07T23:51:19.061+0000][441.611s][info][gc,heap        ] GC(189) ParOldGen: 33741K(44032K)->33851K(44032K)
[2026-10-07T23:51:19.061+0000][441.611s][info][gc,metaspace   ] GC(189) Metaspace: 73773K(74560K)->73773K(74560K) NonClass: 64466K(64896K)->64466K(64896K) Class: 9306K(9664K)->9306K(9664K)
[2026-10-07T23:51:19.062+0000][441.611s][info][gc             ] GC(189) Pause Young (Allocation Failure) 45M->33M(55M) 3.337ms
[2026-10-07T23:51:19.062+0000][441.611s][info][gc,cpu         ] GC(189) User=0.01s Sys=0.00s Real=0.00s
[2026-10-07T23:51:20.617+0000][443.166s][info][gc,start       ] GC(190) Pause Young (Allocation Failure)
[2026-10-07T23:51:20.625+0000][443.174s][info][gc,heap        ] GC(190) PSYoungGen: 12537K(12800K)->224K(12800K) Eden: 12288K(12288K)->0K(12288K) From: 249K(512K)->224K(512K)
[2026-10-07T23:51:20.625+0000][443.174s][info][gc,heap        ] GC(190) ParOldGen: 33851K(44032K)->33984K(44032K)
[2026-10-07T23:51:20.625+0000][443.174s][info][gc,metaspace   ] GC(190) Metaspace: 73773K(74560K)->73773K(74560K) NonClass: 64466K(64896K)->64466K(64896K) Class: 9306K(9664K)->9306K(9664K)
[2026-10-07T23:51:20.625+0000][443.174s][info][gc             ] GC(190) Pause Young (Allocation Failure) 45M->33M(55M) 8.073ms
[2026-10-07T23:51:20.625+0000][443.174s][info][gc,cpu         ] GC(190) User=0.01s Sys=0.00s Real=0.01s
[2026-10-07T23:51:22.129+0000][444.678s][info][gc,start       ] GC(191) Pause Young (Allocation Failure)
[2026-10-07T23:51:22.135+0000][444.685s][info][gc,heap        ] GC(191) PSYoungGen: 12512K(12800K)->192K(12800K) Eden: 12288K(12288K)->0K(12288K) From: 224K(512K)->192K(512K)
[2026-10-07T23:51:22.135+0000][444.685s][info][gc,heap        ] GC(191) ParOldGen: 33984K(44032K)->34092K(44032K)
[2026-10-07T23:51:22.135+0000][444.685s][info][gc,metaspace   ] GC(191) Metaspace: 73783K(74560K)->73783K(74560K) NonClass: 64476K(64896K)->64476K(64896K) Class: 9306K(9664K)->9306K(9664K)
[2026-10-07T23:51:22.135+0000][444.685s][info][gc             ] GC(191) Pause Young (Allocation Failure) 45M->33M(55M) 6.466ms
[2026-10-07T23:51:22.135+0000][444.685s][info][gc,cpu         ] GC(191) User=0.01s Sys=0.00s Real=0.01s
[2026-10-07T23:51:23.629+0000][446.178s][info][gc,start       ] GC(192) Pause Young (Allocation Failure)
[2026-10-07T23:51:23.636+0000][446.185s][info][gc,heap        ] GC(192) PSYoungGen: 12480K(12800K)->220K(12800K) Eden: 12288K(12288K)->0K(12288K) From: 192K(512K)->220K(512K)
[2026-10-07T23:51:23.636+0000][446.185s][info][gc,heap        ] GC(192) ParOldGen: 34092K(44032K)->34157K(44032K)
[2026-10-07T23:51:23.636+0000][446.185s][info][gc,metaspace   ] GC(192) Metaspace: 73785K(74560K)->73785K(74560K) NonClass: 64478K(64896K)->64478K(64896K) Class: 9306K(9664K)->9306K(9664K)
[2026-10-07T23:51:23.636+0000][446.185s][info][gc             ] GC(192) Pause Young (Allocation Failure) 45M->33M(55M) 6.931ms
[2026-10-07T23:51:23.636+0000][446.185s][info][gc,cpu         ] GC(192) User=0.00s Sys=0.00s Real=0.01s
[2026-10-07T23:51:25.190+0000][447.739s][info][gc,start       ] GC(193) Pause Young (Allocation Failure)
[2026-10-07T23:51:25.195+0000][447.744s][info][gc,heap        ] GC(193) PSYoungGen: 12508K(12800K)->192K(12800K) Eden: 12288K(12288K)->0K(12288K) From: 220K(512K)->192K(512K)
[2026-10-07T23:51:25.195+0000][447.744s][info][gc,heap        ] GC(193) ParOldGen: 34157K(44032K)->34302K(44032K)
[2026-10-07T23:51:25.195+0000][447.744s][info][gc,metaspace   ] GC(193) Metaspace: 73788K(74560K)->73788K(74560K) NonClass: 64481K(64896K)->64481K(64896K) Class: 9306K(9664K)->9306K(9664K)
[2026-10-07T23:51:25.195+0000][447.744s][info][gc             ] GC(193) Pause Young (Allocation Failure) 45M->33M(55M) 5.217ms
[2026-10-07T23:51:25.195+0000][447.744s][info][gc,cpu         ] GC(193) User=0.00s Sys=0.01s Real=0.01s
[2026-10-07T23:51:26.737+0000][449.287s][info][gc,start       ] GC(194) Pause Young (Allocation Failure)
[2026-10-07T23:51:26.741+0000][449.291s][info][gc,heap        ] GC(194) PSYoungGen: 12471K(12800K)->192K(12800K) Eden: 12279K(12288K)->0K(12288K) From: 192K(512K)->192K(512K)
[2026-10-07T23:51:26.742+0000][449.291s][info][gc,heap        ] GC(194) ParOldGen: 34302K(44032K)->34402K(44032K)
[2026-10-07T23:51:26.742+0000][449.291s][info][gc,metaspace   ] GC(194) Metaspace: 73788K(74560K)->73788K(74560K) NonClass: 64481K(64896K)->64481K(64896K) Class: 9306K(9664K)->9306K(9664K)
[2026-10-07T23:51:26.742+0000][449.291s][info][gc             ] GC(194) Pause Young (Allocation Failure) 45M->33M(55M) 4.535ms
[2026-10-07T23:51:26.742+0000][449.291s][info][gc,cpu         ] GC(194) User=0.00s Sys=0.00s Real=0.00s
[2026-10-07T23:51:28.230+0000][450.780s][info][gc,start       ] GC(195) Pause Young (Allocation Failure)
[2026-10-07T23:51:28.235+0000][450.784s][info][gc,heap        ] GC(195) PSYoungGen: 12480K(12800K)->239K(12800K) Eden: 12288K(12288K)->0K(12288K) From: 192K(512K)->239K(512K)
[2026-10-07T23:51:28.235+0000][450.784s][info][gc,heap        ] GC(195) ParOldGen: 34402K(44032K)->34474K(44032K)
[2026-10-07T23:51:28.235+0000][450.784s][info][gc,metaspace   ] GC(195) Metaspace: 73816K(74624K)->73816K(74624K) NonClass: 64509K(64960K)->64509K(64960K) Class: 9306K(9664K)->9306K(9664K)
[2026-10-07T23:51:28.235+0000][450.784s][info][gc             ] GC(195) Pause Young (Allocation Failure) 45M->33M(55M) 4.730ms
[2026-10-07T23:51:28.235+0000][450.785s][info][gc,cpu         ] GC(195) User=0.00s Sys=0.00s Real=0.01s
[2026-10-07T23:51:29.764+0000][452.313s][info][gc,start       ] GC(196) Pause Young (Allocation Failure)
[2026-10-07T23:51:29.769+0000][452.319s][info][gc,heap        ] GC(196) PSYoungGen: 12527K(12800K)->192K(12800K) Eden: 12288K(12288K)->0K(12288K) From: 239K(512K)->192K(512K)
[2026-10-07T23:51:29.770+0000][452.319s][info][gc,heap        ] GC(196) ParOldGen: 34474K(44032K)->34574K(44032K)
[2026-10-07T23:51:29.770+0000][452.319s][info][gc,metaspace   ] GC(196) Metaspace: 73816K(74624K)->73816K(74624K) NonClass: 64509K(64960K)->64509K(64960K) Class: 9306K(9664K)->9306K(9664K)
[2026-10-07T23:51:29.770+0000][452.319s][info][gc             ] GC(196) Pause Young (Allocation Failure) 45M->33M(55M) 5.588ms
[2026-10-07T23:51:29.770+0000][452.319s][info][gc,cpu         ] GC(196) User=0.00s Sys=0.00s Real=0.00s
[2026-10-07T23:51:31.333+0000][453.883s][info][gc,start       ] GC(197) Pause Young (Allocation Failure)
[2026-10-07T23:51:31.337+0000][453.887s][info][gc,heap        ] GC(197) PSYoungGen: 12480K(12800K)->192K(12800K) Eden: 12288K(12288K)->0K(12288K) From: 192K(512K)->192K(512K)
[2026-10-07T23:51:31.337+0000][453.887s][info][gc,heap        ] GC(197) ParOldGen: 34574K(44032K)->34646K(44032K)
[2026-10-07T23:51:31.337+0000][453.887s][info][gc,metaspace   ] GC(197) Metaspace: 73816K(74624K)->73816K(74624K) NonClass: 64509K(64960K)->64509K(64960K) Class: 9306K(9664K)->9306K(9664K)
[2026-10-07T23:51:31.337+0000][453.887s][info][gc             ] GC(197) Pause Young (Allocation Failure) 45M->34M(55M) 4.188ms
[2026-10-07T23:51:31.337+0000][453.887s][info][gc,cpu         ] GC(197) User=0.00s Sys=0.00s Real=0.01s
[2026-10-07T23:51:32.805+0000][455.355s][info][gc,start       ] GC(198) Pause Young (Allocation Failure)
[2026-10-07T23:51:32.810+0000][455.359s][info][gc,heap        ] GC(198) PSYoungGen: 12480K(12800K)->218K(12800K) Eden: 12288K(12288K)->0K(12288K) From: 192K(512K)->218K(512K)
[2026-10-07T23:51:32.810+0000][455.359s][info][gc,heap        ] GC(198) ParOldGen: 34646K(44032K)->34718K(44032K)
[2026-10-07T23:51:32.810+0000][455.359s][info][gc,metaspace   ] GC(198) Metaspace: 73819K(74624K)->73819K(74624K) NonClass: 64512K(64960K)->64512K(64960K) Class: 9306K(9664K)->9306K(9664K)
[2026-10-07T23:51:32.810+0000][455.359s][info][gc             ] GC(198) Pause Young (Allocation Failure) 46M->34M(55M) 4.515ms
[2026-10-07T23:51:32.810+0000][455.359s][info][gc,cpu         ] GC(198) User=0.00s Sys=0.01s Real=0.00s
[2026-10-07T23:51:34.304+0000][456.853s][info][gc,start       ] GC(199) Pause Young (Allocation Failure)
[2026-10-07T23:51:34.311+0000][456.860s][info][gc,heap        ] GC(199) PSYoungGen: 12506K(12800K)->204K(12800K) Eden: 12288K(12288K)->0K(12288K) From: 218K(512K)->204K(512K)
[2026-10-07T23:51:34.311+0000][456.861s][info][gc,heap        ] GC(199) ParOldGen: 34718K(44032K)->34798K(44032K)
[2026-10-07T23:51:34.311+0000][456.861s][info][gc,metaspace   ] GC(199) Metaspace: 73819K(74624K)->73819K(74624K) NonClass: 64512K(64960K)->64512K(64960K) Class: 9306K(9664K)->9306K(9664K)
[2026-10-07T23:51:34.311+0000][456.861s][info][gc             ] GC(199) Pause Young (Allocation Failure) 46M->34M(55M) 7.625ms
[2026-10-07T23:51:34.311+0000][456.861s][info][gc,cpu         ] GC(199) User=0.00s Sys=0.00s Real=0.00s
[2026-10-07T23:51:35.847+0000][458.397s][info][gc,start       ] GC(200) Pause Young (Allocation Failure)
[2026-10-07T23:51:35.852+0000][458.402s][info][gc,heap        ] GC(200) PSYoungGen: 12492K(12800K)->192K(12800K) Eden: 12288K(12288K)->0K(12288K) From: 204K(512K)->192K(512K)
[2026-10-07T23:51:35.853+0000][458.402s][info][gc,heap        ] GC(200) ParOldGen: 34798K(44032K)->34894K(44032K)
[2026-10-07T23:51:35.853+0000][458.402s][info][gc,metaspace   ] GC(200) Metaspace: 73820K(74624K)->73820K(74624K) NonClass: 64513K(64960K)->64513K(64960K) Class: 9306K(9664K)->9306K(9664K)
[2026-10-07T23:51:35.853+0000][458.402s][info][gc             ] GC(200) Pause Young (Allocation Failure) 46M->34M(55M) 5.556ms
[2026-10-07T23:51:35.853+0000][458.403s][info][gc,cpu         ] GC(200) User=0.00s Sys=0.00s Real=0.00s
[2026-10-07T23:51:37.374+0000][459.923s][info][gc,start       ] GC(201) Pause Young (Allocation Failure)
[2026-10-07T23:51:37.378+0000][459.928s][info][gc,heap        ] GC(201) PSYoungGen: 12480K(12800K)->224K(12800K) Eden: 12288K(12288K)->0K(12288K) From: 192K(512K)->224K(512K)
[2026-10-07T23:51:37.378+0000][459.928s][info][gc,heap        ] GC(201) ParOldGen: 34894K(44032K)->34994K(44032K)
[2026-10-07T23:51:37.378+0000][459.928s][info][gc,metaspace   ] GC(201) Metaspace: 73822K(74624K)->73822K(74624K) NonClass: 64515K(64960K)->64515K(64960K) Class: 9306K(9664K)->9306K(9664K)
[2026-10-07T23:51:37.378+0000][459.928s][info][gc             ] GC(201) Pause Young (Allocation Failure) 46M->34M(55M) 4.847ms
[2026-10-07T23:51:37.378+0000][459.928s][info][gc,cpu         ] GC(201) User=0.00s Sys=0.00s Real=0.00s
[2026-10-07T23:51:38.872+0000][461.422s][info][gc,start       ] GC(202) Pause Young (Allocation Failure)
[2026-10-07T23:51:38.878+0000][461.427s][info][gc,heap        ] GC(202) PSYoungGen: 12512K(12800K)->235K(12800K) Eden: 12288K(12288K)->0K(12288K) From: 224K(512K)->235K(512K)
[2026-10-07T23:51:38.878+0000][461.427s][info][gc,heap        ] GC(202) ParOldGen: 34994K(44032K)->35067K(44032K)
[2026-10-07T23:51:38.878+0000][461.427s][info][gc,metaspace   ] GC(202) Metaspace: 73829K(74624K)->73829K(74624K) NonClass: 64522K(64960K)->64522K(64960K) Class: 9306K(9664K)->9306K(9664K)
[2026-10-07T23:51:38.878+0000][461.427s][info][gc             ] GC(202) Pause Young (Allocation Failure) 46M->34M(55M) 5.660ms
[2026-10-07T23:51:38.878+0000][461.427s][info][gc,cpu         ] GC(202) User=0.01s Sys=0.00s Real=0.01s
[2026-10-07T23:51:40.414+0000][462.964s][info][gc,start       ] GC(203) Pause Young (Allocation Failure)
[2026-10-07T23:51:40.417+0000][462.966s][info][gc,heap        ] GC(203) PSYoungGen: 12523K(12800K)->192K(12800K) Eden: 12288K(12288K)->0K(12288K) From: 235K(512K)->192K(512K)
[2026-10-07T23:51:40.417+0000][462.966s][info][gc,heap        ] GC(203) ParOldGen: 35067K(44032K)->35166K(44032K)
[2026-10-07T23:51:40.417+0000][462.966s][info][gc,metaspace   ] GC(203) Metaspace: 73829K(74624K)->73829K(74624K) NonClass: 64522K(64960K)->64522K(64960K) Class: 9306K(9664K)->9306K(9664K)
[2026-10-07T23:51:40.417+0000][462.967s][info][gc             ] GC(203) Pause Young (Allocation Failure) 46M->34M(55M) 2.839ms
[2026-10-07T23:51:40.417+0000][462.967s][info][gc,cpu         ] GC(203) User=0.00s Sys=0.00s Real=0.00s
[2026-10-07T23:51:41.915+0000][464.464s][info][gc,start       ] GC(204) Pause Young (Allocation Failure)
[2026-10-07T23:51:41.921+0000][464.470s][info][gc,heap        ] GC(204) PSYoungGen: 12480K(12800K)->224K(12800K) Eden: 12288K(12288K)->0K(12288K) From: 192K(512K)->224K(512K)
[2026-10-07T23:51:41.921+0000][464.470s][info][gc,heap        ] GC(204) ParOldGen: 35166K(44032K)->35270K(44032K)
[2026-10-07T23:51:41.921+0000][464.470s][info][gc,metaspace   ] GC(204) Metaspace: 73834K(74624K)->73834K(74624K) NonClass: 64528K(64960K)->64528K(64960K) Class: 9306K(9664K)->9306K(9664K)
[2026-10-07T23:51:41.921+0000][464.470s][info][gc             ] GC(204) Pause Young (Allocation Failure) 46M->34M(55M) 6.065ms
[2026-10-07T23:51:41.921+0000][464.470s][info][gc,cpu         ] GC(204) User=0.01s Sys=0.00s Real=0.00s
[2026-10-07T23:51:43.475+0000][466.024s][info][gc,start       ] GC(205) Pause Young (Allocation Failure)
[2026-10-07T23:51:43.479+0000][466.029s][info][gc,heap        ] GC(205) PSYoungGen: 12512K(12800K)->236K(12800K) Eden: 12288K(12288K)->0K(12288K) From: 224K(512K)->236K(512K)
[2026-10-07T23:51:43.479+0000][466.029s][info][gc,heap        ] GC(205) ParOldGen: 35270K(44032K)->35330K(44032K)
[2026-10-07T23:51:43.479+0000][466.029s][info][gc,metaspace   ] GC(205) Metaspace: 73834K(74624K)->73834K(74624K) NonClass: 64528K(64960K)->64528K(64960K) Class: 9306K(9664K)->9306K(9664K)
[2026-10-07T23:51:43.480+0000][466.029s][info][gc             ] GC(205) Pause Young (Allocation Failure) 46M->34M(55M) 4.833ms
[2026-10-07T23:51:43.480+0000][466.029s][info][gc,cpu         ] GC(205) User=0.00s Sys=0.00s Real=0.00s
[2026-10-07T23:51:45.015+0000][467.564s][info][gc,start       ] GC(206) Pause Young (Allocation Failure)
[2026-10-07T23:51:45.020+0000][467.569s][info][gc,heap        ] GC(206) PSYoungGen: 12524K(12800K)->160K(12800K) Eden: 12288K(12288K)->0K(12288K) From: 236K(512K)->160K(512K)
[2026-10-07T23:51:45.020+0000][467.570s][info][gc,heap        ] GC(206) ParOldGen: 35330K(44032K)->35435K(44032K)
[2026-10-07T23:51:45.020+0000][467.570s][info][gc,metaspace   ] GC(206) Metaspace: 73835K(74624K)->73835K(74624K) NonClass: 64529K(64960K)->64529K(64960K) Class: 9306K(9664K)->9306K(9664K)
[2026-10-07T23:51:45.020+0000][467.570s][info][gc             ] GC(206) Pause Young (Allocation Failure) 46M->34M(55M) 5.348ms
[2026-10-07T23:51:45.020+0000][467.570s][info][gc,cpu         ] GC(206) User=0.00s Sys=0.01s Real=0.00s
[2026-10-07T23:51:46.556+0000][469.105s][info][gc,start       ] GC(207) Pause Young (Allocation Failure)
[2026-10-07T23:51:46.561+0000][469.111s][info][gc,heap        ] GC(207) PSYoungGen: 12448K(12800K)->224K(12800K) Eden: 12288K(12288K)->0K(12288K) From: 160K(512K)->224K(512K)
[2026-10-07T23:51:46.561+0000][469.111s][info][gc,heap        ] GC(207) ParOldGen: 35435K(44032K)->35531K(44032K)
[2026-10-07T23:51:46.561+0000][469.111s][info][gc,metaspace   ] GC(207) Metaspace: 73835K(74624K)->73835K(74624K) NonClass: 64529K(64960K)->64529K(64960K) Class: 9306K(9664K)->9306K(9664K)
[2026-10-07T23:51:46.561+0000][469.111s][info][gc             ] GC(207) Pause Young (Allocation Failure) 46M->34M(55M) 5.670ms
[2026-10-07T23:51:46.561+0000][469.111s][info][gc,cpu         ] GC(207) User=0.01s Sys=0.00s Real=0.00s
[2026-10-07T23:51:48.001+0000][470.550s][info][gc,start       ] GC(208) Pause Young (Allocation Failure)
[2026-10-07T23:51:48.006+0000][470.556s][info][gc,heap        ] GC(208) PSYoungGen: 12512K(12800K)->218K(12800K) Eden: 12288K(12288K)->0K(12288K) From: 224K(512K)->218K(512K)
[2026-10-07T23:51:48.006+0000][470.556s][info][gc,heap        ] GC(208) ParOldGen: 35531K(44032K)->35615K(44032K)
[2026-10-07T23:51:48.006+0000][470.556s][info][gc,metaspace   ] GC(208) Metaspace: 73836K(74624K)->73836K(74624K) NonClass: 64529K(64960K)->64529K(64960K) Class: 9306K(9664K)->9306K(9664K)
[2026-10-07T23:51:48.006+0000][470.556s][info][gc             ] GC(208) Pause Young (Allocation Failure) 46M->34M(55M) 5.370ms
[2026-10-07T23:51:48.006+0000][470.556s][info][gc,cpu         ] GC(208) User=0.01s Sys=0.00s Real=0.01s
[2026-10-07T23:51:49.488+0000][472.037s][info][gc,start       ] GC(209) Pause Young (Allocation Failure)
[2026-10-07T23:51:49.492+0000][472.042s][info][gc,heap        ] GC(209) PSYoungGen: 12506K(12800K)->228K(12800K) Eden: 12288K(12288K)->0K(12288K) From: 218K(512K)->228K(512K)
[2026-10-07T23:51:49.492+0000][472.042s][info][gc,heap        ] GC(209) ParOldGen: 35615K(44032K)->35691K(44032K)
[2026-10-07T23:51:49.492+0000][472.042s][info][gc,metaspace   ] GC(209) Metaspace: 73837K(74624K)->73837K(74624K) NonClass: 64531K(64960K)->64531K(64960K) Class: 9306K(9664K)->9306K(9664K)
[2026-10-07T23:51:49.492+0000][472.042s][info][gc             ] GC(209) Pause Young (Allocation Failure) 46M->35M(55M) 4.589ms
[2026-10-07T23:51:49.492+0000][472.042s][info][gc,cpu         ] GC(209) User=0.00s Sys=0.00s Real=0.00s
[2026-10-07T23:51:51.057+0000][473.607s][info][gc,start       ] GC(210) Pause Young (Allocation Failure)
[2026-10-07T23:51:51.065+0000][473.614s][info][gc,heap        ] GC(210) PSYoungGen: 12516K(12800K)->224K(12800K) Eden: 12288K(12288K)->0K(12288K) From: 228K(512K)->224K(512K)
[2026-10-07T23:51:51.065+0000][473.614s][info][gc,heap        ] GC(210) ParOldGen: 35691K(44032K)->35820K(44032K)
[2026-10-07T23:51:51.065+0000][473.614s][info][gc,metaspace   ] GC(210) Metaspace: 73837K(74624K)->73837K(74624K) NonClass: 64531K(64960K)->64531K(64960K) Class: 9306K(9664K)->9306K(9664K)
[2026-10-07T23:51:51.065+0000][473.614s][info][gc             ] GC(210) Pause Young (Allocation Failure) 47M->35M(55M) 7.522ms
[2026-10-07T23:51:51.065+0000][473.614s][info][gc,cpu         ] GC(210) User=0.00s Sys=0.00s Real=0.01s
[2026-10-07T23:51:52.562+0000][475.111s][info][gc,start       ] GC(211) Pause Young (Allocation Failure)
[2026-10-07T23:51:52.569+0000][475.118s][info][gc,heap        ] GC(211) PSYoungGen: 12512K(12800K)->192K(12800K) Eden: 12288K(12288K)->0K(12288K) From: 224K(512K)->192K(512K)
[2026-10-07T23:51:52.569+0000][475.118s][info][gc,heap        ] GC(211) ParOldGen: 35820K(44032K)->35892K(44032K)
[2026-10-07T23:51:52.569+0000][475.118s][info][gc,metaspace   ] GC(211) Metaspace: 73837K(74624K)->73837K(74624K) NonClass: 64531K(64960K)->64531K(64960K) Class: 9306K(9664K)->9306K(9664K)
[2026-10-07T23:51:52.569+0000][475.118s][info][gc             ] GC(211) Pause Young (Allocation Failure) 47M->35M(55M) 6.817ms
[2026-10-07T23:51:52.569+0000][475.118s][info][gc,cpu         ] GC(211) User=0.00s Sys=0.00s Real=0.01s
[2026-10-07T23:51:54.084+0000][476.634s][info][gc,start       ] GC(212) Pause Young (Allocation Failure)
[2026-10-07T23:51:54.090+0000][476.640s][info][gc,heap        ] GC(212) PSYoungGen: 12480K(12800K)->211K(12800K) Eden: 12288K(12288K)->0K(12288K) From: 192K(512K)->211K(512K)
[2026-10-07T23:51:54.090+0000][476.640s][info][gc,heap        ] GC(212) ParOldGen: 35892K(44032K)->35948K(44032K)
[2026-10-07T23:51:54.090+0000][476.640s][info][gc,metaspace   ] GC(212) Metaspace: 73841K(74624K)->73841K(74624K) NonClass: 64534K(64960K)->64534K(64960K) Class: 9306K(9664K)->9306K(9664K)
[2026-10-07T23:51:54.090+0000][476.640s][info][gc             ] GC(212) Pause Young (Allocation Failure) 47M->35M(55M) 6.279ms
[2026-10-07T23:51:54.091+0000][476.640s][info][gc,cpu         ] GC(212) User=0.01s Sys=0.00s Real=0.00s
[2026-10-07T23:51:55.626+0000][478.176s][info][gc,start       ] GC(213) Pause Young (Allocation Failure)
[2026-10-07T23:51:55.630+0000][478.179s][info][gc,heap        ] GC(213) PSYoungGen: 12499K(12800K)->224K(12800K) Eden: 12288K(12288K)->0K(12288K) From: 211K(512K)->224K(512K)
[2026-10-07T23:51:55.630+0000][478.179s][info][gc,heap        ] GC(213) ParOldGen: 35948K(44032K)->36075K(44032K)
[2026-10-07T23:51:55.630+0000][478.179s][info][gc,metaspace   ] GC(213) Metaspace: 73841K(74624K)->73841K(74624K) NonClass: 64534K(64960K)->64534K(64960K) Class: 9306K(9664K)->9306K(9664K)
[2026-10-07T23:51:55.630+0000][478.179s][info][gc             ] GC(213) Pause Young (Allocation Failure) 47M->35M(55M) 3.548ms
[2026-10-07T23:51:55.630+0000][478.179s][info][gc,cpu         ] GC(213) User=0.00s Sys=0.00s Real=0.00s
[2026-10-07T23:51:57.137+0000][479.686s][info][gc,start       ] GC(214) Pause Young (Allocation Failure)
[2026-10-07T23:51:57.144+0000][479.694s][info][gc,heap        ] GC(214) PSYoungGen: 12512K(12800K)->192K(12800K) Eden: 12288K(12288K)->0K(12288K) From: 224K(512K)->192K(512K)
[2026-10-07T23:51:57.144+0000][479.694s][info][gc,heap        ] GC(214) ParOldGen: 36075K(44032K)->36171K(44032K)
[2026-10-07T23:51:57.144+0000][479.694s][info][gc,metaspace   ] GC(214) Metaspace: 73841K(74624K)->73841K(74624K) NonClass: 64534K(64960K)->64534K(64960K) Class: 9306K(9664K)->9306K(9664K)
[2026-10-07T23:51:57.144+0000][479.694s][info][gc             ] GC(214) Pause Young (Allocation Failure) 47M->35M(55M) 7.420ms
[2026-10-07T23:51:57.144+0000][479.694s][info][gc,cpu         ] GC(214) User=0.00s Sys=0.00s Real=0.01s
[2026-10-07T23:51:58.663+0000][481.212s][info][gc,start       ] GC(215) Pause Young (Allocation Failure)
[2026-10-07T23:51:58.667+0000][481.217s][info][gc,heap        ] GC(215) PSYoungGen: 12480K(12800K)->249K(12800K) Eden: 12288K(12288K)->0K(12288K) From: 192K(512K)->249K(512K)
[2026-10-07T23:51:58.668+0000][481.217s][info][gc,heap        ] GC(215) ParOldGen: 36171K(44032K)->36231K(44032K)
[2026-10-07T23:51:58.668+0000][481.217s][info][gc,metaspace   ] GC(215) Metaspace: 73849K(74624K)->73849K(74624K) NonClass: 64542K(64960K)->64542K(64960K) Class: 9306K(9664K)->9306K(9664K)
[2026-10-07T23:51:58.668+0000][481.217s][info][gc             ] GC(215) Pause Young (Allocation Failure) 47M->35M(55M) 4.463ms
[2026-10-07T23:51:58.668+0000][481.217s][info][gc,cpu         ] GC(215) User=0.00s Sys=0.00s Real=0.01s
[2026-10-07T23:52:00.192+0000][482.742s][info][gc,start       ] GC(216) Pause Young (Allocation Failure)
[2026-10-07T23:52:00.200+0000][482.750s][info][gc,heap        ] GC(216) PSYoungGen: 12537K(12800K)->224K(12800K) Eden: 12288K(12288K)->0K(12288K) From: 249K(512K)->224K(512K)
[2026-10-07T23:52:00.200+0000][482.750s][info][gc,heap        ] GC(216) ParOldGen: 36231K(44032K)->36365K(44032K)
[2026-10-07T23:52:00.200+0000][482.750s][info][gc,metaspace   ] GC(216) Metaspace: 73849K(74624K)->73849K(74624K) NonClass: 64542K(64960K)->64542K(64960K) Class: 9306K(9664K)->9306K(9664K)
[2026-10-07T23:52:00.200+0000][482.750s][info][gc             ] GC(216) Pause Young (Allocation Failure) 47M->35M(55M) 8.033ms
[2026-10-07T23:52:00.201+0000][482.750s][info][gc,cpu         ] GC(216) User=0.01s Sys=0.00s Real=0.01s
[2026-10-07T23:52:01.703+0000][484.253s][info][gc,start       ] GC(217) Pause Young (Allocation Failure)
[2026-10-07T23:52:01.707+0000][484.257s][info][gc,heap        ] GC(217) PSYoungGen: 12512K(12800K)->224K(12800K) Eden: 12288K(12288K)->0K(12288K) From: 224K(512K)->224K(512K)
[2026-10-07T23:52:01.707+0000][484.257s][info][gc,heap        ] GC(217) ParOldGen: 36365K(44032K)->36445K(44032K)
[2026-10-07T23:52:01.707+0000][484.257s][info][gc,metaspace   ] GC(217) Metaspace: 73857K(74624K)->73857K(74624K) NonClass: 64551K(64960K)->64551K(64960K) Class: 9306K(9664K)->9306K(9664K)
[2026-10-07T23:52:01.707+0000][484.257s][info][gc             ] GC(217) Pause Young (Allocation Failure) 47M->35M(55M) 3.975ms
[2026-10-07T23:52:01.707+0000][484.257s][info][gc,cpu         ] GC(217) User=0.00s Sys=0.00s Real=0.01s
[2026-10-07T23:52:03.197+0000][485.746s][info][gc,start       ] GC(218) Pause Young (Allocation Failure)
[2026-10-07T23:52:03.203+0000][485.752s][info][gc,heap        ] GC(218) PSYoungGen: 12512K(12800K)->224K(12800K) Eden: 12288K(12288K)->0K(12288K) From: 224K(512K)->224K(512K)
[2026-10-07T23:52:03.203+0000][485.752s][info][gc,heap        ] GC(218) ParOldGen: 36445K(44032K)->36567K(44032K)
[2026-10-07T23:52:03.203+0000][485.752s][info][gc,metaspace   ] GC(218) Metaspace: 73859K(74624K)->73859K(74624K) NonClass: 64552K(64960K)->64552K(64960K) Class: 9306K(9664K)->9306K(9664K)
[2026-10-07T23:52:03.203+0000][485.752s][info][gc             ] GC(218) Pause Young (Allocation Failure) 47M->35M(55M) 6.201ms
[2026-10-07T23:52:03.203+0000][485.752s][info][gc,cpu         ] GC(218) User=0.01s Sys=0.00s Real=0.00s
[2026-10-07T23:52:04.698+0000][487.248s][info][gc,start       ] GC(219) Pause Young (Allocation Failure)
[2026-10-07T23:52:04.702+0000][487.252s][info][gc,heap        ] GC(219) PSYoungGen: 12512K(12800K)->250K(12800K) Eden: 12288K(12288K)->0K(12288K) From: 224K(512K)->250K(512K)
[2026-10-07T23:52:04.702+0000][487.252s][info][gc,heap        ] GC(219) ParOldGen: 36567K(44032K)->36635K(44032K)
[2026-10-07T23:52:04.702+0000][487.252s][info][gc,metaspace   ] GC(219) Metaspace: 73860K(74624K)->73860K(74624K) NonClass: 64553K(64960K)->64553K(64960K) Class: 9306K(9664K)->9306K(9664K)
[2026-10-07T23:52:04.702+0000][487.252s][info][gc             ] GC(219) Pause Young (Allocation Failure) 47M->36M(55M) 4.117ms
[2026-10-07T23:52:04.703+0000][487.252s][info][gc,cpu         ] GC(219) User=0.00s Sys=0.00s Real=0.00s
[2026-10-07T23:52:06.246+0000][488.795s][info][gc,start       ] GC(220) Pause Young (Allocation Failure)
[2026-10-07T23:52:06.250+0000][488.799s][info][gc,heap        ] GC(220) PSYoungGen: 12538K(12800K)->192K(12800K) Eden: 12288K(12288K)->0K(12288K) From: 250K(512K)->192K(512K)
[2026-10-07T23:52:06.250+0000][488.799s][info][gc,heap        ] GC(220) ParOldGen: 36635K(44032K)->36782K(44032K)
[2026-10-07T23:52:06.250+0000][488.799s][info][gc,metaspace   ] GC(220) Metaspace: 73864K(74624K)->73864K(74624K) NonClass: 64557K(64960K)->64557K(64960K) Class: 9306K(9664K)->9306K(9664K)
[2026-10-07T23:52:06.250+0000][488.799s][info][gc             ] GC(220) Pause Young (Allocation Failure) 48M->36M(55M) 4.107ms
[2026-10-07T23:52:06.250+0000][488.799s][info][gc,cpu         ] GC(220) User=0.01s Sys=0.00s Real=0.00s
[2026-10-07T23:52:07.763+0000][490.312s][info][gc,start       ] GC(221) Pause Young (Allocation Failure)
[2026-10-07T23:52:07.768+0000][490.317s][info][gc,heap        ] GC(221) PSYoungGen: 12480K(12800K)->192K(12800K) Eden: 12288K(12288K)->0K(12288K) From: 192K(512K)->192K(512K)
[2026-10-07T23:52:07.768+0000][490.317s][info][gc,heap        ] GC(221) ParOldGen: 36782K(44032K)->36882K(44032K)
[2026-10-07T23:52:07.768+0000][490.317s][info][gc,metaspace   ] GC(221) Metaspace: 73864K(74624K)->73864K(74624K) NonClass: 64557K(64960K)->64557K(64960K) Class: 9306K(9664K)->9306K(9664K)
[2026-10-07T23:52:07.768+0000][490.317s][info][gc             ] GC(221) Pause Young (Allocation Failure) 48M->36M(55M) 5.004ms
[2026-10-07T23:52:07.768+0000][490.317s][info][gc,cpu         ] GC(221) User=0.01s Sys=0.00s Real=0.01s
[2026-10-07T23:52:09.267+0000][491.816s][info][gc,start       ] GC(222) Pause Young (Allocation Failure)
[2026-10-07T23:52:09.271+0000][491.821s][info][gc,heap        ] GC(222) PSYoungGen: 12480K(12800K)->267K(12800K) Eden: 12288K(12288K)->0K(12288K) From: 192K(512K)->267K(512K)
[2026-10-07T23:52:09.271+0000][491.821s][info][gc,heap        ] GC(222) ParOldGen: 36882K(44032K)->36942K(44032K)
[2026-10-07T23:52:09.271+0000][491.821s][info][gc,metaspace   ] GC(222) Metaspace: 73871K(74624K)->73871K(74624K) NonClass: 64565K(64960K)->64565K(64960K) Class: 9306K(9664K)->9306K(9664K)
[2026-10-07T23:52:09.271+0000][491.821s][info][gc             ] GC(222) Pause Young (Allocation Failure) 48M->36M(55M) 4.584ms
[2026-10-07T23:52:09.271+0000][491.821s][info][gc,cpu         ] GC(222) User=0.01s Sys=0.00s Real=0.00s
[2026-10-07T23:52:10.831+0000][493.381s][info][gc,start       ] GC(223) Pause Young (Allocation Failure)
[2026-10-07T23:52:10.837+0000][493.386s][info][gc,heap        ] GC(223) PSYoungGen: 12555K(12800K)->192K(12800K) Eden: 12288K(12288K)->0K(12288K) From: 267K(512K)->192K(512K)
[2026-10-07T23:52:10.837+0000][493.386s][info][gc,heap        ] GC(223) ParOldGen: 36942K(44032K)->37065K(44032K)
[2026-10-07T23:52:10.837+0000][493.386s][info][gc,metaspace   ] GC(223) Metaspace: 73871K(74624K)->73871K(74624K) NonClass: 64565K(64960K)->64565K(64960K) Class: 9306K(9664K)->9306K(9664K)
[2026-10-07T23:52:10.837+0000][493.386s][info][gc             ] GC(223) Pause Young (Allocation Failure) 48M->36M(55M) 5.424ms
[2026-10-07T23:52:10.837+0000][493.386s][info][gc,cpu         ] GC(223) User=0.01s Sys=0.00s Real=0.01s
[2026-10-07T23:52:12.333+0000][494.882s][info][gc,start       ] GC(224) Pause Young (Allocation Failure)
[2026-10-07T23:52:12.339+0000][494.888s][info][gc,heap        ] GC(224) PSYoungGen: 12480K(12800K)->192K(12800K) Eden: 12288K(12288K)->0K(12288K) From: 192K(512K)->192K(512K)
[2026-10-07T23:52:12.339+0000][494.888s][info][gc,heap        ] GC(224) ParOldGen: 37065K(44032K)->37145K(44032K)
[2026-10-07T23:52:12.339+0000][494.888s][info][gc,metaspace   ] GC(224) Metaspace: 73871K(74624K)->73871K(74624K) NonClass: 64565K(64960K)->64565K(64960K) Class: 9306K(9664K)->9306K(9664K)
[2026-10-07T23:52:12.339+0000][494.888s][info][gc             ] GC(224) Pause Young (Allocation Failure) 48M->36M(55M) 6.192ms
[2026-10-07T23:52:12.339+0000][494.888s][info][gc,cpu         ] GC(224) User=0.00s Sys=0.00s Real=0.01s
[2026-10-07T23:52:13.843+0000][496.392s][info][gc,start       ] GC(225) Pause Young (Allocation Failure)
[2026-10-07T23:52:13.848+0000][496.398s][info][gc,heap        ] GC(225) PSYoungGen: 12480K(12800K)->275K(12800K) Eden: 12288K(12288K)->0K(12288K) From: 192K(512K)->275K(512K)
[2026-10-07T23:52:13.848+0000][496.398s][info][gc,heap        ] GC(225) ParOldGen: 37145K(44032K)->37201K(44032K)
[2026-10-07T23:52:13.848+0000][496.398s][info][gc,metaspace   ] GC(225) Metaspace: 73873K(74624K)->73873K(74624K) NonClass: 64566K(64960K)->64566K(64960K) Class: 9306K(9664K)->9306K(9664K)
[2026-10-07T23:52:13.848+0000][496.398s][info][gc             ] GC(225) Pause Young (Allocation Failure) 48M->36M(55M) 5.539ms
[2026-10-07T23:52:13.848+0000][496.398s][info][gc,cpu         ] GC(225) User=0.00s Sys=0.00s Real=0.01s
[2026-10-07T23:52:15.405+0000][497.955s][info][gc,start       ] GC(226) Pause Young (Allocation Failure)
[2026-10-07T23:52:15.410+0000][497.959s][info][gc,heap        ] GC(226) PSYoungGen: 12563K(12800K)->192K(12800K) Eden: 12288K(12288K)->0K(12288K) From: 275K(512K)->192K(512K)
[2026-10-07T23:52:15.410+0000][497.959s][info][gc,heap        ] GC(226) ParOldGen: 37201K(44032K)->37361K(44032K)
[2026-10-07T23:52:15.410+0000][497.959s][info][gc,metaspace   ] GC(226) Metaspace: 73873K(74624K)->73873K(74624K) NonClass: 64566K(64960K)->64566K(64960K) Class: 9306K(9664K)->9306K(9664K)
[2026-10-07T23:52:15.410+0000][497.959s][info][gc             ] GC(226) Pause Young (Allocation Failure) 48M->36M(55M) 4.644ms
[2026-10-07T23:52:15.410+0000][497.959s][info][gc,cpu         ] GC(226) User=0.00s Sys=0.00s Real=0.00s
[2026-10-07T23:52:16.841+0000][499.390s][info][gc,start       ] GC(227) Pause Young (Allocation Failure)
[2026-10-07T23:52:16.845+0000][499.395s][info][gc,heap        ] GC(227) PSYoungGen: 12480K(12800K)->224K(12800K) Eden: 12288K(12288K)->0K(12288K) From: 192K(512K)->224K(512K)
[2026-10-07T23:52:16.845+0000][499.395s][info][gc,heap        ] GC(227) ParOldGen: 37361K(44032K)->37433K(44032K)
[2026-10-07T23:52:16.846+0000][499.395s][info][gc,metaspace   ] GC(227) Metaspace: 73878K(74688K)->73878K(74688K) NonClass: 64571K(65024K)->64571K(65024K) Class: 9306K(9664K)->9306K(9664K)
[2026-10-07T23:52:16.846+0000][499.395s][info][gc             ] GC(227) Pause Young (Allocation Failure) 48M->36M(55M) 5.014ms
[2026-10-07T23:52:16.846+0000][499.395s][info][gc,cpu         ] GC(227) User=0.01s Sys=0.00s Real=0.01s
[2026-10-07T23:52:18.396+0000][500.946s][info][gc,start       ] GC(228) Pause Young (Allocation Failure)
[2026-10-07T23:52:18.401+0000][500.950s][info][gc,heap        ] GC(228) PSYoungGen: 12512K(12800K)->198K(12800K) Eden: 12288K(12288K)->0K(12288K) From: 224K(512K)->198K(512K)
[2026-10-07T23:52:18.401+0000][500.950s][info][gc,heap        ] GC(228) ParOldGen: 37433K(44032K)->37520K(44032K)
[2026-10-07T23:52:18.401+0000][500.950s][info][gc,metaspace   ] GC(228) Metaspace: 73878K(74688K)->73878K(74688K) NonClass: 64571K(65024K)->64571K(65024K) Class: 9306K(9664K)->9306K(9664K)
[2026-10-07T23:52:18.401+0000][500.950s][info][gc             ] GC(228) Pause Young (Allocation Failure) 48M->36M(55M) 4.626ms
[2026-10-07T23:52:18.401+0000][500.950s][info][gc,cpu         ] GC(228) User=0.00s Sys=0.00s Real=0.00s
[2026-10-07T23:52:19.919+0000][502.469s][info][gc,start       ] GC(229) Pause Young (Allocation Failure)
[2026-10-07T23:52:19.923+0000][502.472s][info][gc,heap        ] GC(229) PSYoungGen: 12486K(12800K)->160K(12800K) Eden: 12288K(12288K)->0K(12288K) From: 198K(512K)->160K(512K)
[2026-10-07T23:52:19.923+0000][502.472s][info][gc,heap        ] GC(229) ParOldGen: 37520K(44032K)->37618K(44032K)
[2026-10-07T23:52:19.923+0000][502.472s][info][gc,metaspace   ] GC(229) Metaspace: 73878K(74688K)->73878K(74688K) NonClass: 64571K(65024K)->64571K(65024K) Class: 9306K(9664K)->9306K(9664K)
[2026-10-07T23:52:19.923+0000][502.472s][info][gc             ] GC(229) Pause Young (Allocation Failure) 48M->36M(55M) 3.478ms
[2026-10-07T23:52:19.923+0000][502.472s][info][gc,cpu         ] GC(229) User=0.01s Sys=0.00s Real=0.00s
[2026-10-07T23:52:21.486+0000][504.035s][info][gc,start       ] GC(230) Pause Young (Allocation Failure)
[2026-10-07T23:52:21.490+0000][504.039s][info][gc,heap        ] GC(230) PSYoungGen: 12448K(12800K)->192K(12800K) Eden: 12288K(12288K)->0K(12288K) From: 160K(512K)->192K(512K)
[2026-10-07T23:52:21.490+0000][504.039s][info][gc,heap        ] GC(230) ParOldGen: 37618K(44032K)->37678K(44032K)
[2026-10-07T23:52:21.490+0000][504.039s][info][gc,metaspace   ] GC(230) Metaspace: 73878K(74688K)->73878K(74688K) NonClass: 64571K(65024K)->64571K(65024K) Class: 9306K(9664K)->9306K(9664K)
[2026-10-07T23:52:21.490+0000][504.039s][info][gc             ] GC(230) Pause Young (Allocation Failure) 48M->36M(55M) 3.895ms
[2026-10-07T23:52:21.490+0000][504.040s][info][gc,cpu         ] GC(230) User=0.00s Sys=0.00s Real=0.00s
[2026-10-07T23:52:23.000+0000][505.549s][info][gc,start       ] GC(231) Pause Young (Allocation Failure)
[2026-10-07T23:52:23.004+0000][505.553s][info][gc,heap        ] GC(231) PSYoungGen: 12480K(12800K)->192K(12800K) Eden: 12288K(12288K)->0K(12288K) From: 192K(512K)->192K(512K)
[2026-10-07T23:52:23.004+0000][505.553s][info][gc,heap        ] GC(231) ParOldGen: 37678K(44032K)->37758K(44032K)
[2026-10-07T23:52:23.004+0000][505.553s][info][gc,metaspace   ] GC(231) Metaspace: 73878K(74688K)->73878K(74688K) NonClass: 64571K(65024K)->64571K(65024K) Class: 9306K(9664K)->9306K(9664K)
[2026-10-07T23:52:23.004+0000][505.553s][info][gc             ] GC(231) Pause Young (Allocation Failure) 48M->37M(55M) 4.464ms
[2026-10-07T23:52:23.004+0000][505.553s][info][gc,cpu         ] GC(231) User=0.01s Sys=0.00s Real=0.01s
[2026-10-07T23:52:24.513+0000][507.062s][info][gc,start       ] GC(232) Pause Young (Allocation Failure)
[2026-10-07T23:52:24.518+0000][507.067s][info][gc,heap        ] GC(232) PSYoungGen: 12480K(12800K)->240K(12800K) Eden: 12288K(12288K)->0K(12288K) From: 192K(512K)->240K(512K)
[2026-10-07T23:52:24.518+0000][507.068s][info][gc,heap        ] GC(232) ParOldGen: 37758K(44032K)->37806K(44032K)
[2026-10-07T23:52:24.518+0000][507.068s][info][gc,metaspace   ] GC(232) Metaspace: 73883K(74688K)->73883K(74688K) NonClass: 64577K(65024K)->64577K(65024K) Class: 9306K(9664K)->9306K(9664K)
[2026-10-07T23:52:24.518+0000][507.068s][info][gc             ] GC(232) Pause Young (Allocation Failure) 49M->37M(55M) 5.271ms
[2026-10-07T23:52:24.519+0000][507.068s][info][gc,cpu         ] GC(232) User=0.00s Sys=0.00s Real=0.01s
[2026-10-07T23:52:26.058+0000][508.607s][info][gc,start       ] GC(233) Pause Young (Allocation Failure)
[2026-10-07T23:52:26.063+0000][508.613s][info][gc,heap        ] GC(233) PSYoungGen: 12528K(12800K)->192K(12800K) Eden: 12288K(12288K)->0K(12288K) From: 240K(512K)->192K(512K)
[2026-10-07T23:52:26.063+0000][508.613s][info][gc,heap        ] GC(233) ParOldGen: 37806K(44032K)->37930K(44032K)
[2026-10-07T23:52:26.063+0000][508.613s][info][gc,metaspace   ] GC(233) Metaspace: 73883K(74688K)->73883K(74688K) NonClass: 64577K(65024K)->64577K(65024K) Class: 9306K(9664K)->9306K(9664K)
[2026-10-07T23:52:26.063+0000][508.613s][info][gc             ] GC(233) Pause Young (Allocation Failure) 49M->37M(55M) 5.728ms
[2026-10-07T23:52:26.063+0000][508.613s][info][gc,cpu         ] GC(233) User=0.01s Sys=0.00s Real=0.00s
[2026-10-07T23:52:27.574+0000][510.123s][info][gc,start       ] GC(234) Pause Young (Allocation Failure)
[2026-10-07T23:52:27.578+0000][510.128s][info][gc,heap        ] GC(234) PSYoungGen: 12480K(12800K)->192K(12800K) Eden: 12288K(12288K)->0K(12288K) From: 192K(512K)->192K(512K)
[2026-10-07T23:52:27.578+0000][510.128s][info][gc,heap        ] GC(234) ParOldGen: 37930K(44032K)->38010K(44032K)
[2026-10-07T23:52:27.578+0000][510.128s][info][gc,metaspace   ] GC(234) Metaspace: 73883K(74688K)->73883K(74688K) NonClass: 64577K(65024K)->64577K(65024K) Class: 9306K(9664K)->9306K(9664K)
[2026-10-07T23:52:27.578+0000][510.128s][info][gc             ] GC(234) Pause Young (Allocation Failure) 49M->37M(55M) 4.687ms
[2026-10-07T23:52:27.578+0000][510.128s][info][gc,cpu         ] GC(234) User=0.01s Sys=0.00s Real=0.00s
[2026-10-07T23:52:29.118+0000][511.667s][info][gc,start       ] GC(235) Pause Young (Allocation Failure)
[2026-10-07T23:52:29.124+0000][511.673s][info][gc,heap        ] GC(235) PSYoungGen: 12480K(12800K)->237K(12800K) Eden: 12288K(12288K)->0K(12288K) From: 192K(512K)->237K(512K)
[2026-10-07T23:52:29.124+0000][511.673s][info][gc,heap        ] GC(235) ParOldGen: 38010K(44032K)->38086K(44032K)
[2026-10-07T23:52:29.124+0000][511.673s][info][gc,metaspace   ] GC(235) Metaspace: 73887K(74688K)->73887K(74688K) NonClass: 64580K(65024K)->64580K(65024K) Class: 9306K(9664K)->9306K(9664K)
[2026-10-07T23:52:29.124+0000][511.673s][info][gc             ] GC(235) Pause Young (Allocation Failure) 49M->37M(55M) 5.593ms
[2026-10-07T23:52:29.124+0000][511.673s][info][gc,cpu         ] GC(235) User=0.00s Sys=0.01s Real=0.01s
[2026-10-07T23:52:30.661+0000][513.210s][info][gc,start       ] GC(236) Pause Young (Allocation Failure)
[2026-10-07T23:52:30.665+0000][513.215s][info][gc,heap        ] GC(236) PSYoungGen: 12525K(12800K)->224K(12800K) Eden: 12287K(12288K)->0K(12288K) From: 237K(512K)->224K(512K)
[2026-10-07T23:52:30.665+0000][513.215s][info][gc,heap        ] GC(236) ParOldGen: 38086K(44032K)->38220K(44032K)
[2026-10-07T23:52:30.665+0000][513.215s][info][gc,metaspace   ] GC(236) Metaspace: 73887K(74688K)->73887K(74688K) NonClass: 64580K(65024K)->64580K(65024K) Class: 9306K(9664K)->9306K(9664K)
[2026-10-07T23:52:30.665+0000][513.215s][info][gc             ] GC(236) Pause Young (Allocation Failure) 49M->37M(55M) 4.440ms
[2026-10-07T23:52:30.665+0000][513.215s][info][gc,cpu         ] GC(236) User=0.00s Sys=0.00s Real=0.01s
[2026-10-07T23:52:32.121+0000][514.670s][info][gc,start       ] GC(237) Pause Young (Allocation Failure)
[2026-10-07T23:52:32.125+0000][514.674s][info][gc,heap        ] GC(237) PSYoungGen: 12512K(12800K)->224K(12800K) Eden: 12288K(12288K)->0K(12288K) From: 224K(512K)->224K(512K)
[2026-10-07T23:52:32.125+0000][514.674s][info][gc,heap        ] GC(237) ParOldGen: 38220K(44032K)->38304K(44032K)
[2026-10-07T23:52:32.125+0000][514.674s][info][gc,metaspace   ] GC(237) Metaspace: 73892K(74688K)->73892K(74688K) NonClass: 64586K(65024K)->64586K(65024K) Class: 9306K(9664K)->9306K(9664K)
[2026-10-07T23:52:32.125+0000][514.675s][info][gc             ] GC(237) Pause Young (Allocation Failure) 49M->37M(55M) 4.485ms
[2026-10-07T23:52:32.125+0000][514.675s][info][gc,cpu         ] GC(237) User=0.01s Sys=0.00s Real=0.01s
[2026-10-07T23:52:33.626+0000][516.175s][info][gc,start       ] GC(238) Pause Young (Allocation Failure)
[2026-10-07T23:52:33.630+0000][516.179s][info][gc,heap        ] GC(238) PSYoungGen: 12512K(12800K)->229K(12800K) Eden: 12288K(12288K)->0K(12288K) From: 224K(512K)->229K(512K)
[2026-10-07T23:52:33.630+0000][516.179s][info][gc,heap        ] GC(238) ParOldGen: 38304K(44032K)->38392K(44032K)
[2026-10-07T23:52:33.630+0000][516.179s][info][gc,metaspace   ] GC(238) Metaspace: 73893K(74688K)->73893K(74688K) NonClass: 64587K(65024K)->64587K(65024K) Class: 9306K(9664K)->9306K(9664K)
[2026-10-07T23:52:33.630+0000][516.179s][info][gc             ] GC(238) Pause Young (Allocation Failure) 49M->37M(55M) 3.785ms
[2026-10-07T23:52:33.630+0000][516.179s][info][gc,cpu         ] GC(238) User=0.00s Sys=0.00s Real=0.00s
[2026-10-07T23:52:35.175+0000][517.724s][info][gc,start       ] GC(239) Pause Young (Allocation Failure)
[2026-10-07T23:52:35.182+0000][517.731s][info][gc,heap        ] GC(239) PSYoungGen: 12517K(12800K)->192K(12800K) Eden: 12288K(12288K)->0K(12288K) From: 229K(512K)->192K(512K)
[2026-10-07T23:52:35.182+0000][517.731s][info][gc,heap        ] GC(239) ParOldGen: 38392K(44032K)->38530K(44032K)
[2026-10-07T23:52:35.183+0000][517.732s][info][gc,metaspace   ] GC(239) Metaspace: 73895K(74688K)->73895K(74688K) NonClass: 64588K(65024K)->64588K(65024K) Class: 9306K(9664K)->9306K(9664K)
[2026-10-07T23:52:35.183+0000][517.732s][info][gc             ] GC(239) Pause Young (Allocation Failure) 49M->37M(55M) 8.176ms
[2026-10-07T23:52:35.183+0000][517.732s][info][gc,cpu         ] GC(239) User=0.00s Sys=0.00s Real=0.00s
[2026-10-07T23:52:36.733+0000][519.282s][info][gc,start       ] GC(240) Pause Young (Allocation Failure)
[2026-10-07T23:52:36.739+0000][519.289s][info][gc,heap        ] GC(240) PSYoungGen: 12480K(12800K)->224K(12800K) Eden: 12288K(12288K)->0K(12288K) From: 192K(512K)->224K(512K)
[2026-10-07T23:52:36.739+0000][519.289s][info][gc,heap        ] GC(240) ParOldGen: 38530K(44032K)->38602K(44032K)
[2026-10-07T23:52:36.739+0000][519.289s][info][gc,metaspace   ] GC(240) Metaspace: 73895K(74688K)->73895K(74688K) NonClass: 64588K(65024K)->64588K(65024K) Class: 9306K(9664K)->9306K(9664K)
[2026-10-07T23:52:36.739+0000][519.289s][info][gc             ] GC(240) Pause Young (Allocation Failure) 49M->37M(55M) 6.711ms
[2026-10-07T23:52:36.739+0000][519.289s][info][gc,cpu         ] GC(240) User=0.00s Sys=0.00s Real=0.01s
[2026-10-07T23:52:38.262+0000][520.812s][info][gc,start       ] GC(241) Pause Young (Allocation Failure)
[2026-10-07T23:52:38.269+0000][520.818s][info][gc,heap        ] GC(241) PSYoungGen: 12512K(12800K)->192K(12800K) Eden: 12288K(12288K)->0K(12288K) From: 224K(512K)->192K(512K)
[2026-10-07T23:52:38.269+0000][520.818s][info][gc,heap        ] GC(241) ParOldGen: 38602K(44032K)->38702K(44032K)
[2026-10-07T23:52:38.269+0000][520.819s][info][gc,metaspace   ] GC(241) Metaspace: 73895K(74688K)->73895K(74688K) NonClass: 64588K(65024K)->64588K(65024K) Class: 9306K(9664K)->9306K(9664K)
[2026-10-07T23:52:38.269+0000][520.819s][info][gc             ] GC(241) Pause Young (Allocation Failure) 49M->37M(55M) 6.954ms
[2026-10-07T23:52:38.269+0000][520.819s][info][gc,cpu         ] GC(241) User=0.01s Sys=0.00s Real=0.01s
[2026-10-07T23:52:39.764+0000][522.313s][info][gc,start       ] GC(242) Pause Young (Allocation Failure)
[2026-10-07T23:52:39.769+0000][522.319s][info][gc,heap        ] GC(242) PSYoungGen: 12480K(12800K)->272K(12800K) Eden: 12288K(12288K)->0K(12288K) From: 192K(512K)->272K(512K)
[2026-10-07T23:52:39.769+0000][522.319s][info][gc,heap        ] GC(242) ParOldGen: 38702K(44032K)->38754K(44032K)
[2026-10-07T23:52:39.769+0000][522.319s][info][gc,metaspace   ] GC(242) Metaspace: 73901K(74688K)->73901K(74688K) NonClass: 64594K(65024K)->64594K(65024K) Class: 9306K(9664K)->9306K(9664K)
[2026-10-07T23:52:39.769+0000][522.319s][info][gc             ] GC(242) Pause Young (Allocation Failure) 49M->38M(55M) 5.824ms
[2026-10-07T23:52:39.769+0000][522.319s][info][gc,cpu         ] GC(242) User=0.01s Sys=0.00s Real=0.00s
[2026-10-07T23:52:41.334+0000][523.883s][info][gc,start       ] GC(243) Pause Young (Allocation Failure)
[2026-10-07T23:52:41.338+0000][523.888s][info][gc,heap        ] GC(243) PSYoungGen: 12560K(12800K)->224K(12800K) Eden: 12288K(12288K)->0K(12288K) From: 272K(512K)->224K(512K)
[2026-10-07T23:52:41.339+0000][523.888s][info][gc,heap        ] GC(243) ParOldGen: 38754K(44032K)->38874K(44032K)
[2026-10-07T23:52:41.339+0000][523.888s][info][gc,metaspace   ] GC(243) Metaspace: 73901K(74688K)->73901K(74688K) NonClass: 64594K(65024K)->64594K(65024K) Class: 9306K(9664K)->9306K(9664K)
[2026-10-07T23:52:41.339+0000][523.888s][info][gc             ] GC(243) Pause Young (Allocation Failure) 50M->38M(55M) 4.638ms
[2026-10-07T23:52:41.339+0000][523.888s][info][gc,cpu         ] GC(243) User=0.00s Sys=0.00s Real=0.00s
[2026-10-07T23:52:42.839+0000][525.388s][info][gc,start       ] GC(244) Pause Young (Allocation Failure)
[2026-10-07T23:52:42.843+0000][525.392s][info][gc,heap        ] GC(244) PSYoungGen: 12512K(12800K)->192K(12800K) Eden: 12288K(12288K)->0K(12288K) From: 224K(512K)->192K(512K)
[2026-10-07T23:52:42.843+0000][525.392s][info][gc,heap        ] GC(244) ParOldGen: 38874K(44032K)->38990K(44032K)
[2026-10-07T23:52:42.843+0000][525.392s][info][gc,metaspace   ] GC(244) Metaspace: 73901K(74688K)->73901K(74688K) NonClass: 64594K(65024K)->64594K(65024K) Class: 9306K(9664K)->9306K(9664K)
[2026-10-07T23:52:42.843+0000][525.392s][info][gc             ] GC(244) Pause Young (Allocation Failure) 50M->38M(55M) 4.201ms
[2026-10-07T23:52:42.843+0000][525.392s][info][gc,cpu         ] GC(244) User=0.01s Sys=0.00s Real=0.00s
[2026-10-07T23:52:44.359+0000][526.909s][info][gc,start       ] GC(245) Pause Young (Allocation Failure)
[2026-10-07T23:52:44.372+0000][526.921s][info][gc,heap        ] GC(245) PSYoungGen: 12480K(12800K)->273K(12800K) Eden: 12288K(12288K)->0K(12288K) From: 192K(512K)->273K(512K)
[2026-10-07T23:52:44.372+0000][526.921s][info][gc,heap        ] GC(245) ParOldGen: 38990K(44032K)->39070K(44032K)
[2026-10-07T23:52:44.372+0000][526.921s][info][gc,metaspace   ] GC(245) Metaspace: 73902K(74688K)->73902K(74688K) NonClass: 64596K(65024K)->64596K(65024K) Class: 9306K(9664K)->9306K(9664K)
[2026-10-07T23:52:44.372+0000][526.921s][info][gc             ] GC(245) Pause Young (Allocation Failure) 50M->38M(55M) 12.988ms
[2026-10-07T23:52:44.372+0000][526.922s][info][gc,cpu         ] GC(245) User=0.01s Sys=0.00s Real=0.01s
[2026-10-07T23:52:45.902+0000][528.452s][info][gc,start       ] GC(246) Pause Young (Allocation Failure)
[2026-10-07T23:52:45.908+0000][528.457s][info][gc,heap        ] GC(246) PSYoungGen: 12561K(12800K)->192K(12800K) Eden: 12288K(12288K)->0K(12288K) From: 273K(512K)->192K(512K)
[2026-10-07T23:52:45.908+0000][528.457s][info][gc,heap        ] GC(246) ParOldGen: 39070K(44032K)->39203K(44032K)
[2026-10-07T23:52:45.908+0000][528.457s][info][gc,metaspace   ] GC(246) Metaspace: 73902K(74688K)->73902K(74688K) NonClass: 64596K(65024K)->64596K(65024K) Class: 9306K(9664K)->9306K(9664K)
[2026-10-07T23:52:45.908+0000][528.457s][info][gc             ] GC(246) Pause Young (Allocation Failure) 50M->38M(55M) 5.678ms
[2026-10-07T23:52:45.908+0000][528.457s][info][gc,cpu         ] GC(246) User=0.01s Sys=0.00s Real=0.01s
[2026-10-07T23:52:47.343+0000][529.893s][info][gc,start       ] GC(247) Pause Young (Allocation Failure)
[2026-10-07T23:52:47.350+0000][529.900s][info][gc,heap        ] GC(247) PSYoungGen: 12480K(12800K)->224K(12800K) Eden: 12288K(12288K)->0K(12288K) From: 192K(512K)->224K(512K)
[2026-10-07T23:52:47.350+0000][529.900s][info][gc,heap        ] GC(247) ParOldGen: 39203K(44032K)->39304K(44032K)
[2026-10-07T23:52:47.350+0000][529.900s][info][gc,metaspace   ] GC(247) Metaspace: 73903K(74688K)->73903K(74688K) NonClass: 64596K(65024K)->64596K(65024K) Class: 9306K(9664K)->9306K(9664K)
[2026-10-07T23:52:47.350+0000][529.900s][info][gc             ] GC(247) Pause Young (Allocation Failure) 50M->38M(55M) 7.183ms
[2026-10-07T23:52:47.350+0000][529.900s][info][gc,cpu         ] GC(247) User=0.00s Sys=0.01s Real=0.01s
[2026-10-07T23:52:48.851+0000][531.400s][info][gc,start       ] GC(248) Pause Young (Allocation Failure)
[2026-10-07T23:52:48.859+0000][531.409s][info][gc,heap        ] GC(248) PSYoungGen: 12512K(12800K)->276K(12800K) Eden: 12288K(12288K)->0K(12288K) From: 224K(512K)->276K(512K)
[2026-10-07T23:52:48.859+0000][531.409s][info][gc,heap        ] GC(248) ParOldGen: 39304K(44032K)->39398K(44032K)
[2026-10-07T23:52:48.859+0000][531.409s][info][gc,metaspace   ] GC(248) Metaspace: 73903K(74688K)->73903K(74688K) NonClass: 64596K(65024K)->64596K(65024K) Class: 9306K(9664K)->9306K(9664K)
[2026-10-07T23:52:48.859+0000][531.409s][info][gc             ] GC(248) Pause Young (Allocation Failure) 50M->38M(55M) 8.528ms
[2026-10-07T23:52:48.860+0000][531.409s][info][gc,cpu         ] GC(248) User=0.01s Sys=0.00s Real=0.01s
[2026-10-07T23:52:50.410+0000][532.959s][info][gc,start       ] GC(249) Pause Young (Allocation Failure)
[2026-10-07T23:52:50.417+0000][532.966s][info][gc,heap        ] GC(249) PSYoungGen: 12564K(12800K)->192K(12800K) Eden: 12288K(12288K)->0K(12288K) From: 276K(512K)->192K(512K)
[2026-10-07T23:52:50.417+0000][532.966s][info][gc,heap        ] GC(249) ParOldGen: 39398K(44032K)->39507K(44032K)
[2026-10-07T23:52:50.417+0000][532.966s][info][gc,metaspace   ] GC(249) Metaspace: 73903K(74688K)->73903K(74688K) NonClass: 64596K(65024K)->64596K(65024K) Class: 9306K(9664K)->9306K(9664K)
[2026-10-07T23:52:50.417+0000][532.966s][info][gc             ] GC(249) Pause Young (Allocation Failure) 50M->38M(55M) 7.220ms
[2026-10-07T23:52:50.417+0000][532.966s][info][gc,cpu         ] GC(249) User=0.00s Sys=0.00s Real=0.01s
[2026-10-07T23:52:51.911+0000][534.460s][info][gc,start       ] GC(250) Pause Young (Allocation Failure)
[2026-10-07T23:52:51.918+0000][534.467s][info][gc,heap        ] GC(250) PSYoungGen: 12480K(12800K)->224K(12800K) Eden: 12288K(12288K)->0K(12288K) From: 192K(512K)->224K(512K)
[2026-10-07T23:52:51.918+0000][534.467s][info][gc,heap        ] GC(250) ParOldGen: 39507K(44032K)->39591K(44032K)
[2026-10-07T23:52:51.918+0000][534.467s][info][gc,metaspace   ] GC(250) Metaspace: 73905K(74688K)->73905K(74688K) NonClass: 64598K(65024K)->64598K(65024K) Class: 9306K(9664K)->9306K(9664K)
[2026-10-07T23:52:51.918+0000][534.467s][info][gc             ] GC(250) Pause Young (Allocation Failure) 50M->38M(55M) 6.765ms
[2026-10-07T23:52:51.918+0000][534.467s][info][gc,cpu         ] GC(250) User=0.00s Sys=0.00s Real=0.01s
[2026-10-07T23:52:53.442+0000][535.991s][info][gc,start       ] GC(251) Pause Young (Allocation Failure)
[2026-10-07T23:52:53.446+0000][535.996s][info][gc,heap        ] GC(251) PSYoungGen: 12512K(12800K)->232K(12800K) Eden: 12288K(12288K)->0K(12288K) From: 224K(512K)->232K(512K)
[2026-10-07T23:52:53.446+0000][535.996s][info][gc,heap        ] GC(251) ParOldGen: 39591K(44032K)->39671K(44032K)
[2026-10-07T23:52:53.446+0000][535.996s][info][gc,metaspace   ] GC(251) Metaspace: 73905K(74688K)->73905K(74688K) NonClass: 64598K(65024K)->64598K(65024K) Class: 9306K(9664K)->9306K(9664K)
[2026-10-07T23:52:53.446+0000][535.996s][info][gc             ] GC(251) Pause Young (Allocation Failure) 50M->38M(55M) 4.630ms
[2026-10-07T23:52:53.447+0000][535.996s][info][gc,cpu         ] GC(251) User=0.00s Sys=0.00s Real=0.01s
[2026-10-07T23:52:54.977+0000][537.526s][info][gc,start       ] GC(252) Pause Young (Allocation Failure)
[2026-10-07T23:52:54.981+0000][537.531s][info][gc,heap        ] GC(252) PSYoungGen: 12520K(12800K)->192K(12800K) Eden: 12288K(12288K)->0K(12288K) From: 232K(512K)->192K(512K)
[2026-10-07T23:52:54.981+0000][537.531s][info][gc,heap        ] GC(252) ParOldGen: 39671K(44032K)->39759K(44032K)
[2026-10-07T23:52:54.981+0000][537.531s][info][gc,metaspace   ] GC(252) Metaspace: 73905K(74688K)->73905K(74688K) NonClass: 64598K(65024K)->64598K(65024K) Class: 9306K(9664K)->9306K(9664K)
[2026-10-07T23:52:54.981+0000][537.531s][info][gc             ] GC(252) Pause Young (Allocation Failure) 50M->39M(55M) 4.567ms
[2026-10-07T23:52:54.981+0000][537.531s][info][gc,cpu         ] GC(252) User=0.01s Sys=0.00s Real=0.00s
[2026-10-07T23:52:56.549+0000][539.098s][info][gc,start       ] GC(253) Pause Young (Allocation Failure)
[2026-10-07T23:52:56.553+0000][539.103s][info][gc,heap        ] GC(253) PSYoungGen: 12480K(12800K)->192K(12800K) Eden: 12288K(12288K)->0K(12288K) From: 192K(512K)->192K(512K)
[2026-10-07T23:52:56.553+0000][539.103s][info][gc,heap        ] GC(253) ParOldGen: 39759K(44032K)->39855K(44032K)
[2026-10-07T23:52:56.553+0000][539.103s][info][gc,metaspace   ] GC(253) Metaspace: 73905K(74688K)->73905K(74688K) NonClass: 64598K(65024K)->64598K(65024K) Class: 9306K(9664K)->9306K(9664K)
[2026-10-07T23:52:56.553+0000][539.103s][info][gc             ] GC(253) Pause Young (Allocation Failure) 51M->39M(55M) 4.817ms
[2026-10-07T23:52:56.554+0000][539.103s][info][gc,cpu         ] GC(253) User=0.01s Sys=0.00s Real=0.00s
[2026-10-07T23:52:58.075+0000][540.624s][info][gc,start       ] GC(254) Pause Young (Allocation Failure)
[2026-10-07T23:52:58.087+0000][540.637s][info][gc,heap        ] GC(254) PSYoungGen: 12480K(12800K)->192K(12800K) Eden: 12288K(12288K)->0K(12288K) From: 192K(512K)->192K(512K)
[2026-10-07T23:52:58.088+0000][540.637s][info][gc,heap        ] GC(254) ParOldGen: 39855K(44032K)->39964K(44032K)
[2026-10-07T23:52:58.088+0000][540.637s][info][gc,metaspace   ] GC(254) Metaspace: 73906K(74688K)->73906K(74688K) NonClass: 64599K(65024K)->64599K(65024K) Class: 9306K(9664K)->9306K(9664K)
[2026-10-07T23:52:58.088+0000][540.637s][info][gc             ] GC(254) Pause Young (Allocation Failure) 51M->39M(55M) 13.083ms
[2026-10-07T23:52:58.088+0000][540.637s][info][gc,cpu         ] GC(254) User=0.00s Sys=0.00s Real=0.01s
[2026-10-07T23:52:59.583+0000][542.132s][info][gc,start       ] GC(255) Pause Young (Allocation Failure)
[2026-10-07T23:52:59.587+0000][542.136s][info][gc,heap        ] GC(255) PSYoungGen: 12480K(12800K)->197K(12800K) Eden: 12288K(12288K)->0K(12288K) From: 192K(512K)->197K(512K)
[2026-10-07T23:52:59.587+0000][542.136s][info][gc,heap        ] GC(255) ParOldGen: 39964K(44032K)->40036K(44032K)
[2026-10-07T23:52:59.587+0000][542.136s][info][gc,metaspace   ] GC(255) Metaspace: 73915K(74688K)->73915K(74688K) NonClass: 64609K(65024K)->64609K(65024K) Class: 9306K(9664K)->9306K(9664K)
[2026-10-07T23:52:59.587+0000][542.136s][info][gc             ] GC(255) Pause Young (Allocation Failure) 51M->39M(55M) 4.251ms
[2026-10-07T23:52:59.587+0000][542.136s][info][gc,cpu         ] GC(255) User=0.01s Sys=0.00s Real=0.01s
[2026-10-07T23:53:01.125+0000][543.674s][info][gc,start       ] GC(256) Pause Young (Allocation Failure)
[2026-10-07T23:53:01.130+0000][543.679s][info][gc,heap        ] GC(256) PSYoungGen: 12485K(12800K)->192K(12800K) Eden: 12288K(12288K)->0K(12288K) From: 197K(512K)->192K(512K)
[2026-10-07T23:53:01.130+0000][543.679s][info][gc,heap        ] GC(256) ParOldGen: 40036K(44032K)->40150K(44032K)
[2026-10-07T23:53:01.130+0000][543.679s][info][gc,metaspace   ] GC(256) Metaspace: 73915K(74688K)->73915K(74688K) NonClass: 64609K(65024K)->64609K(65024K) Class: 9306K(9664K)->9306K(9664K)
[2026-10-07T23:53:01.130+0000][543.679s][info][gc             ] GC(256) Pause Young (Allocation Failure) 51M->39M(55M) 5.062ms
[2026-10-07T23:53:01.130+0000][543.679s][info][gc,cpu         ] GC(256) User=0.00s Sys=0.00s Real=0.00s
[2026-10-07T23:53:02.589+0000][545.138s][info][gc,start       ] GC(257) Pause Young (Allocation Failure)
[2026-10-07T23:53:02.597+0000][545.146s][info][gc,heap        ] GC(257) PSYoungGen: 12480K(12800K)->218K(12800K) Eden: 12288K(12288K)->0K(12288K) From: 192K(512K)->218K(512K)
[2026-10-07T23:53:02.597+0000][545.146s][info][gc,heap        ] GC(257) ParOldGen: 40150K(44032K)->40254K(44032K)
[2026-10-07T23:53:02.597+0000][545.146s][info][gc,metaspace   ] GC(257) Metaspace: 73916K(74688K)->73916K(74688K) NonClass: 64609K(65024K)->64609K(65024K) Class: 9306K(9664K)->9306K(9664K)
[2026-10-07T23:53:02.597+0000][545.146s][info][gc             ] GC(257) Pause Young (Allocation Failure) 51M->39M(55M) 8.324ms
[2026-10-07T23:53:02.597+0000][545.146s][info][gc,cpu         ] GC(257) User=0.01s Sys=0.00s Real=0.01s
[2026-10-07T23:53:04.095+0000][546.644s][info][gc,start       ] GC(258) Pause Young (Allocation Failure)
[2026-10-07T23:53:04.100+0000][546.649s][info][gc,heap        ] GC(258) PSYoungGen: 12506K(12800K)->240K(12800K) Eden: 12288K(12288K)->0K(12288K) From: 218K(512K)->240K(512K)
[2026-10-07T23:53:04.100+0000][546.649s][info][gc,heap        ] GC(258) ParOldGen: 40254K(44032K)->40352K(44032K)
[2026-10-07T23:53:04.100+0000][546.649s][info][gc,metaspace   ] GC(258) Metaspace: 73916K(74688K)->73916K(74688K) NonClass: 64609K(65024K)->64609K(65024K) Class: 9306K(9664K)->9306K(9664K)
[2026-10-07T23:53:04.100+0000][546.649s][info][gc             ] GC(258) Pause Young (Allocation Failure) 51M->39M(55M) 5.167ms
[2026-10-07T23:53:04.100+0000][546.649s][info][gc,cpu         ] GC(258) User=0.01s Sys=0.00s Real=0.00s
[2026-10-07T23:53:05.636+0000][548.185s][info][gc,start       ] GC(259) Pause Young (Allocation Failure)
[2026-10-07T23:53:05.641+0000][548.190s][info][gc,heap        ] GC(259) PSYoungGen: 12528K(12800K)->192K(12800K) Eden: 12288K(12288K)->0K(12288K) From: 240K(512K)->192K(512K)
[2026-10-07T23:53:05.641+0000][548.190s][info][gc,heap        ] GC(259) ParOldGen: 40352K(44032K)->40481K(44032K)
[2026-10-07T23:53:05.641+0000][548.190s][info][gc,metaspace   ] GC(259) Metaspace: 73916K(74688K)->73916K(74688K) NonClass: 64609K(65024K)->64609K(65024K) Class: 9306K(9664K)->9306K(9664K)
[2026-10-07T23:53:05.641+0000][548.190s][info][gc             ] GC(259) Pause Young (Allocation Failure) 51M->39M(55M) 5.042ms
[2026-10-07T23:53:05.641+0000][548.190s][info][gc,cpu         ] GC(259) User=0.01s Sys=0.00s Real=0.00s
[2026-10-07T23:53:07.170+0000][549.719s][info][gc,start       ] GC(260) Pause Young (Allocation Failure)
[2026-10-07T23:53:07.177+0000][549.727s][info][gc,heap        ] GC(260) PSYoungGen: 12480K(12800K)->192K(12800K) Eden: 12288K(12288K)->0K(12288K) From: 192K(512K)->192K(512K)
[2026-10-07T23:53:07.177+0000][549.727s][info][gc,heap        ] GC(260) ParOldGen: 40481K(44032K)->40565K(44032K)
[2026-10-07T23:53:07.177+0000][549.727s][info][gc,metaspace   ] GC(260) Metaspace: 73916K(74688K)->73916K(74688K) NonClass: 64609K(65024K)->64609K(65024K) Class: 9306K(9664K)->9306K(9664K)
[2026-10-07T23:53:07.178+0000][549.727s][info][gc             ] GC(260) Pause Young (Allocation Failure) 51M->39M(55M) 7.674ms
[2026-10-07T23:53:07.178+0000][549.727s][info][gc,cpu         ] GC(260) User=0.01s Sys=0.00s Real=0.01s
[2026-10-07T23:53:08.664+0000][551.214s][info][gc,start       ] GC(261) Pause Young (Allocation Failure)
[2026-10-07T23:53:08.669+0000][551.218s][info][gc,heap        ] GC(261) PSYoungGen: 12480K(12800K)->216K(12800K) Eden: 12288K(12288K)->0K(12288K) From: 192K(512K)->216K(512K)
[2026-10-07T23:53:08.669+0000][551.218s][info][gc,heap        ] GC(261) ParOldGen: 40565K(44032K)->40617K(44032K)
[2026-10-07T23:53:08.669+0000][551.218s][info][gc,metaspace   ] GC(261) Metaspace: 73925K(74688K)->73925K(74688K) NonClass: 64618K(65024K)->64618K(65024K) Class: 9306K(9664K)->9306K(9664K)
[2026-10-07T23:53:08.669+0000][551.218s][info][gc             ] GC(261) Pause Young (Allocation Failure) 51M->39M(55M) 4.781ms
[2026-10-07T23:53:08.669+0000][551.219s][info][gc,cpu         ] GC(261) User=0.00s Sys=0.00s Real=0.00s
[2026-10-07T23:53:10.193+0000][552.742s][info][gc,start       ] GC(262) Pause Young (Allocation Failure)
[2026-10-07T23:53:10.198+0000][552.747s][info][gc,heap        ] GC(262) PSYoungGen: 12504K(12800K)->224K(12800K) Eden: 12288K(12288K)->0K(12288K) From: 216K(512K)->224K(512K)
[2026-10-07T23:53:10.198+0000][552.747s][info][gc,heap        ] GC(262) ParOldGen: 40617K(44032K)->40761K(44032K)
[2026-10-07T23:53:10.198+0000][552.747s][info][gc,metaspace   ] GC(262) Metaspace: 73929K(74688K)->73929K(74688K) NonClass: 64622K(65024K)->64622K(65024K) Class: 9306K(9664K)->9306K(9664K)
[2026-10-07T23:53:10.198+0000][552.747s][info][gc             ] GC(262) Pause Young (Allocation Failure) 51M->40M(55M) 4.915ms
[2026-10-07T23:53:10.198+0000][552.747s][info][gc,cpu         ] GC(262) User=0.01s Sys=0.00s Real=0.01s
[2026-10-07T23:53:11.738+0000][554.288s][info][gc,start       ] GC(263) Pause Young (Allocation Failure)
[2026-10-07T23:53:11.747+0000][554.297s][info][gc,heap        ] GC(263) PSYoungGen: 12507K(12800K)->224K(12800K) Eden: 12283K(12288K)->0K(12288K) From: 224K(512K)->224K(512K)
[2026-10-07T23:53:11.747+0000][554.297s][info][gc,heap        ] GC(263) ParOldGen: 40761K(44032K)->40865K(44032K)
[2026-10-07T23:53:11.747+0000][554.297s][info][gc,metaspace   ] GC(263) Metaspace: 73930K(74688K)->73930K(74688K) NonClass: 64623K(65024K)->64623K(65024K) Class: 9306K(9664K)->9306K(9664K)
[2026-10-07T23:53:11.747+0000][554.297s][info][gc             ] GC(263) Pause Young (Allocation Failure) 52M->40M(55M) 8.853ms
[2026-10-07T23:53:11.747+0000][554.297s][info][gc,cpu         ] GC(263) User=0.00s Sys=0.00s Real=0.01s
[2026-10-07T23:53:13.269+0000][555.818s][info][gc,start       ] GC(264) Pause Young (Allocation Failure)
[2026-10-07T23:53:13.273+0000][555.823s][info][gc,heap        ] GC(264) PSYoungGen: 12512K(12800K)->192K(12800K) Eden: 12288K(12288K)->0K(12288K) From: 224K(512K)->192K(512K)
[2026-10-07T23:53:13.273+0000][555.823s][info][gc,heap        ] GC(264) ParOldGen: 40865K(44032K)->40961K(44032K)
[2026-10-07T23:53:13.273+0000][555.823s][info][gc,metaspace   ] GC(264) Metaspace: 73931K(74688K)->73931K(74688K) NonClass: 64624K(65024K)->64624K(65024K) Class: 9306K(9664K)->9306K(9664K)
[2026-10-07T23:53:13.273+0000][555.823s][info][gc             ] GC(264) Pause Young (Allocation Failure) 52M->40M(55M) 4.691ms
[2026-10-07T23:53:13.273+0000][555.823s][info][gc,cpu         ] GC(264) User=0.00s Sys=0.00s Real=0.00s
[2026-10-07T23:53:14.767+0000][557.317s][info][gc,start       ] GC(265) Pause Young (Allocation Failure)
[2026-10-07T23:53:14.771+0000][557.321s][info][gc,heap        ] GC(265) PSYoungGen: 12480K(12800K)->240K(12800K) Eden: 12288K(12288K)->0K(12288K) From: 192K(512K)->240K(512K)
[2026-10-07T23:53:14.771+0000][557.321s][info][gc,heap        ] GC(265) ParOldGen: 40961K(44032K)->41033K(44032K)
[2026-10-07T23:53:14.771+0000][557.321s][info][gc,metaspace   ] GC(265) Metaspace: 73931K(74688K)->73931K(74688K) NonClass: 64625K(65024K)->64625K(65024K) Class: 9306K(9664K)->9306K(9664K)
[2026-10-07T23:53:14.771+0000][557.321s][info][gc             ] GC(265) Pause Young (Allocation Failure) 52M->40M(55M) 3.868ms
[2026-10-07T23:53:14.771+0000][557.321s][info][gc,cpu         ] GC(265) User=0.00s Sys=0.00s Real=0.00s
[2026-10-07T23:53:16.331+0000][558.881s][info][gc,start       ] GC(266) Pause Young (Allocation Failure)
[2026-10-07T23:53:16.336+0000][558.885s][info][gc,heap        ] GC(266) PSYoungGen: 12528K(12800K)->192K(12800K) Eden: 12288K(12288K)->0K(12288K) From: 240K(512K)->192K(512K)
[2026-10-07T23:53:16.336+0000][558.885s][info][gc,heap        ] GC(266) ParOldGen: 41033K(44032K)->41182K(44032K)
[2026-10-07T23:53:16.336+0000][558.885s][info][gc,metaspace   ] GC(266) Metaspace: 73934K(74688K)->73934K(74688K) NonClass: 64627K(65024K)->64627K(65024K) Class: 9306K(9664K)->9306K(9664K)
[2026-10-07T23:53:16.336+0000][558.885s][info][gc             ] GC(266) Pause Young (Allocation Failure) 52M->40M(55M) 4.780ms
[2026-10-07T23:53:16.336+0000][558.886s][info][gc,cpu         ] GC(266) User=0.01s Sys=0.00s Real=0.01s
[2026-10-07T23:53:17.764+0000][560.313s][info][gc,start       ] GC(267) Pause Young (Allocation Failure)
[2026-10-07T23:53:17.768+0000][560.317s][info][gc,heap        ] GC(267) PSYoungGen: 12480K(12800K)->250K(12800K) Eden: 12288K(12288K)->0K(12288K) From: 192K(512K)->250K(512K)
[2026-10-07T23:53:17.768+0000][560.317s][info][gc,heap        ] GC(267) ParOldGen: 41182K(44032K)->41282K(44032K)
[2026-10-07T23:53:17.768+0000][560.317s][info][gc,metaspace   ] GC(267) Metaspace: 73936K(74688K)->73936K(74688K) NonClass: 64629K(65024K)->64629K(65024K) Class: 9306K(9664K)->9306K(9664K)
[2026-10-07T23:53:17.768+0000][560.317s][info][gc             ] GC(267) Pause Young (Allocation Failure) 52M->40M(55M) 4.425ms
[2026-10-07T23:53:17.768+0000][560.317s][info][gc,cpu         ] GC(267) User=0.01s Sys=0.00s Real=0.00s
[2026-10-07T23:53:19.267+0000][561.816s][info][gc,start       ] GC(268) Pause Young (Allocation Failure)
[2026-10-07T23:53:19.271+0000][561.821s][info][gc,heap        ] GC(268) PSYoungGen: 12538K(12800K)->275K(12800K) Eden: 12288K(12288K)->0K(12288K) From: 250K(512K)->275K(512K)
[2026-10-07T23:53:19.272+0000][561.821s][info][gc,heap        ] GC(268) ParOldGen: 41282K(44032K)->41381K(44032K)
[2026-10-07T23:53:19.272+0000][561.821s][info][gc,metaspace   ] GC(268) Metaspace: 73948K(74688K)->73948K(74688K) NonClass: 64641K(65024K)->64641K(65024K) Class: 9306K(9664K)->9306K(9664K)
[2026-10-07T23:53:19.272+0000][561.821s][info][gc             ] GC(268) Pause Young (Allocation Failure) 52M->40M(55M) 4.956ms
[2026-10-07T23:53:19.272+0000][561.821s][info][gc,cpu         ] GC(268) User=0.01s Sys=0.01s Real=0.00s
[2026-10-07T23:53:20.837+0000][563.386s][info][gc,start       ] GC(269) Pause Young (Allocation Failure)
[2026-10-07T23:53:20.844+0000][563.393s][info][gc,heap        ] GC(269) PSYoungGen: 12563K(12800K)->192K(12800K) Eden: 12288K(12288K)->0K(12288K) From: 275K(512K)->192K(512K)
[2026-10-07T23:53:20.844+0000][563.393s][info][gc,heap        ] GC(269) ParOldGen: 41381K(44032K)->41528K(44032K)
[2026-10-07T23:53:20.844+0000][563.393s][info][gc,metaspace   ] GC(269) Metaspace: 73950K(74688K)->73950K(74688K) NonClass: 64643K(65024K)->64643K(65024K) Class: 9306K(9664K)->9306K(9664K)
[2026-10-07T23:53:20.844+0000][563.393s][info][gc             ] GC(269) Pause Young (Allocation Failure) 52M->40M(55M) 7.341ms
[2026-10-07T23:53:20.844+0000][563.393s][info][gc,cpu         ] GC(269) User=0.00s Sys=0.00s Real=0.01s
[2026-10-07T23:53:22.341+0000][564.891s][info][gc,start       ] GC(270) Pause Young (Allocation Failure)
[2026-10-07T23:53:22.346+0000][564.895s][info][gc,heap        ] GC(270) PSYoungGen: 12480K(12800K)->192K(12800K) Eden: 12288K(12288K)->0K(12288K) From: 192K(512K)->192K(512K)
[2026-10-07T23:53:22.346+0000][564.895s][info][gc,heap        ] GC(270) ParOldGen: 41528K(44032K)->41596K(44032K)
[2026-10-07T23:53:22.346+0000][564.895s][info][gc,metaspace   ] GC(270) Metaspace: 73950K(74688K)->73950K(74688K) NonClass: 64643K(65024K)->64643K(65024K) Class: 9306K(9664K)->9306K(9664K)
[2026-10-07T23:53:22.346+0000][564.895s][info][gc             ] GC(270) Pause Young (Allocation Failure) 52M->40M(55M) 4.393ms
[2026-10-07T23:53:22.346+0000][564.895s][info][gc,cpu         ] GC(270) User=0.00s Sys=0.00s Real=0.01s
[2026-10-07T23:53:23.857+0000][566.406s][info][gc,start       ] GC(271) Pause Young (Allocation Failure)
[2026-10-07T23:53:23.865+0000][566.414s][info][gc,heap        ] GC(271) PSYoungGen: 12480K(12800K)->220K(12800K) Eden: 12288K(12288K)->0K(12288K) From: 192K(512K)->220K(512K)
[2026-10-07T23:53:23.865+0000][566.414s][info][gc,heap        ] GC(271) ParOldGen: 41596K(44032K)->41660K(44032K)
[2026-10-07T23:53:23.865+0000][566.414s][info][gc,metaspace   ] GC(271) Metaspace: 73950K(74688K)->73950K(74688K) NonClass: 64643K(65024K)->64643K(65024K) Class: 9306K(9664K)->9306K(9664K)
[2026-10-07T23:53:23.865+0000][566.414s][info][gc             ] GC(271) Pause Young (Allocation Failure) 52M->40M(55M) 8.092ms
[2026-10-07T23:53:23.865+0000][566.414s][info][gc,cpu         ] GC(271) User=0.01s Sys=0.00s Real=0.01s
[2026-10-07T23:53:25.409+0000][567.958s][info][gc,start       ] GC(272) Pause Young (Allocation Failure)
[2026-10-07T23:53:25.413+0000][567.963s][info][gc,heap        ] GC(272) PSYoungGen: 12508K(12800K)->192K(12800K) Eden: 12288K(12288K)->0K(12288K) From: 220K(512K)->192K(512K)
[2026-10-07T23:53:25.414+0000][567.963s][info][gc,heap        ] GC(272) ParOldGen: 41660K(44032K)->41792K(44032K)
[2026-10-07T23:53:25.414+0000][567.963s][info][gc,metaspace   ] GC(272) Metaspace: 73950K(74688K)->73950K(74688K) NonClass: 64643K(65024K)->64643K(65024K) Class: 9306K(9664K)->9306K(9664K)
[2026-10-07T23:53:25.414+0000][567.963s][info][gc             ] GC(272) Pause Young (Allocation Failure) 52M->41M(55M) 5.086ms
[2026-10-07T23:53:25.414+0000][567.963s][info][gc,cpu         ] GC(272) User=0.00s Sys=0.01s Real=0.01s
[2026-10-07T23:53:26.907+0000][569.457s][info][gc,start       ] GC(273) Pause Young (Allocation Failure)
[2026-10-07T23:53:26.912+0000][569.462s][info][gc,heap        ] GC(273) PSYoungGen: 12480K(12800K)->192K(12800K) Eden: 12288K(12288K)->0K(12288K) From: 192K(512K)->192K(512K)
[2026-10-07T23:53:26.913+0000][569.462s][info][gc,heap        ] GC(273) ParOldGen: 41792K(44032K)->41873K(44032K)
[2026-10-07T23:53:26.913+0000][569.462s][info][gc,metaspace   ] GC(273) Metaspace: 73950K(74688K)->73950K(74688K) NonClass: 64643K(65024K)->64643K(65024K) Class: 9306K(9664K)->9306K(9664K)
[2026-10-07T23:53:26.913+0000][569.462s][info][gc             ] GC(273) Pause Young (Allocation Failure) 53M->41M(55M) 5.497ms
[2026-10-07T23:53:26.913+0000][569.462s][info][gc,cpu         ] GC(273) User=0.00s Sys=0.00s Real=0.00s
[2026-10-07T23:53:28.448+0000][570.997s][info][gc,start       ] GC(274) Pause Young (Allocation Failure)
[2026-10-07T23:53:28.453+0000][571.002s][info][gc,heap        ] GC(274) PSYoungGen: 12480K(12800K)->199K(12800K) Eden: 12288K(12288K)->0K(12288K) From: 192K(512K)->199K(512K)
[2026-10-07T23:53:28.453+0000][571.002s][info][gc,heap        ] GC(274) ParOldGen: 41873K(44032K)->41933K(44032K)
[2026-10-07T23:53:28.453+0000][571.002s][info][gc,metaspace   ] GC(274) Metaspace: 73951K(74688K)->73951K(74688K) NonClass: 64644K(65024K)->64644K(65024K) Class: 9306K(9664K)->9306K(9664K)
[2026-10-07T23:53:28.453+0000][571.002s][info][gc             ] GC(274) Pause Young (Allocation Failure) 53M->41M(55M) 4.822ms
[2026-10-07T23:53:28.453+0000][571.002s][info][gc,cpu         ] GC(274) User=0.00s Sys=0.00s Real=0.00s
[2026-10-07T23:53:29.977+0000][572.526s][info][gc,start       ] GC(275) Pause Young (Allocation Failure)
[2026-10-07T23:53:29.980+0000][572.529s][info][gc,heap        ] GC(275) PSYoungGen: 12487K(12800K)->224K(12800K) Eden: 12288K(12288K)->0K(12288K) From: 199K(512K)->224K(512K)
[2026-10-07T23:53:29.980+0000][572.530s][info][gc,heap        ] GC(275) ParOldGen: 41933K(44032K)->42044K(44032K)
[2026-10-07T23:53:29.980+0000][572.530s][info][gc,metaspace   ] GC(275) Metaspace: 73951K(74688K)->73951K(74688K) NonClass: 64644K(65024K)->64644K(65024K) Class: 9306K(9664K)->9306K(9664K)
[2026-10-07T23:53:29.980+0000][572.530s][info][gc             ] GC(275) Pause Young (Allocation Failure) 53M->41M(55M) 3.376ms
[2026-10-07T23:53:29.980+0000][572.530s][info][gc,cpu         ] GC(275) User=0.00s Sys=0.00s Real=0.00s
[2026-10-07T23:53:31.555+0000][574.105s][info][gc,start       ] GC(276) Pause Young (Allocation Failure)
[2026-10-07T23:53:31.558+0000][574.108s][info][gc,heap        ] GC(276) PSYoungGen: 12512K(12800K)->192K(12800K) Eden: 12288K(12288K)->0K(12288K) From: 224K(512K)->192K(512K)
[2026-10-07T23:53:31.558+0000][574.108s][info][gc,heap        ] GC(276) ParOldGen: 42044K(44032K)->42124K(44032K)
[2026-10-07T23:53:31.558+0000][574.108s][info][gc,metaspace   ] GC(276) Metaspace: 73951K(74688K)->73951K(74688K) NonClass: 64644K(65024K)->64644K(65024K) Class: 9306K(9664K)->9306K(9664K)
[2026-10-07T23:53:31.558+0000][574.108s][info][gc             ] GC(276) Pause Young (Allocation Failure) 53M->41M(55M) 2.991ms
[2026-10-07T23:53:31.558+0000][574.108s][info][gc,cpu         ] GC(276) User=0.00s Sys=0.00s Real=0.00s
[2026-10-07T23:53:33.009+0000][575.559s][info][gc,start       ] GC(277) Pause Young (Allocation Failure)
[2026-10-07T23:53:33.014+0000][575.564s][info][gc,heap        ] GC(277) PSYoungGen: 12480K(12800K)->218K(12800K) Eden: 12288K(12288K)->0K(12288K) From: 192K(512K)->218K(512K)
[2026-10-07T23:53:33.014+0000][575.564s][info][gc,heap        ] GC(277) ParOldGen: 42124K(44032K)->42180K(44032K)
[2026-10-07T23:53:33.014+0000][575.564s][info][gc,metaspace   ] GC(277) Metaspace: 73951K(74688K)->73951K(74688K) NonClass: 64644K(65024K)->64644K(65024K) Class: 9306K(9664K)->9306K(9664K)
[2026-10-07T23:53:33.014+0000][575.564s][info][gc             ] GC(277) Pause Young (Allocation Failure) 53M->41M(55M) 5.044ms
[2026-10-07T23:53:33.015+0000][575.564s][info][gc,cpu         ] GC(277) User=0.00s Sys=0.00s Real=0.01s
[2026-10-07T23:53:34.496+0000][577.045s][info][gc,start       ] GC(278) Pause Young (Allocation Failure)
[2026-10-07T23:53:34.499+0000][577.049s][info][gc,heap        ] GC(278) PSYoungGen: 12506K(12800K)->254K(12800K) Eden: 12288K(12288K)->0K(12288K) From: 218K(512K)->254K(512K)
[2026-10-07T23:53:34.499+0000][577.049s][info][gc,heap        ] GC(278) ParOldGen: 42180K(44032K)->42275K(44032K)
[2026-10-07T23:53:34.500+0000][577.049s][info][gc,metaspace   ] GC(278) Metaspace: 74123K(74880K)->74123K(74880K) NonClass: 64816K(65216K)->64816K(65216K) Class: 9306K(9664K)->9306K(9664K)
[2026-10-07T23:53:34.500+0000][577.049s][info][gc             ] GC(278) Pause Young (Allocation Failure) 53M->41M(55M) 3.849ms
[2026-10-07T23:53:34.500+0000][577.049s][info][gc,cpu         ] GC(278) User=0.01s Sys=0.00s Real=0.00s
[2026-10-07T23:53:36.056+0000][578.605s][info][gc,start       ] GC(279) Pause Young (Allocation Failure)
[2026-10-07T23:53:36.064+0000][578.613s][info][gc,heap        ] GC(279) PSYoungGen: 12542K(12800K)->192K(12800K) Eden: 12288K(12288K)->0K(12288K) From: 254K(512K)->192K(512K)
[2026-10-07T23:53:36.064+0000][578.613s][info][gc,heap        ] GC(279) ParOldGen: 42275K(44032K)->42393K(44032K)
[2026-10-07T23:53:36.064+0000][578.613s][info][gc,metaspace   ] GC(279) Metaspace: 74123K(74880K)->74123K(74880K) NonClass: 64816K(65216K)->64816K(65216K) Class: 9306K(9664K)->9306K(9664K)
[2026-10-07T23:53:36.064+0000][578.613s][info][gc             ] GC(279) Pause Young (Allocation Failure) 53M->41M(55M) 7.879ms
[2026-10-07T23:53:36.064+0000][578.613s][info][gc,cpu         ] GC(279) User=0.01s Sys=0.00s Real=0.01s
[2026-10-07T23:53:37.569+0000][580.119s][info][gc,start       ] GC(280) Pause Young (Allocation Failure)
[2026-10-07T23:53:37.572+0000][580.121s][info][gc,heap        ] GC(280) PSYoungGen: 12480K(12800K)->160K(12800K) Eden: 12288K(12288K)->0K(12288K) From: 192K(512K)->160K(512K)
[2026-10-07T23:53:37.572+0000][580.121s][info][gc,heap        ] GC(280) ParOldGen: 42393K(44032K)->42469K(44032K)
[2026-10-07T23:53:37.572+0000][580.121s][info][gc,metaspace   ] GC(280) Metaspace: 74123K(74880K)->74123K(74880K) NonClass: 64816K(65216K)->64816K(65216K) Class: 9306K(9664K)->9306K(9664K)
[2026-10-07T23:53:37.572+0000][580.121s][info][gc             ] GC(280) Pause Young (Allocation Failure) 53M->41M(55M) 2.651ms
[2026-10-07T23:53:37.572+0000][580.121s][info][gc,cpu         ] GC(280) User=0.01s Sys=0.00s Real=0.00s
[2026-10-07T23:53:39.085+0000][581.634s][info][gc,start       ] GC(281) Pause Young (Allocation Failure)
[2026-10-07T23:53:39.091+0000][581.641s][info][gc,heap        ] GC(281) PSYoungGen: 12448K(12800K)->229K(12800K) Eden: 12288K(12288K)->0K(12288K) From: 160K(512K)->229K(512K)
[2026-10-07T23:53:39.091+0000][581.641s][info][gc,heap        ] GC(281) ParOldGen: 42469K(44032K)->42533K(44032K)
[2026-10-07T23:53:39.091+0000][581.641s][info][gc,metaspace   ] GC(281) Metaspace: 74126K(74880K)->74126K(74880K) NonClass: 64819K(65216K)->64819K(65216K) Class: 9306K(9664K)->9306K(9664K)
[2026-10-07T23:53:39.091+0000][581.641s][info][gc             ] GC(281) Pause Young (Allocation Failure) 53M->41M(55M) 6.337ms
[2026-10-07T23:53:39.091+0000][581.641s][info][gc,cpu         ] GC(281) User=0.00s Sys=0.00s Real=0.00s
[2026-10-07T23:53:40.622+0000][583.171s][info][gc,start       ] GC(282) Pause Young (Allocation Failure)
[2026-10-07T23:53:40.626+0000][583.175s][info][gc,heap        ] GC(282) PSYoungGen: 12517K(12800K)->192K(12800K) Eden: 12288K(12288K)->0K(12288K) From: 229K(512K)->192K(512K)
[2026-10-07T23:53:40.626+0000][583.175s][info][gc,heap        ] GC(282) ParOldGen: 42533K(44032K)->42655K(44032K)
[2026-10-07T23:53:40.626+0000][583.175s][info][gc,metaspace   ] GC(282) Metaspace: 74126K(74880K)->74126K(74880K) NonClass: 64819K(65216K)->64819K(65216K) Class: 9306K(9664K)->9306K(9664K)
[2026-10-07T23:53:40.626+0000][583.175s][info][gc             ] GC(282) Pause Young (Allocation Failure) 53M->41M(55M) 4.102ms
[2026-10-07T23:53:40.626+0000][583.176s][info][gc,cpu         ] GC(282) User=0.00s Sys=0.00s Real=0.01s
[2026-10-07T23:53:42.139+0000][584.689s][info][gc,start       ] GC(283) Pause Young (Allocation Failure)
[2026-10-07T23:53:42.144+0000][584.694s][info][gc,heap        ] GC(283) PSYoungGen: 12480K(12800K)->224K(12800K) Eden: 12288K(12288K)->0K(12288K) From: 192K(512K)->224K(512K)
[2026-10-07T23:53:42.144+0000][584.694s][info][gc,heap        ] GC(283) ParOldGen: 42655K(44032K)->42755K(44032K)
[2026-10-07T23:53:42.144+0000][584.694s][info][gc,metaspace   ] GC(283) Metaspace: 74126K(74880K)->74126K(74880K) NonClass: 64819K(65216K)->64819K(65216K) Class: 9306K(9664K)->9306K(9664K)
[2026-10-07T23:53:42.144+0000][584.694s][info][gc             ] GC(283) Pause Young (Allocation Failure) 53M->41M(55M) 5.148ms
[2026-10-07T23:53:42.144+0000][584.694s][info][gc,cpu         ] GC(283) User=0.00s Sys=0.00s Real=0.01s
[2026-10-07T23:53:43.665+0000][586.214s][info][gc,start       ] GC(284) Pause Young (Allocation Failure)
[2026-10-07T23:53:43.669+0000][586.218s][info][gc,heap        ] GC(284) PSYoungGen: 12512K(12800K)->218K(12800K) Eden: 12288K(12288K)->0K(12288K) From: 224K(512K)->218K(512K)
[2026-10-07T23:53:43.669+0000][586.218s][info][gc,heap        ] GC(284) ParOldGen: 42755K(44032K)->42823K(44032K)
[2026-10-07T23:53:43.669+0000][586.218s][info][gc,metaspace   ] GC(284) Metaspace: 74126K(74880K)->74126K(74880K) NonClass: 64819K(65216K)->64819K(65216K) Class: 9306K(9664K)->9306K(9664K)
[2026-10-07T23:53:43.669+0000][586.219s][info][gc             ] GC(284) Pause Young (Allocation Failure) 53M->42M(55M) 4.566ms
[2026-10-07T23:53:43.669+0000][586.219s][info][gc,cpu         ] GC(284) User=0.00s Sys=0.00s Real=0.00s
[2026-10-07T23:53:45.205+0000][587.755s][info][gc,start       ] GC(285) Pause Young (Allocation Failure)
[2026-10-07T23:53:45.208+0000][587.758s][info][gc,heap        ] GC(285) PSYoungGen: 12506K(12800K)->192K(12800K) Eden: 12288K(12288K)->0K(12288K) From: 218K(512K)->192K(512K)
[2026-10-07T23:53:45.208+0000][587.758s][info][gc,heap        ] GC(285) ParOldGen: 42823K(44032K)->42946K(44032K)
[2026-10-07T23:53:45.208+0000][587.758s][info][gc,metaspace   ] GC(285) Metaspace: 74126K(74880K)->74126K(74880K) NonClass: 64819K(65216K)->64819K(65216K) Class: 9306K(9664K)->9306K(9664K)
[2026-10-07T23:53:45.208+0000][587.758s][info][gc             ] GC(285) Pause Young (Allocation Failure) 54M->42M(55M) 2.946ms
[2026-10-07T23:53:45.208+0000][587.758s][info][gc,cpu         ] GC(285) User=0.00s Sys=0.00s Real=0.00s
[2026-10-07T23:53:46.707+0000][589.256s][info][gc,start       ] GC(286) Pause Young (Allocation Failure)
[2026-10-07T23:53:46.709+0000][589.259s][info][gc,heap        ] GC(286) PSYoungGen: 12480K(12800K)->250K(12800K) Eden: 12288K(12288K)->0K(12288K) From: 192K(512K)->250K(512K)
[2026-10-07T23:53:46.710+0000][589.259s][info][gc,heap        ] GC(286) ParOldGen: 42946K(44032K)->43054K(44032K)
[2026-10-07T23:53:46.710+0000][589.259s][info][gc,metaspace   ] GC(286) Metaspace: 74126K(74880K)->74126K(74880K) NonClass: 64819K(65216K)->64819K(65216K) Class: 9306K(9664K)->9306K(9664K)
[2026-10-07T23:53:46.710+0000][589.259s][info][gc             ] GC(286) Pause Young (Allocation Failure) 54M->42M(55M) 3.112ms
[2026-10-07T23:53:46.710+0000][589.259s][info][gc,cpu         ] GC(286) User=0.01s Sys=0.00s Real=0.00s
[2026-10-07T23:53:48.236+0000][590.785s][info][gc,start       ] GC(287) Pause Young (Allocation Failure)
[2026-10-07T23:53:48.241+0000][590.790s][info][gc,heap        ] GC(287) PSYoungGen: 12538K(12800K)->192K(12800K) Eden: 12288K(12288K)->0K(12288K) From: 250K(512K)->192K(512K)
[2026-10-07T23:53:48.241+0000][590.790s][info][gc,heap        ] GC(287) ParOldGen: 43054K(44032K)->43192K(44032K)
[2026-10-07T23:53:48.241+0000][590.790s][info][gc,metaspace   ] GC(287) Metaspace: 74126K(74880K)->74126K(74880K) NonClass: 64819K(65216K)->64819K(65216K) Class: 9306K(9664K)->9306K(9664K)
[2026-10-07T23:53:48.241+0000][590.790s][info][gc             ] GC(287) Pause Young (Allocation Failure) 54M->42M(55M) 5.305ms
[2026-10-07T23:53:48.241+0000][590.790s][info][gc,cpu         ] GC(287) User=0.00s Sys=0.00s Real=0.00s
[2026-10-07T23:53:49.761+0000][592.311s][info][gc,start       ] GC(288) Pause Young (Allocation Failure)
[2026-10-07T23:53:49.769+0000][592.318s][info][gc,heap        ] GC(288) PSYoungGen: 12480K(12800K)->247K(12800K) Eden: 12288K(12288K)->0K(12288K) From: 192K(512K)->247K(512K)
[2026-10-07T23:53:49.769+0000][592.318s][info][gc,heap        ] GC(288) ParOldGen: 43192K(44032K)->43256K(44032K)
[2026-10-07T23:53:49.769+0000][592.319s][info][gc,metaspace   ] GC(288) Metaspace: 74126K(74880K)->74126K(74880K) NonClass: 64819K(65216K)->64819K(65216K) Class: 9306K(9664K)->9306K(9664K)
[2026-10-07T23:53:49.769+0000][592.319s][info][gc             ] GC(288) Pause Young (Allocation Failure) 54M->42M(55M) 7.941ms
[2026-10-07T23:53:49.769+0000][592.319s][info][gc,cpu         ] GC(288) User=0.01s Sys=0.00s Real=0.01s
[2026-10-07T23:53:51.298+0000][593.848s][info][gc,start       ] GC(289) Pause Young (Allocation Failure)
[2026-10-07T23:53:51.303+0000][593.852s][info][gc,heap        ] GC(289) PSYoungGen: 12535K(12800K)->192K(12800K) Eden: 12288K(12288K)->0K(12288K) From: 247K(512K)->192K(512K)
[2026-10-07T23:53:51.303+0000][593.852s][info][gc,heap        ] GC(289) ParOldGen: 43256K(44032K)->43396K(44032K)
[2026-10-07T23:53:51.303+0000][593.852s][info][gc,metaspace   ] GC(289) Metaspace: 74126K(74880K)->74126K(74880K) NonClass: 64819K(65216K)->64819K(65216K) Class: 9306K(9664K)->9306K(9664K)
[2026-10-07T23:53:51.303+0000][593.853s][info][gc             ] GC(289) Pause Young (Allocation Failure) 54M->42M(55M) 4.798ms
[2026-10-07T23:53:51.303+0000][593.853s][info][gc,cpu         ] GC(289) User=0.01s Sys=0.00s Real=0.00s
[2026-10-07T23:53:52.810+0000][595.359s][info][gc,start       ] GC(290) Pause Young (Allocation Failure)
[2026-10-07T23:53:52.814+0000][595.364s][info][gc,heap        ] GC(290) PSYoungGen: 12480K(12800K)->192K(12800K) Eden: 12288K(12288K)->0K(12288K) From: 192K(512K)->192K(512K)
[2026-10-07T23:53:52.814+0000][595.364s][info][gc,heap        ] GC(290) ParOldGen: 43396K(44032K)->43488K(44032K)
[2026-10-07T23:53:52.814+0000][595.364s][info][gc,metaspace   ] GC(290) Metaspace: 74126K(74880K)->74126K(74880K) NonClass: 64819K(65216K)->64819K(65216K) Class: 9306K(9664K)->9306K(9664K)
[2026-10-07T23:53:52.814+0000][595.364s][info][gc             ] GC(290) Pause Young (Allocation Failure) 54M->42M(55M) 4.652ms
[2026-10-07T23:53:52.814+0000][595.364s][info][gc,cpu         ] GC(290) User=0.00s Sys=0.00s Real=0.01s
[2026-10-07T23:53:54.310+0000][596.859s][info][gc,start       ] GC(291) Pause Young (Allocation Failure)
[2026-10-07T23:53:54.314+0000][596.864s][info][gc,heap        ] GC(291) PSYoungGen: 12480K(12800K)->205K(12800K) Eden: 12288K(12288K)->0K(12288K) From: 192K(512K)->205K(512K)
[2026-10-07T23:53:54.314+0000][596.864s][info][gc,heap        ] GC(291) ParOldGen: 43488K(44032K)->43597K(44032K)
[2026-10-07T23:53:54.314+0000][596.864s][info][gc,metaspace   ] GC(291) Metaspace: 74126K(74880K)->74126K(74880K) NonClass: 64819K(65216K)->64819K(65216K) Class: 9306K(9664K)->9306K(9664K)
[2026-10-07T23:53:54.315+0000][596.864s][info][gc             ] GC(291) Pause Young (Allocation Failure) 54M->42M(55M) 4.973ms
[2026-10-07T23:53:54.315+0000][596.864s][info][gc,cpu         ] GC(291) User=0.00s Sys=0.00s Real=0.01s
[2026-10-07T23:53:55.841+0000][598.390s][info][gc,start       ] GC(292) Pause Young (Allocation Failure)
[2026-10-07T23:53:55.847+0000][598.396s][info][gc,heap        ] GC(292) PSYoungGen: 12493K(12800K)->224K(12800K) Eden: 12288K(12288K)->0K(12288K) From: 205K(512K)->224K(512K)
[2026-10-07T23:53:55.847+0000][598.396s][info][gc,heap        ] GC(292) ParOldGen: 43597K(44032K)->43718K(44032K)
[2026-10-07T23:53:55.847+0000][598.396s][info][gc,metaspace   ] GC(292) Metaspace: 74126K(74880K)->74126K(74880K) NonClass: 64819K(65216K)->64819K(65216K) Class: 9306K(9664K)->9306K(9664K)
[2026-10-07T23:53:55.847+0000][598.396s][info][gc             ] GC(292) Pause Young (Allocation Failure) 54M->42M(55M) 6.002ms
[2026-10-07T23:53:55.847+0000][598.396s][info][gc,cpu         ] GC(292) User=0.01s Sys=0.00s Real=0.01s
[2026-10-07T23:53:57.372+0000][599.921s][info][gc,start       ] GC(293) Pause Young (Allocation Failure)
[2026-10-07T23:53:57.375+0000][599.925s][info][gc,heap        ] GC(293) PSYoungGen: 12512K(12800K)->160K(12800K) Eden: 12288K(12288K)->0K(12288K) From: 224K(512K)->160K(512K)
[2026-10-07T23:53:57.375+0000][599.925s][info][gc,heap        ] GC(293) ParOldGen: 43718K(44032K)->43822K(44032K)
[2026-10-07T23:53:57.375+0000][599.925s][info][gc,metaspace   ] GC(293) Metaspace: 74126K(74880K)->74126K(74880K) NonClass: 64819K(65216K)->64819K(65216K) Class: 9306K(9664K)->9306K(9664K)
[2026-10-07T23:53:57.375+0000][599.925s][info][gc             ] GC(293) Pause Young (Allocation Failure) 54M->42M(55M) 3.439ms
[2026-10-07T23:53:57.376+0000][599.925s][info][gc,cpu         ] GC(293) User=0.00s Sys=0.00s Real=0.01s
[2026-10-07T23:53:58.910+0000][601.460s][info][gc,start       ] GC(294) Pause Young (Allocation Failure)
[2026-10-07T23:53:58.919+0000][601.468s][info][gc,heap        ] GC(294) PSYoungGen: 12448K(12800K)->210K(12800K) Eden: 12288K(12288K)->0K(12288K) From: 160K(512K)->210K(512K)
[2026-10-07T23:53:58.919+0000][601.468s][info][gc,heap        ] GC(294) ParOldGen: 43822K(44032K)->43879K(44032K)
[2026-10-07T23:53:58.919+0000][601.468s][info][gc,metaspace   ] GC(294) Metaspace: 74126K(74880K)->74126K(74880K) NonClass: 64819K(65216K)->64819K(65216K) Class: 9306K(9664K)->9306K(9664K)
[2026-10-07T23:53:58.919+0000][601.468s][info][gc             ] GC(294) Pause Young (Allocation Failure) 54M->43M(55M) 8.191ms
[2026-10-07T23:53:58.919+0000][601.468s][info][gc,cpu         ] GC(294) User=0.00s Sys=0.00s Real=0.01s
[2026-10-07T23:54:00.418+0000][602.967s][info][gc,start       ] GC(295) Pause Young (Allocation Failure)
[2026-10-07T23:54:00.422+0000][602.972s][info][gc,heap        ] GC(295) PSYoungGen: 12498K(12800K)->160K(12800K) Eden: 12288K(12288K)->0K(12288K) From: 210K(512K)->160K(512K)
[2026-10-07T23:54:00.422+0000][602.972s][info][gc,heap        ] GC(295) ParOldGen: 43879K(44032K)->43993K(44032K)
[2026-10-07T23:54:00.422+0000][602.972s][info][gc,metaspace   ] GC(295) Metaspace: 74126K(74880K)->74126K(74880K) NonClass: 64819K(65216K)->64819K(65216K) Class: 9306K(9664K)->9306K(9664K)
[2026-10-07T23:54:00.422+0000][602.972s][info][gc             ] GC(295) Pause Young (Allocation Failure) 55M->43M(55M) 4.520ms
[2026-10-07T23:54:00.423+0000][602.972s][info][gc,cpu         ] GC(295) User=0.01s Sys=0.00s Real=0.00s
[2026-10-07T23:54:01.882+0000][604.431s][info][gc,start       ] GC(296) Pause Young (Allocation Failure)
[2026-10-07T23:54:01.887+0000][604.437s][info][gc,heap        ] GC(296) PSYoungGen: 12448K(12800K)->256K(12800K) Eden: 12288K(12288K)->0K(12288K) From: 160K(512K)->256K(512K)
[2026-10-07T23:54:01.887+0000][604.437s][info][gc,heap        ] GC(296) ParOldGen: 43993K(44032K)->44086K(44544K)
[2026-10-07T23:54:01.887+0000][604.437s][info][gc,metaspace   ] GC(296) Metaspace: 74128K(74880K)->74128K(74880K) NonClass: 64821K(65216K)->64821K(65216K) Class: 9306K(9664K)->9306K(9664K)
[2026-10-07T23:54:01.887+0000][604.437s][info][gc             ] GC(296) Pause Young (Allocation Failure) 55M->43M(56M) 5.818ms
[2026-10-07T23:54:01.887+0000][604.437s][info][gc,cpu         ] GC(296) User=0.00s Sys=0.00s Real=0.01s
[2026-10-07T23:54:03.442+0000][605.991s][info][gc,start       ] GC(297) Pause Young (Allocation Failure)
[2026-10-07T23:54:03.446+0000][605.996s][info][gc,heap        ] GC(297) PSYoungGen: 12544K(12800K)->192K(12800K) Eden: 12288K(12288K)->0K(12288K) From: 256K(512K)->192K(512K)
[2026-10-07T23:54:03.446+0000][605.996s][info][gc,heap        ] GC(297) ParOldGen: 44086K(44544K)->44208K(44544K)
[2026-10-07T23:54:03.446+0000][605.996s][info][gc,metaspace   ] GC(297) Metaspace: 74128K(74880K)->74128K(74880K) NonClass: 64821K(65216K)->64821K(65216K) Class: 9306K(9664K)->9306K(9664K)
[2026-10-07T23:54:03.447+0000][605.996s][info][gc             ] GC(297) Pause Young (Allocation Failure) 55M->43M(56M) 4.908ms
[2026-10-07T23:54:03.447+0000][605.996s][info][gc,cpu         ] GC(297) User=0.01s Sys=0.01s Real=0.01s
[2026-10-07T23:54:04.952+0000][607.501s][info][gc,start       ] GC(298) Pause Young (Allocation Failure)
[2026-10-07T23:54:04.957+0000][607.506s][info][gc,heap        ] GC(298) PSYoungGen: 12480K(12800K)->274K(12800K) Eden: 12288K(12288K)->0K(12288K) From: 192K(512K)->274K(512K)
[2026-10-07T23:54:04.957+0000][607.506s][info][gc,heap        ] GC(298) ParOldGen: 44208K(44544K)->44272K(44544K)
[2026-10-07T23:54:04.957+0000][607.506s][info][gc,metaspace   ] GC(298) Metaspace: 74128K(74880K)->74128K(74880K) NonClass: 64821K(65216K)->64821K(65216K) Class: 9306K(9664K)->9306K(9664K)
[2026-10-07T23:54:04.957+0000][607.506s][info][gc             ] GC(298) Pause Young (Allocation Failure) 55M->43M(56M) 5.146ms
[2026-10-07T23:54:04.957+0000][607.506s][info][gc,cpu         ] GC(298) User=0.01s Sys=0.00s Real=0.01s
[2026-10-07T23:54:06.521+0000][609.071s][info][gc,start       ] GC(299) Pause Young (Allocation Failure)
[2026-10-07T23:54:06.527+0000][609.076s][info][gc,heap        ] GC(299) PSYoungGen: 12562K(12800K)->192K(12800K) Eden: 12288K(12288K)->0K(12288K) From: 274K(512K)->192K(512K)
[2026-10-07T23:54:06.527+0000][609.076s][info][gc,heap        ] GC(299) ParOldGen: 44272K(44544K)->44407K(44544K)
[2026-10-07T23:54:06.527+0000][609.076s][info][gc,metaspace   ] GC(299) Metaspace: 74128K(74880K)->74128K(74880K) NonClass: 64821K(65216K)->64821K(65216K) Class: 9306K(9664K)->9306K(9664K)
[2026-10-07T23:54:06.527+0000][609.076s][info][gc             ] GC(299) Pause Young (Allocation Failure) 55M->43M(56M) 5.364ms
[2026-10-07T23:54:06.527+0000][609.076s][info][gc,cpu         ] GC(299) User=0.00s Sys=0.00s Real=0.01s
[2026-10-07T23:54:08.013+0000][610.562s][info][gc,start       ] GC(300) Pause Young (Allocation Failure)
[2026-10-07T23:54:08.017+0000][610.566s][info][gc,heap        ] GC(300) PSYoungGen: 12479K(12800K)->192K(12800K) Eden: 12287K(12288K)->0K(12288K) From: 192K(512K)->192K(512K)
[2026-10-07T23:54:08.017+0000][610.566s][info][gc,heap        ] GC(300) ParOldGen: 44407K(44544K)->44479K(44544K)
[2026-10-07T23:54:08.017+0000][610.566s][info][gc,metaspace   ] GC(300) Metaspace: 74130K(74880K)->74130K(74880K) NonClass: 64823K(65216K)->64823K(65216K) Class: 9306K(9664K)->9306K(9664K)
[2026-10-07T23:54:08.017+0000][610.566s][info][gc             ] GC(300) Pause Young (Allocation Failure) 55M->43M(56M) 4.049ms
[2026-10-07T23:54:08.017+0000][610.566s][info][gc,cpu         ] GC(300) User=0.01s Sys=0.00s Real=0.01s
[2026-10-07T23:54:09.519+0000][612.069s][info][gc,start       ] GC(301) Pause Young (Allocation Failure)
[2026-10-07T23:54:09.524+0000][612.073s][info][gc,heap        ] GC(301) PSYoungGen: 12480K(12800K)->272K(12800K) Eden: 12288K(12288K)->0K(12288K) From: 192K(512K)->272K(512K)
[2026-10-07T23:54:09.524+0000][612.073s][info][gc,heap        ] GC(301) ParOldGen: 44479K(44544K)->44539K(44544K)
[2026-10-07T23:54:09.524+0000][612.074s][info][gc,metaspace   ] GC(301) Metaspace: 74133K(74880K)->74133K(74880K) NonClass: 64826K(65216K)->64826K(65216K) Class: 9306K(9664K)->9306K(9664K)
[2026-10-07T23:54:09.524+0000][612.074s][info][gc             ] GC(301) Pause Young (Allocation Failure) 55M->43M(56M) 4.945ms
[2026-10-07T23:54:09.524+0000][612.074s][info][gc,cpu         ] GC(301) User=0.00s Sys=0.00s Real=0.01s
[2026-10-07T23:54:11.058+0000][613.607s][info][gc,start       ] GC(302) Pause Young (Allocation Failure)
[2026-10-07T23:54:11.064+0000][613.614s][info][gc,heap        ] GC(302) PSYoungGen: 12560K(12800K)->224K(12800K) Eden: 12288K(12288K)->0K(12288K) From: 272K(512K)->224K(512K)
[2026-10-07T23:54:11.064+0000][613.614s][info][gc,heap        ] GC(302) ParOldGen: 44539K(44544K)->44691K(45056K)
[2026-10-07T23:54:11.064+0000][613.614s][info][gc,metaspace   ] GC(302) Metaspace: 74133K(74880K)->74133K(74880K) NonClass: 64826K(65216K)->64826K(65216K) Class: 9306K(9664K)->9306K(9664K)
[2026-10-07T23:54:11.066+0000][613.615s][info][gc             ] GC(302) Pause Young (Allocation Failure) 55M->43M(56M) 7.613ms
[2026-10-07T23:54:11.066+0000][613.615s][info][gc,cpu         ] GC(302) User=0.00s Sys=0.00s Real=0.01s
[2026-10-07T23:54:12.582+0000][615.132s][info][gc,start       ] GC(303) Pause Young (Allocation Failure)
[2026-10-07T23:54:12.587+0000][615.136s][info][gc,heap        ] GC(303) PSYoungGen: 12512K(12800K)->224K(12800K) Eden: 12288K(12288K)->0K(12288K) From: 224K(512K)->224K(512K)
[2026-10-07T23:54:12.587+0000][615.136s][info][gc,heap        ] GC(303) ParOldGen: 44691K(45056K)->44787K(45056K)
[2026-10-07T23:54:12.587+0000][615.136s][info][gc,metaspace   ] GC(303) Metaspace: 74133K(74880K)->74133K(74880K) NonClass: 64826K(65216K)->64826K(65216K) Class: 9306K(9664K)->9306K(9664K)
[2026-10-07T23:54:12.587+0000][615.136s][info][gc             ] GC(303) Pause Young (Allocation Failure) 55M->43M(56M) 4.525ms
[2026-10-07T23:54:12.587+0000][615.136s][info][gc,cpu         ] GC(303) User=0.00s Sys=0.00s Real=0.01s
[2026-10-07T23:54:14.101+0000][616.650s][info][gc,start       ] GC(304) Pause Young (Allocation Failure)
[2026-10-07T23:54:14.105+0000][616.655s][info][gc,heap        ] GC(304) PSYoungGen: 12512K(12800K)->219K(12800K) Eden: 12288K(12288K)->0K(12288K) From: 224K(512K)->219K(512K)
[2026-10-07T23:54:14.105+0000][616.655s][info][gc,heap        ] GC(304) ParOldGen: 44787K(45056K)->44851K(45056K)
[2026-10-07T23:54:14.105+0000][616.655s][info][gc,metaspace   ] GC(304) Metaspace: 74133K(74880K)->74133K(74880K) NonClass: 64826K(65216K)->64826K(65216K) Class: 9306K(9664K)->9306K(9664K)
[2026-10-07T23:54:14.106+0000][616.655s][info][gc             ] GC(304) Pause Young (Allocation Failure) 55M->44M(56M) 4.717ms
[2026-10-07T23:54:14.106+0000][616.655s][info][gc,cpu         ] GC(304) User=0.00s Sys=0.00s Real=0.01s
[2026-10-07T23:54:15.663+0000][618.213s][info][gc,start       ] GC(305) Pause Young (Allocation Failure)
[2026-10-07T23:54:15.669+0000][618.218s][info][gc,heap        ] GC(305) PSYoungGen: 12507K(12800K)->192K(12800K) Eden: 12288K(12288K)->0K(12288K) From: 219K(512K)->192K(512K)
[2026-10-07T23:54:15.669+0000][618.218s][info][gc,heap        ] GC(305) ParOldGen: 44851K(45056K)->44983K(45056K)
[2026-10-07T23:54:15.669+0000][618.218s][info][gc,metaspace   ] GC(305) Metaspace: 74133K(74880K)->74133K(74880K) NonClass: 64826K(65216K)->64826K(65216K) Class: 9306K(9664K)->9306K(9664K)
[2026-10-07T23:54:15.669+0000][618.218s][info][gc             ] GC(305) Pause Young (Allocation Failure) 56M->44M(56M) 5.394ms
[2026-10-07T23:54:15.669+0000][618.218s][info][gc,cpu         ] GC(305) User=0.01s Sys=0.00s Real=0.01s
[2026-10-07T23:54:17.100+0000][619.650s][info][gc,start       ] GC(306) Pause Young (Allocation Failure)
[2026-10-07T23:54:17.106+0000][619.656s][info][gc,heap        ] GC(306) PSYoungGen: 12480K(12800K)->192K(12800K) Eden: 12288K(12288K)->0K(12288K) From: 192K(512K)->192K(512K)
[2026-10-07T23:54:17.106+0000][619.656s][info][gc,heap        ] GC(306) ParOldGen: 44983K(45056K)->45059K(45568K)
[2026-10-07T23:54:17.106+0000][619.656s][info][gc,metaspace   ] GC(306) Metaspace: 74133K(74880K)->74133K(74880K) NonClass: 64826K(65216K)->64826K(65216K) Class: 9306K(9664K)->9306K(9664K)
[2026-10-07T23:54:17.107+0000][619.656s][info][gc             ] GC(306) Pause Young (Allocation Failure) 56M->44M(57M) 6.292ms
[2026-10-07T23:54:17.107+0000][619.656s][info][gc,cpu         ] GC(306) User=0.01s Sys=0.00s Real=0.01s
[2026-10-07T23:54:18.620+0000][621.169s][info][gc,start       ] GC(307) Pause Young (Allocation Failure)
[2026-10-07T23:54:18.625+0000][621.175s][info][gc,heap        ] GC(307) PSYoungGen: 12480K(12800K)->200K(12800K) Eden: 12288K(12288K)->0K(12288K) From: 192K(512K)->200K(512K)
[2026-10-07T23:54:18.625+0000][621.175s][info][gc,heap        ] GC(307) ParOldGen: 45059K(45568K)->45142K(45568K)
[2026-10-07T23:54:18.625+0000][621.175s][info][gc,metaspace   ] GC(307) Metaspace: 74133K(74880K)->74133K(74880K) NonClass: 64826K(65216K)->64826K(65216K) Class: 9306K(9664K)->9306K(9664K)
[2026-10-07T23:54:18.625+0000][621.175s][info][gc             ] GC(307) Pause Young (Allocation Failure) 56M->44M(57M) 5.395ms
[2026-10-07T23:54:18.625+0000][621.175s][info][gc,cpu         ] GC(307) User=0.00s Sys=0.00s Real=0.01s
[2026-10-07T23:54:20.156+0000][622.706s][info][gc,start       ] GC(308) Pause Young (Allocation Failure)
[2026-10-07T23:54:20.161+0000][622.710s][info][gc,heap        ] GC(308) PSYoungGen: 12488K(12800K)->224K(12800K) Eden: 12288K(12288K)->0K(12288K) From: 200K(512K)->224K(512K)
[2026-10-07T23:54:20.161+0000][622.710s][info][gc,heap        ] GC(308) ParOldGen: 45142K(45568K)->45226K(45568K)
[2026-10-07T23:54:20.161+0000][622.710s][info][gc,metaspace   ] GC(308) Metaspace: 74133K(74880K)->74133K(74880K) NonClass: 64826K(65216K)->64826K(65216K) Class: 9306K(9664K)->9306K(9664K)
[2026-10-07T23:54:20.161+0000][622.710s][info][gc             ] GC(308) Pause Young (Allocation Failure) 56M->44M(57M) 4.733ms
[2026-10-07T23:54:20.161+0000][622.710s][info][gc,cpu         ] GC(308) User=0.01s Sys=0.00s Real=0.00s
[2026-10-07T23:54:21.733+0000][624.282s][info][gc,start       ] GC(309) Pause Young (Allocation Failure)
[2026-10-07T23:54:21.738+0000][624.287s][info][gc,heap        ] GC(309) PSYoungGen: 12512K(12800K)->192K(12800K) Eden: 12288K(12288K)->0K(12288K) From: 224K(512K)->192K(512K)
[2026-10-07T23:54:21.738+0000][624.287s][info][gc,heap        ] GC(309) ParOldGen: 45226K(45568K)->45346K(45568K)
[2026-10-07T23:54:21.738+0000][624.287s][info][gc,metaspace   ] GC(309) Metaspace: 74133K(74880K)->74133K(74880K) NonClass: 64826K(65216K)->64826K(65216K) Class: 9306K(9664K)->9306K(9664K)
[2026-10-07T23:54:21.738+0000][624.287s][info][gc             ] GC(309) Pause Young (Allocation Failure) 56M->44M(57M) 4.735ms
[2026-10-07T23:54:21.738+0000][624.287s][info][gc,cpu         ] GC(309) User=0.00s Sys=0.00s Real=0.01s
[2026-10-07T23:54:23.237+0000][625.786s][info][gc,start       ] GC(310) Pause Young (Allocation Failure)
[2026-10-07T23:54:23.240+0000][625.790s][info][gc,heap        ] GC(310) PSYoungGen: 12480K(12800K)->192K(12800K) Eden: 12288K(12288K)->0K(12288K) From: 192K(512K)->192K(512K)
[2026-10-07T23:54:23.240+0000][625.790s][info][gc,heap        ] GC(310) ParOldGen: 45346K(45568K)->45458K(45568K)
[2026-10-07T23:54:23.241+0000][625.790s][info][gc,metaspace   ] GC(310) Metaspace: 74133K(74880K)->74133K(74880K) NonClass: 64826K(65216K)->64826K(65216K) Class: 9306K(9664K)->9306K(9664K)
[2026-10-07T23:54:23.241+0000][625.790s][info][gc             ] GC(310) Pause Young (Allocation Failure) 56M->44M(57M) 3.588ms
[2026-10-07T23:54:23.241+0000][625.790s][info][gc,cpu         ] GC(310) User=0.01s Sys=0.00s Real=0.00s
[2026-10-07T23:54:24.743+0000][627.292s][info][gc,start       ] GC(311) Pause Young (Allocation Failure)
[2026-10-07T23:54:24.748+0000][627.298s][info][gc,heap        ] GC(311) PSYoungGen: 12480K(12800K)->248K(12800K) Eden: 12288K(12288K)->0K(12288K) From: 192K(512K)->248K(512K)
[2026-10-07T23:54:24.748+0000][627.298s][info][gc,heap        ] GC(311) ParOldGen: 45458K(45568K)->45534K(45568K)
[2026-10-07T23:54:24.748+0000][627.298s][info][gc,metaspace   ] GC(311) Metaspace: 74133K(74880K)->74133K(74880K) NonClass: 64826K(65216K)->64826K(65216K) Class: 9306K(9664K)->9306K(9664K)
[2026-10-07T23:54:24.748+0000][627.298s][info][gc             ] GC(311) Pause Young (Allocation Failure) 56M->44M(57M) 5.768ms
[2026-10-07T23:54:24.748+0000][627.298s][info][gc,cpu         ] GC(311) User=0.01s Sys=0.00s Real=0.01s
[2026-10-07T23:54:26.288+0000][628.838s][info][gc,start       ] GC(312) Pause Young (Allocation Failure)
[2026-10-07T23:54:26.295+0000][628.844s][info][gc,heap        ] GC(312) PSYoungGen: 12536K(12800K)->224K(12800K) Eden: 12288K(12288K)->0K(12288K) From: 248K(512K)->224K(512K)
[2026-10-07T23:54:26.295+0000][628.844s][info][gc,heap        ] GC(312) ParOldGen: 45534K(45568K)->45675K(46080K)
[2026-10-07T23:54:26.295+0000][628.844s][info][gc,metaspace   ] GC(312) Metaspace: 74133K(74880K)->74133K(74880K) NonClass: 64826K(65216K)->64826K(65216K) Class: 9306K(9664K)->9306K(9664K)
[2026-10-07T23:54:26.295+0000][628.844s][info][gc             ] GC(312) Pause Young (Allocation Failure) 56M->44M(57M) 6.668ms
[2026-10-07T23:54:26.295+0000][628.844s][info][gc,cpu         ] GC(312) User=0.00s Sys=0.00s Real=0.01s
[2026-10-07T23:54:27.809+0000][630.359s][info][gc,start       ] GC(313) Pause Young (Allocation Failure)
[2026-10-07T23:54:27.812+0000][630.361s][info][gc,heap        ] GC(313) PSYoungGen: 12512K(12800K)->160K(12800K) Eden: 12288K(12288K)->0K(12288K) From: 224K(512K)->160K(512K)
[2026-10-07T23:54:27.812+0000][630.361s][info][gc,heap        ] GC(313) ParOldGen: 45675K(46080K)->45779K(46080K)
[2026-10-07T23:54:27.812+0000][630.361s][info][gc,metaspace   ] GC(313) Metaspace: 74133K(74880K)->74133K(74880K) NonClass: 64826K(65216K)->64826K(65216K) Class: 9306K(9664K)->9306K(9664K)
[2026-10-07T23:54:27.812+0000][630.361s][info][gc             ] GC(313) Pause Young (Allocation Failure) 56M->44M(57M) 2.560ms
[2026-10-07T23:54:27.812+0000][630.361s][info][gc,cpu         ] GC(313) User=0.00s Sys=0.00s Real=0.00s
[2026-10-07T23:54:29.302+0000][631.852s][info][gc,start       ] GC(314) Pause Young (Allocation Failure)
[2026-10-07T23:54:29.306+0000][631.856s][info][gc,heap        ] GC(314) PSYoungGen: 12448K(12800K)->249K(12800K) Eden: 12288K(12288K)->0K(12288K) From: 160K(512K)->249K(512K)
[2026-10-07T23:54:29.306+0000][631.856s][info][gc,heap        ] GC(314) ParOldGen: 45779K(46080K)->45839K(46080K)
[2026-10-07T23:54:29.306+0000][631.856s][info][gc,metaspace   ] GC(314) Metaspace: 74133K(74880K)->74133K(74880K) NonClass: 64826K(65216K)->64826K(65216K) Class: 9306K(9664K)->9306K(9664K)
[2026-10-07T23:54:29.306+0000][631.856s][info][gc             ] GC(314) Pause Young (Allocation Failure) 56M->45M(57M) 4.101ms
[2026-10-07T23:54:29.306+0000][631.856s][info][gc,cpu         ] GC(314) User=0.00s Sys=0.00s Real=0.01s
[2026-10-07T23:54:30.856+0000][633.405s][info][gc,start       ] GC(315) Pause Young (Allocation Failure)
[2026-10-07T23:54:30.858+0000][633.408s][info][gc,heap        ] GC(315) PSYoungGen: 12537K(12800K)->192K(12800K) Eden: 12288K(12288K)->0K(12288K) From: 249K(512K)->192K(512K)
[2026-10-07T23:54:30.858+0000][633.408s][info][gc,heap        ] GC(315) ParOldGen: 45839K(46080K)->45965K(46080K)
[2026-10-07T23:54:30.858+0000][633.408s][info][gc,metaspace   ] GC(315) Metaspace: 74133K(74880K)->74133K(74880K) NonClass: 64826K(65216K)->64826K(65216K) Class: 9306K(9664K)->9306K(9664K)
[2026-10-07T23:54:30.858+0000][633.408s][info][gc             ] GC(315) Pause Young (Allocation Failure) 57M->45M(57M) 2.783ms
[2026-10-07T23:54:30.858+0000][633.408s][info][gc,cpu         ] GC(315) User=0.00s Sys=0.00s Real=0.00s
[2026-10-07T23:54:32.335+0000][634.885s][info][gc,start       ] GC(316) Pause Young (Allocation Failure)
[2026-10-07T23:54:32.342+0000][634.891s][info][gc,heap        ] GC(316) PSYoungGen: 12480K(12800K)->250K(12800K) Eden: 12288K(12288K)->0K(12288K) From: 192K(512K)->250K(512K)
[2026-10-07T23:54:32.342+0000][634.891s][info][gc,heap        ] GC(316) ParOldGen: 45965K(46080K)->46061K(46080K)
[2026-10-07T23:54:32.342+0000][634.891s][info][gc,metaspace   ] GC(316) Metaspace: 74134K(74880K)->74134K(74880K) NonClass: 64827K(65216K)->64827K(65216K) Class: 9306K(9664K)->9306K(9664K)
[2026-10-07T23:54:32.343+0000][634.892s][info][gc             ] GC(316) Pause Young (Allocation Failure) 57M->45M(57M) 7.279ms
[2026-10-07T23:54:32.343+0000][634.892s][info][gc,cpu         ] GC(316) User=0.00s Sys=0.00s Real=0.00s
[2026-10-07T23:54:33.847+0000][636.396s][info][gc,start       ] GC(317) Pause Young (Allocation Failure)
[2026-10-07T23:54:33.860+0000][636.409s][info][gc,heap        ] GC(317) PSYoungGen: 12538K(12800K)->207K(12800K) Eden: 12288K(12288K)->0K(12288K) From: 250K(512K)->207K(512K)
[2026-10-07T23:54:33.860+0000][636.410s][info][gc,heap        ] GC(317) ParOldGen: 46061K(46080K)->46129K(46592K)
[2026-10-07T23:54:33.860+0000][636.410s][info][gc,metaspace   ] GC(317) Metaspace: 74134K(74880K)->74134K(74880K) NonClass: 64827K(65216K)->64827K(65216K) Class: 9306K(9664K)->9306K(9664K)
[2026-10-07T23:54:33.860+0000][636.410s][info][gc             ] GC(317) Pause Young (Allocation Failure) 57M->45M(58M) 13.654ms
[2026-10-07T23:54:33.860+0000][636.410s][info][gc,cpu         ] GC(317) User=0.01s Sys=0.00s Real=0.01s
[2026-10-07T23:54:35.372+0000][637.921s][info][gc,start       ] GC(318) Pause Young (Allocation Failure)
[2026-10-07T23:54:35.376+0000][637.926s][info][gc,heap        ] GC(318) PSYoungGen: 12495K(12800K)->192K(12800K) Eden: 12288K(12288K)->0K(12288K) From: 207K(512K)->192K(512K)
[2026-10-07T23:54:35.377+0000][637.926s][info][gc,heap        ] GC(318) ParOldGen: 46129K(46592K)->46232K(46592K)
[2026-10-07T23:54:35.377+0000][637.926s][info][gc,metaspace   ] GC(318) Metaspace: 74134K(74880K)->74134K(74880K) NonClass: 64827K(65216K)->64827K(65216K) Class: 9306K(9664K)->9306K(9664K)
[2026-10-07T23:54:35.377+0000][637.926s][info][gc             ] GC(318) Pause Young (Allocation Failure) 57M->45M(58M) 4.497ms
[2026-10-07T23:54:35.377+0000][637.926s][info][gc,cpu         ] GC(318) User=0.00s Sys=0.00s Real=0.01s
[2026-10-07T23:54:36.898+0000][639.447s][info][gc,start       ] GC(319) Pause Young (Allocation Failure)
[2026-10-07T23:54:36.901+0000][639.451s][info][gc,heap        ] GC(319) PSYoungGen: 12480K(12800K)->224K(12800K) Eden: 12288K(12288K)->0K(12288K) From: 192K(512K)->224K(512K)
[2026-10-07T23:54:36.902+0000][639.451s][info][gc,heap        ] GC(319) ParOldGen: 46232K(46592K)->46312K(46592K)
[2026-10-07T23:54:36.902+0000][639.451s][info][gc,metaspace   ] GC(319) Metaspace: 74134K(74880K)->74134K(74880K) NonClass: 64827K(65216K)->64827K(65216K) Class: 9306K(9664K)->9306K(9664K)
[2026-10-07T23:54:36.902+0000][639.451s][info][gc             ] GC(319) Pause Young (Allocation Failure) 57M->45M(58M) 3.729ms
[2026-10-07T23:54:36.902+0000][639.451s][info][gc,cpu         ] GC(319) User=0.00s Sys=0.00s Real=0.00s
[2026-10-07T23:54:38.446+0000][640.996s][info][gc,start       ] GC(320) Pause Young (Allocation Failure)
[2026-10-07T23:54:38.450+0000][641.000s][info][gc,heap        ] GC(320) PSYoungGen: 12512K(12800K)->192K(12800K) Eden: 12288K(12288K)->0K(12288K) From: 224K(512K)->192K(512K)
[2026-10-07T23:54:38.451+0000][641.000s][info][gc,heap        ] GC(320) ParOldGen: 46312K(46592K)->46396K(46592K)
[2026-10-07T23:54:38.451+0000][641.000s][info][gc,metaspace   ] GC(320) Metaspace: 74134K(74880K)->74134K(74880K) NonClass: 64827K(65216K)->64827K(65216K) Class: 9306K(9664K)->9306K(9664K)
[2026-10-07T23:54:38.451+0000][641.000s][info][gc             ] GC(320) Pause Young (Allocation Failure) 57M->45M(58M) 4.175ms
[2026-10-07T23:54:38.451+0000][641.000s][info][gc,cpu         ] GC(320) User=0.00s Sys=0.00s Real=0.00s
[2026-10-07T23:54:39.910+0000][642.460s][info][gc,start       ] GC(321) Pause Young (Allocation Failure)
[2026-10-07T23:54:39.916+0000][642.465s][info][gc,heap        ] GC(321) PSYoungGen: 12480K(12800K)->322K(12800K) Eden: 12288K(12288K)->0K(12288K) From: 192K(512K)->322K(512K)
[2026-10-07T23:54:39.916+0000][642.465s][info][gc,heap        ] GC(321) ParOldGen: 46396K(46592K)->46448K(46592K)
[2026-10-07T23:54:39.916+0000][642.465s][info][gc,metaspace   ] GC(321) Metaspace: 74137K(74880K)->74137K(74880K) NonClass: 64829K(65216K)->64829K(65216K) Class: 9308K(9664K)->9308K(9664K)
[2026-10-07T23:54:39.916+0000][642.465s][info][gc             ] GC(321) Pause Young (Allocation Failure) 57M->45M(58M) 5.600ms
[2026-10-07T23:54:39.916+0000][642.465s][info][gc,cpu         ] GC(321) User=0.00s Sys=0.00s Real=0.01s
[2026-10-07T23:54:41.512+0000][644.062s][info][gc,start       ] GC(322) Pause Young (Allocation Failure)
[2026-10-07T23:54:41.519+0000][644.068s][info][gc,heap        ] GC(322) PSYoungGen: 12610K(12800K)->192K(12800K) Eden: 12288K(12288K)->0K(12288K) From: 322K(512K)->192K(512K)
[2026-10-07T23:54:41.519+0000][644.068s][info][gc,heap        ] GC(322) ParOldGen: 46448K(46592K)->46679K(47104K)
[2026-10-07T23:54:41.519+0000][644.068s][info][gc,metaspace   ] GC(322) Metaspace: 74137K(74880K)->74137K(74880K) NonClass: 64829K(65216K)->64829K(65216K) Class: 9308K(9664K)->9308K(9664K)
[2026-10-07T23:54:41.519+0000][644.069s][info][gc             ] GC(322) Pause Young (Allocation Failure) 57M->45M(58M) 6.826ms
[2026-10-07T23:54:41.519+0000][644.069s][info][gc,cpu         ] GC(322) User=0.01s Sys=0.00s Real=0.01s
[2026-10-07T23:54:42.941+0000][645.490s][info][gc,start       ] GC(323) Pause Young (Allocation Failure)
[2026-10-07T23:54:42.946+0000][645.495s][info][gc,heap        ] GC(323) PSYoungGen: 12480K(12800K)->224K(12800K) Eden: 12288K(12288K)->0K(12288K) From: 192K(512K)->224K(512K)
[2026-10-07T23:54:42.946+0000][645.495s][info][gc,heap        ] GC(323) ParOldGen: 46679K(47104K)->46779K(47104K)
[2026-10-07T23:54:42.946+0000][645.495s][info][gc,metaspace   ] GC(323) Metaspace: 74206K(75008K)->74206K(75008K) NonClass: 64884K(65344K)->64884K(65344K) Class: 9322K(9664K)->9322K(9664K)
[2026-10-07T23:54:42.946+0000][645.495s][info][gc             ] GC(323) Pause Young (Allocation Failure) 57M->45M(58M) 4.691ms
[2026-10-07T23:54:42.946+0000][645.495s][info][gc,cpu         ] GC(323) User=0.00s Sys=0.00s Real=0.01s
[2026-10-07T23:54:44.477+0000][647.026s][info][gc,start       ] GC(324) Pause Young (Allocation Failure)
[2026-10-07T23:54:44.497+0000][647.046s][info][gc,heap        ] GC(324) PSYoungGen: 12512K(12800K)->237K(12800K) Eden: 12288K(12288K)->0K(12288K) From: 224K(512K)->237K(512K)
[2026-10-07T23:54:44.497+0000][647.047s][info][gc,heap        ] GC(324) ParOldGen: 46779K(47104K)->46847K(47104K)
[2026-10-07T23:54:44.497+0000][647.047s][info][gc,metaspace   ] GC(324) Metaspace: 74206K(75008K)->74206K(75008K) NonClass: 64884K(65344K)->64884K(65344K) Class: 9322K(9664K)->9322K(9664K)
[2026-10-07T23:54:44.497+0000][647.047s][info][gc             ] GC(324) Pause Young (Allocation Failure) 57M->45M(58M) 20.591ms
[2026-10-07T23:54:44.497+0000][647.047s][info][gc,cpu         ] GC(324) User=0.00s Sys=0.00s Real=0.02s
[2026-10-07T23:54:46.012+0000][648.562s][info][gc,start       ] GC(325) Pause Young (Allocation Failure)
[2026-10-07T23:54:46.018+0000][648.567s][info][gc,heap        ] GC(325) PSYoungGen: 12525K(12800K)->160K(12800K) Eden: 12288K(12288K)->0K(12288K) From: 237K(512K)->160K(512K)
[2026-10-07T23:54:46.018+0000][648.567s][info][gc,heap        ] GC(325) ParOldGen: 46847K(47104K)->46949K(47104K)
[2026-10-07T23:54:46.018+0000][648.567s][info][gc,metaspace   ] GC(325) Metaspace: 74208K(75008K)->74208K(75008K) NonClass: 64886K(65344K)->64886K(65344K) Class: 9322K(9664K)->9322K(9664K)
[2026-10-07T23:54:46.018+0000][648.567s][info][gc             ] GC(325) Pause Young (Allocation Failure) 57M->46M(58M) 5.547ms
[2026-10-07T23:54:46.018+0000][648.567s][info][gc,cpu         ] GC(325) User=0.00s Sys=0.00s Real=0.01s
[2026-10-07T23:54:47.456+0000][650.006s][info][gc,start       ] GC(326) Pause Young (Allocation Failure)
[2026-10-07T23:54:47.463+0000][650.013s][info][gc,heap        ] GC(326) PSYoungGen: 12448K(12800K)->224K(12800K) Eden: 12288K(12288K)->0K(12288K) From: 160K(512K)->224K(512K)
[2026-10-07T23:54:47.463+0000][650.013s][info][gc,heap        ] GC(326) ParOldGen: 46949K(47104K)->47021K(47104K)
[2026-10-07T23:54:47.463+0000][650.013s][info][gc,metaspace   ] GC(326) Metaspace: 74216K(75008K)->74216K(75008K) NonClass: 64893K(65344K)->64893K(65344K) Class: 9322K(9664K)->9322K(9664K)
[2026-10-07T23:54:47.463+0000][650.013s][info][gc             ] GC(326) Pause Young (Allocation Failure) 58M->46M(58M) 7.093ms
[2026-10-07T23:54:47.463+0000][650.013s][info][gc,cpu         ] GC(326) User=0.00s Sys=0.00s Real=0.00s
[2026-10-07T23:54:48.978+0000][651.528s][info][gc,start       ] GC(327) Pause Young (Allocation Failure)
[2026-10-07T23:54:48.982+0000][651.532s][info][gc,heap        ] GC(327) PSYoungGen: 12512K(12800K)->243K(12800K) Eden: 12288K(12288K)->0K(12288K) From: 224K(512K)->243K(512K)
[2026-10-07T23:54:48.982+0000][651.532s][info][gc,heap        ] GC(327) ParOldGen: 47021K(47104K)->47127K(47616K)
[2026-10-07T23:54:48.982+0000][651.532s][info][gc,metaspace   ] GC(327) Metaspace: 74219K(75008K)->74219K(75008K) NonClass: 64897K(65344K)->64897K(65344K) Class: 9322K(9664K)->9322K(9664K)
[2026-10-07T23:54:48.983+0000][651.532s][info][gc             ] GC(327) Pause Young (Allocation Failure) 58M->46M(59M) 4.070ms
[2026-10-07T23:54:48.983+0000][651.532s][info][gc,cpu         ] GC(327) User=0.01s Sys=0.00s Real=0.00s
[2026-10-07T23:54:50.522+0000][653.071s][info][gc,start       ] GC(328) Pause Young (Allocation Failure)
[2026-10-07T23:54:50.527+0000][653.077s][info][gc,heap        ] GC(328) PSYoungGen: 12531K(12800K)->192K(12800K) Eden: 12288K(12288K)->0K(12288K) From: 243K(512K)->192K(512K)
[2026-10-07T23:54:50.527+0000][653.077s][info][gc,heap        ] GC(328) ParOldGen: 47127K(47616K)->47259K(47616K)
[2026-10-07T23:54:50.527+0000][653.077s][info][gc,metaspace   ] GC(328) Metaspace: 74219K(75008K)->74219K(75008K) NonClass: 64897K(65344K)->64897K(65344K) Class: 9322K(9664K)->9322K(9664K)
[2026-10-07T23:54:50.527+0000][653.077s][info][gc             ] GC(328) Pause Young (Allocation Failure) 58M->46M(59M) 5.411ms
[2026-10-07T23:54:50.527+0000][653.077s][info][gc,cpu         ] GC(328) User=0.01s Sys=0.00s Real=0.01s
[2026-10-07T23:54:52.023+0000][654.573s][info][gc,start       ] GC(329) Pause Young (Allocation Failure)
[2026-10-07T23:54:52.028+0000][654.577s][info][gc,heap        ] GC(329) PSYoungGen: 12480K(12800K)->192K(12800K) Eden: 12288K(12288K)->0K(12288K) From: 192K(512K)->192K(512K)
[2026-10-07T23:54:52.028+0000][654.577s][info][gc,heap        ] GC(329) ParOldGen: 47259K(47616K)->47355K(47616K)
[2026-10-07T23:54:52.028+0000][654.577s][info][gc,metaspace   ] GC(329) Metaspace: 74219K(75008K)->74219K(75008K) NonClass: 64897K(65344K)->64897K(65344K) Class: 9322K(9664K)->9322K(9664K)
[2026-10-07T23:54:52.028+0000][654.577s][info][gc             ] GC(329) Pause Young (Allocation Failure) 58M->46M(59M) 4.900ms
[2026-10-07T23:54:52.028+0000][654.578s][info][gc,cpu         ] GC(329) User=0.01s Sys=0.00s Real=0.01s
[2026-10-07T23:54:53.556+0000][656.105s][info][gc,start       ] GC(330) Pause Young (Allocation Failure)
[2026-10-07T23:54:53.560+0000][656.109s][info][gc,heap        ] GC(330) PSYoungGen: 12480K(12800K)->320K(12800K) Eden: 12288K(12288K)->0K(12288K) From: 192K(512K)->320K(512K)
[2026-10-07T23:54:53.560+0000][656.109s][info][gc,heap        ] GC(330) ParOldGen: 47355K(47616K)->47439K(47616K)
[2026-10-07T23:54:53.560+0000][656.109s][info][gc,metaspace   ] GC(330) Metaspace: 74219K(75008K)->74219K(75008K) NonClass: 64897K(65344K)->64897K(65344K) Class: 9322K(9664K)->9322K(9664K)
[2026-10-07T23:54:53.560+0000][656.110s][info][gc             ] GC(330) Pause Young (Allocation Failure) 58M->46M(59M) 4.587ms
[2026-10-07T23:54:53.560+0000][656.110s][info][gc,cpu         ] GC(330) User=0.00s Sys=0.00s Real=0.00s
[2026-10-07T23:54:55.090+0000][657.639s][info][gc,start       ] GC(331) Pause Young (Allocation Failure)
[2026-10-07T23:54:55.097+0000][657.646s][info][gc,heap        ] GC(331) PSYoungGen: 12608K(12800K)->216K(12800K) Eden: 12288K(12288K)->0K(12288K) From: 320K(512K)->216K(512K)
[2026-10-07T23:54:55.097+0000][657.646s][info][gc,heap        ] GC(331) ParOldGen: 47439K(47616K)->47487K(47616K)
[2026-10-07T23:54:55.097+0000][657.646s][info][gc,metaspace   ] GC(331) Metaspace: 74222K(75008K)->74222K(75008K) NonClass: 64899K(65344K)->64899K(65344K) Class: 9322K(9664K)->9322K(9664K)
[2026-10-07T23:54:55.097+0000][657.646s][info][gc             ] GC(331) Pause Young (Allocation Failure) 58M->46M(59M) 6.696ms
[2026-10-07T23:54:55.097+0000][657.646s][info][gc,cpu         ] GC(331) User=0.01s Sys=0.01s Real=0.01s
[2026-10-07T23:54:56.632+0000][659.181s][info][gc,start       ] GC(332) Pause Young (Allocation Failure)
[2026-10-07T23:54:56.641+0000][659.191s][info][gc,heap        ] GC(332) PSYoungGen: 12503K(12800K)->224K(12800K) Eden: 12287K(12288K)->0K(12288K) From: 216K(512K)->224K(512K)
[2026-10-07T23:54:56.641+0000][659.191s][info][gc,heap        ] GC(332) ParOldGen: 47487K(47616K)->47623K(48128K)
[2026-10-07T23:54:56.641+0000][659.191s][info][gc,metaspace   ] GC(332) Metaspace: 74222K(75008K)->74222K(75008K) NonClass: 64899K(65344K)->64899K(65344K) Class: 9322K(9664K)->9322K(9664K)
[2026-10-07T23:54:56.641+0000][659.191s][info][gc             ] GC(332) Pause Young (Allocation Failure) 58M->46M(59M) 9.392ms
[2026-10-07T23:54:56.641+0000][659.191s][info][gc,cpu         ] GC(332) User=0.00s Sys=0.00s Real=0.01s
[2026-10-07T23:54:58.161+0000][660.710s][info][gc,start       ] GC(333) Pause Young (Allocation Failure)
[2026-10-07T23:54:58.171+0000][660.720s][info][gc,heap        ] GC(333) PSYoungGen: 12512K(12800K)->192K(12800K) Eden: 12288K(12288K)->0K(12288K) From: 224K(512K)->192K(512K)
[2026-10-07T23:54:58.171+0000][660.720s][info][gc,heap        ] GC(333) ParOldGen: 47623K(48128K)->47724K(48128K)
[2026-10-07T23:54:58.171+0000][660.720s][info][gc,metaspace   ] GC(333) Metaspace: 74222K(75008K)->74222K(75008K) NonClass: 64899K(65344K)->64899K(65344K) Class: 9322K(9664K)->9322K(9664K)
[2026-10-07T23:54:58.171+0000][660.720s][info][gc             ] GC(333) Pause Young (Allocation Failure) 58M->46M(59M) 10.208ms
[2026-10-07T23:54:58.171+0000][660.720s][info][gc,cpu         ] GC(333) User=0.00s Sys=0.00s Real=0.01s
[2026-10-07T23:54:59.691+0000][662.240s][info][gc,start       ] GC(334) Pause Young (Allocation Failure)
[2026-10-07T23:54:59.694+0000][662.243s][info][gc,heap        ] GC(334) PSYoungGen: 12480K(12800K)->245K(12800K) Eden: 12288K(12288K)->0K(12288K) From: 192K(512K)->245K(512K)
[2026-10-07T23:54:59.694+0000][662.243s][info][gc,heap        ] GC(334) ParOldGen: 47724K(48128K)->47804K(48128K)
[2026-10-07T23:54:59.694+0000][662.243s][info][gc,metaspace   ] GC(334) Metaspace: 74223K(75008K)->74223K(75008K) NonClass: 64901K(65344K)->64901K(65344K) Class: 9322K(9664K)->9322K(9664K)
[2026-10-07T23:54:59.694+0000][662.243s][info][gc             ] GC(334) Pause Young (Allocation Failure) 58M->46M(59M) 2.924ms
[2026-10-07T23:54:59.694+0000][662.243s][info][gc,cpu         ] GC(334) User=0.00s Sys=0.00s Real=0.01s
[2026-10-07T23:55:01.234+0000][663.784s][info][gc,start       ] GC(335) Pause Young (Allocation Failure)
[2026-10-07T23:55:01.239+0000][663.789s][info][gc,heap        ] GC(335) PSYoungGen: 12533K(12800K)->192K(12800K) Eden: 12288K(12288K)->0K(12288K) From: 245K(512K)->192K(512K)
[2026-10-07T23:55:01.239+0000][663.789s][info][gc,heap        ] GC(335) ParOldGen: 47804K(48128K)->47933K(48128K)
[2026-10-07T23:55:01.239+0000][663.789s][info][gc,metaspace   ] GC(335) Metaspace: 74223K(75008K)->74223K(75008K) NonClass: 64901K(65344K)->64901K(65344K) Class: 9322K(9664K)->9322K(9664K)
[2026-10-07T23:55:01.239+0000][663.789s][info][gc             ] GC(335) Pause Young (Allocation Failure) 58M->46M(59M) 4.967ms
[2026-10-07T23:55:01.239+0000][663.789s][info][gc,cpu         ] GC(335) User=0.01s Sys=0.00s Real=0.00s
[2026-10-07T23:55:02.665+0000][665.214s][info][gc,start       ] GC(336) Pause Young (Allocation Failure)
[2026-10-07T23:55:02.670+0000][665.219s][info][gc,heap        ] GC(336) PSYoungGen: 12480K(12800K)->218K(12800K) Eden: 12288K(12288K)->0K(12288K) From: 192K(512K)->218K(512K)
[2026-10-07T23:55:02.670+0000][665.219s][info][gc,heap        ] GC(336) ParOldGen: 47933K(48128K)->48029K(48128K)
[2026-10-07T23:55:02.670+0000][665.219s][info][gc,metaspace   ] GC(336) Metaspace: 74227K(75008K)->74227K(75008K) NonClass: 64905K(65344K)->64905K(65344K) Class: 9322K(9664K)->9322K(9664K)
[2026-10-07T23:55:02.670+0000][665.219s][info][gc             ] GC(336) Pause Young (Allocation Failure) 58M->47M(59M) 5.104ms
[2026-10-07T23:55:02.670+0000][665.219s][info][gc,cpu         ] GC(336) User=0.01s Sys=0.00s Real=0.00s
[2026-10-07T23:55:04.190+0000][666.739s][info][gc,start       ] GC(337) Pause Young (Allocation Failure)
[2026-10-07T23:55:04.195+0000][666.745s][info][gc,heap        ] GC(337) PSYoungGen: 12506K(12800K)->227K(12800K) Eden: 12288K(12288K)->0K(12288K) From: 218K(512K)->227K(512K)
[2026-10-07T23:55:04.195+0000][666.745s][info][gc,heap        ] GC(337) ParOldGen: 48029K(48128K)->48093K(48128K)
[2026-10-07T23:55:04.195+0000][666.745s][info][gc,metaspace   ] GC(337) Metaspace: 74229K(75008K)->74229K(75008K) NonClass: 64907K(65344K)->64907K(65344K) Class: 9322K(9664K)->9322K(9664K)
[2026-10-07T23:55:04.195+0000][666.745s][info][gc             ] GC(337) Pause Young (Allocation Failure) 59M->47M(59M) 5.237ms
[2026-10-07T23:55:04.195+0000][666.745s][info][gc,cpu         ] GC(337) User=0.00s Sys=0.00s Real=0.01s
[2026-10-07T23:55:05.738+0000][668.287s][info][gc,start       ] GC(338) Pause Young (Allocation Failure)
[2026-10-07T23:55:05.747+0000][668.296s][info][gc,heap        ] GC(338) PSYoungGen: 12515K(12800K)->192K(12800K) Eden: 12288K(12288K)->0K(12288K) From: 227K(512K)->192K(512K)
[2026-10-07T23:55:05.747+0000][668.296s][info][gc,heap        ] GC(338) ParOldGen: 48093K(48128K)->48208K(48640K)
[2026-10-07T23:55:05.747+0000][668.296s][info][gc,metaspace   ] GC(338) Metaspace: 74229K(75008K)->74229K(75008K) NonClass: 64907K(65344K)->64907K(65344K) Class: 9322K(9664K)->9322K(9664K)
[2026-10-07T23:55:05.747+0000][668.296s][info][gc             ] GC(338) Pause Young (Allocation Failure) 59M->47M(60M) 8.578ms
[2026-10-07T23:55:05.747+0000][668.296s][info][gc,cpu         ] GC(338) User=0.01s Sys=0.00s Real=0.01s
[2026-10-07T23:55:07.238+0000][669.788s][info][gc,start       ] GC(339) Pause Young (Allocation Failure)
[2026-10-07T23:55:07.242+0000][669.791s][info][gc,heap        ] GC(339) PSYoungGen: 12480K(12800K)->192K(12800K) Eden: 12288K(12288K)->0K(12288K) From: 192K(512K)->192K(512K)
[2026-10-07T23:55:07.242+0000][669.791s][info][gc,heap        ] GC(339) ParOldGen: 48208K(48640K)->48308K(48640K)
[2026-10-07T23:55:07.242+0000][669.791s][info][gc,metaspace   ] GC(339) Metaspace: 74229K(75008K)->74229K(75008K) NonClass: 64907K(65344K)->64907K(65344K) Class: 9322K(9664K)->9322K(9664K)
[2026-10-07T23:55:07.242+0000][669.791s][info][gc             ] GC(339) Pause Young (Allocation Failure) 59M->47M(60M) 3.643ms
[2026-10-07T23:55:07.242+0000][669.791s][info][gc,cpu         ] GC(339) User=0.01s Sys=0.00s Real=0.00s
[2026-10-07T23:55:08.771+0000][671.320s][info][gc,start       ] GC(340) Pause Young (Allocation Failure)
[2026-10-07T23:55:08.778+0000][671.327s][info][gc,heap        ] GC(340) PSYoungGen: 12480K(12800K)->197K(12800K) Eden: 12288K(12288K)->0K(12288K) From: 192K(512K)->197K(512K)
[2026-10-07T23:55:08.778+0000][671.327s][info][gc,heap        ] GC(340) ParOldGen: 48308K(48640K)->48368K(48640K)
[2026-10-07T23:55:08.778+0000][671.327s][info][gc,metaspace   ] GC(340) Metaspace: 74229K(75008K)->74229K(75008K) NonClass: 64907K(65344K)->64907K(65344K) Class: 9322K(9664K)->9322K(9664K)
[2026-10-07T23:55:08.778+0000][671.327s][info][gc             ] GC(340) Pause Young (Allocation Failure) 59M->47M(60M) 6.977ms
[2026-10-07T23:55:08.778+0000][671.327s][info][gc,cpu         ] GC(340) User=0.01s Sys=0.00s Real=0.01s
[2026-10-07T23:55:10.331+0000][672.881s][info][gc,start       ] GC(341) Pause Young (Allocation Failure)
[2026-10-07T23:55:10.337+0000][672.886s][info][gc,heap        ] GC(341) PSYoungGen: 12485K(12800K)->192K(12800K) Eden: 12288K(12288K)->0K(12288K) From: 197K(512K)->192K(512K)
[2026-10-07T23:55:10.337+0000][672.886s][info][gc,heap        ] GC(341) ParOldGen: 48368K(48640K)->48453K(48640K)
[2026-10-07T23:55:10.337+0000][672.886s][info][gc,metaspace   ] GC(341) Metaspace: 74229K(75008K)->74229K(75008K) NonClass: 64907K(65344K)->64907K(65344K) Class: 9322K(9664K)->9322K(9664K)
[2026-10-07T23:55:10.337+0000][672.886s][info][gc             ] GC(341) Pause Young (Allocation Failure) 59M->47M(60M) 5.352ms
[2026-10-07T23:55:10.337+0000][672.886s][info][gc,cpu         ] GC(341) User=0.00s Sys=0.00s Real=0.01s
[2026-10-07T23:55:11.836+0000][674.386s][info][gc,start       ] GC(342) Pause Young (Allocation Failure)
[2026-10-07T23:55:11.844+0000][674.393s][info][gc,heap        ] GC(342) PSYoungGen: 12480K(12800K)->192K(12800K) Eden: 12288K(12288K)->0K(12288K) From: 192K(512K)->192K(512K)
[2026-10-07T23:55:11.844+0000][674.393s][info][gc,heap        ] GC(342) ParOldGen: 48453K(48640K)->48554K(48640K)
[2026-10-07T23:55:11.844+0000][674.393s][info][gc,metaspace   ] GC(342) Metaspace: 74229K(75008K)->74229K(75008K) NonClass: 64907K(65344K)->64907K(65344K) Class: 9322K(9664K)->9322K(9664K)
[2026-10-07T23:55:11.844+0000][674.393s][info][gc             ] GC(342) Pause Young (Allocation Failure) 59M->47M(60M) 7.839ms
[2026-10-07T23:55:11.844+0000][674.394s][info][gc,cpu         ] GC(342) User=0.00s Sys=0.00s Real=0.01s
[2026-10-07T23:55:13.392+0000][675.941s][info][gc,start       ] GC(343) Pause Young (Allocation Failure)
[2026-10-07T23:55:13.398+0000][675.948s][info][gc,heap        ] GC(343) PSYoungGen: 12480K(12800K)->224K(12800K) Eden: 12288K(12288K)->0K(12288K) From: 192K(512K)->224K(512K)
[2026-10-07T23:55:13.398+0000][675.948s][info][gc,heap        ] GC(343) ParOldGen: 48554K(48640K)->48650K(49152K)
[2026-10-07T23:55:13.398+0000][675.948s][info][gc,metaspace   ] GC(343) Metaspace: 74229K(75008K)->74229K(75008K) NonClass: 64907K(65344K)->64907K(65344K) Class: 9322K(9664K)->9322K(9664K)
[2026-10-07T23:55:13.398+0000][675.948s][info][gc             ] GC(343) Pause Young (Allocation Failure) 59M->47M(60M) 6.722ms
[2026-10-07T23:55:13.399+0000][675.948s][info][gc,cpu         ] GC(343) User=0.00s Sys=0.00s Real=0.01s
[2026-10-07T23:55:14.895+0000][677.444s][info][gc,start       ] GC(344) Pause Young (Allocation Failure)
[2026-10-07T23:55:14.900+0000][677.449s][info][gc,heap        ] GC(344) PSYoungGen: 12512K(12800K)->274K(12800K) Eden: 12288K(12288K)->0K(12288K) From: 224K(512K)->274K(512K)
[2026-10-07T23:55:14.900+0000][677.449s][info][gc,heap        ] GC(344) ParOldGen: 48650K(49152K)->48726K(49152K)
[2026-10-07T23:55:14.900+0000][677.449s][info][gc,metaspace   ] GC(344) Metaspace: 74229K(75008K)->74229K(75008K) NonClass: 64907K(65344K)->64907K(65344K) Class: 9322K(9664K)->9322K(9664K)
[2026-10-07T23:55:14.900+0000][677.449s][info][gc             ] GC(344) Pause Young (Allocation Failure) 59M->47M(60M) 5.578ms
[2026-10-07T23:55:14.900+0000][677.450s][info][gc,cpu         ] GC(344) User=0.00s Sys=0.01s Real=0.00s
[2026-10-07T23:55:16.418+0000][678.967s][info][gc,start       ] GC(345) Pause Young (Allocation Failure)
[2026-10-07T23:55:16.423+0000][678.972s][info][gc,heap        ] GC(345) PSYoungGen: 12562K(12800K)->192K(12800K) Eden: 12288K(12288K)->0K(12288K) From: 274K(512K)->192K(512K)
[2026-10-07T23:55:16.423+0000][678.972s][info][gc,heap        ] GC(345) ParOldGen: 48726K(49152K)->48876K(49152K)
[2026-10-07T23:55:16.423+0000][678.973s][info][gc,metaspace   ] GC(345) Metaspace: 74229K(75008K)->74229K(75008K) NonClass: 64907K(65344K)->64907K(65344K) Class: 9322K(9664K)->9322K(9664K)
[2026-10-07T23:55:16.423+0000][678.973s][info][gc             ] GC(345) Pause Young (Allocation Failure) 59M->47M(60M) 5.804ms
[2026-10-07T23:55:16.424+0000][678.973s][info][gc,cpu         ] GC(345) User=0.01s Sys=0.00s Real=0.01s
[2026-10-07T23:55:17.904+0000][680.454s][info][gc,start       ] GC(346) Pause Young (Allocation Failure)
[2026-10-07T23:55:17.908+0000][680.458s][info][gc,heap        ] GC(346) PSYoungGen: 12480K(12800K)->218K(12800K) Eden: 12288K(12288K)->0K(12288K) From: 192K(512K)->218K(512K)
[2026-10-07T23:55:17.908+0000][680.458s][info][gc,heap        ] GC(346) ParOldGen: 48876K(49152K)->48988K(49152K)
[2026-10-07T23:55:17.908+0000][680.458s][info][gc,metaspace   ] GC(346) Metaspace: 74229K(75008K)->74229K(75008K) NonClass: 64907K(65344K)->64907K(65344K) Class: 9322K(9664K)->9322K(9664K)
[2026-10-07T23:55:17.908+0000][680.458s][info][gc             ] GC(346) Pause Young (Allocation Failure) 59M->48M(60M) 4.081ms
[2026-10-07T23:55:17.909+0000][680.458s][info][gc,cpu         ] GC(346) User=0.01s Sys=0.00s Real=0.00s
[2026-10-07T23:55:19.406+0000][681.956s][info][gc,start       ] GC(347) Pause Young (Allocation Failure)
[2026-10-07T23:55:19.412+0000][681.961s][info][gc,heap        ] GC(347) PSYoungGen: 12506K(12800K)->241K(12800K) Eden: 12288K(12288K)->0K(12288K) From: 218K(512K)->241K(512K)
[2026-10-07T23:55:19.412+0000][681.961s][info][gc,heap        ] GC(347) ParOldGen: 48988K(49152K)->49075K(49152K)
[2026-10-07T23:55:19.412+0000][681.961s][info][gc,metaspace   ] GC(347) Metaspace: 74230K(75008K)->74230K(75008K) NonClass: 64908K(65344K)->64908K(65344K) Class: 9322K(9664K)->9322K(9664K)
[2026-10-07T23:55:19.412+0000][681.961s][info][gc             ] GC(347) Pause Young (Allocation Failure) 60M->48M(60M) 5.438ms
[2026-10-07T23:55:19.412+0000][681.961s][info][gc,cpu         ] GC(347) User=0.01s Sys=0.00s Real=0.00s
[2026-10-07T23:55:20.956+0000][683.506s][info][gc,start       ] GC(348) Pause Young (Allocation Failure)
[2026-10-07T23:55:20.962+0000][683.511s][info][gc,heap        ] GC(348) PSYoungGen: 12529K(12800K)->192K(12800K) Eden: 12288K(12288K)->0K(12288K) From: 241K(512K)->192K(512K)
[2026-10-07T23:55:20.962+0000][683.511s][info][gc,heap        ] GC(348) ParOldGen: 49075K(49152K)->49184K(49664K)
[2026-10-07T23:55:20.962+0000][683.511s][info][gc,metaspace   ] GC(348) Metaspace: 74230K(75008K)->74230K(75008K) NonClass: 64908K(65344K)->64908K(65344K) Class: 9322K(9664K)->9322K(9664K)
[2026-10-07T23:55:20.962+0000][683.511s][info][gc             ] GC(348) Pause Young (Allocation Failure) 60M->48M(61M) 5.694ms
[2026-10-07T23:55:20.962+0000][683.512s][info][gc,cpu         ] GC(348) User=0.01s Sys=0.00s Real=0.00s
[2026-10-07T23:55:22.478+0000][685.027s][info][gc,start       ] GC(349) Pause Young (Allocation Failure)
[2026-10-07T23:55:22.484+0000][685.033s][info][gc,heap        ] GC(349) PSYoungGen: 12480K(12800K)->192K(12800K) Eden: 12288K(12288K)->0K(12288K) From: 192K(512K)->192K(512K)
[2026-10-07T23:55:22.484+0000][685.033s][info][gc,heap        ] GC(349) ParOldGen: 49184K(49664K)->49288K(49664K)
[2026-10-07T23:55:22.484+0000][685.033s][info][gc,metaspace   ] GC(349) Metaspace: 74230K(75008K)->74230K(75008K) NonClass: 64908K(65344K)->64908K(65344K) Class: 9322K(9664K)->9322K(9664K)
[2026-10-07T23:55:22.484+0000][685.033s][info][gc             ] GC(349) Pause Young (Allocation Failure) 60M->48M(61M) 6.128ms
[2026-10-07T23:55:22.484+0000][685.033s][info][gc,cpu         ] GC(349) User=0.01s Sys=0.00s Real=0.01s
[2026-10-07T23:55:23.981+0000][686.531s][info][gc,start       ] GC(350) Pause Young (Allocation Failure)
[2026-10-07T23:55:23.986+0000][686.535s][info][gc,heap        ] GC(350) PSYoungGen: 12480K(12800K)->228K(12800K) Eden: 12288K(12288K)->0K(12288K) From: 192K(512K)->228K(512K)
[2026-10-07T23:55:23.986+0000][686.535s][info][gc,heap        ] GC(350) ParOldGen: 49288K(49664K)->49352K(49664K)
[2026-10-07T23:55:23.986+0000][686.535s][info][gc,metaspace   ] GC(350) Metaspace: 74231K(75008K)->74231K(75008K) NonClass: 64909K(65344K)->64909K(65344K) Class: 9322K(9664K)->9322K(9664K)
[2026-10-07T23:55:23.986+0000][686.536s][info][gc             ] GC(350) Pause Young (Allocation Failure) 60M->48M(61M) 4.940ms
[2026-10-07T23:55:23.986+0000][686.536s][info][gc,cpu         ] GC(350) User=0.00s Sys=0.00s Real=0.01s
[2026-10-07T23:55:25.524+0000][688.073s][info][gc,start       ] GC(351) Pause Young (Allocation Failure)
[2026-10-07T23:55:25.529+0000][688.078s][info][gc,heap        ] GC(351) PSYoungGen: 12516K(12800K)->192K(12800K) Eden: 12288K(12288K)->0K(12288K) From: 228K(512K)->192K(512K)
[2026-10-07T23:55:25.529+0000][688.078s][info][gc,heap        ] GC(351) ParOldGen: 49352K(49664K)->49460K(49664K)
[2026-10-07T23:55:25.529+0000][688.078s][info][gc,metaspace   ] GC(351) Metaspace: 74231K(75008K)->74231K(75008K) NonClass: 64909K(65344K)->64909K(65344K) Class: 9322K(9664K)->9322K(9664K)
[2026-10-07T23:55:25.529+0000][688.078s][info][gc             ] GC(351) Pause Young (Allocation Failure) 60M->48M(61M) 5.023ms
[2026-10-07T23:55:25.529+0000][688.078s][info][gc,cpu         ] GC(351) User=0.00s Sys=0.00s Real=0.00s
[2026-10-07T23:55:27.020+0000][689.569s][info][gc,start       ] GC(352) Pause Young (Allocation Failure)
[2026-10-07T23:55:27.023+0000][689.572s][info][gc,heap        ] GC(352) PSYoungGen: 12480K(12800K)->224K(12800K) Eden: 12288K(12288K)->0K(12288K) From: 192K(512K)->224K(512K)
[2026-10-07T23:55:27.023+0000][689.572s][info][gc,heap        ] GC(352) ParOldGen: 49460K(49664K)->49540K(49664K)
[2026-10-07T23:55:27.023+0000][689.572s][info][gc,metaspace   ] GC(352) Metaspace: 74237K(75008K)->74237K(75008K) NonClass: 64915K(65344K)->64915K(65344K) Class: 9322K(9664K)->9322K(9664K)
[2026-10-07T23:55:27.023+0000][689.572s][info][gc             ] GC(352) Pause Young (Allocation Failure) 60M->48M(61M) 3.303ms
[2026-10-07T23:55:27.023+0000][689.572s][info][gc,cpu         ] GC(352) User=0.00s Sys=0.00s Real=0.00s
[2026-10-07T23:55:28.573+0000][691.123s][info][gc,start       ] GC(353) Pause Young (Allocation Failure)
[2026-10-07T23:55:28.578+0000][691.127s][info][gc,heap        ] GC(353) PSYoungGen: 12512K(12800K)->224K(12800K) Eden: 12288K(12288K)->0K(12288K) From: 224K(512K)->224K(512K)
[2026-10-07T23:55:28.578+0000][691.127s][info][gc,heap        ] GC(353) ParOldGen: 49540K(49664K)->49652K(49664K)
[2026-10-07T23:55:28.578+0000][691.127s][info][gc,metaspace   ] GC(353) Metaspace: 74237K(75008K)->74237K(75008K) NonClass: 64915K(65344K)->64915K(65344K) Class: 9322K(9664K)->9322K(9664K)
[2026-10-07T23:55:28.578+0000][691.127s][info][gc             ] GC(353) Pause Young (Allocation Failure) 60M->48M(61M) 4.602ms
[2026-10-07T23:55:28.578+0000][691.127s][info][gc,cpu         ] GC(353) User=0.00s Sys=0.00s Real=0.01s
[2026-10-07T23:55:30.087+0000][692.637s][info][gc,start       ] GC(354) Pause Young (Allocation Failure)
[2026-10-07T23:55:30.093+0000][692.643s][info][gc,heap        ] GC(354) PSYoungGen: 12512K(12800K)->261K(12800K) Eden: 12288K(12288K)->0K(12288K) From: 224K(512K)->261K(512K)
[2026-10-07T23:55:30.093+0000][692.643s][info][gc,heap        ] GC(354) ParOldGen: 49652K(49664K)->49712K(50176K)
[2026-10-07T23:55:30.093+0000][692.643s][info][gc,metaspace   ] GC(354) Metaspace: 74237K(75008K)->74237K(75008K) NonClass: 64915K(65344K)->64915K(65344K) Class: 9322K(9664K)->9322K(9664K)
[2026-10-07T23:55:30.093+0000][692.643s][info][gc             ] GC(354) Pause Young (Allocation Failure) 60M->48M(61M) 6.085ms
[2026-10-07T23:55:30.093+0000][692.643s][info][gc,cpu         ] GC(354) User=0.00s Sys=0.00s Real=0.00s
[2026-10-07T23:55:31.595+0000][694.144s][info][gc,start       ] GC(355) Pause Young (Allocation Failure)
[2026-10-07T23:55:31.599+0000][694.149s][info][gc,heap        ] GC(355) PSYoungGen: 12549K(12800K)->250K(12800K) Eden: 12288K(12288K)->0K(12288K) From: 261K(512K)->250K(512K)
[2026-10-07T23:55:31.599+0000][694.149s][info][gc,heap        ] GC(355) ParOldGen: 49712K(50176K)->49796K(50176K)
[2026-10-07T23:55:31.599+0000][694.149s][info][gc,metaspace   ] GC(355) Metaspace: 74238K(75008K)->74238K(75008K) NonClass: 64916K(65344K)->64916K(65344K) Class: 9322K(9664K)->9322K(9664K)
[2026-10-07T23:55:31.599+0000][694.149s][info][gc             ] GC(355) Pause Young (Allocation Failure) 60M->48M(61M) 4.850ms
[2026-10-07T23:55:31.600+0000][694.149s][info][gc,cpu         ] GC(355) User=0.01s Sys=0.00s Real=0.00s
[2026-10-07T23:55:33.141+0000][695.691s][info][gc,start       ] GC(356) Pause Young (Allocation Failure)
[2026-10-07T23:55:33.147+0000][695.696s][info][gc,heap        ] GC(356) PSYoungGen: 12538K(12800K)->224K(12800K) Eden: 12288K(12288K)->0K(12288K) From: 250K(512K)->224K(512K)
[2026-10-07T23:55:33.147+0000][695.696s][info][gc,heap        ] GC(356) ParOldGen: 49796K(50176K)->49939K(50176K)
[2026-10-07T23:55:33.147+0000][695.696s][info][gc,metaspace   ] GC(356) Metaspace: 74238K(75008K)->74238K(75008K) NonClass: 64916K(65344K)->64916K(65344K) Class: 9322K(9664K)->9322K(9664K)
[2026-10-07T23:55:33.147+0000][695.696s][info][gc             ] GC(356) Pause Young (Allocation Failure) 60M->48M(61M) 5.349ms
[2026-10-07T23:55:33.147+0000][695.696s][info][gc,cpu         ] GC(356) User=0.00s Sys=0.00s Real=0.01s
[2026-10-07T23:55:34.624+0000][697.173s][info][gc,start       ] GC(357) Pause Young (Allocation Failure)
[2026-10-07T23:55:34.626+0000][697.175s][info][gc,heap        ] GC(357) PSYoungGen: 12512K(12800K)->234K(12800K) Eden: 12288K(12288K)->0K(12288K) From: 224K(512K)->234K(512K)
[2026-10-07T23:55:34.626+0000][697.175s][info][gc,heap        ] GC(357) ParOldGen: 49939K(50176K)->50011K(50176K)
[2026-10-07T23:55:34.626+0000][697.175s][info][gc,metaspace   ] GC(357) Metaspace: 74238K(75008K)->74238K(75008K) NonClass: 64916K(65344K)->64916K(65344K) Class: 9322K(9664K)->9322K(9664K)
[2026-10-07T23:55:34.626+0000][697.176s][info][gc             ] GC(357) Pause Young (Allocation Failure) 60M->49M(61M) 2.552ms
[2026-10-07T23:55:34.626+0000][697.176s][info][gc,cpu         ] GC(357) User=0.01s Sys=0.00s Real=0.00s
[2026-10-07T23:55:36.191+0000][698.740s][info][gc,start       ] GC(358) Pause Young (Allocation Failure)
[2026-10-07T23:55:36.198+0000][698.747s][info][gc,heap        ] GC(358) PSYoungGen: 12522K(12800K)->224K(12800K) Eden: 12288K(12288K)->0K(12288K) From: 234K(512K)->224K(512K)
[2026-10-07T23:55:36.198+0000][698.747s][info][gc,heap        ] GC(358) ParOldGen: 50011K(50176K)->50118K(50176K)
[2026-10-07T23:55:36.198+0000][698.747s][info][gc,metaspace   ] GC(358) Metaspace: 74238K(75008K)->74238K(75008K) NonClass: 64916K(65344K)->64916K(65344K) Class: 9322K(9664K)->9322K(9664K)
[2026-10-07T23:55:36.198+0000][698.747s][info][gc             ] GC(358) Pause Young (Allocation Failure) 61M->49M(61M) 6.556ms
[2026-10-07T23:55:36.198+0000][698.747s][info][gc,cpu         ] GC(358) User=0.01s Sys=0.00s Real=0.01s
[2026-10-07T23:55:37.691+0000][700.240s][info][gc,start       ] GC(359) Pause Young (Allocation Failure)
[2026-10-07T23:55:37.695+0000][700.245s][info][gc,heap        ] GC(359) PSYoungGen: 12512K(12800K)->256K(12800K) Eden: 12288K(12288K)->0K(12288K) From: 224K(512K)->256K(512K)
[2026-10-07T23:55:37.696+0000][700.245s][info][gc,heap        ] GC(359) ParOldGen: 50118K(50176K)->50222K(50688K)
[2026-10-07T23:55:37.696+0000][700.245s][info][gc,metaspace   ] GC(359) Metaspace: 74238K(75008K)->74238K(75008K) NonClass: 64916K(65344K)->64916K(65344K) Class: 9322K(9664K)->9322K(9664K)
[2026-10-07T23:55:37.696+0000][700.245s][info][gc             ] GC(359) Pause Young (Allocation Failure) 61M->49M(62M) 4.683ms
[2026-10-07T23:55:37.696+0000][700.245s][info][gc,cpu         ] GC(359) User=0.00s Sys=0.00s Real=0.01s
[2026-10-07T23:55:39.195+0000][701.745s][info][gc,start       ] GC(360) Pause Young (Allocation Failure)
[2026-10-07T23:55:39.201+0000][701.751s][info][gc,heap        ] GC(360) PSYoungGen: 12544K(12800K)->245K(12800K) Eden: 12288K(12288K)->0K(12288K) From: 256K(512K)->245K(512K)
[2026-10-07T23:55:39.201+0000][701.751s][info][gc,heap        ] GC(360) ParOldGen: 50222K(50688K)->50294K(50688K)
[2026-10-07T23:55:39.201+0000][701.751s][info][gc,metaspace   ] GC(360) Metaspace: 74240K(75008K)->74240K(75008K) NonClass: 64918K(65344K)->64918K(65344K) Class: 9322K(9664K)->9322K(9664K)
[2026-10-07T23:55:39.201+0000][701.751s][info][gc             ] GC(360) Pause Young (Allocation Failure) 61M->49M(62M) 6.187ms
[2026-10-07T23:55:39.201+0000][701.751s][info][gc,cpu         ] GC(360) User=0.01s Sys=0.00s Real=0.00s
[2026-10-07T23:55:40.806+0000][703.355s][info][gc,start       ] GC(361) Pause Young (Allocation Failure)
[2026-10-07T23:55:40.810+0000][703.360s][info][gc,heap        ] GC(361) PSYoungGen: 12533K(12800K)->224K(12800K) Eden: 12288K(12288K)->0K(12288K) From: 245K(512K)->224K(512K)
[2026-10-07T23:55:40.811+0000][703.360s][info][gc,heap        ] GC(361) ParOldGen: 50294K(50688K)->50423K(50688K)
[2026-10-07T23:55:40.811+0000][703.360s][info][gc,metaspace   ] GC(361) Metaspace: 74240K(75008K)->74240K(75008K) NonClass: 64918K(65344K)->64918K(65344K) Class: 9322K(9664K)->9322K(9664K)
[2026-10-07T23:55:40.811+0000][703.360s][info][gc             ] GC(361) Pause Young (Allocation Failure) 61M->49M(62M) 5.142ms
[2026-10-07T23:55:40.811+0000][703.360s][info][gc,cpu         ] GC(361) User=0.00s Sys=0.00s Real=0.00s
[2026-10-07T23:55:42.278+0000][704.827s][info][gc,start       ] GC(362) Pause Young (Allocation Failure)
[2026-10-07T23:55:42.293+0000][704.842s][info][gc,heap        ] GC(362) PSYoungGen: 12512K(12800K)->224K(12800K) Eden: 12288K(12288K)->0K(12288K) From: 224K(512K)->224K(512K)
[2026-10-07T23:55:42.293+0000][704.843s][info][gc,heap        ] GC(362) ParOldGen: 50423K(50688K)->50515K(50688K)
[2026-10-07T23:55:42.294+0000][704.843s][info][gc,metaspace   ] GC(362) Metaspace: 74240K(75008K)->74240K(75008K) NonClass: 64918K(65344K)->64918K(65344K) Class: 9322K(9664K)->9322K(9664K)
[2026-10-07T23:55:42.294+0000][704.843s][info][gc             ] GC(362) Pause Young (Allocation Failure) 61M->49M(62M) 15.750ms
[2026-10-07T23:55:42.294+0000][704.843s][info][gc,cpu         ] GC(362) User=0.00s Sys=0.00s Real=0.02s
[2026-10-07T23:55:43.823+0000][706.372s][info][gc,start       ] GC(363) Pause Young (Allocation Failure)
[2026-10-07T23:55:43.834+0000][706.383s][info][gc,heap        ] GC(363) PSYoungGen: 12512K(12800K)->241K(12800K) Eden: 12288K(12288K)->0K(12288K) From: 224K(512K)->241K(512K)
[2026-10-07T23:55:43.834+0000][706.383s][info][gc,heap        ] GC(363) ParOldGen: 50515K(50688K)->50588K(50688K)
[2026-10-07T23:55:43.834+0000][706.383s][info][gc,metaspace   ] GC(363) Metaspace: 74241K(75008K)->74241K(75008K) NonClass: 64919K(65344K)->64919K(65344K) Class: 9322K(9664K)->9322K(9664K)
[2026-10-07T23:55:43.834+0000][706.383s][info][gc             ] GC(363) Pause Young (Allocation Failure) 61M->49M(62M) 11.364ms
[2026-10-07T23:55:43.834+0000][706.384s][info][gc,cpu         ] GC(363) User=0.01s Sys=0.00s Real=0.02s
[2026-10-07T23:55:45.344+0000][707.893s][info][gc,start       ] GC(364) Pause Young (Allocation Failure)
[2026-10-07T23:55:45.347+0000][707.897s][info][gc,heap        ] GC(364) PSYoungGen: 12529K(12800K)->192K(12800K) Eden: 12288K(12288K)->0K(12288K) From: 241K(512K)->192K(512K)
[2026-10-07T23:55:45.347+0000][707.897s][info][gc,heap        ] GC(364) ParOldGen: 50588K(50688K)->50709K(51200K)
[2026-10-07T23:55:45.347+0000][707.897s][info][gc,metaspace   ] GC(364) Metaspace: 74241K(75008K)->74241K(75008K) NonClass: 64919K(65344K)->64919K(65344K) Class: 9322K(9664K)->9322K(9664K)
[2026-10-07T23:55:45.347+0000][707.897s][info][gc             ] GC(364) Pause Young (Allocation Failure) 61M->49M(62M) 3.258ms
[2026-10-07T23:55:45.347+0000][707.897s][info][gc,cpu         ] GC(364) User=0.01s Sys=0.00s Real=0.00s
[2026-10-07T23:55:46.777+0000][709.326s][info][gc,start       ] GC(365) Pause Young (Allocation Failure)
[2026-10-07T23:55:46.780+0000][709.329s][info][gc,heap        ] GC(365) PSYoungGen: 12480K(12800K)->250K(12800K) Eden: 12288K(12288K)->0K(12288K) From: 192K(512K)->250K(512K)
[2026-10-07T23:55:46.780+0000][709.330s][info][gc,heap        ] GC(365) ParOldGen: 50709K(51200K)->50837K(51200K)
[2026-10-07T23:55:46.780+0000][709.330s][info][gc,metaspace   ] GC(365) Metaspace: 74241K(75008K)->74241K(75008K) NonClass: 64919K(65344K)->64919K(65344K) Class: 9322K(9664K)->9322K(9664K)
[2026-10-07T23:55:46.780+0000][709.330s][info][gc             ] GC(365) Pause Young (Allocation Failure) 61M->49M(62M) 3.319ms
[2026-10-07T23:55:46.781+0000][709.330s][info][gc,cpu         ] GC(365) User=0.00s Sys=0.00s Real=0.00s
[2026-10-07T23:55:48.342+0000][710.891s][info][gc,start       ] GC(366) Pause Young (Allocation Failure)
[2026-10-07T23:55:48.346+0000][710.896s][info][gc,heap        ] GC(366) PSYoungGen: 12538K(12800K)->192K(12800K) Eden: 12288K(12288K)->0K(12288K) From: 250K(512K)->192K(512K)
[2026-10-07T23:55:48.346+0000][710.896s][info][gc,heap        ] GC(366) ParOldGen: 50837K(51200K)->50959K(51200K)
[2026-10-07T23:55:48.346+0000][710.896s][info][gc,metaspace   ] GC(366) Metaspace: 74241K(75008K)->74241K(75008K) NonClass: 64919K(65344K)->64919K(65344K) Class: 9322K(9664K)->9322K(9664K)
[2026-10-07T23:55:48.347+0000][710.896s][info][gc             ] GC(366) Pause Young (Allocation Failure) 61M->49M(62M) 5.035ms
[2026-10-07T23:55:48.347+0000][710.896s][info][gc,cpu         ] GC(366) User=0.00s Sys=0.00s Real=0.01s
[2026-10-07T23:55:49.839+0000][712.388s][info][gc,start       ] GC(367) Pause Young (Allocation Failure)
[2026-10-07T23:55:49.846+0000][712.395s][info][gc,heap        ] GC(367) PSYoungGen: 12480K(12800K)->264K(12800K) Eden: 12288K(12288K)->0K(12288K) From: 192K(512K)->264K(512K)
[2026-10-07T23:55:49.846+0000][712.395s][info][gc,heap        ] GC(367) ParOldGen: 50959K(51200K)->51031K(51200K)
[2026-10-07T23:55:49.846+0000][712.395s][info][gc,metaspace   ] GC(367) Metaspace: 74241K(75008K)->74241K(75008K) NonClass: 64919K(65344K)->64919K(65344K) Class: 9322K(9664K)->9322K(9664K)
[2026-10-07T23:55:49.846+0000][712.395s][info][gc             ] GC(367) Pause Young (Allocation Failure) 61M->50M(62M) 6.777ms
[2026-10-07T23:55:49.846+0000][712.395s][info][gc,cpu         ] GC(367) User=0.01s Sys=0.00s Real=0.01s
[2026-10-07T23:55:51.407+0000][713.957s][info][gc,start       ] GC(368) Pause Young (Allocation Failure)
[2026-10-07T23:55:51.412+0000][713.962s][info][gc,heap        ] GC(368) PSYoungGen: 12552K(12800K)->224K(12800K) Eden: 12288K(12288K)->0K(12288K) From: 264K(512K)->224K(512K)
[2026-10-07T23:55:51.412+0000][713.962s][info][gc,heap        ] GC(368) ParOldGen: 51031K(51200K)->51164K(51200K)
[2026-10-07T23:55:51.412+0000][713.962s][info][gc,metaspace   ] GC(368) Metaspace: 74241K(75008K)->74241K(75008K) NonClass: 64919K(65344K)->64919K(65344K) Class: 9322K(9664K)->9322K(9664K)
[2026-10-07T23:55:51.412+0000][713.962s][info][gc             ] GC(368) Pause Young (Allocation Failure) 62M->50M(62M) 4.994ms
[2026-10-07T23:55:51.412+0000][713.962s][info][gc,cpu         ] GC(368) User=0.01s Sys=0.00s Real=0.00s
[2026-10-07T23:55:52.914+0000][715.464s][info][gc,start       ] GC(369) Pause Young (Allocation Failure)
[2026-10-07T23:55:52.923+0000][715.473s][info][gc,heap        ] GC(369) PSYoungGen: 12512K(12800K)->256K(12800K) Eden: 12288K(12288K)->0K(12288K) From: 224K(512K)->256K(512K)
[2026-10-07T23:55:52.923+0000][715.473s][info][gc,heap        ] GC(369) ParOldGen: 51164K(51200K)->51268K(51712K)
[2026-10-07T23:55:52.923+0000][715.473s][info][gc,metaspace   ] GC(369) Metaspace: 74241K(75008K)->74241K(75008K) NonClass: 64919K(65344K)->64919K(65344K) Class: 9322K(9664K)->9322K(9664K)
[2026-10-07T23:55:52.923+0000][715.473s][info][gc             ] GC(369) Pause Young (Allocation Failure) 62M->50M(63M) 8.975ms
[2026-10-07T23:55:52.923+0000][715.473s][info][gc,cpu         ] GC(369) User=0.01s Sys=0.00s Real=0.00s
[2026-10-07T23:55:54.415+0000][716.964s][info][gc,start       ] GC(370) Pause Young (Allocation Failure)
[2026-10-07T23:55:54.422+0000][716.971s][info][gc,heap        ] GC(370) PSYoungGen: 12544K(12800K)->249K(12800K) Eden: 12288K(12288K)->0K(12288K) From: 256K(512K)->249K(512K)
[2026-10-07T23:55:54.422+0000][716.971s][info][gc,heap        ] GC(370) ParOldGen: 51268K(51712K)->51332K(51712K)
[2026-10-07T23:55:54.422+0000][716.972s][info][gc,metaspace   ] GC(370) Metaspace: 74241K(75008K)->74241K(75008K) NonClass: 64919K(65344K)->64919K(65344K) Class: 9322K(9664K)->9322K(9664K)
[2026-10-07T23:55:54.422+0000][716.972s][info][gc             ] GC(370) Pause Young (Allocation Failure) 62M->50M(63M) 7.547ms
[2026-10-07T23:55:54.422+0000][716.972s][info][gc,cpu         ] GC(370) User=0.01s Sys=0.00s Real=0.00s
[2026-10-07T23:55:55.976+0000][718.526s][info][gc,start       ] GC(371) Pause Young (Allocation Failure)
[2026-10-07T23:55:55.984+0000][718.533s][info][gc,heap        ] GC(371) PSYoungGen: 12537K(12800K)->224K(12800K) Eden: 12288K(12288K)->0K(12288K) From: 249K(512K)->224K(512K)
[2026-10-07T23:55:55.984+0000][718.533s][info][gc,heap        ] GC(371) ParOldGen: 51332K(51712K)->51474K(51712K)
[2026-10-07T23:55:55.984+0000][718.533s][info][gc,metaspace   ] GC(371) Metaspace: 74242K(75008K)->74242K(75008K) NonClass: 64919K(65344K)->64919K(65344K) Class: 9322K(9664K)->9322K(9664K)
[2026-10-07T23:55:55.984+0000][718.533s][info][gc             ] GC(371) Pause Young (Allocation Failure) 62M->50M(63M) 7.372ms
[2026-10-07T23:55:55.984+0000][718.533s][info][gc,cpu         ] GC(371) User=0.01s Sys=0.00s Real=0.01s
[2026-10-07T23:55:57.512+0000][720.061s][info][gc,start       ] GC(372) Pause Young (Allocation Failure)
[2026-10-07T23:55:57.519+0000][720.068s][info][gc,heap        ] GC(372) PSYoungGen: 12512K(12800K)->224K(12800K) Eden: 12288K(12288K)->0K(12288K) From: 224K(512K)->224K(512K)
[2026-10-07T23:55:57.519+0000][720.068s][info][gc,heap        ] GC(372) ParOldGen: 51474K(51712K)->51566K(51712K)
[2026-10-07T23:55:57.519+0000][720.068s][info][gc,metaspace   ] GC(372) Metaspace: 74242K(75008K)->74242K(75008K) NonClass: 64919K(65344K)->64919K(65344K) Class: 9322K(9664K)->9322K(9664K)
[2026-10-07T23:55:57.519+0000][720.068s][info][gc             ] GC(372) Pause Young (Allocation Failure) 62M->50M(63M) 7.336ms
[2026-10-07T23:55:57.519+0000][720.069s][info][gc,cpu         ] GC(372) User=0.01s Sys=0.00s Real=0.01s
[2026-10-07T23:55:58.984+0000][721.533s][info][gc,start       ] GC(373) Pause Young (Allocation Failure)
[2026-10-07T23:55:58.989+0000][721.538s][info][gc,heap        ] GC(373) PSYoungGen: 12512K(12800K)->256K(12800K) Eden: 12288K(12288K)->0K(12288K) From: 224K(512K)->256K(512K)
[2026-10-07T23:55:58.989+0000][721.538s][info][gc,heap        ] GC(373) ParOldGen: 51566K(51712K)->51626K(51712K)
[2026-10-07T23:55:58.989+0000][721.538s][info][gc,metaspace   ] GC(373) Metaspace: 74242K(75008K)->74242K(75008K) NonClass: 64919K(65344K)->64919K(65344K) Class: 9322K(9664K)->9322K(9664K)
[2026-10-07T23:55:58.989+0000][721.538s][info][gc             ] GC(373) Pause Young (Allocation Failure) 62M->50M(63M) 5.238ms
[2026-10-07T23:55:58.989+0000][721.538s][info][gc,cpu         ] GC(373) User=0.00s Sys=0.00s Real=0.00s
[2026-10-07T23:56:00.549+0000][723.098s][info][gc,start       ] GC(374) Pause Young (Allocation Failure)
[2026-10-07T23:56:00.553+0000][723.103s][info][gc,heap        ] GC(374) PSYoungGen: 12544K(12800K)->224K(12800K) Eden: 12288K(12288K)->0K(12288K) From: 256K(512K)->224K(512K)
[2026-10-07T23:56:00.553+0000][723.103s][info][gc,heap        ] GC(374) ParOldGen: 51626K(51712K)->51771K(52224K)
[2026-10-07T23:56:00.553+0000][723.103s][info][gc,metaspace   ] GC(374) Metaspace: 74242K(75008K)->74242K(75008K) NonClass: 64919K(65344K)->64919K(65344K) Class: 9322K(9664K)->9322K(9664K)
[2026-10-07T23:56:00.553+0000][723.103s][info][gc             ] GC(374) Pause Young (Allocation Failure) 62M->50M(63M) 4.776ms
[2026-10-07T23:56:00.553+0000][723.103s][info][gc,cpu         ] GC(374) User=0.00s Sys=0.00s Real=0.00s
[2026-10-07T23:56:01.984+0000][724.533s][info][gc,start       ] GC(375) Pause Young (Allocation Failure)
[2026-10-07T23:56:01.990+0000][724.539s][info][gc,heap        ] GC(375) PSYoungGen: 12512K(12800K)->250K(12800K) Eden: 12288K(12288K)->0K(12288K) From: 224K(512K)->250K(512K)
[2026-10-07T23:56:01.990+0000][724.540s][info][gc,heap        ] GC(375) ParOldGen: 51771K(52224K)->51883K(52224K)
[2026-10-07T23:56:01.990+0000][724.540s][info][gc,metaspace   ] GC(375) Metaspace: 74243K(75008K)->74243K(75008K) NonClass: 64921K(65344K)->64921K(65344K) Class: 9322K(9664K)->9322K(9664K)
[2026-10-07T23:56:01.991+0000][724.540s][info][gc             ] GC(375) Pause Young (Allocation Failure) 62M->50M(63M) 6.755ms
[2026-10-07T23:56:01.991+0000][724.540s][info][gc,cpu         ] GC(375) User=0.00s Sys=0.00s Real=0.00s
[2026-10-07T23:56:03.551+0000][726.100s][info][gc,start       ] GC(376) Pause Young (Allocation Failure)
[2026-10-07T23:56:03.556+0000][726.105s][info][gc,heap        ] GC(376) PSYoungGen: 12538K(12800K)->192K(12800K) Eden: 12288K(12288K)->0K(12288K) From: 250K(512K)->192K(512K)
[2026-10-07T23:56:03.556+0000][726.105s][info][gc,heap        ] GC(376) ParOldGen: 51883K(52224K)->52013K(52224K)
[2026-10-07T23:56:03.556+0000][726.105s][info][gc,metaspace   ] GC(376) Metaspace: 74243K(75008K)->74243K(75008K) NonClass: 64921K(65344K)->64921K(65344K) Class: 9322K(9664K)->9322K(9664K)
[2026-10-07T23:56:03.556+0000][726.105s][info][gc             ] GC(376) Pause Young (Allocation Failure) 62M->50M(63M) 5.150ms
[2026-10-07T23:56:03.556+0000][726.105s][info][gc,cpu         ] GC(376) User=0.01s Sys=0.00s Real=0.01s
[2026-10-07T23:56:05.049+0000][727.598s][info][gc,start       ] GC(377) Pause Young (Allocation Failure)
[2026-10-07T23:56:05.054+0000][727.603s][info][gc,heap        ] GC(377) PSYoungGen: 12480K(12800K)->235K(12800K) Eden: 12288K(12288K)->0K(12288K) From: 192K(512K)->235K(512K)
[2026-10-07T23:56:05.054+0000][727.603s][info][gc,heap        ] GC(377) ParOldGen: 52013K(52224K)->52097K(52224K)
[2026-10-07T23:56:05.054+0000][727.603s][info][gc,metaspace   ] GC(377) Metaspace: 74243K(75008K)->74243K(75008K) NonClass: 64921K(65344K)->64921K(65344K) Class: 9322K(9664K)->9322K(9664K)
[2026-10-07T23:56:05.054+0000][727.603s][info][gc             ] GC(377) Pause Young (Allocation Failure) 62M->51M(63M) 4.838ms
[2026-10-07T23:56:05.054+0000][727.603s][info][gc,cpu         ] GC(377) User=0.01s Sys=0.00s Real=0.01s
[2026-10-07T23:56:06.618+0000][729.168s][info][gc,start       ] GC(378) Pause Young (Allocation Failure)
[2026-10-07T23:56:06.623+0000][729.172s][info][gc,heap        ] GC(378) PSYoungGen: 12523K(12800K)->224K(12800K) Eden: 12288K(12288K)->0K(12288K) From: 235K(512K)->224K(512K)
[2026-10-07T23:56:06.623+0000][729.172s][info][gc,heap        ] GC(378) ParOldGen: 52097K(52224K)->52241K(52736K)
[2026-10-07T23:56:06.623+0000][729.172s][info][gc,metaspace   ] GC(378) Metaspace: 74243K(75008K)->74243K(75008K) NonClass: 64921K(65344K)->64921K(65344K) Class: 9322K(9664K)->9322K(9664K)
[2026-10-07T23:56:06.623+0000][729.172s][info][gc             ] GC(378) Pause Young (Allocation Failure) 63M->51M(64M) 4.800ms
[2026-10-07T23:56:06.623+0000][729.172s][info][gc,cpu         ] GC(378) User=0.00s Sys=0.00s Real=0.00s
[2026-10-07T23:56:08.119+0000][730.669s][info][gc,start       ] GC(379) Pause Young (Allocation Failure)
[2026-10-07T23:56:08.124+0000][730.674s][info][gc,heap        ] GC(379) PSYoungGen: 12512K(12800K)->224K(12800K) Eden: 12288K(12288K)->0K(12288K) From: 224K(512K)->224K(512K)
[2026-10-07T23:56:08.124+0000][730.674s][info][gc,heap        ] GC(379) ParOldGen: 52241K(52736K)->52377K(52736K)
[2026-10-07T23:56:08.124+0000][730.674s][info][gc,metaspace   ] GC(379) Metaspace: 74247K(75008K)->74247K(75008K) NonClass: 64924K(65344K)->64924K(65344K) Class: 9322K(9664K)->9322K(9664K)
[2026-10-07T23:56:08.124+0000][730.674s][info][gc             ] GC(379) Pause Young (Allocation Failure) 63M->51M(64M) 5.112ms
[2026-10-07T23:56:08.125+0000][730.674s][info][gc,cpu         ] GC(379) User=0.00s Sys=0.00s Real=0.01s
[2026-10-07T23:56:09.622+0000][732.171s][info][gc,start       ] GC(380) Pause Young (Allocation Failure)
[2026-10-07T23:56:09.626+0000][732.176s][info][gc,heap        ] GC(380) PSYoungGen: 12512K(12800K)->273K(12800K) Eden: 12288K(12288K)->0K(12288K) From: 224K(512K)->273K(512K)
[2026-10-07T23:56:09.626+0000][732.176s][info][gc,heap        ] GC(380) ParOldGen: 52377K(52736K)->52437K(52736K)
[2026-10-07T23:56:09.626+0000][732.176s][info][gc,metaspace   ] GC(380) Metaspace: 74247K(75008K)->74247K(75008K) NonClass: 64924K(65344K)->64924K(65344K) Class: 9322K(9664K)->9322K(9664K)
[2026-10-07T23:56:09.627+0000][732.176s][info][gc             ] GC(380) Pause Young (Allocation Failure) 63M->51M(64M) 5.202ms
[2026-10-07T23:56:09.627+0000][732.177s][info][gc,cpu         ] GC(380) User=0.00s Sys=0.00s Real=0.01s
[2026-10-07T23:56:11.192+0000][733.742s][info][gc,start       ] GC(381) Pause Young (Allocation Failure)
[2026-10-07T23:56:11.197+0000][733.746s][info][gc,heap        ] GC(381) PSYoungGen: 12561K(12800K)->192K(12800K) Eden: 12288K(12288K)->0K(12288K) From: 273K(512K)->192K(512K)
[2026-10-07T23:56:11.197+0000][733.746s][info][gc,heap        ] GC(381) ParOldGen: 52437K(52736K)->52575K(52736K)
[2026-10-07T23:56:11.197+0000][733.746s][info][gc,metaspace   ] GC(381) Metaspace: 74248K(75008K)->74248K(75008K) NonClass: 64925K(65344K)->64925K(65344K) Class: 9322K(9664K)->9322K(9664K)
[2026-10-07T23:56:11.197+0000][733.746s][info][gc             ] GC(381) Pause Young (Allocation Failure) 63M->51M(64M) 4.477ms
[2026-10-07T23:56:11.197+0000][733.746s][info][gc,cpu         ] GC(381) User=0.01s Sys=0.00s Real=0.01s
[2026-10-07T23:56:12.693+0000][735.242s][info][gc,start       ] GC(382) Pause Young (Allocation Failure)
[2026-10-07T23:56:12.697+0000][735.247s][info][gc,heap        ] GC(382) PSYoungGen: 12480K(12800K)->224K(12800K) Eden: 12288K(12288K)->0K(12288K) From: 192K(512K)->224K(512K)
[2026-10-07T23:56:12.697+0000][735.247s][info][gc,heap        ] GC(382) ParOldGen: 52575K(52736K)->52667K(52736K)
[2026-10-07T23:56:12.697+0000][735.247s][info][gc,metaspace   ] GC(382) Metaspace: 74248K(75008K)->74248K(75008K) NonClass: 64925K(65344K)->64925K(65344K) Class: 9322K(9664K)->9322K(9664K)
[2026-10-07T23:56:12.697+0000][735.247s][info][gc             ] GC(382) Pause Young (Allocation Failure) 63M->51M(64M) 4.353ms
[2026-10-07T23:56:12.697+0000][735.247s][info][gc,cpu         ] GC(382) User=0.00s Sys=0.00s Real=0.01s
[2026-10-07T23:56:14.206+0000][736.755s][info][gc,start       ] GC(383) Pause Young (Allocation Failure)
[2026-10-07T23:56:14.210+0000][736.760s][info][gc,heap        ] GC(383) PSYoungGen: 12512K(12800K)->275K(12800K) Eden: 12288K(12288K)->0K(12288K) From: 224K(512K)->275K(512K)
[2026-10-07T23:56:14.210+0000][736.760s][info][gc,heap        ] GC(383) ParOldGen: 52667K(52736K)->52751K(53248K)
[2026-10-07T23:56:14.210+0000][736.760s][info][gc,metaspace   ] GC(383) Metaspace: 74248K(75008K)->74248K(75008K) NonClass: 64925K(65344K)->64925K(65344K) Class: 9322K(9664K)->9322K(9664K)
[2026-10-07T23:56:14.211+0000][736.760s][info][gc             ] GC(383) Pause Young (Allocation Failure) 63M->51M(64M) 4.685ms
[2026-10-07T23:56:14.211+0000][736.760s][info][gc,cpu         ] GC(383) User=0.01s Sys=0.00s Real=0.00s
[2026-10-07T23:56:15.762+0000][738.311s][info][gc,start       ] GC(384) Pause Young (Allocation Failure)
[2026-10-07T23:56:15.766+0000][738.316s][info][gc,heap        ] GC(384) PSYoungGen: 12563K(12800K)->224K(12800K) Eden: 12288K(12288K)->0K(12288K) From: 275K(512K)->224K(512K)
[2026-10-07T23:56:15.767+0000][738.316s][info][gc,heap        ] GC(384) ParOldGen: 52751K(53248K)->52910K(53248K)
[2026-10-07T23:56:15.767+0000][738.316s][info][gc,metaspace   ] GC(384) Metaspace: 74248K(75008K)->74248K(75008K) NonClass: 64925K(65344K)->64925K(65344K) Class: 9322K(9664K)->9322K(9664K)
[2026-10-07T23:56:15.767+0000][738.316s][info][gc             ] GC(384) Pause Young (Allocation Failure) 63M->51M(64M) 5.106ms
[2026-10-07T23:56:15.767+0000][738.316s][info][gc,cpu         ] GC(384) User=0.01s Sys=0.00s Real=0.01s
[2026-10-07T23:56:17.199+0000][739.748s][info][gc,start       ] GC(385) Pause Young (Allocation Failure)
[2026-10-07T23:56:17.205+0000][739.755s][info][gc,heap        ] GC(385) PSYoungGen: 12512K(12800K)->250K(12800K) Eden: 12288K(12288K)->0K(12288K) From: 224K(512K)->250K(512K)
[2026-10-07T23:56:17.206+0000][739.755s][info][gc,heap        ] GC(385) ParOldGen: 52910K(53248K)->53015K(53248K)
[2026-10-07T23:56:17.206+0000][739.755s][info][gc,metaspace   ] GC(385) Metaspace: 74249K(75008K)->74249K(75008K) NonClass: 64926K(65344K)->64926K(65344K) Class: 9322K(9664K)->9322K(9664K)
[2026-10-07T23:56:17.206+0000][739.756s][info][gc             ] GC(385) Pause Young (Allocation Failure) 63M->52M(64M) 7.572ms
[2026-10-07T23:56:17.206+0000][739.756s][info][gc,cpu         ] GC(385) User=0.00s Sys=0.00s Real=0.01s
[2026-10-07T23:56:18.727+0000][741.277s][info][gc,start       ] GC(386) Pause Young (Allocation Failure)
[2026-10-07T23:56:18.737+0000][741.286s][info][gc,heap        ] GC(386) PSYoungGen: 12538K(12800K)->377K(12800K) Eden: 12288K(12288K)->0K(12288K) From: 250K(512K)->377K(512K)
[2026-10-07T23:56:18.737+0000][741.287s][info][gc,heap        ] GC(386) ParOldGen: 53015K(53248K)->53149K(53248K)
[2026-10-07T23:56:18.737+0000][741.287s][info][gc,metaspace   ] GC(386) Metaspace: 74250K(75008K)->74250K(75008K) NonClass: 64927K(65344K)->64927K(65344K) Class: 9322K(9664K)->9322K(9664K)
[2026-10-07T23:56:18.737+0000][741.287s][info][gc             ] GC(386) Pause Young (Allocation Failure) 64M->52M(64M) 9.994ms
[2026-10-07T23:56:18.737+0000][741.287s][info][gc,cpu         ] GC(386) User=0.01s Sys=0.00s Real=0.01s
[2026-10-07T23:56:20.254+0000][742.803s][info][gc,start       ] GC(387) Pause Young (Allocation Failure)
[2026-10-07T23:56:20.259+0000][742.808s][info][gc,heap        ] GC(387) PSYoungGen: 12665K(12800K)->249K(12800K) Eden: 12288K(12288K)->0K(12288K) From: 377K(512K)->249K(512K)
[2026-10-07T23:56:20.259+0000][742.808s][info][gc,heap        ] GC(387) ParOldGen: 53149K(53248K)->53217K(53248K)
[2026-10-07T23:56:20.259+0000][742.808s][info][gc,metaspace   ] GC(387) Metaspace: 74253K(75008K)->74253K(75008K) NonClass: 64930K(65344K)->64930K(65344K) Class: 9322K(9664K)->9322K(9664K)
[2026-10-07T23:56:20.259+0000][742.808s][info][gc             ] GC(387) Pause Young (Allocation Failure) 64M->52M(64M) 4.801ms
[2026-10-07T23:56:20.259+0000][742.808s][info][gc,cpu         ] GC(387) User=0.00s Sys=0.00s Real=0.00s
[2026-10-07T23:56:21.767+0000][744.316s][info][gc,start       ] GC(388) Pause Young (Allocation Failure)
[2026-10-07T23:56:21.772+0000][744.321s][info][gc,heap        ] GC(388) PSYoungGen: 12537K(12800K)->192K(12800K) Eden: 12288K(12288K)->0K(12288K) From: 249K(512K)->192K(512K)
[2026-10-07T23:56:21.772+0000][744.321s][info][gc,heap        ] GC(388) ParOldGen: 53217K(53248K)->53395K(53760K)
[2026-10-07T23:56:21.772+0000][744.321s][info][gc,metaspace   ] GC(388) Metaspace: 74254K(75008K)->74254K(75008K) NonClass: 64931K(65344K)->64931K(65344K) Class: 9322K(9664K)->9322K(9664K)
[2026-10-07T23:56:21.772+0000][744.321s][info][gc             ] GC(388) Pause Young (Allocation Failure) 64M->52M(65M) 5.020ms
[2026-10-07T23:56:21.772+0000][744.321s][info][gc,cpu         ] GC(388) User=0.00s Sys=0.00s Real=0.00s
[2026-10-07T23:56:23.306+0000][745.855s][info][gc,start       ] GC(389) Pause Young (Allocation Failure)
[2026-10-07T23:56:23.309+0000][745.858s][info][gc,heap        ] GC(389) PSYoungGen: 12480K(12800K)->192K(12800K) Eden: 12288K(12288K)->0K(12288K) From: 192K(512K)->192K(512K)
[2026-10-07T23:56:23.309+0000][745.858s][info][gc,heap        ] GC(389) ParOldGen: 53395K(53760K)->53499K(53760K)
[2026-10-07T23:56:23.309+0000][745.858s][info][gc,metaspace   ] GC(389) Metaspace: 74254K(75008K)->74254K(75008K) NonClass: 64931K(65344K)->64931K(65344K) Class: 9322K(9664K)->9322K(9664K)
[2026-10-07T23:56:23.309+0000][745.858s][info][gc             ] GC(389) Pause Young (Allocation Failure) 64M->52M(65M) 3.160ms
[2026-10-07T23:56:23.309+0000][745.859s][info][gc,cpu         ] GC(389) User=0.00s Sys=0.00s Real=0.00s
[2026-10-07T23:56:24.822+0000][747.371s][info][gc,start       ] GC(390) Pause Young (Allocation Failure)
[2026-10-07T23:56:24.826+0000][747.376s][info][gc,heap        ] GC(390) PSYoungGen: 12480K(12800K)->223K(12800K) Eden: 12288K(12288K)->0K(12288K) From: 192K(512K)->223K(512K)
[2026-10-07T23:56:24.827+0000][747.376s][info][gc,heap        ] GC(390) ParOldGen: 53499K(53760K)->53579K(53760K)
[2026-10-07T23:56:24.827+0000][747.376s][info][gc,metaspace   ] GC(390) Metaspace: 74259K(75072K)->74259K(75072K) NonClass: 64937K(65408K)->64937K(65408K) Class: 9322K(9664K)->9322K(9664K)
[2026-10-07T23:56:24.827+0000][747.376s][info][gc             ] GC(390) Pause Young (Allocation Failure) 64M->52M(65M) 4.954ms
[2026-10-07T23:56:24.827+0000][747.376s][info][gc,cpu         ] GC(390) User=0.00s Sys=0.00s Real=0.01s
[2026-10-07T23:56:26.373+0000][748.922s][info][gc,start       ] GC(391) Pause Young (Allocation Failure)
[2026-10-07T23:56:26.378+0000][748.928s][info][gc,heap        ] GC(391) PSYoungGen: 12511K(12800K)->192K(12800K) Eden: 12288K(12288K)->0K(12288K) From: 223K(512K)->192K(512K)
[2026-10-07T23:56:26.378+0000][748.928s][info][gc,heap        ] GC(391) ParOldGen: 53579K(53760K)->53683K(53760K)
[2026-10-07T23:56:26.379+0000][748.928s][info][gc,metaspace   ] GC(391) Metaspace: 74260K(75072K)->74260K(75072K) NonClass: 64937K(65408K)->64937K(65408K) Class: 9322K(9664K)->9322K(9664K)
[2026-10-07T23:56:26.379+0000][748.928s][info][gc             ] GC(391) Pause Young (Allocation Failure) 64M->52M(65M) 5.509ms
[2026-10-07T23:56:26.379+0000][748.928s][info][gc,cpu         ] GC(391) User=0.00s Sys=0.00s Real=0.01s
[2026-10-07T23:56:27.879+0000][750.429s][info][gc,start       ] GC(392) Pause Young (Allocation Failure)
[2026-10-07T23:56:27.883+0000][750.432s][info][gc,heap        ] GC(392) PSYoungGen: 12480K(12800K)->224K(12800K) Eden: 12288K(12288K)->0K(12288K) From: 192K(512K)->224K(512K)
[2026-10-07T23:56:27.883+0000][750.432s][info][gc,heap        ] GC(392) ParOldGen: 53683K(53760K)->53795K(54272K)
[2026-10-07T23:56:27.883+0000][750.432s][info][gc,metaspace   ] GC(392) Metaspace: 74260K(75072K)->74260K(75072K) NonClass: 64937K(65408K)->64937K(65408K) Class: 9322K(9664K)->9322K(9664K)
[2026-10-07T23:56:27.883+0000][750.432s][info][gc             ] GC(392) Pause Young (Allocation Failure) 64M->52M(65M) 3.813ms
[2026-10-07T23:56:27.883+0000][750.432s][info][gc,cpu         ] GC(392) User=0.01s Sys=0.00s Real=0.00s
[2026-10-07T23:56:29.413+0000][751.962s][info][gc,start       ] GC(393) Pause Young (Allocation Failure)
[2026-10-07T23:56:29.431+0000][751.980s][info][gc,heap        ] GC(393) PSYoungGen: 12512K(12800K)->244K(12800K) Eden: 12288K(12288K)->0K(12288K) From: 224K(512K)->244K(512K)
[2026-10-07T23:56:29.431+0000][751.980s][info][gc,heap        ] GC(393) ParOldGen: 53795K(54272K)->53883K(54272K)
[2026-10-07T23:56:29.431+0000][751.980s][info][gc,metaspace   ] GC(393) Metaspace: 74260K(75072K)->74260K(75072K) NonClass: 64937K(65408K)->64937K(65408K) Class: 9322K(9664K)->9322K(9664K)
[2026-10-07T23:56:29.431+0000][751.980s][info][gc             ] GC(393) Pause Young (Allocation Failure) 64M->52M(65M) 18.069ms
[2026-10-07T23:56:29.431+0000][751.980s][info][gc,cpu         ] GC(393) User=0.00s Sys=0.01s Real=0.02s
[2026-10-07T23:56:30.946+0000][753.495s][info][gc,start       ] GC(394) Pause Young (Allocation Failure)
[2026-10-07T23:56:30.951+0000][753.500s][info][gc,heap        ] GC(394) PSYoungGen: 12532K(12800K)->224K(12800K) Eden: 12288K(12288K)->0K(12288K) From: 244K(512K)->224K(512K)
[2026-10-07T23:56:30.951+0000][753.500s][info][gc,heap        ] GC(394) ParOldGen: 53883K(54272K)->54048K(54272K)
[2026-10-07T23:56:30.951+0000][753.500s][info][gc,metaspace   ] GC(394) Metaspace: 74260K(75072K)->74260K(75072K) NonClass: 64937K(65408K)->64937K(65408K) Class: 9322K(9664K)->9322K(9664K)
[2026-10-07T23:56:30.951+0000][753.500s][info][gc             ] GC(394) Pause Young (Allocation Failure) 64M->53M(65M) 4.962ms
[2026-10-07T23:56:30.951+0000][753.500s][info][gc,cpu         ] GC(394) User=0.00s Sys=0.00s Real=0.00s
[2026-10-07T23:56:32.382+0000][754.931s][info][gc,start       ] GC(395) Pause Young (Allocation Failure)
[2026-10-07T23:56:32.388+0000][754.937s][info][gc,heap        ] GC(395) PSYoungGen: 12512K(12800K)->250K(12800K) Eden: 12288K(12288K)->0K(12288K) From: 224K(512K)->250K(512K)
[2026-10-07T23:56:32.388+0000][754.937s][info][gc,heap        ] GC(395) ParOldGen: 54048K(54272K)->54172K(54272K)
[2026-10-07T23:56:32.388+0000][754.937s][info][gc,metaspace   ] GC(395) Metaspace: 74277K(75072K)->74277K(75072K) NonClass: 64955K(65408K)->64955K(65408K) Class: 9322K(9664K)->9322K(9664K)
[2026-10-07T23:56:32.388+0000][754.937s][info][gc             ] GC(395) Pause Young (Allocation Failure) 65M->53M(65M) 5.963ms
[2026-10-07T23:56:32.388+0000][754.937s][info][gc,cpu         ] GC(395) User=0.01s Sys=0.00s Real=0.01s
[2026-10-07T23:56:33.892+0000][756.442s][info][gc,start       ] GC(396) Pause Young (Allocation Failure)
[2026-10-07T23:56:33.902+0000][756.451s][info][gc,heap        ] GC(396) PSYoungGen: 12538K(12800K)->244K(12800K) Eden: 12288K(12288K)->0K(12288K) From: 250K(512K)->244K(512K)
[2026-10-07T23:56:33.902+0000][756.451s][info][gc,heap        ] GC(396) ParOldGen: 54172K(54272K)->54248K(54272K)
[2026-10-07T23:56:33.902+0000][756.451s][info][gc,metaspace   ] GC(396) Metaspace: 74287K(75072K)->74287K(75072K) NonClass: 64964K(65408K)->64964K(65408K) Class: 9322K(9664K)->9322K(9664K)
[2026-10-07T23:56:33.902+0000][756.451s][info][gc             ] GC(396) Pause Young (Allocation Failure) 65M->53M(65M) 9.564ms
[2026-10-07T23:56:33.902+0000][756.451s][info][gc,cpu         ] GC(396) User=0.01s Sys=0.00s Real=0.01s
[2026-10-07T23:56:35.426+0000][757.976s][info][gc,start       ] GC(397) Pause Young (Allocation Failure)
[2026-10-07T23:56:35.432+0000][757.981s][info][gc,heap        ] GC(397) PSYoungGen: 12532K(12800K)->224K(12800K) Eden: 12288K(12288K)->0K(12288K) From: 244K(512K)->224K(512K)
[2026-10-07T23:56:35.432+0000][757.981s][info][gc,heap        ] GC(397) ParOldGen: 54248K(54272K)->54385K(54784K)
[2026-10-07T23:56:35.432+0000][757.981s][info][gc,metaspace   ] GC(397) Metaspace: 74287K(75072K)->74287K(75072K) NonClass: 64964K(65408K)->64964K(65408K) Class: 9322K(9664K)->9322K(9664K)
[2026-10-07T23:56:35.432+0000][757.981s][info][gc             ] GC(397) Pause Young (Allocation Failure) 65M->53M(66M) 5.632ms
[2026-10-07T23:56:35.432+0000][757.981s][info][gc,cpu         ] GC(397) User=0.01s Sys=0.00s Real=0.00s
[2026-10-07T23:56:36.960+0000][759.510s][info][gc,start       ] GC(398) Pause Young (Allocation Failure)
[2026-10-07T23:56:36.966+0000][759.515s][info][gc,heap        ] GC(398) PSYoungGen: 12512K(12800K)->192K(12800K) Eden: 12288K(12288K)->0K(12288K) From: 224K(512K)->192K(512K)
[2026-10-07T23:56:36.966+0000][759.515s][info][gc,heap        ] GC(398) ParOldGen: 54385K(54784K)->54513K(54784K)
[2026-10-07T23:56:36.966+0000][759.515s][info][gc,metaspace   ] GC(398) Metaspace: 74291K(75072K)->74291K(75072K) NonClass: 64968K(65408K)->64968K(65408K) Class: 9322K(9664K)->9322K(9664K)
[2026-10-07T23:56:36.966+0000][759.515s][info][gc             ] GC(398) Pause Young (Allocation Failure) 65M->53M(66M) 5.648ms
[2026-10-07T23:56:36.966+0000][759.515s][info][gc,cpu         ] GC(398) User=0.01s Sys=0.00s Real=0.01s
[2026-10-07T23:56:38.475+0000][761.025s][info][gc,start       ] GC(399) Pause Young (Allocation Failure)
[2026-10-07T23:56:38.479+0000][761.028s][info][gc,heap        ] GC(399) PSYoungGen: 12480K(12800K)->192K(12800K) Eden: 12288K(12288K)->0K(12288K) From: 192K(512K)->192K(512K)
[2026-10-07T23:56:38.479+0000][761.028s][info][gc,heap        ] GC(399) ParOldGen: 54513K(54784K)->54597K(54784K)
[2026-10-07T23:56:38.479+0000][761.028s][info][gc,metaspace   ] GC(399) Metaspace: 74307K(75072K)->74307K(75072K) NonClass: 64984K(65408K)->64984K(65408K) Class: 9322K(9664K)->9322K(9664K)
[2026-10-07T23:56:38.479+0000][761.028s][info][gc             ] GC(399) Pause Young (Allocation Failure) 65M->53M(66M) 3.651ms
[2026-10-07T23:56:38.479+0000][761.028s][info][gc,cpu         ] GC(399) User=0.00s Sys=0.00s Real=0.00s
