[2026-10-07T23:31:13.167+0000][1353.650s][info][gc,start       ] GC(725) Pause Young (Allocation Failure)
[2026-10-07T23:31:13.172+0000][1353.655s][info][gc,heap        ] GC(725) DefNew: 23466K(25088K)->1218K(25088K) Eden: 22336K(22336K)->0K(22336K) From: 1130K(2752K)->1218K(2752K)
[2026-10-07T23:31:13.172+0000][1353.655s][info][gc,heap        ] GC(725) Tenured: 53050K(55404K)->53050K(55404K)
[2026-10-07T23:31:13.172+0000][1353.655s][info][gc,metaspace   ] GC(725) Metaspace: 74405K(75200K)->74405K(75200K) NonClass: 65105K(65536K)->65105K(65536K) Class: 9300K(9664K)->9300K(9664K)
[2026-10-07T23:31:13.172+0000][1353.655s][info][gc             ] GC(725) Pause Young (Allocation Failure) 74M->52M(78M) 5.290ms
[2026-10-07T23:31:13.172+0000][1353.655s][info][gc,cpu         ] GC(725) User=0.00s Sys=0.00s Real=0.00s
[2026-10-07T23:31:14.264+0000][1354.747s][info][gc,start       ] GC(726) Pause Young (Allocation Failure)
[2026-10-07T23:31:14.269+0000][1354.752s][info][gc,heap        ] GC(726) DefNew: 23554K(25088K)->1181K(25088K) Eden: 22336K(22336K)->0K(22336K) From: 1218K(2752K)->1181K(2752K)
[2026-10-07T23:31:14.269+0000][1354.752s][info][gc,heap        ] GC(726) Tenured: 53050K(55404K)->53050K(55404K)
[2026-10-07T23:31:14.269+0000][1354.752s][info][gc,metaspace   ] GC(726) Metaspace: 74405K(75200K)->74405K(75200K) NonClass: 65105K(65536K)->65105K(65536K) Class: 9300K(9664K)->9300K(9664K)
[2026-10-07T23:31:14.269+0000][1354.752s][info][gc             ] GC(726) Pause Young (Allocation Failure) 74M->52M(78M) 5.504ms
[2026-10-07T23:31:14.269+0000][1354.752s][info][gc,cpu         ] GC(726) User=0.00s Sys=0.00s Real=0.00s
[2026-10-07T23:31:19.576+0000][1360.059s][info][gc,start       ] GC(727) Pause Young (Allocation Failure)
[2026-10-07T23:31:19.590+0000][1360.073s][info][gc,heap        ] GC(727) DefNew: 23517K(25088K)->1684K(25088K) Eden: 22336K(22336K)->0K(22336K) From: 1181K(2752K)->1684K(2752K)
[2026-10-07T23:31:19.590+0000][1360.073s][info][gc,heap        ] GC(727) Tenured: 53050K(55404K)->53050K(55404K)
[2026-10-07T23:31:19.590+0000][1360.073s][info][gc,metaspace   ] GC(727) Metaspace: 74766K(75584K)->74766K(75584K) NonClass: 65420K(65856K)->65420K(65856K) Class: 9345K(9728K)->9345K(9728K)
[2026-10-07T23:31:19.590+0000][1360.073s][info][gc             ] GC(727) Pause Young (Allocation Failure) 74M->53M(78M) 14.328ms
[2026-10-07T23:31:19.590+0000][1360.073s][info][gc,cpu         ] GC(727) User=0.02s Sys=0.00s Real=0.01s
[2026-10-07T23:31:21.867+0000][1362.350s][info][gc,start       ] GC(728) Pause Young (Allocation Failure)
[2026-10-07T23:31:21.879+0000][1362.362s][info][gc,heap        ] GC(728) DefNew: 24020K(25088K)->1637K(25088K) Eden: 22336K(22336K)->0K(22336K) From: 1684K(2752K)->1637K(2752K)
[2026-10-07T23:31:21.879+0000][1362.362s][info][gc,heap        ] GC(728) Tenured: 53050K(55404K)->54216K(55404K)
[2026-10-07T23:31:21.879+0000][1362.362s][info][gc,metaspace   ] GC(728) Metaspace: 74816K(75584K)->74816K(75584K) NonClass: 65469K(65856K)->65469K(65856K) Class: 9346K(9728K)->9346K(9728K)
[2026-10-07T23:31:21.879+0000][1362.362s][info][gc             ] GC(728) Pause Young (Allocation Failure) 75M->54M(78M) 11.550ms
[2026-10-07T23:31:21.879+0000][1362.362s][info][gc,cpu         ] GC(728) User=0.01s Sys=0.00s Real=0.01s
[2026-10-07T23:31:24.265+0000][1364.748s][info][gc,start       ] GC(729) Pause Young (Allocation Failure)
[2026-10-07T23:31:24.283+0000][1364.766s][info][gc             ] GC(729) Pause Young (Allocation Failure) 76M->55M(78M) 18.754ms
[2026-10-07T23:31:24.284+0000][1364.767s][info][gc,cpu         ] GC(729) User=0.01s Sys=0.00s Real=0.02s
[2026-10-07T23:31:24.284+0000][1364.767s][info][gc,start       ] GC(730) Pause Full (Allocation Failure)
[2026-10-07T23:31:24.284+0000][1364.767s][info][gc,phases,start] GC(730) Phase 1: Mark live objects
[2026-10-07T23:31:24.469+0000][1364.951s][info][gc,phases      ] GC(730) Phase 1: Mark live objects 184.735ms
[2026-10-07T23:31:24.469+0000][1364.952s][info][gc,phases,start] GC(730) Phase 2: Compute new object addresses
[2026-10-07T23:31:24.495+0000][1364.978s][info][gc,phases      ] GC(730) Phase 2: Compute new object addresses 26.417ms
[2026-10-07T23:31:24.495+0000][1364.978s][info][gc,phases,start] GC(730) Phase 3: Adjust pointers
[2026-10-07T23:31:24.545+0000][1365.027s][info][gc,phases      ] GC(730) Phase 3: Adjust pointers 49.423ms
[2026-10-07T23:31:24.545+0000][1365.028s][info][gc,phases,start] GC(730) Phase 4: Move objects
[2026-10-07T23:31:24.556+0000][1365.039s][info][gc,phases      ] GC(730) Phase 4: Move objects 11.235ms
[2026-10-07T23:31:24.558+0000][1365.041s][info][gc,heap        ] GC(730) DefNew: 23973K(25088K)->0K(26048K) Eden: 22336K(22336K)->0K(23168K) From: 1637K(2752K)->0K(2880K)
[2026-10-07T23:31:24.558+0000][1365.041s][info][gc,heap        ] GC(730) Tenured: 54216K(55404K)->34511K(57520K)
[2026-10-07T23:31:24.558+0000][1365.041s][info][gc,metaspace   ] GC(730) Metaspace: 74828K(75584K)->74588K(75584K) NonClass: 65481K(65856K)->65308K(65856K) Class: 9346K(9728K)->9279K(9728K)
[2026-10-07T23:31:24.558+0000][1365.041s][info][gc             ] GC(730) Pause Full (Allocation Failure) 55M->33M(81M) 274.251ms
[2026-10-07T23:31:24.558+0000][1365.041s][info][gc,cpu         ] GC(730) User=0.25s Sys=0.01s Real=0.27s
[2026-10-07T23:31:27.001+0000][1367.484s][info][gc,start       ] GC(731) Pause Young (Allocation Failure)
[2026-10-07T23:31:27.011+0000][1367.494s][info][gc,heap        ] GC(731) DefNew: 23168K(26048K)->797K(26048K) Eden: 23168K(23168K)->0K(23168K) From: 0K(2880K)->797K(2880K)
[2026-10-07T23:31:27.011+0000][1367.494s][info][gc,heap        ] GC(731) Tenured: 34511K(57520K)->34511K(57520K)
[2026-10-07T23:31:27.011+0000][1367.494s][info][gc,metaspace   ] GC(731) Metaspace: 74588K(75584K)->74588K(75584K) NonClass: 65309K(65856K)->65309K(65856K) Class: 9279K(9728K)->9279K(9728K)
[2026-10-07T23:31:27.011+0000][1367.494s][info][gc             ] GC(731) Pause Young (Allocation Failure) 56M->34M(81M) 9.737ms
[2026-10-07T23:31:27.011+0000][1367.494s][info][gc,cpu         ] GC(731) User=0.01s Sys=0.00s Real=0.01s
[2026-10-07T23:31:29.725+0000][1370.207s][info][gc,start       ] GC(732) Pause Young (Allocation Failure)
[2026-10-07T23:31:29.732+0000][1370.215s][info][gc,heap        ] GC(732) DefNew: 23965K(26048K)->1297K(26048K) Eden: 23168K(23168K)->0K(23168K) From: 797K(2880K)->1297K(2880K)
[2026-10-07T23:31:29.732+0000][1370.215s][info][gc,heap        ] GC(732) Tenured: 34511K(57520K)->34511K(57520K)
[2026-10-07T23:31:29.732+0000][1370.215s][info][gc,metaspace   ] GC(732) Metaspace: 74593K(75584K)->74593K(75584K) NonClass: 65314K(65856K)->65314K(65856K) Class: 9279K(9728K)->9279K(9728K)
[2026-10-07T23:31:29.732+0000][1370.215s][info][gc             ] GC(732) Pause Young (Allocation Failure) 57M->34M(81M) 7.767ms
[2026-10-07T23:31:29.732+0000][1370.215s][info][gc,cpu         ] GC(732) User=0.00s Sys=0.00s Real=0.00s
[2026-10-07T23:31:32.521+0000][1373.004s][info][gc,start       ] GC(733) Pause Young (Allocation Failure)
[2026-10-07T23:31:32.535+0000][1373.018s][info][gc,heap        ] GC(733) DefNew: 24465K(26048K)->1592K(26048K) Eden: 23168K(23168K)->0K(23168K) From: 1297K(2880K)->1592K(2880K)
[2026-10-07T23:31:32.535+0000][1373.018s][info][gc,heap        ] GC(733) Tenured: 34511K(57520K)->34511K(57520K)
[2026-10-07T23:31:32.535+0000][1373.018s][info][gc,metaspace   ] GC(733) Metaspace: 74602K(75584K)->74602K(75584K) NonClass: 65323K(65856K)->65323K(65856K) Class: 9279K(9728K)->9279K(9728K)
[2026-10-07T23:31:32.535+0000][1373.018s][info][gc             ] GC(733) Pause Young (Allocation Failure) 57M->35M(81M) 13.987ms
[2026-10-07T23:31:32.535+0000][1373.018s][info][gc,cpu         ] GC(733) User=0.01s Sys=0.00s Real=0.02s
[2026-10-07T23:31:35.368+0000][1375.851s][info][gc,start       ] GC(734) Pause Young (Allocation Failure)
[2026-10-07T23:31:35.382+0000][1375.864s][info][gc,heap        ] GC(734) DefNew: 24760K(26048K)->1214K(26048K) Eden: 23168K(23168K)->0K(23168K) From: 1592K(2880K)->1214K(2880K)
[2026-10-07T23:31:35.382+0000][1375.865s][info][gc,heap        ] GC(734) Tenured: 34511K(57520K)->35067K(57520K)
[2026-10-07T23:31:35.382+0000][1375.865s][info][gc,metaspace   ] GC(734) Metaspace: 74604K(75584K)->74604K(75584K) NonClass: 65325K(65856K)->65325K(65856K) Class: 9279K(9728K)->9279K(9728K)
[2026-10-07T23:31:35.382+0000][1375.865s][info][gc             ] GC(734) Pause Young (Allocation Failure) 57M->35M(81M) 13.926ms
[2026-10-07T23:31:35.382+0000][1375.865s][info][gc,cpu         ] GC(734) User=0.01s Sys=0.01s Real=0.01s
[2026-10-07T23:31:38.178+0000][1378.661s][info][gc,start       ] GC(735) Pause Young (Allocation Failure)
[2026-10-07T23:31:38.186+0000][1378.669s][info][gc,heap        ] GC(735) DefNew: 24382K(26048K)->1292K(26048K) Eden: 23168K(23168K)->0K(23168K) From: 1214K(2880K)->1292K(2880K)
[2026-10-07T23:31:38.186+0000][1378.669s][info][gc,heap        ] GC(735) Tenured: 35067K(57520K)->35067K(57520K)
[2026-10-07T23:31:38.186+0000][1378.669s][info][gc,metaspace   ] GC(735) Metaspace: 74629K(75584K)->74629K(75584K) NonClass: 65349K(65856K)->65349K(65856K) Class: 9279K(9728K)->9279K(9728K)
[2026-10-07T23:31:38.186+0000][1378.669s][info][gc             ] GC(735) Pause Young (Allocation Failure) 58M->35M(81M) 8.202ms
[2026-10-07T23:31:38.186+0000][1378.669s][info][gc,cpu         ] GC(735) User=0.01s Sys=0.00s Real=0.01s
[2026-10-07T23:31:41.077+0000][1381.560s][info][gc,start       ] GC(736) Pause Young (Allocation Failure)
[2026-10-07T23:31:41.086+0000][1381.569s][info][gc,heap        ] GC(736) DefNew: 24460K(26048K)->1442K(26048K) Eden: 23168K(23168K)->0K(23168K) From: 1292K(2880K)->1442K(2880K)
[2026-10-07T23:31:41.087+0000][1381.570s][info][gc,heap        ] GC(736) Tenured: 35067K(57520K)->35067K(57520K)
[2026-10-07T23:31:41.087+0000][1381.570s][info][gc,metaspace   ] GC(736) Metaspace: 74629K(75584K)->74629K(75584K) NonClass: 65350K(65856K)->65350K(65856K) Class: 9279K(9728K)->9279K(9728K)
[2026-10-07T23:31:41.087+0000][1381.570s][info][gc             ] GC(736) Pause Young (Allocation Failure) 58M->35M(81M) 10.125ms
[2026-10-07T23:31:41.087+0000][1381.570s][info][gc,cpu         ] GC(736) User=0.00s Sys=0.00s Real=0.01s
[2026-10-07T23:31:43.827+0000][1384.310s][info][gc,start       ] GC(737) Pause Young (Allocation Failure)
[2026-10-07T23:31:43.840+0000][1384.323s][info][gc,heap        ] GC(737) DefNew: 24610K(26048K)->1068K(26048K) Eden: 23168K(23168K)->0K(23168K) From: 1442K(2880K)->1068K(2880K)
[2026-10-07T23:31:43.840+0000][1384.323s][info][gc,heap        ] GC(737) Tenured: 35067K(57520K)->35504K(57520K)
[2026-10-07T23:31:43.840+0000][1384.323s][info][gc,metaspace   ] GC(737) Metaspace: 74629K(75584K)->74629K(75584K) NonClass: 65350K(65856K)->65350K(65856K) Class: 9279K(9728K)->9279K(9728K)
[2026-10-07T23:31:43.840+0000][1384.323s][info][gc             ] GC(737) Pause Young (Allocation Failure) 58M->35M(81M) 13.068ms
[2026-10-07T23:31:43.840+0000][1384.323s][info][gc,cpu         ] GC(737) User=0.01s Sys=0.00s Real=0.01s
[2026-10-07T23:31:46.681+0000][1387.164s][info][gc,start       ] GC(738) Pause Young (Allocation Failure)
[2026-10-07T23:31:46.690+0000][1387.173s][info][gc,heap        ] GC(738) DefNew: 24236K(26048K)->1121K(26048K) Eden: 23168K(23168K)->0K(23168K) From: 1068K(2880K)->1121K(2880K)
[2026-10-07T23:31:46.690+0000][1387.173s][info][gc,heap        ] GC(738) Tenured: 35504K(57520K)->35504K(57520K)
[2026-10-07T23:31:46.690+0000][1387.173s][info][gc,metaspace   ] GC(738) Metaspace: 74654K(75584K)->74654K(75584K) NonClass: 65375K(65856K)->65375K(65856K) Class: 9279K(9728K)->9279K(9728K)
[2026-10-07T23:31:46.690+0000][1387.173s][info][gc             ] GC(738) Pause Young (Allocation Failure) 58M->35M(81M) 9.168ms
[2026-10-07T23:31:46.690+0000][1387.173s][info][gc,cpu         ] GC(738) User=0.01s Sys=0.00s Real=0.01s
[2026-10-07T23:31:49.549+0000][1390.032s][info][gc,start       ] GC(739) Pause Young (Allocation Failure)
[2026-10-07T23:31:49.556+0000][1390.039s][info][gc,heap        ] GC(739) DefNew: 24289K(26048K)->1194K(26048K) Eden: 23168K(23168K)->0K(23168K) From: 1121K(2880K)->1194K(2880K)
[2026-10-07T23:31:49.556+0000][1390.039s][info][gc,heap        ] GC(739) Tenured: 35504K(57520K)->35504K(57520K)
[2026-10-07T23:31:49.556+0000][1390.039s][info][gc,metaspace   ] GC(739) Metaspace: 74654K(75584K)->74654K(75584K) NonClass: 65375K(65856K)->65375K(65856K) Class: 9279K(9728K)->9279K(9728K)
[2026-10-07T23:31:49.556+0000][1390.039s][info][gc             ] GC(739) Pause Young (Allocation Failure) 58M->35M(81M) 7.306ms
[2026-10-07T23:31:49.556+0000][1390.039s][info][gc,cpu         ] GC(739) User=0.01s Sys=0.00s Real=0.01s
[2026-10-07T23:31:52.430+0000][1392.913s][info][gc,start       ] GC(740) Pause Young (Allocation Failure)
[2026-10-07T23:31:52.439+0000][1392.921s][info][gc,heap        ] GC(740) DefNew: 24362K(26048K)->1257K(26048K) Eden: 23168K(23168K)->0K(23168K) From: 1194K(2880K)->1257K(2880K)
[2026-10-07T23:31:52.439+0000][1392.922s][info][gc,heap        ] GC(740) Tenured: 35504K(57520K)->35504K(57520K)
[2026-10-07T23:31:52.439+0000][1392.922s][info][gc,metaspace   ] GC(740) Metaspace: 74654K(75584K)->74654K(75584K) NonClass: 65375K(65856K)->65375K(65856K) Class: 9279K(9728K)->9279K(9728K)
[2026-10-07T23:31:52.439+0000][1392.922s][info][gc             ] GC(740) Pause Young (Allocation Failure) 58M->35M(81M) 8.277ms
[2026-10-07T23:31:52.439+0000][1392.922s][info][gc,cpu         ] GC(740) User=0.01s Sys=0.00s Real=0.01s
[2026-10-07T23:31:55.265+0000][1395.748s][info][gc,start       ] GC(741) Pause Young (Allocation Failure)
[2026-10-07T23:31:55.273+0000][1395.756s][info][gc,heap        ] GC(741) DefNew: 24425K(26048K)->1363K(26048K) Eden: 23168K(23168K)->0K(23168K) From: 1257K(2880K)->1363K(2880K)
[2026-10-07T23:31:55.273+0000][1395.756s][info][gc,heap        ] GC(741) Tenured: 35504K(57520K)->35504K(57520K)
[2026-10-07T23:31:55.273+0000][1395.756s][info][gc,metaspace   ] GC(741) Metaspace: 74681K(75584K)->74681K(75584K) NonClass: 65402K(65856K)->65402K(65856K) Class: 9279K(9728K)->9279K(9728K)
[2026-10-07T23:31:55.273+0000][1395.756s][info][gc             ] GC(741) Pause Young (Allocation Failure) 58M->36M(81M) 8.225ms
[2026-10-07T23:31:55.273+0000][1395.756s][info][gc,cpu         ] GC(741) User=0.01s Sys=0.00s Real=0.00s
[2026-10-07T23:31:58.115+0000][1398.598s][info][gc,start       ] GC(742) Pause Young (Allocation Failure)
[2026-10-07T23:31:58.124+0000][1398.607s][info][gc,heap        ] GC(742) DefNew: 24531K(26048K)->1425K(26048K) Eden: 23168K(23168K)->0K(23168K) From: 1363K(2880K)->1425K(2880K)
[2026-10-07T23:31:58.125+0000][1398.607s][info][gc,heap        ] GC(742) Tenured: 35504K(57520K)->35504K(57520K)
[2026-10-07T23:31:58.125+0000][1398.607s][info][gc,metaspace   ] GC(742) Metaspace: 74684K(75584K)->74684K(75584K) NonClass: 65405K(65856K)->65405K(65856K) Class: 9279K(9728K)->9279K(9728K)
[2026-10-07T23:31:58.125+0000][1398.608s][info][gc             ] GC(742) Pause Young (Allocation Failure) 58M->36M(81M) 9.674ms
[2026-10-07T23:31:58.125+0000][1398.608s][info][gc,cpu         ] GC(742) User=0.01s Sys=0.00s Real=0.01s
[2026-10-07T23:32:00.904+0000][1401.387s][info][gc,start       ] GC(743) Pause Young (Allocation Failure)
[2026-10-07T23:32:00.913+0000][1401.396s][info][gc,heap        ] GC(743) DefNew: 24593K(26048K)->1518K(26048K) Eden: 23168K(23168K)->0K(23168K) From: 1425K(2880K)->1518K(2880K)
[2026-10-07T23:32:00.913+0000][1401.396s][info][gc,heap        ] GC(743) Tenured: 35504K(57520K)->35504K(57520K)
[2026-10-07T23:32:00.913+0000][1401.396s][info][gc,metaspace   ] GC(743) Metaspace: 74684K(75584K)->74684K(75584K) NonClass: 65405K(65856K)->65405K(65856K) Class: 9279K(9728K)->9279K(9728K)
[2026-10-07T23:32:00.914+0000][1401.396s][info][gc             ] GC(743) Pause Young (Allocation Failure) 58M->36M(81M) 9.911ms
[2026-10-07T23:32:00.914+0000][1401.396s][info][gc,cpu         ] GC(743) User=0.01s Sys=0.00s Real=0.01s
[2026-10-07T23:32:03.751+0000][1404.234s][info][gc,start       ] GC(744) Pause Young (Allocation Failure)
[2026-10-07T23:32:03.764+0000][1404.247s][info][gc,heap        ] GC(744) DefNew: 24686K(26048K)->1271K(26048K) Eden: 23168K(23168K)->0K(23168K) From: 1518K(2880K)->1271K(2880K)
[2026-10-07T23:32:03.764+0000][1404.247s][info][gc,heap        ] GC(744) Tenured: 35504K(57520K)->35789K(57520K)
[2026-10-07T23:32:03.764+0000][1404.247s][info][gc,metaspace   ] GC(744) Metaspace: 74684K(75584K)->74684K(75584K) NonClass: 65405K(65856K)->65405K(65856K) Class: 9279K(9728K)->9279K(9728K)
[2026-10-07T23:32:03.764+0000][1404.247s][info][gc             ] GC(744) Pause Young (Allocation Failure) 58M->36M(81M) 13.134ms
[2026-10-07T23:32:03.764+0000][1404.247s][info][gc,cpu         ] GC(744) User=0.01s Sys=0.00s Real=0.02s
[2026-10-07T23:32:06.607+0000][1407.089s][info][gc,start       ] GC(745) Pause Young (Allocation Failure)
[2026-10-07T23:32:06.614+0000][1407.097s][info][gc,heap        ] GC(745) DefNew: 24439K(26048K)->1295K(26048K) Eden: 23168K(23168K)->0K(23168K) From: 1271K(2880K)->1295K(2880K)
[2026-10-07T23:32:06.614+0000][1407.097s][info][gc,heap        ] GC(745) Tenured: 35789K(57520K)->35789K(57520K)
[2026-10-07T23:32:06.614+0000][1407.097s][info][gc,metaspace   ] GC(745) Metaspace: 74684K(75584K)->74684K(75584K) NonClass: 65405K(65856K)->65405K(65856K) Class: 9279K(9728K)->9279K(9728K)
[2026-10-07T23:32:06.615+0000][1407.097s][info][gc             ] GC(745) Pause Young (Allocation Failure) 58M->36M(81M) 7.984ms
[2026-10-07T23:32:06.615+0000][1407.097s][info][gc,cpu         ] GC(745) User=0.01s Sys=0.00s Real=0.01s
[2026-10-07T23:32:09.477+0000][1409.960s][info][gc,start       ] GC(746) Pause Young (Allocation Failure)
[2026-10-07T23:32:09.485+0000][1409.968s][info][gc,heap        ] GC(746) DefNew: 24463K(26048K)->1414K(26048K) Eden: 23168K(23168K)->0K(23168K) From: 1295K(2880K)->1414K(2880K)
[2026-10-07T23:32:09.486+0000][1409.968s][info][gc,heap        ] GC(746) Tenured: 35789K(57520K)->35789K(57520K)
[2026-10-07T23:32:09.486+0000][1409.969s][info][gc,metaspace   ] GC(746) Metaspace: 74684K(75584K)->74684K(75584K) NonClass: 65405K(65856K)->65405K(65856K) Class: 9279K(9728K)->9279K(9728K)
[2026-10-07T23:32:09.486+0000][1409.969s][info][gc             ] GC(746) Pause Young (Allocation Failure) 58M->36M(81M) 8.341ms
[2026-10-07T23:32:09.486+0000][1409.969s][info][gc,cpu         ] GC(746) User=0.01s Sys=0.00s Real=0.01s
[2026-10-07T23:32:12.324+0000][1412.807s][info][gc,start       ] GC(747) Pause Young (Allocation Failure)
[2026-10-07T23:32:12.332+0000][1412.815s][info][gc,heap        ] GC(747) DefNew: 24582K(26048K)->1467K(26048K) Eden: 23168K(23168K)->0K(23168K) From: 1414K(2880K)->1467K(2880K)
[2026-10-07T23:32:12.332+0000][1412.815s][info][gc,heap        ] GC(747) Tenured: 35789K(57520K)->35789K(57520K)
[2026-10-07T23:32:12.332+0000][1412.815s][info][gc,metaspace   ] GC(747) Metaspace: 74684K(75584K)->74684K(75584K) NonClass: 65405K(65856K)->65405K(65856K) Class: 9279K(9728K)->9279K(9728K)
[2026-10-07T23:32:12.332+0000][1412.815s][info][gc             ] GC(747) Pause Young (Allocation Failure) 58M->36M(81M) 8.321ms
[2026-10-07T23:32:12.332+0000][1412.815s][info][gc,cpu         ] GC(747) User=0.01s Sys=0.00s Real=0.00s
[2026-10-07T23:32:15.133+0000][1415.616s][info][gc,start       ] GC(748) Pause Young (Allocation Failure)
[2026-10-07T23:32:15.146+0000][1415.629s][info][gc,heap        ] GC(748) DefNew: 24635K(26048K)->1372K(26048K) Eden: 23168K(23168K)->0K(23168K) From: 1467K(2880K)->1372K(2880K)
[2026-10-07T23:32:15.147+0000][1415.629s][info][gc,heap        ] GC(748) Tenured: 35789K(57520K)->35929K(57520K)
[2026-10-07T23:32:15.147+0000][1415.629s][info][gc,metaspace   ] GC(748) Metaspace: 74684K(75584K)->74684K(75584K) NonClass: 65405K(65856K)->65405K(65856K) Class: 9279K(9728K)->9279K(9728K)
[2026-10-07T23:32:15.147+0000][1415.630s][info][gc             ] GC(748) Pause Young (Allocation Failure) 59M->36M(81M) 13.257ms
[2026-10-07T23:32:15.147+0000][1415.630s][info][gc,cpu         ] GC(748) User=0.01s Sys=0.00s Real=0.02s
[2026-10-07T23:32:18.059+0000][1418.542s][info][gc,start       ] GC(749) Pause Young (Allocation Failure)
[2026-10-07T23:32:18.089+0000][1418.572s][info][gc,heap        ] GC(749) DefNew: 24540K(26048K)->1422K(26048K) Eden: 23168K(23168K)->0K(23168K) From: 1372K(2880K)->1422K(2880K)
[2026-10-07T23:32:18.089+0000][1418.572s][info][gc,heap        ] GC(749) Tenured: 35929K(57520K)->35929K(57520K)
[2026-10-07T23:32:18.089+0000][1418.572s][info][gc,metaspace   ] GC(749) Metaspace: 74684K(75584K)->74684K(75584K) NonClass: 65405K(65856K)->65405K(65856K) Class: 9279K(9728K)->9279K(9728K)
[2026-10-07T23:32:18.089+0000][1418.572s][info][gc             ] GC(749) Pause Young (Allocation Failure) 59M->36M(81M) 29.664ms
[2026-10-07T23:32:18.091+0000][1418.574s][info][gc,cpu         ] GC(749) User=0.02s Sys=0.00s Real=0.03s
[2026-10-07T23:32:20.834+0000][1421.317s][info][gc,start       ] GC(750) Pause Young (Allocation Failure)
[2026-10-07T23:32:20.849+0000][1421.331s][info][gc,heap        ] GC(750) DefNew: 24590K(26048K)->1424K(26048K) Eden: 23168K(23168K)->0K(23168K) From: 1422K(2880K)->1424K(2880K)
[2026-10-07T23:32:20.849+0000][1421.332s][info][gc,heap        ] GC(750) Tenured: 35929K(57520K)->36034K(57520K)
[2026-10-07T23:32:20.849+0000][1421.332s][info][gc,metaspace   ] GC(750) Metaspace: 74684K(75584K)->74684K(75584K) NonClass: 65405K(65856K)->65405K(65856K) Class: 9279K(9728K)->9279K(9728K)
[2026-10-07T23:32:20.850+0000][1421.333s][info][gc             ] GC(750) Pause Young (Allocation Failure) 59M->36M(81M) 16.008ms
[2026-10-07T23:32:20.850+0000][1421.333s][info][gc,cpu         ] GC(750) User=0.01s Sys=0.00s Real=0.01s
[2026-10-07T23:32:23.688+0000][1424.171s][info][gc,start       ] GC(751) Pause Young (Allocation Failure)
[2026-10-07T23:32:23.697+0000][1424.180s][info][gc,heap        ] GC(751) DefNew: 24592K(26048K)->1382K(26048K) Eden: 23168K(23168K)->0K(23168K) From: 1424K(2880K)->1382K(2880K)
[2026-10-07T23:32:23.697+0000][1424.180s][info][gc,heap        ] GC(751) Tenured: 36034K(57520K)->36131K(57520K)
[2026-10-07T23:32:23.697+0000][1424.180s][info][gc,metaspace   ] GC(751) Metaspace: 74684K(75584K)->74684K(75584K) NonClass: 65405K(65856K)->65405K(65856K) Class: 9279K(9728K)->9279K(9728K)
[2026-10-07T23:32:23.697+0000][1424.180s][info][gc             ] GC(751) Pause Young (Allocation Failure) 59M->36M(81M) 9.200ms
[2026-10-07T23:32:23.697+0000][1424.180s][info][gc,cpu         ] GC(751) User=0.01s Sys=0.00s Real=0.01s
[2026-10-07T23:32:26.545+0000][1427.028s][info][gc,start       ] GC(752) Pause Young (Allocation Failure)
[2026-10-07T23:32:26.558+0000][1427.041s][info][gc,heap        ] GC(752) DefNew: 24550K(26048K)->1322K(26048K) Eden: 23168K(23168K)->0K(23168K) From: 1382K(2880K)->1322K(2880K)
[2026-10-07T23:32:26.558+0000][1427.041s][info][gc,heap        ] GC(752) Tenured: 36131K(57520K)->36203K(57520K)
[2026-10-07T23:32:26.558+0000][1427.041s][info][gc,metaspace   ] GC(752) Metaspace: 74684K(75584K)->74684K(75584K) NonClass: 65405K(65856K)->65405K(65856K) Class: 9279K(9728K)->9279K(9728K)
[2026-10-07T23:32:26.558+0000][1427.041s][info][gc             ] GC(752) Pause Young (Allocation Failure) 59M->36M(81M) 13.601ms
[2026-10-07T23:32:26.559+0000][1427.042s][info][gc,cpu         ] GC(752) User=0.01s Sys=0.00s Real=0.01s
[2026-10-07T23:32:29.393+0000][1429.876s][info][gc,start       ] GC(753) Pause Young (Allocation Failure)
[2026-10-07T23:32:29.406+0000][1429.889s][info][gc,heap        ] GC(753) DefNew: 24490K(26048K)->1312K(26048K) Eden: 23168K(23168K)->0K(23168K) From: 1322K(2880K)->1312K(2880K)
[2026-10-07T23:32:29.406+0000][1429.889s][info][gc,heap        ] GC(753) Tenured: 36203K(57520K)->36300K(57520K)
[2026-10-07T23:32:29.406+0000][1429.889s][info][gc,metaspace   ] GC(753) Metaspace: 74684K(75584K)->74684K(75584K) NonClass: 65405K(65856K)->65405K(65856K) Class: 9279K(9728K)->9279K(9728K)
[2026-10-07T23:32:29.406+0000][1429.889s][info][gc             ] GC(753) Pause Young (Allocation Failure) 59M->36M(81M) 12.651ms
[2026-10-07T23:32:29.406+0000][1429.889s][info][gc,cpu         ] GC(753) User=0.01s Sys=0.00s Real=0.02s
[2026-10-07T23:32:32.262+0000][1432.745s][info][gc,start       ] GC(754) Pause Young (Allocation Failure)
[2026-10-07T23:32:32.272+0000][1432.755s][info][gc,heap        ] GC(754) DefNew: 24480K(26048K)->1269K(26048K) Eden: 23168K(23168K)->0K(23168K) From: 1312K(2880K)->1269K(2880K)
[2026-10-07T23:32:32.272+0000][1432.755s][info][gc,heap        ] GC(754) Tenured: 36300K(57520K)->36370K(57520K)
[2026-10-07T23:32:32.272+0000][1432.755s][info][gc,metaspace   ] GC(754) Metaspace: 74693K(75584K)->74693K(75584K) NonClass: 65413K(65856K)->65413K(65856K) Class: 9279K(9728K)->9279K(9728K)
[2026-10-07T23:32:32.272+0000][1432.755s][info][gc             ] GC(754) Pause Young (Allocation Failure) 59M->36M(81M) 10.066ms
[2026-10-07T23:32:32.272+0000][1432.755s][info][gc,cpu         ] GC(754) User=0.01s Sys=0.00s Real=0.01s
[2026-10-07T23:32:35.127+0000][1435.610s][info][gc,start       ] GC(755) Pause Young (Allocation Failure)
[2026-10-07T23:32:35.134+0000][1435.617s][info][gc,heap        ] GC(755) DefNew: 24437K(26048K)->1308K(26048K) Eden: 23168K(23168K)->0K(23168K) From: 1269K(2880K)->1308K(2880K)
[2026-10-07T23:32:35.134+0000][1435.617s][info][gc,heap        ] GC(755) Tenured: 36370K(57520K)->36450K(57520K)
[2026-10-07T23:32:35.134+0000][1435.617s][info][gc,metaspace   ] GC(755) Metaspace: 74693K(75584K)->74693K(75584K) NonClass: 65413K(65856K)->65413K(65856K) Class: 9279K(9728K)->9279K(9728K)
[2026-10-07T23:32:35.134+0000][1435.617s][info][gc             ] GC(755) Pause Young (Allocation Failure) 59M->36M(81M) 7.132ms
[2026-10-07T23:32:35.134+0000][1435.617s][info][gc,cpu         ] GC(755) User=0.00s Sys=0.00s Real=0.01s
[2026-10-07T23:32:38.000+0000][1438.483s][info][gc,start       ] GC(756) Pause Young (Allocation Failure)
[2026-10-07T23:32:38.008+0000][1438.491s][info][gc,heap        ] GC(756) DefNew: 24476K(26048K)->1253K(26048K) Eden: 23168K(23168K)->0K(23168K) From: 1308K(2880K)->1253K(2880K)
[2026-10-07T23:32:38.009+0000][1438.492s][info][gc,heap        ] GC(756) Tenured: 36450K(57520K)->36515K(57520K)
[2026-10-07T23:32:38.009+0000][1438.492s][info][gc,metaspace   ] GC(756) Metaspace: 74693K(75584K)->74693K(75584K) NonClass: 65413K(65856K)->65413K(65856K) Class: 9279K(9728K)->9279K(9728K)
[2026-10-07T23:32:38.009+0000][1438.492s][info][gc             ] GC(756) Pause Young (Allocation Failure) 59M->36M(81M) 8.332ms
[2026-10-07T23:32:38.009+0000][1438.492s][info][gc,cpu         ] GC(756) User=0.00s Sys=0.00s Real=0.01s
[2026-10-07T23:32:40.869+0000][1441.352s][info][gc,start       ] GC(757) Pause Young (Allocation Failure)
[2026-10-07T23:32:40.877+0000][1441.360s][info][gc,heap        ] GC(757) DefNew: 24421K(26048K)->1314K(26048K) Eden: 23168K(23168K)->0K(23168K) From: 1253K(2880K)->1314K(2880K)
[2026-10-07T23:32:40.877+0000][1441.360s][info][gc,heap        ] GC(757) Tenured: 36515K(57520K)->36587K(57520K)
[2026-10-07T23:32:40.878+0000][1441.360s][info][gc,metaspace   ] GC(757) Metaspace: 74693K(75584K)->74693K(75584K) NonClass: 65413K(65856K)->65413K(65856K) Class: 9279K(9728K)->9279K(9728K)
[2026-10-07T23:32:40.878+0000][1441.361s][info][gc             ] GC(757) Pause Young (Allocation Failure) 59M->37M(81M) 9.131ms
[2026-10-07T23:32:40.878+0000][1441.361s][info][gc,cpu         ] GC(757) User=0.01s Sys=0.00s Real=0.01s
[2026-10-07T23:32:43.613+0000][1444.095s][info][gc,start       ] GC(758) Pause Young (Allocation Failure)
[2026-10-07T23:32:43.621+0000][1444.104s][info][gc,heap        ] GC(758) DefNew: 24482K(26048K)->1265K(26048K) Eden: 23168K(23168K)->0K(23168K) From: 1314K(2880K)->1265K(2880K)
[2026-10-07T23:32:43.622+0000][1444.104s][info][gc,heap        ] GC(758) Tenured: 36587K(57520K)->36650K(57520K)
[2026-10-07T23:32:43.622+0000][1444.105s][info][gc,metaspace   ] GC(758) Metaspace: 74702K(75584K)->74702K(75584K) NonClass: 65422K(65856K)->65422K(65856K) Class: 9279K(9728K)->9279K(9728K)
[2026-10-07T23:32:43.622+0000][1444.105s][info][gc             ] GC(758) Pause Young (Allocation Failure) 59M->37M(81M) 9.182ms
[2026-10-07T23:32:43.622+0000][1444.105s][info][gc,cpu         ] GC(758) User=0.00s Sys=0.00s Real=0.01s
[2026-10-07T23:32:46.473+0000][1446.956s][info][gc,start       ] GC(759) Pause Young (Allocation Failure)
[2026-10-07T23:32:46.484+0000][1446.967s][info][gc,heap        ] GC(759) DefNew: 24433K(26048K)->1459K(26048K) Eden: 23168K(23168K)->0K(23168K) From: 1265K(2880K)->1459K(2880K)
[2026-10-07T23:32:46.484+0000][1446.967s][info][gc,heap        ] GC(759) Tenured: 36650K(57520K)->36714K(57520K)
[2026-10-07T23:32:46.484+0000][1446.967s][info][gc,metaspace   ] GC(759) Metaspace: 74702K(75584K)->74702K(75584K) NonClass: 65422K(65856K)->65422K(65856K) Class: 9279K(9728K)->9279K(9728K)
[2026-10-07T23:32:46.484+0000][1446.967s][info][gc             ] GC(759) Pause Young (Allocation Failure) 59M->37M(81M) 10.506ms
[2026-10-07T23:32:46.484+0000][1446.967s][info][gc,cpu         ] GC(759) User=0.01s Sys=0.00s Real=0.02s
[2026-10-07T23:32:49.331+0000][1449.814s][info][gc,start       ] GC(760) Pause Young (Allocation Failure)
[2026-10-07T23:32:49.339+0000][1449.822s][info][gc,heap        ] GC(760) DefNew: 24627K(26048K)->1330K(26048K) Eden: 23168K(23168K)->0K(23168K) From: 1459K(2880K)->1330K(2880K)
[2026-10-07T23:32:49.339+0000][1449.822s][info][gc,heap        ] GC(760) Tenured: 36714K(57520K)->36778K(57520K)
[2026-10-07T23:32:49.339+0000][1449.822s][info][gc,metaspace   ] GC(760) Metaspace: 74708K(75584K)->74708K(75584K) NonClass: 65428K(65856K)->65428K(65856K) Class: 9279K(9728K)->9279K(9728K)
[2026-10-07T23:32:49.339+0000][1449.822s][info][gc             ] GC(760) Pause Young (Allocation Failure) 59M->37M(81M) 7.953ms
[2026-10-07T23:32:49.339+0000][1449.822s][info][gc,cpu         ] GC(760) User=0.01s Sys=0.00s Real=0.01s
[2026-10-07T23:32:52.185+0000][1452.668s][info][gc,start       ] GC(761) Pause Young (Allocation Failure)
[2026-10-07T23:32:52.193+0000][1452.676s][info][gc,heap        ] GC(761) DefNew: 24498K(26048K)->1262K(26048K) Eden: 23168K(23168K)->0K(23168K) From: 1330K(2880K)->1262K(2880K)
[2026-10-07T23:32:52.193+0000][1452.676s][info][gc,heap        ] GC(761) Tenured: 36778K(57520K)->36844K(57520K)
[2026-10-07T23:32:52.193+0000][1452.676s][info][gc,metaspace   ] GC(761) Metaspace: 74708K(75584K)->74708K(75584K) NonClass: 65428K(65856K)->65428K(65856K) Class: 9279K(9728K)->9279K(9728K)
[2026-10-07T23:32:52.193+0000][1452.676s][info][gc             ] GC(761) Pause Young (Allocation Failure) 59M->37M(81M) 8.042ms
[2026-10-07T23:32:52.193+0000][1452.676s][info][gc,cpu         ] GC(761) User=0.00s Sys=0.00s Real=0.00s
[2026-10-07T23:32:55.075+0000][1455.557s][info][gc,start       ] GC(762) Pause Young (Allocation Failure)
[2026-10-07T23:32:55.084+0000][1455.567s][info][gc,heap        ] GC(762) DefNew: 24430K(26048K)->1347K(26048K) Eden: 23168K(23168K)->0K(23168K) From: 1262K(2880K)->1347K(2880K)
[2026-10-07T23:32:55.084+0000][1455.567s][info][gc,heap        ] GC(762) Tenured: 36844K(57520K)->36911K(57520K)
[2026-10-07T23:32:55.084+0000][1455.567s][info][gc,metaspace   ] GC(762) Metaspace: 74708K(75584K)->74708K(75584K) NonClass: 65428K(65856K)->65428K(65856K) Class: 9279K(9728K)->9279K(9728K)
[2026-10-07T23:32:55.084+0000][1455.567s][info][gc             ] GC(762) Pause Young (Allocation Failure) 59M->37M(81M) 9.415ms
[2026-10-07T23:32:55.084+0000][1455.567s][info][gc,cpu         ] GC(762) User=0.00s Sys=0.00s Real=0.01s
[2026-10-07T23:32:57.948+0000][1458.430s][info][gc,start       ] GC(763) Pause Young (Allocation Failure)
[2026-10-07T23:32:57.959+0000][1458.442s][info][gc,heap        ] GC(763) DefNew: 24515K(26048K)->1307K(26048K) Eden: 23168K(23168K)->0K(23168K) From: 1347K(2880K)->1307K(2880K)
[2026-10-07T23:32:57.959+0000][1458.442s][info][gc,heap        ] GC(763) Tenured: 36911K(57520K)->36968K(57520K)
[2026-10-07T23:32:57.959+0000][1458.442s][info][gc,metaspace   ] GC(763) Metaspace: 74708K(75584K)->74708K(75584K) NonClass: 65428K(65856K)->65428K(65856K) Class: 9279K(9728K)->9279K(9728K)
[2026-10-07T23:32:57.959+0000][1458.442s][info][gc             ] GC(763) Pause Young (Allocation Failure) 59M->37M(81M) 11.365ms
[2026-10-07T23:32:57.959+0000][1458.442s][info][gc,cpu         ] GC(763) User=0.01s Sys=0.00s Real=0.01s
[2026-10-07T23:33:00.752+0000][1461.235s][info][gc,start       ] GC(764) Pause Young (Allocation Failure)
[2026-10-07T23:33:00.760+0000][1461.243s][info][gc,heap        ] GC(764) DefNew: 24475K(26048K)->1332K(26048K) Eden: 23168K(23168K)->0K(23168K) From: 1307K(2880K)->1332K(2880K)
[2026-10-07T23:33:00.760+0000][1461.243s][info][gc,heap        ] GC(764) Tenured: 36968K(57520K)->37033K(57520K)
[2026-10-07T23:33:00.760+0000][1461.243s][info][gc,metaspace   ] GC(764) Metaspace: 74708K(75584K)->74708K(75584K) NonClass: 65428K(65856K)->65428K(65856K) Class: 9279K(9728K)->9279K(9728K)
[2026-10-07T23:33:00.760+0000][1461.243s][info][gc             ] GC(764) Pause Young (Allocation Failure) 60M->37M(81M) 8.010ms
[2026-10-07T23:33:00.760+0000][1461.243s][info][gc,cpu         ] GC(764) User=0.01s Sys=0.00s Real=0.01s
[2026-10-07T23:33:03.548+0000][1464.031s][info][gc,start       ] GC(765) Pause Young (Allocation Failure)
[2026-10-07T23:33:03.557+0000][1464.040s][info][gc,heap        ] GC(765) DefNew: 24500K(26048K)->1289K(26048K) Eden: 23168K(23168K)->0K(23168K) From: 1332K(2880K)->1289K(2880K)
[2026-10-07T23:33:03.557+0000][1464.040s][info][gc,heap        ] GC(765) Tenured: 37033K(57520K)->37093K(57520K)
[2026-10-07T23:33:03.557+0000][1464.040s][info][gc,metaspace   ] GC(765) Metaspace: 74718K(75584K)->74718K(75584K) NonClass: 65439K(65856K)->65439K(65856K) Class: 9279K(9728K)->9279K(9728K)
[2026-10-07T23:33:03.557+0000][1464.040s][info][gc             ] GC(765) Pause Young (Allocation Failure) 60M->37M(81M) 8.616ms
[2026-10-07T23:33:03.557+0000][1464.040s][info][gc,cpu         ] GC(765) User=0.01s Sys=0.00s Real=0.01s
[2026-10-07T23:33:06.398+0000][1466.881s][info][gc,start       ] GC(766) Pause Young (Allocation Failure)
[2026-10-07T23:33:06.407+0000][1466.890s][info][gc,heap        ] GC(766) DefNew: 24457K(26048K)->1377K(26048K) Eden: 23168K(23168K)->0K(23168K) From: 1289K(2880K)->1377K(2880K)
[2026-10-07T23:33:06.407+0000][1466.890s][info][gc,heap        ] GC(766) Tenured: 37093K(57520K)->37160K(57520K)
[2026-10-07T23:33:06.407+0000][1466.890s][info][gc,metaspace   ] GC(766) Metaspace: 74718K(75584K)->74718K(75584K) NonClass: 65439K(65856K)->65439K(65856K) Class: 9279K(9728K)->9279K(9728K)
[2026-10-07T23:33:06.407+0000][1466.890s][info][gc             ] GC(766) Pause Young (Allocation Failure) 60M->37M(81M) 9.453ms
[2026-10-07T23:33:06.407+0000][1466.890s][info][gc,cpu         ] GC(766) User=0.01s Sys=0.00s Real=0.01s
[2026-10-07T23:33:09.251+0000][1469.734s][info][gc,start       ] GC(767) Pause Young (Allocation Failure)
[2026-10-07T23:33:09.260+0000][1469.743s][info][gc,heap        ] GC(767) DefNew: 24545K(26048K)->1359K(26048K) Eden: 23168K(23168K)->0K(23168K) From: 1377K(2880K)->1359K(2880K)
[2026-10-07T23:33:09.260+0000][1469.743s][info][gc,heap        ] GC(767) Tenured: 37160K(57520K)->37217K(57520K)
[2026-10-07T23:33:09.260+0000][1469.743s][info][gc,metaspace   ] GC(767) Metaspace: 74718K(75584K)->74718K(75584K) NonClass: 65439K(65856K)->65439K(65856K) Class: 9279K(9728K)->9279K(9728K)
[2026-10-07T23:33:09.260+0000][1469.743s][info][gc             ] GC(767) Pause Young (Allocation Failure) 60M->37M(81M) 8.350ms
[2026-10-07T23:33:09.260+0000][1469.743s][info][gc,cpu         ] GC(767) User=0.01s Sys=0.00s Real=0.01s
[2026-10-07T23:33:12.119+0000][1472.602s][info][gc,start       ] GC(768) Pause Young (Allocation Failure)
[2026-10-07T23:33:12.148+0000][1472.631s][info][gc,heap        ] GC(768) DefNew: 24527K(26048K)->1391K(26048K) Eden: 23168K(23168K)->0K(23168K) From: 1359K(2880K)->1391K(2880K)
[2026-10-07T23:33:12.148+0000][1472.631s][info][gc,heap        ] GC(768) Tenured: 37217K(57520K)->37274K(57520K)
[2026-10-07T23:33:12.148+0000][1472.631s][info][gc,metaspace   ] GC(768) Metaspace: 74718K(75584K)->74718K(75584K) NonClass: 65439K(65856K)->65439K(65856K) Class: 9279K(9728K)->9279K(9728K)
[2026-10-07T23:33:12.148+0000][1472.631s][info][gc             ] GC(768) Pause Young (Allocation Failure) 60M->37M(81M) 29.465ms
[2026-10-07T23:33:12.148+0000][1472.631s][info][gc,cpu         ] GC(768) User=0.01s Sys=0.00s Real=0.03s
[2026-10-07T23:33:14.909+0000][1475.391s][info][gc,start       ] GC(769) Pause Young (Allocation Failure)
[2026-10-07T23:33:14.920+0000][1475.403s][info][gc,heap        ] GC(769) DefNew: 24559K(26048K)->1424K(26048K) Eden: 23168K(23168K)->0K(23168K) From: 1391K(2880K)->1424K(2880K)
[2026-10-07T23:33:14.920+0000][1475.403s][info][gc,heap        ] GC(769) Tenured: 37274K(57520K)->37332K(57520K)
[2026-10-07T23:33:14.920+0000][1475.403s][info][gc,metaspace   ] GC(769) Metaspace: 74722K(75584K)->74722K(75584K) NonClass: 65442K(65856K)->65442K(65856K) Class: 9279K(9728K)->9279K(9728K)
[2026-10-07T23:33:14.920+0000][1475.403s][info][gc             ] GC(769) Pause Young (Allocation Failure) 60M->37M(81M) 11.652ms
[2026-10-07T23:33:14.920+0000][1475.403s][info][gc,cpu         ] GC(769) User=0.01s Sys=0.00s Real=0.01s
[2026-10-07T23:33:17.761+0000][1478.244s][info][gc,start       ] GC(770) Pause Young (Allocation Failure)
[2026-10-07T23:33:17.770+0000][1478.253s][info][gc,heap        ] GC(770) DefNew: 24592K(26048K)->1441K(26048K) Eden: 23168K(23168K)->0K(23168K) From: 1424K(2880K)->1441K(2880K)
[2026-10-07T23:33:17.770+0000][1478.253s][info][gc,heap        ] GC(770) Tenured: 37332K(57520K)->37390K(57520K)
[2026-10-07T23:33:17.770+0000][1478.253s][info][gc,metaspace   ] GC(770) Metaspace: 74722K(75584K)->74722K(75584K) NonClass: 65442K(65856K)->65442K(65856K) Class: 9279K(9728K)->9279K(9728K)
[2026-10-07T23:33:17.770+0000][1478.253s][info][gc             ] GC(770) Pause Young (Allocation Failure) 60M->37M(81M) 9.016ms
[2026-10-07T23:33:17.771+0000][1478.254s][info][gc,cpu         ] GC(770) User=0.01s Sys=0.00s Real=0.01s
[2026-10-07T23:33:20.333+0000][1480.816s][info][gc,start       ] GC(771) Pause Young (Allocation Failure)
[2026-10-07T23:33:20.350+0000][1480.833s][info][gc,heap        ] GC(771) DefNew: 24609K(26048K)->2510K(26048K) Eden: 23168K(23168K)->0K(23168K) From: 1441K(2880K)->2510K(2880K)
[2026-10-07T23:33:20.351+0000][1480.834s][info][gc,heap        ] GC(771) Tenured: 37390K(57520K)->37450K(57520K)
[2026-10-07T23:33:20.351+0000][1480.834s][info][gc,metaspace   ] GC(771) Metaspace: 74722K(75584K)->74722K(75584K) NonClass: 65442K(65856K)->65442K(65856K) Class: 9279K(9728K)->9279K(9728K)
[2026-10-07T23:33:20.351+0000][1480.834s][info][gc             ] GC(771) Pause Young (Allocation Failure) 60M->39M(81M) 17.760ms
[2026-10-07T23:33:20.351+0000][1480.834s][info][gc,cpu         ] GC(771) User=0.01s Sys=0.00s Real=0.02s
[2026-10-07T23:33:22.643+0000][1483.126s][info][gc,start       ] GC(772) Pause Young (Allocation Failure)
[2026-10-07T23:33:22.657+0000][1483.140s][info][gc,heap        ] GC(772) DefNew: 25678K(26048K)->2728K(26048K) Eden: 23168K(23168K)->0K(23168K) From: 2510K(2880K)->2728K(2880K)
[2026-10-07T23:33:22.657+0000][1483.140s][info][gc,heap        ] GC(772) Tenured: 37450K(57520K)->38527K(57520K)
[2026-10-07T23:33:22.657+0000][1483.140s][info][gc,metaspace   ] GC(772) Metaspace: 74732K(75584K)->74732K(75584K) NonClass: 65453K(65856K)->65453K(65856K) Class: 9279K(9728K)->9279K(9728K)
[2026-10-07T23:33:22.657+0000][1483.140s][info][gc             ] GC(772) Pause Young (Allocation Failure) 61M->40M(81M) 13.950ms
[2026-10-07T23:33:22.657+0000][1483.140s][info][gc,cpu         ] GC(772) User=0.01s Sys=0.00s Real=0.02s
[2026-10-07T23:33:25.369+0000][1485.852s][info][gc,start       ] GC(773) Pause Young (Allocation Failure)
[2026-10-07T23:33:25.381+0000][1485.864s][info][gc,heap        ] GC(773) DefNew: 25896K(26048K)->914K(26048K) Eden: 23168K(23168K)->0K(23168K) From: 2728K(2880K)->914K(2880K)
[2026-10-07T23:33:25.381+0000][1485.864s][info][gc,heap        ] GC(773) Tenured: 38527K(57520K)->41072K(57520K)
[2026-10-07T23:33:25.381+0000][1485.864s][info][gc,metaspace   ] GC(773) Metaspace: 74732K(75584K)->74732K(75584K) NonClass: 65453K(65856K)->65453K(65856K) Class: 9279K(9728K)->9279K(9728K)
[2026-10-07T23:33:25.381+0000][1485.864s][info][gc             ] GC(773) Pause Young (Allocation Failure) 62M->41M(81M) 11.937ms
[2026-10-07T23:33:25.381+0000][1485.864s][info][gc,cpu         ] GC(773) User=0.01s Sys=0.01s Real=0.01s
[2026-10-07T23:33:28.129+0000][1488.612s][info][gc,start       ] GC(774) Pause Young (Allocation Failure)
[2026-10-07T23:33:28.138+0000][1488.621s][info][gc,heap        ] GC(774) DefNew: 24082K(26048K)->1392K(26048K) Eden: 23168K(23168K)->0K(23168K) From: 914K(2880K)->1392K(2880K)
[2026-10-07T23:33:28.138+0000][1488.621s][info][gc,heap        ] GC(774) Tenured: 41072K(57520K)->41072K(57520K)
[2026-10-07T23:33:28.138+0000][1488.621s][info][gc,metaspace   ] GC(774) Metaspace: 74732K(75584K)->74732K(75584K) NonClass: 65453K(65856K)->65453K(65856K) Class: 9279K(9728K)->9279K(9728K)
[2026-10-07T23:33:28.138+0000][1488.621s][info][gc             ] GC(774) Pause Young (Allocation Failure) 63M->41M(81M) 9.003ms
[2026-10-07T23:33:28.138+0000][1488.621s][info][gc,cpu         ] GC(774) User=0.01s Sys=0.00s Real=0.01s
[2026-10-07T23:33:30.870+0000][1491.353s][info][gc,start       ] GC(775) Pause Young (Allocation Failure)
[2026-10-07T23:33:30.878+0000][1491.361s][info][gc,heap        ] GC(775) DefNew: 24560K(26048K)->1687K(26048K) Eden: 23168K(23168K)->0K(23168K) From: 1392K(2880K)->1687K(2880K)
[2026-10-07T23:33:30.878+0000][1491.361s][info][gc,heap        ] GC(775) Tenured: 41072K(57520K)->41072K(57520K)
[2026-10-07T23:33:30.878+0000][1491.361s][info][gc,metaspace   ] GC(775) Metaspace: 74732K(75584K)->74732K(75584K) NonClass: 65453K(65856K)->65453K(65856K) Class: 9279K(9728K)->9279K(9728K)
[2026-10-07T23:33:30.878+0000][1491.361s][info][gc             ] GC(775) Pause Young (Allocation Failure) 64M->41M(81M) 8.011ms
[2026-10-07T23:33:30.878+0000][1491.361s][info][gc,cpu         ] GC(775) User=0.01s Sys=0.00s Real=0.01s
[2026-10-07T23:33:33.689+0000][1494.172s][info][gc,start       ] GC(776) Pause Young (Allocation Failure)
[2026-10-07T23:33:33.697+0000][1494.180s][info][gc,heap        ] GC(776) DefNew: 24855K(26048K)->1200K(26048K) Eden: 23168K(23168K)->0K(23168K) From: 1687K(2880K)->1200K(2880K)
[2026-10-07T23:33:33.697+0000][1494.180s][info][gc,heap        ] GC(776) Tenured: 41072K(57520K)->41743K(57520K)
[2026-10-07T23:33:33.697+0000][1494.180s][info][gc,metaspace   ] GC(776) Metaspace: 74732K(75584K)->74732K(75584K) NonClass: 65453K(65856K)->65453K(65856K) Class: 9279K(9728K)->9279K(9728K)
[2026-10-07T23:33:33.697+0000][1494.180s][info][gc             ] GC(776) Pause Young (Allocation Failure) 64M->41M(81M) 8.297ms
[2026-10-07T23:33:33.697+0000][1494.180s][info][gc,cpu         ] GC(776) User=0.01s Sys=0.00s Real=0.01s
[2026-10-07T23:33:36.581+0000][1497.064s][info][gc,start       ] GC(777) Pause Young (Allocation Failure)
[2026-10-07T23:33:36.591+0000][1497.073s][info][gc,heap        ] GC(777) DefNew: 24368K(26048K)->1366K(26048K) Eden: 23168K(23168K)->0K(23168K) From: 1200K(2880K)->1366K(2880K)
[2026-10-07T23:33:36.591+0000][1497.074s][info][gc,heap        ] GC(777) Tenured: 41743K(57520K)->41743K(57520K)
[2026-10-07T23:33:36.591+0000][1497.074s][info][gc,metaspace   ] GC(777) Metaspace: 74733K(75584K)->74733K(75584K) NonClass: 65454K(65856K)->65454K(65856K) Class: 9279K(9728K)->9279K(9728K)
[2026-10-07T23:33:36.591+0000][1497.074s][info][gc             ] GC(777) Pause Young (Allocation Failure) 64M->42M(81M) 9.396ms
[2026-10-07T23:33:36.591+0000][1497.074s][info][gc,cpu         ] GC(777) User=0.00s Sys=0.01s Real=0.01s
[2026-10-07T23:33:39.396+0000][1499.879s][info][gc,start       ] GC(778) Pause Young (Allocation Failure)
[2026-10-07T23:33:39.404+0000][1499.886s][info][gc,heap        ] GC(778) DefNew: 24534K(26048K)->1450K(26048K) Eden: 23168K(23168K)->0K(23168K) From: 1366K(2880K)->1450K(2880K)
[2026-10-07T23:33:39.404+0000][1499.887s][info][gc,heap        ] GC(778) Tenured: 41743K(57520K)->41743K(57520K)
[2026-10-07T23:33:39.404+0000][1499.887s][info][gc,metaspace   ] GC(778) Metaspace: 74733K(75584K)->74733K(75584K) NonClass: 65454K(65856K)->65454K(65856K) Class: 9279K(9728K)->9279K(9728K)
[2026-10-07T23:33:39.404+0000][1499.887s][info][gc             ] GC(778) Pause Young (Allocation Failure) 64M->42M(81M) 7.334ms
[2026-10-07T23:33:39.404+0000][1499.887s][info][gc,cpu         ] GC(778) User=0.00s Sys=0.00s Real=0.01s
[2026-10-07T23:33:42.259+0000][1502.742s][info][gc,start       ] GC(779) Pause Young (Allocation Failure)
[2026-10-07T23:33:42.269+0000][1502.752s][info][gc,heap        ] GC(779) DefNew: 24618K(26048K)->1072K(26048K) Eden: 23168K(23168K)->0K(23168K) From: 1450K(2880K)->1072K(2880K)
[2026-10-07T23:33:42.269+0000][1502.752s][info][gc,heap        ] GC(779) Tenured: 41743K(57520K)->42149K(57520K)
[2026-10-07T23:33:42.269+0000][1502.752s][info][gc,metaspace   ] GC(779) Metaspace: 74735K(75584K)->74735K(75584K) NonClass: 65456K(65856K)->65456K(65856K) Class: 9279K(9728K)->9279K(9728K)
[2026-10-07T23:33:42.269+0000][1502.752s][info][gc             ] GC(779) Pause Young (Allocation Failure) 64M->42M(81M) 10.152ms
[2026-10-07T23:33:42.270+0000][1502.752s][info][gc,cpu         ] GC(779) User=0.01s Sys=0.00s Real=0.01s
[2026-10-07T23:33:45.062+0000][1505.545s][info][gc,start       ] GC(780) Pause Young (Allocation Failure)
[2026-10-07T23:33:45.074+0000][1505.557s][info][gc,heap        ] GC(780) DefNew: 24240K(26048K)->1141K(26048K) Eden: 23168K(23168K)->0K(23168K) From: 1072K(2880K)->1141K(2880K)
[2026-10-07T23:33:45.074+0000][1505.557s][info][gc,heap        ] GC(780) Tenured: 42149K(57520K)->42149K(57520K)
[2026-10-07T23:33:45.074+0000][1505.557s][info][gc,metaspace   ] GC(780) Metaspace: 74735K(75584K)->74735K(75584K) NonClass: 65456K(65856K)->65456K(65856K) Class: 9279K(9728K)->9279K(9728K)
[2026-10-07T23:33:45.074+0000][1505.557s][info][gc             ] GC(780) Pause Young (Allocation Failure) 64M->42M(81M) 11.941ms
[2026-10-07T23:33:45.074+0000][1505.557s][info][gc,cpu         ] GC(780) User=0.01s Sys=0.00s Real=0.02s
[2026-10-07T23:33:47.937+0000][1508.420s][info][gc,start       ] GC(781) Pause Young (Allocation Failure)
[2026-10-07T23:33:47.945+0000][1508.428s][info][gc,heap        ] GC(781) DefNew: 24309K(26048K)->1178K(26048K) Eden: 23168K(23168K)->0K(23168K) From: 1141K(2880K)->1178K(2880K)
[2026-10-07T23:33:47.945+0000][1508.428s][info][gc,heap        ] GC(781) Tenured: 42149K(57520K)->42149K(57520K)
[2026-10-07T23:33:47.945+0000][1508.428s][info][gc,metaspace   ] GC(781) Metaspace: 74735K(75584K)->74735K(75584K) NonClass: 65456K(65856K)->65456K(65856K) Class: 9279K(9728K)->9279K(9728K)
[2026-10-07T23:33:47.945+0000][1508.428s][info][gc             ] GC(781) Pause Young (Allocation Failure) 64M->42M(81M) 8.426ms
[2026-10-07T23:33:47.946+0000][1508.428s][info][gc,cpu         ] GC(781) User=0.00s Sys=0.00s Real=0.01s
[2026-10-07T23:33:50.771+0000][1511.254s][info][gc,start       ] GC(782) Pause Young (Allocation Failure)
[2026-10-07T23:33:50.780+0000][1511.262s][info][gc,heap        ] GC(782) DefNew: 24346K(26048K)->1311K(26048K) Eden: 23168K(23168K)->0K(23168K) From: 1178K(2880K)->1311K(2880K)
[2026-10-07T23:33:50.780+0000][1511.263s][info][gc,heap        ] GC(782) Tenured: 42149K(57520K)->42149K(57520K)
[2026-10-07T23:33:50.780+0000][1511.263s][info][gc,metaspace   ] GC(782) Metaspace: 74735K(75584K)->74735K(75584K) NonClass: 65456K(65856K)->65456K(65856K) Class: 9279K(9728K)->9279K(9728K)
[2026-10-07T23:33:50.780+0000][1511.263s][info][gc             ] GC(782) Pause Young (Allocation Failure) 64M->42M(81M) 9.041ms
[2026-10-07T23:33:50.780+0000][1511.263s][info][gc,cpu         ] GC(782) User=0.01s Sys=0.00s Real=0.01s
[2026-10-07T23:33:53.614+0000][1514.097s][info][gc,start       ] GC(783) Pause Young (Allocation Failure)
[2026-10-07T23:33:53.621+0000][1514.104s][info][gc,heap        ] GC(783) DefNew: 24479K(26048K)->1276K(26048K) Eden: 23168K(23168K)->0K(23168K) From: 1311K(2880K)->1276K(2880K)
[2026-10-07T23:33:53.621+0000][1514.104s][info][gc,heap        ] GC(783) Tenured: 42149K(57520K)->42149K(57520K)
[2026-10-07T23:33:53.621+0000][1514.104s][info][gc,metaspace   ] GC(783) Metaspace: 74737K(75584K)->74737K(75584K) NonClass: 65458K(65856K)->65458K(65856K) Class: 9279K(9728K)->9279K(9728K)
[2026-10-07T23:33:53.621+0000][1514.104s][info][gc             ] GC(783) Pause Young (Allocation Failure) 65M->42M(81M) 7.740ms
[2026-10-07T23:33:53.621+0000][1514.104s][info][gc,cpu         ] GC(783) User=0.00s Sys=0.00s Real=0.00s
[2026-10-07T23:33:56.505+0000][1516.988s][info][gc,start       ] GC(784) Pause Young (Allocation Failure)
[2026-10-07T23:33:56.513+0000][1516.996s][info][gc,heap        ] GC(784) DefNew: 24444K(26048K)->1400K(26048K) Eden: 23168K(23168K)->0K(23168K) From: 1276K(2880K)->1400K(2880K)
[2026-10-07T23:33:56.513+0000][1516.996s][info][gc,heap        ] GC(784) Tenured: 42149K(57520K)->42149K(57520K)
[2026-10-07T23:33:56.513+0000][1516.996s][info][gc,metaspace   ] GC(784) Metaspace: 74737K(75584K)->74737K(75584K) NonClass: 65458K(65856K)->65458K(65856K) Class: 9279K(9728K)->9279K(9728K)
[2026-10-07T23:33:56.513+0000][1516.996s][info][gc             ] GC(784) Pause Young (Allocation Failure) 65M->42M(81M) 8.076ms
[2026-10-07T23:33:56.513+0000][1516.996s][info][gc,cpu         ] GC(784) User=0.01s Sys=0.01s Real=0.00s
[2026-10-07T23:33:59.298+0000][1519.781s][info][gc,start       ] GC(785) Pause Young (Allocation Failure)
[2026-10-07T23:33:59.306+0000][1519.789s][info][gc,heap        ] GC(785) DefNew: 24568K(26048K)->1400K(26048K) Eden: 23168K(23168K)->0K(23168K) From: 1400K(2880K)->1400K(2880K)
[2026-10-07T23:33:59.306+0000][1519.789s][info][gc,heap        ] GC(785) Tenured: 42149K(57520K)->42149K(57520K)
[2026-10-07T23:33:59.306+0000][1519.789s][info][gc,metaspace   ] GC(785) Metaspace: 74737K(75584K)->74737K(75584K) NonClass: 65458K(65856K)->65458K(65856K) Class: 9279K(9728K)->9279K(9728K)
[2026-10-07T23:33:59.306+0000][1519.789s][info][gc             ] GC(785) Pause Young (Allocation Failure) 65M->42M(81M) 7.791ms
[2026-10-07T23:33:59.306+0000][1519.789s][info][gc,cpu         ] GC(785) User=0.01s Sys=0.00s Real=0.01s
[2026-10-07T23:34:02.117+0000][1522.600s][info][gc,start       ] GC(786) Pause Young (Allocation Failure)
[2026-10-07T23:34:02.128+0000][1522.611s][info][gc,heap        ] GC(786) DefNew: 24568K(26048K)->1426K(26048K) Eden: 23168K(23168K)->0K(23168K) From: 1400K(2880K)->1426K(2880K)
[2026-10-07T23:34:02.128+0000][1522.611s][info][gc,heap        ] GC(786) Tenured: 42149K(57520K)->42149K(57520K)
[2026-10-07T23:34:02.128+0000][1522.611s][info][gc,metaspace   ] GC(786) Metaspace: 74737K(75584K)->74737K(75584K) NonClass: 65458K(65856K)->65458K(65856K) Class: 9279K(9728K)->9279K(9728K)
[2026-10-07T23:34:02.128+0000][1522.611s][info][gc             ] GC(786) Pause Young (Allocation Failure) 65M->42M(81M) 11.667ms
[2026-10-07T23:34:02.129+0000][1522.611s][info][gc,cpu         ] GC(786) User=0.01s Sys=0.00s Real=0.01s
[2026-10-07T23:34:04.969+0000][1525.452s][info][gc,start       ] GC(787) Pause Young (Allocation Failure)
[2026-10-07T23:34:04.979+0000][1525.461s][info][gc,heap        ] GC(787) DefNew: 24594K(26048K)->1579K(26048K) Eden: 23168K(23168K)->0K(23168K) From: 1426K(2880K)->1579K(2880K)
[2026-10-07T23:34:04.979+0000][1525.462s][info][gc,heap        ] GC(787) Tenured: 42149K(57520K)->42149K(57520K)
[2026-10-07T23:34:04.979+0000][1525.462s][info][gc,metaspace   ] GC(787) Metaspace: 74737K(75584K)->74737K(75584K) NonClass: 65458K(65856K)->65458K(65856K) Class: 9279K(9728K)->9279K(9728K)
[2026-10-07T23:34:04.979+0000][1525.462s][info][gc             ] GC(787) Pause Young (Allocation Failure) 65M->42M(81M) 10.114ms
[2026-10-07T23:34:04.979+0000][1525.462s][info][gc,cpu         ] GC(787) User=0.01s Sys=0.00s Real=0.01s
[2026-10-07T23:34:07.835+0000][1528.318s][info][gc,start       ] GC(788) Pause Young (Allocation Failure)
[2026-10-07T23:34:07.848+0000][1528.331s][info][gc,heap        ] GC(788) DefNew: 24747K(26048K)->1273K(26048K) Eden: 23168K(23168K)->0K(23168K) From: 1579K(2880K)->1273K(2880K)
[2026-10-07T23:34:07.848+0000][1528.331s][info][gc,heap        ] GC(788) Tenured: 42149K(57520K)->42450K(57520K)
[2026-10-07T23:34:07.848+0000][1528.331s][info][gc,metaspace   ] GC(788) Metaspace: 74737K(75584K)->74737K(75584K) NonClass: 65458K(65856K)->65458K(65856K) Class: 9279K(9728K)->9279K(9728K)
[2026-10-07T23:34:07.848+0000][1528.331s][info][gc             ] GC(788) Pause Young (Allocation Failure) 65M->42M(81M) 13.083ms
[2026-10-07T23:34:07.848+0000][1528.331s][info][gc,cpu         ] GC(788) User=0.01s Sys=0.00s Real=0.01s
[2026-10-07T23:34:10.726+0000][1531.209s][info][gc,start       ] GC(789) Pause Young (Allocation Failure)
[2026-10-07T23:34:10.736+0000][1531.219s][info][gc,heap        ] GC(789) DefNew: 24441K(26048K)->1341K(26048K) Eden: 23168K(23168K)->0K(23168K) From: 1273K(2880K)->1341K(2880K)
[2026-10-07T23:34:10.736+0000][1531.219s][info][gc,heap        ] GC(789) Tenured: 42450K(57520K)->42450K(57520K)
[2026-10-07T23:34:10.736+0000][1531.219s][info][gc,metaspace   ] GC(789) Metaspace: 74737K(75584K)->74737K(75584K) NonClass: 65458K(65856K)->65458K(65856K) Class: 9279K(9728K)->9279K(9728K)
[2026-10-07T23:34:10.736+0000][1531.219s][info][gc             ] GC(789) Pause Young (Allocation Failure) 65M->42M(81M) 10.179ms
[2026-10-07T23:34:10.736+0000][1531.219s][info][gc,cpu         ] GC(789) User=0.01s Sys=0.00s Real=0.01s
[2026-10-07T23:34:13.479+0000][1533.961s][info][gc,start       ] GC(790) Pause Young (Allocation Failure)
[2026-10-07T23:34:13.487+0000][1533.969s][info][gc,heap        ] GC(790) DefNew: 24509K(26048K)->1351K(26048K) Eden: 23168K(23168K)->0K(23168K) From: 1341K(2880K)->1351K(2880K)
[2026-10-07T23:34:13.487+0000][1533.970s][info][gc,heap        ] GC(790) Tenured: 42450K(57520K)->42450K(57520K)
[2026-10-07T23:34:13.487+0000][1533.970s][info][gc,metaspace   ] GC(790) Metaspace: 74737K(75584K)->74737K(75584K) NonClass: 65458K(65856K)->65458K(65856K) Class: 9279K(9728K)->9279K(9728K)
[2026-10-07T23:34:13.487+0000][1533.970s][info][gc             ] GC(790) Pause Young (Allocation Failure) 65M->42M(81M) 8.221ms
[2026-10-07T23:34:13.487+0000][1533.970s][info][gc,cpu         ] GC(790) User=0.01s Sys=0.00s Real=0.01s
[2026-10-07T23:34:16.379+0000][1536.862s][info][gc,start       ] GC(791) Pause Young (Allocation Failure)
[2026-10-07T23:34:16.387+0000][1536.870s][info][gc,heap        ] GC(791) DefNew: 24519K(26048K)->1234K(26048K) Eden: 23168K(23168K)->0K(23168K) From: 1351K(2880K)->1234K(2880K)
[2026-10-07T23:34:16.387+0000][1536.870s][info][gc,heap        ] GC(791) Tenured: 42450K(57520K)->42625K(57520K)
[2026-10-07T23:34:16.387+0000][1536.870s][info][gc,metaspace   ] GC(791) Metaspace: 74737K(75584K)->74737K(75584K) NonClass: 65458K(65856K)->65458K(65856K) Class: 9279K(9728K)->9279K(9728K)
[2026-10-07T23:34:16.387+0000][1536.870s][info][gc             ] GC(791) Pause Young (Allocation Failure) 65M->42M(81M) 8.069ms
[2026-10-07T23:34:16.387+0000][1536.870s][info][gc,cpu         ] GC(791) User=0.01s Sys=0.00s Real=0.01s
[2026-10-07T23:34:19.229+0000][1539.712s][info][gc,start       ] GC(792) Pause Young (Allocation Failure)
[2026-10-07T23:34:19.239+0000][1539.721s][info][gc,heap        ] GC(792) DefNew: 24402K(26048K)->1157K(26048K) Eden: 23168K(23168K)->0K(23168K) From: 1234K(2880K)->1157K(2880K)
[2026-10-07T23:34:19.239+0000][1539.722s][info][gc,heap        ] GC(792) Tenured: 42625K(57520K)->42749K(57520K)
[2026-10-07T23:34:19.239+0000][1539.722s][info][gc,metaspace   ] GC(792) Metaspace: 74738K(75584K)->74738K(75584K) NonClass: 65459K(65856K)->65459K(65856K) Class: 9279K(9728K)->9279K(9728K)
[2026-10-07T23:34:19.239+0000][1539.722s][info][gc             ] GC(792) Pause Young (Allocation Failure) 65M->42M(81M) 10.079ms
[2026-10-07T23:34:19.239+0000][1539.722s][info][gc,cpu         ] GC(792) User=0.01s Sys=0.00s Real=0.01s
[2026-10-07T23:34:22.076+0000][1542.559s][info][gc,start       ] GC(793) Pause Young (Allocation Failure)
[2026-10-07T23:34:22.089+0000][1542.572s][info][gc,heap        ] GC(793) DefNew: 24325K(26048K)->1028K(26048K) Eden: 23168K(23168K)->0K(23168K) From: 1157K(2880K)->1028K(2880K)
[2026-10-07T23:34:22.089+0000][1542.572s][info][gc,heap        ] GC(793) Tenured: 42749K(57520K)->42872K(57520K)
[2026-10-07T23:34:22.089+0000][1542.572s][info][gc,metaspace   ] GC(793) Metaspace: 74740K(75584K)->74740K(75584K) NonClass: 65461K(65856K)->65461K(65856K) Class: 9279K(9728K)->9279K(9728K)
[2026-10-07T23:34:22.089+0000][1542.572s][info][gc             ] GC(793) Pause Young (Allocation Failure) 65M->42M(81M) 12.689ms
[2026-10-07T23:34:22.089+0000][1542.572s][info][gc,cpu         ] GC(793) User=0.01s Sys=0.00s Real=0.01s
[2026-10-07T23:34:24.971+0000][1545.454s][info][gc,start       ] GC(794) Pause Young (Allocation Failure)
[2026-10-07T23:34:24.978+0000][1545.461s][info][gc,heap        ] GC(794) DefNew: 24196K(26048K)->1076K(26048K) Eden: 23168K(23168K)->0K(23168K) From: 1028K(2880K)->1076K(2880K)
[2026-10-07T23:34:24.978+0000][1545.461s][info][gc,heap        ] GC(794) Tenured: 42872K(57520K)->42928K(57520K)
[2026-10-07T23:34:24.978+0000][1545.461s][info][gc,metaspace   ] GC(794) Metaspace: 74740K(75584K)->74740K(75584K) NonClass: 65461K(65856K)->65461K(65856K) Class: 9279K(9728K)->9279K(9728K)
[2026-10-07T23:34:24.978+0000][1545.461s][info][gc             ] GC(794) Pause Young (Allocation Failure) 65M->42M(81M) 7.271ms
[2026-10-07T23:34:24.978+0000][1545.461s][info][gc,cpu         ] GC(794) User=0.01s Sys=0.00s Real=0.01s
[2026-10-07T23:34:27.825+0000][1548.308s][info][gc,start       ] GC(795) Pause Young (Allocation Failure)
[2026-10-07T23:34:27.832+0000][1548.315s][info][gc,heap        ] GC(795) DefNew: 24244K(26048K)->1060K(26048K) Eden: 23168K(23168K)->0K(23168K) From: 1076K(2880K)->1060K(2880K)
[2026-10-07T23:34:27.832+0000][1548.315s][info][gc,heap        ] GC(795) Tenured: 42928K(57520K)->42973K(57520K)
[2026-10-07T23:34:27.832+0000][1548.315s][info][gc,metaspace   ] GC(795) Metaspace: 74740K(75584K)->74740K(75584K) NonClass: 65461K(65856K)->65461K(65856K) Class: 9279K(9728K)->9279K(9728K)
[2026-10-07T23:34:27.833+0000][1548.316s][info][gc             ] GC(795) Pause Young (Allocation Failure) 65M->43M(81M) 7.532ms
[2026-10-07T23:34:27.833+0000][1548.316s][info][gc,cpu         ] GC(795) User=0.01s Sys=0.00s Real=0.00s
[2026-10-07T23:34:30.629+0000][1551.112s][info][gc,start       ] GC(796) Pause Young (Allocation Failure)
[2026-10-07T23:34:30.637+0000][1551.120s][info][gc,heap        ] GC(796) DefNew: 24228K(26048K)->1133K(26048K) Eden: 23168K(23168K)->0K(23168K) From: 1060K(2880K)->1133K(2880K)
[2026-10-07T23:34:30.637+0000][1551.120s][info][gc,heap        ] GC(796) Tenured: 42973K(57520K)->43020K(57520K)
[2026-10-07T23:34:30.637+0000][1551.120s][info][gc,metaspace   ] GC(796) Metaspace: 74741K(75584K)->74741K(75584K) NonClass: 65462K(65856K)->65462K(65856K) Class: 9279K(9728K)->9279K(9728K)
[2026-10-07T23:34:30.637+0000][1551.120s][info][gc             ] GC(796) Pause Young (Allocation Failure) 65M->43M(81M) 8.623ms
[2026-10-07T23:34:30.638+0000][1551.120s][info][gc,cpu         ] GC(796) User=0.01s Sys=0.00s Real=0.01s
[2026-10-07T23:34:33.469+0000][1553.951s][info][gc,start       ] GC(797) Pause Young (Allocation Failure)
[2026-10-07T23:34:33.477+0000][1553.960s][info][gc,heap        ] GC(797) DefNew: 24301K(26048K)->1067K(26048K) Eden: 23168K(23168K)->0K(23168K) From: 1133K(2880K)->1067K(2880K)
[2026-10-07T23:34:33.477+0000][1553.960s][info][gc,heap        ] GC(797) Tenured: 43020K(57520K)->43075K(57520K)
[2026-10-07T23:34:33.477+0000][1553.960s][info][gc,metaspace   ] GC(797) Metaspace: 74741K(75584K)->74741K(75584K) NonClass: 65462K(65856K)->65462K(65856K) Class: 9279K(9728K)->9279K(9728K)
[2026-10-07T23:34:33.477+0000][1553.960s][info][gc             ] GC(797) Pause Young (Allocation Failure) 65M->43M(81M) 8.573ms
[2026-10-07T23:34:33.477+0000][1553.960s][info][gc,cpu         ] GC(797) User=0.01s Sys=0.00s Real=0.01s
[2026-10-07T23:34:36.361+0000][1556.844s][info][gc,start       ] GC(798) Pause Young (Allocation Failure)
[2026-10-07T23:34:36.371+0000][1556.854s][info][gc,heap        ] GC(798) DefNew: 24235K(26048K)->1107K(26048K) Eden: 23168K(23168K)->0K(23168K) From: 1067K(2880K)->1107K(2880K)
[2026-10-07T23:34:36.371+0000][1556.854s][info][gc,heap        ] GC(798) Tenured: 43075K(57520K)->43114K(57520K)
[2026-10-07T23:34:36.371+0000][1556.854s][info][gc,metaspace   ] GC(798) Metaspace: 74741K(75584K)->74741K(75584K) NonClass: 65462K(65856K)->65462K(65856K) Class: 9279K(9728K)->9279K(9728K)
[2026-10-07T23:34:36.371+0000][1556.854s][info][gc             ] GC(798) Pause Young (Allocation Failure) 65M->43M(81M) 9.498ms
[2026-10-07T23:34:36.371+0000][1556.854s][info][gc,cpu         ] GC(798) User=0.01s Sys=0.00s Real=0.01s
[2026-10-07T23:34:39.220+0000][1559.702s][info][gc,start       ] GC(799) Pause Young (Allocation Failure)
[2026-10-07T23:34:39.227+0000][1559.710s][info][gc,heap        ] GC(799) DefNew: 24275K(26048K)->1048K(26048K) Eden: 23168K(23168K)->0K(23168K) From: 1107K(2880K)->1048K(2880K)
[2026-10-07T23:34:39.227+0000][1559.710s][info][gc,heap        ] GC(799) Tenured: 43114K(57520K)->43171K(57520K)
[2026-10-07T23:34:39.227+0000][1559.710s][info][gc,metaspace   ] GC(799) Metaspace: 74741K(75584K)->74741K(75584K) NonClass: 65462K(65856K)->65462K(65856K) Class: 9279K(9728K)->9279K(9728K)
[2026-10-07T23:34:39.228+0000][1559.710s][info][gc             ] GC(799) Pause Young (Allocation Failure) 65M->43M(81M) 8.024ms
[2026-10-07T23:34:39.228+0000][1559.710s][info][gc,cpu         ] GC(799) User=0.00s Sys=0.00s Real=0.01s
[2026-10-07T23:34:42.104+0000][1562.587s][info][gc,start       ] GC(800) Pause Young (Allocation Failure)
[2026-10-07T23:34:42.126+0000][1562.609s][info][gc,heap        ] GC(800) DefNew: 24216K(26048K)->996K(26048K) Eden: 23168K(23168K)->0K(23168K) From: 1048K(2880K)->996K(2880K)
[2026-10-07T23:34:42.126+0000][1562.609s][info][gc,heap        ] GC(800) Tenured: 43171K(57520K)->43228K(57520K)
[2026-10-07T23:34:42.126+0000][1562.609s][info][gc,metaspace   ] GC(800) Metaspace: 74741K(75584K)->74741K(75584K) NonClass: 65462K(65856K)->65462K(65856K) Class: 9279K(9728K)->9279K(9728K)
[2026-10-07T23:34:42.127+0000][1562.610s][info][gc             ] GC(800) Pause Young (Allocation Failure) 65M->43M(81M) 23.404ms
[2026-10-07T23:34:42.127+0000][1562.610s][info][gc,cpu         ] GC(800) User=0.01s Sys=0.00s Real=0.02s
[2026-10-07T23:34:44.898+0000][1565.381s][info][gc,start       ] GC(801) Pause Young (Allocation Failure)
[2026-10-07T23:34:44.906+0000][1565.389s][info][gc,heap        ] GC(801) DefNew: 24164K(26048K)->1005K(26048K) Eden: 23168K(23168K)->0K(23168K) From: 996K(2880K)->1005K(2880K)
[2026-10-07T23:34:44.906+0000][1565.389s][info][gc,heap        ] GC(801) Tenured: 43228K(57520K)->43291K(57520K)
[2026-10-07T23:34:44.906+0000][1565.389s][info][gc,metaspace   ] GC(801) Metaspace: 74741K(75584K)->74741K(75584K) NonClass: 65462K(65856K)->65462K(65856K) Class: 9279K(9728K)->9279K(9728K)
[2026-10-07T23:34:44.907+0000][1565.389s][info][gc             ] GC(801) Pause Young (Allocation Failure) 65M->43M(81M) 8.077ms
[2026-10-07T23:34:44.907+0000][1565.390s][info][gc,cpu         ] GC(801) User=0.00s Sys=0.00s Real=0.01s
[2026-10-07T23:34:47.753+0000][1568.236s][info][gc,start       ] GC(802) Pause Young (Allocation Failure)
[2026-10-07T23:34:47.761+0000][1568.244s][info][gc,heap        ] GC(802) DefNew: 24173K(26048K)->991K(26048K) Eden: 23168K(23168K)->0K(23168K) From: 1005K(2880K)->991K(2880K)
[2026-10-07T23:34:47.761+0000][1568.244s][info][gc,heap        ] GC(802) Tenured: 43291K(57520K)->43336K(57520K)
[2026-10-07T23:34:47.761+0000][1568.244s][info][gc,metaspace   ] GC(802) Metaspace: 74741K(75584K)->74741K(75584K) NonClass: 65462K(65856K)->65462K(65856K) Class: 9279K(9728K)->9279K(9728K)
[2026-10-07T23:34:47.761+0000][1568.244s][info][gc             ] GC(802) Pause Young (Allocation Failure) 65M->43M(81M) 7.908ms
[2026-10-07T23:34:47.761+0000][1568.244s][info][gc,cpu         ] GC(802) User=0.00s Sys=0.00s Real=0.01s
[2026-10-07T23:34:50.622+0000][1571.105s][info][gc,start       ] GC(803) Pause Young (Allocation Failure)
[2026-10-07T23:34:50.630+0000][1571.113s][info][gc,heap        ] GC(803) DefNew: 24159K(26048K)->1038K(26048K) Eden: 23168K(23168K)->0K(23168K) From: 991K(2880K)->1038K(2880K)
[2026-10-07T23:34:50.630+0000][1571.113s][info][gc,heap        ] GC(803) Tenured: 43336K(57520K)->43383K(57520K)
[2026-10-07T23:34:50.630+0000][1571.113s][info][gc,metaspace   ] GC(803) Metaspace: 74741K(75584K)->74741K(75584K) NonClass: 65462K(65856K)->65462K(65856K) Class: 9279K(9728K)->9279K(9728K)
[2026-10-07T23:34:50.630+0000][1571.113s][info][gc             ] GC(803) Pause Young (Allocation Failure) 65M->43M(81M) 8.177ms
[2026-10-07T23:34:50.630+0000][1571.113s][info][gc,cpu         ] GC(803) User=0.01s Sys=0.00s Real=0.01s
[2026-10-07T23:34:53.469+0000][1573.952s][info][gc,start       ] GC(804) Pause Young (Allocation Failure)
[2026-10-07T23:34:53.477+0000][1573.960s][info][gc,heap        ] GC(804) DefNew: 24206K(26048K)->1014K(26048K) Eden: 23168K(23168K)->0K(23168K) From: 1038K(2880K)->1014K(2880K)
[2026-10-07T23:34:53.477+0000][1573.960s][info][gc,heap        ] GC(804) Tenured: 43383K(57520K)->43420K(57520K)
[2026-10-07T23:34:53.477+0000][1573.960s][info][gc,metaspace   ] GC(804) Metaspace: 74746K(75584K)->74746K(75584K) NonClass: 65466K(65856K)->65466K(65856K) Class: 9279K(9728K)->9279K(9728K)
[2026-10-07T23:34:53.477+0000][1573.960s][info][gc             ] GC(804) Pause Young (Allocation Failure) 66M->43M(81M) 8.279ms
[2026-10-07T23:34:53.477+0000][1573.960s][info][gc,cpu         ] GC(804) User=0.01s Sys=0.00s Real=0.01s
[2026-10-07T23:34:56.361+0000][1576.844s][info][gc,start       ] GC(805) Pause Young (Allocation Failure)
[2026-10-07T23:34:56.370+0000][1576.853s][info][gc,heap        ] GC(805) DefNew: 24182K(26048K)->1028K(26048K) Eden: 23168K(23168K)->0K(23168K) From: 1014K(2880K)->1028K(2880K)
[2026-10-07T23:34:56.371+0000][1576.854s][info][gc,heap        ] GC(805) Tenured: 43420K(57520K)->43457K(57520K)
[2026-10-07T23:34:56.371+0000][1576.854s][info][gc,metaspace   ] GC(805) Metaspace: 74746K(75584K)->74746K(75584K) NonClass: 65466K(65856K)->65466K(65856K) Class: 9279K(9728K)->9279K(9728K)
[2026-10-07T23:34:56.371+0000][1576.854s][info][gc             ] GC(805) Pause Young (Allocation Failure) 66M->43M(81M) 9.278ms
[2026-10-07T23:34:56.371+0000][1576.854s][info][gc,cpu         ] GC(805) User=0.00s Sys=0.00s Real=0.01s
[2026-10-07T23:34:59.158+0000][1579.641s][info][gc,start       ] GC(806) Pause Young (Allocation Failure)
[2026-10-07T23:34:59.166+0000][1579.649s][info][gc,heap        ] GC(806) DefNew: 24196K(26048K)->1026K(26048K) Eden: 23168K(23168K)->0K(23168K) From: 1028K(2880K)->1026K(2880K)
[2026-10-07T23:34:59.166+0000][1579.649s][info][gc,heap        ] GC(806) Tenured: 43457K(57520K)->43504K(57520K)
[2026-10-07T23:34:59.166+0000][1579.649s][info][gc,metaspace   ] GC(806) Metaspace: 74746K(75584K)->74746K(75584K) NonClass: 65466K(65856K)->65466K(65856K) Class: 9279K(9728K)->9279K(9728K)
[2026-10-07T23:34:59.166+0000][1579.649s][info][gc             ] GC(806) Pause Young (Allocation Failure) 66M->43M(81M) 8.016ms
[2026-10-07T23:34:59.166+0000][1579.649s][info][gc,cpu         ] GC(806) User=0.01s Sys=0.00s Real=0.01s
[2026-10-07T23:35:02.013+0000][1582.496s][info][gc,start       ] GC(807) Pause Young (Allocation Failure)
[2026-10-07T23:35:02.022+0000][1582.505s][info][gc,heap        ] GC(807) DefNew: 24194K(26048K)->960K(26048K) Eden: 23168K(23168K)->0K(23168K) From: 1026K(2880K)->960K(2880K)
[2026-10-07T23:35:02.022+0000][1582.505s][info][gc,heap        ] GC(807) Tenured: 43504K(57520K)->43591K(57520K)
[2026-10-07T23:35:02.022+0000][1582.505s][info][gc,metaspace   ] GC(807) Metaspace: 74746K(75584K)->74746K(75584K) NonClass: 65466K(65856K)->65466K(65856K) Class: 9279K(9728K)->9279K(9728K)
[2026-10-07T23:35:02.022+0000][1582.505s][info][gc             ] GC(807) Pause Young (Allocation Failure) 66M->43M(81M) 8.308ms
[2026-10-07T23:35:02.022+0000][1582.505s][info][gc,cpu         ] GC(807) User=0.00s Sys=0.00s Real=0.01s
[2026-10-07T23:35:04.897+0000][1585.380s][info][gc,start       ] GC(808) Pause Young (Allocation Failure)
[2026-10-07T23:35:04.906+0000][1585.389s][info][gc,heap        ] GC(808) DefNew: 24128K(26048K)->1006K(26048K) Eden: 23168K(23168K)->0K(23168K) From: 960K(2880K)->1006K(2880K)
[2026-10-07T23:35:04.906+0000][1585.389s][info][gc,heap        ] GC(808) Tenured: 43591K(57520K)->43629K(57520K)
[2026-10-07T23:35:04.906+0000][1585.389s][info][gc,metaspace   ] GC(808) Metaspace: 74746K(75584K)->74746K(75584K) NonClass: 65466K(65856K)->65466K(65856K) Class: 9279K(9728K)->9279K(9728K)
[2026-10-07T23:35:04.906+0000][1585.389s][info][gc             ] GC(808) Pause Young (Allocation Failure) 66M->43M(81M) 8.996ms
[2026-10-07T23:35:04.906+0000][1585.389s][info][gc,cpu         ] GC(808) User=0.01s Sys=0.00s Real=0.01s
[2026-10-07T23:35:07.755+0000][1588.238s][info][gc,start       ] GC(809) Pause Young (Allocation Failure)
[2026-10-07T23:35:07.763+0000][1588.246s][info][gc,heap        ] GC(809) DefNew: 24174K(26048K)->971K(26048K) Eden: 23168K(23168K)->0K(23168K) From: 1006K(2880K)->971K(2880K)
[2026-10-07T23:35:07.763+0000][1588.246s][info][gc,heap        ] GC(809) Tenured: 43629K(57520K)->43667K(57520K)
[2026-10-07T23:35:07.763+0000][1588.246s][info][gc,metaspace   ] GC(809) Metaspace: 74746K(75584K)->74746K(75584K) NonClass: 65466K(65856K)->65466K(65856K) Class: 9279K(9728K)->9279K(9728K)
[2026-10-07T23:35:07.763+0000][1588.246s][info][gc             ] GC(809) Pause Young (Allocation Failure) 66M->43M(81M) 8.231ms
[2026-10-07T23:35:07.763+0000][1588.246s][info][gc,cpu         ] GC(809) User=0.01s Sys=0.00s Real=0.00s
[2026-10-07T23:35:10.625+0000][1591.108s][info][gc,start       ] GC(810) Pause Young (Allocation Failure)
[2026-10-07T23:35:10.634+0000][1591.117s][info][gc,heap        ] GC(810) DefNew: 24139K(26048K)->968K(26048K) Eden: 23168K(23168K)->0K(23168K) From: 971K(2880K)->968K(2880K)
[2026-10-07T23:35:10.634+0000][1591.117s][info][gc,heap        ] GC(810) Tenured: 43667K(57520K)->43714K(57520K)
[2026-10-07T23:35:10.634+0000][1591.117s][info][gc,metaspace   ] GC(810) Metaspace: 74746K(75584K)->74746K(75584K) NonClass: 65466K(65856K)->65466K(65856K) Class: 9279K(9728K)->9279K(9728K)
[2026-10-07T23:35:10.634+0000][1591.117s][info][gc             ] GC(810) Pause Young (Allocation Failure) 66M->43M(81M) 9.180ms
[2026-10-07T23:35:10.634+0000][1591.117s][info][gc,cpu         ] GC(810) User=0.01s Sys=0.00s Real=0.01s
[2026-10-07T23:35:13.436+0000][1593.918s][info][gc,start       ] GC(811) Pause Young (Allocation Failure)
[2026-10-07T23:35:13.444+0000][1593.927s][info][gc,heap        ] GC(811) DefNew: 24135K(26048K)->922K(26048K) Eden: 23166K(23168K)->0K(23168K) From: 968K(2880K)->922K(2880K)
[2026-10-07T23:35:13.444+0000][1593.927s][info][gc,heap        ] GC(811) Tenured: 43714K(57520K)->43784K(57520K)
[2026-10-07T23:35:13.444+0000][1593.927s][info][gc,metaspace   ] GC(811) Metaspace: 74746K(75584K)->74746K(75584K) NonClass: 65466K(65856K)->65466K(65856K) Class: 9279K(9728K)->9279K(9728K)
[2026-10-07T23:35:13.444+0000][1593.927s][info][gc             ] GC(811) Pause Young (Allocation Failure) 66M->43M(81M) 8.253ms
[2026-10-07T23:35:13.444+0000][1593.927s][info][gc,cpu         ] GC(811) User=0.00s Sys=0.00s Real=0.01s
[2026-10-07T23:35:16.264+0000][1596.747s][info][gc,start       ] GC(812) Pause Young (Allocation Failure)
[2026-10-07T23:35:16.274+0000][1596.757s][info][gc,heap        ] GC(812) DefNew: 24090K(26048K)->991K(26048K) Eden: 23168K(23168K)->0K(23168K) From: 922K(2880K)->991K(2880K)
[2026-10-07T23:35:16.274+0000][1596.757s][info][gc,heap        ] GC(812) Tenured: 43784K(57520K)->43831K(57520K)
[2026-10-07T23:35:16.274+0000][1596.757s][info][gc,metaspace   ] GC(812) Metaspace: 74747K(75584K)->74747K(75584K) NonClass: 65467K(65856K)->65467K(65856K) Class: 9279K(9728K)->9279K(9728K)
[2026-10-07T23:35:16.274+0000][1596.757s][info][gc             ] GC(812) Pause Young (Allocation Failure) 66M->43M(81M) 10.490ms
[2026-10-07T23:35:16.274+0000][1596.757s][info][gc,cpu         ] GC(812) User=0.01s Sys=0.00s Real=0.01s
[2026-10-07T23:35:19.108+0000][1599.591s][info][gc,start       ] GC(813) Pause Young (Allocation Failure)
[2026-10-07T23:35:19.118+0000][1599.601s][info][gc,heap        ] GC(813) DefNew: 24159K(26048K)->955K(26048K) Eden: 23168K(23168K)->0K(23168K) From: 991K(2880K)->955K(2880K)
[2026-10-07T23:35:19.118+0000][1599.601s][info][gc,heap        ] GC(813) Tenured: 43831K(57520K)->43869K(57520K)
[2026-10-07T23:35:19.118+0000][1599.601s][info][gc,metaspace   ] GC(813) Metaspace: 74747K(75584K)->74747K(75584K) NonClass: 65467K(65856K)->65467K(65856K) Class: 9279K(9728K)->9279K(9728K)
[2026-10-07T23:35:19.118+0000][1599.601s][info][gc             ] GC(813) Pause Young (Allocation Failure) 66M->43M(81M) 9.784ms
[2026-10-07T23:35:19.118+0000][1599.601s][info][gc,cpu         ] GC(813) User=0.01s Sys=0.00s Real=0.01s
[2026-10-07T23:35:21.971+0000][1602.454s][info][gc,start       ] GC(814) Pause Young (Allocation Failure)
[2026-10-07T23:35:21.979+0000][1602.462s][info][gc,heap        ] GC(814) DefNew: 24123K(26048K)->937K(26048K) Eden: 23168K(23168K)->0K(23168K) From: 955K(2880K)->937K(2880K)
[2026-10-07T23:35:21.979+0000][1602.462s][info][gc,heap        ] GC(814) Tenured: 43869K(57520K)->43907K(57520K)
[2026-10-07T23:35:21.980+0000][1602.462s][info][gc,metaspace   ] GC(814) Metaspace: 74747K(75584K)->74747K(75584K) NonClass: 65467K(65856K)->65467K(65856K) Class: 9279K(9728K)->9279K(9728K)
[2026-10-07T23:35:21.980+0000][1602.463s][info][gc             ] GC(814) Pause Young (Allocation Failure) 66M->43M(81M) 8.723ms
[2026-10-07T23:35:21.980+0000][1602.463s][info][gc,cpu         ] GC(814) User=0.01s Sys=0.00s Real=0.01s
[2026-10-07T23:35:24.829+0000][1605.312s][info][gc,start       ] GC(815) Pause Young (Allocation Failure)
[2026-10-07T23:35:24.839+0000][1605.322s][info][gc,heap        ] GC(815) DefNew: 24105K(26048K)->972K(26048K) Eden: 23168K(23168K)->0K(23168K) From: 937K(2880K)->972K(2880K)
[2026-10-07T23:35:24.839+0000][1605.322s][info][gc,heap        ] GC(815) Tenured: 43907K(57520K)->43946K(57520K)
[2026-10-07T23:35:24.839+0000][1605.322s][info][gc,metaspace   ] GC(815) Metaspace: 74759K(75584K)->74759K(75584K) NonClass: 65479K(65856K)->65479K(65856K) Class: 9279K(9728K)->9279K(9728K)
[2026-10-07T23:35:24.839+0000][1605.322s][info][gc             ] GC(815) Pause Young (Allocation Failure) 66M->43M(81M) 9.678ms
[2026-10-07T23:35:24.839+0000][1605.322s][info][gc,cpu         ] GC(815) User=0.00s Sys=0.00s Real=0.01s
[2026-10-07T23:35:27.690+0000][1608.173s][info][gc,start       ] GC(816) Pause Young (Allocation Failure)
[2026-10-07T23:35:27.698+0000][1608.181s][info][gc,heap        ] GC(816) DefNew: 24140K(26048K)->955K(26048K) Eden: 23168K(23168K)->0K(23168K) From: 972K(2880K)->955K(2880K)
[2026-10-07T23:35:27.698+0000][1608.181s][info][gc,heap        ] GC(816) Tenured: 43946K(57520K)->43995K(57520K)
[2026-10-07T23:35:27.698+0000][1608.181s][info][gc,metaspace   ] GC(816) Metaspace: 74759K(75584K)->74759K(75584K) NonClass: 65479K(65856K)->65479K(65856K) Class: 9279K(9728K)->9279K(9728K)
[2026-10-07T23:35:27.698+0000][1608.181s][info][gc             ] GC(816) Pause Young (Allocation Failure) 66M->43M(81M) 7.948ms
[2026-10-07T23:35:27.698+0000][1608.181s][info][gc,cpu         ] GC(816) User=0.00s Sys=0.00s Real=0.01s
[2026-10-07T23:35:30.509+0000][1610.992s][info][gc,start       ] GC(817) Pause Young (Allocation Failure)
[2026-10-07T23:35:30.519+0000][1611.002s][info][gc,heap        ] GC(817) DefNew: 24123K(26048K)->960K(26048K) Eden: 23168K(23168K)->0K(23168K) From: 955K(2880K)->960K(2880K)
[2026-10-07T23:35:30.519+0000][1611.002s][info][gc,heap        ] GC(817) Tenured: 43995K(57520K)->44035K(57520K)
[2026-10-07T23:35:30.519+0000][1611.002s][info][gc,metaspace   ] GC(817) Metaspace: 74759K(75584K)->74759K(75584K) NonClass: 65479K(65856K)->65479K(65856K) Class: 9279K(9728K)->9279K(9728K)
[2026-10-07T23:35:30.519+0000][1611.002s][info][gc             ] GC(817) Pause Young (Allocation Failure) 66M->43M(81M) 10.469ms
[2026-10-07T23:35:30.520+0000][1611.002s][info][gc,cpu         ] GC(817) User=0.01s Sys=0.01s Real=0.01s
[2026-10-07T23:35:33.329+0000][1613.812s][info][gc,start       ] GC(818) Pause Young (Allocation Failure)
[2026-10-07T23:35:33.337+0000][1613.820s][info][gc,heap        ] GC(818) DefNew: 24128K(26048K)->959K(26048K) Eden: 23168K(23168K)->0K(23168K) From: 960K(2880K)->959K(2880K)
[2026-10-07T23:35:33.337+0000][1613.820s][info][gc,heap        ] GC(818) Tenured: 44035K(57520K)->44081K(57520K)
[2026-10-07T23:35:33.337+0000][1613.820s][info][gc,metaspace   ] GC(818) Metaspace: 74759K(75584K)->74759K(75584K) NonClass: 65479K(65856K)->65479K(65856K) Class: 9279K(9728K)->9279K(9728K)
[2026-10-07T23:35:33.337+0000][1613.820s][info][gc             ] GC(818) Pause Young (Allocation Failure) 66M->43M(81M) 8.216ms
[2026-10-07T23:35:33.337+0000][1613.820s][info][gc,cpu         ] GC(818) User=0.01s Sys=0.00s Real=0.01s
[2026-10-07T23:35:36.195+0000][1616.678s][info][gc,start       ] GC(819) Pause Young (Allocation Failure)
[2026-10-07T23:35:36.203+0000][1616.686s][info][gc,heap        ] GC(819) DefNew: 24127K(26048K)->1005K(26048K) Eden: 23168K(23168K)->0K(23168K) From: 959K(2880K)->1005K(2880K)
[2026-10-07T23:35:36.203+0000][1616.686s][info][gc,heap        ] GC(819) Tenured: 44081K(57520K)->44120K(57520K)
[2026-10-07T23:35:36.203+0000][1616.686s][info][gc,metaspace   ] GC(819) Metaspace: 74759K(75584K)->74759K(75584K) NonClass: 65479K(65856K)->65479K(65856K) Class: 9279K(9728K)->9279K(9728K)
[2026-10-07T23:35:36.203+0000][1616.686s][info][gc             ] GC(819) Pause Young (Allocation Failure) 66M->44M(81M) 7.884ms
[2026-10-07T23:35:36.203+0000][1616.686s][info][gc,cpu         ] GC(819) User=0.01s Sys=0.00s Real=0.00s
[2026-10-07T23:35:39.055+0000][1619.538s][info][gc,start       ] GC(820) Pause Young (Allocation Failure)
[2026-10-07T23:35:39.073+0000][1619.556s][info][gc,heap        ] GC(820) DefNew: 24173K(26048K)->978K(26048K) Eden: 23168K(23168K)->0K(23168K) From: 1005K(2880K)->978K(2880K)
[2026-10-07T23:35:39.073+0000][1619.556s][info][gc,heap        ] GC(820) Tenured: 44120K(57520K)->44158K(57520K)
[2026-10-07T23:35:39.073+0000][1619.556s][info][gc,metaspace   ] GC(820) Metaspace: 74759K(75584K)->74759K(75584K) NonClass: 65479K(65856K)->65479K(65856K) Class: 9279K(9728K)->9279K(9728K)
[2026-10-07T23:35:39.073+0000][1619.556s][info][gc             ] GC(820) Pause Young (Allocation Failure) 66M->44M(81M) 18.266ms
[2026-10-07T23:35:39.073+0000][1619.556s][info][gc,cpu         ] GC(820) User=0.01s Sys=0.00s Real=0.01s
[2026-10-07T23:35:41.973+0000][1622.456s][info][gc,start       ] GC(821) Pause Young (Allocation Failure)
[2026-10-07T23:35:41.989+0000][1622.472s][info][gc,heap        ] GC(821) DefNew: 24146K(26048K)->924K(26048K) Eden: 23168K(23168K)->0K(23168K) From: 978K(2880K)->924K(2880K)
[2026-10-07T23:35:41.989+0000][1622.472s][info][gc,heap        ] GC(821) Tenured: 44158K(57520K)->44206K(57520K)
[2026-10-07T23:35:41.989+0000][1622.472s][info][gc,metaspace   ] GC(821) Metaspace: 74759K(75584K)->74759K(75584K) NonClass: 65479K(65856K)->65479K(65856K) Class: 9279K(9728K)->9279K(9728K)
[2026-10-07T23:35:41.989+0000][1622.472s][info][gc             ] GC(821) Pause Young (Allocation Failure) 66M->44M(81M) 16.622ms
[2026-10-07T23:35:41.990+0000][1622.472s][info][gc,cpu         ] GC(821) User=0.01s Sys=0.00s Real=0.02s
[2026-10-07T23:35:44.793+0000][1625.276s][info][gc,start       ] GC(822) Pause Young (Allocation Failure)
[2026-10-07T23:35:44.807+0000][1625.290s][info][gc,heap        ] GC(822) DefNew: 24092K(26048K)->953K(26048K) Eden: 23168K(23168K)->0K(23168K) From: 924K(2880K)->953K(2880K)
[2026-10-07T23:35:44.807+0000][1625.290s][info][gc,heap        ] GC(822) Tenured: 44206K(57520K)->44247K(57520K)
[2026-10-07T23:35:44.807+0000][1625.290s][info][gc,metaspace   ] GC(822) Metaspace: 74759K(75584K)->74759K(75584K) NonClass: 65479K(65856K)->65479K(65856K) Class: 9279K(9728K)->9279K(9728K)
[2026-10-07T23:35:44.807+0000][1625.290s][info][gc             ] GC(822) Pause Young (Allocation Failure) 66M->44M(81M) 14.211ms
[2026-10-07T23:35:44.807+0000][1625.290s][info][gc,cpu         ] GC(822) User=0.00s Sys=0.00s Real=0.02s
[2026-10-07T23:35:47.646+0000][1628.128s][info][gc,start       ] GC(823) Pause Young (Allocation Failure)
[2026-10-07T23:35:47.653+0000][1628.136s][info][gc,heap        ] GC(823) DefNew: 24121K(26048K)->964K(26048K) Eden: 23168K(23168K)->0K(23168K) From: 953K(2880K)->964K(2880K)
[2026-10-07T23:35:47.653+0000][1628.136s][info][gc,heap        ] GC(823) Tenured: 44247K(57520K)->44286K(57520K)
[2026-10-07T23:35:47.653+0000][1628.136s][info][gc,metaspace   ] GC(823) Metaspace: 74759K(75648K)->74759K(75648K) NonClass: 65480K(65920K)->65480K(65920K) Class: 9279K(9728K)->9279K(9728K)
[2026-10-07T23:35:47.653+0000][1628.136s][info][gc             ] GC(823) Pause Young (Allocation Failure) 66M->44M(81M) 7.879ms
[2026-10-07T23:35:47.653+0000][1628.136s][info][gc,cpu         ] GC(823) User=0.00s Sys=0.00s Real=0.00s
[2026-10-07T23:35:50.512+0000][1630.995s][info][gc,start       ] GC(824) Pause Young (Allocation Failure)
[2026-10-07T23:35:50.522+0000][1631.005s][info][gc,heap        ] GC(824) DefNew: 24132K(26048K)->1031K(26048K) Eden: 23168K(23168K)->0K(23168K) From: 964K(2880K)->1031K(2880K)
[2026-10-07T23:35:50.522+0000][1631.005s][info][gc,heap        ] GC(824) Tenured: 44286K(57520K)->44327K(57520K)
[2026-10-07T23:35:50.522+0000][1631.005s][info][gc,metaspace   ] GC(824) Metaspace: 74759K(75648K)->74759K(75648K) NonClass: 65480K(65920K)->65480K(65920K) Class: 9279K(9728K)->9279K(9728K)
[2026-10-07T23:35:50.522+0000][1631.005s][info][gc             ] GC(824) Pause Young (Allocation Failure) 66M->44M(81M) 9.814ms
[2026-10-07T23:35:50.522+0000][1631.005s][info][gc,cpu         ] GC(824) User=0.01s Sys=0.00s Real=0.01s
[2026-10-07T23:35:53.337+0000][1633.820s][info][gc,start       ] GC(825) Pause Young (Allocation Failure)
[2026-10-07T23:35:53.344+0000][1633.827s][info][gc,heap        ] GC(825) DefNew: 24199K(26048K)->1037K(26048K) Eden: 23168K(23168K)->0K(23168K) From: 1031K(2880K)->1037K(2880K)
[2026-10-07T23:35:53.344+0000][1633.827s][info][gc,heap        ] GC(825) Tenured: 44327K(57520K)->44368K(57520K)
[2026-10-07T23:35:53.344+0000][1633.827s][info][gc,metaspace   ] GC(825) Metaspace: 74759K(75648K)->74759K(75648K) NonClass: 65480K(65920K)->65480K(65920K) Class: 9279K(9728K)->9279K(9728K)
[2026-10-07T23:35:53.344+0000][1633.827s][info][gc             ] GC(825) Pause Young (Allocation Failure) 66M->44M(81M) 7.439ms
[2026-10-07T23:35:53.344+0000][1633.827s][info][gc,cpu         ] GC(825) User=0.01s Sys=0.00s Real=0.01s
[2026-10-07T23:35:56.223+0000][1636.706s][info][gc,start       ] GC(826) Pause Young (Allocation Failure)
[2026-10-07T23:35:56.233+0000][1636.716s][info][gc,heap        ] GC(826) DefNew: 24205K(26048K)->1136K(26048K) Eden: 23167K(23168K)->0K(23168K) From: 1037K(2880K)->1136K(2880K)
[2026-10-07T23:35:56.233+0000][1636.716s][info][gc,heap        ] GC(826) Tenured: 44368K(57520K)->44407K(57520K)
[2026-10-07T23:35:56.233+0000][1636.716s][info][gc,metaspace   ] GC(826) Metaspace: 74759K(75648K)->74759K(75648K) NonClass: 65480K(65920K)->65480K(65920K) Class: 9279K(9728K)->9279K(9728K)
[2026-10-07T23:35:56.233+0000][1636.716s][info][gc             ] GC(826) Pause Young (Allocation Failure) 66M->44M(81M) 9.850ms
[2026-10-07T23:35:56.233+0000][1636.716s][info][gc,cpu         ] GC(826) User=0.01s Sys=0.00s Real=0.01s
[2026-10-07T23:35:59.001+0000][1639.483s][info][gc,start       ] GC(827) Pause Young (Allocation Failure)
[2026-10-07T23:35:59.013+0000][1639.496s][info][gc,heap        ] GC(827) DefNew: 24304K(26048K)->984K(26048K) Eden: 23168K(23168K)->0K(23168K) From: 1136K(2880K)->984K(2880K)
[2026-10-07T23:35:59.013+0000][1639.496s][info][gc,heap        ] GC(827) Tenured: 44407K(57520K)->44450K(57520K)
[2026-10-07T23:35:59.013+0000][1639.496s][info][gc,metaspace   ] GC(827) Metaspace: 74759K(75648K)->74759K(75648K) NonClass: 65480K(65920K)->65480K(65920K) Class: 9279K(9728K)->9279K(9728K)
[2026-10-07T23:35:59.013+0000][1639.496s][info][gc             ] GC(827) Pause Young (Allocation Failure) 67M->44M(81M) 12.916ms
[2026-10-07T23:35:59.014+0000][1639.497s][info][gc,cpu         ] GC(827) User=0.00s Sys=0.00s Real=0.02s
[2026-10-07T23:36:01.901+0000][1642.384s][info][gc,start       ] GC(828) Pause Young (Allocation Failure)
[2026-10-07T23:36:01.910+0000][1642.393s][info][gc,heap        ] GC(828) DefNew: 24152K(26048K)->1066K(26048K) Eden: 23168K(23168K)->0K(23168K) From: 984K(2880K)->1066K(2880K)
[2026-10-07T23:36:01.910+0000][1642.393s][info][gc,heap        ] GC(828) Tenured: 44450K(57520K)->44495K(57520K)
[2026-10-07T23:36:01.910+0000][1642.393s][info][gc,metaspace   ] GC(828) Metaspace: 74759K(75648K)->74759K(75648K) NonClass: 65480K(65920K)->65480K(65920K) Class: 9279K(9728K)->9279K(9728K)
[2026-10-07T23:36:01.911+0000][1642.393s][info][gc             ] GC(828) Pause Young (Allocation Failure) 66M->44M(81M) 9.384ms
[2026-10-07T23:36:01.911+0000][1642.394s][info][gc,cpu         ] GC(828) User=0.01s Sys=0.01s Real=0.01s
[2026-10-07T23:36:04.741+0000][1645.224s][info][gc,start       ] GC(829) Pause Young (Allocation Failure)
[2026-10-07T23:36:04.749+0000][1645.232s][info][gc,heap        ] GC(829) DefNew: 24234K(26048K)->1033K(26048K) Eden: 23168K(23168K)->0K(23168K) From: 1066K(2880K)->1033K(2880K)
[2026-10-07T23:36:04.749+0000][1645.232s][info][gc,heap        ] GC(829) Tenured: 44495K(57520K)->44540K(57520K)
[2026-10-07T23:36:04.749+0000][1645.232s][info][gc,metaspace   ] GC(829) Metaspace: 74759K(75648K)->74759K(75648K) NonClass: 65480K(65920K)->65480K(65920K) Class: 9279K(9728K)->9279K(9728K)
[2026-10-07T23:36:04.749+0000][1645.232s][info][gc             ] GC(829) Pause Young (Allocation Failure) 67M->44M(81M) 7.891ms
[2026-10-07T23:36:04.749+0000][1645.232s][info][gc,cpu         ] GC(829) User=0.01s Sys=0.00s Real=0.01s
[2026-10-07T23:36:07.613+0000][1648.096s][info][gc,start       ] GC(830) Pause Young (Allocation Failure)
[2026-10-07T23:36:07.621+0000][1648.104s][info][gc,heap        ] GC(830) DefNew: 24201K(26048K)->1032K(26048K) Eden: 23168K(23168K)->0K(23168K) From: 1033K(2880K)->1032K(2880K)
[2026-10-07T23:36:07.622+0000][1648.104s][info][gc,heap        ] GC(830) Tenured: 44540K(57520K)->44584K(57520K)
[2026-10-07T23:36:07.622+0000][1648.104s][info][gc,metaspace   ] GC(830) Metaspace: 74759K(75648K)->74759K(75648K) NonClass: 65480K(65920K)->65480K(65920K) Class: 9279K(9728K)->9279K(9728K)
[2026-10-07T23:36:07.622+0000][1648.104s][info][gc             ] GC(830) Pause Young (Allocation Failure) 67M->44M(81M) 8.602ms
[2026-10-07T23:36:07.622+0000][1648.105s][info][gc,cpu         ] GC(830) User=0.01s Sys=0.00s Real=0.01s
[2026-10-07T23:36:10.474+0000][1650.957s][info][gc,start       ] GC(831) Pause Young (Allocation Failure)
[2026-10-07T23:36:10.482+0000][1650.965s][info][gc,heap        ] GC(831) DefNew: 24200K(26048K)->1039K(26048K) Eden: 23168K(23168K)->0K(23168K) From: 1032K(2880K)->1039K(2880K)
[2026-10-07T23:36:10.482+0000][1650.965s][info][gc,heap        ] GC(831) Tenured: 44584K(57520K)->44635K(57520K)
[2026-10-07T23:36:10.482+0000][1650.965s][info][gc,metaspace   ] GC(831) Metaspace: 74759K(75648K)->74759K(75648K) NonClass: 65480K(65920K)->65480K(65920K) Class: 9279K(9728K)->9279K(9728K)
[2026-10-07T23:36:10.483+0000][1650.966s][info][gc             ] GC(831) Pause Young (Allocation Failure) 67M->44M(81M) 8.598ms
[2026-10-07T23:36:10.483+0000][1650.966s][info][gc,cpu         ] GC(831) User=0.01s Sys=0.00s Real=0.00s
[2026-10-07T23:36:13.326+0000][1653.809s][info][gc,start       ] GC(832) Pause Young (Allocation Failure)
[2026-10-07T23:36:13.333+0000][1653.816s][info][gc,heap        ] GC(832) DefNew: 24207K(26048K)->1048K(26048K) Eden: 23168K(23168K)->0K(23168K) From: 1039K(2880K)->1048K(2880K)
[2026-10-07T23:36:13.333+0000][1653.816s][info][gc,heap        ] GC(832) Tenured: 44635K(57520K)->44678K(57520K)
[2026-10-07T23:36:13.333+0000][1653.816s][info][gc,metaspace   ] GC(832) Metaspace: 74759K(75648K)->74759K(75648K) NonClass: 65480K(65920K)->65480K(65920K) Class: 9279K(9728K)->9279K(9728K)
[2026-10-07T23:36:13.333+0000][1653.816s][info][gc             ] GC(832) Pause Young (Allocation Failure) 67M->44M(81M) 6.970ms
[2026-10-07T23:36:13.333+0000][1653.816s][info][gc,cpu         ] GC(832) User=0.01s Sys=0.00s Real=0.00s
[2026-10-07T23:36:16.127+0000][1656.610s][info][gc,start       ] GC(833) Pause Young (Allocation Failure)
[2026-10-07T23:36:16.137+0000][1656.620s][info][gc,heap        ] GC(833) DefNew: 24216K(26048K)->1106K(26048K) Eden: 23168K(23168K)->0K(23168K) From: 1048K(2880K)->1106K(2880K)
[2026-10-07T23:36:16.137+0000][1656.620s][info][gc,heap        ] GC(833) Tenured: 44678K(57520K)->44717K(57520K)
[2026-10-07T23:36:16.137+0000][1656.620s][info][gc,metaspace   ] GC(833) Metaspace: 74759K(75648K)->74759K(75648K) NonClass: 65480K(65920K)->65480K(65920K) Class: 9279K(9728K)->9279K(9728K)
[2026-10-07T23:36:16.138+0000][1656.621s][info][gc             ] GC(833) Pause Young (Allocation Failure) 67M->44M(81M) 10.330ms
[2026-10-07T23:36:16.138+0000][1656.621s][info][gc,cpu         ] GC(833) User=0.00s Sys=0.00s Real=0.01s
[2026-10-07T23:36:18.945+0000][1659.428s][info][gc,start       ] GC(834) Pause Young (Allocation Failure)
[2026-10-07T23:36:18.952+0000][1659.435s][info][gc,heap        ] GC(834) DefNew: 24274K(26048K)->1069K(26048K) Eden: 23168K(23168K)->0K(23168K) From: 1106K(2880K)->1069K(2880K)
[2026-10-07T23:36:18.953+0000][1659.435s][info][gc,heap        ] GC(834) Tenured: 44717K(57520K)->44769K(57520K)
[2026-10-07T23:36:18.953+0000][1659.435s][info][gc,metaspace   ] GC(834) Metaspace: 74759K(75648K)->74759K(75648K) NonClass: 65480K(65920K)->65480K(65920K) Class: 9279K(9728K)->9279K(9728K)
[2026-10-07T23:36:18.953+0000][1659.436s][info][gc             ] GC(834) Pause Young (Allocation Failure) 67M->44M(81M) 7.853ms
[2026-10-07T23:36:18.953+0000][1659.436s][info][gc,cpu         ] GC(834) User=0.00s Sys=0.00s Real=0.00s
[2026-10-07T23:36:21.835+0000][1662.318s][info][gc,start       ] GC(835) Pause Young (Allocation Failure)
[2026-10-07T23:36:21.849+0000][1662.332s][info][gc,heap        ] GC(835) DefNew: 24237K(26048K)->1115K(26048K) Eden: 23168K(23168K)->0K(23168K) From: 1069K(2880K)->1115K(2880K)
[2026-10-07T23:36:21.849+0000][1662.332s][info][gc,heap        ] GC(835) Tenured: 44769K(57520K)->44810K(57520K)
[2026-10-07T23:36:21.849+0000][1662.332s][info][gc,metaspace   ] GC(835) Metaspace: 74759K(75648K)->74759K(75648K) NonClass: 65480K(65920K)->65480K(65920K) Class: 9279K(9728K)->9279K(9728K)
[2026-10-07T23:36:21.851+0000][1662.333s][info][gc             ] GC(835) Pause Young (Allocation Failure) 67M->44M(81M) 15.800ms
[2026-10-07T23:36:21.851+0000][1662.333s][info][gc,cpu         ] GC(835) User=0.01s Sys=0.00s Real=0.01s
[2026-10-07T23:36:24.700+0000][1665.183s][info][gc,start       ] GC(836) Pause Young (Allocation Failure)
[2026-10-07T23:36:24.708+0000][1665.191s][info][gc,heap        ] GC(836) DefNew: 24283K(26048K)->1075K(26048K) Eden: 23168K(23168K)->0K(23168K) From: 1115K(2880K)->1075K(2880K)
[2026-10-07T23:36:24.708+0000][1665.191s][info][gc,heap        ] GC(836) Tenured: 44810K(57520K)->44852K(57520K)
[2026-10-07T23:36:24.709+0000][1665.192s][info][gc,metaspace   ] GC(836) Metaspace: 74759K(75648K)->74759K(75648K) NonClass: 65480K(65920K)->65480K(65920K) Class: 9279K(9728K)->9279K(9728K)
[2026-10-07T23:36:24.709+0000][1665.192s][info][gc             ] GC(836) Pause Young (Allocation Failure) 67M->44M(81M) 8.587ms
[2026-10-07T23:36:24.709+0000][1665.192s][info][gc,cpu         ] GC(836) User=0.00s Sys=0.00s Real=0.01s
[2026-10-07T23:36:27.559+0000][1668.042s][info][gc,start       ] GC(837) Pause Young (Allocation Failure)
[2026-10-07T23:36:27.567+0000][1668.050s][info][gc,heap        ] GC(837) DefNew: 24243K(26048K)->1091K(26048K) Eden: 23168K(23168K)->0K(23168K) From: 1075K(2880K)->1091K(2880K)
[2026-10-07T23:36:27.567+0000][1668.050s][info][gc,heap        ] GC(837) Tenured: 44852K(57520K)->44896K(57520K)
[2026-10-07T23:36:27.567+0000][1668.050s][info][gc,metaspace   ] GC(837) Metaspace: 74880K(75712K)->74880K(75712K) NonClass: 65601K(65984K)->65601K(65984K) Class: 9279K(9728K)->9279K(9728K)
[2026-10-07T23:36:27.567+0000][1668.050s][info][gc             ] GC(837) Pause Young (Allocation Failure) 67M->44M(81M) 8.732ms
[2026-10-07T23:36:27.567+0000][1668.050s][info][gc,cpu         ] GC(837) User=0.01s Sys=0.00s Real=0.01s
[2026-10-07T23:36:30.372+0000][1670.855s][info][gc,start       ] GC(838) Pause Young (Allocation Failure)
[2026-10-07T23:36:30.380+0000][1670.863s][info][gc,heap        ] GC(838) DefNew: 24259K(26048K)->1068K(26048K) Eden: 23168K(23168K)->0K(23168K) From: 1091K(2880K)->1068K(2880K)
[2026-10-07T23:36:30.380+0000][1670.863s][info][gc,heap        ] GC(838) Tenured: 44896K(57520K)->44955K(57520K)
[2026-10-07T23:36:30.380+0000][1670.863s][info][gc,metaspace   ] GC(838) Metaspace: 74881K(75712K)->74881K(75712K) NonClass: 65602K(65984K)->65602K(65984K) Class: 9279K(9728K)->9279K(9728K)
[2026-10-07T23:36:30.380+0000][1670.863s][info][gc             ] GC(838) Pause Young (Allocation Failure) 67M->44M(81M) 7.846ms
[2026-10-07T23:36:30.380+0000][1670.863s][info][gc,cpu         ] GC(838) User=0.01s Sys=0.00s Real=0.01s
[2026-10-07T23:36:33.192+0000][1673.675s][info][gc,start       ] GC(839) Pause Young (Allocation Failure)
[2026-10-07T23:36:33.199+0000][1673.682s][info][gc,heap        ] GC(839) DefNew: 24236K(26048K)->1068K(26048K) Eden: 23168K(23168K)->0K(23168K) From: 1068K(2880K)->1068K(2880K)
[2026-10-07T23:36:33.199+0000][1673.682s][info][gc,heap        ] GC(839) Tenured: 44955K(57520K)->44999K(57520K)
[2026-10-07T23:36:33.199+0000][1673.682s][info][gc,metaspace   ] GC(839) Metaspace: 74881K(75712K)->74881K(75712K) NonClass: 65602K(65984K)->65602K(65984K) Class: 9279K(9728K)->9279K(9728K)
[2026-10-07T23:36:33.199+0000][1673.682s][info][gc             ] GC(839) Pause Young (Allocation Failure) 67M->44M(81M) 7.150ms
[2026-10-07T23:36:33.199+0000][1673.682s][info][gc,cpu         ] GC(839) User=0.01s Sys=0.01s Real=0.01s
[2026-10-07T23:36:36.111+0000][1676.594s][info][gc,start       ] GC(840) Pause Young (Allocation Failure)
[2026-10-07T23:36:36.121+0000][1676.604s][info][gc,heap        ] GC(840) DefNew: 24236K(26048K)->1110K(26048K) Eden: 23168K(23168K)->0K(23168K) From: 1068K(2880K)->1110K(2880K)
[2026-10-07T23:36:36.121+0000][1676.604s][info][gc,heap        ] GC(840) Tenured: 44999K(57520K)->45051K(57520K)
[2026-10-07T23:36:36.121+0000][1676.604s][info][gc,metaspace   ] GC(840) Metaspace: 74881K(75712K)->74881K(75712K) NonClass: 65602K(65984K)->65602K(65984K) Class: 9279K(9728K)->9279K(9728K)
[2026-10-07T23:36:36.122+0000][1676.604s][info][gc             ] GC(840) Pause Young (Allocation Failure) 67M->45M(81M) 10.604ms
[2026-10-07T23:36:36.122+0000][1676.605s][info][gc,cpu         ] GC(840) User=0.01s Sys=0.00s Real=0.01s
[2026-10-07T23:36:38.935+0000][1679.417s][info][gc,start       ] GC(841) Pause Young (Allocation Failure)
[2026-10-07T23:36:38.944+0000][1679.427s][info][gc,heap        ] GC(841) DefNew: 24278K(26048K)->1046K(26048K) Eden: 23168K(23168K)->0K(23168K) From: 1110K(2880K)->1046K(2880K)
[2026-10-07T23:36:38.944+0000][1679.427s][info][gc,heap        ] GC(841) Tenured: 45051K(57520K)->45113K(57520K)
[2026-10-07T23:36:38.944+0000][1679.427s][info][gc,metaspace   ] GC(841) Metaspace: 74889K(75712K)->74889K(75712K) NonClass: 65609K(65984K)->65609K(65984K) Class: 9279K(9728K)->9279K(9728K)
[2026-10-07T23:36:38.944+0000][1679.427s][info][gc             ] GC(841) Pause Young (Allocation Failure) 67M->45M(81M) 9.161ms
[2026-10-07T23:36:38.944+0000][1679.427s][info][gc,cpu         ] GC(841) User=0.01s Sys=0.00s Real=0.01s
[2026-10-07T23:36:41.865+0000][1682.348s][info][gc,start       ] GC(842) Pause Young (Allocation Failure)
[2026-10-07T23:36:41.878+0000][1682.361s][info][gc,heap        ] GC(842) DefNew: 24214K(26048K)->1104K(26048K) Eden: 23168K(23168K)->0K(23168K) From: 1046K(2880K)->1104K(2880K)
[2026-10-07T23:36:41.878+0000][1682.361s][info][gc,heap        ] GC(842) Tenured: 45113K(57520K)->45155K(57520K)
[2026-10-07T23:36:41.878+0000][1682.361s][info][gc,metaspace   ] GC(842) Metaspace: 74889K(75712K)->74889K(75712K) NonClass: 65609K(65984K)->65609K(65984K) Class: 9279K(9728K)->9279K(9728K)
[2026-10-07T23:36:41.878+0000][1682.361s][info][gc             ] GC(842) Pause Young (Allocation Failure) 67M->45M(81M) 13.321ms
[2026-10-07T23:36:41.878+0000][1682.361s][info][gc,cpu         ] GC(842) User=0.01s Sys=0.00s Real=0.01s
[2026-10-07T23:36:44.611+0000][1685.094s][info][gc,start       ] GC(843) Pause Young (Allocation Failure)
[2026-10-07T23:36:44.619+0000][1685.102s][info][gc,heap        ] GC(843) DefNew: 24272K(26048K)->1048K(26048K) Eden: 23168K(23168K)->0K(23168K) From: 1104K(2880K)->1048K(2880K)
[2026-10-07T23:36:44.619+0000][1685.102s][info][gc,heap        ] GC(843) Tenured: 45155K(57520K)->45200K(57520K)
[2026-10-07T23:36:44.619+0000][1685.102s][info][gc,metaspace   ] GC(843) Metaspace: 74889K(75712K)->74889K(75712K) NonClass: 65609K(65984K)->65609K(65984K) Class: 9279K(9728K)->9279K(9728K)
[2026-10-07T23:36:44.619+0000][1685.102s][info][gc             ] GC(843) Pause Young (Allocation Failure) 67M->45M(81M) 8.348ms
[2026-10-07T23:36:44.619+0000][1685.102s][info][gc,cpu         ] GC(843) User=0.01s Sys=0.00s Real=0.01s
[2026-10-07T23:36:47.480+0000][1687.963s][info][gc,start       ] GC(844) Pause Young (Allocation Failure)
[2026-10-07T23:36:47.493+0000][1687.976s][info][gc,heap        ] GC(844) DefNew: 24216K(26048K)->1083K(26048K) Eden: 23168K(23168K)->0K(23168K) From: 1048K(2880K)->1083K(2880K)
[2026-10-07T23:36:47.493+0000][1687.976s][info][gc,heap        ] GC(844) Tenured: 45200K(57520K)->45246K(57520K)
[2026-10-07T23:36:47.493+0000][1687.976s][info][gc,metaspace   ] GC(844) Metaspace: 74889K(75712K)->74889K(75712K) NonClass: 65609K(65984K)->65609K(65984K) Class: 9279K(9728K)->9279K(9728K)
[2026-10-07T23:36:47.493+0000][1687.976s][info][gc             ] GC(844) Pause Young (Allocation Failure) 67M->45M(81M) 13.263ms
[2026-10-07T23:36:47.493+0000][1687.976s][info][gc,cpu         ] GC(844) User=0.01s Sys=0.00s Real=0.01s
[2026-10-07T23:36:50.340+0000][1690.823s][info][gc,start       ] GC(845) Pause Young (Allocation Failure)
[2026-10-07T23:36:50.348+0000][1690.831s][info][gc,heap        ] GC(845) DefNew: 24251K(26048K)->1114K(26048K) Eden: 23168K(23168K)->0K(23168K) From: 1083K(2880K)->1114K(2880K)
[2026-10-07T23:36:50.348+0000][1690.831s][info][gc,heap        ] GC(845) Tenured: 45246K(57520K)->45296K(57520K)
[2026-10-07T23:36:50.348+0000][1690.831s][info][gc,metaspace   ] GC(845) Metaspace: 74889K(75712K)->74889K(75712K) NonClass: 65609K(65984K)->65609K(65984K) Class: 9279K(9728K)->9279K(9728K)
[2026-10-07T23:36:50.348+0000][1690.831s][info][gc             ] GC(845) Pause Young (Allocation Failure) 67M->45M(81M) 7.515ms
[2026-10-07T23:36:50.348+0000][1690.831s][info][gc,cpu         ] GC(845) User=0.01s Sys=0.00s Real=0.01s
[2026-10-07T23:36:53.185+0000][1693.668s][info][gc,start       ] GC(846) Pause Young (Allocation Failure)
[2026-10-07T23:36:53.192+0000][1693.675s][info][gc,heap        ] GC(846) DefNew: 24282K(26048K)->1082K(26048K) Eden: 23168K(23168K)->0K(23168K) From: 1114K(2880K)->1082K(2880K)
[2026-10-07T23:36:53.192+0000][1693.675s][info][gc,heap        ] GC(846) Tenured: 45296K(57520K)->45342K(57520K)
[2026-10-07T23:36:53.192+0000][1693.675s][info][gc,metaspace   ] GC(846) Metaspace: 74889K(75712K)->74889K(75712K) NonClass: 65609K(65984K)->65609K(65984K) Class: 9279K(9728K)->9279K(9728K)
[2026-10-07T23:36:53.193+0000][1693.675s][info][gc             ] GC(846) Pause Young (Allocation Failure) 67M->45M(81M) 7.518ms
[2026-10-07T23:36:53.193+0000][1693.675s][info][gc,cpu         ] GC(846) User=0.00s Sys=0.00s Real=0.00s
[2026-10-07T23:36:56.079+0000][1696.562s][info][gc,start       ] GC(847) Pause Young (Allocation Failure)
[2026-10-07T23:36:56.087+0000][1696.570s][info][gc,heap        ] GC(847) DefNew: 24250K(26048K)->1122K(26048K) Eden: 23168K(23168K)->0K(23168K) From: 1082K(2880K)->1122K(2880K)
[2026-10-07T23:36:56.088+0000][1696.570s][info][gc,heap        ] GC(847) Tenured: 45342K(57520K)->45396K(57520K)
[2026-10-07T23:36:56.088+0000][1696.571s][info][gc,metaspace   ] GC(847) Metaspace: 74889K(75712K)->74889K(75712K) NonClass: 65609K(65984K)->65609K(65984K) Class: 9279K(9728K)->9279K(9728K)
[2026-10-07T23:36:56.088+0000][1696.571s][info][gc             ] GC(847) Pause Young (Allocation Failure) 67M->45M(81M) 8.973ms
[2026-10-07T23:36:56.088+0000][1696.571s][info][gc,cpu         ] GC(847) User=0.00s Sys=0.00s Real=0.01s
[2026-10-07T23:36:58.869+0000][1699.352s][info][gc,start       ] GC(848) Pause Young (Allocation Failure)
[2026-10-07T23:36:58.882+0000][1699.365s][info][gc,heap        ] GC(848) DefNew: 24290K(26048K)->1098K(26048K) Eden: 23168K(23168K)->0K(23168K) From: 1122K(2880K)->1098K(2880K)
[2026-10-07T23:36:58.882+0000][1699.365s][info][gc,heap        ] GC(848) Tenured: 45396K(57520K)->45456K(57520K)
[2026-10-07T23:36:58.882+0000][1699.365s][info][gc,metaspace   ] GC(848) Metaspace: 74889K(75712K)->74889K(75712K) NonClass: 65610K(65984K)->65610K(65984K) Class: 9279K(9728K)->9279K(9728K)
[2026-10-07T23:36:58.883+0000][1699.365s][info][gc             ] GC(848) Pause Young (Allocation Failure) 68M->45M(81M) 13.537ms
[2026-10-07T23:36:58.883+0000][1699.366s][info][gc,cpu         ] GC(848) User=0.00s Sys=0.00s Real=0.01s
[2026-10-07T23:37:01.765+0000][1702.248s][info][gc,start       ] GC(849) Pause Young (Allocation Failure)
[2026-10-07T23:37:01.775+0000][1702.258s][info][gc,heap        ] GC(849) DefNew: 24266K(26048K)->1155K(26048K) Eden: 23168K(23168K)->0K(23168K) From: 1098K(2880K)->1155K(2880K)
[2026-10-07T23:37:01.775+0000][1702.258s][info][gc,heap        ] GC(849) Tenured: 45456K(57520K)->45501K(57520K)
[2026-10-07T23:37:01.775+0000][1702.258s][info][gc,metaspace   ] GC(849) Metaspace: 74889K(75712K)->74889K(75712K) NonClass: 65610K(65984K)->65610K(65984K) Class: 9279K(9728K)->9279K(9728K)
[2026-10-07T23:37:01.775+0000][1702.258s][info][gc             ] GC(849) Pause Young (Allocation Failure) 68M->45M(81M) 10.198ms
[2026-10-07T23:37:01.775+0000][1702.258s][info][gc,cpu         ] GC(849) User=0.01s Sys=0.00s Real=0.01s
[2026-10-07T23:37:04.614+0000][1705.097s][info][gc,start       ] GC(850) Pause Young (Allocation Failure)
[2026-10-07T23:37:04.624+0000][1705.107s][info][gc,heap        ] GC(850) DefNew: 24323K(26048K)->1127K(26048K) Eden: 23168K(23168K)->0K(23168K) From: 1155K(2880K)->1127K(2880K)
[2026-10-07T23:37:04.624+0000][1705.107s][info][gc,heap        ] GC(850) Tenured: 45501K(57520K)->45549K(57520K)
[2026-10-07T23:37:04.624+0000][1705.107s][info][gc,metaspace   ] GC(850) Metaspace: 74889K(75712K)->74889K(75712K) NonClass: 65610K(65984K)->65610K(65984K) Class: 9279K(9728K)->9279K(9728K)
[2026-10-07T23:37:04.624+0000][1705.107s][info][gc             ] GC(850) Pause Young (Allocation Failure) 68M->45M(81M) 9.633ms
[2026-10-07T23:37:04.624+0000][1705.107s][info][gc,cpu         ] GC(850) User=0.01s Sys=0.00s Real=0.01s
[2026-10-07T23:37:07.478+0000][1707.961s][info][gc,start       ] GC(851) Pause Young (Allocation Failure)
[2026-10-07T23:37:07.488+0000][1707.971s][info][gc,heap        ] GC(851) DefNew: 24295K(26048K)->1093K(26048K) Eden: 23168K(23168K)->0K(23168K) From: 1127K(2880K)->1093K(2880K)
[2026-10-07T23:37:07.488+0000][1707.971s][info][gc,heap        ] GC(851) Tenured: 45549K(57520K)->45600K(57520K)
[2026-10-07T23:37:07.488+0000][1707.971s][info][gc,metaspace   ] GC(851) Metaspace: 74889K(75712K)->74889K(75712K) NonClass: 65610K(65984K)->65610K(65984K) Class: 9279K(9728K)->9279K(9728K)
[2026-10-07T23:37:07.488+0000][1707.971s][info][gc             ] GC(851) Pause Young (Allocation Failure) 68M->45M(81M) 10.080ms
[2026-10-07T23:37:07.489+0000][1707.971s][info][gc,cpu         ] GC(851) User=0.00s Sys=0.00s Real=0.01s
[2026-10-07T23:37:10.367+0000][1710.850s][info][gc,start       ] GC(852) Pause Young (Allocation Failure)
[2026-10-07T23:37:10.375+0000][1710.858s][info][gc,heap        ] GC(852) DefNew: 24261K(26048K)->1097K(26048K) Eden: 23168K(23168K)->0K(23168K) From: 1093K(2880K)->1097K(2880K)
[2026-10-07T23:37:10.375+0000][1710.858s][info][gc,heap        ] GC(852) Tenured: 45600K(57520K)->45653K(57520K)
[2026-10-07T23:37:10.375+0000][1710.858s][info][gc,metaspace   ] GC(852) Metaspace: 74889K(75712K)->74889K(75712K) NonClass: 65610K(65984K)->65610K(65984K) Class: 9279K(9728K)->9279K(9728K)
[2026-10-07T23:37:10.375+0000][1710.858s][info][gc             ] GC(852) Pause Young (Allocation Failure) 68M->45M(81M) 7.966ms
[2026-10-07T23:37:10.375+0000][1710.858s][info][gc,cpu         ] GC(852) User=0.00s Sys=0.00s Real=0.01s
[2026-10-07T23:37:13.192+0000][1713.675s][info][gc,start       ] GC(853) Pause Young (Allocation Failure)
[2026-10-07T23:37:13.200+0000][1713.683s][info][gc,heap        ] GC(853) DefNew: 24265K(26048K)->1100K(26048K) Eden: 23168K(23168K)->0K(23168K) From: 1097K(2880K)->1100K(2880K)
[2026-10-07T23:37:13.200+0000][1713.683s][info][gc,heap        ] GC(853) Tenured: 45653K(57520K)->45703K(57520K)
[2026-10-07T23:37:13.200+0000][1713.683s][info][gc,metaspace   ] GC(853) Metaspace: 74894K(75712K)->74894K(75712K) NonClass: 65615K(65984K)->65615K(65984K) Class: 9279K(9728K)->9279K(9728K)
[2026-10-07T23:37:13.200+0000][1713.683s][info][gc             ] GC(853) Pause Young (Allocation Failure) 68M->45M(81M) 7.803ms
[2026-10-07T23:37:13.200+0000][1713.683s][info][gc,cpu         ] GC(853) User=0.01s Sys=0.00s Real=0.01s
[2026-10-07T23:37:16.007+0000][1716.490s][info][gc,start       ] GC(854) Pause Young (Allocation Failure)
[2026-10-07T23:37:16.014+0000][1716.497s][info][gc,heap        ] GC(854) DefNew: 24268K(26048K)->1150K(26048K) Eden: 23168K(23168K)->0K(23168K) From: 1100K(2880K)->1150K(2880K)
[2026-10-07T23:37:16.015+0000][1716.498s][info][gc,heap        ] GC(854) Tenured: 45703K(57520K)->45749K(57520K)
[2026-10-07T23:37:16.015+0000][1716.498s][info][gc,metaspace   ] GC(854) Metaspace: 74898K(75712K)->74898K(75712K) NonClass: 65619K(65984K)->65619K(65984K) Class: 9279K(9728K)->9279K(9728K)
[2026-10-07T23:37:16.015+0000][1716.498s][info][gc             ] GC(854) Pause Young (Allocation Failure) 68M->45M(81M) 8.123ms
[2026-10-07T23:37:16.016+0000][1716.499s][info][gc,cpu         ] GC(854) User=0.01s Sys=0.00s Real=0.01s
[2026-10-07T23:37:18.837+0000][1719.320s][info][gc,start       ] GC(855) Pause Young (Allocation Failure)
[2026-10-07T23:37:18.853+0000][1719.336s][info][gc,heap        ] GC(855) DefNew: 24318K(26048K)->1118K(26048K) Eden: 23168K(23168K)->0K(23168K) From: 1150K(2880K)->1118K(2880K)
[2026-10-07T23:37:18.853+0000][1719.336s][info][gc,heap        ] GC(855) Tenured: 45749K(57520K)->45808K(57520K)
[2026-10-07T23:37:18.853+0000][1719.336s][info][gc,metaspace   ] GC(855) Metaspace: 74898K(75712K)->74898K(75712K) NonClass: 65619K(65984K)->65619K(65984K) Class: 9279K(9728K)->9279K(9728K)
[2026-10-07T23:37:18.853+0000][1719.336s][info][gc             ] GC(855) Pause Young (Allocation Failure) 68M->45M(81M) 16.056ms
[2026-10-07T23:37:18.853+0000][1719.336s][info][gc,cpu         ] GC(855) User=0.01s Sys=0.00s Real=0.01s
[2026-10-07T23:37:21.728+0000][1722.211s][info][gc,start       ] GC(856) Pause Young (Allocation Failure)
[2026-10-07T23:37:21.738+0000][1722.221s][info][gc,heap        ] GC(856) DefNew: 24286K(26048K)->1207K(26048K) Eden: 23168K(23168K)->0K(23168K) From: 1118K(2880K)->1207K(2880K)
[2026-10-07T23:37:21.738+0000][1722.221s][info][gc,heap        ] GC(856) Tenured: 45808K(57520K)->45854K(57520K)
[2026-10-07T23:37:21.738+0000][1722.221s][info][gc,metaspace   ] GC(856) Metaspace: 74898K(75712K)->74898K(75712K) NonClass: 65619K(65984K)->65619K(65984K) Class: 9279K(9728K)->9279K(9728K)
[2026-10-07T23:37:21.738+0000][1722.221s][info][gc             ] GC(856) Pause Young (Allocation Failure) 68M->45M(81M) 9.705ms
[2026-10-07T23:37:21.738+0000][1722.221s][info][gc,cpu         ] GC(856) User=0.01s Sys=0.00s Real=0.01s
[2026-10-07T23:37:24.581+0000][1725.064s][info][gc,start       ] GC(857) Pause Young (Allocation Failure)
[2026-10-07T23:37:24.593+0000][1725.076s][info][gc,heap        ] GC(857) DefNew: 24375K(26048K)->1167K(26048K) Eden: 23168K(23168K)->0K(23168K) From: 1207K(2880K)->1167K(2880K)
[2026-10-07T23:37:24.593+0000][1725.076s][info][gc,heap        ] GC(857) Tenured: 45854K(57520K)->45906K(57520K)
[2026-10-07T23:37:24.593+0000][1725.076s][info][gc,metaspace   ] GC(857) Metaspace: 74898K(75712K)->74898K(75712K) NonClass: 65619K(65984K)->65619K(65984K) Class: 9279K(9728K)->9279K(9728K)
[2026-10-07T23:37:24.593+0000][1725.076s][info][gc             ] GC(857) Pause Young (Allocation Failure) 68M->45M(81M) 12.581ms
[2026-10-07T23:37:24.593+0000][1725.076s][info][gc,cpu         ] GC(857) User=0.01s Sys=0.00s Real=0.01s
[2026-10-07T23:37:27.439+0000][1727.922s][info][gc,start       ] GC(858) Pause Young (Allocation Failure)
[2026-10-07T23:37:27.447+0000][1727.930s][info][gc,heap        ] GC(858) DefNew: 24335K(26048K)->1157K(26048K) Eden: 23168K(23168K)->0K(23168K) From: 1167K(2880K)->1157K(2880K)
[2026-10-07T23:37:27.447+0000][1727.930s][info][gc,heap        ] GC(858) Tenured: 45906K(57520K)->45950K(57520K)
[2026-10-07T23:37:27.447+0000][1727.930s][info][gc,metaspace   ] GC(858) Metaspace: 74898K(75712K)->74898K(75712K) NonClass: 65619K(65984K)->65619K(65984K) Class: 9279K(9728K)->9279K(9728K)
[2026-10-07T23:37:27.447+0000][1727.930s][info][gc             ] GC(858) Pause Young (Allocation Failure) 68M->46M(81M) 8.530ms
[2026-10-07T23:37:27.447+0000][1727.930s][info][gc,cpu         ] GC(858) User=0.01s Sys=0.00s Real=0.01s
[2026-10-07T23:37:30.253+0000][1730.736s][info][gc,start       ] GC(859) Pause Young (Allocation Failure)
[2026-10-07T23:37:30.262+0000][1730.745s][info][gc,heap        ] GC(859) DefNew: 24325K(26048K)->1192K(26048K) Eden: 23168K(23168K)->0K(23168K) From: 1157K(2880K)->1192K(2880K)
[2026-10-07T23:37:30.262+0000][1730.745s][info][gc,heap        ] GC(859) Tenured: 45950K(57520K)->46014K(57520K)
[2026-10-07T23:37:30.262+0000][1730.745s][info][gc,metaspace   ] GC(859) Metaspace: 74898K(75712K)->74898K(75712K) NonClass: 65619K(65984K)->65619K(65984K) Class: 9279K(9728K)->9279K(9728K)
[2026-10-07T23:37:30.262+0000][1730.745s][info][gc             ] GC(859) Pause Young (Allocation Failure) 68M->46M(81M) 9.146ms
[2026-10-07T23:37:30.262+0000][1730.745s][info][gc,cpu         ] GC(859) User=0.00s Sys=0.00s Real=0.01s
[2026-10-07T23:37:33.115+0000][1733.598s][info][gc,start       ] GC(860) Pause Young (Allocation Failure)
[2026-10-07T23:37:33.126+0000][1733.609s][info][gc,heap        ] GC(860) DefNew: 24360K(26048K)->1170K(26048K) Eden: 23168K(23168K)->0K(23168K) From: 1192K(2880K)->1170K(2880K)
[2026-10-07T23:37:33.127+0000][1733.610s][info][gc,heap        ] GC(860) Tenured: 46014K(57520K)->46066K(57520K)
[2026-10-07T23:37:33.127+0000][1733.610s][info][gc,metaspace   ] GC(860) Metaspace: 74898K(75712K)->74898K(75712K) NonClass: 65619K(65984K)->65619K(65984K) Class: 9279K(9728K)->9279K(9728K)
[2026-10-07T23:37:33.127+0000][1733.610s][info][gc             ] GC(860) Pause Young (Allocation Failure) 68M->46M(81M) 12.459ms
[2026-10-07T23:37:33.127+0000][1733.610s][info][gc,cpu         ] GC(860) User=0.01s Sys=0.00s Real=0.01s
[2026-10-07T23:37:35.968+0000][1736.451s][info][gc,start       ] GC(861) Pause Young (Allocation Failure)
[2026-10-07T23:37:35.980+0000][1736.463s][info][gc,heap        ] GC(861) DefNew: 24338K(26048K)->1249K(26048K) Eden: 23168K(23168K)->0K(23168K) From: 1170K(2880K)->1249K(2880K)
[2026-10-07T23:37:35.980+0000][1736.463s][info][gc,heap        ] GC(861) Tenured: 46066K(57520K)->46112K(57520K)
[2026-10-07T23:37:35.980+0000][1736.463s][info][gc,metaspace   ] GC(861) Metaspace: 74898K(75712K)->74898K(75712K) NonClass: 65619K(65984K)->65619K(65984K) Class: 9279K(9728K)->9279K(9728K)
[2026-10-07T23:37:35.980+0000][1736.463s][info][gc             ] GC(861) Pause Young (Allocation Failure) 68M->46M(81M) 12.421ms
[2026-10-07T23:37:35.980+0000][1736.463s][info][gc,cpu         ] GC(861) User=0.01s Sys=0.00s Real=0.01s
[2026-10-07T23:37:38.809+0000][1739.292s][info][gc,start       ] GC(862) Pause Young (Allocation Failure)
[2026-10-07T23:37:38.822+0000][1739.305s][info][gc,heap        ] GC(862) DefNew: 24417K(26048K)->1139K(26048K) Eden: 23168K(23168K)->0K(23168K) From: 1249K(2880K)->1139K(2880K)
[2026-10-07T23:37:38.822+0000][1739.305s][info][gc,heap        ] GC(862) Tenured: 46112K(57520K)->46164K(57520K)
[2026-10-07T23:37:38.822+0000][1739.305s][info][gc,metaspace   ] GC(862) Metaspace: 74898K(75712K)->74898K(75712K) NonClass: 65619K(65984K)->65619K(65984K) Class: 9279K(9728K)->9279K(9728K)
[2026-10-07T23:37:38.822+0000][1739.305s][info][gc             ] GC(862) Pause Young (Allocation Failure) 68M->46M(81M) 12.724ms
[2026-10-07T23:37:38.822+0000][1739.305s][info][gc,cpu         ] GC(862) User=0.01s Sys=0.00s Real=0.01s
[2026-10-07T23:37:41.701+0000][1742.184s][info][gc,start       ] GC(863) Pause Young (Allocation Failure)
[2026-10-07T23:37:41.710+0000][1742.193s][info][gc,heap        ] GC(863) DefNew: 24307K(26048K)->1185K(26048K) Eden: 23168K(23168K)->0K(23168K) From: 1139K(2880K)->1185K(2880K)
[2026-10-07T23:37:41.710+0000][1742.193s][info][gc,heap        ] GC(863) Tenured: 46164K(57520K)->46224K(57520K)
[2026-10-07T23:37:41.710+0000][1742.193s][info][gc,metaspace   ] GC(863) Metaspace: 74898K(75712K)->74898K(75712K) NonClass: 65619K(65984K)->65619K(65984K) Class: 9279K(9728K)->9279K(9728K)
[2026-10-07T23:37:41.710+0000][1742.193s][info][gc             ] GC(863) Pause Young (Allocation Failure) 68M->46M(81M) 8.585ms
[2026-10-07T23:37:41.710+0000][1742.193s][info][gc,cpu         ] GC(863) User=0.00s Sys=0.00s Real=0.01s
[2026-10-07T23:37:44.511+0000][1744.994s][info][gc,start       ] GC(864) Pause Young (Allocation Failure)
[2026-10-07T23:37:44.521+0000][1745.004s][info][gc,heap        ] GC(864) DefNew: 24353K(26048K)->1177K(26048K) Eden: 23168K(23168K)->0K(23168K) From: 1185K(2880K)->1177K(2880K)
[2026-10-07T23:37:44.521+0000][1745.004s][info][gc,heap        ] GC(864) Tenured: 46224K(57520K)->46283K(57520K)
[2026-10-07T23:37:44.521+0000][1745.004s][info][gc,metaspace   ] GC(864) Metaspace: 74898K(75712K)->74898K(75712K) NonClass: 65619K(65984K)->65619K(65984K) Class: 9279K(9728K)->9279K(9728K)
[2026-10-07T23:37:44.522+0000][1745.004s][info][gc             ] GC(864) Pause Young (Allocation Failure) 68M->46M(81M) 10.423ms
[2026-10-07T23:37:44.522+0000][1745.005s][info][gc,cpu         ] GC(864) User=0.01s Sys=0.00s Real=0.01s
[2026-10-07T23:37:47.339+0000][1747.822s][info][gc,start       ] GC(865) Pause Young (Allocation Failure)
[2026-10-07T23:37:47.353+0000][1747.836s][info][gc,heap        ] GC(865) DefNew: 24345K(26048K)->1160K(26048K) Eden: 23168K(23168K)->0K(23168K) From: 1177K(2880K)->1160K(2880K)
[2026-10-07T23:37:47.353+0000][1747.836s][info][gc,heap        ] GC(865) Tenured: 46283K(57520K)->46336K(57520K)
[2026-10-07T23:37:47.354+0000][1747.837s][info][gc,metaspace   ] GC(865) Metaspace: 74898K(75712K)->74898K(75712K) NonClass: 65619K(65984K)->65619K(65984K) Class: 9279K(9728K)->9279K(9728K)
[2026-10-07T23:37:47.354+0000][1747.837s][info][gc             ] GC(865) Pause Young (Allocation Failure) 68M->46M(81M) 14.393ms
[2026-10-07T23:37:47.354+0000][1747.837s][info][gc,cpu         ] GC(865) User=0.01s Sys=0.00s Real=0.02s
[2026-10-07T23:37:50.199+0000][1750.681s][info][gc,start       ] GC(866) Pause Young (Allocation Failure)
[2026-10-07T23:37:50.207+0000][1750.689s][info][gc,heap        ] GC(866) DefNew: 24328K(26048K)->1204K(26048K) Eden: 23168K(23168K)->0K(23168K) From: 1160K(2880K)->1204K(2880K)
[2026-10-07T23:37:50.207+0000][1750.689s][info][gc,heap        ] GC(866) Tenured: 46336K(57520K)->46386K(57520K)
[2026-10-07T23:37:50.207+0000][1750.689s][info][gc,metaspace   ] GC(866) Metaspace: 74898K(75712K)->74898K(75712K) NonClass: 65619K(65984K)->65619K(65984K) Class: 9279K(9728K)->9279K(9728K)
[2026-10-07T23:37:50.207+0000][1750.690s][info][gc             ] GC(866) Pause Young (Allocation Failure) 69M->46M(81M) 8.095ms
[2026-10-07T23:37:50.207+0000][1750.690s][info][gc,cpu         ] GC(866) User=0.01s Sys=0.00s Real=0.01s
[2026-10-07T23:37:53.083+0000][1753.566s][info][gc,start       ] GC(867) Pause Young (Allocation Failure)
[2026-10-07T23:37:53.093+0000][1753.576s][info][gc,heap        ] GC(867) DefNew: 24372K(26048K)->1150K(26048K) Eden: 23168K(23168K)->0K(23168K) From: 1204K(2880K)->1150K(2880K)
[2026-10-07T23:37:53.094+0000][1753.576s][info][gc,heap        ] GC(867) Tenured: 46386K(57520K)->46431K(57520K)
[2026-10-07T23:37:53.094+0000][1753.576s][info][gc,metaspace   ] GC(867) Metaspace: 74898K(75712K)->74898K(75712K) NonClass: 65619K(65984K)->65619K(65984K) Class: 9279K(9728K)->9279K(9728K)
[2026-10-07T23:37:53.094+0000][1753.577s][info][gc             ] GC(867) Pause Young (Allocation Failure) 69M->46M(81M) 10.246ms
[2026-10-07T23:37:53.094+0000][1753.577s][info][gc,cpu         ] GC(867) User=0.01s Sys=0.00s Real=0.02s
[2026-10-07T23:37:55.943+0000][1756.426s][info][gc,start       ] GC(868) Pause Young (Allocation Failure)
[2026-10-07T23:37:55.952+0000][1756.435s][info][gc,heap        ] GC(868) DefNew: 24318K(26048K)->1220K(26048K) Eden: 23168K(23168K)->0K(23168K) From: 1150K(2880K)->1220K(2880K)
[2026-10-07T23:37:55.952+0000][1756.435s][info][gc,heap        ] GC(868) Tenured: 46431K(57520K)->46499K(57520K)
[2026-10-07T23:37:55.952+0000][1756.435s][info][gc,metaspace   ] GC(868) Metaspace: 74898K(75712K)->74898K(75712K) NonClass: 65619K(65984K)->65619K(65984K) Class: 9279K(9728K)->9279K(9728K)
[2026-10-07T23:37:55.952+0000][1756.435s][info][gc             ] GC(868) Pause Young (Allocation Failure) 69M->46M(81M) 9.548ms
[2026-10-07T23:37:55.952+0000][1756.435s][info][gc,cpu         ] GC(868) User=0.01s Sys=0.00s Real=0.01s
[2026-10-07T23:37:58.730+0000][1759.213s][info][gc,start       ] GC(869) Pause Young (Allocation Failure)
[2026-10-07T23:37:58.739+0000][1759.222s][info][gc,heap        ] GC(869) DefNew: 24388K(26048K)->1141K(26048K) Eden: 23168K(23168K)->0K(23168K) From: 1220K(2880K)->1141K(2880K)
[2026-10-07T23:37:58.739+0000][1759.222s][info][gc,heap        ] GC(869) Tenured: 46499K(57520K)->46548K(57520K)
[2026-10-07T23:37:58.739+0000][1759.222s][info][gc,metaspace   ] GC(869) Metaspace: 74898K(75712K)->74898K(75712K) NonClass: 65619K(65984K)->65619K(65984K) Class: 9279K(9728K)->9279K(9728K)
[2026-10-07T23:37:58.739+0000][1759.222s][info][gc             ] GC(869) Pause Young (Allocation Failure) 69M->46M(81M) 9.052ms
[2026-10-07T23:37:58.739+0000][1759.222s][info][gc,cpu         ] GC(869) User=0.00s Sys=0.00s Real=0.01s
[2026-10-07T23:38:01.658+0000][1762.141s][info][gc,start       ] GC(870) Pause Young (Allocation Failure)
[2026-10-07T23:38:01.668+0000][1762.151s][info][gc,heap        ] GC(870) DefNew: 24309K(26048K)->1161K(26048K) Eden: 23168K(23168K)->0K(23168K) From: 1141K(2880K)->1161K(2880K)
[2026-10-07T23:38:01.668+0000][1762.151s][info][gc,heap        ] GC(870) Tenured: 46548K(57520K)->46616K(57520K)
[2026-10-07T23:38:01.668+0000][1762.151s][info][gc,metaspace   ] GC(870) Metaspace: 74898K(75712K)->74898K(75712K) NonClass: 65619K(65984K)->65619K(65984K) Class: 9279K(9728K)->9279K(9728K)
[2026-10-07T23:38:01.668+0000][1762.151s][info][gc             ] GC(870) Pause Young (Allocation Failure) 69M->46M(81M) 9.541ms
[2026-10-07T23:38:01.668+0000][1762.151s][info][gc,cpu         ] GC(870) User=0.01s Sys=0.00s Real=0.01s
[2026-10-07T23:38:04.513+0000][1764.996s][info][gc,start       ] GC(871) Pause Young (Allocation Failure)
[2026-10-07T23:38:04.522+0000][1765.005s][info][gc,heap        ] GC(871) DefNew: 24329K(26048K)->1155K(26048K) Eden: 23168K(23168K)->0K(23168K) From: 1161K(2880K)->1155K(2880K)
[2026-10-07T23:38:04.522+0000][1765.005s][info][gc,heap        ] GC(871) Tenured: 46616K(57520K)->46681K(57520K)
[2026-10-07T23:38:04.522+0000][1765.005s][info][gc,metaspace   ] GC(871) Metaspace: 74898K(75712K)->74898K(75712K) NonClass: 65619K(65984K)->65619K(65984K) Class: 9279K(9728K)->9279K(9728K)
[2026-10-07T23:38:04.522+0000][1765.005s][info][gc             ] GC(871) Pause Young (Allocation Failure) 69M->46M(81M) 9.717ms
[2026-10-07T23:38:04.522+0000][1765.005s][info][gc,cpu         ] GC(871) User=0.01s Sys=0.00s Real=0.01s
[2026-10-07T23:38:07.333+0000][1767.816s][info][gc,start       ] GC(872) Pause Young (Allocation Failure)
[2026-10-07T23:38:07.343+0000][1767.825s][info][gc,heap        ] GC(872) DefNew: 24323K(26048K)->1083K(26048K) Eden: 23168K(23168K)->0K(23168K) From: 1155K(2880K)->1083K(2880K)
[2026-10-07T23:38:07.343+0000][1767.826s][info][gc,heap        ] GC(872) Tenured: 46681K(57520K)->46743K(57520K)
[2026-10-07T23:38:07.343+0000][1767.826s][info][gc,metaspace   ] GC(872) Metaspace: 74899K(75712K)->74899K(75712K) NonClass: 65620K(65984K)->65620K(65984K) Class: 9279K(9728K)->9279K(9728K)
[2026-10-07T23:38:07.343+0000][1767.826s][info][gc             ] GC(872) Pause Young (Allocation Failure) 69M->46M(81M) 9.442ms
[2026-10-07T23:38:07.343+0000][1767.826s][info][gc,cpu         ] GC(872) User=0.01s Sys=0.00s Real=0.01s
[2026-10-07T23:38:10.226+0000][1770.709s][info][gc,start       ] GC(873) Pause Young (Allocation Failure)
[2026-10-07T23:38:10.234+0000][1770.717s][info][gc,heap        ] GC(873) DefNew: 24251K(26048K)->1128K(26048K) Eden: 23168K(23168K)->0K(23168K) From: 1083K(2880K)->1128K(2880K)
[2026-10-07T23:38:10.234+0000][1770.717s][info][gc,heap        ] GC(873) Tenured: 46743K(57520K)->46809K(57520K)
[2026-10-07T23:38:10.234+0000][1770.717s][info][gc,metaspace   ] GC(873) Metaspace: 74899K(75712K)->74899K(75712K) NonClass: 65620K(65984K)->65620K(65984K) Class: 9279K(9728K)->9279K(9728K)
[2026-10-07T23:38:10.234+0000][1770.717s][info][gc             ] GC(873) Pause Young (Allocation Failure) 69M->46M(81M) 8.255ms
[2026-10-07T23:38:10.234+0000][1770.717s][info][gc,cpu         ] GC(873) User=0.01s Sys=0.00s Real=0.01s
[2026-10-07T23:38:13.095+0000][1773.578s][info][gc,start       ] GC(874) Pause Young (Allocation Failure)
[2026-10-07T23:38:13.104+0000][1773.587s][info][gc,heap        ] GC(874) DefNew: 24296K(26048K)->1110K(26048K) Eden: 23168K(23168K)->0K(23168K) From: 1128K(2880K)->1110K(2880K)
[2026-10-07T23:38:13.104+0000][1773.587s][info][gc,heap        ] GC(874) Tenured: 46809K(57520K)->46862K(57520K)
[2026-10-07T23:38:13.104+0000][1773.587s][info][gc,metaspace   ] GC(874) Metaspace: 74900K(75712K)->74900K(75712K) NonClass: 65621K(65984K)->65621K(65984K) Class: 9279K(9728K)->9279K(9728K)
[2026-10-07T23:38:13.104+0000][1773.587s][info][gc             ] GC(874) Pause Young (Allocation Failure) 69M->46M(81M) 9.266ms
[2026-10-07T23:38:13.104+0000][1773.587s][info][gc,cpu         ] GC(874) User=0.00s Sys=0.00s Real=0.01s
[2026-10-07T23:38:15.874+0000][1776.356s][info][gc,start       ] GC(875) Pause Young (Allocation Failure)
[2026-10-07T23:38:15.881+0000][1776.364s][info][gc,heap        ] GC(875) DefNew: 24278K(26048K)->1102K(26048K) Eden: 23168K(23168K)->0K(23168K) From: 1110K(2880K)->1102K(2880K)
[2026-10-07T23:38:15.881+0000][1776.364s][info][gc,heap        ] GC(875) Tenured: 46862K(57520K)->46908K(57520K)
[2026-10-07T23:38:15.881+0000][1776.364s][info][gc,metaspace   ] GC(875) Metaspace: 74900K(75712K)->74900K(75712K) NonClass: 65621K(65984K)->65621K(65984K) Class: 9279K(9728K)->9279K(9728K)
[2026-10-07T23:38:15.881+0000][1776.364s][info][gc             ] GC(875) Pause Young (Allocation Failure) 69M->46M(81M) 7.910ms
[2026-10-07T23:38:15.881+0000][1776.364s][info][gc,cpu         ] GC(875) User=0.01s Sys=0.00s Real=0.00s
[2026-10-07T23:38:18.692+0000][1779.175s][info][gc,start       ] GC(876) Pause Young (Allocation Failure)
[2026-10-07T23:38:18.701+0000][1779.184s][info][gc,heap        ] GC(876) DefNew: 24270K(26048K)->1109K(26048K) Eden: 23168K(23168K)->0K(23168K) From: 1102K(2880K)->1109K(2880K)
[2026-10-07T23:38:18.701+0000][1779.184s][info][gc,heap        ] GC(876) Tenured: 46908K(57520K)->46956K(57520K)
[2026-10-07T23:38:18.701+0000][1779.184s][info][gc,metaspace   ] GC(876) Metaspace: 74901K(75712K)->74901K(75712K) NonClass: 65621K(65984K)->65621K(65984K) Class: 9279K(9728K)->9279K(9728K)
[2026-10-07T23:38:18.701+0000][1779.184s][info][gc             ] GC(876) Pause Young (Allocation Failure) 69M->46M(81M) 9.009ms
[2026-10-07T23:38:18.701+0000][1779.184s][info][gc,cpu         ] GC(876) User=0.01s Sys=0.00s Real=0.01s
[2026-10-07T23:38:21.610+0000][1782.093s][info][gc,start       ] GC(877) Pause Young (Allocation Failure)
[2026-10-07T23:38:21.620+0000][1782.103s][info][gc,heap        ] GC(877) DefNew: 24277K(26048K)->1162K(26048K) Eden: 23168K(23168K)->0K(23168K) From: 1109K(2880K)->1162K(2880K)
[2026-10-07T23:38:21.620+0000][1782.103s][info][gc,heap        ] GC(877) Tenured: 46956K(57520K)->46998K(57520K)
[2026-10-07T23:38:21.620+0000][1782.103s][info][gc,metaspace   ] GC(877) Metaspace: 74901K(75712K)->74901K(75712K) NonClass: 65621K(65984K)->65621K(65984K) Class: 9279K(9728K)->9279K(9728K)
[2026-10-07T23:38:21.620+0000][1782.103s][info][gc             ] GC(877) Pause Young (Allocation Failure) 69M->47M(81M) 9.700ms
[2026-10-07T23:38:21.620+0000][1782.103s][info][gc,cpu         ] GC(877) User=0.01s Sys=0.00s Real=0.01s
[2026-10-07T23:38:24.469+0000][1784.952s][info][gc,start       ] GC(878) Pause Young (Allocation Failure)
[2026-10-07T23:38:24.477+0000][1784.960s][info][gc,heap        ] GC(878) DefNew: 24330K(26048K)->1094K(26048K) Eden: 23168K(23168K)->0K(23168K) From: 1162K(2880K)->1094K(2880K)
[2026-10-07T23:38:24.477+0000][1784.960s][info][gc,heap        ] GC(878) Tenured: 46998K(57520K)->47060K(57520K)
[2026-10-07T23:38:24.477+0000][1784.960s][info][gc,metaspace   ] GC(878) Metaspace: 74901K(75712K)->74901K(75712K) NonClass: 65621K(65984K)->65621K(65984K) Class: 9279K(9728K)->9279K(9728K)
[2026-10-07T23:38:24.477+0000][1784.960s][info][gc             ] GC(878) Pause Young (Allocation Failure) 69M->47M(81M) 7.876ms
[2026-10-07T23:38:24.477+0000][1784.960s][info][gc,cpu         ] GC(878) User=0.01s Sys=0.00s Real=0.01s
[2026-10-07T23:38:27.364+0000][1787.846s][info][gc,start       ] GC(879) Pause Young (Allocation Failure)
[2026-10-07T23:38:27.373+0000][1787.856s][info][gc,heap        ] GC(879) DefNew: 24262K(26048K)->1138K(26048K) Eden: 23168K(23168K)->0K(23168K) From: 1094K(2880K)->1138K(2880K)
[2026-10-07T23:38:27.373+0000][1787.856s][info][gc,heap        ] GC(879) Tenured: 47060K(57520K)->47108K(57520K)
[2026-10-07T23:38:27.373+0000][1787.856s][info][gc,metaspace   ] GC(879) Metaspace: 74901K(75712K)->74901K(75712K) NonClass: 65621K(65984K)->65621K(65984K) Class: 9279K(9728K)->9279K(9728K)
[2026-10-07T23:38:27.373+0000][1787.856s][info][gc             ] GC(879) Pause Young (Allocation Failure) 69M->47M(81M) 9.630ms
[2026-10-07T23:38:27.373+0000][1787.856s][info][gc,cpu         ] GC(879) User=0.00s Sys=0.00s Real=0.00s
[2026-10-07T23:38:30.148+0000][1790.630s][info][gc,start       ] GC(880) Pause Young (Allocation Failure)
[2026-10-07T23:38:30.155+0000][1790.638s][info][gc,heap        ] GC(880) DefNew: 24306K(26048K)->1086K(26048K) Eden: 23168K(23168K)->0K(23168K) From: 1138K(2880K)->1086K(2880K)
[2026-10-07T23:38:30.155+0000][1790.638s][info][gc,heap        ] GC(880) Tenured: 47108K(57520K)->47157K(57520K)
[2026-10-07T23:38:30.155+0000][1790.638s][info][gc,metaspace   ] GC(880) Metaspace: 74901K(75712K)->74901K(75712K) NonClass: 65621K(65984K)->65621K(65984K) Class: 9279K(9728K)->9279K(9728K)
[2026-10-07T23:38:30.155+0000][1790.638s][info][gc             ] GC(880) Pause Young (Allocation Failure) 69M->47M(81M) 7.901ms
[2026-10-07T23:38:30.155+0000][1790.638s][info][gc,cpu         ] GC(880) User=0.01s Sys=0.00s Real=0.01s
[2026-10-07T23:38:33.008+0000][1793.491s][info][gc,start       ] GC(881) Pause Young (Allocation Failure)
[2026-10-07T23:38:33.016+0000][1793.499s][info][gc,heap        ] GC(881) DefNew: 24254K(26048K)->1065K(26048K) Eden: 23168K(23168K)->0K(23168K) From: 1086K(2880K)->1065K(2880K)
[2026-10-07T23:38:33.016+0000][1793.499s][info][gc,heap        ] GC(881) Tenured: 47157K(57520K)->47209K(57520K)
[2026-10-07T23:38:33.016+0000][1793.499s][info][gc,metaspace   ] GC(881) Metaspace: 74901K(75712K)->74901K(75712K) NonClass: 65621K(65984K)->65621K(65984K) Class: 9279K(9728K)->9279K(9728K)
[2026-10-07T23:38:33.016+0000][1793.499s][info][gc             ] GC(881) Pause Young (Allocation Failure) 69M->47M(81M) 8.484ms
[2026-10-07T23:38:33.016+0000][1793.499s][info][gc,cpu         ] GC(881) User=0.01s Sys=0.00s Real=0.01s
[2026-10-07T23:38:35.859+0000][1796.342s][info][gc,start       ] GC(882) Pause Young (Allocation Failure)
[2026-10-07T23:38:35.870+0000][1796.352s][info][gc,heap        ] GC(882) DefNew: 24233K(26048K)->1110K(26048K) Eden: 23168K(23168K)->0K(23168K) From: 1065K(2880K)->1110K(2880K)
[2026-10-07T23:38:35.870+0000][1796.353s][info][gc,heap        ] GC(882) Tenured: 47209K(57520K)->47252K(57520K)
[2026-10-07T23:38:35.870+0000][1796.353s][info][gc,metaspace   ] GC(882) Metaspace: 74901K(75712K)->74901K(75712K) NonClass: 65621K(65984K)->65621K(65984K) Class: 9279K(9728K)->9279K(9728K)
[2026-10-07T23:38:35.870+0000][1796.353s][info][gc             ] GC(882) Pause Young (Allocation Failure) 69M->47M(81M) 10.816ms
[2026-10-07T23:38:35.870+0000][1796.353s][info][gc,cpu         ] GC(882) User=0.01s Sys=0.00s Real=0.01s
[2026-10-07T23:38:38.688+0000][1799.171s][info][gc,start       ] GC(883) Pause Young (Allocation Failure)
[2026-10-07T23:38:38.697+0000][1799.180s][info][gc,heap        ] GC(883) DefNew: 24278K(26048K)->1035K(26048K) Eden: 23168K(23168K)->0K(23168K) From: 1110K(2880K)->1035K(2880K)
[2026-10-07T23:38:38.697+0000][1799.180s][info][gc,heap        ] GC(883) Tenured: 47252K(57520K)->47311K(57520K)
[2026-10-07T23:38:38.697+0000][1799.180s][info][gc,metaspace   ] GC(883) Metaspace: 74901K(75712K)->74901K(75712K) NonClass: 65621K(65984K)->65621K(65984K) Class: 9279K(9728K)->9279K(9728K)
[2026-10-07T23:38:38.697+0000][1799.180s][info][gc             ] GC(883) Pause Young (Allocation Failure) 69M->47M(81M) 9.001ms
[2026-10-07T23:38:38.697+0000][1799.180s][info][gc,cpu         ] GC(883) User=0.01s Sys=0.00s Real=0.01s
[2026-10-07T23:38:41.615+0000][1802.098s][info][gc,start       ] GC(884) Pause Young (Allocation Failure)
[2026-10-07T23:38:41.623+0000][1802.106s][info][gc,heap        ] GC(884) DefNew: 24203K(26048K)->1169K(26048K) Eden: 23168K(23168K)->0K(23168K) From: 1035K(2880K)->1169K(2880K)
[2026-10-07T23:38:41.623+0000][1802.106s][info][gc,heap        ] GC(884) Tenured: 47311K(57520K)->47360K(57520K)
[2026-10-07T23:38:41.623+0000][1802.106s][info][gc,metaspace   ] GC(884) Metaspace: 74901K(75712K)->74901K(75712K) NonClass: 65621K(65984K)->65621K(65984K) Class: 9279K(9728K)->9279K(9728K)
[2026-10-07T23:38:41.623+0000][1802.106s][info][gc             ] GC(884) Pause Young (Allocation Failure) 69M->47M(81M) 8.241ms
[2026-10-07T23:38:41.623+0000][1802.106s][info][gc,cpu         ] GC(884) User=0.01s Sys=0.00s Real=0.00s
[2026-10-07T23:38:44.409+0000][1804.892s][info][gc,start       ] GC(885) Pause Young (Allocation Failure)
[2026-10-07T23:38:44.444+0000][1804.927s][info][gc,heap        ] GC(885) DefNew: 24337K(26048K)->1045K(26048K) Eden: 23168K(23168K)->0K(23168K) From: 1169K(2880K)->1045K(2880K)
[2026-10-07T23:38:44.444+0000][1804.927s][info][gc,heap        ] GC(885) Tenured: 47360K(57520K)->47401K(57520K)
[2026-10-07T23:38:44.444+0000][1804.927s][info][gc,metaspace   ] GC(885) Metaspace: 74901K(75712K)->74901K(75712K) NonClass: 65621K(65984K)->65621K(65984K) Class: 9279K(9728K)->9279K(9728K)
[2026-10-07T23:38:44.445+0000][1804.927s][info][gc             ] GC(885) Pause Young (Allocation Failure) 70M->47M(81M) 35.955ms
[2026-10-07T23:38:44.445+0000][1804.927s][info][gc,cpu         ] GC(885) User=0.00s Sys=0.00s Real=0.04s
[2026-10-07T23:38:47.290+0000][1807.773s][info][gc,start       ] GC(886) Pause Young (Allocation Failure)
[2026-10-07T23:38:47.299+0000][1807.782s][info][gc,heap        ] GC(886) DefNew: 24213K(26048K)->1076K(26048K) Eden: 23168K(23168K)->0K(23168K) From: 1045K(2880K)->1076K(2880K)
[2026-10-07T23:38:47.299+0000][1807.782s][info][gc,heap        ] GC(886) Tenured: 47401K(57520K)->47446K(57520K)
[2026-10-07T23:38:47.299+0000][1807.782s][info][gc,metaspace   ] GC(886) Metaspace: 74902K(75712K)->74902K(75712K) NonClass: 65623K(65984K)->65623K(65984K) Class: 9279K(9728K)->9279K(9728K)
[2026-10-07T23:38:47.299+0000][1807.782s][info][gc             ] GC(886) Pause Young (Allocation Failure) 69M->47M(81M) 9.121ms
[2026-10-07T23:38:47.299+0000][1807.782s][info][gc,cpu         ] GC(886) User=0.00s Sys=0.00s Real=0.01s
[2026-10-07T23:38:50.120+0000][1810.603s][info][gc,start       ] GC(887) Pause Young (Allocation Failure)
[2026-10-07T23:38:50.127+0000][1810.610s][info][gc,heap        ] GC(887) DefNew: 24244K(26048K)->1088K(26048K) Eden: 23168K(23168K)->0K(23168K) From: 1076K(2880K)->1088K(2880K)
[2026-10-07T23:38:50.127+0000][1810.610s][info][gc,heap        ] GC(887) Tenured: 47446K(57520K)->47487K(57520K)
[2026-10-07T23:38:50.128+0000][1810.610s][info][gc,metaspace   ] GC(887) Metaspace: 74902K(75712K)->74902K(75712K) NonClass: 65623K(65984K)->65623K(65984K) Class: 9279K(9728K)->9279K(9728K)
[2026-10-07T23:38:50.128+0000][1810.611s][info][gc             ] GC(887) Pause Young (Allocation Failure) 70M->47M(81M) 7.988ms
[2026-10-07T23:38:50.128+0000][1810.611s][info][gc,cpu         ] GC(887) User=0.00s Sys=0.00s Real=0.01s
[2026-10-07T23:38:52.983+0000][1813.466s][info][gc,start       ] GC(888) Pause Young (Allocation Failure)
[2026-10-07T23:38:52.992+0000][1813.475s][info][gc,heap        ] GC(888) DefNew: 24256K(26048K)->1097K(26048K) Eden: 23168K(23168K)->0K(23168K) From: 1088K(2880K)->1097K(2880K)
[2026-10-07T23:38:52.992+0000][1813.475s][info][gc,heap        ] GC(888) Tenured: 47487K(57520K)->47537K(57520K)
[2026-10-07T23:38:52.992+0000][1813.475s][info][gc,metaspace   ] GC(888) Metaspace: 74903K(75712K)->74903K(75712K) NonClass: 65624K(65984K)->65624K(65984K) Class: 9279K(9728K)->9279K(9728K)
[2026-10-07T23:38:52.992+0000][1813.475s][info][gc             ] GC(888) Pause Young (Allocation Failure) 70M->47M(81M) 8.713ms
[2026-10-07T23:38:52.992+0000][1813.475s][info][gc,cpu         ] GC(888) User=0.01s Sys=0.00s Real=0.01s
[2026-10-07T23:38:55.843+0000][1816.326s][info][gc,start       ] GC(889) Pause Young (Allocation Failure)
[2026-10-07T23:38:55.863+0000][1816.346s][info][gc,heap        ] GC(889) DefNew: 24265K(26048K)->1081K(26048K) Eden: 23168K(23168K)->0K(23168K) From: 1097K(2880K)->1081K(2880K)
[2026-10-07T23:38:55.863+0000][1816.346s][info][gc,heap        ] GC(889) Tenured: 47537K(57520K)->47582K(57520K)
[2026-10-07T23:38:55.863+0000][1816.346s][info][gc,metaspace   ] GC(889) Metaspace: 74903K(75712K)->74903K(75712K) NonClass: 65624K(65984K)->65624K(65984K) Class: 9279K(9728K)->9279K(9728K)
[2026-10-07T23:38:55.863+0000][1816.346s][info][gc             ] GC(889) Pause Young (Allocation Failure) 70M->47M(81M) 20.728ms
[2026-10-07T23:38:55.863+0000][1816.346s][info][gc,cpu         ] GC(889) User=0.03s Sys=0.00s Real=0.02s
[2026-10-07T23:38:58.655+0000][1819.138s][info][gc,start       ] GC(890) Pause Young (Allocation Failure)
[2026-10-07T23:38:58.664+0000][1819.147s][info][gc,heap        ] GC(890) DefNew: 24249K(26048K)->1024K(26048K) Eden: 23168K(23168K)->0K(23168K) From: 1081K(2880K)->1024K(2880K)
[2026-10-07T23:38:58.664+0000][1819.147s][info][gc,heap        ] GC(890) Tenured: 47582K(57520K)->47622K(57520K)
[2026-10-07T23:38:58.664+0000][1819.147s][info][gc,metaspace   ] GC(890) Metaspace: 74903K(75712K)->74903K(75712K) NonClass: 65624K(65984K)->65624K(65984K) Class: 9279K(9728K)->9279K(9728K)
[2026-10-07T23:38:58.664+0000][1819.147s][info][gc             ] GC(890) Pause Young (Allocation Failure) 70M->47M(81M) 8.903ms
[2026-10-07T23:38:58.664+0000][1819.147s][info][gc,cpu         ] GC(890) User=0.00s Sys=0.00s Real=0.01s
[2026-10-07T23:39:01.545+0000][1822.028s][info][gc,start       ] GC(891) Pause Young (Allocation Failure)
[2026-10-07T23:39:01.553+0000][1822.036s][info][gc,heap        ] GC(891) DefNew: 24192K(26048K)->1081K(26048K) Eden: 23168K(23168K)->0K(23168K) From: 1024K(2880K)->1081K(2880K)
[2026-10-07T23:39:01.553+0000][1822.036s][info][gc,heap        ] GC(891) Tenured: 47622K(57520K)->47668K(57520K)
[2026-10-07T23:39:01.553+0000][1822.036s][info][gc,metaspace   ] GC(891) Metaspace: 74903K(75712K)->74903K(75712K) NonClass: 65624K(65984K)->65624K(65984K) Class: 9279K(9728K)->9279K(9728K)
[2026-10-07T23:39:01.553+0000][1822.036s][info][gc             ] GC(891) Pause Young (Allocation Failure) 70M->47M(81M) 8.357ms
[2026-10-07T23:39:01.553+0000][1822.036s][info][gc,cpu         ] GC(891) User=0.01s Sys=0.00s Real=0.00s
[2026-10-07T23:39:04.386+0000][1824.869s][info][gc,start       ] GC(892) Pause Young (Allocation Failure)
[2026-10-07T23:39:04.399+0000][1824.882s][info][gc,heap        ] GC(892) DefNew: 24249K(26048K)->1060K(26048K) Eden: 23168K(23168K)->0K(23168K) From: 1081K(2880K)->1060K(2880K)
[2026-10-07T23:39:04.399+0000][1824.882s][info][gc,heap        ] GC(892) Tenured: 47668K(57520K)->47713K(57520K)
[2026-10-07T23:39:04.400+0000][1824.882s][info][gc,metaspace   ] GC(892) Metaspace: 74903K(75712K)->74903K(75712K) NonClass: 65624K(65984K)->65624K(65984K) Class: 9279K(9728K)->9279K(9728K)
[2026-10-07T23:39:04.400+0000][1824.883s][info][gc             ] GC(892) Pause Young (Allocation Failure) 70M->47M(81M) 13.339ms
[2026-10-07T23:39:04.400+0000][1824.883s][info][gc,cpu         ] GC(892) User=0.01s Sys=0.00s Real=0.01s
[2026-10-07T23:39:07.264+0000][1827.747s][info][gc,start       ] GC(893) Pause Young (Allocation Failure)
[2026-10-07T23:39:07.276+0000][1827.759s][info][gc,heap        ] GC(893) DefNew: 24228K(26048K)->1134K(26048K) Eden: 23168K(23168K)->0K(23168K) From: 1060K(2880K)->1134K(2880K)
[2026-10-07T23:39:07.276+0000][1827.759s][info][gc,heap        ] GC(893) Tenured: 47713K(57520K)->47760K(57520K)
[2026-10-07T23:39:07.276+0000][1827.759s][info][gc,metaspace   ] GC(893) Metaspace: 74907K(75712K)->74907K(75712K) NonClass: 65628K(65984K)->65628K(65984K) Class: 9279K(9728K)->9279K(9728K)
[2026-10-07T23:39:07.276+0000][1827.759s][info][gc             ] GC(893) Pause Young (Allocation Failure) 70M->47M(81M) 12.038ms
[2026-10-07T23:39:07.276+0000][1827.759s][info][gc,cpu         ] GC(893) User=0.01s Sys=0.00s Real=0.01s
[2026-10-07T23:39:10.115+0000][1830.598s][info][gc,start       ] GC(894) Pause Young (Allocation Failure)
[2026-10-07T23:39:10.127+0000][1830.610s][info][gc,heap        ] GC(894) DefNew: 24302K(26048K)->1114K(26048K) Eden: 23168K(23168K)->0K(23168K) From: 1134K(2880K)->1114K(2880K)
[2026-10-07T23:39:10.127+0000][1830.610s][info][gc,heap        ] GC(894) Tenured: 47760K(57520K)->47803K(57520K)
[2026-10-07T23:39:10.127+0000][1830.610s][info][gc,metaspace   ] GC(894) Metaspace: 74907K(75712K)->74907K(75712K) NonClass: 65628K(65984K)->65628K(65984K) Class: 9279K(9728K)->9279K(9728K)
[2026-10-07T23:39:10.127+0000][1830.610s][info][gc             ] GC(894) Pause Young (Allocation Failure) 70M->47M(81M) 12.622ms
[2026-10-07T23:39:10.127+0000][1830.610s][info][gc,cpu         ] GC(894) User=0.01s Sys=0.00s Real=0.01s
[2026-10-07T23:39:13.000+0000][1833.483s][info][gc,start       ] GC(895) Pause Young (Allocation Failure)
[2026-10-07T23:39:13.008+0000][1833.491s][info][gc,heap        ] GC(895) DefNew: 24282K(26048K)->954K(26048K) Eden: 23168K(23168K)->0K(23168K) From: 1114K(2880K)->954K(2880K)
[2026-10-07T23:39:13.008+0000][1833.491s][info][gc,heap        ] GC(895) Tenured: 47803K(57520K)->47912K(57520K)
[2026-10-07T23:39:13.008+0000][1833.491s][info][gc,metaspace   ] GC(895) Metaspace: 74907K(75712K)->74907K(75712K) NonClass: 65628K(65984K)->65628K(65984K) Class: 9279K(9728K)->9279K(9728K)
[2026-10-07T23:39:13.008+0000][1833.491s][info][gc             ] GC(895) Pause Young (Allocation Failure) 70M->47M(81M) 7.464ms
[2026-10-07T23:39:13.008+0000][1833.491s][info][gc,cpu         ] GC(895) User=0.00s Sys=0.00s Real=0.01s
[2026-10-07T23:39:15.800+0000][1836.283s][info][gc,start       ] GC(896) Pause Young (Allocation Failure)
[2026-10-07T23:39:15.808+0000][1836.290s][info][gc,heap        ] GC(896) DefNew: 24122K(26048K)->1076K(26048K) Eden: 23168K(23168K)->0K(23168K) From: 954K(2880K)->1076K(2880K)
[2026-10-07T23:39:15.808+0000][1836.290s][info][gc,heap        ] GC(896) Tenured: 47912K(57520K)->47959K(57520K)
[2026-10-07T23:39:15.808+0000][1836.290s][info][gc,metaspace   ] GC(896) Metaspace: 74907K(75712K)->74907K(75712K) NonClass: 65628K(65984K)->65628K(65984K) Class: 9279K(9728K)->9279K(9728K)
[2026-10-07T23:39:15.808+0000][1836.291s][info][gc             ] GC(896) Pause Young (Allocation Failure) 70M->47M(81M) 8.012ms
[2026-10-07T23:39:15.808+0000][1836.291s][info][gc,cpu         ] GC(896) User=0.00s Sys=0.00s Real=0.01s
[2026-10-07T23:39:18.626+0000][1839.108s][info][gc,start       ] GC(897) Pause Young (Allocation Failure)
[2026-10-07T23:39:18.635+0000][1839.118s][info][gc,heap        ] GC(897) DefNew: 24244K(26048K)->1039K(26048K) Eden: 23168K(23168K)->0K(23168K) From: 1076K(2880K)->1039K(2880K)
[2026-10-07T23:39:18.635+0000][1839.118s][info][gc,heap        ] GC(897) Tenured: 47959K(57520K)->48002K(57520K)
[2026-10-07T23:39:18.635+0000][1839.118s][info][gc,metaspace   ] GC(897) Metaspace: 74907K(75712K)->74907K(75712K) NonClass: 65628K(65984K)->65628K(65984K) Class: 9279K(9728K)->9279K(9728K)
[2026-10-07T23:39:18.635+0000][1839.118s][info][gc             ] GC(897) Pause Young (Allocation Failure) 70M->47M(81M) 9.435ms
[2026-10-07T23:39:18.635+0000][1839.118s][info][gc,cpu         ] GC(897) User=0.01s Sys=0.00s Real=0.01s
[2026-10-07T23:39:21.538+0000][1842.021s][info][gc,start       ] GC(898) Pause Young (Allocation Failure)
[2026-10-07T23:39:21.549+0000][1842.031s][info][gc,heap        ] GC(898) DefNew: 24207K(26048K)->1058K(26048K) Eden: 23168K(23168K)->0K(23168K) From: 1039K(2880K)->1058K(2880K)
[2026-10-07T23:39:21.549+0000][1842.031s][info][gc,heap        ] GC(898) Tenured: 48002K(57520K)->48045K(57520K)
[2026-10-07T23:39:21.549+0000][1842.031s][info][gc,metaspace   ] GC(898) Metaspace: 74907K(75712K)->74907K(75712K) NonClass: 65628K(65984K)->65628K(65984K) Class: 9279K(9728K)->9279K(9728K)
[2026-10-07T23:39:21.549+0000][1842.032s][info][gc             ] GC(898) Pause Young (Allocation Failure) 70M->47M(81M) 10.913ms
[2026-10-07T23:39:21.549+0000][1842.032s][info][gc,cpu         ] GC(898) User=0.00s Sys=0.00s Real=0.01s
[2026-10-07T23:39:24.401+0000][1844.884s][info][gc,start       ] GC(899) Pause Young (Allocation Failure)
[2026-10-07T23:39:24.409+0000][1844.892s][info][gc,heap        ] GC(899) DefNew: 24226K(26048K)->1011K(26048K) Eden: 23168K(23168K)->0K(23168K) From: 1058K(2880K)->1011K(2880K)
[2026-10-07T23:39:24.409+0000][1844.892s][info][gc,heap        ] GC(899) Tenured: 48045K(57520K)->48092K(57520K)
[2026-10-07T23:39:24.410+0000][1844.893s][info][gc,metaspace   ] GC(899) Metaspace: 74907K(75712K)->74907K(75712K) NonClass: 65628K(65984K)->65628K(65984K) Class: 9279K(9728K)->9279K(9728K)
[2026-10-07T23:39:24.410+0000][1844.893s][info][gc             ] GC(899) Pause Young (Allocation Failure) 70M->47M(81M) 8.914ms
[2026-10-07T23:39:24.410+0000][1844.893s][info][gc,cpu         ] GC(899) User=0.00s Sys=0.00s Real=0.01s
[2026-10-07T23:39:27.297+0000][1847.780s][info][gc,start       ] GC(900) Pause Young (Allocation Failure)
[2026-10-07T23:39:27.305+0000][1847.788s][info][gc,heap        ] GC(900) DefNew: 24179K(26048K)->1081K(26048K) Eden: 23168K(23168K)->0K(23168K) From: 1011K(2880K)->1081K(2880K)
[2026-10-07T23:39:27.305+0000][1847.788s][info][gc,heap        ] GC(900) Tenured: 48092K(57520K)->48141K(57520K)
[2026-10-07T23:39:27.305+0000][1847.788s][info][gc,metaspace   ] GC(900) Metaspace: 74907K(75712K)->74907K(75712K) NonClass: 65628K(65984K)->65628K(65984K) Class: 9279K(9728K)->9279K(9728K)
[2026-10-07T23:39:27.305+0000][1847.788s][info][gc             ] GC(900) Pause Young (Allocation Failure) 70M->48M(81M) 8.173ms
[2026-10-07T23:39:27.305+0000][1847.788s][info][gc,cpu         ] GC(900) User=0.01s Sys=0.00s Real=0.01s
[2026-10-07T23:39:30.060+0000][1850.543s][info][gc,start       ] GC(901) Pause Young (Allocation Failure)
[2026-10-07T23:39:30.069+0000][1850.552s][info][gc,heap        ] GC(901) DefNew: 24249K(26048K)->1073K(26048K) Eden: 23168K(23168K)->0K(23168K) From: 1081K(2880K)->1073K(2880K)
[2026-10-07T23:39:30.069+0000][1850.552s][info][gc,heap        ] GC(901) Tenured: 48141K(57520K)->48180K(57520K)
[2026-10-07T23:39:30.070+0000][1850.552s][info][gc,metaspace   ] GC(901) Metaspace: 74907K(75712K)->74907K(75712K) NonClass: 65628K(65984K)->65628K(65984K) Class: 9279K(9728K)->9279K(9728K)
[2026-10-07T23:39:30.070+0000][1850.552s][info][gc             ] GC(901) Pause Young (Allocation Failure) 70M->48M(81M) 9.292ms
[2026-10-07T23:39:30.070+0000][1850.553s][info][gc,cpu         ] GC(901) User=0.00s Sys=0.00s Real=0.01s
[2026-10-07T23:39:32.944+0000][1853.427s][info][gc,start       ] GC(902) Pause Young (Allocation Failure)
[2026-10-07T23:39:32.954+0000][1853.437s][info][gc,heap        ] GC(902) DefNew: 24241K(26048K)->1044K(26048K) Eden: 23168K(23168K)->0K(23168K) From: 1073K(2880K)->1044K(2880K)
[2026-10-07T23:39:32.954+0000][1853.437s][info][gc,heap        ] GC(902) Tenured: 48180K(57520K)->48231K(57520K)
[2026-10-07T23:39:32.954+0000][1853.437s][info][gc,metaspace   ] GC(902) Metaspace: 74907K(75712K)->74907K(75712K) NonClass: 65628K(65984K)->65628K(65984K) Class: 9279K(9728K)->9279K(9728K)
[2026-10-07T23:39:32.955+0000][1853.437s][info][gc             ] GC(902) Pause Young (Allocation Failure) 70M->48M(81M) 10.426ms
[2026-10-07T23:39:32.955+0000][1853.437s][info][gc,cpu         ] GC(902) User=0.01s Sys=0.00s Real=0.01s
[2026-10-07T23:39:35.817+0000][1856.300s][info][gc,start       ] GC(903) Pause Young (Allocation Failure)
[2026-10-07T23:39:35.830+0000][1856.313s][info][gc,heap        ] GC(903) DefNew: 24212K(26048K)->1063K(26048K) Eden: 23168K(23168K)->0K(23168K) From: 1044K(2880K)->1063K(2880K)
[2026-10-07T23:39:35.830+0000][1856.313s][info][gc,heap        ] GC(903) Tenured: 48231K(57520K)->48273K(57520K)
[2026-10-07T23:39:35.830+0000][1856.313s][info][gc,metaspace   ] GC(903) Metaspace: 74909K(75712K)->74909K(75712K) NonClass: 65629K(65984K)->65629K(65984K) Class: 9279K(9728K)->9279K(9728K)
[2026-10-07T23:39:35.830+0000][1856.313s][info][gc             ] GC(903) Pause Young (Allocation Failure) 70M->48M(81M) 13.199ms
[2026-10-07T23:39:35.830+0000][1856.313s][info][gc,cpu         ] GC(903) User=0.01s Sys=0.00s Real=0.01s
[2026-10-07T23:39:38.649+0000][1859.132s][info][gc,start       ] GC(904) Pause Young (Allocation Failure)
[2026-10-07T23:39:38.657+0000][1859.140s][info][gc,heap        ] GC(904) DefNew: 24231K(26048K)->1016K(26048K) Eden: 23168K(23168K)->0K(23168K) From: 1063K(2880K)->1016K(2880K)
[2026-10-07T23:39:38.658+0000][1859.140s][info][gc,heap        ] GC(904) Tenured: 48273K(57520K)->48317K(57520K)
[2026-10-07T23:39:38.658+0000][1859.140s][info][gc,metaspace   ] GC(904) Metaspace: 74909K(75712K)->74909K(75712K) NonClass: 65629K(65984K)->65629K(65984K) Class: 9279K(9728K)->9279K(9728K)
[2026-10-07T23:39:38.658+0000][1859.141s][info][gc             ] GC(904) Pause Young (Allocation Failure) 70M->48M(81M) 8.304ms
[2026-10-07T23:39:38.658+0000][1859.141s][info][gc,cpu         ] GC(904) User=0.00s Sys=0.00s Real=0.01s
[2026-10-07T23:39:41.552+0000][1862.035s][info][gc,start       ] GC(905) Pause Young (Allocation Failure)
[2026-10-07T23:39:41.562+0000][1862.045s][info][gc,heap        ] GC(905) DefNew: 24184K(26048K)->1107K(26048K) Eden: 23168K(23168K)->0K(23168K) From: 1016K(2880K)->1107K(2880K)
[2026-10-07T23:39:41.562+0000][1862.045s][info][gc,heap        ] GC(905) Tenured: 48317K(57520K)->48358K(57520K)
[2026-10-07T23:39:41.562+0000][1862.045s][info][gc,metaspace   ] GC(905) Metaspace: 74909K(75712K)->74909K(75712K) NonClass: 65629K(65984K)->65629K(65984K) Class: 9279K(9728K)->9279K(9728K)
[2026-10-07T23:39:41.562+0000][1862.045s][info][gc             ] GC(905) Pause Young (Allocation Failure) 70M->48M(81M) 9.961ms
[2026-10-07T23:39:41.562+0000][1862.045s][info][gc,cpu         ] GC(905) User=0.00s Sys=0.00s Real=0.01s
[2026-10-07T23:39:44.344+0000][1864.827s][info][gc,start       ] GC(906) Pause Young (Allocation Failure)
[2026-10-07T23:39:44.363+0000][1864.846s][info][gc,heap        ] GC(906) DefNew: 24275K(26048K)->1049K(26048K) Eden: 23168K(23168K)->0K(23168K) From: 1107K(2880K)->1049K(2880K)
[2026-10-07T23:39:44.365+0000][1864.848s][info][gc,heap        ] GC(906) Tenured: 48358K(57520K)->48408K(57520K)
[2026-10-07T23:39:44.365+0000][1864.848s][info][gc,metaspace   ] GC(906) Metaspace: 74909K(75712K)->74909K(75712K) NonClass: 65630K(65984K)->65630K(65984K) Class: 9279K(9728K)->9279K(9728K)
[2026-10-07T23:39:44.365+0000][1864.848s][info][gc             ] GC(906) Pause Young (Allocation Failure) 70M->48M(81M) 21.389ms
[2026-10-07T23:39:44.365+0000][1864.848s][info][gc,cpu         ] GC(906) User=0.01s Sys=0.00s Real=0.02s
[2026-10-07T23:39:47.230+0000][1867.713s][info][gc,start       ] GC(907) Pause Young (Allocation Failure)
[2026-10-07T23:39:47.238+0000][1867.721s][info][gc,heap        ] GC(907) DefNew: 24217K(26048K)->1112K(26048K) Eden: 23168K(23168K)->0K(23168K) From: 1049K(2880K)->1112K(2880K)
[2026-10-07T23:39:47.238+0000][1867.721s][info][gc,heap        ] GC(907) Tenured: 48408K(57520K)->48460K(57520K)
[2026-10-07T23:39:47.238+0000][1867.721s][info][gc,metaspace   ] GC(907) Metaspace: 74909K(75712K)->74909K(75712K) NonClass: 65630K(65984K)->65630K(65984K) Class: 9279K(9728K)->9279K(9728K)
[2026-10-07T23:39:47.238+0000][1867.721s][info][gc             ] GC(907) Pause Young (Allocation Failure) 70M->48M(81M) 7.702ms
[2026-10-07T23:39:47.239+0000][1867.722s][info][gc,cpu         ] GC(907) User=0.00s Sys=0.00s Real=0.01s
[2026-10-07T23:39:50.076+0000][1870.559s][info][gc,start       ] GC(908) Pause Young (Allocation Failure)
[2026-10-07T23:39:50.085+0000][1870.568s][info][gc,heap        ] GC(908) DefNew: 24280K(26048K)->1048K(26048K) Eden: 23168K(23168K)->0K(23168K) From: 1112K(2880K)->1048K(2880K)
[2026-10-07T23:39:50.085+0000][1870.568s][info][gc,heap        ] GC(908) Tenured: 48460K(57520K)->48507K(57520K)
[2026-10-07T23:39:50.085+0000][1870.568s][info][gc,metaspace   ] GC(908) Metaspace: 74909K(75712K)->74909K(75712K) NonClass: 65630K(65984K)->65630K(65984K) Class: 9279K(9728K)->9279K(9728K)
[2026-10-07T23:39:50.085+0000][1870.568s][info][gc             ] GC(908) Pause Young (Allocation Failure) 71M->48M(81M) 8.639ms
[2026-10-07T23:39:50.085+0000][1870.568s][info][gc,cpu         ] GC(908) User=0.00s Sys=0.00s Real=0.01s
[2026-10-07T23:39:52.948+0000][1873.431s][info][gc,start       ] GC(909) Pause Young (Allocation Failure)
[2026-10-07T23:39:52.957+0000][1873.440s][info][gc,heap        ] GC(909) DefNew: 24216K(26048K)->999K(26048K) Eden: 23168K(23168K)->0K(23168K) From: 1048K(2880K)->999K(2880K)
[2026-10-07T23:39:52.957+0000][1873.440s][info][gc,heap        ] GC(909) Tenured: 48507K(57520K)->48549K(57520K)
[2026-10-07T23:39:52.957+0000][1873.440s][info][gc,metaspace   ] GC(909) Metaspace: 74909K(75712K)->74909K(75712K) NonClass: 65630K(65984K)->65630K(65984K) Class: 9279K(9728K)->9279K(9728K)
[2026-10-07T23:39:52.957+0000][1873.440s][info][gc             ] GC(909) Pause Young (Allocation Failure) 71M->48M(81M) 9.210ms
[2026-10-07T23:39:52.957+0000][1873.440s][info][gc,cpu         ] GC(909) User=0.01s Sys=0.00s Real=0.01s
[2026-10-07T23:39:55.813+0000][1876.296s][info][gc,start       ] GC(910) Pause Young (Allocation Failure)
[2026-10-07T23:39:55.822+0000][1876.305s][info][gc,heap        ] GC(910) DefNew: 24167K(26048K)->1032K(26048K) Eden: 23168K(23168K)->0K(23168K) From: 999K(2880K)->1032K(2880K)
[2026-10-07T23:39:55.822+0000][1876.305s][info][gc,heap        ] GC(910) Tenured: 48549K(57520K)->48592K(57520K)
[2026-10-07T23:39:55.823+0000][1876.305s][info][gc,metaspace   ] GC(910) Metaspace: 74909K(75712K)->74909K(75712K) NonClass: 65630K(65984K)->65630K(65984K) Class: 9279K(9728K)->9279K(9728K)
[2026-10-07T23:39:55.823+0000][1876.305s][info][gc             ] GC(910) Pause Young (Allocation Failure) 71M->48M(81M) 9.126ms
[2026-10-07T23:39:55.823+0000][1876.306s][info][gc,cpu         ] GC(910) User=0.00s Sys=0.00s Real=0.01s
[2026-10-07T23:39:58.584+0000][1879.067s][info][gc,start       ] GC(911) Pause Young (Allocation Failure)
[2026-10-07T23:39:58.591+0000][1879.074s][info][gc,heap        ] GC(911) DefNew: 24200K(26048K)->990K(26048K) Eden: 23168K(23168K)->0K(23168K) From: 1032K(2880K)->990K(2880K)
[2026-10-07T23:39:58.591+0000][1879.074s][info][gc,heap        ] GC(911) Tenured: 48592K(57520K)->48675K(57520K)
[2026-10-07T23:39:58.591+0000][1879.074s][info][gc,metaspace   ] GC(911) Metaspace: 74909K(75712K)->74909K(75712K) NonClass: 65630K(65984K)->65630K(65984K) Class: 9279K(9728K)->9279K(9728K)
[2026-10-07T23:39:58.591+0000][1879.074s][info][gc             ] GC(911) Pause Young (Allocation Failure) 71M->48M(81M) 7.429ms
[2026-10-07T23:39:58.591+0000][1879.074s][info][gc,cpu         ] GC(911) User=0.00s Sys=0.00s Real=0.00s
[2026-10-07T23:40:01.505+0000][1881.988s][info][gc,start       ] GC(912) Pause Young (Allocation Failure)
[2026-10-07T23:40:01.521+0000][1882.004s][info][gc,heap        ] GC(912) DefNew: 24158K(26048K)->1060K(26048K) Eden: 23168K(23168K)->0K(23168K) From: 990K(2880K)->1060K(2880K)
[2026-10-07T23:40:01.521+0000][1882.004s][info][gc,heap        ] GC(912) Tenured: 48675K(57520K)->48717K(57520K)
[2026-10-07T23:40:01.521+0000][1882.004s][info][gc,metaspace   ] GC(912) Metaspace: 74909K(75712K)->74909K(75712K) NonClass: 65630K(65984K)->65630K(65984K) Class: 9279K(9728K)->9279K(9728K)
[2026-10-07T23:40:01.521+0000][1882.004s][info][gc             ] GC(912) Pause Young (Allocation Failure) 71M->48M(81M) 15.996ms
[2026-10-07T23:40:01.521+0000][1882.004s][info][gc,cpu         ] GC(912) User=0.01s Sys=0.01s Real=0.01s
[2026-10-07T23:40:04.351+0000][1884.834s][info][gc,start       ] GC(913) Pause Young (Allocation Failure)
[2026-10-07T23:40:04.358+0000][1884.841s][info][gc,heap        ] GC(913) DefNew: 24228K(26048K)->992K(26048K) Eden: 23168K(23168K)->0K(23168K) From: 1060K(2880K)->992K(2880K)
[2026-10-07T23:40:04.359+0000][1884.842s][info][gc,heap        ] GC(913) Tenured: 48717K(57520K)->48765K(57520K)
[2026-10-07T23:40:04.359+0000][1884.842s][info][gc,metaspace   ] GC(913) Metaspace: 74909K(75712K)->74909K(75712K) NonClass: 65630K(65984K)->65630K(65984K) Class: 9279K(9728K)->9279K(9728K)
[2026-10-07T23:40:04.359+0000][1884.842s][info][gc             ] GC(913) Pause Young (Allocation Failure) 71M->48M(81M) 8.028ms
[2026-10-07T23:40:04.359+0000][1884.842s][info][gc,cpu         ] GC(913) User=0.01s Sys=0.00s Real=0.01s
[2026-10-07T23:40:07.259+0000][1887.742s][info][gc,start       ] GC(914) Pause Young (Allocation Failure)
[2026-10-07T23:40:07.270+0000][1887.753s][info][gc,heap        ] GC(914) DefNew: 24160K(26048K)->1081K(26048K) Eden: 23168K(23168K)->0K(23168K) From: 992K(2880K)->1081K(2880K)
[2026-10-07T23:40:07.270+0000][1887.753s][info][gc,heap        ] GC(914) Tenured: 48765K(57520K)->48806K(57520K)
[2026-10-07T23:40:07.270+0000][1887.753s][info][gc,metaspace   ] GC(914) Metaspace: 74912K(75712K)->74912K(75712K) NonClass: 65632K(65984K)->65632K(65984K) Class: 9279K(9728K)->9279K(9728K)
[2026-10-07T23:40:07.270+0000][1887.753s][info][gc             ] GC(914) Pause Young (Allocation Failure) 71M->48M(81M) 11.108ms
[2026-10-07T23:40:07.270+0000][1887.753s][info][gc,cpu         ] GC(914) User=0.00s Sys=0.00s Real=0.01s
[2026-10-07T23:40:10.113+0000][1890.595s][info][gc,start       ] GC(915) Pause Young (Allocation Failure)
[2026-10-07T23:40:10.121+0000][1890.604s][info][gc,heap        ] GC(915) DefNew: 24249K(26048K)->1063K(26048K) Eden: 23168K(23168K)->0K(23168K) From: 1081K(2880K)->1063K(2880K)
[2026-10-07T23:40:10.121+0000][1890.604s][info][gc,heap        ] GC(915) Tenured: 48806K(57520K)->48848K(57520K)
[2026-10-07T23:40:10.121+0000][1890.604s][info][gc,metaspace   ] GC(915) Metaspace: 74912K(75712K)->74912K(75712K) NonClass: 65632K(65984K)->65632K(65984K) Class: 9279K(9728K)->9279K(9728K)
[2026-10-07T23:40:10.121+0000][1890.604s][info][gc             ] GC(915) Pause Young (Allocation Failure) 71M->48M(81M) 8.711ms
[2026-10-07T23:40:10.121+0000][1890.604s][info][gc,cpu         ] GC(915) User=0.01s Sys=0.00s Real=0.01s
[2026-10-07T23:40:12.978+0000][1893.460s][info][gc,start       ] GC(916) Pause Young (Allocation Failure)
[2026-10-07T23:40:12.985+0000][1893.468s][info][gc,heap        ] GC(916) DefNew: 24231K(26048K)->1049K(26048K) Eden: 23168K(23168K)->0K(23168K) From: 1063K(2880K)->1049K(2880K)
[2026-10-07T23:40:12.985+0000][1893.468s][info][gc,heap        ] GC(916) Tenured: 48848K(57520K)->48901K(57520K)
[2026-10-07T23:40:12.985+0000][1893.468s][info][gc,metaspace   ] GC(916) Metaspace: 74912K(75712K)->74912K(75712K) NonClass: 65632K(65984K)->65632K(65984K) Class: 9279K(9728K)->9279K(9728K)
[2026-10-07T23:40:12.985+0000][1893.468s][info][gc             ] GC(916) Pause Young (Allocation Failure) 71M->48M(81M) 7.877ms
[2026-10-07T23:40:12.986+0000][1893.468s][info][gc,cpu         ] GC(916) User=0.01s Sys=0.00s Real=0.01s
[2026-10-07T23:40:15.772+0000][1896.255s][info][gc,start       ] GC(917) Pause Young (Allocation Failure)
[2026-10-07T23:40:15.781+0000][1896.264s][info][gc,heap        ] GC(917) DefNew: 24217K(26048K)->1059K(26048K) Eden: 23168K(23168K)->0K(23168K) From: 1049K(2880K)->1059K(2880K)
[2026-10-07T23:40:15.781+0000][1896.264s][info][gc,heap        ] GC(917) Tenured: 48901K(57520K)->48948K(57520K)
[2026-10-07T23:40:15.781+0000][1896.264s][info][gc,metaspace   ] GC(917) Metaspace: 74913K(75712K)->74913K(75712K) NonClass: 65634K(65984K)->65634K(65984K) Class: 9279K(9728K)->9279K(9728K)
[2026-10-07T23:40:15.782+0000][1896.264s][info][gc             ] GC(917) Pause Young (Allocation Failure) 71M->48M(81M) 9.614ms
[2026-10-07T23:40:15.782+0000][1896.264s][info][gc,cpu         ] GC(917) User=0.00s Sys=0.00s Real=0.01s
[2026-10-07T23:40:18.653+0000][1899.136s][info][gc,start       ] GC(918) Pause Young (Allocation Failure)
[2026-10-07T23:40:18.661+0000][1899.144s][info][gc,heap        ] GC(918) DefNew: 24227K(26048K)->1055K(26048K) Eden: 23168K(23168K)->0K(23168K) From: 1059K(2880K)->1055K(2880K)
[2026-10-07T23:40:18.661+0000][1899.144s][info][gc,heap        ] GC(918) Tenured: 48948K(57520K)->48988K(57520K)
[2026-10-07T23:40:18.661+0000][1899.144s][info][gc,metaspace   ] GC(918) Metaspace: 74913K(75712K)->74913K(75712K) NonClass: 65634K(65984K)->65634K(65984K) Class: 9279K(9728K)->9279K(9728K)
[2026-10-07T23:40:18.661+0000][1899.144s][info][gc             ] GC(918) Pause Young (Allocation Failure) 71M->48M(81M) 7.927ms
[2026-10-07T23:40:18.661+0000][1899.144s][info][gc,cpu         ] GC(918) User=0.01s Sys=0.00s Real=0.01s
[2026-10-07T23:40:21.540+0000][1902.023s][info][gc,start       ] GC(919) Pause Young (Allocation Failure)
[2026-10-07T23:40:21.552+0000][1902.035s][info][gc,heap        ] GC(919) DefNew: 24223K(26048K)->1087K(26048K) Eden: 23168K(23168K)->0K(23168K) From: 1055K(2880K)->1087K(2880K)
[2026-10-07T23:40:21.552+0000][1902.035s][info][gc,heap        ] GC(919) Tenured: 48988K(57520K)->49031K(57520K)
[2026-10-07T23:40:21.552+0000][1902.035s][info][gc,metaspace   ] GC(919) Metaspace: 74913K(75712K)->74913K(75712K) NonClass: 65634K(65984K)->65634K(65984K) Class: 9279K(9728K)->9279K(9728K)
[2026-10-07T23:40:21.552+0000][1902.035s][info][gc             ] GC(919) Pause Young (Allocation Failure) 71M->48M(81M) 12.700ms
[2026-10-07T23:40:21.552+0000][1902.035s][info][gc,cpu         ] GC(919) User=0.01s Sys=0.00s Real=0.01s
[2026-10-07T23:40:24.363+0000][1904.846s][info][gc,start       ] GC(920) Pause Young (Allocation Failure)
[2026-10-07T23:40:24.372+0000][1904.855s][info][gc,heap        ] GC(920) DefNew: 24255K(26048K)->1053K(26048K) Eden: 23168K(23168K)->0K(23168K) From: 1087K(2880K)->1053K(2880K)
[2026-10-07T23:40:24.372+0000][1904.855s][info][gc,heap        ] GC(920) Tenured: 49031K(57520K)->49079K(57520K)
[2026-10-07T23:40:24.372+0000][1904.855s][info][gc,metaspace   ] GC(920) Metaspace: 74913K(75712K)->74913K(75712K) NonClass: 65634K(65984K)->65634K(65984K) Class: 9279K(9728K)->9279K(9728K)
[2026-10-07T23:40:24.372+0000][1904.855s][info][gc             ] GC(920) Pause Young (Allocation Failure) 71M->48M(81M) 8.767ms
[2026-10-07T23:40:24.372+0000][1904.855s][info][gc,cpu         ] GC(920) User=0.01s Sys=0.01s Real=0.01s
[2026-10-07T23:40:27.265+0000][1907.748s][info][gc,start       ] GC(921) Pause Young (Allocation Failure)
[2026-10-07T23:40:27.277+0000][1907.760s][info][gc,heap        ] GC(921) DefNew: 24221K(26048K)->1109K(26048K) Eden: 23168K(23168K)->0K(23168K) From: 1053K(2880K)->1109K(2880K)
[2026-10-07T23:40:27.278+0000][1907.760s][info][gc,heap        ] GC(921) Tenured: 49079K(57520K)->49118K(57520K)
[2026-10-07T23:40:27.278+0000][1907.760s][info][gc,metaspace   ] GC(921) Metaspace: 74913K(75712K)->74913K(75712K) NonClass: 65634K(65984K)->65634K(65984K) Class: 9279K(9728K)->9279K(9728K)
[2026-10-07T23:40:27.278+0000][1907.761s][info][gc             ] GC(921) Pause Young (Allocation Failure) 71M->49M(81M) 12.302ms
[2026-10-07T23:40:27.278+0000][1907.761s][info][gc,cpu         ] GC(921) User=0.01s Sys=0.00s Real=0.01s
[2026-10-07T23:40:30.055+0000][1910.538s][info][gc,start       ] GC(922) Pause Young (Allocation Failure)
[2026-10-07T23:40:30.062+0000][1910.545s][info][gc,heap        ] GC(922) DefNew: 24277K(26048K)->1067K(26048K) Eden: 23168K(23168K)->0K(23168K) From: 1109K(2880K)->1067K(2880K)
[2026-10-07T23:40:30.063+0000][1910.545s][info][gc,heap        ] GC(922) Tenured: 49118K(57520K)->49162K(57520K)
[2026-10-07T23:40:30.063+0000][1910.546s][info][gc,metaspace   ] GC(922) Metaspace: 74913K(75712K)->74913K(75712K) NonClass: 65634K(65984K)->65634K(65984K) Class: 9279K(9728K)->9279K(9728K)
[2026-10-07T23:40:30.063+0000][1910.546s][info][gc             ] GC(922) Pause Young (Allocation Failure) 71M->49M(81M) 8.161ms
[2026-10-07T23:40:30.063+0000][1910.546s][info][gc,cpu         ] GC(922) User=0.01s Sys=0.00s Real=0.00s
[2026-10-07T23:40:32.947+0000][1913.430s][info][gc,start       ] GC(923) Pause Young (Allocation Failure)
[2026-10-07T23:40:32.957+0000][1913.440s][info][gc,heap        ] GC(923) DefNew: 24235K(26048K)->1031K(26048K) Eden: 23168K(23168K)->0K(23168K) From: 1067K(2880K)->1031K(2880K)
[2026-10-07T23:40:32.957+0000][1913.440s][info][gc,heap        ] GC(923) Tenured: 49162K(57520K)->49205K(57520K)
[2026-10-07T23:40:32.957+0000][1913.440s][info][gc,metaspace   ] GC(923) Metaspace: 74913K(75712K)->74913K(75712K) NonClass: 65634K(65984K)->65634K(65984K) Class: 9279K(9728K)->9279K(9728K)
[2026-10-07T23:40:32.957+0000][1913.440s][info][gc             ] GC(923) Pause Young (Allocation Failure) 71M->49M(81M) 9.781ms
[2026-10-07T23:40:32.957+0000][1913.440s][info][gc,cpu         ] GC(923) User=0.01s Sys=0.00s Real=0.01s
[2026-10-07T23:40:35.775+0000][1916.258s][info][gc,start       ] GC(924) Pause Young (Allocation Failure)
[2026-10-07T23:40:35.786+0000][1916.269s][info][gc,heap        ] GC(924) DefNew: 24199K(26048K)->1095K(26048K) Eden: 23168K(23168K)->0K(23168K) From: 1031K(2880K)->1095K(2880K)
[2026-10-07T23:40:35.788+0000][1916.270s][info][gc,heap        ] GC(924) Tenured: 49205K(57520K)->49260K(57520K)
[2026-10-07T23:40:35.788+0000][1916.270s][info][gc,metaspace   ] GC(924) Metaspace: 74913K(75712K)->74913K(75712K) NonClass: 65634K(65984K)->65634K(65984K) Class: 9279K(9728K)->9279K(9728K)
[2026-10-07T23:40:35.788+0000][1916.271s][info][gc             ] GC(924) Pause Young (Allocation Failure) 71M->49M(81M) 12.351ms
[2026-10-07T23:40:35.788+0000][1916.271s][info][gc,cpu         ] GC(924) User=0.01s Sys=0.00s Real=0.01s
[2026-10-07T23:40:38.613+0000][1919.096s][info][gc,start       ] GC(925) Pause Young (Allocation Failure)
[2026-10-07T23:40:38.621+0000][1919.103s][info][gc,heap        ] GC(925) DefNew: 24263K(26048K)->1051K(26048K) Eden: 23168K(23168K)->0K(23168K) From: 1095K(2880K)->1051K(2880K)
[2026-10-07T23:40:38.621+0000][1919.103s][info][gc,heap        ] GC(925) Tenured: 49260K(57520K)->49306K(57520K)
[2026-10-07T23:40:38.621+0000][1919.104s][info][gc,metaspace   ] GC(925) Metaspace: 74919K(75712K)->74919K(75712K) NonClass: 65640K(65984K)->65640K(65984K) Class: 9279K(9728K)->9279K(9728K)
[2026-10-07T23:40:38.621+0000][1919.104s][info][gc             ] GC(925) Pause Young (Allocation Failure) 71M->49M(81M) 7.963ms
[2026-10-07T23:40:38.621+0000][1919.104s][info][gc,cpu         ] GC(925) User=0.01s Sys=0.00s Real=0.01s
[2026-10-07T23:40:41.518+0000][1922.001s][info][gc,start       ] GC(926) Pause Young (Allocation Failure)
[2026-10-07T23:40:41.535+0000][1922.018s][info][gc,heap        ] GC(926) DefNew: 24219K(26048K)->1098K(26048K) Eden: 23168K(23168K)->0K(23168K) From: 1051K(2880K)->1098K(2880K)
[2026-10-07T23:40:41.535+0000][1922.018s][info][gc,heap        ] GC(926) Tenured: 49306K(57520K)->49368K(57520K)
[2026-10-07T23:40:41.535+0000][1922.018s][info][gc,metaspace   ] GC(926) Metaspace: 74919K(75712K)->74919K(75712K) NonClass: 65640K(65984K)->65640K(65984K) Class: 9279K(9728K)->9279K(9728K)
[2026-10-07T23:40:41.535+0000][1922.018s][info][gc             ] GC(926) Pause Young (Allocation Failure) 71M->49M(81M) 16.949ms
[2026-10-07T23:40:41.535+0000][1922.018s][info][gc,cpu         ] GC(926) User=0.01s Sys=0.00s Real=0.02s
[2026-10-07T23:40:44.293+0000][1924.776s][info][gc,start       ] GC(927) Pause Young (Allocation Failure)
[2026-10-07T23:40:44.320+0000][1924.803s][info][gc,heap        ] GC(927) DefNew: 24266K(26048K)->1026K(26048K) Eden: 23168K(23168K)->0K(23168K) From: 1098K(2880K)->1026K(2880K)
[2026-10-07T23:40:44.321+0000][1924.804s][info][gc,heap        ] GC(927) Tenured: 49368K(57520K)->49412K(57520K)
[2026-10-07T23:40:44.321+0000][1924.804s][info][gc,metaspace   ] GC(927) Metaspace: 74947K(75776K)->74947K(75776K) NonClass: 65665K(66048K)->65665K(66048K) Class: 9281K(9728K)->9281K(9728K)
[2026-10-07T23:40:44.321+0000][1924.804s][info][gc             ] GC(927) Pause Young (Allocation Failure) 71M->49M(81M) 28.452ms
[2026-10-07T23:40:44.321+0000][1924.804s][info][gc,cpu         ] GC(927) User=0.01s Sys=0.00s Real=0.03s
[2026-10-07T23:40:47.185+0000][1927.668s][info][gc,start       ] GC(928) Pause Young (Allocation Failure)
[2026-10-07T23:40:47.193+0000][1927.676s][info][gc,heap        ] GC(928) DefNew: 24194K(26048K)->1122K(26048K) Eden: 23168K(23168K)->0K(23168K) From: 1026K(2880K)->1122K(2880K)
[2026-10-07T23:40:47.193+0000][1927.676s][info][gc,heap        ] GC(928) Tenured: 49412K(57520K)->49459K(57520K)
[2026-10-07T23:40:47.193+0000][1927.676s][info][gc,metaspace   ] GC(928) Metaspace: 74949K(75776K)->74949K(75776K) NonClass: 65667K(66048K)->65667K(66048K) Class: 9281K(9728K)->9281K(9728K)
[2026-10-07T23:40:47.193+0000][1927.676s][info][gc             ] GC(928) Pause Young (Allocation Failure) 71M->49M(81M) 8.240ms
[2026-10-07T23:40:47.193+0000][1927.676s][info][gc,cpu         ] GC(928) User=0.01s Sys=0.00s Real=0.00s
[2026-10-07T23:40:50.012+0000][1930.495s][info][gc,start       ] GC(929) Pause Young (Allocation Failure)
[2026-10-07T23:40:50.021+0000][1930.504s][info][gc,heap        ] GC(929) DefNew: 24290K(26048K)->1061K(26048K) Eden: 23168K(23168K)->0K(23168K) From: 1122K(2880K)->1061K(2880K)
[2026-10-07T23:40:50.021+0000][1930.504s][info][gc,heap        ] GC(929) Tenured: 49459K(57520K)->49528K(57520K)
[2026-10-07T23:40:50.021+0000][1930.504s][info][gc,metaspace   ] GC(929) Metaspace: 74949K(75776K)->74949K(75776K) NonClass: 65667K(66048K)->65667K(66048K) Class: 9281K(9728K)->9281K(9728K)
[2026-10-07T23:40:50.021+0000][1930.504s][info][gc             ] GC(929) Pause Young (Allocation Failure) 72M->49M(81M) 8.887ms
[2026-10-07T23:40:50.021+0000][1930.504s][info][gc,cpu         ] GC(929) User=0.00s Sys=0.00s Real=0.01s
[2026-10-07T23:40:52.869+0000][1933.352s][info][gc,start       ] GC(930) Pause Young (Allocation Failure)
[2026-10-07T23:40:52.883+0000][1933.366s][info][gc,heap        ] GC(930) DefNew: 24229K(26048K)->1019K(26048K) Eden: 23168K(23168K)->0K(23168K) From: 1061K(2880K)->1019K(2880K)
[2026-10-07T23:40:52.883+0000][1933.366s][info][gc,heap        ] GC(930) Tenured: 49528K(57520K)->49572K(57520K)
[2026-10-07T23:40:52.883+0000][1933.366s][info][gc,metaspace   ] GC(930) Metaspace: 74949K(75776K)->74949K(75776K) NonClass: 65667K(66048K)->65667K(66048K) Class: 9281K(9728K)->9281K(9728K)
[2026-10-07T23:40:52.883+0000][1933.366s][info][gc             ] GC(930) Pause Young (Allocation Failure) 72M->49M(81M) 14.135ms
[2026-10-07T23:40:52.883+0000][1933.366s][info][gc,cpu         ] GC(930) User=0.01s Sys=0.00s Real=0.01s
[2026-10-07T23:40:55.728+0000][1936.210s][info][gc,start       ] GC(931) Pause Young (Allocation Failure)
[2026-10-07T23:40:55.737+0000][1936.219s][info][gc,heap        ] GC(931) DefNew: 24187K(26048K)->1110K(26048K) Eden: 23168K(23168K)->0K(23168K) From: 1019K(2880K)->1110K(2880K)
[2026-10-07T23:40:55.737+0000][1936.220s][info][gc,heap        ] GC(931) Tenured: 49572K(57520K)->49625K(57520K)
[2026-10-07T23:40:55.737+0000][1936.220s][info][gc,metaspace   ] GC(931) Metaspace: 74949K(75776K)->74949K(75776K) NonClass: 65667K(66048K)->65667K(66048K) Class: 9281K(9728K)->9281K(9728K)
[2026-10-07T23:40:55.737+0000][1936.220s][info][gc             ] GC(931) Pause Young (Allocation Failure) 72M->49M(81M) 9.413ms
[2026-10-07T23:40:55.737+0000][1936.220s][info][gc,cpu         ] GC(931) User=0.01s Sys=0.00s Real=0.01s
[2026-10-07T23:40:58.479+0000][1938.962s][info][gc,start       ] GC(932) Pause Young (Allocation Failure)
[2026-10-07T23:40:58.487+0000][1938.970s][info][gc,heap        ] GC(932) DefNew: 24278K(26048K)->1007K(26048K) Eden: 23168K(23168K)->0K(23168K) From: 1110K(2880K)->1007K(2880K)
[2026-10-07T23:40:58.487+0000][1938.970s][info][gc,heap        ] GC(932) Tenured: 49625K(57520K)->49671K(57520K)
[2026-10-07T23:40:58.487+0000][1938.970s][info][gc,metaspace   ] GC(932) Metaspace: 74950K(75776K)->74950K(75776K) NonClass: 65668K(66048K)->65668K(66048K) Class: 9281K(9728K)->9281K(9728K)
[2026-10-07T23:40:58.487+0000][1938.970s][info][gc             ] GC(932) Pause Young (Allocation Failure) 72M->49M(81M) 8.101ms
[2026-10-07T23:40:58.487+0000][1938.970s][info][gc,cpu         ] GC(932) User=0.01s Sys=0.00s Real=0.01s
[2026-10-07T23:41:01.371+0000][1941.854s][info][gc,start       ] GC(933) Pause Young (Allocation Failure)
[2026-10-07T23:41:01.381+0000][1941.864s][info][gc,heap        ] GC(933) DefNew: 24175K(26048K)->1072K(26048K) Eden: 23167K(23168K)->0K(23168K) From: 1007K(2880K)->1072K(2880K)
[2026-10-07T23:41:01.381+0000][1941.864s][info][gc,heap        ] GC(933) Tenured: 49671K(57520K)->49717K(57520K)
[2026-10-07T23:41:01.381+0000][1941.864s][info][gc,metaspace   ] GC(933) Metaspace: 74950K(75776K)->74950K(75776K) NonClass: 65668K(66048K)->65668K(66048K) Class: 9281K(9728K)->9281K(9728K)
[2026-10-07T23:41:01.381+0000][1941.864s][info][gc             ] GC(933) Pause Young (Allocation Failure) 72M->49M(81M) 9.980ms
[2026-10-07T23:41:01.383+0000][1941.865s][info][gc,cpu         ] GC(933) User=0.01s Sys=0.00s Real=0.01s
[2026-10-07T23:41:04.193+0000][1944.676s][info][gc,start       ] GC(934) Pause Young (Allocation Failure)
[2026-10-07T23:41:04.206+0000][1944.689s][info][gc,heap        ] GC(934) DefNew: 24240K(26048K)->1043K(26048K) Eden: 23168K(23168K)->0K(23168K) From: 1072K(2880K)->1043K(2880K)
[2026-10-07T23:41:04.206+0000][1944.689s][info][gc,heap        ] GC(934) Tenured: 49717K(57520K)->49767K(57520K)
[2026-10-07T23:41:04.206+0000][1944.689s][info][gc,metaspace   ] GC(934) Metaspace: 74989K(75776K)->74989K(75776K) NonClass: 65707K(66048K)->65707K(66048K) Class: 9281K(9728K)->9281K(9728K)
[2026-10-07T23:41:04.206+0000][1944.689s][info][gc             ] GC(934) Pause Young (Allocation Failure) 72M->49M(81M) 12.695ms
[2026-10-07T23:41:04.206+0000][1944.689s][info][gc,cpu         ] GC(934) User=0.01s Sys=0.00s Real=0.02s
[2026-10-07T23:41:07.115+0000][1947.598s][info][gc,start       ] GC(935) Pause Young (Allocation Failure)
[2026-10-07T23:41:07.125+0000][1947.608s][info][gc,heap        ] GC(935) DefNew: 24211K(26048K)->1145K(26048K) Eden: 23168K(23168K)->0K(23168K) From: 1043K(2880K)->1145K(2880K)
[2026-10-07T23:41:07.125+0000][1947.608s][info][gc,heap        ] GC(935) Tenured: 49767K(57520K)->49808K(57520K)
[2026-10-07T23:41:07.125+0000][1947.608s][info][gc,metaspace   ] GC(935) Metaspace: 75000K(75776K)->75000K(75776K) NonClass: 65718K(66048K)->65718K(66048K) Class: 9281K(9728K)->9281K(9728K)
[2026-10-07T23:41:07.125+0000][1947.608s][info][gc             ] GC(935) Pause Young (Allocation Failure) 72M->49M(81M) 9.707ms
[2026-10-07T23:41:07.125+0000][1947.608s][info][gc,cpu         ] GC(935) User=0.01s Sys=0.00s Real=0.01s
[2026-10-07T23:41:09.938+0000][1950.421s][info][gc,start       ] GC(936) Pause Young (Allocation Failure)
[2026-10-07T23:41:09.946+0000][1950.429s][info][gc,heap        ] GC(936) DefNew: 24313K(26048K)->1069K(26048K) Eden: 23168K(23168K)->0K(23168K) From: 1145K(2880K)->1069K(2880K)
[2026-10-07T23:41:09.947+0000][1950.429s][info][gc,heap        ] GC(936) Tenured: 49808K(57520K)->49863K(57520K)
[2026-10-07T23:41:09.947+0000][1950.430s][info][gc,metaspace   ] GC(936) Metaspace: 75001K(75776K)->75001K(75776K) NonClass: 65719K(66048K)->65719K(66048K) Class: 9281K(9728K)->9281K(9728K)
[2026-10-07T23:41:09.947+0000][1950.430s][info][gc             ] GC(936) Pause Young (Allocation Failure) 72M->49M(81M) 9.629ms
[2026-10-07T23:41:09.947+0000][1950.430s][info][gc,cpu         ] GC(936) User=0.01s Sys=0.00s Real=0.01s
[2026-10-07T23:41:12.763+0000][1953.246s][info][gc,start       ] GC(937) Pause Young (Allocation Failure)
[2026-10-07T23:41:12.775+0000][1953.258s][info][gc,heap        ] GC(937) DefNew: 24237K(26048K)->1267K(26048K) Eden: 23167K(23168K)->0K(23168K) From: 1069K(2880K)->1267K(2880K)
[2026-10-07T23:41:12.776+0000][1953.258s][info][gc,heap        ] GC(937) Tenured: 49863K(57520K)->49907K(57520K)
[2026-10-07T23:41:12.776+0000][1953.259s][info][gc,metaspace   ] GC(937) Metaspace: 75001K(75776K)->75001K(75776K) NonClass: 65719K(66048K)->65719K(66048K) Class: 9281K(9728K)->9281K(9728K)
[2026-10-07T23:41:12.776+0000][1953.259s][info][gc             ] GC(937) Pause Young (Allocation Failure) 72M->49M(81M) 12.721ms
[2026-10-07T23:41:12.776+0000][1953.259s][info][gc,cpu         ] GC(937) User=0.01s Sys=0.00s Real=0.02s
[2026-10-07T23:41:15.546+0000][1956.029s][info][gc,start       ] GC(938) Pause Young (Allocation Failure)
[2026-10-07T23:41:15.556+0000][1956.039s][info][gc,heap        ] GC(938) DefNew: 24435K(26048K)->1107K(26048K) Eden: 23168K(23168K)->0K(23168K) From: 1267K(2880K)->1107K(2880K)
[2026-10-07T23:41:15.556+0000][1956.039s][info][gc,heap        ] GC(938) Tenured: 49907K(57520K)->49956K(57520K)
[2026-10-07T23:41:15.556+0000][1956.039s][info][gc,metaspace   ] GC(938) Metaspace: 75002K(75776K)->75002K(75776K) NonClass: 65721K(66048K)->65721K(66048K) Class: 9281K(9728K)->9281K(9728K)
[2026-10-07T23:41:15.556+0000][1956.039s][info][gc             ] GC(938) Pause Young (Allocation Failure) 72M->49M(81M) 9.920ms
[2026-10-07T23:41:15.556+0000][1956.039s][info][gc,cpu         ] GC(938) User=0.01s Sys=0.00s Real=0.01s
[2026-10-07T23:41:18.403+0000][1958.886s][info][gc,start       ] GC(939) Pause Young (Allocation Failure)
[2026-10-07T23:41:18.414+0000][1958.897s][info][gc,heap        ] GC(939) DefNew: 24275K(26048K)->1085K(26048K) Eden: 23168K(23168K)->0K(23168K) From: 1107K(2880K)->1085K(2880K)
[2026-10-07T23:41:18.414+0000][1958.897s][info][gc,heap        ] GC(939) Tenured: 49956K(57520K)->50003K(57520K)
[2026-10-07T23:41:18.414+0000][1958.897s][info][gc,metaspace   ] GC(939) Metaspace: 75002K(75776K)->75002K(75776K) NonClass: 65721K(66048K)->65721K(66048K) Class: 9281K(9728K)->9281K(9728K)
[2026-10-07T23:41:18.415+0000][1958.898s][info][gc             ] GC(939) Pause Young (Allocation Failure) 72M->49M(81M) 11.888ms
[2026-10-07T23:41:18.415+0000][1958.898s][info][gc,cpu         ] GC(939) User=0.01s Sys=0.00s Real=0.02s
[2026-10-07T23:41:21.281+0000][1961.764s][info][gc,start       ] GC(940) Pause Young (Allocation Failure)
[2026-10-07T23:41:21.299+0000][1961.782s][info][gc,heap        ] GC(940) DefNew: 24253K(26048K)->1152K(26048K) Eden: 23168K(23168K)->0K(23168K) From: 1085K(2880K)->1152K(2880K)
[2026-10-07T23:41:21.299+0000][1961.782s][info][gc,heap        ] GC(940) Tenured: 50003K(57520K)->50054K(57520K)
[2026-10-07T23:41:21.299+0000][1961.782s][info][gc,metaspace   ] GC(940) Metaspace: 75002K(75776K)->75002K(75776K) NonClass: 65721K(66048K)->65721K(66048K) Class: 9281K(9728K)->9281K(9728K)
[2026-10-07T23:41:21.299+0000][1961.782s][info][gc             ] GC(940) Pause Young (Allocation Failure) 72M->50M(81M) 17.712ms
[2026-10-07T23:41:21.299+0000][1961.782s][info][gc,cpu         ] GC(940) User=0.01s Sys=0.00s Real=0.02s
[2026-10-07T23:41:24.112+0000][1964.595s][info][gc,start       ] GC(941) Pause Young (Allocation Failure)
[2026-10-07T23:41:24.124+0000][1964.607s][info][gc,heap        ] GC(941) DefNew: 24320K(26048K)->1133K(26048K) Eden: 23168K(23168K)->0K(23168K) From: 1152K(2880K)->1133K(2880K)
[2026-10-07T23:41:24.124+0000][1964.607s][info][gc,heap        ] GC(941) Tenured: 50054K(57520K)->50101K(57520K)
[2026-10-07T23:41:24.124+0000][1964.607s][info][gc,metaspace   ] GC(941) Metaspace: 75002K(75776K)->75002K(75776K) NonClass: 65721K(66048K)->65721K(66048K) Class: 9281K(9728K)->9281K(9728K)
[2026-10-07T23:41:24.125+0000][1964.607s][info][gc             ] GC(941) Pause Young (Allocation Failure) 72M->50M(81M) 12.102ms
[2026-10-07T23:41:24.125+0000][1964.607s][info][gc,cpu         ] GC(941) User=0.01s Sys=0.00s Real=0.02s
[2026-10-07T23:41:27.001+0000][1967.483s][info][gc,start       ] GC(942) Pause Young (Allocation Failure)
[2026-10-07T23:41:27.012+0000][1967.494s][info][gc,heap        ] GC(942) DefNew: 24301K(26048K)->1146K(26048K) Eden: 23168K(23168K)->0K(23168K) From: 1133K(2880K)->1146K(2880K)
[2026-10-07T23:41:27.012+0000][1967.495s][info][gc,heap        ] GC(942) Tenured: 50101K(57520K)->50146K(57520K)
[2026-10-07T23:41:27.012+0000][1967.495s][info][gc,metaspace   ] GC(942) Metaspace: 75002K(75776K)->75002K(75776K) NonClass: 65721K(66048K)->65721K(66048K) Class: 9281K(9728K)->9281K(9728K)
[2026-10-07T23:41:27.012+0000][1967.495s][info][gc             ] GC(942) Pause Young (Allocation Failure) 72M->50M(81M) 11.328ms
[2026-10-07T23:41:27.012+0000][1967.495s][info][gc,cpu         ] GC(942) User=0.00s Sys=0.00s Real=0.01s
[2026-10-07T23:41:29.797+0000][1970.280s][info][gc,start       ] GC(943) Pause Young (Allocation Failure)
[2026-10-07T23:41:29.806+0000][1970.289s][info][gc,heap        ] GC(943) DefNew: 24314K(26048K)->1124K(26048K) Eden: 23168K(23168K)->0K(23168K) From: 1146K(2880K)->1124K(2880K)
[2026-10-07T23:41:29.807+0000][1970.290s][info][gc,heap        ] GC(943) Tenured: 50146K(57520K)->50201K(57520K)
[2026-10-07T23:41:29.807+0000][1970.290s][info][gc,metaspace   ] GC(943) Metaspace: 75002K(75776K)->75002K(75776K) NonClass: 65721K(66048K)->65721K(66048K) Class: 9281K(9728K)->9281K(9728K)
[2026-10-07T23:41:29.807+0000][1970.290s][info][gc             ] GC(943) Pause Young (Allocation Failure) 72M->50M(81M) 9.447ms
[2026-10-07T23:41:29.807+0000][1970.290s][info][gc,cpu         ] GC(943) User=0.01s Sys=0.00s Real=0.01s
[2026-10-07T23:41:32.707+0000][1973.189s][info][gc,start       ] GC(944) Pause Young (Allocation Failure)
[2026-10-07T23:41:32.716+0000][1973.199s][info][gc,heap        ] GC(944) DefNew: 24292K(26048K)->1140K(26048K) Eden: 23168K(23168K)->0K(23168K) From: 1124K(2880K)->1140K(2880K)
[2026-10-07T23:41:32.716+0000][1973.199s][info][gc,heap        ] GC(944) Tenured: 50201K(57520K)->50250K(57520K)
[2026-10-07T23:41:32.716+0000][1973.199s][info][gc,metaspace   ] GC(944) Metaspace: 75002K(75776K)->75002K(75776K) NonClass: 65721K(66048K)->65721K(66048K) Class: 9281K(9728K)->9281K(9728K)
[2026-10-07T23:41:32.717+0000][1973.199s][info][gc             ] GC(944) Pause Young (Allocation Failure) 72M->50M(81M) 10.005ms
[2026-10-07T23:41:32.717+0000][1973.200s][info][gc,cpu         ] GC(944) User=0.01s Sys=0.00s Real=0.01s
[2026-10-07T23:41:35.551+0000][1976.034s][info][gc,start       ] GC(945) Pause Young (Allocation Failure)
[2026-10-07T23:41:35.562+0000][1976.045s][info][gc,heap        ] GC(945) DefNew: 24308K(26048K)->1109K(26048K) Eden: 23168K(23168K)->0K(23168K) From: 1140K(2880K)->1109K(2880K)
[2026-10-07T23:41:35.562+0000][1976.045s][info][gc,heap        ] GC(945) Tenured: 50250K(57520K)->50295K(57520K)
[2026-10-07T23:41:35.562+0000][1976.045s][info][gc,metaspace   ] GC(945) Metaspace: 75002K(75776K)->75002K(75776K) NonClass: 65721K(66048K)->65721K(66048K) Class: 9281K(9728K)->9281K(9728K)
[2026-10-07T23:41:35.562+0000][1976.045s][info][gc             ] GC(945) Pause Young (Allocation Failure) 72M->50M(81M) 10.698ms
[2026-10-07T23:41:35.562+0000][1976.045s][info][gc,cpu         ] GC(945) User=0.01s Sys=0.00s Real=0.01s
[2026-10-07T23:41:38.377+0000][1978.860s][info][gc,start       ] GC(946) Pause Young (Allocation Failure)
[2026-10-07T23:41:38.386+0000][1978.868s][info][gc,heap        ] GC(946) DefNew: 24277K(26048K)->1076K(26048K) Eden: 23168K(23168K)->0K(23168K) From: 1109K(2880K)->1076K(2880K)
[2026-10-07T23:41:38.386+0000][1978.869s][info][gc,heap        ] GC(946) Tenured: 50295K(57520K)->50360K(57520K)
[2026-10-07T23:41:38.386+0000][1978.869s][info][gc,metaspace   ] GC(946) Metaspace: 75003K(75776K)->75003K(75776K) NonClass: 65721K(66048K)->65721K(66048K) Class: 9281K(9728K)->9281K(9728K)
[2026-10-07T23:41:38.386+0000][1978.869s][info][gc             ] GC(946) Pause Young (Allocation Failure) 72M->50M(81M) 9.147ms
[2026-10-07T23:41:38.386+0000][1978.869s][info][gc,cpu         ] GC(946) User=0.01s Sys=0.00s Real=0.01s
[2026-10-07T23:41:41.301+0000][1981.784s][info][gc,start       ] GC(947) Pause Young (Allocation Failure)
[2026-10-07T23:41:41.309+0000][1981.792s][info][gc,heap        ] GC(947) DefNew: 24244K(26048K)->1154K(26048K) Eden: 23168K(23168K)->0K(23168K) From: 1076K(2880K)->1154K(2880K)
[2026-10-07T23:41:41.309+0000][1981.792s][info][gc,heap        ] GC(947) Tenured: 50360K(57520K)->50403K(57520K)
[2026-10-07T23:41:41.309+0000][1981.792s][info][gc,metaspace   ] GC(947) Metaspace: 75003K(75776K)->75003K(75776K) NonClass: 65721K(66048K)->65721K(66048K) Class: 9281K(9728K)->9281K(9728K)
[2026-10-07T23:41:41.309+0000][1981.792s][info][gc             ] GC(947) Pause Young (Allocation Failure) 72M->50M(81M) 8.274ms
[2026-10-07T23:41:41.309+0000][1981.792s][info][gc,cpu         ] GC(947) User=0.00s Sys=0.00s Real=0.01s
[2026-10-07T23:41:44.087+0000][1984.570s][info][gc,start       ] GC(948) Pause Young (Allocation Failure)
[2026-10-07T23:41:44.105+0000][1984.588s][info][gc,heap        ] GC(948) DefNew: 24322K(26048K)->1033K(26048K) Eden: 23168K(23168K)->0K(23168K) From: 1154K(2880K)->1033K(2880K)
[2026-10-07T23:41:44.106+0000][1984.589s][info][gc,heap        ] GC(948) Tenured: 50403K(57520K)->50465K(57520K)
[2026-10-07T23:41:44.106+0000][1984.589s][info][gc,metaspace   ] GC(948) Metaspace: 75003K(75776K)->75003K(75776K) NonClass: 65721K(66048K)->65721K(66048K) Class: 9281K(9728K)->9281K(9728K)
[2026-10-07T23:41:44.106+0000][1984.589s][info][gc             ] GC(948) Pause Young (Allocation Failure) 72M->50M(81M) 19.378ms
[2026-10-07T23:41:44.106+0000][1984.589s][info][gc,cpu         ] GC(948) User=0.01s Sys=0.00s Real=0.02s
[2026-10-07T23:41:46.973+0000][1987.456s][info][gc,start       ] GC(949) Pause Young (Allocation Failure)
[2026-10-07T23:41:46.983+0000][1987.465s][info][gc,heap        ] GC(949) DefNew: 24201K(26048K)->1089K(26048K) Eden: 23168K(23168K)->0K(23168K) From: 1033K(2880K)->1089K(2880K)
[2026-10-07T23:41:46.983+0000][1987.465s][info][gc,heap        ] GC(949) Tenured: 50465K(57520K)->50511K(57520K)
[2026-10-07T23:41:46.983+0000][1987.465s][info][gc,metaspace   ] GC(949) Metaspace: 75003K(75776K)->75003K(75776K) NonClass: 65721K(66048K)->65721K(66048K) Class: 9281K(9728K)->9281K(9728K)
[2026-10-07T23:41:46.983+0000][1987.466s][info][gc             ] GC(949) Pause Young (Allocation Failure) 72M->50M(81M) 9.567ms
[2026-10-07T23:41:46.983+0000][1987.466s][info][gc,cpu         ] GC(949) User=0.00s Sys=0.00s Real=0.01s
[2026-10-07T23:41:49.829+0000][1990.312s][info][gc,start       ] GC(950) Pause Young (Allocation Failure)
[2026-10-07T23:41:49.837+0000][1990.320s][info][gc,heap        ] GC(950) DefNew: 24257K(26048K)->1115K(26048K) Eden: 23167K(23168K)->0K(23168K) From: 1089K(2880K)->1115K(2880K)
[2026-10-07T23:41:49.837+0000][1990.320s][info][gc,heap        ] GC(950) Tenured: 50511K(57520K)->50560K(57520K)
[2026-10-07T23:41:49.837+0000][1990.320s][info][gc,metaspace   ] GC(950) Metaspace: 75003K(75776K)->75003K(75776K) NonClass: 65721K(66048K)->65721K(66048K) Class: 9281K(9728K)->9281K(9728K)
[2026-10-07T23:41:49.838+0000][1990.321s][info][gc             ] GC(950) Pause Young (Allocation Failure) 73M->50M(81M) 9.050ms
[2026-10-07T23:41:49.838+0000][1990.321s][info][gc,cpu         ] GC(950) User=0.01s Sys=0.00s Real=0.01s
[2026-10-07T23:41:52.725+0000][1993.208s][info][gc,start       ] GC(951) Pause Young (Allocation Failure)
[2026-10-07T23:41:52.734+0000][1993.217s][info][gc,heap        ] GC(951) DefNew: 24283K(26048K)->1145K(26048K) Eden: 23168K(23168K)->0K(23168K) From: 1115K(2880K)->1145K(2880K)
[2026-10-07T23:41:52.734+0000][1993.217s][info][gc,heap        ] GC(951) Tenured: 50560K(57520K)->50607K(57520K)
[2026-10-07T23:41:52.734+0000][1993.217s][info][gc,metaspace   ] GC(951) Metaspace: 75003K(75776K)->75003K(75776K) NonClass: 65721K(66048K)->65721K(66048K) Class: 9281K(9728K)->9281K(9728K)
[2026-10-07T23:41:52.734+0000][1993.217s][info][gc             ] GC(951) Pause Young (Allocation Failure) 73M->50M(81M) 8.874ms
[2026-10-07T23:41:52.734+0000][1993.217s][info][gc,cpu         ] GC(951) User=0.01s Sys=0.00s Real=0.01s
[2026-10-07T23:41:55.575+0000][1996.058s][info][gc,start       ] GC(952) Pause Young (Allocation Failure)
[2026-10-07T23:41:55.583+0000][1996.066s][info][gc,heap        ] GC(952) DefNew: 24313K(26048K)->1108K(26048K) Eden: 23168K(23168K)->0K(23168K) From: 1145K(2880K)->1108K(2880K)
[2026-10-07T23:41:55.583+0000][1996.066s][info][gc,heap        ] GC(952) Tenured: 50607K(57520K)->50687K(57520K)
[2026-10-07T23:41:55.583+0000][1996.066s][info][gc,metaspace   ] GC(952) Metaspace: 75003K(75776K)->75003K(75776K) NonClass: 65721K(66048K)->65721K(66048K) Class: 9281K(9728K)->9281K(9728K)
[2026-10-07T23:41:55.583+0000][1996.066s][info][gc             ] GC(952) Pause Young (Allocation Failure) 73M->50M(81M) 8.324ms
[2026-10-07T23:41:55.584+0000][1996.066s][info][gc,cpu         ] GC(952) User=0.00s Sys=0.00s Real=0.01s
[2026-10-07T23:41:58.406+0000][1998.889s][info][gc,start       ] GC(953) Pause Young (Allocation Failure)
[2026-10-07T23:41:58.416+0000][1998.899s][info][gc,heap        ] GC(953) DefNew: 24276K(26048K)->1090K(26048K) Eden: 23168K(23168K)->0K(23168K) From: 1108K(2880K)->1090K(2880K)
[2026-10-07T23:41:58.416+0000][1998.899s][info][gc,heap        ] GC(953) Tenured: 50687K(57520K)->50741K(57520K)
[2026-10-07T23:41:58.416+0000][1998.899s][info][gc,metaspace   ] GC(953) Metaspace: 75003K(75776K)->75003K(75776K) NonClass: 65721K(66048K)->65721K(66048K) Class: 9281K(9728K)->9281K(9728K)
[2026-10-07T23:41:58.417+0000][1998.900s][info][gc             ] GC(953) Pause Young (Allocation Failure) 73M->50M(81M) 11.014ms
[2026-10-07T23:41:58.417+0000][1998.900s][info][gc,cpu         ] GC(953) User=0.01s Sys=0.00s Real=0.01s
[2026-10-07T23:42:01.258+0000][2001.741s][info][gc,start       ] GC(954) Pause Young (Allocation Failure)
[2026-10-07T23:42:01.266+0000][2001.749s][info][gc,heap        ] GC(954) DefNew: 24258K(26048K)->1125K(26048K) Eden: 23168K(23168K)->0K(23168K) From: 1090K(2880K)->1125K(2880K)
[2026-10-07T23:42:01.266+0000][2001.749s][info][gc,heap        ] GC(954) Tenured: 50741K(57520K)->50789K(57520K)
[2026-10-07T23:42:01.266+0000][2001.749s][info][gc,metaspace   ] GC(954) Metaspace: 75003K(75776K)->75003K(75776K) NonClass: 65721K(66048K)->65721K(66048K) Class: 9281K(9728K)->9281K(9728K)
[2026-10-07T23:42:01.266+0000][2001.749s][info][gc             ] GC(954) Pause Young (Allocation Failure) 73M->50M(81M) 7.951ms
[2026-10-07T23:42:01.266+0000][2001.749s][info][gc,cpu         ] GC(954) User=0.01s Sys=0.00s Real=0.01s
[2026-10-07T23:42:04.086+0000][2004.569s][info][gc,start       ] GC(955) Pause Young (Allocation Failure)
[2026-10-07T23:42:04.097+0000][2004.580s][info][gc,heap        ] GC(955) DefNew: 24293K(26048K)->1091K(26048K) Eden: 23168K(23168K)->0K(23168K) From: 1125K(2880K)->1091K(2880K)
[2026-10-07T23:42:04.097+0000][2004.580s][info][gc,heap        ] GC(955) Tenured: 50789K(57520K)->50857K(57520K)
[2026-10-07T23:42:04.097+0000][2004.580s][info][gc,metaspace   ] GC(955) Metaspace: 75003K(75776K)->75003K(75776K) NonClass: 65721K(66048K)->65721K(66048K) Class: 9281K(9728K)->9281K(9728K)
[2026-10-07T23:42:04.097+0000][2004.580s][info][gc             ] GC(955) Pause Young (Allocation Failure) 73M->50M(81M) 11.729ms
[2026-10-07T23:42:04.097+0000][2004.580s][info][gc,cpu         ] GC(955) User=0.01s Sys=0.00s Real=0.01s
[2026-10-07T23:42:06.983+0000][2007.466s][info][gc,start       ] GC(956) Pause Young (Allocation Failure)
[2026-10-07T23:42:06.991+0000][2007.474s][info][gc,heap        ] GC(956) DefNew: 24259K(26048K)->1178K(26048K) Eden: 23168K(23168K)->0K(23168K) From: 1091K(2880K)->1178K(2880K)
[2026-10-07T23:42:06.991+0000][2007.474s][info][gc,heap        ] GC(956) Tenured: 50857K(57520K)->50902K(57520K)
[2026-10-07T23:42:06.991+0000][2007.474s][info][gc,metaspace   ] GC(956) Metaspace: 75003K(75776K)->75003K(75776K) NonClass: 65722K(66048K)->65722K(66048K) Class: 9281K(9728K)->9281K(9728K)
[2026-10-07T23:42:06.991+0000][2007.474s][info][gc             ] GC(956) Pause Young (Allocation Failure) 73M->50M(81M) 8.726ms
[2026-10-07T23:42:06.991+0000][2007.474s][info][gc,cpu         ] GC(956) User=0.01s Sys=0.00s Real=0.01s
[2026-10-07T23:42:09.830+0000][2010.313s][info][gc,start       ] GC(957) Pause Young (Allocation Failure)
[2026-10-07T23:42:09.839+0000][2010.322s][info][gc,heap        ] GC(957) DefNew: 24346K(26048K)->1178K(26048K) Eden: 23167K(23168K)->0K(23168K) From: 1178K(2880K)->1178K(2880K)
[2026-10-07T23:42:09.839+0000][2010.322s][info][gc,heap        ] GC(957) Tenured: 50902K(57520K)->50946K(57520K)
[2026-10-07T23:42:09.839+0000][2010.322s][info][gc,metaspace   ] GC(957) Metaspace: 75003K(75776K)->75003K(75776K) NonClass: 65722K(66048K)->65722K(66048K) Class: 9281K(9728K)->9281K(9728K)
[2026-10-07T23:42:09.839+0000][2010.322s][info][gc             ] GC(957) Pause Young (Allocation Failure) 73M->50M(81M) 9.033ms
[2026-10-07T23:42:09.839+0000][2010.322s][info][gc,cpu         ] GC(957) User=0.00s Sys=0.00s Real=0.01s
[2026-10-07T23:42:12.687+0000][2013.170s][info][gc,start       ] GC(958) Pause Young (Allocation Failure)
[2026-10-07T23:42:12.695+0000][2013.178s][info][gc,heap        ] GC(958) DefNew: 24346K(26048K)->1268K(26048K) Eden: 23168K(23168K)->0K(23168K) From: 1178K(2880K)->1268K(2880K)
[2026-10-07T23:42:12.695+0000][2013.178s][info][gc,heap        ] GC(958) Tenured: 50946K(57520K)->51003K(57520K)
[2026-10-07T23:42:12.695+0000][2013.178s][info][gc,metaspace   ] GC(958) Metaspace: 75003K(75776K)->75003K(75776K) NonClass: 65722K(66048K)->65722K(66048K) Class: 9281K(9728K)->9281K(9728K)
[2026-10-07T23:42:12.695+0000][2013.178s][info][gc             ] GC(958) Pause Young (Allocation Failure) 73M->51M(81M) 8.522ms
[2026-10-07T23:42:12.695+0000][2013.178s][info][gc,cpu         ] GC(958) User=0.01s Sys=0.00s Real=0.01s
[2026-10-07T23:42:15.476+0000][2015.959s][info][gc,start       ] GC(959) Pause Young (Allocation Failure)
[2026-10-07T23:42:15.485+0000][2015.968s][info][gc,heap        ] GC(959) DefNew: 24436K(26048K)->1208K(26048K) Eden: 23168K(23168K)->0K(23168K) From: 1268K(2880K)->1208K(2880K)
[2026-10-07T23:42:15.485+0000][2015.968s][info][gc,heap        ] GC(959) Tenured: 51003K(57520K)->51049K(57520K)
[2026-10-07T23:42:15.485+0000][2015.968s][info][gc,metaspace   ] GC(959) Metaspace: 75003K(75776K)->75003K(75776K) NonClass: 65722K(66048K)->65722K(66048K) Class: 9281K(9728K)->9281K(9728K)
[2026-10-07T23:42:15.485+0000][2015.968s][info][gc             ] GC(959) Pause Young (Allocation Failure) 73M->51M(81M) 8.434ms
[2026-10-07T23:42:15.485+0000][2015.968s][info][gc,cpu         ] GC(959) User=0.01s Sys=0.00s Real=0.01s
[2026-10-07T23:42:18.326+0000][2018.809s][info][gc,start       ] GC(960) Pause Young (Allocation Failure)
[2026-10-07T23:42:18.334+0000][2018.817s][info][gc,heap        ] GC(960) DefNew: 24376K(26048K)->1203K(26048K) Eden: 23168K(23168K)->0K(23168K) From: 1208K(2880K)->1203K(2880K)
[2026-10-07T23:42:18.334+0000][2018.817s][info][gc,heap        ] GC(960) Tenured: 51049K(57520K)->51095K(57520K)
[2026-10-07T23:42:18.334+0000][2018.817s][info][gc,metaspace   ] GC(960) Metaspace: 75003K(75776K)->75003K(75776K) NonClass: 65722K(66048K)->65722K(66048K) Class: 9281K(9728K)->9281K(9728K)
[2026-10-07T23:42:18.334+0000][2018.817s][info][gc             ] GC(960) Pause Young (Allocation Failure) 73M->51M(81M) 7.578ms
[2026-10-07T23:42:18.334+0000][2018.817s][info][gc,cpu         ] GC(960) User=0.01s Sys=0.00s Real=0.01s
[2026-10-07T23:42:21.209+0000][2021.692s][info][gc,start       ] GC(961) Pause Young (Allocation Failure)
[2026-10-07T23:42:21.217+0000][2021.700s][info][gc,heap        ] GC(961) DefNew: 24371K(26048K)->1286K(26048K) Eden: 23168K(23168K)->0K(23168K) From: 1203K(2880K)->1286K(2880K)
[2026-10-07T23:42:21.217+0000][2021.700s][info][gc,heap        ] GC(961) Tenured: 51095K(57520K)->51134K(57520K)
[2026-10-07T23:42:21.218+0000][2021.700s][info][gc,metaspace   ] GC(961) Metaspace: 75003K(75776K)->75003K(75776K) NonClass: 65722K(66048K)->65722K(66048K) Class: 9281K(9728K)->9281K(9728K)
[2026-10-07T23:42:21.218+0000][2021.701s][info][gc             ] GC(961) Pause Young (Allocation Failure) 73M->51M(81M) 8.873ms
[2026-10-07T23:42:21.218+0000][2021.701s][info][gc,cpu         ] GC(961) User=0.01s Sys=0.00s Real=0.01s
[2026-10-07T23:42:24.050+0000][2024.533s][info][gc,start       ] GC(962) Pause Young (Allocation Failure)
[2026-10-07T23:42:24.058+0000][2024.541s][info][gc,heap        ] GC(962) DefNew: 24454K(26048K)->1281K(26048K) Eden: 23168K(23168K)->0K(23168K) From: 1286K(2880K)->1281K(2880K)
[2026-10-07T23:42:24.058+0000][2024.541s][info][gc,heap        ] GC(962) Tenured: 51134K(57520K)->51180K(57520K)
[2026-10-07T23:42:24.058+0000][2024.541s][info][gc,metaspace   ] GC(962) Metaspace: 75003K(75776K)->75003K(75776K) NonClass: 65722K(66048K)->65722K(66048K) Class: 9281K(9728K)->9281K(9728K)
[2026-10-07T23:42:24.058+0000][2024.541s][info][gc             ] GC(962) Pause Young (Allocation Failure) 73M->51M(81M) 8.142ms
[2026-10-07T23:42:24.058+0000][2024.541s][info][gc,cpu         ] GC(962) User=0.01s Sys=0.00s Real=0.01s
[2026-10-07T23:42:26.975+0000][2027.458s][info][gc,start       ] GC(963) Pause Young (Allocation Failure)
[2026-10-07T23:42:26.983+0000][2027.466s][info][gc,heap        ] GC(963) DefNew: 24449K(26048K)->1371K(26048K) Eden: 23168K(23168K)->0K(23168K) From: 1281K(2880K)->1371K(2880K)
[2026-10-07T23:42:26.983+0000][2027.466s][info][gc,heap        ] GC(963) Tenured: 51180K(57520K)->51221K(57520K)
[2026-10-07T23:42:26.983+0000][2027.466s][info][gc,metaspace   ] GC(963) Metaspace: 75003K(75776K)->75003K(75776K) NonClass: 65722K(66048K)->65722K(66048K) Class: 9281K(9728K)->9281K(9728K)
[2026-10-07T23:42:26.983+0000][2027.466s][info][gc             ] GC(963) Pause Young (Allocation Failure) 73M->51M(81M) 7.942ms
[2026-10-07T23:42:26.983+0000][2027.466s][info][gc,cpu         ] GC(963) User=0.00s Sys=0.00s Real=0.00s
[2026-10-07T23:42:29.753+0000][2030.236s][info][gc,start       ] GC(964) Pause Young (Allocation Failure)
[2026-10-07T23:42:29.762+0000][2030.245s][info][gc,heap        ] GC(964) DefNew: 24539K(26048K)->1313K(26048K) Eden: 23168K(23168K)->0K(23168K) From: 1371K(2880K)->1313K(2880K)
[2026-10-07T23:42:29.762+0000][2030.245s][info][gc,heap        ] GC(964) Tenured: 51221K(57520K)->51269K(57520K)
[2026-10-07T23:42:29.762+0000][2030.245s][info][gc,metaspace   ] GC(964) Metaspace: 75003K(75776K)->75003K(75776K) NonClass: 65722K(66048K)->65722K(66048K) Class: 9281K(9728K)->9281K(9728K)
[2026-10-07T23:42:29.763+0000][2030.246s][info][gc             ] GC(964) Pause Young (Allocation Failure) 73M->51M(81M) 10.054ms
[2026-10-07T23:42:29.763+0000][2030.246s][info][gc,cpu         ] GC(964) User=0.01s Sys=0.00s Real=0.01s
[2026-10-07T23:42:32.626+0000][2033.109s][info][gc,start       ] GC(965) Pause Young (Allocation Failure)
[2026-10-07T23:42:32.634+0000][2033.117s][info][gc,heap        ] GC(965) DefNew: 24481K(26048K)->1404K(26048K) Eden: 23168K(23168K)->0K(23168K) From: 1313K(2880K)->1404K(2880K)
[2026-10-07T23:42:32.635+0000][2033.117s][info][gc,heap        ] GC(965) Tenured: 51269K(57520K)->51323K(57520K)
[2026-10-07T23:42:32.635+0000][2033.118s][info][gc,metaspace   ] GC(965) Metaspace: 75003K(75776K)->75003K(75776K) NonClass: 65722K(66048K)->65722K(66048K) Class: 9281K(9728K)->9281K(9728K)
[2026-10-07T23:42:32.635+0000][2033.118s][info][gc             ] GC(965) Pause Young (Allocation Failure) 73M->51M(81M) 9.088ms
[2026-10-07T23:42:32.635+0000][2033.118s][info][gc,cpu         ] GC(965) User=0.00s Sys=0.00s Real=0.01s
[2026-10-07T23:42:35.479+0000][2035.961s][info][gc,start       ] GC(966) Pause Young (Allocation Failure)
[2026-10-07T23:42:35.489+0000][2035.972s][info][gc,heap        ] GC(966) DefNew: 24572K(26048K)->1408K(26048K) Eden: 23168K(23168K)->0K(23168K) From: 1404K(2880K)->1408K(2880K)
[2026-10-07T23:42:35.489+0000][2035.972s][info][gc,heap        ] GC(966) Tenured: 51323K(57520K)->51384K(57520K)
[2026-10-07T23:42:35.489+0000][2035.972s][info][gc,metaspace   ] GC(966) Metaspace: 75003K(75776K)->75003K(75776K) NonClass: 65722K(66048K)->65722K(66048K) Class: 9281K(9728K)->9281K(9728K)
[2026-10-07T23:42:35.489+0000][2035.972s][info][gc             ] GC(966) Pause Young (Allocation Failure) 74M->51M(81M) 10.481ms
[2026-10-07T23:42:35.489+0000][2035.972s][info][gc,cpu         ] GC(966) User=0.01s Sys=0.00s Real=0.01s
[2026-10-07T23:42:38.307+0000][2038.790s][info][gc,start       ] GC(967) Pause Young (Allocation Failure)
[2026-10-07T23:42:38.315+0000][2038.798s][info][gc,heap        ] GC(967) DefNew: 24576K(26048K)->1357K(26048K) Eden: 23168K(23168K)->0K(23168K) From: 1408K(2880K)->1357K(2880K)
[2026-10-07T23:42:38.315+0000][2038.798s][info][gc,heap        ] GC(967) Tenured: 51384K(57520K)->51450K(57520K)
[2026-10-07T23:42:38.315+0000][2038.798s][info][gc,metaspace   ] GC(967) Metaspace: 75004K(75776K)->75004K(75776K) NonClass: 65722K(66048K)->65722K(66048K) Class: 9281K(9728K)->9281K(9728K)
[2026-10-07T23:42:38.316+0000][2038.798s][info][gc             ] GC(967) Pause Young (Allocation Failure) 74M->51M(81M) 8.787ms
[2026-10-07T23:42:38.316+0000][2038.798s][info][gc,cpu         ] GC(967) User=0.01s Sys=0.00s Real=0.01s
[2026-10-07T23:42:41.255+0000][2041.738s][info][gc,start       ] GC(968) Pause Young (Allocation Failure)
[2026-10-07T23:42:41.264+0000][2041.747s][info][gc,heap        ] GC(968) DefNew: 24525K(26048K)->1470K(26048K) Eden: 23168K(23168K)->0K(23168K) From: 1357K(2880K)->1470K(2880K)
[2026-10-07T23:42:41.264+0000][2041.747s][info][gc,heap        ] GC(968) Tenured: 51450K(57520K)->51515K(57520K)
[2026-10-07T23:42:41.264+0000][2041.747s][info][gc,metaspace   ] GC(968) Metaspace: 75004K(75776K)->75004K(75776K) NonClass: 65722K(66048K)->65722K(66048K) Class: 9281K(9728K)->9281K(9728K)
[2026-10-07T23:42:41.264+0000][2041.747s][info][gc             ] GC(968) Pause Young (Allocation Failure) 74M->51M(81M) 9.303ms
[2026-10-07T23:42:41.264+0000][2041.747s][info][gc,cpu         ] GC(968) User=0.00s Sys=0.00s Real=0.01s
[2026-10-07T23:42:43.976+0000][2044.459s][info][gc,start       ] GC(969) Pause Young (Allocation Failure)
[2026-10-07T23:42:44.011+0000][2044.494s][info][gc,heap        ] GC(969) DefNew: 24638K(26048K)->1351K(26048K) Eden: 23168K(23168K)->0K(23168K) From: 1470K(2880K)->1351K(2880K)
[2026-10-07T23:42:44.012+0000][2044.495s][info][gc,heap        ] GC(969) Tenured: 51515K(57520K)->51576K(57520K)
[2026-10-07T23:42:44.012+0000][2044.495s][info][gc,metaspace   ] GC(969) Metaspace: 75006K(75840K)->75006K(75840K) NonClass: 65724K(66112K)->65724K(66112K) Class: 9281K(9728K)->9281K(9728K)
[2026-10-07T23:42:44.012+0000][2044.495s][info][gc             ] GC(969) Pause Young (Allocation Failure) 74M->51M(81M) 36.622ms
[2026-10-07T23:42:44.012+0000][2044.495s][info][gc,cpu         ] GC(969) User=0.01s Sys=0.00s Real=0.03s
[2026-10-07T23:42:46.831+0000][2047.314s][info][gc,start       ] GC(970) Pause Young (Allocation Failure)
[2026-10-07T23:42:46.840+0000][2047.323s][info][gc,heap        ] GC(970) DefNew: 24519K(26048K)->1426K(26048K) Eden: 23168K(23168K)->0K(23168K) From: 1351K(2880K)->1426K(2880K)
[2026-10-07T23:42:46.840+0000][2047.323s][info][gc,heap        ] GC(970) Tenured: 51576K(57520K)->51638K(57520K)
[2026-10-07T23:42:46.840+0000][2047.323s][info][gc,metaspace   ] GC(970) Metaspace: 75006K(75840K)->75006K(75840K) NonClass: 65724K(66112K)->65724K(66112K) Class: 9281K(9728K)->9281K(9728K)
[2026-10-07T23:42:46.840+0000][2047.323s][info][gc             ] GC(970) Pause Young (Allocation Failure) 74M->51M(81M) 9.232ms
[2026-10-07T23:42:46.840+0000][2047.323s][info][gc,cpu         ] GC(970) User=0.01s Sys=0.01s Real=0.01s
[2026-10-07T23:42:49.686+0000][2050.169s][info][gc,start       ] GC(971) Pause Young (Allocation Failure)
[2026-10-07T23:42:49.694+0000][2050.177s][info][gc,heap        ] GC(971) DefNew: 24594K(26048K)->1389K(26048K) Eden: 23168K(23168K)->0K(23168K) From: 1426K(2880K)->1389K(2880K)
[2026-10-07T23:42:49.694+0000][2050.177s][info][gc,heap        ] GC(971) Tenured: 51638K(57520K)->51713K(57520K)
[2026-10-07T23:42:49.694+0000][2050.177s][info][gc,metaspace   ] GC(971) Metaspace: 75006K(75840K)->75006K(75840K) NonClass: 65724K(66112K)->65724K(66112K) Class: 9281K(9728K)->9281K(9728K)
[2026-10-07T23:42:49.695+0000][2050.177s][info][gc             ] GC(971) Pause Young (Allocation Failure) 74M->51M(81M) 8.246ms
[2026-10-07T23:42:49.695+0000][2050.177s][info][gc,cpu         ] GC(971) User=0.01s Sys=0.00s Real=0.01s
[2026-10-07T23:42:52.582+0000][2053.065s][info][gc,start       ] GC(972) Pause Young (Allocation Failure)
[2026-10-07T23:42:52.591+0000][2053.074s][info][gc,heap        ] GC(972) DefNew: 24557K(26048K)->1414K(26048K) Eden: 23168K(23168K)->0K(23168K) From: 1389K(2880K)->1414K(2880K)
[2026-10-07T23:42:52.591+0000][2053.074s][info][gc,heap        ] GC(972) Tenured: 51713K(57520K)->51780K(57520K)
[2026-10-07T23:42:52.591+0000][2053.074s][info][gc,metaspace   ] GC(972) Metaspace: 75006K(75840K)->75006K(75840K) NonClass: 65724K(66112K)->65724K(66112K) Class: 9281K(9728K)->9281K(9728K)
[2026-10-07T23:42:52.591+0000][2053.074s][info][gc             ] GC(972) Pause Young (Allocation Failure) 74M->51M(81M) 9.111ms
[2026-10-07T23:42:52.592+0000][2053.075s][info][gc,cpu         ] GC(972) User=0.00s Sys=0.00s Real=0.01s
[2026-10-07T23:42:55.398+0000][2055.881s][info][gc,start       ] GC(973) Pause Young (Allocation Failure)
[2026-10-07T23:42:55.407+0000][2055.890s][info][gc,heap        ] GC(973) DefNew: 24582K(26048K)->1460K(26048K) Eden: 23168K(23168K)->0K(23168K) From: 1414K(2880K)->1460K(2880K)
[2026-10-07T23:42:55.407+0000][2055.890s][info][gc,heap        ] GC(973) Tenured: 51780K(57520K)->51857K(57520K)
[2026-10-07T23:42:55.407+0000][2055.890s][info][gc,metaspace   ] GC(973) Metaspace: 75006K(75840K)->75006K(75840K) NonClass: 65724K(66112K)->65724K(66112K) Class: 9281K(9728K)->9281K(9728K)
[2026-10-07T23:42:55.407+0000][2055.890s][info][gc             ] GC(973) Pause Young (Allocation Failure) 74M->52M(81M) 9.281ms
[2026-10-07T23:42:55.407+0000][2055.890s][info][gc,cpu         ] GC(973) User=0.01s Sys=0.00s Real=0.01s
[2026-10-07T23:42:58.260+0000][2058.743s][info][gc,start       ] GC(974) Pause Young (Allocation Failure)
[2026-10-07T23:42:58.270+0000][2058.753s][info][gc,heap        ] GC(974) DefNew: 24628K(26048K)->1358K(26048K) Eden: 23168K(23168K)->0K(23168K) From: 1460K(2880K)->1358K(2880K)
[2026-10-07T23:42:58.270+0000][2058.753s][info][gc,heap        ] GC(974) Tenured: 51857K(57520K)->51951K(57520K)
[2026-10-07T23:42:58.270+0000][2058.753s][info][gc,metaspace   ] GC(974) Metaspace: 75006K(75840K)->75006K(75840K) NonClass: 65724K(66112K)->65724K(66112K) Class: 9281K(9728K)->9281K(9728K)
[2026-10-07T23:42:58.270+0000][2058.753s][info][gc             ] GC(974) Pause Young (Allocation Failure) 74M->52M(81M) 9.903ms
[2026-10-07T23:42:58.270+0000][2058.753s][info][gc,cpu         ] GC(974) User=0.00s Sys=0.00s Real=0.01s
[2026-10-07T23:43:01.115+0000][2061.598s][info][gc,start       ] GC(975) Pause Young (Allocation Failure)
[2026-10-07T23:43:01.125+0000][2061.608s][info][gc,heap        ] GC(975) DefNew: 24526K(26048K)->1376K(26048K) Eden: 23168K(23168K)->0K(23168K) From: 1358K(2880K)->1376K(2880K)
[2026-10-07T23:43:01.125+0000][2061.608s][info][gc,heap        ] GC(975) Tenured: 51951K(57520K)->52022K(57520K)
[2026-10-07T23:43:01.126+0000][2061.608s][info][gc,metaspace   ] GC(975) Metaspace: 75006K(75840K)->75006K(75840K) NonClass: 65724K(66112K)->65724K(66112K) Class: 9281K(9728K)->9281K(9728K)
[2026-10-07T23:43:01.126+0000][2061.608s][info][gc             ] GC(975) Pause Young (Allocation Failure) 74M->52M(81M) 10.349ms
[2026-10-07T23:43:01.126+0000][2061.608s][info][gc,cpu         ] GC(975) User=0.01s Sys=0.00s Real=0.01s
[2026-10-07T23:43:03.943+0000][2064.426s][info][gc,start       ] GC(976) Pause Young (Allocation Failure)
[2026-10-07T23:43:03.952+0000][2064.435s][info][gc,heap        ] GC(976) DefNew: 24544K(26048K)->1346K(26048K) Eden: 23168K(23168K)->0K(23168K) From: 1376K(2880K)->1346K(2880K)
[2026-10-07T23:43:03.953+0000][2064.435s][info][gc,heap        ] GC(976) Tenured: 52022K(57520K)->52094K(57520K)
[2026-10-07T23:43:03.953+0000][2064.435s][info][gc,metaspace   ] GC(976) Metaspace: 75006K(75840K)->75006K(75840K) NonClass: 65724K(66112K)->65724K(66112K) Class: 9281K(9728K)->9281K(9728K)
[2026-10-07T23:43:03.953+0000][2064.436s][info][gc             ] GC(976) Pause Young (Allocation Failure) 74M->52M(81M) 9.931ms
[2026-10-07T23:43:03.953+0000][2064.436s][info][gc,cpu         ] GC(976) User=0.01s Sys=0.00s Real=0.01s
[2026-10-07T23:43:06.833+0000][2067.316s][info][gc,start       ] GC(977) Pause Young (Allocation Failure)
[2026-10-07T23:43:06.845+0000][2067.328s][info][gc,heap        ] GC(977) DefNew: 24514K(26048K)->1407K(26048K) Eden: 23168K(23168K)->0K(23168K) From: 1346K(2880K)->1407K(2880K)
[2026-10-07T23:43:06.845+0000][2067.328s][info][gc,heap        ] GC(977) Tenured: 52094K(57520K)->52163K(57520K)
[2026-10-07T23:43:06.845+0000][2067.328s][info][gc,metaspace   ] GC(977) Metaspace: 75006K(75840K)->75006K(75840K) NonClass: 65724K(66112K)->65724K(66112K) Class: 9281K(9728K)->9281K(9728K)
[2026-10-07T23:43:06.845+0000][2067.328s][info][gc             ] GC(977) Pause Young (Allocation Failure) 74M->52M(81M) 12.335ms
[2026-10-07T23:43:06.845+0000][2067.328s][info][gc,cpu         ] GC(977) User=0.01s Sys=0.00s Real=0.02s
[2026-10-07T23:43:09.674+0000][2070.157s][info][gc,start       ] GC(978) Pause Young (Allocation Failure)
[2026-10-07T23:43:09.684+0000][2070.167s][info][gc,heap        ] GC(978) DefNew: 24575K(26048K)->1401K(26048K) Eden: 23167K(23168K)->0K(23168K) From: 1407K(2880K)->1401K(2880K)
[2026-10-07T23:43:09.684+0000][2070.167s][info][gc,heap        ] GC(978) Tenured: 52163K(57520K)->52239K(57520K)
[2026-10-07T23:43:09.684+0000][2070.167s][info][gc,metaspace   ] GC(978) Metaspace: 75006K(75840K)->75006K(75840K) NonClass: 65724K(66112K)->65724K(66112K) Class: 9281K(9728K)->9281K(9728K)
[2026-10-07T23:43:09.684+0000][2070.167s][info][gc             ] GC(978) Pause Young (Allocation Failure) 74M->52M(81M) 9.537ms
[2026-10-07T23:43:09.684+0000][2070.167s][info][gc,cpu         ] GC(978) User=0.01s Sys=0.00s Real=0.01s
[2026-10-07T23:43:12.545+0000][2073.028s][info][gc,start       ] GC(979) Pause Young (Allocation Failure)
[2026-10-07T23:43:12.557+0000][2073.040s][info][gc,heap        ] GC(979) DefNew: 24569K(26048K)->1454K(26048K) Eden: 23168K(23168K)->0K(23168K) From: 1401K(2880K)->1454K(2880K)
[2026-10-07T23:43:12.557+0000][2073.040s][info][gc,heap        ] GC(979) Tenured: 52239K(57520K)->52303K(57520K)
[2026-10-07T23:43:12.557+0000][2073.040s][info][gc,metaspace   ] GC(979) Metaspace: 75006K(75840K)->75006K(75840K) NonClass: 65724K(66112K)->65724K(66112K) Class: 9281K(9728K)->9281K(9728K)
[2026-10-07T23:43:12.558+0000][2073.041s][info][gc             ] GC(979) Pause Young (Allocation Failure) 75M->52M(81M) 12.155ms
[2026-10-07T23:43:12.558+0000][2073.041s][info][gc,cpu         ] GC(979) User=0.01s Sys=0.00s Real=0.01s
[2026-10-07T23:43:15.334+0000][2075.817s][info][gc,start       ] GC(980) Pause Young (Allocation Failure)
[2026-10-07T23:43:15.344+0000][2075.827s][info][gc,heap        ] GC(980) DefNew: 24622K(26048K)->1370K(26048K) Eden: 23168K(23168K)->0K(23168K) From: 1454K(2880K)->1370K(2880K)
[2026-10-07T23:43:15.344+0000][2075.827s][info][gc,heap        ] GC(980) Tenured: 52303K(57520K)->52382K(57520K)
[2026-10-07T23:43:15.344+0000][2075.827s][info][gc,metaspace   ] GC(980) Metaspace: 75006K(75840K)->75006K(75840K) NonClass: 65724K(66112K)->65724K(66112K) Class: 9281K(9728K)->9281K(9728K)
[2026-10-07T23:43:15.344+0000][2075.827s][info][gc             ] GC(980) Pause Young (Allocation Failure) 75M->52M(81M) 10.085ms
[2026-10-07T23:43:15.344+0000][2075.827s][info][gc,cpu         ] GC(980) User=0.01s Sys=0.00s Real=0.01s
[2026-10-07T23:43:18.131+0000][2078.614s][info][gc,start       ] GC(981) Pause Young (Allocation Failure)
[2026-10-07T23:43:18.142+0000][2078.625s][info][gc,heap        ] GC(981) DefNew: 24538K(26048K)->1388K(26048K) Eden: 23167K(23168K)->0K(23168K) From: 1370K(2880K)->1388K(2880K)
[2026-10-07T23:43:18.142+0000][2078.625s][info][gc,heap        ] GC(981) Tenured: 52382K(57520K)->52453K(57520K)
[2026-10-07T23:43:18.142+0000][2078.625s][info][gc,metaspace   ] GC(981) Metaspace: 75006K(75840K)->75006K(75840K) NonClass: 65724K(66112K)->65724K(66112K) Class: 9281K(9728K)->9281K(9728K)
[2026-10-07T23:43:18.142+0000][2078.625s][info][gc             ] GC(981) Pause Young (Allocation Failure) 75M->52M(81M) 11.260ms
[2026-10-07T23:43:18.142+0000][2078.625s][info][gc,cpu         ] GC(981) User=0.00s Sys=0.00s Real=0.01s
