[2026-10-07T20:35:29.341+0000][913.760s][info][gc,start       ] GC(549) Pause Young (Allocation Failure)
[2026-10-07T20:35:29.351+0000][913.770s][info][gc,heap        ] GC(549) DefNew: 22662K(24320K)->1660K(24320K) Eden: 21632K(21632K)->0K(21632K) From: 1030K(2688K)->1660K(2688K)
[2026-10-07T20:35:29.351+0000][913.770s][info][gc,heap        ] GC(549) Tenured: 32275K(53796K)->32275K(53796K)
[2026-10-07T20:35:29.351+0000][913.770s][info][gc,metaspace   ] GC(549) Metaspace: 74422K(75328K)->74422K(75328K) NonClass: 65150K(65664K)->65150K(65664K) Class: 9272K(9664K)->9272K(9664K)
[2026-10-07T20:35:29.351+0000][913.770s][info][gc             ] GC(549) Pause Young (Allocation Failure) 53M->33M(76M) 10.566ms
[2026-10-07T20:35:29.352+0000][913.770s][info][gc,cpu         ] GC(549) User=0.01s Sys=0.00s Real=0.01s
[2026-10-07T20:35:31.601+0000][916.020s][info][gc,start       ] GC(550) Pause Young (Allocation Failure)
[2026-10-07T20:35:31.616+0000][916.035s][info][gc,heap        ] GC(550) DefNew: 23292K(24320K)->2626K(24320K) Eden: 21632K(21632K)->0K(21632K) From: 1660K(2688K)->2626K(2688K)
[2026-10-07T20:35:31.616+0000][916.035s][info][gc,heap        ] GC(550) Tenured: 32275K(53796K)->32624K(53796K)
[2026-10-07T20:35:31.616+0000][916.035s][info][gc,metaspace   ] GC(550) Metaspace: 74448K(75328K)->74448K(75328K) NonClass: 65175K(65664K)->65175K(65664K) Class: 9272K(9664K)->9272K(9664K)
[2026-10-07T20:35:31.616+0000][916.035s][info][gc             ] GC(550) Pause Young (Allocation Failure) 54M->34M(76M) 14.924ms
[2026-10-07T20:35:31.616+0000][916.035s][info][gc,cpu         ] GC(550) User=0.01s Sys=0.00s Real=0.02s
[2026-10-07T20:35:33.899+0000][918.318s][info][gc,start       ] GC(551) Pause Young (Allocation Failure)
[2026-10-07T20:35:33.909+0000][918.328s][info][gc,heap        ] GC(551) DefNew: 24258K(24320K)->1141K(24320K) Eden: 21632K(21632K)->0K(21632K) From: 2626K(2688K)->1141K(2688K)
[2026-10-07T20:35:33.910+0000][918.328s][info][gc,heap        ] GC(551) Tenured: 32624K(53796K)->35040K(53796K)
[2026-10-07T20:35:33.910+0000][918.328s][info][gc,metaspace   ] GC(551) Metaspace: 74448K(75328K)->74448K(75328K) NonClass: 65175K(65664K)->65175K(65664K) Class: 9272K(9664K)->9272K(9664K)
[2026-10-07T20:35:33.910+0000][918.328s][info][gc             ] GC(551) Pause Young (Allocation Failure) 55M->35M(76M) 10.796ms
[2026-10-07T20:35:33.910+0000][918.329s][info][gc,cpu         ] GC(551) User=0.00s Sys=0.00s Real=0.01s
[2026-10-07T20:35:36.346+0000][920.765s][info][gc,start       ] GC(552) Pause Young (Allocation Failure)
[2026-10-07T20:35:36.353+0000][920.772s][info][gc,heap        ] GC(552) DefNew: 22773K(24320K)->1917K(24320K) Eden: 21632K(21632K)->0K(21632K) From: 1141K(2688K)->1917K(2688K)
[2026-10-07T20:35:36.353+0000][920.772s][info][gc,heap        ] GC(552) Tenured: 35040K(53796K)->35040K(53796K)
[2026-10-07T20:35:36.353+0000][920.772s][info][gc,metaspace   ] GC(552) Metaspace: 74448K(75328K)->74448K(75328K) NonClass: 65176K(65664K)->65176K(65664K) Class: 9272K(9664K)->9272K(9664K)
[2026-10-07T20:35:36.353+0000][920.772s][info][gc             ] GC(552) Pause Young (Allocation Failure) 56M->36M(76M) 7.371ms
[2026-10-07T20:35:36.353+0000][920.772s][info][gc,cpu         ] GC(552) User=0.00s Sys=0.00s Real=0.00s
[2026-10-07T20:35:38.957+0000][923.376s][info][gc,start       ] GC(553) Pause Young (Allocation Failure)
[2026-10-07T20:35:38.966+0000][923.385s][info][gc,heap        ] GC(553) DefNew: 23549K(24320K)->1326K(24320K) Eden: 21632K(21632K)->0K(21632K) From: 1917K(2688K)->1326K(2688K)
[2026-10-07T20:35:38.966+0000][923.385s][info][gc,heap        ] GC(553) Tenured: 35040K(53796K)->35988K(53796K)
[2026-10-07T20:35:38.966+0000][923.385s][info][gc,metaspace   ] GC(553) Metaspace: 74449K(75328K)->74449K(75328K) NonClass: 65177K(65664K)->65177K(65664K) Class: 9272K(9664K)->9272K(9664K)
[2026-10-07T20:35:38.966+0000][923.385s][info][gc             ] GC(553) Pause Young (Allocation Failure) 57M->36M(76M) 9.121ms
[2026-10-07T20:35:38.967+0000][923.385s][info][gc,cpu         ] GC(553) User=0.01s Sys=0.00s Real=0.01s
[2026-10-07T20:35:41.569+0000][925.988s][info][gc,start       ] GC(554) Pause Young (Allocation Failure)
[2026-10-07T20:35:41.577+0000][925.996s][info][gc,heap        ] GC(554) DefNew: 22958K(24320K)->1578K(24320K) Eden: 21632K(21632K)->0K(21632K) From: 1326K(2688K)->1578K(2688K)
[2026-10-07T20:35:41.577+0000][925.996s][info][gc,heap        ] GC(554) Tenured: 35988K(53796K)->35988K(53796K)
[2026-10-07T20:35:41.577+0000][925.996s][info][gc,metaspace   ] GC(554) Metaspace: 74449K(75328K)->74449K(75328K) NonClass: 65177K(65664K)->65177K(65664K) Class: 9272K(9664K)->9272K(9664K)
[2026-10-07T20:35:41.577+0000][925.996s][info][gc             ] GC(554) Pause Young (Allocation Failure) 57M->36M(76M) 7.309ms
[2026-10-07T20:35:41.577+0000][925.996s][info][gc,cpu         ] GC(554) User=0.01s Sys=0.00s Real=0.01s
[2026-10-07T20:35:44.236+0000][928.655s][info][gc,start       ] GC(555) Pause Young (Allocation Failure)
[2026-10-07T20:35:44.250+0000][928.669s][info][gc,heap        ] GC(555) DefNew: 23210K(24320K)->1065K(24320K) Eden: 21632K(21632K)->0K(21632K) From: 1578K(2688K)->1065K(2688K)
[2026-10-07T20:35:44.251+0000][928.669s][info][gc,heap        ] GC(555) Tenured: 35988K(53796K)->36693K(53796K)
[2026-10-07T20:35:44.251+0000][928.669s][info][gc,metaspace   ] GC(555) Metaspace: 74449K(75328K)->74449K(75328K) NonClass: 65177K(65664K)->65177K(65664K) Class: 9272K(9664K)->9272K(9664K)
[2026-10-07T20:35:44.251+0000][928.669s][info][gc             ] GC(555) Pause Young (Allocation Failure) 57M->36M(76M) 14.189ms
[2026-10-07T20:35:44.251+0000][928.669s][info][gc,cpu         ] GC(555) User=0.01s Sys=0.01s Real=0.01s
[2026-10-07T20:35:46.913+0000][931.332s][info][gc,start       ] GC(556) Pause Young (Allocation Failure)
[2026-10-07T20:35:46.920+0000][931.339s][info][gc,heap        ] GC(556) DefNew: 22697K(24320K)->1173K(24320K) Eden: 21632K(21632K)->0K(21632K) From: 1065K(2688K)->1173K(2688K)
[2026-10-07T20:35:46.920+0000][931.339s][info][gc,heap        ] GC(556) Tenured: 36693K(53796K)->36693K(53796K)
[2026-10-07T20:35:46.920+0000][931.339s][info][gc,metaspace   ] GC(556) Metaspace: 74449K(75328K)->74449K(75328K) NonClass: 65177K(65664K)->65177K(65664K) Class: 9272K(9664K)->9272K(9664K)
[2026-10-07T20:35:46.920+0000][931.339s][info][gc             ] GC(556) Pause Young (Allocation Failure) 57M->36M(76M) 7.105ms
[2026-10-07T20:35:46.920+0000][931.339s][info][gc,cpu         ] GC(556) User=0.01s Sys=0.00s Real=0.01s
[2026-10-07T20:35:49.497+0000][933.916s][info][gc,start       ] GC(557) Pause Young (Allocation Failure)
[2026-10-07T20:35:49.505+0000][933.924s][info][gc,heap        ] GC(557) DefNew: 22805K(24320K)->1304K(24320K) Eden: 21632K(21632K)->0K(21632K) From: 1173K(2688K)->1304K(2688K)
[2026-10-07T20:35:49.505+0000][933.924s][info][gc,heap        ] GC(557) Tenured: 36693K(53796K)->36693K(53796K)
[2026-10-07T20:35:49.505+0000][933.924s][info][gc,metaspace   ] GC(557) Metaspace: 74449K(75328K)->74449K(75328K) NonClass: 65177K(65664K)->65177K(65664K) Class: 9272K(9664K)->9272K(9664K)
[2026-10-07T20:35:49.505+0000][933.924s][info][gc             ] GC(557) Pause Young (Allocation Failure) 58M->37M(76M) 7.550ms
[2026-10-07T20:35:49.505+0000][933.924s][info][gc,cpu         ] GC(557) User=0.01s Sys=0.00s Real=0.01s
[2026-10-07T20:35:52.157+0000][936.576s][info][gc,start       ] GC(558) Pause Young (Allocation Failure)
[2026-10-07T20:35:52.170+0000][936.588s][info][gc,heap        ] GC(558) DefNew: 22936K(24320K)->1314K(24320K) Eden: 21632K(21632K)->0K(21632K) From: 1304K(2688K)->1314K(2688K)
[2026-10-07T20:35:52.170+0000][936.588s][info][gc,heap        ] GC(558) Tenured: 36693K(53796K)->36693K(53796K)
[2026-10-07T20:35:52.170+0000][936.588s][info][gc,metaspace   ] GC(558) Metaspace: 74449K(75328K)->74449K(75328K) NonClass: 65177K(65664K)->65177K(65664K) Class: 9272K(9664K)->9272K(9664K)
[2026-10-07T20:35:52.170+0000][936.588s][info][gc             ] GC(558) Pause Young (Allocation Failure) 58M->37M(76M) 12.630ms
[2026-10-07T20:35:52.170+0000][936.589s][info][gc,cpu         ] GC(558) User=0.01s Sys=0.01s Real=0.01s
[2026-10-07T20:35:54.809+0000][939.228s][info][gc,start       ] GC(559) Pause Young (Allocation Failure)
[2026-10-07T20:35:54.817+0000][939.236s][info][gc,heap        ] GC(559) DefNew: 22946K(24320K)->1448K(24320K) Eden: 21632K(21632K)->0K(21632K) From: 1314K(2688K)->1448K(2688K)
[2026-10-07T20:35:54.817+0000][939.236s][info][gc,heap        ] GC(559) Tenured: 36693K(53796K)->36693K(53796K)
[2026-10-07T20:35:54.817+0000][939.236s][info][gc,metaspace   ] GC(559) Metaspace: 74449K(75328K)->74449K(75328K) NonClass: 65177K(65664K)->65177K(65664K) Class: 9272K(9664K)->9272K(9664K)
[2026-10-07T20:35:54.817+0000][939.236s][info][gc             ] GC(559) Pause Young (Allocation Failure) 58M->37M(76M) 7.674ms
[2026-10-07T20:35:54.817+0000][939.236s][info][gc,cpu         ] GC(559) User=0.01s Sys=0.00s Real=0.01s
[2026-10-07T20:35:57.494+0000][941.913s][info][gc,start       ] GC(560) Pause Young (Allocation Failure)
[2026-10-07T20:35:57.505+0000][941.924s][info][gc,heap        ] GC(560) DefNew: 23080K(24320K)->1070K(24320K) Eden: 21632K(21632K)->0K(21632K) From: 1448K(2688K)->1070K(2688K)
[2026-10-07T20:35:57.505+0000][941.924s][info][gc,heap        ] GC(560) Tenured: 36693K(53796K)->37017K(53796K)
[2026-10-07T20:35:57.505+0000][941.924s][info][gc,metaspace   ] GC(560) Metaspace: 74449K(75328K)->74449K(75328K) NonClass: 65177K(65664K)->65177K(65664K) Class: 9272K(9664K)->9272K(9664K)
[2026-10-07T20:35:57.505+0000][941.924s][info][gc             ] GC(560) Pause Young (Allocation Failure) 58M->37M(76M) 10.827ms
[2026-10-07T20:35:57.505+0000][941.924s][info][gc,cpu         ] GC(560) User=0.01s Sys=0.00s Real=0.01s
[2026-10-07T20:36:00.128+0000][944.547s][info][gc,start       ] GC(561) Pause Young (Allocation Failure)
[2026-10-07T20:36:00.136+0000][944.555s][info][gc,heap        ] GC(561) DefNew: 22702K(24320K)->1116K(24320K) Eden: 21632K(21632K)->0K(21632K) From: 1070K(2688K)->1116K(2688K)
[2026-10-07T20:36:00.136+0000][944.555s][info][gc,heap        ] GC(561) Tenured: 37017K(53796K)->37017K(53796K)
[2026-10-07T20:36:00.136+0000][944.555s][info][gc,metaspace   ] GC(561) Metaspace: 74449K(75328K)->74449K(75328K) NonClass: 65177K(65664K)->65177K(65664K) Class: 9272K(9664K)->9272K(9664K)
[2026-10-07T20:36:00.136+0000][944.555s][info][gc             ] GC(561) Pause Young (Allocation Failure) 58M->37M(76M) 7.479ms
[2026-10-07T20:36:00.136+0000][944.555s][info][gc,cpu         ] GC(561) User=0.01s Sys=0.00s Real=0.01s
[2026-10-07T20:36:02.848+0000][947.266s][info][gc,start       ] GC(562) Pause Young (Allocation Failure)
[2026-10-07T20:36:02.858+0000][947.276s][info][gc,heap        ] GC(562) DefNew: 22748K(24320K)->1213K(24320K) Eden: 21632K(21632K)->0K(21632K) From: 1116K(2688K)->1213K(2688K)
[2026-10-07T20:36:02.858+0000][947.277s][info][gc,heap        ] GC(562) Tenured: 37017K(53796K)->37017K(53796K)
[2026-10-07T20:36:02.858+0000][947.277s][info][gc,metaspace   ] GC(562) Metaspace: 74449K(75328K)->74449K(75328K) NonClass: 65177K(65664K)->65177K(65664K) Class: 9272K(9664K)->9272K(9664K)
[2026-10-07T20:36:02.858+0000][947.277s][info][gc             ] GC(562) Pause Young (Allocation Failure) 58M->37M(76M) 10.802ms
[2026-10-07T20:36:02.858+0000][947.277s][info][gc,cpu         ] GC(562) User=0.01s Sys=0.00s Real=0.01s
[2026-10-07T20:36:05.418+0000][949.837s][info][gc,start       ] GC(563) Pause Young (Allocation Failure)
[2026-10-07T20:36:05.426+0000][949.845s][info][gc,heap        ] GC(563) DefNew: 22845K(24320K)->1276K(24320K) Eden: 21632K(21632K)->0K(21632K) From: 1213K(2688K)->1276K(2688K)
[2026-10-07T20:36:05.426+0000][949.845s][info][gc,heap        ] GC(563) Tenured: 37017K(53796K)->37017K(53796K)
[2026-10-07T20:36:05.426+0000][949.845s][info][gc,metaspace   ] GC(563) Metaspace: 74450K(75328K)->74450K(75328K) NonClass: 65178K(65664K)->65178K(65664K) Class: 9272K(9664K)->9272K(9664K)
[2026-10-07T20:36:05.426+0000][949.845s][info][gc             ] GC(563) Pause Young (Allocation Failure) 58M->37M(76M) 7.912ms
[2026-10-07T20:36:05.426+0000][949.845s][info][gc,cpu         ] GC(563) User=0.01s Sys=0.01s Real=0.01s
[2026-10-07T20:36:08.132+0000][952.551s][info][gc,start       ] GC(564) Pause Young (Allocation Failure)
[2026-10-07T20:36:08.140+0000][952.559s][info][gc,heap        ] GC(564) DefNew: 22908K(24320K)->1376K(24320K) Eden: 21632K(21632K)->0K(21632K) From: 1276K(2688K)->1376K(2688K)
[2026-10-07T20:36:08.140+0000][952.559s][info][gc,heap        ] GC(564) Tenured: 37017K(53796K)->37017K(53796K)
[2026-10-07T20:36:08.140+0000][952.559s][info][gc,metaspace   ] GC(564) Metaspace: 74450K(75328K)->74450K(75328K) NonClass: 65178K(65664K)->65178K(65664K) Class: 9272K(9664K)->9272K(9664K)
[2026-10-07T20:36:08.140+0000][952.559s][info][gc             ] GC(564) Pause Young (Allocation Failure) 58M->37M(76M) 8.106ms
[2026-10-07T20:36:08.140+0000][952.559s][info][gc,cpu         ] GC(564) User=0.01s Sys=0.00s Real=0.01s
[2026-10-07T20:36:10.790+0000][955.209s][info][gc,start       ] GC(565) Pause Young (Allocation Failure)
[2026-10-07T20:36:10.801+0000][955.219s][info][gc,heap        ] GC(565) DefNew: 23008K(24320K)->1165K(24320K) Eden: 21632K(21632K)->0K(21632K) From: 1376K(2688K)->1165K(2688K)
[2026-10-07T20:36:10.801+0000][955.219s][info][gc,heap        ] GC(565) Tenured: 37017K(53796K)->37271K(53796K)
[2026-10-07T20:36:10.801+0000][955.219s][info][gc,metaspace   ] GC(565) Metaspace: 74450K(75328K)->74450K(75328K) NonClass: 65178K(65664K)->65178K(65664K) Class: 9272K(9664K)->9272K(9664K)
[2026-10-07T20:36:10.801+0000][955.220s][info][gc             ] GC(565) Pause Young (Allocation Failure) 58M->37M(76M) 10.217ms
[2026-10-07T20:36:10.801+0000][955.220s][info][gc,cpu         ] GC(565) User=0.00s Sys=0.00s Real=0.01s
[2026-10-07T20:36:13.485+0000][957.904s][info][gc,start       ] GC(566) Pause Young (Allocation Failure)
[2026-10-07T20:36:13.493+0000][957.912s][info][gc,heap        ] GC(566) DefNew: 22797K(24320K)->1301K(24320K) Eden: 21632K(21632K)->0K(21632K) From: 1165K(2688K)->1301K(2688K)
[2026-10-07T20:36:13.493+0000][957.912s][info][gc,heap        ] GC(566) Tenured: 37271K(53796K)->37271K(53796K)
[2026-10-07T20:36:13.493+0000][957.912s][info][gc,metaspace   ] GC(566) Metaspace: 74451K(75328K)->74451K(75328K) NonClass: 65179K(65664K)->65179K(65664K) Class: 9272K(9664K)->9272K(9664K)
[2026-10-07T20:36:13.493+0000][957.912s][info][gc             ] GC(566) Pause Young (Allocation Failure) 58M->37M(76M) 7.975ms
[2026-10-07T20:36:13.494+0000][957.913s][info][gc,cpu         ] GC(566) User=0.01s Sys=0.00s Real=0.01s
[2026-10-07T20:36:16.130+0000][960.549s][info][gc,start       ] GC(567) Pause Young (Allocation Failure)
[2026-10-07T20:36:16.137+0000][960.556s][info][gc,heap        ] GC(567) DefNew: 22933K(24320K)->1281K(24320K) Eden: 21632K(21632K)->0K(21632K) From: 1301K(2688K)->1281K(2688K)
[2026-10-07T20:36:16.137+0000][960.556s][info][gc,heap        ] GC(567) Tenured: 37271K(53796K)->37271K(53796K)
[2026-10-07T20:36:16.137+0000][960.556s][info][gc,metaspace   ] GC(567) Metaspace: 74452K(75328K)->74452K(75328K) NonClass: 65180K(65664K)->65180K(65664K) Class: 9272K(9664K)->9272K(9664K)
[2026-10-07T20:36:16.138+0000][960.556s][info][gc             ] GC(567) Pause Young (Allocation Failure) 58M->37M(76M) 7.254ms
[2026-10-07T20:36:16.138+0000][960.556s][info][gc,cpu         ] GC(567) User=0.00s Sys=0.00s Real=0.01s
[2026-10-07T20:36:18.854+0000][963.273s][info][gc,start       ] GC(568) Pause Young (Allocation Failure)
[2026-10-07T20:36:18.866+0000][963.285s][info][gc,heap        ] GC(568) DefNew: 22913K(24320K)->1403K(24320K) Eden: 21632K(21632K)->0K(21632K) From: 1281K(2688K)->1403K(2688K)
[2026-10-07T20:36:18.866+0000][963.285s][info][gc,heap        ] GC(568) Tenured: 37271K(53796K)->37271K(53796K)
[2026-10-07T20:36:18.867+0000][963.285s][info][gc,metaspace   ] GC(568) Metaspace: 74460K(75328K)->74460K(75328K) NonClass: 65188K(65664K)->65188K(65664K) Class: 9272K(9664K)->9272K(9664K)
[2026-10-07T20:36:18.867+0000][963.285s][info][gc             ] GC(568) Pause Young (Allocation Failure) 58M->37M(76M) 12.544ms
[2026-10-07T20:36:18.867+0000][963.285s][info][gc,cpu         ] GC(568) User=0.00s Sys=0.00s Real=0.01s
[2026-10-07T20:36:21.415+0000][965.834s][info][gc,start       ] GC(569) Pause Young (Allocation Failure)
[2026-10-07T20:36:21.423+0000][965.842s][info][gc,heap        ] GC(569) DefNew: 23035K(24320K)->1257K(24320K) Eden: 21632K(21632K)->0K(21632K) From: 1403K(2688K)->1257K(2688K)
[2026-10-07T20:36:21.423+0000][965.842s][info][gc,heap        ] GC(569) Tenured: 37271K(53796K)->37415K(53796K)
[2026-10-07T20:36:21.423+0000][965.842s][info][gc,metaspace   ] GC(569) Metaspace: 74472K(75328K)->74472K(75328K) NonClass: 65200K(65664K)->65200K(65664K) Class: 9272K(9664K)->9272K(9664K)
[2026-10-07T20:36:21.423+0000][965.842s][info][gc             ] GC(569) Pause Young (Allocation Failure) 58M->37M(76M) 7.993ms
[2026-10-07T20:36:21.423+0000][965.842s][info][gc,cpu         ] GC(569) User=0.00s Sys=0.00s Real=0.00s
[2026-10-07T20:36:24.069+0000][968.488s][info][gc,start       ] GC(570) Pause Young (Allocation Failure)
[2026-10-07T20:36:24.079+0000][968.498s][info][gc,heap        ] GC(570) DefNew: 22889K(24320K)->1338K(24320K) Eden: 21632K(21632K)->0K(21632K) From: 1257K(2688K)->1338K(2688K)
[2026-10-07T20:36:24.080+0000][968.498s][info][gc,heap        ] GC(570) Tenured: 37415K(53796K)->37415K(53796K)
[2026-10-07T20:36:24.080+0000][968.498s][info][gc,metaspace   ] GC(570) Metaspace: 74478K(75328K)->74478K(75328K) NonClass: 65206K(65664K)->65206K(65664K) Class: 9272K(9664K)->9272K(9664K)
[2026-10-07T20:36:24.080+0000][968.498s][info][gc             ] GC(570) Pause Young (Allocation Failure) 58M->37M(76M) 10.950ms
[2026-10-07T20:36:24.080+0000][968.498s][info][gc,cpu         ] GC(570) User=0.01s Sys=0.00s Real=0.01s
[2026-10-07T20:36:26.747+0000][971.166s][info][gc,start       ] GC(571) Pause Young (Allocation Failure)
[2026-10-07T20:36:26.755+0000][971.174s][info][gc,heap        ] GC(571) DefNew: 22970K(24320K)->1209K(24320K) Eden: 21632K(21632K)->0K(21632K) From: 1338K(2688K)->1209K(2688K)
[2026-10-07T20:36:26.755+0000][971.174s][info][gc,heap        ] GC(571) Tenured: 37415K(53796K)->37543K(53796K)
[2026-10-07T20:36:26.755+0000][971.174s][info][gc,metaspace   ] GC(571) Metaspace: 74479K(75328K)->74479K(75328K) NonClass: 65207K(65664K)->65207K(65664K) Class: 9272K(9664K)->9272K(9664K)
[2026-10-07T20:36:26.755+0000][971.174s][info][gc             ] GC(571) Pause Young (Allocation Failure) 58M->37M(76M) 7.879ms
[2026-10-07T20:36:26.755+0000][971.174s][info][gc,cpu         ] GC(571) User=0.01s Sys=0.00s Real=0.01s
[2026-10-07T20:36:29.414+0000][973.833s][info][gc,start       ] GC(572) Pause Young (Allocation Failure)
[2026-10-07T20:36:29.425+0000][973.844s][info][gc,heap        ] GC(572) DefNew: 22841K(24320K)->1246K(24320K) Eden: 21632K(21632K)->0K(21632K) From: 1209K(2688K)->1246K(2688K)
[2026-10-07T20:36:29.425+0000][973.844s][info][gc,heap        ] GC(572) Tenured: 37543K(53796K)->37618K(53796K)
[2026-10-07T20:36:29.426+0000][973.844s][info][gc,metaspace   ] GC(572) Metaspace: 74482K(75328K)->74482K(75328K) NonClass: 65210K(65664K)->65210K(65664K) Class: 9272K(9664K)->9272K(9664K)
[2026-10-07T20:36:29.426+0000][973.845s][info][gc             ] GC(572) Pause Young (Allocation Failure) 58M->37M(76M) 11.579ms
[2026-10-07T20:36:29.426+0000][973.845s][info][gc,cpu         ] GC(572) User=0.01s Sys=0.00s Real=0.01s
[2026-10-07T20:36:32.110+0000][976.529s][info][gc,start       ] GC(573) Pause Young (Allocation Failure)
[2026-10-07T20:36:32.120+0000][976.539s][info][gc,heap        ] GC(573) DefNew: 22878K(24320K)->1219K(24320K) Eden: 21632K(21632K)->0K(21632K) From: 1246K(2688K)->1219K(2688K)
[2026-10-07T20:36:32.120+0000][976.539s][info][gc,heap        ] GC(573) Tenured: 37618K(53796K)->37685K(53796K)
[2026-10-07T20:36:32.120+0000][976.539s][info][gc,metaspace   ] GC(573) Metaspace: 74483K(75328K)->74483K(75328K) NonClass: 65210K(65664K)->65210K(65664K) Class: 9272K(9664K)->9272K(9664K)
[2026-10-07T20:36:32.120+0000][976.539s][info][gc             ] GC(573) Pause Young (Allocation Failure) 59M->37M(76M) 10.041ms
[2026-10-07T20:36:32.120+0000][976.539s][info][gc,cpu         ] GC(573) User=0.00s Sys=0.00s Real=0.01s
[2026-10-07T20:36:34.702+0000][979.121s][info][gc,start       ] GC(574) Pause Young (Allocation Failure)
[2026-10-07T20:36:34.709+0000][979.128s][info][gc,heap        ] GC(574) DefNew: 22851K(24320K)->1233K(24320K) Eden: 21632K(21632K)->0K(21632K) From: 1219K(2688K)->1233K(2688K)
[2026-10-07T20:36:34.709+0000][979.128s][info][gc,heap        ] GC(574) Tenured: 37685K(53796K)->37738K(53796K)
[2026-10-07T20:36:34.709+0000][979.128s][info][gc,metaspace   ] GC(574) Metaspace: 74486K(75328K)->74486K(75328K) NonClass: 65214K(65664K)->65214K(65664K) Class: 9272K(9664K)->9272K(9664K)
[2026-10-07T20:36:34.709+0000][979.128s][info][gc             ] GC(574) Pause Young (Allocation Failure) 59M->38M(76M) 7.637ms
[2026-10-07T20:36:34.710+0000][979.128s][info][gc,cpu         ] GC(574) User=0.01s Sys=0.00s Real=0.01s
[2026-10-07T20:36:37.405+0000][981.823s][info][gc,start       ] GC(575) Pause Young (Allocation Failure)
[2026-10-07T20:36:37.412+0000][981.831s][info][gc,heap        ] GC(575) DefNew: 22865K(24320K)->1193K(24320K) Eden: 21632K(21632K)->0K(21632K) From: 1233K(2688K)->1193K(2688K)
[2026-10-07T20:36:37.412+0000][981.831s][info][gc,heap        ] GC(575) Tenured: 37738K(53796K)->37771K(53796K)
[2026-10-07T20:36:37.412+0000][981.831s][info][gc,metaspace   ] GC(575) Metaspace: 74507K(75328K)->74507K(75328K) NonClass: 65235K(65664K)->65235K(65664K) Class: 9272K(9664K)->9272K(9664K)
[2026-10-07T20:36:37.413+0000][981.831s][info][gc             ] GC(575) Pause Young (Allocation Failure) 59M->38M(76M) 7.988ms
[2026-10-07T20:36:37.413+0000][981.832s][info][gc,cpu         ] GC(575) User=0.00s Sys=0.00s Real=0.00s
[2026-10-07T20:36:40.056+0000][984.475s][info][gc,start       ] GC(576) Pause Young (Allocation Failure)
[2026-10-07T20:36:40.069+0000][984.488s][info][gc,heap        ] GC(576) DefNew: 22825K(24320K)->1250K(24320K) Eden: 21632K(21632K)->0K(21632K) From: 1193K(2688K)->1250K(2688K)
[2026-10-07T20:36:40.069+0000][984.488s][info][gc,heap        ] GC(576) Tenured: 37771K(53796K)->37851K(53796K)
[2026-10-07T20:36:40.069+0000][984.488s][info][gc,metaspace   ] GC(576) Metaspace: 74508K(75328K)->74508K(75328K) NonClass: 65236K(65664K)->65236K(65664K) Class: 9272K(9664K)->9272K(9664K)
[2026-10-07T20:36:40.069+0000][984.488s][info][gc             ] GC(576) Pause Young (Allocation Failure) 59M->38M(76M) 12.772ms
[2026-10-07T20:36:40.069+0000][984.488s][info][gc,cpu         ] GC(576) User=0.01s Sys=0.00s Real=0.01s
[2026-10-07T20:36:42.735+0000][987.154s][info][gc,start       ] GC(577) Pause Young (Allocation Failure)
[2026-10-07T20:36:42.743+0000][987.162s][info][gc,heap        ] GC(577) DefNew: 22882K(24320K)->1183K(24320K) Eden: 21632K(21632K)->0K(21632K) From: 1250K(2688K)->1183K(2688K)
[2026-10-07T20:36:42.743+0000][987.162s][info][gc,heap        ] GC(577) Tenured: 37851K(53796K)->37911K(53796K)
[2026-10-07T20:36:42.743+0000][987.162s][info][gc,metaspace   ] GC(577) Metaspace: 74508K(75328K)->74508K(75328K) NonClass: 65236K(65664K)->65236K(65664K) Class: 9272K(9664K)->9272K(9664K)
[2026-10-07T20:36:42.743+0000][987.162s][info][gc             ] GC(577) Pause Young (Allocation Failure) 59M->38M(76M) 8.343ms
[2026-10-07T20:36:42.744+0000][987.163s][info][gc,cpu         ] GC(577) User=0.01s Sys=0.00s Real=0.01s
[2026-10-07T20:36:45.386+0000][989.805s][info][gc,start       ] GC(578) Pause Young (Allocation Failure)
[2026-10-07T20:36:45.394+0000][989.813s][info][gc,heap        ] GC(578) DefNew: 22815K(24320K)->1149K(24320K) Eden: 21632K(21632K)->0K(21632K) From: 1183K(2688K)->1149K(2688K)
[2026-10-07T20:36:45.394+0000][989.813s][info][gc,heap        ] GC(578) Tenured: 37911K(53796K)->37976K(53796K)
[2026-10-07T20:36:45.394+0000][989.813s][info][gc,metaspace   ] GC(578) Metaspace: 74513K(75328K)->74513K(75328K) NonClass: 65241K(65664K)->65241K(65664K) Class: 9272K(9664K)->9272K(9664K)
[2026-10-07T20:36:45.394+0000][989.813s][info][gc             ] GC(578) Pause Young (Allocation Failure) 59M->38M(76M) 7.751ms
[2026-10-07T20:36:45.394+0000][989.813s][info][gc,cpu         ] GC(578) User=0.00s Sys=0.00s Real=0.01s
[2026-10-07T20:36:48.072+0000][992.491s][info][gc,start       ] GC(579) Pause Young (Allocation Failure)
[2026-10-07T20:36:48.080+0000][992.499s][info][gc,heap        ] GC(579) DefNew: 22781K(24320K)->1213K(24320K) Eden: 21632K(21632K)->0K(21632K) From: 1149K(2688K)->1213K(2688K)
[2026-10-07T20:36:48.080+0000][992.499s][info][gc,heap        ] GC(579) Tenured: 37976K(53796K)->38035K(53796K)
[2026-10-07T20:36:48.080+0000][992.499s][info][gc,metaspace   ] GC(579) Metaspace: 74515K(75328K)->74515K(75328K) NonClass: 65243K(65664K)->65243K(65664K) Class: 9272K(9664K)->9272K(9664K)
[2026-10-07T20:36:48.080+0000][992.499s][info][gc             ] GC(579) Pause Young (Allocation Failure) 59M->38M(76M) 8.366ms
[2026-10-07T20:36:48.080+0000][992.499s][info][gc,cpu         ] GC(579) User=0.01s Sys=0.00s Real=0.01s
[2026-10-07T20:36:50.635+0000][995.054s][info][gc,start       ] GC(580) Pause Young (Allocation Failure)
[2026-10-07T20:36:50.643+0000][995.062s][info][gc,heap        ] GC(580) DefNew: 22845K(24320K)->1133K(24320K) Eden: 21632K(21632K)->0K(21632K) From: 1213K(2688K)->1133K(2688K)
[2026-10-07T20:36:50.643+0000][995.062s][info][gc,heap        ] GC(580) Tenured: 38035K(53796K)->38093K(53796K)
[2026-10-07T20:36:50.643+0000][995.062s][info][gc,metaspace   ] GC(580) Metaspace: 74515K(75328K)->74515K(75328K) NonClass: 65243K(65664K)->65243K(65664K) Class: 9272K(9664K)->9272K(9664K)
[2026-10-07T20:36:50.643+0000][995.062s][info][gc             ] GC(580) Pause Young (Allocation Failure) 59M->38M(76M) 8.203ms
[2026-10-07T20:36:50.643+0000][995.062s][info][gc,cpu         ] GC(580) User=0.01s Sys=0.01s Real=0.00s
[2026-10-07T20:36:53.344+0000][997.763s][info][gc,start       ] GC(581) Pause Young (Allocation Failure)
[2026-10-07T20:36:53.352+0000][997.771s][info][gc,heap        ] GC(581) DefNew: 22765K(24320K)->1190K(24320K) Eden: 21632K(21632K)->0K(21632K) From: 1133K(2688K)->1190K(2688K)
[2026-10-07T20:36:53.352+0000][997.771s][info][gc,heap        ] GC(581) Tenured: 38093K(53796K)->38151K(53796K)
[2026-10-07T20:36:53.352+0000][997.771s][info][gc,metaspace   ] GC(581) Metaspace: 74515K(75328K)->74515K(75328K) NonClass: 65243K(65664K)->65243K(65664K) Class: 9272K(9664K)->9272K(9664K)
[2026-10-07T20:36:53.353+0000][997.771s][info][gc             ] GC(581) Pause Young (Allocation Failure) 59M->38M(76M) 8.639ms
[2026-10-07T20:36:53.353+0000][997.771s][info][gc,cpu         ] GC(581) User=0.01s Sys=0.00s Real=0.00s
[2026-10-07T20:36:55.991+0000][1000.410s][info][gc,start       ] GC(582) Pause Young (Allocation Failure)
[2026-10-07T20:36:56.001+0000][1000.419s][info][gc,heap        ] GC(582) DefNew: 22822K(24320K)->1160K(24320K) Eden: 21632K(21632K)->0K(21632K) From: 1190K(2688K)->1160K(2688K)
[2026-10-07T20:36:56.001+0000][1000.420s][info][gc,heap        ] GC(582) Tenured: 38151K(53796K)->38202K(53796K)
[2026-10-07T20:36:56.001+0000][1000.420s][info][gc,metaspace   ] GC(582) Metaspace: 74515K(75328K)->74515K(75328K) NonClass: 65243K(65664K)->65243K(65664K) Class: 9272K(9664K)->9272K(9664K)
[2026-10-07T20:36:56.001+0000][1000.420s][info][gc             ] GC(582) Pause Young (Allocation Failure) 59M->38M(76M) 9.909ms
[2026-10-07T20:36:56.001+0000][1000.420s][info][gc,cpu         ] GC(582) User=0.01s Sys=0.00s Real=0.01s
[2026-10-07T20:36:58.705+0000][1003.124s][info][gc,start       ] GC(583) Pause Young (Allocation Failure)
[2026-10-07T20:36:58.713+0000][1003.132s][info][gc,heap        ] GC(583) DefNew: 22792K(24320K)->1189K(24320K) Eden: 21632K(21632K)->0K(21632K) From: 1160K(2688K)->1189K(2688K)
[2026-10-07T20:36:58.713+0000][1003.132s][info][gc,heap        ] GC(583) Tenured: 38202K(53796K)->38262K(53796K)
[2026-10-07T20:36:58.713+0000][1003.132s][info][gc,metaspace   ] GC(583) Metaspace: 74515K(75328K)->74515K(75328K) NonClass: 65243K(65664K)->65243K(65664K) Class: 9272K(9664K)->9272K(9664K)
[2026-10-07T20:36:58.713+0000][1003.132s][info][gc             ] GC(583) Pause Young (Allocation Failure) 59M->38M(76M) 7.741ms
[2026-10-07T20:36:58.713+0000][1003.132s][info][gc,cpu         ] GC(583) User=0.00s Sys=0.00s Real=0.00s
[2026-10-07T20:37:01.345+0000][1005.764s][info][gc,start       ] GC(584) Pause Young (Allocation Failure)
[2026-10-07T20:37:01.352+0000][1005.771s][info][gc,heap        ] GC(584) DefNew: 22821K(24320K)->1141K(24320K) Eden: 21632K(21632K)->0K(21632K) From: 1189K(2688K)->1141K(2688K)
[2026-10-07T20:37:01.352+0000][1005.771s][info][gc,heap        ] GC(584) Tenured: 38262K(53796K)->38312K(53796K)
[2026-10-07T20:37:01.352+0000][1005.771s][info][gc,metaspace   ] GC(584) Metaspace: 74520K(75328K)->74520K(75328K) NonClass: 65248K(65664K)->65248K(65664K) Class: 9272K(9664K)->9272K(9664K)
[2026-10-07T20:37:01.353+0000][1005.771s][info][gc             ] GC(584) Pause Young (Allocation Failure) 59M->38M(76M) 7.526ms
[2026-10-07T20:37:01.353+0000][1005.771s][info][gc,cpu         ] GC(584) User=0.01s Sys=0.01s Real=0.00s
[2026-10-07T20:37:03.999+0000][1008.418s][info][gc,start       ] GC(585) Pause Young (Allocation Failure)
[2026-10-07T20:37:04.006+0000][1008.425s][info][gc,heap        ] GC(585) DefNew: 22773K(24320K)->1205K(24320K) Eden: 21632K(21632K)->0K(21632K) From: 1141K(2688K)->1205K(2688K)
[2026-10-07T20:37:04.006+0000][1008.425s][info][gc,heap        ] GC(585) Tenured: 38312K(53796K)->38364K(53796K)
[2026-10-07T20:37:04.006+0000][1008.425s][info][gc,metaspace   ] GC(585) Metaspace: 74520K(75328K)->74520K(75328K) NonClass: 65248K(65664K)->65248K(65664K) Class: 9272K(9664K)->9272K(9664K)
[2026-10-07T20:37:04.006+0000][1008.425s][info][gc             ] GC(585) Pause Young (Allocation Failure) 59M->38M(76M) 7.773ms
[2026-10-07T20:37:04.007+0000][1008.425s][info][gc,cpu         ] GC(585) User=0.01s Sys=0.00s Real=0.01s
[2026-10-07T20:37:06.613+0000][1011.032s][info][gc,start       ] GC(586) Pause Young (Allocation Failure)
[2026-10-07T20:37:06.621+0000][1011.040s][info][gc,heap        ] GC(586) DefNew: 22837K(24320K)->1200K(24320K) Eden: 21632K(21632K)->0K(21632K) From: 1205K(2688K)->1200K(2688K)
[2026-10-07T20:37:06.621+0000][1011.040s][info][gc,heap        ] GC(586) Tenured: 38364K(53796K)->38425K(53796K)
[2026-10-07T20:37:06.621+0000][1011.040s][info][gc,metaspace   ] GC(586) Metaspace: 74522K(75328K)->74522K(75328K) NonClass: 65250K(65664K)->65250K(65664K) Class: 9272K(9664K)->9272K(9664K)
[2026-10-07T20:37:06.621+0000][1011.040s][info][gc             ] GC(586) Pause Young (Allocation Failure) 59M->38M(76M) 8.133ms
[2026-10-07T20:37:06.621+0000][1011.040s][info][gc,cpu         ] GC(586) User=0.01s Sys=0.00s Real=0.01s
[2026-10-07T20:37:09.274+0000][1013.693s][info][gc,start       ] GC(587) Pause Young (Allocation Failure)
[2026-10-07T20:37:09.282+0000][1013.701s][info][gc,heap        ] GC(587) DefNew: 22832K(24320K)->1310K(24320K) Eden: 21632K(21632K)->0K(21632K) From: 1200K(2688K)->1310K(2688K)
[2026-10-07T20:37:09.282+0000][1013.701s][info][gc,heap        ] GC(587) Tenured: 38425K(53796K)->38477K(53796K)
[2026-10-07T20:37:09.282+0000][1013.701s][info][gc,metaspace   ] GC(587) Metaspace: 74522K(75328K)->74522K(75328K) NonClass: 65250K(65664K)->65250K(65664K) Class: 9272K(9664K)->9272K(9664K)
[2026-10-07T20:37:09.282+0000][1013.701s][info][gc             ] GC(587) Pause Young (Allocation Failure) 59M->38M(76M) 8.029ms
[2026-10-07T20:37:09.282+0000][1013.701s][info][gc,cpu         ] GC(587) User=0.00s Sys=0.00s Real=0.00s
[2026-10-07T20:37:11.926+0000][1016.344s][info][gc,start       ] GC(588) Pause Young (Allocation Failure)
[2026-10-07T20:37:11.934+0000][1016.353s][info][gc,heap        ] GC(588) DefNew: 22942K(24320K)->1291K(24320K) Eden: 21632K(21632K)->0K(21632K) From: 1310K(2688K)->1291K(2688K)
[2026-10-07T20:37:11.934+0000][1016.353s][info][gc,heap        ] GC(588) Tenured: 38477K(53796K)->38529K(53796K)
[2026-10-07T20:37:11.934+0000][1016.353s][info][gc,metaspace   ] GC(588) Metaspace: 74522K(75328K)->74522K(75328K) NonClass: 65250K(65664K)->65250K(65664K) Class: 9272K(9664K)->9272K(9664K)
[2026-10-07T20:37:11.934+0000][1016.353s][info][gc             ] GC(588) Pause Young (Allocation Failure) 59M->38M(76M) 8.588ms
[2026-10-07T20:37:11.934+0000][1016.353s][info][gc,cpu         ] GC(588) User=0.01s Sys=0.00s Real=0.01s
[2026-10-07T20:37:14.610+0000][1019.029s][info][gc,start       ] GC(589) Pause Young (Allocation Failure)
[2026-10-07T20:37:14.618+0000][1019.037s][info][gc,heap        ] GC(589) DefNew: 22923K(24320K)->1336K(24320K) Eden: 21632K(21632K)->0K(21632K) From: 1291K(2688K)->1336K(2688K)
[2026-10-07T20:37:14.618+0000][1019.037s][info][gc,heap        ] GC(589) Tenured: 38529K(53796K)->38615K(53796K)
[2026-10-07T20:37:14.618+0000][1019.037s][info][gc,metaspace   ] GC(589) Metaspace: 74522K(75328K)->74522K(75328K) NonClass: 65250K(65664K)->65250K(65664K) Class: 9272K(9664K)->9272K(9664K)
[2026-10-07T20:37:14.618+0000][1019.037s][info][gc             ] GC(589) Pause Young (Allocation Failure) 60M->39M(76M) 8.130ms
[2026-10-07T20:37:14.618+0000][1019.037s][info][gc,cpu         ] GC(589) User=0.01s Sys=0.00s Real=0.01s
[2026-10-07T20:37:17.293+0000][1021.711s][info][gc,start       ] GC(590) Pause Young (Allocation Failure)
[2026-10-07T20:37:17.300+0000][1021.719s][info][gc,heap        ] GC(590) DefNew: 22968K(24320K)->1268K(24320K) Eden: 21632K(21632K)->0K(21632K) From: 1336K(2688K)->1268K(2688K)
[2026-10-07T20:37:17.300+0000][1021.719s][info][gc,heap        ] GC(590) Tenured: 38615K(53796K)->38677K(53796K)
[2026-10-07T20:37:17.300+0000][1021.719s][info][gc,metaspace   ] GC(590) Metaspace: 74522K(75328K)->74522K(75328K) NonClass: 65250K(65664K)->65250K(65664K) Class: 9272K(9664K)->9272K(9664K)
[2026-10-07T20:37:17.301+0000][1021.720s][info][gc             ] GC(590) Pause Young (Allocation Failure) 60M->39M(76M) 8.430ms
[2026-10-07T20:37:17.301+0000][1021.720s][info][gc,cpu         ] GC(590) User=0.01s Sys=0.00s Real=0.01s
[2026-10-07T20:37:19.884+0000][1024.303s][info][gc,start       ] GC(591) Pause Young (Allocation Failure)
[2026-10-07T20:37:19.896+0000][1024.315s][info][gc,heap        ] GC(591) DefNew: 22900K(24320K)->1319K(24320K) Eden: 21632K(21632K)->0K(21632K) From: 1268K(2688K)->1319K(2688K)
[2026-10-07T20:37:19.896+0000][1024.315s][info][gc,heap        ] GC(591) Tenured: 38677K(53796K)->38730K(53796K)
[2026-10-07T20:37:19.896+0000][1024.315s][info][gc,metaspace   ] GC(591) Metaspace: 74522K(75328K)->74522K(75328K) NonClass: 65250K(65664K)->65250K(65664K) Class: 9272K(9664K)->9272K(9664K)
[2026-10-07T20:37:19.896+0000][1024.315s][info][gc             ] GC(591) Pause Young (Allocation Failure) 60M->39M(76M) 12.421ms
[2026-10-07T20:37:19.896+0000][1024.315s][info][gc,cpu         ] GC(591) User=0.01s Sys=0.00s Real=0.01s
[2026-10-07T20:37:22.574+0000][1026.993s][info][gc,start       ] GC(592) Pause Young (Allocation Failure)
[2026-10-07T20:37:22.582+0000][1027.001s][info][gc,heap        ] GC(592) DefNew: 22951K(24320K)->1235K(24320K) Eden: 21632K(21632K)->0K(21632K) From: 1319K(2688K)->1235K(2688K)
[2026-10-07T20:37:22.582+0000][1027.001s][info][gc,heap        ] GC(592) Tenured: 38730K(53796K)->38784K(53796K)
[2026-10-07T20:37:22.582+0000][1027.001s][info][gc,metaspace   ] GC(592) Metaspace: 74522K(75328K)->74522K(75328K) NonClass: 65250K(65664K)->65250K(65664K) Class: 9272K(9664K)->9272K(9664K)
[2026-10-07T20:37:22.582+0000][1027.001s][info][gc             ] GC(592) Pause Young (Allocation Failure) 60M->39M(76M) 7.777ms
[2026-10-07T20:37:22.582+0000][1027.001s][info][gc,cpu         ] GC(592) User=0.00s Sys=0.00s Real=0.00s
[2026-10-07T20:37:25.209+0000][1029.628s][info][gc,start       ] GC(593) Pause Young (Allocation Failure)
[2026-10-07T20:37:25.216+0000][1029.635s][info][gc,heap        ] GC(593) DefNew: 22867K(24320K)->1237K(24320K) Eden: 21632K(21632K)->0K(21632K) From: 1235K(2688K)->1237K(2688K)
[2026-10-07T20:37:25.216+0000][1029.635s][info][gc,heap        ] GC(593) Tenured: 38784K(53796K)->38836K(53796K)
[2026-10-07T20:37:25.216+0000][1029.635s][info][gc,metaspace   ] GC(593) Metaspace: 74523K(75328K)->74523K(75328K) NonClass: 65251K(65664K)->65251K(65664K) Class: 9272K(9664K)->9272K(9664K)
[2026-10-07T20:37:25.216+0000][1029.635s][info][gc             ] GC(593) Pause Young (Allocation Failure) 60M->39M(76M) 7.138ms
[2026-10-07T20:37:25.216+0000][1029.635s][info][gc,cpu         ] GC(593) User=0.01s Sys=0.00s Real=0.01s
[2026-10-07T20:37:27.930+0000][1032.349s][info][gc,start       ] GC(594) Pause Young (Allocation Failure)
[2026-10-07T20:37:27.938+0000][1032.357s][info][gc,heap        ] GC(594) DefNew: 22869K(24320K)->1320K(24320K) Eden: 21632K(21632K)->0K(21632K) From: 1237K(2688K)->1320K(2688K)
[2026-10-07T20:37:27.938+0000][1032.357s][info][gc,heap        ] GC(594) Tenured: 38836K(53796K)->38891K(53796K)
[2026-10-07T20:37:27.938+0000][1032.357s][info][gc,metaspace   ] GC(594) Metaspace: 74523K(75328K)->74523K(75328K) NonClass: 65251K(65664K)->65251K(65664K) Class: 9272K(9664K)->9272K(9664K)
[2026-10-07T20:37:27.938+0000][1032.357s][info][gc             ] GC(594) Pause Young (Allocation Failure) 60M->39M(76M) 8.033ms
[2026-10-07T20:37:27.938+0000][1032.357s][info][gc,cpu         ] GC(594) User=0.00s Sys=0.00s Real=0.01s
[2026-10-07T20:37:30.287+0000][1034.706s][info][gc,start       ] GC(595) Pause Young (Allocation Failure)
[2026-10-07T20:37:30.298+0000][1034.717s][info][gc,heap        ] GC(595) DefNew: 22952K(24320K)->2165K(24320K) Eden: 21632K(21632K)->0K(21632K) From: 1320K(2688K)->2165K(2688K)
[2026-10-07T20:37:30.298+0000][1034.717s][info][gc,heap        ] GC(595) Tenured: 38891K(53796K)->38942K(53796K)
[2026-10-07T20:37:30.298+0000][1034.717s][info][gc,metaspace   ] GC(595) Metaspace: 74532K(75328K)->74532K(75328K) NonClass: 65260K(65664K)->65260K(65664K) Class: 9272K(9664K)->9272K(9664K)
[2026-10-07T20:37:30.298+0000][1034.717s][info][gc             ] GC(595) Pause Young (Allocation Failure) 60M->40M(76M) 11.361ms
[2026-10-07T20:37:30.298+0000][1034.717s][info][gc,cpu         ] GC(595) User=0.01s Sys=0.00s Real=0.01s
[2026-10-07T20:37:32.471+0000][1036.890s][info][gc,start       ] GC(596) Pause Young (Allocation Failure)
[2026-10-07T20:37:32.485+0000][1036.904s][info][gc,heap        ] GC(596) DefNew: 23797K(24320K)->2535K(24320K) Eden: 21632K(21632K)->0K(21632K) From: 2165K(2688K)->2535K(2688K)
[2026-10-07T20:37:32.485+0000][1036.904s][info][gc,heap        ] GC(596) Tenured: 38942K(53796K)->39816K(53796K)
[2026-10-07T20:37:32.485+0000][1036.904s][info][gc,metaspace   ] GC(596) Metaspace: 74532K(75328K)->74532K(75328K) NonClass: 65260K(65664K)->65260K(65664K) Class: 9272K(9664K)->9272K(9664K)
[2026-10-07T20:37:32.485+0000][1036.904s][info][gc             ] GC(596) Pause Young (Allocation Failure) 61M->41M(76M) 13.946ms
[2026-10-07T20:37:32.485+0000][1036.904s][info][gc,cpu         ] GC(596) User=0.01s Sys=0.00s Real=0.02s
[2026-10-07T20:37:34.935+0000][1039.354s][info][gc,start       ] GC(597) Pause Young (Allocation Failure)
[2026-10-07T20:37:34.948+0000][1039.367s][info][gc,heap        ] GC(597) DefNew: 24167K(24320K)->873K(24320K) Eden: 21632K(21632K)->0K(21632K) From: 2535K(2688K)->873K(2688K)
[2026-10-07T20:37:34.948+0000][1039.367s][info][gc,heap        ] GC(597) Tenured: 39816K(53796K)->42191K(53796K)
[2026-10-07T20:37:34.948+0000][1039.367s][info][gc,metaspace   ] GC(597) Metaspace: 74532K(75328K)->74532K(75328K) NonClass: 65260K(65664K)->65260K(65664K) Class: 9272K(9664K)->9272K(9664K)
[2026-10-07T20:37:34.948+0000][1039.367s][info][gc             ] GC(597) Pause Young (Allocation Failure) 62M->42M(76M) 13.377ms
[2026-10-07T20:37:34.948+0000][1039.367s][info][gc,cpu         ] GC(597) User=0.01s Sys=0.00s Real=0.01s
[2026-10-07T20:37:37.580+0000][1041.999s][info][gc,start       ] GC(598) Pause Young (Allocation Failure)
[2026-10-07T20:37:37.590+0000][1042.009s][info][gc,heap        ] GC(598) DefNew: 22505K(24320K)->1367K(24320K) Eden: 21632K(21632K)->0K(21632K) From: 873K(2688K)->1367K(2688K)
[2026-10-07T20:37:37.590+0000][1042.009s][info][gc,heap        ] GC(598) Tenured: 42191K(53796K)->42191K(53796K)
[2026-10-07T20:37:37.590+0000][1042.009s][info][gc,metaspace   ] GC(598) Metaspace: 74532K(75328K)->74532K(75328K) NonClass: 65260K(65664K)->65260K(65664K) Class: 9272K(9664K)->9272K(9664K)
[2026-10-07T20:37:37.590+0000][1042.009s][info][gc             ] GC(598) Pause Young (Allocation Failure) 63M->42M(76M) 10.567ms
[2026-10-07T20:37:37.590+0000][1042.009s][info][gc,cpu         ] GC(598) User=0.01s Sys=0.00s Real=0.01s
[2026-10-07T20:37:40.132+0000][1044.551s][info][gc,start       ] GC(599) Pause Young (Allocation Failure)
[2026-10-07T20:37:40.141+0000][1044.560s][info][gc,heap        ] GC(599) DefNew: 22999K(24320K)->1120K(24320K) Eden: 21632K(21632K)->0K(21632K) From: 1367K(2688K)->1120K(2688K)
[2026-10-07T20:37:40.141+0000][1044.560s][info][gc,heap        ] GC(599) Tenured: 42191K(53796K)->42851K(53796K)
[2026-10-07T20:37:40.142+0000][1044.560s][info][gc,metaspace   ] GC(599) Metaspace: 74532K(75328K)->74532K(75328K) NonClass: 65260K(65664K)->65260K(65664K) Class: 9272K(9664K)->9272K(9664K)
[2026-10-07T20:37:40.142+0000][1044.561s][info][gc             ] GC(599) Pause Young (Allocation Failure) 63M->42M(76M) 9.541ms
[2026-10-07T20:37:40.142+0000][1044.561s][info][gc,cpu         ] GC(599) User=0.00s Sys=0.00s Real=0.01s
[2026-10-07T20:37:42.795+0000][1047.214s][info][gc,start       ] GC(600) Pause Young (Allocation Failure)
[2026-10-07T20:37:42.802+0000][1047.221s][info][gc,heap        ] GC(600) DefNew: 22752K(24320K)->1280K(24320K) Eden: 21632K(21632K)->0K(21632K) From: 1120K(2688K)->1280K(2688K)
[2026-10-07T20:37:42.802+0000][1047.221s][info][gc,heap        ] GC(600) Tenured: 42851K(53796K)->42851K(53796K)
[2026-10-07T20:37:42.802+0000][1047.221s][info][gc,metaspace   ] GC(600) Metaspace: 74532K(75328K)->74532K(75328K) NonClass: 65260K(65664K)->65260K(65664K) Class: 9272K(9664K)->9272K(9664K)
[2026-10-07T20:37:42.802+0000][1047.221s][info][gc             ] GC(600) Pause Young (Allocation Failure) 64M->43M(76M) 7.137ms
[2026-10-07T20:37:42.802+0000][1047.221s][info][gc,cpu         ] GC(600) User=0.01s Sys=0.00s Real=0.00s
[2026-10-07T20:37:45.416+0000][1049.835s][info][gc,start       ] GC(601) Pause Young (Allocation Failure)
[2026-10-07T20:37:45.423+0000][1049.842s][info][gc,heap        ] GC(601) DefNew: 22912K(24320K)->1367K(24320K) Eden: 21632K(21632K)->0K(21632K) From: 1280K(2688K)->1367K(2688K)
[2026-10-07T20:37:45.423+0000][1049.842s][info][gc,heap        ] GC(601) Tenured: 42851K(53796K)->42851K(53796K)
[2026-10-07T20:37:45.423+0000][1049.842s][info][gc,metaspace   ] GC(601) Metaspace: 74532K(75328K)->74532K(75328K) NonClass: 65260K(65664K)->65260K(65664K) Class: 9272K(9664K)->9272K(9664K)
[2026-10-07T20:37:45.423+0000][1049.842s][info][gc             ] GC(601) Pause Young (Allocation Failure) 64M->43M(76M) 6.810ms
[2026-10-07T20:37:45.423+0000][1049.842s][info][gc,cpu         ] GC(601) User=0.00s Sys=0.00s Real=0.00s
[2026-10-07T20:37:48.131+0000][1052.550s][info][gc,start       ] GC(602) Pause Young (Allocation Failure)
[2026-10-07T20:37:48.138+0000][1052.557s][info][gc,heap        ] GC(602) DefNew: 22999K(24320K)->1102K(24320K) Eden: 21632K(21632K)->0K(21632K) From: 1367K(2688K)->1102K(2688K)
[2026-10-07T20:37:48.138+0000][1052.557s][info][gc,heap        ] GC(602) Tenured: 42851K(53796K)->43278K(53796K)
[2026-10-07T20:37:48.138+0000][1052.557s][info][gc,metaspace   ] GC(602) Metaspace: 74532K(75328K)->74532K(75328K) NonClass: 65260K(65664K)->65260K(65664K) Class: 9272K(9664K)->9272K(9664K)
[2026-10-07T20:37:48.138+0000][1052.557s][info][gc             ] GC(602) Pause Young (Allocation Failure) 64M->43M(76M) 7.508ms
[2026-10-07T20:37:48.138+0000][1052.557s][info][gc,cpu         ] GC(602) User=0.01s Sys=0.00s Real=0.01s
[2026-10-07T20:37:50.640+0000][1055.059s][info][gc,start       ] GC(603) Pause Young (Allocation Failure)
[2026-10-07T20:37:50.647+0000][1055.066s][info][gc,heap        ] GC(603) DefNew: 22734K(24320K)->1153K(24320K) Eden: 21632K(21632K)->0K(21632K) From: 1102K(2688K)->1153K(2688K)
[2026-10-07T20:37:50.647+0000][1055.066s][info][gc,heap        ] GC(603) Tenured: 43278K(53796K)->43278K(53796K)
[2026-10-07T20:37:50.647+0000][1055.066s][info][gc,metaspace   ] GC(603) Metaspace: 74533K(75328K)->74533K(75328K) NonClass: 65261K(65664K)->65261K(65664K) Class: 9272K(9664K)->9272K(9664K)
[2026-10-07T20:37:50.647+0000][1055.066s][info][gc             ] GC(603) Pause Young (Allocation Failure) 64M->43M(76M) 7.025ms
[2026-10-07T20:37:50.647+0000][1055.066s][info][gc,cpu         ] GC(603) User=0.00s Sys=0.00s Real=0.01s
[2026-10-07T20:37:53.346+0000][1057.764s][info][gc,start       ] GC(604) Pause Young (Allocation Failure)
[2026-10-07T20:37:53.353+0000][1057.772s][info][gc,heap        ] GC(604) DefNew: 22785K(24320K)->1284K(24320K) Eden: 21632K(21632K)->0K(21632K) From: 1153K(2688K)->1284K(2688K)
[2026-10-07T20:37:53.353+0000][1057.772s][info][gc,heap        ] GC(604) Tenured: 43278K(53796K)->43278K(53796K)
[2026-10-07T20:37:53.353+0000][1057.772s][info][gc,metaspace   ] GC(604) Metaspace: 74533K(75328K)->74533K(75328K) NonClass: 65261K(65664K)->65261K(65664K) Class: 9272K(9664K)->9272K(9664K)
[2026-10-07T20:37:53.353+0000][1057.772s][info][gc             ] GC(604) Pause Young (Allocation Failure) 64M->43M(76M) 7.497ms
[2026-10-07T20:37:53.353+0000][1057.772s][info][gc,cpu         ] GC(604) User=0.01s Sys=0.00s Real=0.00s
[2026-10-07T20:37:55.986+0000][1060.405s][info][gc,start       ] GC(605) Pause Young (Allocation Failure)
[2026-10-07T20:37:55.994+0000][1060.413s][info][gc,heap        ] GC(605) DefNew: 22916K(24320K)->1292K(24320K) Eden: 21632K(21632K)->0K(21632K) From: 1284K(2688K)->1292K(2688K)
[2026-10-07T20:37:55.994+0000][1060.413s][info][gc,heap        ] GC(605) Tenured: 43278K(53796K)->43278K(53796K)
[2026-10-07T20:37:55.994+0000][1060.413s][info][gc,metaspace   ] GC(605) Metaspace: 74533K(75328K)->74533K(75328K) NonClass: 65261K(65664K)->65261K(65664K) Class: 9272K(9664K)->9272K(9664K)
[2026-10-07T20:37:55.994+0000][1060.413s][info][gc             ] GC(605) Pause Young (Allocation Failure) 64M->43M(76M) 8.608ms
[2026-10-07T20:37:55.995+0000][1060.413s][info][gc,cpu         ] GC(605) User=0.01s Sys=0.00s Real=0.01s
[2026-10-07T20:37:58.709+0000][1063.128s][info][gc,start       ] GC(606) Pause Young (Allocation Failure)
[2026-10-07T20:37:58.717+0000][1063.136s][info][gc,heap        ] GC(606) DefNew: 22924K(24320K)->1336K(24320K) Eden: 21631K(21632K)->0K(21632K) From: 1292K(2688K)->1336K(2688K)
[2026-10-07T20:37:58.717+0000][1063.136s][info][gc,heap        ] GC(606) Tenured: 43278K(53796K)->43278K(53796K)
[2026-10-07T20:37:58.717+0000][1063.136s][info][gc,metaspace   ] GC(606) Metaspace: 74533K(75328K)->74533K(75328K) NonClass: 65261K(65664K)->65261K(65664K) Class: 9272K(9664K)->9272K(9664K)
[2026-10-07T20:37:58.717+0000][1063.136s][info][gc             ] GC(606) Pause Young (Allocation Failure) 64M->43M(76M) 8.288ms
[2026-10-07T20:37:58.717+0000][1063.136s][info][gc,cpu         ] GC(606) User=0.01s Sys=0.00s Real=0.01s
[2026-10-07T20:38:01.345+0000][1065.764s][info][gc,start       ] GC(607) Pause Young (Allocation Failure)
[2026-10-07T20:38:01.353+0000][1065.772s][info][gc,heap        ] GC(607) DefNew: 22968K(24320K)->1373K(24320K) Eden: 21632K(21632K)->0K(21632K) From: 1336K(2688K)->1373K(2688K)
[2026-10-07T20:38:01.353+0000][1065.772s][info][gc,heap        ] GC(607) Tenured: 43278K(53796K)->43278K(53796K)
[2026-10-07T20:38:01.353+0000][1065.772s][info][gc,metaspace   ] GC(607) Metaspace: 74533K(75328K)->74533K(75328K) NonClass: 65261K(65664K)->65261K(65664K) Class: 9272K(9664K)->9272K(9664K)
[2026-10-07T20:38:01.353+0000][1065.772s][info][gc             ] GC(607) Pause Young (Allocation Failure) 64M->43M(76M) 7.750ms
[2026-10-07T20:38:01.353+0000][1065.772s][info][gc,cpu         ] GC(607) User=0.00s Sys=0.00s Real=0.00s
[2026-10-07T20:38:04.022+0000][1068.440s][info][gc,start       ] GC(608) Pause Young (Allocation Failure)
[2026-10-07T20:38:04.029+0000][1068.448s][info][gc,heap        ] GC(608) DefNew: 23005K(24320K)->1091K(24320K) Eden: 21632K(21632K)->0K(21632K) From: 1373K(2688K)->1091K(2688K)
[2026-10-07T20:38:04.029+0000][1068.448s][info][gc,heap        ] GC(608) Tenured: 43278K(53796K)->43652K(53796K)
[2026-10-07T20:38:04.030+0000][1068.448s][info][gc,metaspace   ] GC(608) Metaspace: 74533K(75328K)->74533K(75328K) NonClass: 65261K(65664K)->65261K(65664K) Class: 9272K(9664K)->9272K(9664K)
[2026-10-07T20:38:04.030+0000][1068.449s][info][gc             ] GC(608) Pause Young (Allocation Failure) 64M->43M(76M) 8.059ms
[2026-10-07T20:38:04.030+0000][1068.449s][info][gc,cpu         ] GC(608) User=0.00s Sys=0.00s Real=0.01s
[2026-10-07T20:38:06.630+0000][1071.049s][info][gc,start       ] GC(609) Pause Young (Allocation Failure)
[2026-10-07T20:38:06.637+0000][1071.056s][info][gc,heap        ] GC(609) DefNew: 22723K(24320K)->1124K(24320K) Eden: 21632K(21632K)->0K(21632K) From: 1091K(2688K)->1124K(2688K)
[2026-10-07T20:38:06.637+0000][1071.056s][info][gc,heap        ] GC(609) Tenured: 43652K(53796K)->43652K(53796K)
[2026-10-07T20:38:06.638+0000][1071.057s][info][gc,metaspace   ] GC(609) Metaspace: 74537K(75328K)->74537K(75328K) NonClass: 65265K(65664K)->65265K(65664K) Class: 9272K(9664K)->9272K(9664K)
[2026-10-07T20:38:06.638+0000][1071.057s][info][gc             ] GC(609) Pause Young (Allocation Failure) 64M->43M(76M) 8.142ms
[2026-10-07T20:38:06.638+0000][1071.057s][info][gc,cpu         ] GC(609) User=0.01s Sys=0.00s Real=0.01s
[2026-10-07T20:38:09.276+0000][1073.695s][info][gc,start       ] GC(610) Pause Young (Allocation Failure)
[2026-10-07T20:38:09.283+0000][1073.702s][info][gc,heap        ] GC(610) DefNew: 22756K(24320K)->1200K(24320K) Eden: 21632K(21632K)->0K(21632K) From: 1124K(2688K)->1200K(2688K)
[2026-10-07T20:38:09.283+0000][1073.702s][info][gc,heap        ] GC(610) Tenured: 43652K(53796K)->43652K(53796K)
[2026-10-07T20:38:09.283+0000][1073.702s][info][gc,metaspace   ] GC(610) Metaspace: 74537K(75328K)->74537K(75328K) NonClass: 65265K(65664K)->65265K(65664K) Class: 9272K(9664K)->9272K(9664K)
[2026-10-07T20:38:09.283+0000][1073.702s][info][gc             ] GC(610) Pause Young (Allocation Failure) 64M->43M(76M) 7.027ms
[2026-10-07T20:38:09.283+0000][1073.702s][info][gc,cpu         ] GC(610) User=0.00s Sys=0.00s Real=0.00s
[2026-10-07T20:38:11.967+0000][1076.385s][info][gc,start       ] GC(611) Pause Young (Allocation Failure)
[2026-10-07T20:38:11.981+0000][1076.400s][info][gc,heap        ] GC(611) DefNew: 22832K(24320K)->1183K(24320K) Eden: 21632K(21632K)->0K(21632K) From: 1200K(2688K)->1183K(2688K)
[2026-10-07T20:38:11.981+0000][1076.400s][info][gc,heap        ] GC(611) Tenured: 43652K(53796K)->43652K(53796K)
[2026-10-07T20:38:11.981+0000][1076.400s][info][gc,metaspace   ] GC(611) Metaspace: 74537K(75328K)->74537K(75328K) NonClass: 65265K(65664K)->65265K(65664K) Class: 9272K(9664K)->9272K(9664K)
[2026-10-07T20:38:11.981+0000][1076.400s][info][gc             ] GC(611) Pause Young (Allocation Failure) 64M->43M(76M) 14.390ms
[2026-10-07T20:38:11.981+0000][1076.400s][info][gc,cpu         ] GC(611) User=0.01s Sys=0.00s Real=0.01s
[2026-10-07T20:38:14.637+0000][1079.056s][info][gc,start       ] GC(612) Pause Young (Allocation Failure)
[2026-10-07T20:38:14.644+0000][1079.063s][info][gc,heap        ] GC(612) DefNew: 22815K(24320K)->1265K(24320K) Eden: 21632K(21632K)->0K(21632K) From: 1183K(2688K)->1265K(2688K)
[2026-10-07T20:38:14.644+0000][1079.063s][info][gc,heap        ] GC(612) Tenured: 43652K(53796K)->43652K(53796K)
[2026-10-07T20:38:14.644+0000][1079.063s][info][gc,metaspace   ] GC(612) Metaspace: 74537K(75328K)->74537K(75328K) NonClass: 65265K(65664K)->65265K(65664K) Class: 9272K(9664K)->9272K(9664K)
[2026-10-07T20:38:14.644+0000][1079.063s][info][gc             ] GC(612) Pause Young (Allocation Failure) 64M->43M(76M) 7.182ms
[2026-10-07T20:38:14.644+0000][1079.063s][info][gc,cpu         ] GC(612) User=0.01s Sys=0.00s Real=0.01s
[2026-10-07T20:38:17.342+0000][1081.761s][info][gc,start       ] GC(613) Pause Young (Allocation Failure)
[2026-10-07T20:38:17.351+0000][1081.770s][info][gc,heap        ] GC(613) DefNew: 22897K(24320K)->1285K(24320K) Eden: 21632K(21632K)->0K(21632K) From: 1265K(2688K)->1285K(2688K)
[2026-10-07T20:38:17.351+0000][1081.770s][info][gc,heap        ] GC(613) Tenured: 43652K(53796K)->43652K(53796K)
[2026-10-07T20:38:17.351+0000][1081.770s][info][gc,metaspace   ] GC(613) Metaspace: 74537K(75328K)->74537K(75328K) NonClass: 65265K(65664K)->65265K(65664K) Class: 9272K(9664K)->9272K(9664K)
[2026-10-07T20:38:17.351+0000][1081.770s][info][gc             ] GC(613) Pause Young (Allocation Failure) 64M->43M(76M) 9.041ms
[2026-10-07T20:38:17.351+0000][1081.770s][info][gc,cpu         ] GC(613) User=0.00s Sys=0.00s Real=0.01s
[2026-10-07T20:38:19.930+0000][1084.349s][info][gc,start       ] GC(614) Pause Young (Allocation Failure)
[2026-10-07T20:38:19.938+0000][1084.357s][info][gc,heap        ] GC(614) DefNew: 22917K(24320K)->1310K(24320K) Eden: 21632K(21632K)->0K(21632K) From: 1285K(2688K)->1310K(2688K)
[2026-10-07T20:38:19.938+0000][1084.357s][info][gc,heap        ] GC(614) Tenured: 43652K(53796K)->43652K(53796K)
[2026-10-07T20:38:19.938+0000][1084.357s][info][gc,metaspace   ] GC(614) Metaspace: 74537K(75328K)->74537K(75328K) NonClass: 65265K(65664K)->65265K(65664K) Class: 9272K(9664K)->9272K(9664K)
[2026-10-07T20:38:19.938+0000][1084.357s][info][gc             ] GC(614) Pause Young (Allocation Failure) 65M->43M(76M) 7.883ms
[2026-10-07T20:38:19.938+0000][1084.357s][info][gc,cpu         ] GC(614) User=0.01s Sys=0.00s Real=0.01s
[2026-10-07T20:38:22.608+0000][1087.026s][info][gc,start       ] GC(615) Pause Young (Allocation Failure)
[2026-10-07T20:38:22.618+0000][1087.037s][info][gc,heap        ] GC(615) DefNew: 22942K(24320K)->1121K(24320K) Eden: 21632K(21632K)->0K(21632K) From: 1310K(2688K)->1121K(2688K)
[2026-10-07T20:38:22.618+0000][1087.037s][info][gc,heap        ] GC(615) Tenured: 43652K(53796K)->43855K(53796K)
[2026-10-07T20:38:22.618+0000][1087.037s][info][gc,metaspace   ] GC(615) Metaspace: 74537K(75328K)->74537K(75328K) NonClass: 65265K(65664K)->65265K(65664K) Class: 9272K(9664K)->9272K(9664K)
[2026-10-07T20:38:22.619+0000][1087.037s][info][gc             ] GC(615) Pause Young (Allocation Failure) 65M->43M(76M) 10.835ms
[2026-10-07T20:38:22.619+0000][1087.037s][info][gc,cpu         ] GC(615) User=0.00s Sys=0.00s Real=0.01s
[2026-10-07T20:38:25.273+0000][1089.692s][info][gc,start       ] GC(616) Pause Young (Allocation Failure)
[2026-10-07T20:38:25.281+0000][1089.700s][info][gc,heap        ] GC(616) DefNew: 22753K(24320K)->1119K(24320K) Eden: 21632K(21632K)->0K(21632K) From: 1121K(2688K)->1119K(2688K)
[2026-10-07T20:38:25.282+0000][1089.700s][info][gc,heap        ] GC(616) Tenured: 43855K(53796K)->43958K(53796K)
[2026-10-07T20:38:25.282+0000][1089.700s][info][gc,metaspace   ] GC(616) Metaspace: 74537K(75328K)->74537K(75328K) NonClass: 65265K(65664K)->65265K(65664K) Class: 9272K(9664K)->9272K(9664K)
[2026-10-07T20:38:25.282+0000][1089.700s][info][gc             ] GC(616) Pause Young (Allocation Failure) 65M->44M(76M) 8.147ms
[2026-10-07T20:38:25.282+0000][1089.700s][info][gc,cpu         ] GC(616) User=0.00s Sys=0.00s Real=0.01s
[2026-10-07T20:38:27.957+0000][1092.376s][info][gc,start       ] GC(617) Pause Young (Allocation Failure)
[2026-10-07T20:38:27.965+0000][1092.384s][info][gc,heap        ] GC(617) DefNew: 22751K(24320K)->1017K(24320K) Eden: 21632K(21632K)->0K(21632K) From: 1119K(2688K)->1017K(2688K)
[2026-10-07T20:38:27.965+0000][1092.384s][info][gc,heap        ] GC(617) Tenured: 43958K(53796K)->44060K(53796K)
[2026-10-07T20:38:27.965+0000][1092.384s][info][gc,metaspace   ] GC(617) Metaspace: 74537K(75328K)->74537K(75328K) NonClass: 65265K(65664K)->65265K(65664K) Class: 9272K(9664K)->9272K(9664K)
[2026-10-07T20:38:27.965+0000][1092.384s][info][gc             ] GC(617) Pause Young (Allocation Failure) 65M->44M(76M) 7.797ms
[2026-10-07T20:38:27.965+0000][1092.384s][info][gc,cpu         ] GC(617) User=0.00s Sys=0.00s Real=0.01s
[2026-10-07T20:38:30.607+0000][1095.026s][info][gc,start       ] GC(618) Pause Young (Allocation Failure)
[2026-10-07T20:38:30.615+0000][1095.033s][info][gc,heap        ] GC(618) DefNew: 22649K(24320K)->901K(24320K) Eden: 21632K(21632K)->0K(21632K) From: 1017K(2688K)->901K(2688K)
[2026-10-07T20:38:30.615+0000][1095.033s][info][gc,heap        ] GC(618) Tenured: 44060K(53796K)->44161K(53796K)
[2026-10-07T20:38:30.615+0000][1095.033s][info][gc,metaspace   ] GC(618) Metaspace: 74539K(75328K)->74539K(75328K) NonClass: 65267K(65664K)->65267K(65664K) Class: 9272K(9664K)->9272K(9664K)
[2026-10-07T20:38:30.615+0000][1095.034s][info][gc             ] GC(618) Pause Young (Allocation Failure) 65M->44M(76M) 7.566ms
[2026-10-07T20:38:30.615+0000][1095.034s][info][gc,cpu         ] GC(618) User=0.01s Sys=0.00s Real=0.01s
[2026-10-07T20:38:33.311+0000][1097.730s][info][gc,start       ] GC(619) Pause Young (Allocation Failure)
[2026-10-07T20:38:33.319+0000][1097.738s][info][gc,heap        ] GC(619) DefNew: 22533K(24320K)->929K(24320K) Eden: 21632K(21632K)->0K(21632K) From: 901K(2688K)->929K(2688K)
[2026-10-07T20:38:33.319+0000][1097.738s][info][gc,heap        ] GC(619) Tenured: 44161K(53796K)->44229K(53796K)
[2026-10-07T20:38:33.319+0000][1097.738s][info][gc,metaspace   ] GC(619) Metaspace: 74539K(75328K)->74539K(75328K) NonClass: 65267K(65664K)->65267K(65664K) Class: 9272K(9664K)->9272K(9664K)
[2026-10-07T20:38:33.320+0000][1097.738s][info][gc             ] GC(619) Pause Young (Allocation Failure) 65M->44M(76M) 8.258ms
[2026-10-07T20:38:33.320+0000][1097.739s][info][gc,cpu         ] GC(619) User=0.01s Sys=0.00s Real=0.01s
[2026-10-07T20:38:35.879+0000][1100.297s][info][gc,start       ] GC(620) Pause Young (Allocation Failure)
[2026-10-07T20:38:35.889+0000][1100.308s][info][gc,heap        ] GC(620) DefNew: 22561K(24320K)->898K(24320K) Eden: 21632K(21632K)->0K(21632K) From: 929K(2688K)->898K(2688K)
[2026-10-07T20:38:35.889+0000][1100.308s][info][gc,heap        ] GC(620) Tenured: 44229K(53796K)->44269K(53796K)
[2026-10-07T20:38:35.889+0000][1100.308s][info][gc,metaspace   ] GC(620) Metaspace: 74539K(75328K)->74539K(75328K) NonClass: 65267K(65664K)->65267K(65664K) Class: 9272K(9664K)->9272K(9664K)
[2026-10-07T20:38:35.894+0000][1100.312s][info][gc             ] GC(620) Pause Young (Allocation Failure) 65M->44M(76M) 14.950ms
[2026-10-07T20:38:35.894+0000][1100.312s][info][gc,cpu         ] GC(620) User=0.01s Sys=0.00s Real=0.02s
[2026-10-07T20:38:38.571+0000][1102.989s][info][gc,start       ] GC(621) Pause Young (Allocation Failure)
[2026-10-07T20:38:38.578+0000][1102.997s][info][gc,heap        ] GC(621) DefNew: 22530K(24320K)->940K(24320K) Eden: 21632K(21632K)->0K(21632K) From: 898K(2688K)->940K(2688K)
[2026-10-07T20:38:38.578+0000][1102.997s][info][gc,heap        ] GC(621) Tenured: 44269K(53796K)->44305K(53796K)
[2026-10-07T20:38:38.578+0000][1102.997s][info][gc,metaspace   ] GC(621) Metaspace: 74539K(75328K)->74539K(75328K) NonClass: 65267K(65664K)->65267K(65664K) Class: 9272K(9664K)->9272K(9664K)
[2026-10-07T20:38:38.579+0000][1102.998s][info][gc             ] GC(621) Pause Young (Allocation Failure) 65M->44M(76M) 8.701ms
[2026-10-07T20:38:38.579+0000][1102.998s][info][gc,cpu         ] GC(621) User=0.01s Sys=0.00s Real=0.01s
[2026-10-07T20:38:41.207+0000][1105.626s][info][gc,start       ] GC(622) Pause Young (Allocation Failure)
[2026-10-07T20:38:41.216+0000][1105.635s][info][gc,heap        ] GC(622) DefNew: 22572K(24320K)->924K(24320K) Eden: 21632K(21632K)->0K(21632K) From: 940K(2688K)->924K(2688K)
[2026-10-07T20:38:41.216+0000][1105.635s][info][gc,heap        ] GC(622) Tenured: 44305K(53796K)->44346K(53796K)
[2026-10-07T20:38:41.216+0000][1105.635s][info][gc,metaspace   ] GC(622) Metaspace: 74539K(75328K)->74539K(75328K) NonClass: 65267K(65664K)->65267K(65664K) Class: 9272K(9664K)->9272K(9664K)
[2026-10-07T20:38:41.216+0000][1105.635s][info][gc             ] GC(622) Pause Young (Allocation Failure) 65M->44M(76M) 8.819ms
[2026-10-07T20:38:41.216+0000][1105.635s][info][gc,cpu         ] GC(622) User=0.00s Sys=0.00s Real=0.01s
[2026-10-07T20:38:43.902+0000][1108.321s][info][gc,start       ] GC(623) Pause Young (Allocation Failure)
[2026-10-07T20:38:43.910+0000][1108.329s][info][gc,heap        ] GC(623) DefNew: 22556K(24320K)->938K(24320K) Eden: 21632K(21632K)->0K(21632K) From: 924K(2688K)->938K(2688K)
[2026-10-07T20:38:43.910+0000][1108.329s][info][gc,heap        ] GC(623) Tenured: 44346K(53796K)->44396K(53796K)
[2026-10-07T20:38:43.910+0000][1108.329s][info][gc,metaspace   ] GC(623) Metaspace: 74539K(75328K)->74539K(75328K) NonClass: 65267K(65664K)->65267K(65664K) Class: 9272K(9664K)->9272K(9664K)
[2026-10-07T20:38:43.911+0000][1108.330s][info][gc             ] GC(623) Pause Young (Allocation Failure) 65M->44M(76M) 8.957ms
[2026-10-07T20:38:43.911+0000][1108.330s][info][gc,cpu         ] GC(623) User=0.01s Sys=0.01s Real=0.01s
[2026-10-07T20:38:46.570+0000][1110.989s][info][gc,start       ] GC(624) Pause Young (Allocation Failure)
[2026-10-07T20:38:46.581+0000][1110.999s][info][gc,heap        ] GC(624) DefNew: 22570K(24320K)->884K(24320K) Eden: 21632K(21632K)->0K(21632K) From: 938K(2688K)->884K(2688K)
[2026-10-07T20:38:46.581+0000][1111.000s][info][gc,heap        ] GC(624) Tenured: 44396K(53796K)->44464K(53796K)
[2026-10-07T20:38:46.581+0000][1111.000s][info][gc,metaspace   ] GC(624) Metaspace: 74539K(75328K)->74539K(75328K) NonClass: 65267K(65664K)->65267K(65664K) Class: 9272K(9664K)->9272K(9664K)
[2026-10-07T20:38:46.582+0000][1111.000s][info][gc             ] GC(624) Pause Young (Allocation Failure) 65M->44M(76M) 11.682ms
[2026-10-07T20:38:46.582+0000][1111.001s][info][gc,cpu         ] GC(624) User=0.01s Sys=0.00s Real=0.01s
[2026-10-07T20:38:49.269+0000][1113.688s][info][gc,start       ] GC(625) Pause Young (Allocation Failure)
[2026-10-07T20:38:49.276+0000][1113.695s][info][gc,heap        ] GC(625) DefNew: 22516K(24320K)->928K(24320K) Eden: 21632K(21632K)->0K(21632K) From: 884K(2688K)->928K(2688K)
[2026-10-07T20:38:49.276+0000][1113.695s][info][gc,heap        ] GC(625) Tenured: 44464K(53796K)->44496K(53796K)
[2026-10-07T20:38:49.276+0000][1113.695s][info][gc,metaspace   ] GC(625) Metaspace: 74539K(75328K)->74539K(75328K) NonClass: 65267K(65664K)->65267K(65664K) Class: 9272K(9664K)->9272K(9664K)
[2026-10-07T20:38:49.277+0000][1113.695s][info][gc             ] GC(625) Pause Young (Allocation Failure) 65M->44M(76M) 7.597ms
[2026-10-07T20:38:49.277+0000][1113.696s][info][gc,cpu         ] GC(625) User=0.00s Sys=0.00s Real=0.01s
[2026-10-07T20:38:51.887+0000][1116.306s][info][gc,start       ] GC(626) Pause Young (Allocation Failure)
[2026-10-07T20:38:51.894+0000][1116.312s][info][gc,heap        ] GC(626) DefNew: 22560K(24320K)->864K(24320K) Eden: 21632K(21632K)->0K(21632K) From: 928K(2688K)->864K(2688K)
[2026-10-07T20:38:51.894+0000][1116.313s][info][gc,heap        ] GC(626) Tenured: 44496K(53796K)->44529K(53796K)
[2026-10-07T20:38:51.894+0000][1116.313s][info][gc,metaspace   ] GC(626) Metaspace: 74539K(75328K)->74539K(75328K) NonClass: 65267K(65664K)->65267K(65664K) Class: 9272K(9664K)->9272K(9664K)
[2026-10-07T20:38:51.894+0000][1116.313s][info][gc             ] GC(626) Pause Young (Allocation Failure) 65M->44M(76M) 7.104ms
[2026-10-07T20:38:51.894+0000][1116.313s][info][gc,cpu         ] GC(626) User=0.00s Sys=0.00s Real=0.01s
[2026-10-07T20:38:54.528+0000][1118.946s][info][gc,start       ] GC(627) Pause Young (Allocation Failure)
[2026-10-07T20:38:54.537+0000][1118.955s][info][gc,heap        ] GC(627) DefNew: 22496K(24320K)->939K(24320K) Eden: 21632K(21632K)->0K(21632K) From: 864K(2688K)->939K(2688K)
[2026-10-07T20:38:54.537+0000][1118.955s][info][gc,heap        ] GC(627) Tenured: 44529K(53796K)->44563K(53796K)
[2026-10-07T20:38:54.537+0000][1118.955s][info][gc,metaspace   ] GC(627) Metaspace: 74540K(75328K)->74540K(75328K) NonClass: 65268K(65664K)->65268K(65664K) Class: 9272K(9664K)->9272K(9664K)
[2026-10-07T20:38:54.537+0000][1118.956s][info][gc             ] GC(627) Pause Young (Allocation Failure) 65M->44M(76M) 9.132ms
[2026-10-07T20:38:54.537+0000][1118.956s][info][gc,cpu         ] GC(627) User=0.01s Sys=0.00s Real=0.01s
[2026-10-07T20:38:57.225+0000][1121.644s][info][gc,start       ] GC(628) Pause Young (Allocation Failure)
[2026-10-07T20:38:57.236+0000][1121.655s][info][gc,heap        ] GC(628) DefNew: 22571K(24320K)->885K(24320K) Eden: 21632K(21632K)->0K(21632K) From: 939K(2688K)->885K(2688K)
[2026-10-07T20:38:57.236+0000][1121.655s][info][gc,heap        ] GC(628) Tenured: 44563K(53796K)->44599K(53796K)
[2026-10-07T20:38:57.236+0000][1121.655s][info][gc,metaspace   ] GC(628) Metaspace: 74540K(75328K)->74540K(75328K) NonClass: 65268K(65664K)->65268K(65664K) Class: 9272K(9664K)->9272K(9664K)
[2026-10-07T20:38:57.236+0000][1121.655s][info][gc             ] GC(628) Pause Young (Allocation Failure) 65M->44M(76M) 11.388ms
[2026-10-07T20:38:57.236+0000][1121.655s][info][gc,cpu         ] GC(628) User=0.01s Sys=0.00s Real=0.01s
[2026-10-07T20:38:59.883+0000][1124.302s][info][gc,start       ] GC(629) Pause Young (Allocation Failure)
[2026-10-07T20:38:59.890+0000][1124.309s][info][gc,heap        ] GC(629) DefNew: 22517K(24320K)->947K(24320K) Eden: 21632K(21632K)->0K(21632K) From: 885K(2688K)->947K(2688K)
[2026-10-07T20:38:59.890+0000][1124.309s][info][gc,heap        ] GC(629) Tenured: 44599K(53796K)->44631K(53796K)
[2026-10-07T20:38:59.890+0000][1124.309s][info][gc,metaspace   ] GC(629) Metaspace: 74540K(75328K)->74540K(75328K) NonClass: 65268K(65664K)->65268K(65664K) Class: 9272K(9664K)->9272K(9664K)
[2026-10-07T20:38:59.890+0000][1124.309s][info][gc             ] GC(629) Pause Young (Allocation Failure) 65M->44M(76M) 7.060ms
[2026-10-07T20:38:59.890+0000][1124.309s][info][gc,cpu         ] GC(629) User=0.01s Sys=0.00s Real=0.01s
[2026-10-07T20:39:02.573+0000][1126.992s][info][gc,start       ] GC(630) Pause Young (Allocation Failure)
[2026-10-07T20:39:02.580+0000][1126.999s][info][gc,heap        ] GC(630) DefNew: 22579K(24320K)->890K(24320K) Eden: 21632K(21632K)->0K(21632K) From: 947K(2688K)->890K(2688K)
[2026-10-07T20:39:02.580+0000][1126.999s][info][gc,heap        ] GC(630) Tenured: 44631K(53796K)->44665K(53796K)
[2026-10-07T20:39:02.580+0000][1126.999s][info][gc,metaspace   ] GC(630) Metaspace: 74540K(75328K)->74540K(75328K) NonClass: 65268K(65664K)->65268K(65664K) Class: 9272K(9664K)->9272K(9664K)
[2026-10-07T20:39:02.580+0000][1126.999s][info][gc             ] GC(630) Pause Young (Allocation Failure) 65M->44M(76M) 6.891ms
[2026-10-07T20:39:02.580+0000][1126.999s][info][gc,cpu         ] GC(630) User=0.01s Sys=0.00s Real=0.01s
[2026-10-07T20:39:05.166+0000][1129.585s][info][gc,start       ] GC(631) Pause Young (Allocation Failure)
[2026-10-07T20:39:05.173+0000][1129.592s][info][gc,heap        ] GC(631) DefNew: 22522K(24320K)->940K(24320K) Eden: 21632K(21632K)->0K(21632K) From: 890K(2688K)->940K(2688K)
[2026-10-07T20:39:05.173+0000][1129.592s][info][gc,heap        ] GC(631) Tenured: 44665K(53796K)->44700K(53796K)
[2026-10-07T20:39:05.173+0000][1129.592s][info][gc,metaspace   ] GC(631) Metaspace: 74540K(75328K)->74540K(75328K) NonClass: 65268K(65664K)->65268K(65664K) Class: 9272K(9664K)->9272K(9664K)
[2026-10-07T20:39:05.173+0000][1129.592s][info][gc             ] GC(631) Pause Young (Allocation Failure) 65M->44M(76M) 6.821ms
[2026-10-07T20:39:05.173+0000][1129.592s][info][gc,cpu         ] GC(631) User=0.01s Sys=0.00s Real=0.00s
[2026-10-07T20:39:07.853+0000][1132.272s][info][gc,start       ] GC(632) Pause Young (Allocation Failure)
[2026-10-07T20:39:07.859+0000][1132.278s][info][gc,heap        ] GC(632) DefNew: 22572K(24320K)->878K(24320K) Eden: 21632K(21632K)->0K(21632K) From: 940K(2688K)->878K(2688K)
[2026-10-07T20:39:07.859+0000][1132.278s][info][gc,heap        ] GC(632) Tenured: 44700K(53796K)->44741K(53796K)
[2026-10-07T20:39:07.859+0000][1132.278s][info][gc,metaspace   ] GC(632) Metaspace: 74540K(75328K)->74540K(75328K) NonClass: 65268K(65664K)->65268K(65664K) Class: 9272K(9664K)->9272K(9664K)
[2026-10-07T20:39:07.859+0000][1132.278s][info][gc             ] GC(632) Pause Young (Allocation Failure) 65M->44M(76M) 6.572ms
[2026-10-07T20:39:07.859+0000][1132.278s][info][gc,cpu         ] GC(632) User=0.01s Sys=0.00s Real=0.01s
[2026-10-07T20:39:10.505+0000][1134.923s][info][gc,start       ] GC(633) Pause Young (Allocation Failure)
[2026-10-07T20:39:10.511+0000][1134.930s][info][gc,heap        ] GC(633) DefNew: 22510K(24320K)->847K(24320K) Eden: 21632K(21632K)->0K(21632K) From: 878K(2688K)->847K(2688K)
[2026-10-07T20:39:10.511+0000][1134.930s][info][gc,heap        ] GC(633) Tenured: 44741K(53796K)->44783K(53796K)
[2026-10-07T20:39:10.511+0000][1134.930s][info][gc,metaspace   ] GC(633) Metaspace: 74540K(75328K)->74540K(75328K) NonClass: 65268K(65664K)->65268K(65664K) Class: 9272K(9664K)->9272K(9664K)
[2026-10-07T20:39:10.511+0000][1134.930s][info][gc             ] GC(633) Pause Young (Allocation Failure) 65M->44M(76M) 6.263ms
[2026-10-07T20:39:10.511+0000][1134.930s][info][gc,cpu         ] GC(633) User=0.01s Sys=0.00s Real=0.00s
[2026-10-07T20:39:13.215+0000][1137.634s][info][gc,start       ] GC(634) Pause Young (Allocation Failure)
[2026-10-07T20:39:13.222+0000][1137.641s][info][gc,heap        ] GC(634) DefNew: 22479K(24320K)->888K(24320K) Eden: 21632K(21632K)->0K(21632K) From: 847K(2688K)->888K(2688K)
[2026-10-07T20:39:13.222+0000][1137.641s][info][gc,heap        ] GC(634) Tenured: 44783K(53796K)->44816K(53796K)
[2026-10-07T20:39:13.222+0000][1137.641s][info][gc,metaspace   ] GC(634) Metaspace: 74540K(75328K)->74540K(75328K) NonClass: 65268K(65664K)->65268K(65664K) Class: 9272K(9664K)->9272K(9664K)
[2026-10-07T20:39:13.222+0000][1137.641s][info][gc             ] GC(634) Pause Young (Allocation Failure) 65M->44M(76M) 6.467ms
[2026-10-07T20:39:13.222+0000][1137.641s][info][gc,cpu         ] GC(634) User=0.01s Sys=0.00s Real=0.00s
[2026-10-07T20:39:15.854+0000][1140.273s][info][gc,start       ] GC(635) Pause Young (Allocation Failure)
[2026-10-07T20:39:15.861+0000][1140.280s][info][gc,heap        ] GC(635) DefNew: 22520K(24320K)->867K(24320K) Eden: 21632K(21632K)->0K(21632K) From: 888K(2688K)->867K(2688K)
[2026-10-07T20:39:15.861+0000][1140.280s][info][gc,heap        ] GC(635) Tenured: 44816K(53796K)->44848K(53796K)
[2026-10-07T20:39:15.861+0000][1140.280s][info][gc,metaspace   ] GC(635) Metaspace: 74540K(75328K)->74540K(75328K) NonClass: 65268K(65664K)->65268K(65664K) Class: 9272K(9664K)->9272K(9664K)
[2026-10-07T20:39:15.861+0000][1140.280s][info][gc             ] GC(635) Pause Young (Allocation Failure) 65M->44M(76M) 6.653ms
[2026-10-07T20:39:15.861+0000][1140.280s][info][gc,cpu         ] GC(635) User=0.01s Sys=0.00s Real=0.00s
[2026-10-07T20:39:18.567+0000][1142.986s][info][gc,start       ] GC(636) Pause Young (Allocation Failure)
[2026-10-07T20:39:18.573+0000][1142.992s][info][gc,heap        ] GC(636) DefNew: 22499K(24320K)->922K(24320K) Eden: 21632K(21632K)->0K(21632K) From: 867K(2688K)->922K(2688K)
[2026-10-07T20:39:18.573+0000][1142.992s][info][gc,heap        ] GC(636) Tenured: 44848K(53796K)->44883K(53796K)
[2026-10-07T20:39:18.573+0000][1142.992s][info][gc,metaspace   ] GC(636) Metaspace: 74540K(75328K)->74540K(75328K) NonClass: 65268K(65664K)->65268K(65664K) Class: 9272K(9664K)->9272K(9664K)
[2026-10-07T20:39:18.573+0000][1142.992s][info][gc             ] GC(636) Pause Young (Allocation Failure) 65M->44M(76M) 5.989ms
[2026-10-07T20:39:18.573+0000][1142.992s][info][gc,cpu         ] GC(636) User=0.00s Sys=0.00s Real=0.00s
[2026-10-07T20:39:21.143+0000][1145.562s][info][gc,start       ] GC(637) Pause Young (Allocation Failure)
[2026-10-07T20:39:21.150+0000][1145.569s][info][gc,heap        ] GC(637) DefNew: 22554K(24320K)->874K(24320K) Eden: 21632K(21632K)->0K(21632K) From: 922K(2688K)->874K(2688K)
[2026-10-07T20:39:21.150+0000][1145.569s][info][gc,heap        ] GC(637) Tenured: 44883K(53796K)->44915K(53796K)
[2026-10-07T20:39:21.150+0000][1145.569s][info][gc,metaspace   ] GC(637) Metaspace: 74545K(75328K)->74545K(75328K) NonClass: 65272K(65664K)->65272K(65664K) Class: 9272K(9664K)->9272K(9664K)
[2026-10-07T20:39:21.150+0000][1145.569s][info][gc             ] GC(637) Pause Young (Allocation Failure) 65M->44M(76M) 7.561ms
[2026-10-07T20:39:21.150+0000][1145.569s][info][gc,cpu         ] GC(637) User=0.01s Sys=0.00s Real=0.01s
[2026-10-07T20:39:23.859+0000][1148.278s][info][gc,start       ] GC(638) Pause Young (Allocation Failure)
[2026-10-07T20:39:23.872+0000][1148.291s][info][gc,heap        ] GC(638) DefNew: 22506K(24320K)->933K(24320K) Eden: 21632K(21632K)->0K(21632K) From: 874K(2688K)->933K(2688K)
[2026-10-07T20:39:23.872+0000][1148.291s][info][gc,heap        ] GC(638) Tenured: 44915K(53796K)->44959K(53796K)
[2026-10-07T20:39:23.872+0000][1148.291s][info][gc,metaspace   ] GC(638) Metaspace: 74545K(75328K)->74545K(75328K) NonClass: 65272K(65664K)->65272K(65664K) Class: 9272K(9664K)->9272K(9664K)
[2026-10-07T20:39:23.872+0000][1148.291s][info][gc             ] GC(638) Pause Young (Allocation Failure) 65M->44M(76M) 13.376ms
[2026-10-07T20:39:23.872+0000][1148.291s][info][gc,cpu         ] GC(638) User=0.00s Sys=0.00s Real=0.01s
[2026-10-07T20:39:26.501+0000][1150.920s][info][gc,start       ] GC(639) Pause Young (Allocation Failure)
[2026-10-07T20:39:26.510+0000][1150.928s][info][gc,heap        ] GC(639) DefNew: 22565K(24320K)->916K(24320K) Eden: 21632K(21632K)->0K(21632K) From: 933K(2688K)->916K(2688K)
[2026-10-07T20:39:26.510+0000][1150.929s][info][gc,heap        ] GC(639) Tenured: 44959K(53796K)->44993K(53796K)
[2026-10-07T20:39:26.510+0000][1150.929s][info][gc,metaspace   ] GC(639) Metaspace: 74545K(75328K)->74545K(75328K) NonClass: 65272K(65664K)->65272K(65664K) Class: 9272K(9664K)->9272K(9664K)
[2026-10-07T20:39:26.510+0000][1150.929s][info][gc             ] GC(639) Pause Young (Allocation Failure) 65M->44M(76M) 9.050ms
[2026-10-07T20:39:26.510+0000][1150.929s][info][gc,cpu         ] GC(639) User=0.00s Sys=0.00s Real=0.01s
[2026-10-07T20:39:29.174+0000][1153.592s][info][gc,start       ] GC(640) Pause Young (Allocation Failure)
[2026-10-07T20:39:29.182+0000][1153.601s][info][gc,heap        ] GC(640) DefNew: 22548K(24320K)->972K(24320K) Eden: 21632K(21632K)->0K(21632K) From: 916K(2688K)->972K(2688K)
[2026-10-07T20:39:29.182+0000][1153.601s][info][gc,heap        ] GC(640) Tenured: 44993K(53796K)->45027K(53796K)
[2026-10-07T20:39:29.182+0000][1153.601s][info][gc,metaspace   ] GC(640) Metaspace: 74545K(75328K)->74545K(75328K) NonClass: 65272K(65664K)->65272K(65664K) Class: 9272K(9664K)->9272K(9664K)
[2026-10-07T20:39:29.182+0000][1153.601s][info][gc             ] GC(640) Pause Young (Allocation Failure) 65M->44M(76M) 8.558ms
[2026-10-07T20:39:29.182+0000][1153.601s][info][gc,cpu         ] GC(640) User=0.00s Sys=0.00s Real=0.00s
[2026-10-07T20:39:31.880+0000][1156.298s][info][gc,start       ] GC(641) Pause Young (Allocation Failure)
[2026-10-07T20:39:31.887+0000][1156.306s][info][gc,heap        ] GC(641) DefNew: 22604K(24320K)->950K(24320K) Eden: 21632K(21632K)->0K(21632K) From: 972K(2688K)->950K(2688K)
[2026-10-07T20:39:31.887+0000][1156.306s][info][gc,heap        ] GC(641) Tenured: 45027K(53796K)->45071K(53796K)
[2026-10-07T20:39:31.887+0000][1156.306s][info][gc,metaspace   ] GC(641) Metaspace: 74545K(75328K)->74545K(75328K) NonClass: 65272K(65664K)->65272K(65664K) Class: 9272K(9664K)->9272K(9664K)
[2026-10-07T20:39:31.887+0000][1156.306s][info][gc             ] GC(641) Pause Young (Allocation Failure) 66M->44M(76M) 7.740ms
[2026-10-07T20:39:31.887+0000][1156.306s][info][gc,cpu         ] GC(641) User=0.00s Sys=0.00s Real=0.01s
[2026-10-07T20:39:34.480+0000][1158.899s][info][gc,start       ] GC(642) Pause Young (Allocation Failure)
[2026-10-07T20:39:34.495+0000][1158.913s][info][gc,heap        ] GC(642) DefNew: 22582K(24320K)->1105K(24320K) Eden: 21632K(21632K)->0K(21632K) From: 950K(2688K)->1105K(2688K)
[2026-10-07T20:39:34.495+0000][1158.914s][info][gc,heap        ] GC(642) Tenured: 45071K(53796K)->45104K(53796K)
[2026-10-07T20:39:34.495+0000][1158.914s][info][gc,metaspace   ] GC(642) Metaspace: 74548K(75328K)->74548K(75328K) NonClass: 65276K(65664K)->65276K(65664K) Class: 9272K(9664K)->9272K(9664K)
[2026-10-07T20:39:34.495+0000][1158.914s][info][gc             ] GC(642) Pause Young (Allocation Failure) 66M->45M(76M) 15.221ms
[2026-10-07T20:39:34.496+0000][1158.914s][info][gc,cpu         ] GC(642) User=0.02s Sys=0.00s Real=0.02s
[2026-10-07T20:39:37.179+0000][1161.598s][info][gc,start       ] GC(643) Pause Young (Allocation Failure)
[2026-10-07T20:39:37.191+0000][1161.610s][info][gc,heap        ] GC(643) DefNew: 22737K(24320K)->957K(24320K) Eden: 21632K(21632K)->0K(21632K) From: 1105K(2688K)->957K(2688K)
[2026-10-07T20:39:37.191+0000][1161.610s][info][gc,heap        ] GC(643) Tenured: 45104K(53796K)->45147K(53796K)
[2026-10-07T20:39:37.191+0000][1161.610s][info][gc,metaspace   ] GC(643) Metaspace: 74549K(75328K)->74549K(75328K) NonClass: 65277K(65664K)->65277K(65664K) Class: 9272K(9664K)->9272K(9664K)
[2026-10-07T20:39:37.191+0000][1161.610s][info][gc             ] GC(643) Pause Young (Allocation Failure) 66M->45M(76M) 11.602ms
[2026-10-07T20:39:37.191+0000][1161.610s][info][gc,cpu         ] GC(643) User=0.01s Sys=0.00s Real=0.01s
[2026-10-07T20:39:39.848+0000][1164.267s][info][gc,start       ] GC(644) Pause Young (Allocation Failure)
[2026-10-07T20:39:39.856+0000][1164.275s][info][gc,heap        ] GC(644) DefNew: 22589K(24320K)->1024K(24320K) Eden: 21632K(21632K)->0K(21632K) From: 957K(2688K)->1024K(2688K)
[2026-10-07T20:39:39.856+0000][1164.275s][info][gc,heap        ] GC(644) Tenured: 45147K(53796K)->45183K(53796K)
[2026-10-07T20:39:39.856+0000][1164.275s][info][gc,metaspace   ] GC(644) Metaspace: 74549K(75328K)->74549K(75328K) NonClass: 65277K(65664K)->65277K(65664K) Class: 9272K(9664K)->9272K(9664K)
[2026-10-07T20:39:39.856+0000][1164.275s][info][gc             ] GC(644) Pause Young (Allocation Failure) 66M->45M(76M) 7.795ms
[2026-10-07T20:39:39.856+0000][1164.275s][info][gc,cpu         ] GC(644) User=0.01s Sys=0.00s Real=0.01s
[2026-10-07T20:39:42.539+0000][1166.958s][info][gc,start       ] GC(645) Pause Young (Allocation Failure)
[2026-10-07T20:39:42.550+0000][1166.969s][info][gc,heap        ] GC(645) DefNew: 22656K(24320K)->954K(24320K) Eden: 21632K(21632K)->0K(21632K) From: 1024K(2688K)->954K(2688K)
[2026-10-07T20:39:42.550+0000][1166.969s][info][gc,heap        ] GC(645) Tenured: 45183K(53796K)->45218K(53796K)
[2026-10-07T20:39:42.550+0000][1166.969s][info][gc,metaspace   ] GC(645) Metaspace: 74549K(75328K)->74549K(75328K) NonClass: 65277K(65664K)->65277K(65664K) Class: 9272K(9664K)->9272K(9664K)
[2026-10-07T20:39:42.551+0000][1166.969s][info][gc             ] GC(645) Pause Young (Allocation Failure) 66M->45M(76M) 11.578ms
[2026-10-07T20:39:42.551+0000][1166.969s][info][gc,cpu         ] GC(645) User=0.01s Sys=0.00s Real=0.01s
[2026-10-07T20:39:45.209+0000][1169.628s][info][gc,start       ] GC(646) Pause Young (Allocation Failure)
[2026-10-07T20:39:45.217+0000][1169.636s][info][gc,heap        ] GC(646) DefNew: 22586K(24320K)->1011K(24320K) Eden: 21632K(21632K)->0K(21632K) From: 954K(2688K)->1011K(2688K)
[2026-10-07T20:39:45.217+0000][1169.636s][info][gc,heap        ] GC(646) Tenured: 45218K(53796K)->45250K(53796K)
[2026-10-07T20:39:45.217+0000][1169.636s][info][gc,metaspace   ] GC(646) Metaspace: 74549K(75328K)->74549K(75328K) NonClass: 65277K(65664K)->65277K(65664K) Class: 9272K(9664K)->9272K(9664K)
[2026-10-07T20:39:45.217+0000][1169.636s][info][gc             ] GC(646) Pause Young (Allocation Failure) 66M->45M(76M) 8.020ms
[2026-10-07T20:39:45.217+0000][1169.636s][info][gc,cpu         ] GC(646) User=0.01s Sys=0.00s Real=0.01s
[2026-10-07T20:39:47.917+0000][1172.336s][info][gc,start       ] GC(647) Pause Young (Allocation Failure)
[2026-10-07T20:39:47.924+0000][1172.343s][info][gc,heap        ] GC(647) DefNew: 22643K(24320K)->941K(24320K) Eden: 21632K(21632K)->0K(21632K) From: 1011K(2688K)->941K(2688K)
[2026-10-07T20:39:47.924+0000][1172.343s][info][gc,heap        ] GC(647) Tenured: 45250K(53796K)->45284K(53796K)
[2026-10-07T20:39:47.924+0000][1172.343s][info][gc,metaspace   ] GC(647) Metaspace: 74549K(75328K)->74549K(75328K) NonClass: 65277K(65664K)->65277K(65664K) Class: 9272K(9664K)->9272K(9664K)
[2026-10-07T20:39:47.925+0000][1172.343s][info][gc             ] GC(647) Pause Young (Allocation Failure) 66M->45M(76M) 7.786ms
[2026-10-07T20:39:47.925+0000][1172.343s][info][gc,cpu         ] GC(647) User=0.00s Sys=0.00s Real=0.01s
[2026-10-07T20:39:50.487+0000][1174.906s][info][gc,start       ] GC(648) Pause Young (Allocation Failure)
[2026-10-07T20:39:50.495+0000][1174.914s][info][gc,heap        ] GC(648) DefNew: 22573K(24320K)->923K(24320K) Eden: 21631K(21632K)->0K(21632K) From: 941K(2688K)->923K(2688K)
[2026-10-07T20:39:50.495+0000][1174.914s][info][gc,heap        ] GC(648) Tenured: 45284K(53796K)->45320K(53796K)
[2026-10-07T20:39:50.495+0000][1174.914s][info][gc,metaspace   ] GC(648) Metaspace: 74556K(75392K)->74556K(75392K) NonClass: 65284K(65728K)->65284K(65728K) Class: 9272K(9664K)->9272K(9664K)
[2026-10-07T20:39:50.495+0000][1174.914s][info][gc             ] GC(648) Pause Young (Allocation Failure) 66M->45M(76M) 7.487ms
[2026-10-07T20:39:50.495+0000][1174.914s][info][gc,cpu         ] GC(648) User=0.01s Sys=0.00s Real=0.01s
[2026-10-07T20:39:53.201+0000][1177.620s][info][gc,start       ] GC(649) Pause Young (Allocation Failure)
[2026-10-07T20:39:53.209+0000][1177.628s][info][gc,heap        ] GC(649) DefNew: 22555K(24320K)->970K(24320K) Eden: 21632K(21632K)->0K(21632K) From: 923K(2688K)->970K(2688K)
[2026-10-07T20:39:53.209+0000][1177.628s][info][gc,heap        ] GC(649) Tenured: 45320K(53796K)->45353K(53796K)
[2026-10-07T20:39:53.209+0000][1177.628s][info][gc,metaspace   ] GC(649) Metaspace: 74556K(75392K)->74556K(75392K) NonClass: 65284K(65728K)->65284K(65728K) Class: 9272K(9664K)->9272K(9664K)
[2026-10-07T20:39:53.209+0000][1177.628s][info][gc             ] GC(649) Pause Young (Allocation Failure) 66M->45M(76M) 7.556ms
[2026-10-07T20:39:53.209+0000][1177.628s][info][gc,cpu         ] GC(649) User=0.01s Sys=0.00s Real=0.01s
[2026-10-07T20:39:55.844+0000][1180.263s][info][gc,start       ] GC(650) Pause Young (Allocation Failure)
[2026-10-07T20:39:55.852+0000][1180.271s][info][gc,heap        ] GC(650) DefNew: 22602K(24320K)->944K(24320K) Eden: 21632K(21632K)->0K(21632K) From: 970K(2688K)->944K(2688K)
[2026-10-07T20:39:55.852+0000][1180.271s][info][gc,heap        ] GC(650) Tenured: 45353K(53796K)->45391K(53796K)
[2026-10-07T20:39:55.852+0000][1180.271s][info][gc,metaspace   ] GC(650) Metaspace: 74558K(75392K)->74558K(75392K) NonClass: 65286K(65728K)->65286K(65728K) Class: 9272K(9664K)->9272K(9664K)
[2026-10-07T20:39:55.852+0000][1180.271s][info][gc             ] GC(650) Pause Young (Allocation Failure) 66M->45M(76M) 7.828ms
[2026-10-07T20:39:55.852+0000][1180.271s][info][gc,cpu         ] GC(650) User=0.01s Sys=0.00s Real=0.00s
[2026-10-07T20:39:58.556+0000][1182.975s][info][gc,start       ] GC(651) Pause Young (Allocation Failure)
[2026-10-07T20:39:58.564+0000][1182.983s][info][gc,heap        ] GC(651) DefNew: 22576K(24320K)->968K(24320K) Eden: 21632K(21632K)->0K(21632K) From: 944K(2688K)->968K(2688K)
[2026-10-07T20:39:58.564+0000][1182.983s][info][gc,heap        ] GC(651) Tenured: 45391K(53796K)->45436K(53796K)
[2026-10-07T20:39:58.564+0000][1182.983s][info][gc,metaspace   ] GC(651) Metaspace: 74558K(75392K)->74558K(75392K) NonClass: 65286K(65728K)->65286K(65728K) Class: 9272K(9664K)->9272K(9664K)
[2026-10-07T20:39:58.564+0000][1182.983s][info][gc             ] GC(651) Pause Young (Allocation Failure) 66M->45M(76M) 7.584ms
[2026-10-07T20:39:58.564+0000][1182.983s][info][gc,cpu         ] GC(651) User=0.01s Sys=0.00s Real=0.01s
[2026-10-07T20:40:01.171+0000][1185.590s][info][gc,start       ] GC(652) Pause Young (Allocation Failure)
[2026-10-07T20:40:01.178+0000][1185.597s][info][gc,heap        ] GC(652) DefNew: 22600K(24320K)->951K(24320K) Eden: 21632K(21632K)->0K(21632K) From: 968K(2688K)->951K(2688K)
[2026-10-07T20:40:01.178+0000][1185.597s][info][gc,heap        ] GC(652) Tenured: 45436K(53796K)->45472K(53796K)
[2026-10-07T20:40:01.178+0000][1185.597s][info][gc,metaspace   ] GC(652) Metaspace: 74558K(75392K)->74558K(75392K) NonClass: 65286K(65728K)->65286K(65728K) Class: 9272K(9664K)->9272K(9664K)
[2026-10-07T20:40:01.178+0000][1185.597s][info][gc             ] GC(652) Pause Young (Allocation Failure) 66M->45M(76M) 7.069ms
[2026-10-07T20:40:01.178+0000][1185.597s][info][gc,cpu         ] GC(652) User=0.01s Sys=0.00s Real=0.01s
[2026-10-07T20:40:03.861+0000][1188.280s][info][gc,start       ] GC(653) Pause Young (Allocation Failure)
[2026-10-07T20:40:03.871+0000][1188.290s][info][gc,heap        ] GC(653) DefNew: 22583K(24320K)->1053K(24320K) Eden: 21632K(21632K)->0K(21632K) From: 951K(2688K)->1053K(2688K)
[2026-10-07T20:40:03.872+0000][1188.290s][info][gc,heap        ] GC(653) Tenured: 45472K(53796K)->45505K(53796K)
[2026-10-07T20:40:03.872+0000][1188.291s][info][gc,metaspace   ] GC(653) Metaspace: 74558K(75392K)->74558K(75392K) NonClass: 65286K(65728K)->65286K(65728K) Class: 9272K(9664K)->9272K(9664K)
[2026-10-07T20:40:03.872+0000][1188.291s][info][gc             ] GC(653) Pause Young (Allocation Failure) 66M->45M(76M) 11.409ms
[2026-10-07T20:40:03.872+0000][1188.291s][info][gc,cpu         ] GC(653) User=0.01s Sys=0.00s Real=0.01s
[2026-10-07T20:40:06.430+0000][1190.849s][info][gc,start       ] GC(654) Pause Young (Allocation Failure)
[2026-10-07T20:40:06.447+0000][1190.866s][info][gc,heap        ] GC(654) DefNew: 22685K(24320K)->916K(24320K) Eden: 21632K(21632K)->0K(21632K) From: 1053K(2688K)->916K(2688K)
[2026-10-07T20:40:06.447+0000][1190.866s][info][gc,heap        ] GC(654) Tenured: 45505K(53796K)->45606K(53796K)
[2026-10-07T20:40:06.447+0000][1190.866s][info][gc,metaspace   ] GC(654) Metaspace: 74559K(75392K)->74559K(75392K) NonClass: 65286K(65728K)->65286K(65728K) Class: 9272K(9664K)->9272K(9664K)
[2026-10-07T20:40:06.447+0000][1190.866s][info][gc             ] GC(654) Pause Young (Allocation Failure) 66M->45M(76M) 17.173ms
[2026-10-07T20:40:06.447+0000][1190.866s][info][gc,cpu         ] GC(654) User=0.01s Sys=0.00s Real=0.02s
[2026-10-07T20:40:09.103+0000][1193.521s][info][gc,start       ] GC(655) Pause Young (Allocation Failure)
[2026-10-07T20:40:09.111+0000][1193.530s][info][gc,heap        ] GC(655) DefNew: 22548K(24320K)->973K(24320K) Eden: 21632K(21632K)->0K(21632K) From: 916K(2688K)->973K(2688K)
[2026-10-07T20:40:09.111+0000][1193.530s][info][gc,heap        ] GC(655) Tenured: 45606K(53796K)->45649K(53796K)
[2026-10-07T20:40:09.111+0000][1193.530s][info][gc,metaspace   ] GC(655) Metaspace: 74559K(75392K)->74559K(75392K) NonClass: 65287K(65728K)->65287K(65728K) Class: 9272K(9664K)->9272K(9664K)
[2026-10-07T20:40:09.111+0000][1193.530s][info][gc             ] GC(655) Pause Young (Allocation Failure) 66M->45M(76M) 8.786ms
[2026-10-07T20:40:09.112+0000][1193.530s][info][gc,cpu         ] GC(655) User=0.01s Sys=0.00s Real=0.01s
[2026-10-07T20:40:11.777+0000][1196.196s][info][gc,start       ] GC(656) Pause Young (Allocation Failure)
[2026-10-07T20:40:11.784+0000][1196.203s][info][gc,heap        ] GC(656) DefNew: 22605K(24320K)->930K(24320K) Eden: 21632K(21632K)->0K(21632K) From: 973K(2688K)->930K(2688K)
[2026-10-07T20:40:11.784+0000][1196.203s][info][gc,heap        ] GC(656) Tenured: 45649K(53796K)->45692K(53796K)
[2026-10-07T20:40:11.784+0000][1196.203s][info][gc,metaspace   ] GC(656) Metaspace: 74559K(75392K)->74559K(75392K) NonClass: 65287K(65728K)->65287K(65728K) Class: 9272K(9664K)->9272K(9664K)
[2026-10-07T20:40:11.784+0000][1196.203s][info][gc             ] GC(656) Pause Young (Allocation Failure) 66M->45M(76M) 7.080ms
[2026-10-07T20:40:11.785+0000][1196.204s][info][gc,cpu         ] GC(656) User=0.01s Sys=0.00s Real=0.01s
[2026-10-07T20:40:14.460+0000][1198.879s][info][gc,start       ] GC(657) Pause Young (Allocation Failure)
[2026-10-07T20:40:14.468+0000][1198.887s][info][gc,heap        ] GC(657) DefNew: 22562K(24320K)->994K(24320K) Eden: 21632K(21632K)->0K(21632K) From: 930K(2688K)->994K(2688K)
[2026-10-07T20:40:14.468+0000][1198.887s][info][gc,heap        ] GC(657) Tenured: 45692K(53796K)->45734K(53796K)
[2026-10-07T20:40:14.468+0000][1198.887s][info][gc,metaspace   ] GC(657) Metaspace: 74559K(75392K)->74559K(75392K) NonClass: 65287K(65728K)->65287K(65728K) Class: 9272K(9664K)->9272K(9664K)
[2026-10-07T20:40:14.468+0000][1198.887s][info][gc             ] GC(657) Pause Young (Allocation Failure) 66M->45M(76M) 8.606ms
[2026-10-07T20:40:14.468+0000][1198.887s][info][gc,cpu         ] GC(657) User=0.01s Sys=0.00s Real=0.01s
[2026-10-07T20:40:17.158+0000][1201.577s][info][gc,start       ] GC(658) Pause Young (Allocation Failure)
[2026-10-07T20:40:17.167+0000][1201.586s][info][gc,heap        ] GC(658) DefNew: 22626K(24320K)->950K(24320K) Eden: 21632K(21632K)->0K(21632K) From: 994K(2688K)->950K(2688K)
[2026-10-07T20:40:17.167+0000][1201.586s][info][gc,heap        ] GC(658) Tenured: 45734K(53796K)->45768K(53796K)
[2026-10-07T20:40:17.167+0000][1201.586s][info][gc,metaspace   ] GC(658) Metaspace: 74562K(75392K)->74562K(75392K) NonClass: 65290K(65728K)->65290K(65728K) Class: 9272K(9664K)->9272K(9664K)
[2026-10-07T20:40:17.167+0000][1201.586s][info][gc             ] GC(658) Pause Young (Allocation Failure) 66M->45M(76M) 9.383ms
[2026-10-07T20:40:17.167+0000][1201.586s][info][gc,cpu         ] GC(658) User=0.00s Sys=0.00s Real=0.01s
[2026-10-07T20:40:19.746+0000][1204.165s][info][gc,start       ] GC(659) Pause Young (Allocation Failure)
[2026-10-07T20:40:19.754+0000][1204.173s][info][gc,heap        ] GC(659) DefNew: 22582K(24320K)->978K(24320K) Eden: 21632K(21632K)->0K(21632K) From: 950K(2688K)->978K(2688K)
[2026-10-07T20:40:19.754+0000][1204.173s][info][gc,heap        ] GC(659) Tenured: 45768K(53796K)->45804K(53796K)
[2026-10-07T20:40:19.754+0000][1204.173s][info][gc,metaspace   ] GC(659) Metaspace: 74563K(75392K)->74563K(75392K) NonClass: 65291K(65728K)->65291K(65728K) Class: 9272K(9664K)->9272K(9664K)
[2026-10-07T20:40:19.754+0000][1204.173s][info][gc             ] GC(659) Pause Young (Allocation Failure) 66M->45M(76M) 8.116ms
[2026-10-07T20:40:19.754+0000][1204.173s][info][gc,cpu         ] GC(659) User=0.01s Sys=0.00s Real=0.01s
[2026-10-07T20:40:22.431+0000][1206.850s][info][gc,start       ] GC(660) Pause Young (Allocation Failure)
[2026-10-07T20:40:22.439+0000][1206.858s][info][gc,heap        ] GC(660) DefNew: 22609K(24320K)->947K(24320K) Eden: 21631K(21632K)->0K(21632K) From: 978K(2688K)->947K(2688K)
[2026-10-07T20:40:22.439+0000][1206.858s][info][gc,heap        ] GC(660) Tenured: 45804K(53796K)->45839K(53796K)
[2026-10-07T20:40:22.439+0000][1206.858s][info][gc,metaspace   ] GC(660) Metaspace: 74563K(75392K)->74563K(75392K) NonClass: 65291K(65728K)->65291K(65728K) Class: 9272K(9664K)->9272K(9664K)
[2026-10-07T20:40:22.439+0000][1206.858s][info][gc             ] GC(660) Pause Young (Allocation Failure) 66M->45M(76M) 7.903ms
[2026-10-07T20:40:22.439+0000][1206.858s][info][gc,cpu         ] GC(660) User=0.01s Sys=0.00s Real=0.01s
[2026-10-07T20:40:25.109+0000][1209.528s][info][gc,start       ] GC(661) Pause Young (Allocation Failure)
[2026-10-07T20:40:25.117+0000][1209.536s][info][gc,heap        ] GC(661) DefNew: 22579K(24320K)->1002K(24320K) Eden: 21632K(21632K)->0K(21632K) From: 947K(2688K)->1002K(2688K)
[2026-10-07T20:40:25.117+0000][1209.536s][info][gc,heap        ] GC(661) Tenured: 45839K(53796K)->45874K(53796K)
[2026-10-07T20:40:25.117+0000][1209.536s][info][gc,metaspace   ] GC(661) Metaspace: 74564K(75392K)->74564K(75392K) NonClass: 65292K(65728K)->65292K(65728K) Class: 9272K(9664K)->9272K(9664K)
[2026-10-07T20:40:25.117+0000][1209.536s][info][gc             ] GC(661) Pause Young (Allocation Failure) 66M->45M(76M) 7.933ms
[2026-10-07T20:40:25.117+0000][1209.536s][info][gc,cpu         ] GC(661) User=0.01s Sys=0.00s Real=0.01s
[2026-10-07T20:40:27.816+0000][1212.235s][info][gc,start       ] GC(662) Pause Young (Allocation Failure)
[2026-10-07T20:40:27.823+0000][1212.242s][info][gc,heap        ] GC(662) DefNew: 22634K(24320K)->936K(24320K) Eden: 21632K(21632K)->0K(21632K) From: 1002K(2688K)->936K(2688K)
[2026-10-07T20:40:27.824+0000][1212.242s][info][gc,heap        ] GC(662) Tenured: 45874K(53796K)->45918K(53796K)
[2026-10-07T20:40:27.824+0000][1212.242s][info][gc,metaspace   ] GC(662) Metaspace: 74564K(75392K)->74564K(75392K) NonClass: 65292K(65728K)->65292K(65728K) Class: 9272K(9664K)->9272K(9664K)
[2026-10-07T20:40:27.824+0000][1212.242s][info][gc             ] GC(662) Pause Young (Allocation Failure) 66M->45M(76M) 7.362ms
[2026-10-07T20:40:27.824+0000][1212.243s][info][gc,cpu         ] GC(662) User=0.01s Sys=0.00s Real=0.01s
[2026-10-07T20:40:30.480+0000][1214.899s][info][gc,start       ] GC(663) Pause Young (Allocation Failure)
[2026-10-07T20:40:30.489+0000][1214.908s][info][gc,heap        ] GC(663) DefNew: 22568K(24320K)->969K(24320K) Eden: 21632K(21632K)->0K(21632K) From: 936K(2688K)->969K(2688K)
[2026-10-07T20:40:30.489+0000][1214.908s][info][gc,heap        ] GC(663) Tenured: 45918K(53796K)->45952K(53796K)
[2026-10-07T20:40:30.489+0000][1214.908s][info][gc,metaspace   ] GC(663) Metaspace: 74566K(75392K)->74566K(75392K) NonClass: 65294K(65728K)->65294K(65728K) Class: 9272K(9664K)->9272K(9664K)
[2026-10-07T20:40:30.489+0000][1214.908s][info][gc             ] GC(663) Pause Young (Allocation Failure) 66M->45M(76M) 9.254ms
[2026-10-07T20:40:30.490+0000][1214.908s][info][gc,cpu         ] GC(663) User=0.01s Sys=0.01s Real=0.01s
[2026-10-07T20:40:33.171+0000][1217.589s][info][gc,start       ] GC(664) Pause Young (Allocation Failure)
[2026-10-07T20:40:33.178+0000][1217.597s][info][gc,heap        ] GC(664) DefNew: 22601K(24320K)->963K(24320K) Eden: 21632K(21632K)->0K(21632K) From: 969K(2688K)->963K(2688K)
[2026-10-07T20:40:33.178+0000][1217.597s][info][gc,heap        ] GC(664) Tenured: 45952K(53796K)->45991K(53796K)
[2026-10-07T20:40:33.178+0000][1217.597s][info][gc,metaspace   ] GC(664) Metaspace: 74566K(75392K)->74566K(75392K) NonClass: 65294K(65728K)->65294K(65728K) Class: 9272K(9664K)->9272K(9664K)
[2026-10-07T20:40:33.178+0000][1217.597s][info][gc             ] GC(664) Pause Young (Allocation Failure) 66M->45M(76M) 7.343ms
[2026-10-07T20:40:33.178+0000][1217.597s][info][gc,cpu         ] GC(664) User=0.00s Sys=0.00s Real=0.01s
[2026-10-07T20:40:35.763+0000][1220.182s][info][gc,start       ] GC(665) Pause Young (Allocation Failure)
[2026-10-07T20:40:35.779+0000][1220.198s][info][gc,heap        ] GC(665) DefNew: 22595K(24320K)->941K(24320K) Eden: 21632K(21632K)->0K(21632K) From: 963K(2688K)->941K(2688K)
[2026-10-07T20:40:35.779+0000][1220.198s][info][gc,heap        ] GC(665) Tenured: 45991K(53796K)->46029K(53796K)
[2026-10-07T20:40:35.779+0000][1220.198s][info][gc,metaspace   ] GC(665) Metaspace: 74567K(75392K)->74567K(75392K) NonClass: 65295K(65728K)->65295K(65728K) Class: 9272K(9664K)->9272K(9664K)
[2026-10-07T20:40:35.779+0000][1220.198s][info][gc             ] GC(665) Pause Young (Allocation Failure) 66M->45M(76M) 15.903ms
[2026-10-07T20:40:35.779+0000][1220.198s][info][gc,cpu         ] GC(665) User=0.00s Sys=0.00s Real=0.02s
[2026-10-07T20:40:38.461+0000][1222.880s][info][gc,start       ] GC(666) Pause Young (Allocation Failure)
[2026-10-07T20:40:38.474+0000][1222.892s][info][gc,heap        ] GC(666) DefNew: 22573K(24320K)->1036K(24320K) Eden: 21632K(21632K)->0K(21632K) From: 941K(2688K)->1036K(2688K)
[2026-10-07T20:40:38.474+0000][1222.893s][info][gc,heap        ] GC(666) Tenured: 46029K(53796K)->46070K(53796K)
[2026-10-07T20:40:38.474+0000][1222.893s][info][gc,metaspace   ] GC(666) Metaspace: 74568K(75392K)->74568K(75392K) NonClass: 65296K(65728K)->65296K(65728K) Class: 9272K(9664K)->9272K(9664K)
[2026-10-07T20:40:38.474+0000][1222.893s][info][gc             ] GC(666) Pause Young (Allocation Failure) 66M->46M(76M) 12.421ms
[2026-10-07T20:40:38.474+0000][1222.893s][info][gc,cpu         ] GC(666) User=0.01s Sys=0.00s Real=0.02s
[2026-10-07T20:40:41.105+0000][1225.524s][info][gc,start       ] GC(667) Pause Young (Allocation Failure)
[2026-10-07T20:40:41.114+0000][1225.533s][info][gc,heap        ] GC(667) DefNew: 22668K(24320K)->959K(24320K) Eden: 21632K(21632K)->0K(21632K) From: 1036K(2688K)->959K(2688K)
[2026-10-07T20:40:41.114+0000][1225.533s][info][gc,heap        ] GC(667) Tenured: 46070K(53796K)->46118K(53796K)
[2026-10-07T20:40:41.114+0000][1225.533s][info][gc,metaspace   ] GC(667) Metaspace: 74568K(75392K)->74568K(75392K) NonClass: 65296K(65728K)->65296K(65728K) Class: 9272K(9664K)->9272K(9664K)
[2026-10-07T20:40:41.114+0000][1225.533s][info][gc             ] GC(667) Pause Young (Allocation Failure) 67M->45M(76M) 9.354ms
[2026-10-07T20:40:41.114+0000][1225.533s][info][gc,cpu         ] GC(667) User=0.00s Sys=0.00s Real=0.01s
[2026-10-07T20:40:43.816+0000][1228.235s][info][gc,start       ] GC(668) Pause Young (Allocation Failure)
[2026-10-07T20:40:43.830+0000][1228.249s][info][gc,heap        ] GC(668) DefNew: 22591K(24320K)->1006K(24320K) Eden: 21632K(21632K)->0K(21632K) From: 959K(2688K)->1006K(2688K)
[2026-10-07T20:40:43.832+0000][1228.251s][info][gc,heap        ] GC(668) Tenured: 46118K(53796K)->46164K(53796K)
[2026-10-07T20:40:43.833+0000][1228.251s][info][gc,metaspace   ] GC(668) Metaspace: 74568K(75392K)->74568K(75392K) NonClass: 65296K(65728K)->65296K(65728K) Class: 9272K(9664K)->9272K(9664K)
[2026-10-07T20:40:43.833+0000][1228.251s][info][gc             ] GC(668) Pause Young (Allocation Failure) 67M->46M(76M) 16.363ms
[2026-10-07T20:40:43.833+0000][1228.251s][info][gc,cpu         ] GC(668) User=0.01s Sys=0.00s Real=0.01s
[2026-10-07T20:40:46.468+0000][1230.887s][info][gc,start       ] GC(669) Pause Young (Allocation Failure)
[2026-10-07T20:40:46.475+0000][1230.894s][info][gc,heap        ] GC(669) DefNew: 22638K(24320K)->978K(24320K) Eden: 21632K(21632K)->0K(21632K) From: 1006K(2688K)->978K(2688K)
[2026-10-07T20:40:46.475+0000][1230.894s][info][gc,heap        ] GC(669) Tenured: 46164K(53796K)->46201K(53796K)
[2026-10-07T20:40:46.475+0000][1230.894s][info][gc,metaspace   ] GC(669) Metaspace: 74569K(75392K)->74569K(75392K) NonClass: 65297K(65728K)->65297K(65728K) Class: 9272K(9664K)->9272K(9664K)
[2026-10-07T20:40:46.475+0000][1230.894s][info][gc             ] GC(669) Pause Young (Allocation Failure) 67M->46M(76M) 7.470ms
[2026-10-07T20:40:46.475+0000][1230.894s][info][gc,cpu         ] GC(669) User=0.01s Sys=0.00s Real=0.01s
[2026-10-07T20:40:49.132+0000][1233.551s][info][gc,start       ] GC(670) Pause Young (Allocation Failure)
[2026-10-07T20:40:49.145+0000][1233.563s][info][gc,heap        ] GC(670) DefNew: 22610K(24320K)->1027K(24320K) Eden: 21632K(21632K)->0K(21632K) From: 978K(2688K)->1027K(2688K)
[2026-10-07T20:40:49.145+0000][1233.564s][info][gc,heap        ] GC(670) Tenured: 46201K(53796K)->46242K(53796K)
[2026-10-07T20:40:49.145+0000][1233.564s][info][gc,metaspace   ] GC(670) Metaspace: 74569K(75392K)->74569K(75392K) NonClass: 65297K(65728K)->65297K(65728K) Class: 9272K(9664K)->9272K(9664K)
[2026-10-07T20:40:49.145+0000][1233.564s][info][gc             ] GC(670) Pause Young (Allocation Failure) 67M->46M(76M) 12.364ms
[2026-10-07T20:40:49.145+0000][1233.564s][info][gc,cpu         ] GC(670) User=0.00s Sys=0.00s Real=0.02s
[2026-10-07T20:40:51.746+0000][1236.165s][info][gc,start       ] GC(671) Pause Young (Allocation Failure)
[2026-10-07T20:40:51.756+0000][1236.175s][info][gc,heap        ] GC(671) DefNew: 22659K(24320K)->985K(24320K) Eden: 21632K(21632K)->0K(21632K) From: 1027K(2688K)->985K(2688K)
[2026-10-07T20:40:51.756+0000][1236.175s][info][gc,heap        ] GC(671) Tenured: 46242K(53796K)->46283K(53796K)
[2026-10-07T20:40:51.756+0000][1236.175s][info][gc,metaspace   ] GC(671) Metaspace: 74569K(75392K)->74569K(75392K) NonClass: 65297K(65728K)->65297K(65728K) Class: 9272K(9664K)->9272K(9664K)
[2026-10-07T20:40:51.757+0000][1236.176s][info][gc             ] GC(671) Pause Young (Allocation Failure) 67M->46M(76M) 10.904ms
[2026-10-07T20:40:51.757+0000][1236.176s][info][gc,cpu         ] GC(671) User=0.00s Sys=0.00s Real=0.01s
[2026-10-07T20:40:54.418+0000][1238.837s][info][gc,start       ] GC(672) Pause Young (Allocation Failure)
[2026-10-07T20:40:54.426+0000][1238.844s][info][gc,heap        ] GC(672) DefNew: 22617K(24320K)->1043K(24320K) Eden: 21632K(21632K)->0K(21632K) From: 985K(2688K)->1043K(2688K)
[2026-10-07T20:40:54.426+0000][1238.845s][info][gc,heap        ] GC(672) Tenured: 46283K(53796K)->46326K(53796K)
[2026-10-07T20:40:54.426+0000][1238.845s][info][gc,metaspace   ] GC(672) Metaspace: 74572K(75392K)->74572K(75392K) NonClass: 65300K(65728K)->65300K(65728K) Class: 9272K(9664K)->9272K(9664K)
[2026-10-07T20:40:54.426+0000][1238.845s][info][gc             ] GC(672) Pause Young (Allocation Failure) 67M->46M(76M) 7.649ms
[2026-10-07T20:40:54.426+0000][1238.845s][info][gc,cpu         ] GC(672) User=0.00s Sys=0.00s Real=0.01s
[2026-10-07T20:40:57.109+0000][1241.528s][info][gc,start       ] GC(673) Pause Young (Allocation Failure)
[2026-10-07T20:40:57.118+0000][1241.537s][info][gc,heap        ] GC(673) DefNew: 22675K(24320K)->994K(24320K) Eden: 21632K(21632K)->0K(21632K) From: 1043K(2688K)->994K(2688K)
[2026-10-07T20:40:57.118+0000][1241.537s][info][gc,heap        ] GC(673) Tenured: 46326K(53796K)->46368K(53796K)
[2026-10-07T20:40:57.118+0000][1241.537s][info][gc,metaspace   ] GC(673) Metaspace: 74572K(75392K)->74572K(75392K) NonClass: 65300K(65728K)->65300K(65728K) Class: 9272K(9664K)->9272K(9664K)
[2026-10-07T20:40:57.118+0000][1241.537s][info][gc             ] GC(673) Pause Young (Allocation Failure) 67M->46M(76M) 8.893ms
[2026-10-07T20:40:57.118+0000][1241.537s][info][gc,cpu         ] GC(673) User=0.01s Sys=0.00s Real=0.01s
[2026-10-07T20:40:59.760+0000][1244.178s][info][gc,start       ] GC(674) Pause Young (Allocation Failure)
[2026-10-07T20:40:59.770+0000][1244.189s][info][gc,heap        ] GC(674) DefNew: 22626K(24320K)->1051K(24320K) Eden: 21632K(21632K)->0K(21632K) From: 994K(2688K)->1051K(2688K)
[2026-10-07T20:40:59.770+0000][1244.189s][info][gc,heap        ] GC(674) Tenured: 46368K(53796K)->46407K(53796K)
[2026-10-07T20:40:59.770+0000][1244.189s][info][gc,metaspace   ] GC(674) Metaspace: 74572K(75392K)->74572K(75392K) NonClass: 65300K(65728K)->65300K(65728K) Class: 9272K(9664K)->9272K(9664K)
[2026-10-07T20:40:59.771+0000][1244.189s][info][gc             ] GC(674) Pause Young (Allocation Failure) 67M->46M(76M) 10.902ms
[2026-10-07T20:40:59.771+0000][1244.189s][info][gc,cpu         ] GC(674) User=0.00s Sys=0.00s Real=0.01s
[2026-10-07T20:41:02.451+0000][1246.870s][info][gc,start       ] GC(675) Pause Young (Allocation Failure)
[2026-10-07T20:41:02.460+0000][1246.878s][info][gc,heap        ] GC(675) DefNew: 22683K(24320K)->1022K(24320K) Eden: 21632K(21632K)->0K(21632K) From: 1051K(2688K)->1022K(2688K)
[2026-10-07T20:41:02.460+0000][1246.878s][info][gc,heap        ] GC(675) Tenured: 46407K(53796K)->46453K(53796K)
[2026-10-07T20:41:02.460+0000][1246.878s][info][gc,metaspace   ] GC(675) Metaspace: 74577K(75392K)->74577K(75392K) NonClass: 65305K(65728K)->65305K(65728K) Class: 9272K(9664K)->9272K(9664K)
[2026-10-07T20:41:02.460+0000][1246.878s][info][gc             ] GC(675) Pause Young (Allocation Failure) 67M->46M(76M) 8.950ms
[2026-10-07T20:41:02.460+0000][1246.879s][info][gc,cpu         ] GC(675) User=0.00s Sys=0.00s Real=0.01s
[2026-10-07T20:41:05.034+0000][1249.452s][info][gc,start       ] GC(676) Pause Young (Allocation Failure)
[2026-10-07T20:41:05.041+0000][1249.460s][info][gc,heap        ] GC(676) DefNew: 22654K(24320K)->1077K(24320K) Eden: 21632K(21632K)->0K(21632K) From: 1022K(2688K)->1077K(2688K)
[2026-10-07T20:41:05.041+0000][1249.460s][info][gc,heap        ] GC(676) Tenured: 46453K(53796K)->46504K(53796K)
[2026-10-07T20:41:05.041+0000][1249.460s][info][gc,metaspace   ] GC(676) Metaspace: 74578K(75392K)->74578K(75392K) NonClass: 65306K(65728K)->65306K(65728K) Class: 9272K(9664K)->9272K(9664K)
[2026-10-07T20:41:05.041+0000][1249.460s][info][gc             ] GC(676) Pause Young (Allocation Failure) 67M->46M(76M) 7.652ms
[2026-10-07T20:41:05.041+0000][1249.460s][info][gc,cpu         ] GC(676) User=0.00s Sys=0.00s Real=0.00s
[2026-10-07T20:41:07.705+0000][1252.123s][info][gc,start       ] GC(677) Pause Young (Allocation Failure)
[2026-10-07T20:41:07.715+0000][1252.133s][info][gc,heap        ] GC(677) DefNew: 22709K(24320K)->1070K(24320K) Eden: 21632K(21632K)->0K(21632K) From: 1077K(2688K)->1070K(2688K)
[2026-10-07T20:41:07.715+0000][1252.133s][info][gc,heap        ] GC(677) Tenured: 46504K(53796K)->46545K(53796K)
[2026-10-07T20:41:07.715+0000][1252.134s][info][gc,metaspace   ] GC(677) Metaspace: 74578K(75392K)->74578K(75392K) NonClass: 65306K(65728K)->65306K(65728K) Class: 9272K(9664K)->9272K(9664K)
[2026-10-07T20:41:07.715+0000][1252.134s][info][gc             ] GC(677) Pause Young (Allocation Failure) 67M->46M(76M) 10.066ms
[2026-10-07T20:41:07.715+0000][1252.134s][info][gc,cpu         ] GC(677) User=0.00s Sys=0.01s Real=0.01s
[2026-10-07T20:41:10.353+0000][1254.772s][info][gc,start       ] GC(678) Pause Young (Allocation Failure)
[2026-10-07T20:41:10.360+0000][1254.779s][info][gc,heap        ] GC(678) DefNew: 22702K(24320K)->1137K(24320K) Eden: 21632K(21632K)->0K(21632K) From: 1070K(2688K)->1137K(2688K)
[2026-10-07T20:41:10.360+0000][1254.779s][info][gc,heap        ] GC(678) Tenured: 46545K(53796K)->46589K(53796K)
[2026-10-07T20:41:10.360+0000][1254.779s][info][gc,metaspace   ] GC(678) Metaspace: 74578K(75392K)->74578K(75392K) NonClass: 65306K(65728K)->65306K(65728K) Class: 9272K(9664K)->9272K(9664K)
[2026-10-07T20:41:10.360+0000][1254.779s][info][gc             ] GC(678) Pause Young (Allocation Failure) 67M->46M(76M) 7.447ms
[2026-10-07T20:41:10.360+0000][1254.779s][info][gc,cpu         ] GC(678) User=0.01s Sys=0.00s Real=0.01s
[2026-10-07T20:41:13.059+0000][1257.478s][info][gc,start       ] GC(679) Pause Young (Allocation Failure)
[2026-10-07T20:41:13.070+0000][1257.489s][info][gc,heap        ] GC(679) DefNew: 22769K(24320K)->1096K(24320K) Eden: 21632K(21632K)->0K(21632K) From: 1137K(2688K)->1096K(2688K)
[2026-10-07T20:41:13.071+0000][1257.489s][info][gc,heap        ] GC(679) Tenured: 46589K(53796K)->46632K(53796K)
[2026-10-07T20:41:13.071+0000][1257.489s][info][gc,metaspace   ] GC(679) Metaspace: 74578K(75392K)->74578K(75392K) NonClass: 65306K(65728K)->65306K(65728K) Class: 9272K(9664K)->9272K(9664K)
[2026-10-07T20:41:13.071+0000][1257.490s][info][gc             ] GC(679) Pause Young (Allocation Failure) 67M->46M(76M) 12.288ms
[2026-10-07T20:41:13.072+0000][1257.490s][info][gc,cpu         ] GC(679) User=0.01s Sys=0.00s Real=0.01s
[2026-10-07T20:41:15.703+0000][1260.122s][info][gc,start       ] GC(680) Pause Young (Allocation Failure)
[2026-10-07T20:41:15.710+0000][1260.129s][info][gc,heap        ] GC(680) DefNew: 22728K(24320K)->1063K(24320K) Eden: 21632K(21632K)->0K(21632K) From: 1096K(2688K)->1063K(2688K)
[2026-10-07T20:41:15.710+0000][1260.129s][info][gc,heap        ] GC(680) Tenured: 46632K(53796K)->46675K(53796K)
[2026-10-07T20:41:15.710+0000][1260.129s][info][gc,metaspace   ] GC(680) Metaspace: 74578K(75392K)->74578K(75392K) NonClass: 65306K(65728K)->65306K(65728K) Class: 9272K(9664K)->9272K(9664K)
[2026-10-07T20:41:15.710+0000][1260.129s][info][gc             ] GC(680) Pause Young (Allocation Failure) 67M->46M(76M) 7.006ms
[2026-10-07T20:41:15.710+0000][1260.129s][info][gc,cpu         ] GC(680) User=0.01s Sys=0.00s Real=0.01s
[2026-10-07T20:41:18.417+0000][1262.836s][info][gc,start       ] GC(681) Pause Young (Allocation Failure)
[2026-10-07T20:41:18.425+0000][1262.844s][info][gc,heap        ] GC(681) DefNew: 22695K(24320K)->1118K(24320K) Eden: 21632K(21632K)->0K(21632K) From: 1063K(2688K)->1118K(2688K)
[2026-10-07T20:41:18.425+0000][1262.844s][info][gc,heap        ] GC(681) Tenured: 46675K(53796K)->46723K(53796K)
[2026-10-07T20:41:18.425+0000][1262.844s][info][gc,metaspace   ] GC(681) Metaspace: 74578K(75392K)->74578K(75392K) NonClass: 65306K(65728K)->65306K(65728K) Class: 9272K(9664K)->9272K(9664K)
[2026-10-07T20:41:18.426+0000][1262.844s][info][gc             ] GC(681) Pause Young (Allocation Failure) 67M->46M(76M) 8.309ms
[2026-10-07T20:41:18.426+0000][1262.845s][info][gc,cpu         ] GC(681) User=0.01s Sys=0.00s Real=0.01s
[2026-10-07T20:41:20.967+0000][1265.386s][info][gc,start       ] GC(682) Pause Young (Allocation Failure)
[2026-10-07T20:41:20.978+0000][1265.397s][info][gc,heap        ] GC(682) DefNew: 22750K(24320K)->1111K(24320K) Eden: 21632K(21632K)->0K(21632K) From: 1118K(2688K)->1111K(2688K)
[2026-10-07T20:41:20.978+0000][1265.397s][info][gc,heap        ] GC(682) Tenured: 46723K(53796K)->46768K(53796K)
[2026-10-07T20:41:20.978+0000][1265.397s][info][gc,metaspace   ] GC(682) Metaspace: 74580K(75392K)->74580K(75392K) NonClass: 65307K(65728K)->65307K(65728K) Class: 9272K(9664K)->9272K(9664K)
[2026-10-07T20:41:20.978+0000][1265.397s][info][gc             ] GC(682) Pause Young (Allocation Failure) 67M->46M(76M) 10.947ms
[2026-10-07T20:41:20.978+0000][1265.397s][info][gc,cpu         ] GC(682) User=0.00s Sys=0.00s Real=0.01s
[2026-10-07T20:41:23.674+0000][1268.093s][info][gc,start       ] GC(683) Pause Young (Allocation Failure)
[2026-10-07T20:41:23.683+0000][1268.102s][info][gc,heap        ] GC(683) DefNew: 22743K(24320K)->1161K(24320K) Eden: 21632K(21632K)->0K(21632K) From: 1111K(2688K)->1161K(2688K)
[2026-10-07T20:41:23.683+0000][1268.102s][info][gc,heap        ] GC(683) Tenured: 46768K(53796K)->46817K(53796K)
[2026-10-07T20:41:23.683+0000][1268.102s][info][gc,metaspace   ] GC(683) Metaspace: 74580K(75392K)->74580K(75392K) NonClass: 65307K(65728K)->65307K(65728K) Class: 9272K(9664K)->9272K(9664K)
[2026-10-07T20:41:23.683+0000][1268.102s][info][gc             ] GC(683) Pause Young (Allocation Failure) 67M->46M(76M) 8.413ms
[2026-10-07T20:41:23.683+0000][1268.102s][info][gc,cpu         ] GC(683) User=0.01s Sys=0.00s Real=0.00s
[2026-10-07T20:41:26.346+0000][1270.765s][info][gc,start       ] GC(684) Pause Young (Allocation Failure)
[2026-10-07T20:41:26.354+0000][1270.772s][info][gc,heap        ] GC(684) DefNew: 22793K(24320K)->1115K(24320K) Eden: 21632K(21632K)->0K(21632K) From: 1161K(2688K)->1115K(2688K)
[2026-10-07T20:41:26.354+0000][1270.772s][info][gc,heap        ] GC(684) Tenured: 46817K(53796K)->46860K(53796K)
[2026-10-07T20:41:26.354+0000][1270.773s][info][gc,metaspace   ] GC(684) Metaspace: 74581K(75392K)->74581K(75392K) NonClass: 65308K(65728K)->65308K(65728K) Class: 9272K(9664K)->9272K(9664K)
[2026-10-07T20:41:26.354+0000][1270.773s][info][gc             ] GC(684) Pause Young (Allocation Failure) 67M->46M(76M) 7.753ms
[2026-10-07T20:41:26.354+0000][1270.773s][info][gc,cpu         ] GC(684) User=0.01s Sys=0.00s Real=0.01s
[2026-10-07T20:41:29.048+0000][1273.467s][info][gc,start       ] GC(685) Pause Young (Allocation Failure)
[2026-10-07T20:41:29.060+0000][1273.479s][info][gc,heap        ] GC(685) DefNew: 22747K(24320K)->1136K(24320K) Eden: 21632K(21632K)->0K(21632K) From: 1115K(2688K)->1136K(2688K)
[2026-10-07T20:41:29.060+0000][1273.479s][info][gc,heap        ] GC(685) Tenured: 46860K(53796K)->46902K(53796K)
[2026-10-07T20:41:29.060+0000][1273.479s][info][gc,metaspace   ] GC(685) Metaspace: 74583K(75392K)->74583K(75392K) NonClass: 65310K(65728K)->65310K(65728K) Class: 9272K(9664K)->9272K(9664K)
[2026-10-07T20:41:29.060+0000][1273.479s][info][gc             ] GC(685) Pause Young (Allocation Failure) 67M->46M(76M) 12.248ms
[2026-10-07T20:41:29.060+0000][1273.479s][info][gc,cpu         ] GC(685) User=0.01s Sys=0.00s Real=0.01s
[2026-10-07T20:41:31.701+0000][1276.119s][info][gc,start       ] GC(686) Pause Young (Allocation Failure)
[2026-10-07T20:41:31.708+0000][1276.126s][info][gc,heap        ] GC(686) DefNew: 22768K(24320K)->1083K(24320K) Eden: 21632K(21632K)->0K(21632K) From: 1136K(2688K)->1083K(2688K)
[2026-10-07T20:41:31.708+0000][1276.126s][info][gc,heap        ] GC(686) Tenured: 46902K(53796K)->46945K(53796K)
[2026-10-07T20:41:31.708+0000][1276.127s][info][gc,metaspace   ] GC(686) Metaspace: 74584K(75392K)->74584K(75392K) NonClass: 65312K(65728K)->65312K(65728K) Class: 9272K(9664K)->9272K(9664K)
[2026-10-07T20:41:31.708+0000][1276.127s][info][gc             ] GC(686) Pause Young (Allocation Failure) 68M->46M(76M) 7.097ms
[2026-10-07T20:41:31.708+0000][1276.127s][info][gc,cpu         ] GC(686) User=0.00s Sys=0.00s Real=0.01s
[2026-10-07T20:41:34.352+0000][1278.771s][info][gc,start       ] GC(687) Pause Young (Allocation Failure)
[2026-10-07T20:41:34.360+0000][1278.779s][info][gc,heap        ] GC(687) DefNew: 22715K(24320K)->1081K(24320K) Eden: 21632K(21632K)->0K(21632K) From: 1083K(2688K)->1081K(2688K)
[2026-10-07T20:41:34.360+0000][1278.779s][info][gc,heap        ] GC(687) Tenured: 46945K(53796K)->47002K(53796K)
[2026-10-07T20:41:34.360+0000][1278.779s][info][gc,metaspace   ] GC(687) Metaspace: 74585K(75392K)->74585K(75392K) NonClass: 65312K(65728K)->65312K(65728K) Class: 9272K(9664K)->9272K(9664K)
[2026-10-07T20:41:34.360+0000][1278.779s][info][gc             ] GC(687) Pause Young (Allocation Failure) 68M->46M(76M) 7.774ms
[2026-10-07T20:41:34.360+0000][1278.779s][info][gc,cpu         ] GC(687) User=0.01s Sys=0.00s Real=0.01s
[2026-10-07T20:41:36.991+0000][1281.410s][info][gc,start       ] GC(688) Pause Young (Allocation Failure)
[2026-10-07T20:41:36.999+0000][1281.418s][info][gc,heap        ] GC(688) DefNew: 22713K(24320K)->1108K(24320K) Eden: 21632K(21632K)->0K(21632K) From: 1081K(2688K)->1108K(2688K)
[2026-10-07T20:41:36.999+0000][1281.418s][info][gc,heap        ] GC(688) Tenured: 47002K(53796K)->47049K(53796K)
[2026-10-07T20:41:36.999+0000][1281.418s][info][gc,metaspace   ] GC(688) Metaspace: 74586K(75392K)->74586K(75392K) NonClass: 65313K(65728K)->65313K(65728K) Class: 9272K(9664K)->9272K(9664K)
[2026-10-07T20:41:36.999+0000][1281.418s][info][gc             ] GC(688) Pause Young (Allocation Failure) 68M->47M(76M) 8.499ms
[2026-10-07T20:41:37.000+0000][1281.418s][info][gc,cpu         ] GC(688) User=0.01s Sys=0.01s Real=0.01s
[2026-10-07T20:41:39.642+0000][1284.061s][info][gc,start       ] GC(689) Pause Young (Allocation Failure)
[2026-10-07T20:41:39.650+0000][1284.069s][info][gc,heap        ] GC(689) DefNew: 22740K(24320K)->1114K(24320K) Eden: 21632K(21632K)->0K(21632K) From: 1108K(2688K)->1114K(2688K)
[2026-10-07T20:41:39.650+0000][1284.069s][info][gc,heap        ] GC(689) Tenured: 47049K(53796K)->47097K(53796K)
[2026-10-07T20:41:39.650+0000][1284.069s][info][gc,metaspace   ] GC(689) Metaspace: 74614K(75392K)->74614K(75392K) NonClass: 65341K(65728K)->65341K(65728K) Class: 9272K(9664K)->9272K(9664K)
[2026-10-07T20:41:39.650+0000][1284.069s][info][gc             ] GC(689) Pause Young (Allocation Failure) 68M->47M(76M) 8.053ms
[2026-10-07T20:41:39.650+0000][1284.069s][info][gc,cpu         ] GC(689) User=0.01s Sys=0.00s Real=0.01s
[2026-10-07T20:41:42.386+0000][1286.804s][info][gc,start       ] GC(690) Pause Young (Allocation Failure)
[2026-10-07T20:41:42.395+0000][1286.814s][info][gc,heap        ] GC(690) DefNew: 22746K(24320K)->1103K(24320K) Eden: 21632K(21632K)->0K(21632K) From: 1114K(2688K)->1103K(2688K)
[2026-10-07T20:41:42.395+0000][1286.814s][info][gc,heap        ] GC(690) Tenured: 47097K(53796K)->47142K(53796K)
[2026-10-07T20:41:42.395+0000][1286.814s][info][gc,metaspace   ] GC(690) Metaspace: 74614K(75392K)->74614K(75392K) NonClass: 65341K(65728K)->65341K(65728K) Class: 9272K(9664K)->9272K(9664K)
[2026-10-07T20:41:42.395+0000][1286.814s][info][gc             ] GC(690) Pause Young (Allocation Failure) 68M->47M(76M) 9.478ms
[2026-10-07T20:41:42.395+0000][1286.814s][info][gc,cpu         ] GC(690) User=0.01s Sys=0.00s Real=0.01s
[2026-10-07T20:41:44.993+0000][1289.412s][info][gc,start       ] GC(691) Pause Young (Allocation Failure)
[2026-10-07T20:41:45.002+0000][1289.420s][info][gc,heap        ] GC(691) DefNew: 22735K(24320K)->1150K(24320K) Eden: 21632K(21632K)->0K(21632K) From: 1103K(2688K)->1150K(2688K)
[2026-10-07T20:41:45.002+0000][1289.420s][info][gc,heap        ] GC(691) Tenured: 47142K(53796K)->47208K(53796K)
[2026-10-07T20:41:45.002+0000][1289.420s][info][gc,metaspace   ] GC(691) Metaspace: 74631K(75392K)->74631K(75392K) NonClass: 65358K(65728K)->65358K(65728K) Class: 9272K(9664K)->9272K(9664K)
[2026-10-07T20:41:45.002+0000][1289.421s][info][gc             ] GC(691) Pause Young (Allocation Failure) 68M->47M(76M) 8.900ms
[2026-10-07T20:41:45.002+0000][1289.421s][info][gc,cpu         ] GC(691) User=0.01s Sys=0.00s Real=0.01s
[2026-10-07T20:41:47.702+0000][1292.120s][info][gc,start       ] GC(692) Pause Young (Allocation Failure)
[2026-10-07T20:41:47.709+0000][1292.128s][info][gc,heap        ] GC(692) DefNew: 22782K(24320K)->1098K(24320K) Eden: 21632K(21632K)->0K(21632K) From: 1150K(2688K)->1098K(2688K)
[2026-10-07T20:41:47.709+0000][1292.128s][info][gc,heap        ] GC(692) Tenured: 47208K(53796K)->47251K(53796K)
[2026-10-07T20:41:47.710+0000][1292.128s][info][gc,metaspace   ] GC(692) Metaspace: 74631K(75392K)->74631K(75392K) NonClass: 65358K(65728K)->65358K(65728K) Class: 9272K(9664K)->9272K(9664K)
[2026-10-07T20:41:47.710+0000][1292.129s][info][gc             ] GC(692) Pause Young (Allocation Failure) 68M->47M(76M) 8.188ms
[2026-10-07T20:41:47.710+0000][1292.129s][info][gc,cpu         ] GC(692) User=0.00s Sys=0.01s Real=0.01s
[2026-10-07T20:41:50.279+0000][1294.698s][info][gc,start       ] GC(693) Pause Young (Allocation Failure)
[2026-10-07T20:41:50.293+0000][1294.712s][info][gc,heap        ] GC(693) DefNew: 22730K(24320K)->1082K(24320K) Eden: 21632K(21632K)->0K(21632K) From: 1098K(2688K)->1082K(2688K)
[2026-10-07T20:41:50.293+0000][1294.712s][info][gc,heap        ] GC(693) Tenured: 47251K(53796K)->47303K(53796K)
[2026-10-07T20:41:50.293+0000][1294.712s][info][gc,metaspace   ] GC(693) Metaspace: 74640K(75456K)->74640K(75456K) NonClass: 65367K(65792K)->65367K(65792K) Class: 9272K(9664K)->9272K(9664K)
[2026-10-07T20:41:50.293+0000][1294.712s][info][gc             ] GC(693) Pause Young (Allocation Failure) 68M->47M(76M) 14.011ms
[2026-10-07T20:41:50.293+0000][1294.712s][info][gc,cpu         ] GC(693) User=0.01s Sys=0.00s Real=0.01s
[2026-10-07T20:41:52.992+0000][1297.410s][info][gc,start       ] GC(694) Pause Young (Allocation Failure)
[2026-10-07T20:41:53.000+0000][1297.419s][info][gc,heap        ] GC(694) DefNew: 22714K(24320K)->1109K(24320K) Eden: 21632K(21632K)->0K(21632K) From: 1082K(2688K)->1109K(2688K)
[2026-10-07T20:41:53.000+0000][1297.419s][info][gc,heap        ] GC(694) Tenured: 47303K(53796K)->47350K(53796K)
[2026-10-07T20:41:53.000+0000][1297.419s][info][gc,metaspace   ] GC(694) Metaspace: 74640K(75456K)->74640K(75456K) NonClass: 65367K(65792K)->65367K(65792K) Class: 9272K(9664K)->9272K(9664K)
[2026-10-07T20:41:53.000+0000][1297.419s][info][gc             ] GC(694) Pause Young (Allocation Failure) 68M->47M(76M) 8.692ms
[2026-10-07T20:41:53.000+0000][1297.419s][info][gc,cpu         ] GC(694) User=0.00s Sys=0.00s Real=0.01s
[2026-10-07T20:41:55.636+0000][1300.055s][info][gc,start       ] GC(695) Pause Young (Allocation Failure)
[2026-10-07T20:41:55.644+0000][1300.063s][info][gc,heap        ] GC(695) DefNew: 22741K(24320K)->1122K(24320K) Eden: 21632K(21632K)->0K(21632K) From: 1109K(2688K)->1122K(2688K)
[2026-10-07T20:41:55.644+0000][1300.063s][info][gc,heap        ] GC(695) Tenured: 47350K(53796K)->47398K(53796K)
[2026-10-07T20:41:55.644+0000][1300.063s][info][gc,metaspace   ] GC(695) Metaspace: 74640K(75456K)->74640K(75456K) NonClass: 65367K(65792K)->65367K(65792K) Class: 9272K(9664K)->9272K(9664K)
[2026-10-07T20:41:55.644+0000][1300.063s][info][gc             ] GC(695) Pause Young (Allocation Failure) 68M->47M(76M) 7.938ms
[2026-10-07T20:41:55.644+0000][1300.063s][info][gc,cpu         ] GC(695) User=0.01s Sys=0.00s Real=0.01s
[2026-10-07T20:41:58.347+0000][1302.766s][info][gc,start       ] GC(696) Pause Young (Allocation Failure)
[2026-10-07T20:41:58.355+0000][1302.774s][info][gc,heap        ] GC(696) DefNew: 22754K(24320K)->1099K(24320K) Eden: 21632K(21632K)->0K(21632K) From: 1122K(2688K)->1099K(2688K)
[2026-10-07T20:41:58.355+0000][1302.774s][info][gc,heap        ] GC(696) Tenured: 47398K(53796K)->47436K(53796K)
[2026-10-07T20:41:58.355+0000][1302.774s][info][gc,metaspace   ] GC(696) Metaspace: 74658K(75456K)->74658K(75456K) NonClass: 65385K(65792K)->65385K(65792K) Class: 9272K(9664K)->9272K(9664K)
[2026-10-07T20:41:58.355+0000][1302.774s][info][gc             ] GC(696) Pause Young (Allocation Failure) 68M->47M(76M) 7.702ms
[2026-10-07T20:41:58.355+0000][1302.774s][info][gc,cpu         ] GC(696) User=0.01s Sys=0.00s Real=0.01s
[2026-10-07T20:42:00.991+0000][1305.409s][info][gc,start       ] GC(697) Pause Young (Allocation Failure)
[2026-10-07T20:42:00.998+0000][1305.417s][info][gc,heap        ] GC(697) DefNew: 22731K(24320K)->984K(24320K) Eden: 21632K(21632K)->0K(21632K) From: 1099K(2688K)->984K(2688K)
[2026-10-07T20:42:00.998+0000][1305.417s][info][gc,heap        ] GC(697) Tenured: 47436K(53796K)->47543K(53796K)
[2026-10-07T20:42:00.998+0000][1305.417s][info][gc,metaspace   ] GC(697) Metaspace: 74666K(75456K)->74666K(75456K) NonClass: 65393K(65792K)->65393K(65792K) Class: 9272K(9664K)->9272K(9664K)
[2026-10-07T20:42:00.998+0000][1305.417s][info][gc             ] GC(697) Pause Young (Allocation Failure) 68M->47M(76M) 7.617ms
[2026-10-07T20:42:00.998+0000][1305.417s][info][gc,cpu         ] GC(697) User=0.00s Sys=0.00s Real=0.01s
[2026-10-07T20:42:03.704+0000][1308.123s][info][gc,start       ] GC(698) Pause Young (Allocation Failure)
[2026-10-07T20:42:03.712+0000][1308.131s][info][gc,heap        ] GC(698) DefNew: 22616K(24320K)->1036K(24320K) Eden: 21632K(21632K)->0K(21632K) From: 984K(2688K)->1036K(2688K)
[2026-10-07T20:42:03.712+0000][1308.131s][info][gc,heap        ] GC(698) Tenured: 47543K(53796K)->47586K(53796K)
[2026-10-07T20:42:03.712+0000][1308.131s][info][gc,metaspace   ] GC(698) Metaspace: 74666K(75456K)->74666K(75456K) NonClass: 65393K(65792K)->65393K(65792K) Class: 9272K(9664K)->9272K(9664K)
[2026-10-07T20:42:03.712+0000][1308.131s][info][gc             ] GC(698) Pause Young (Allocation Failure) 68M->47M(76M) 8.149ms
[2026-10-07T20:42:03.712+0000][1308.131s][info][gc,cpu         ] GC(698) User=0.00s Sys=0.00s Real=0.00s
[2026-10-07T20:42:06.280+0000][1310.699s][info][gc,start       ] GC(699) Pause Young (Allocation Failure)
[2026-10-07T20:42:06.289+0000][1310.708s][info][gc,heap        ] GC(699) DefNew: 22668K(24320K)->979K(24320K) Eden: 21632K(21632K)->0K(21632K) From: 1036K(2688K)->979K(2688K)
[2026-10-07T20:42:06.289+0000][1310.708s][info][gc,heap        ] GC(699) Tenured: 47586K(53796K)->47624K(53796K)
[2026-10-07T20:42:06.289+0000][1310.708s][info][gc,metaspace   ] GC(699) Metaspace: 74666K(75456K)->74666K(75456K) NonClass: 65393K(65792K)->65393K(65792K) Class: 9272K(9664K)->9272K(9664K)
[2026-10-07T20:42:06.290+0000][1310.708s][info][gc             ] GC(699) Pause Young (Allocation Failure) 68M->47M(76M) 9.155ms
[2026-10-07T20:42:06.290+0000][1310.708s][info][gc,cpu         ] GC(699) User=0.01s Sys=0.00s Real=0.01s
[2026-10-07T20:42:08.955+0000][1313.374s][info][gc,start       ] GC(700) Pause Young (Allocation Failure)
[2026-10-07T20:42:08.963+0000][1313.382s][info][gc,heap        ] GC(700) DefNew: 22611K(24320K)->1007K(24320K) Eden: 21632K(21632K)->0K(21632K) From: 979K(2688K)->1007K(2688K)
[2026-10-07T20:42:08.964+0000][1313.382s][info][gc,heap        ] GC(700) Tenured: 47624K(53796K)->47664K(53796K)
[2026-10-07T20:42:08.964+0000][1313.382s][info][gc,metaspace   ] GC(700) Metaspace: 74666K(75456K)->74666K(75456K) NonClass: 65393K(65792K)->65393K(65792K) Class: 9272K(9664K)->9272K(9664K)
[2026-10-07T20:42:08.964+0000][1313.383s][info][gc             ] GC(700) Pause Young (Allocation Failure) 68M->47M(76M) 8.509ms
[2026-10-07T20:42:08.964+0000][1313.383s][info][gc,cpu         ] GC(700) User=0.01s Sys=0.00s Real=0.01s
[2026-10-07T20:42:11.644+0000][1316.063s][info][gc,start       ] GC(701) Pause Young (Allocation Failure)
[2026-10-07T20:42:11.653+0000][1316.072s][info][gc,heap        ] GC(701) DefNew: 22639K(24320K)->969K(24320K) Eden: 21632K(21632K)->0K(21632K) From: 1007K(2688K)->969K(2688K)
[2026-10-07T20:42:11.653+0000][1316.072s][info][gc,heap        ] GC(701) Tenured: 47664K(53796K)->47705K(53796K)
[2026-10-07T20:42:11.653+0000][1316.072s][info][gc,metaspace   ] GC(701) Metaspace: 74666K(75456K)->74666K(75456K) NonClass: 65393K(65792K)->65393K(65792K) Class: 9272K(9664K)->9272K(9664K)
[2026-10-07T20:42:11.653+0000][1316.072s][info][gc             ] GC(701) Pause Young (Allocation Failure) 68M->47M(76M) 8.974ms
[2026-10-07T20:42:11.653+0000][1316.072s][info][gc,cpu         ] GC(701) User=0.01s Sys=0.00s Real=0.00s
[2026-10-07T20:42:14.310+0000][1318.729s][info][gc,start       ] GC(702) Pause Young (Allocation Failure)
[2026-10-07T20:42:14.318+0000][1318.737s][info][gc,heap        ] GC(702) DefNew: 22601K(24320K)->1005K(24320K) Eden: 21632K(21632K)->0K(21632K) From: 969K(2688K)->1005K(2688K)
[2026-10-07T20:42:14.318+0000][1318.737s][info][gc,heap        ] GC(702) Tenured: 47705K(53796K)->47747K(53796K)
[2026-10-07T20:42:14.318+0000][1318.737s][info][gc,metaspace   ] GC(702) Metaspace: 74666K(75456K)->74666K(75456K) NonClass: 65393K(65792K)->65393K(65792K) Class: 9272K(9664K)->9272K(9664K)
[2026-10-07T20:42:14.318+0000][1318.737s][info][gc             ] GC(702) Pause Young (Allocation Failure) 68M->47M(76M) 7.475ms
[2026-10-07T20:42:14.318+0000][1318.737s][info][gc,cpu         ] GC(702) User=0.01s Sys=0.00s Real=0.01s
[2026-10-07T20:42:17.007+0000][1321.425s][info][gc,start       ] GC(703) Pause Young (Allocation Failure)
[2026-10-07T20:42:17.013+0000][1321.432s][info][gc,heap        ] GC(703) DefNew: 22637K(24320K)->972K(24320K) Eden: 21632K(21632K)->0K(21632K) From: 1005K(2688K)->972K(2688K)
[2026-10-07T20:42:17.013+0000][1321.432s][info][gc,heap        ] GC(703) Tenured: 47747K(53796K)->47789K(53796K)
[2026-10-07T20:42:17.013+0000][1321.432s][info][gc,metaspace   ] GC(703) Metaspace: 74666K(75456K)->74666K(75456K) NonClass: 65393K(65792K)->65393K(65792K) Class: 9272K(9664K)->9272K(9664K)
[2026-10-07T20:42:17.013+0000][1321.432s][info][gc             ] GC(703) Pause Young (Allocation Failure) 68M->47M(76M) 6.739ms
[2026-10-07T20:42:17.013+0000][1321.432s][info][gc,cpu         ] GC(703) User=0.01s Sys=0.00s Real=0.00s
[2026-10-07T20:42:19.633+0000][1324.052s][info][gc,start       ] GC(704) Pause Young (Allocation Failure)
[2026-10-07T20:42:19.641+0000][1324.060s][info][gc,heap        ] GC(704) DefNew: 22604K(24320K)->1017K(24320K) Eden: 21632K(21632K)->0K(21632K) From: 972K(2688K)->1017K(2688K)
[2026-10-07T20:42:19.641+0000][1324.060s][info][gc,heap        ] GC(704) Tenured: 47789K(53796K)->47831K(53796K)
[2026-10-07T20:42:19.641+0000][1324.060s][info][gc,metaspace   ] GC(704) Metaspace: 74666K(75456K)->74666K(75456K) NonClass: 65393K(65792K)->65393K(65792K) Class: 9272K(9664K)->9272K(9664K)
[2026-10-07T20:42:19.641+0000][1324.060s][info][gc             ] GC(704) Pause Young (Allocation Failure) 68M->47M(76M) 8.079ms
[2026-10-07T20:42:19.641+0000][1324.060s][info][gc,cpu         ] GC(704) User=0.01s Sys=0.00s Real=0.01s
[2026-10-07T20:42:22.303+0000][1326.722s][info][gc,start       ] GC(705) Pause Young (Allocation Failure)
[2026-10-07T20:42:22.311+0000][1326.730s][info][gc,heap        ] GC(705) DefNew: 22649K(24320K)->958K(24320K) Eden: 21632K(21632K)->0K(21632K) From: 1017K(2688K)->958K(2688K)
[2026-10-07T20:42:22.311+0000][1326.730s][info][gc,heap        ] GC(705) Tenured: 47831K(53796K)->47891K(53796K)
[2026-10-07T20:42:22.311+0000][1326.730s][info][gc,metaspace   ] GC(705) Metaspace: 74666K(75456K)->74666K(75456K) NonClass: 65393K(65792K)->65393K(65792K) Class: 9272K(9664K)->9272K(9664K)
[2026-10-07T20:42:22.311+0000][1326.730s][info][gc             ] GC(705) Pause Young (Allocation Failure) 68M->47M(76M) 8.200ms
[2026-10-07T20:42:22.311+0000][1326.730s][info][gc,cpu         ] GC(705) User=0.01s Sys=0.00s Real=0.01s
[2026-10-07T20:42:24.973+0000][1329.392s][info][gc,start       ] GC(706) Pause Young (Allocation Failure)
[2026-10-07T20:42:24.980+0000][1329.399s][info][gc,heap        ] GC(706) DefNew: 22590K(24320K)->1017K(24320K) Eden: 21632K(21632K)->0K(21632K) From: 958K(2688K)->1017K(2688K)
[2026-10-07T20:42:24.981+0000][1329.399s][info][gc,heap        ] GC(706) Tenured: 47891K(53796K)->47938K(53796K)
[2026-10-07T20:42:24.981+0000][1329.399s][info][gc,metaspace   ] GC(706) Metaspace: 74668K(75456K)->74668K(75456K) NonClass: 65396K(65792K)->65396K(65792K) Class: 9272K(9664K)->9272K(9664K)
[2026-10-07T20:42:24.981+0000][1329.399s][info][gc             ] GC(706) Pause Young (Allocation Failure) 68M->47M(76M) 7.701ms
[2026-10-07T20:42:24.981+0000][1329.399s][info][gc,cpu         ] GC(706) User=0.00s Sys=0.00s Real=0.01s
[2026-10-07T20:42:27.652+0000][1332.071s][info][gc,start       ] GC(707) Pause Young (Allocation Failure)
[2026-10-07T20:42:27.660+0000][1332.079s][info][gc,heap        ] GC(707) DefNew: 22649K(24320K)->970K(24320K) Eden: 21632K(21632K)->0K(21632K) From: 1017K(2688K)->970K(2688K)
[2026-10-07T20:42:27.660+0000][1332.079s][info][gc,heap        ] GC(707) Tenured: 47938K(53796K)->47980K(53796K)
[2026-10-07T20:42:27.660+0000][1332.079s][info][gc,metaspace   ] GC(707) Metaspace: 74668K(75456K)->74668K(75456K) NonClass: 65396K(65792K)->65396K(65792K) Class: 9272K(9664K)->9272K(9664K)
[2026-10-07T20:42:27.660+0000][1332.079s][info][gc             ] GC(707) Pause Young (Allocation Failure) 68M->47M(76M) 8.572ms
[2026-10-07T20:42:27.661+0000][1332.079s][info][gc,cpu         ] GC(707) User=0.00s Sys=0.00s Real=0.01s
[2026-10-07T20:42:30.323+0000][1334.741s][info][gc,start       ] GC(708) Pause Young (Allocation Failure)
[2026-10-07T20:42:30.331+0000][1334.750s][info][gc,heap        ] GC(708) DefNew: 22602K(24320K)->1019K(24320K) Eden: 21632K(21632K)->0K(21632K) From: 970K(2688K)->1019K(2688K)
[2026-10-07T20:42:30.331+0000][1334.750s][info][gc,heap        ] GC(708) Tenured: 47980K(53796K)->48030K(53796K)
[2026-10-07T20:42:30.331+0000][1334.750s][info][gc,metaspace   ] GC(708) Metaspace: 74668K(75456K)->74668K(75456K) NonClass: 65396K(65792K)->65396K(65792K) Class: 9272K(9664K)->9272K(9664K)
[2026-10-07T20:42:30.331+0000][1334.750s][info][gc             ] GC(708) Pause Young (Allocation Failure) 68M->47M(76M) 8.823ms
[2026-10-07T20:42:30.331+0000][1334.750s][info][gc,cpu         ] GC(708) User=0.01s Sys=0.00s Real=0.01s
[2026-10-07T20:42:33.002+0000][1337.421s][info][gc,start       ] GC(709) Pause Young (Allocation Failure)
[2026-10-07T20:42:33.010+0000][1337.429s][info][gc,heap        ] GC(709) DefNew: 22651K(24320K)->955K(24320K) Eden: 21632K(21632K)->0K(21632K) From: 1019K(2688K)->955K(2688K)
[2026-10-07T20:42:33.010+0000][1337.429s][info][gc,heap        ] GC(709) Tenured: 48030K(53796K)->48077K(53796K)
[2026-10-07T20:42:33.010+0000][1337.429s][info][gc,metaspace   ] GC(709) Metaspace: 74668K(75456K)->74668K(75456K) NonClass: 65396K(65792K)->65396K(65792K) Class: 9272K(9664K)->9272K(9664K)
[2026-10-07T20:42:33.010+0000][1337.429s][info][gc             ] GC(709) Pause Young (Allocation Failure) 69M->47M(76M) 7.876ms
[2026-10-07T20:42:33.010+0000][1337.429s][info][gc,cpu         ] GC(709) User=0.00s Sys=0.00s Real=0.01s
[2026-10-07T20:42:35.593+0000][1340.012s][info][gc,start       ] GC(710) Pause Young (Allocation Failure)
[2026-10-07T20:42:35.602+0000][1340.021s][info][gc,heap        ] GC(710) DefNew: 22587K(24320K)->984K(24320K) Eden: 21632K(21632K)->0K(21632K) From: 955K(2688K)->984K(2688K)
[2026-10-07T20:42:35.603+0000][1340.022s][info][gc,heap        ] GC(710) Tenured: 48077K(53796K)->48118K(53796K)
[2026-10-07T20:42:35.603+0000][1340.022s][info][gc,metaspace   ] GC(710) Metaspace: 74668K(75456K)->74668K(75456K) NonClass: 65396K(65792K)->65396K(65792K) Class: 9272K(9664K)->9272K(9664K)
[2026-10-07T20:42:35.604+0000][1340.023s][info][gc             ] GC(710) Pause Young (Allocation Failure) 69M->47M(76M) 10.892ms
[2026-10-07T20:42:35.604+0000][1340.023s][info][gc,cpu         ] GC(710) User=0.01s Sys=0.01s Real=0.02s
[2026-10-07T20:42:38.289+0000][1342.708s][info][gc,start       ] GC(711) Pause Young (Allocation Failure)
[2026-10-07T20:42:38.296+0000][1342.715s][info][gc,heap        ] GC(711) DefNew: 22616K(24320K)->984K(24320K) Eden: 21632K(21632K)->0K(21632K) From: 984K(2688K)->984K(2688K)
[2026-10-07T20:42:38.296+0000][1342.715s][info][gc,heap        ] GC(711) Tenured: 48118K(53796K)->48160K(53796K)
[2026-10-07T20:42:38.296+0000][1342.715s][info][gc,metaspace   ] GC(711) Metaspace: 74668K(75456K)->74668K(75456K) NonClass: 65396K(65792K)->65396K(65792K) Class: 9272K(9664K)->9272K(9664K)
[2026-10-07T20:42:38.297+0000][1342.715s][info][gc             ] GC(711) Pause Young (Allocation Failure) 69M->47M(76M) 7.543ms
[2026-10-07T20:42:38.297+0000][1342.715s][info][gc,cpu         ] GC(711) User=0.00s Sys=0.00s Real=0.01s
[2026-10-07T20:42:40.924+0000][1345.343s][info][gc,start       ] GC(712) Pause Young (Allocation Failure)
[2026-10-07T20:42:40.936+0000][1345.355s][info][gc,heap        ] GC(712) DefNew: 22616K(24320K)->897K(24320K) Eden: 21632K(21632K)->0K(21632K) From: 984K(2688K)->897K(2688K)
[2026-10-07T20:42:40.936+0000][1345.355s][info][gc,heap        ] GC(712) Tenured: 48160K(53796K)->48198K(53796K)
[2026-10-07T20:42:40.936+0000][1345.355s][info][gc,metaspace   ] GC(712) Metaspace: 74668K(75456K)->74668K(75456K) NonClass: 65396K(65792K)->65396K(65792K) Class: 9272K(9664K)->9272K(9664K)
[2026-10-07T20:42:40.936+0000][1345.355s][info][gc             ] GC(712) Pause Young (Allocation Failure) 69M->47M(76M) 11.784ms
[2026-10-07T20:42:40.936+0000][1345.355s][info][gc,cpu         ] GC(712) User=0.01s Sys=0.00s Real=0.01s
[2026-10-07T20:42:43.635+0000][1348.054s][info][gc,start       ] GC(713) Pause Young (Allocation Failure)
[2026-10-07T20:42:43.644+0000][1348.063s][info][gc,heap        ] GC(713) DefNew: 22529K(24320K)->988K(24320K) Eden: 21632K(21632K)->0K(21632K) From: 897K(2688K)->988K(2688K)
[2026-10-07T20:42:43.644+0000][1348.063s][info][gc,heap        ] GC(713) Tenured: 48198K(53796K)->48234K(53796K)
[2026-10-07T20:42:43.644+0000][1348.063s][info][gc,metaspace   ] GC(713) Metaspace: 74668K(75456K)->74668K(75456K) NonClass: 65396K(65792K)->65396K(65792K) Class: 9272K(9664K)->9272K(9664K)
[2026-10-07T20:42:43.644+0000][1348.063s][info][gc             ] GC(713) Pause Young (Allocation Failure) 69M->48M(76M) 8.987ms
[2026-10-07T20:42:43.644+0000][1348.063s][info][gc,cpu         ] GC(713) User=0.00s Sys=0.00s Real=0.01s
[2026-10-07T20:42:46.280+0000][1350.699s][info][gc,start       ] GC(714) Pause Young (Allocation Failure)
[2026-10-07T20:42:46.288+0000][1350.707s][info][gc,heap        ] GC(714) DefNew: 22620K(24320K)->962K(24320K) Eden: 21632K(21632K)->0K(21632K) From: 988K(2688K)->962K(2688K)
[2026-10-07T20:42:46.288+0000][1350.707s][info][gc,heap        ] GC(714) Tenured: 48234K(53796K)->48276K(53796K)
[2026-10-07T20:42:46.288+0000][1350.707s][info][gc,metaspace   ] GC(714) Metaspace: 74668K(75456K)->74668K(75456K) NonClass: 65396K(65792K)->65396K(65792K) Class: 9272K(9664K)->9272K(9664K)
[2026-10-07T20:42:46.289+0000][1350.708s][info][gc             ] GC(714) Pause Young (Allocation Failure) 69M->48M(76M) 9.211ms
[2026-10-07T20:42:46.289+0000][1350.708s][info][gc,cpu         ] GC(714) User=0.00s Sys=0.00s Real=0.01s
[2026-10-07T20:42:48.953+0000][1353.372s][info][gc,start       ] GC(715) Pause Young (Allocation Failure)
[2026-10-07T20:42:48.961+0000][1353.380s][info][gc,heap        ] GC(715) DefNew: 22594K(24320K)->993K(24320K) Eden: 21632K(21632K)->0K(21632K) From: 962K(2688K)->993K(2688K)
[2026-10-07T20:42:48.961+0000][1353.380s][info][gc,heap        ] GC(715) Tenured: 48276K(53796K)->48316K(53796K)
[2026-10-07T20:42:48.961+0000][1353.380s][info][gc,metaspace   ] GC(715) Metaspace: 74668K(75456K)->74668K(75456K) NonClass: 65396K(65792K)->65396K(65792K) Class: 9272K(9664K)->9272K(9664K)
[2026-10-07T20:42:48.961+0000][1353.380s][info][gc             ] GC(715) Pause Young (Allocation Failure) 69M->48M(76M) 7.966ms
[2026-10-07T20:42:48.961+0000][1353.380s][info][gc,cpu         ] GC(715) User=0.01s Sys=0.00s Real=0.01s
[2026-10-07T20:42:51.568+0000][1355.987s][info][gc,start       ] GC(716) Pause Young (Allocation Failure)
[2026-10-07T20:42:51.576+0000][1355.995s][info][gc,heap        ] GC(716) DefNew: 22625K(24320K)->932K(24320K) Eden: 21632K(21632K)->0K(21632K) From: 993K(2688K)->932K(2688K)
[2026-10-07T20:42:51.577+0000][1355.995s][info][gc,heap        ] GC(716) Tenured: 48316K(53796K)->48365K(53796K)
[2026-10-07T20:42:51.577+0000][1355.995s][info][gc,metaspace   ] GC(716) Metaspace: 74668K(75456K)->74668K(75456K) NonClass: 65396K(65792K)->65396K(65792K) Class: 9272K(9664K)->9272K(9664K)
[2026-10-07T20:42:51.577+0000][1355.996s][info][gc             ] GC(716) Pause Young (Allocation Failure) 69M->48M(76M) 8.704ms
[2026-10-07T20:42:51.577+0000][1355.996s][info][gc,cpu         ] GC(716) User=0.01s Sys=0.00s Real=0.01s
[2026-10-07T20:42:54.215+0000][1358.634s][info][gc,start       ] GC(717) Pause Young (Allocation Failure)
[2026-10-07T20:42:54.223+0000][1358.642s][info][gc,heap        ] GC(717) DefNew: 22564K(24320K)->1006K(24320K) Eden: 21632K(21632K)->0K(21632K) From: 932K(2688K)->1006K(2688K)
[2026-10-07T20:42:54.223+0000][1358.642s][info][gc,heap        ] GC(717) Tenured: 48365K(53796K)->48403K(53796K)
[2026-10-07T20:42:54.223+0000][1358.642s][info][gc,metaspace   ] GC(717) Metaspace: 74668K(75456K)->74668K(75456K) NonClass: 65396K(65792K)->65396K(65792K) Class: 9272K(9664K)->9272K(9664K)
[2026-10-07T20:42:54.223+0000][1358.642s][info][gc             ] GC(717) Pause Young (Allocation Failure) 69M->48M(76M) 7.894ms
[2026-10-07T20:42:54.223+0000][1358.642s][info][gc,cpu         ] GC(717) User=0.00s Sys=0.00s Real=0.00s
[2026-10-07T20:42:56.917+0000][1361.336s][info][gc,start       ] GC(718) Pause Young (Allocation Failure)
[2026-10-07T20:42:56.925+0000][1361.344s][info][gc,heap        ] GC(718) DefNew: 22638K(24320K)->967K(24320K) Eden: 21632K(21632K)->0K(21632K) From: 1006K(2688K)->967K(2688K)
[2026-10-07T20:42:56.925+0000][1361.344s][info][gc,heap        ] GC(718) Tenured: 48403K(53796K)->48442K(53796K)
[2026-10-07T20:42:56.925+0000][1361.344s][info][gc,metaspace   ] GC(718) Metaspace: 74668K(75456K)->74668K(75456K) NonClass: 65396K(65792K)->65396K(65792K) Class: 9272K(9664K)->9272K(9664K)
[2026-10-07T20:42:56.925+0000][1361.344s][info][gc             ] GC(718) Pause Young (Allocation Failure) 69M->48M(76M) 8.153ms
[2026-10-07T20:42:56.925+0000][1361.344s][info][gc,cpu         ] GC(718) User=0.00s Sys=0.00s Real=0.01s
[2026-10-07T20:42:59.562+0000][1363.981s][info][gc,start       ] GC(719) Pause Young (Allocation Failure)
[2026-10-07T20:42:59.572+0000][1363.991s][info][gc,heap        ] GC(719) DefNew: 22599K(24320K)->1021K(24320K) Eden: 21632K(21632K)->0K(21632K) From: 967K(2688K)->1021K(2688K)
[2026-10-07T20:42:59.572+0000][1363.991s][info][gc,heap        ] GC(719) Tenured: 48442K(53796K)->48483K(53796K)
[2026-10-07T20:42:59.572+0000][1363.991s][info][gc,metaspace   ] GC(719) Metaspace: 74668K(75456K)->74668K(75456K) NonClass: 65396K(65792K)->65396K(65792K) Class: 9272K(9664K)->9272K(9664K)
[2026-10-07T20:42:59.572+0000][1363.991s][info][gc             ] GC(719) Pause Young (Allocation Failure) 69M->48M(76M) 9.960ms
[2026-10-07T20:42:59.572+0000][1363.991s][info][gc,cpu         ] GC(719) User=0.01s Sys=0.00s Real=0.01s
[2026-10-07T20:43:02.280+0000][1366.698s][info][gc,start       ] GC(720) Pause Young (Allocation Failure)
[2026-10-07T20:43:02.294+0000][1366.713s][info][gc,heap        ] GC(720) DefNew: 22653K(24320K)->962K(24320K) Eden: 21632K(21632K)->0K(21632K) From: 1021K(2688K)->962K(2688K)
[2026-10-07T20:43:02.294+0000][1366.713s][info][gc,heap        ] GC(720) Tenured: 48483K(53796K)->48529K(53796K)
[2026-10-07T20:43:02.294+0000][1366.713s][info][gc,metaspace   ] GC(720) Metaspace: 74668K(75456K)->74668K(75456K) NonClass: 65396K(65792K)->65396K(65792K) Class: 9272K(9664K)->9272K(9664K)
[2026-10-07T20:43:02.294+0000][1366.713s][info][gc             ] GC(720) Pause Young (Allocation Failure) 69M->48M(76M) 14.730ms
[2026-10-07T20:43:02.294+0000][1366.713s][info][gc,cpu         ] GC(720) User=0.01s Sys=0.00s Real=0.02s
[2026-10-07T20:43:04.843+0000][1369.262s][info][gc,start       ] GC(721) Pause Young (Allocation Failure)
[2026-10-07T20:43:04.852+0000][1369.271s][info][gc,heap        ] GC(721) DefNew: 22594K(24320K)->1052K(24320K) Eden: 21632K(21632K)->0K(21632K) From: 962K(2688K)->1052K(2688K)
[2026-10-07T20:43:04.852+0000][1369.271s][info][gc,heap        ] GC(721) Tenured: 48529K(53796K)->48567K(53796K)
[2026-10-07T20:43:04.852+0000][1369.271s][info][gc,metaspace   ] GC(721) Metaspace: 74668K(75456K)->74668K(75456K) NonClass: 65396K(65792K)->65396K(65792K) Class: 9272K(9664K)->9272K(9664K)
[2026-10-07T20:43:04.852+0000][1369.271s][info][gc             ] GC(721) Pause Young (Allocation Failure) 69M->48M(76M) 8.973ms
[2026-10-07T20:43:04.852+0000][1369.271s][info][gc,cpu         ] GC(721) User=0.01s Sys=0.00s Real=0.01s
[2026-10-07T20:43:07.561+0000][1371.980s][info][gc,start       ] GC(722) Pause Young (Allocation Failure)
[2026-10-07T20:43:07.569+0000][1371.988s][info][gc,heap        ] GC(722) DefNew: 22684K(24320K)->1000K(24320K) Eden: 21632K(21632K)->0K(21632K) From: 1052K(2688K)->1000K(2688K)
[2026-10-07T20:43:07.569+0000][1371.988s][info][gc,heap        ] GC(722) Tenured: 48567K(53796K)->48608K(53796K)
[2026-10-07T20:43:07.569+0000][1371.988s][info][gc,metaspace   ] GC(722) Metaspace: 74668K(75456K)->74668K(75456K) NonClass: 65396K(65792K)->65396K(65792K) Class: 9272K(9664K)->9272K(9664K)
[2026-10-07T20:43:07.569+0000][1371.988s][info][gc             ] GC(722) Pause Young (Allocation Failure) 69M->48M(76M) 8.535ms
[2026-10-07T20:43:07.569+0000][1371.988s][info][gc,cpu         ] GC(722) User=0.00s Sys=0.00s Real=0.01s
[2026-10-07T20:43:10.211+0000][1374.630s][info][gc,start       ] GC(723) Pause Young (Allocation Failure)
[2026-10-07T20:43:10.218+0000][1374.637s][info][gc,heap        ] GC(723) DefNew: 22632K(24320K)->1079K(24320K) Eden: 21632K(21632K)->0K(21632K) From: 1000K(2688K)->1079K(2688K)
[2026-10-07T20:43:10.218+0000][1374.637s][info][gc,heap        ] GC(723) Tenured: 48608K(53796K)->48649K(53796K)
[2026-10-07T20:43:10.218+0000][1374.637s][info][gc,metaspace   ] GC(723) Metaspace: 74668K(75456K)->74668K(75456K) NonClass: 65396K(65792K)->65396K(65792K) Class: 9272K(9664K)->9272K(9664K)
[2026-10-07T20:43:10.218+0000][1374.637s][info][gc             ] GC(723) Pause Young (Allocation Failure) 69M->48M(76M) 7.373ms
[2026-10-07T20:43:10.218+0000][1374.637s][info][gc,cpu         ] GC(723) User=0.00s Sys=0.00s Real=0.01s
[2026-10-07T20:43:12.887+0000][1377.306s][info][gc,start       ] GC(724) Pause Young (Allocation Failure)
[2026-10-07T20:43:12.895+0000][1377.314s][info][gc,heap        ] GC(724) DefNew: 22711K(24320K)->1032K(24320K) Eden: 21632K(21632K)->0K(21632K) From: 1079K(2688K)->1032K(2688K)
[2026-10-07T20:43:12.896+0000][1377.314s][info][gc,heap        ] GC(724) Tenured: 48649K(53796K)->48685K(53796K)
[2026-10-07T20:43:12.896+0000][1377.314s][info][gc,metaspace   ] GC(724) Metaspace: 74668K(75456K)->74668K(75456K) NonClass: 65396K(65792K)->65396K(65792K) Class: 9272K(9664K)->9272K(9664K)
[2026-10-07T20:43:12.896+0000][1377.314s][info][gc             ] GC(724) Pause Young (Allocation Failure) 69M->48M(76M) 8.327ms
[2026-10-07T20:43:12.896+0000][1377.314s][info][gc,cpu         ] GC(724) User=0.00s Sys=0.00s Real=0.01s
[2026-10-07T20:43:15.560+0000][1379.979s][info][gc,start       ] GC(725) Pause Young (Allocation Failure)
[2026-10-07T20:43:15.569+0000][1379.987s][info][gc,heap        ] GC(725) DefNew: 22664K(24320K)->1078K(24320K) Eden: 21632K(21632K)->0K(21632K) From: 1032K(2688K)->1078K(2688K)
[2026-10-07T20:43:15.569+0000][1379.987s][info][gc,heap        ] GC(725) Tenured: 48685K(53796K)->48730K(53796K)
[2026-10-07T20:43:15.569+0000][1379.987s][info][gc,metaspace   ] GC(725) Metaspace: 74668K(75456K)->74668K(75456K) NonClass: 65396K(65792K)->65396K(65792K) Class: 9272K(9664K)->9272K(9664K)
[2026-10-07T20:43:15.569+0000][1379.988s][info][gc             ] GC(725) Pause Young (Allocation Failure) 69M->48M(76M) 8.758ms
[2026-10-07T20:43:15.569+0000][1379.988s][info][gc,cpu         ] GC(725) User=0.01s Sys=0.00s Real=0.01s
[2026-10-07T20:43:18.207+0000][1382.625s][info][gc,start       ] GC(726) Pause Young (Allocation Failure)
[2026-10-07T20:43:18.214+0000][1382.633s][info][gc,heap        ] GC(726) DefNew: 22710K(24320K)->1057K(24320K) Eden: 21632K(21632K)->0K(21632K) From: 1078K(2688K)->1057K(2688K)
[2026-10-07T20:43:18.214+0000][1382.633s][info][gc,heap        ] GC(726) Tenured: 48730K(53796K)->48771K(53796K)
[2026-10-07T20:43:18.215+0000][1382.633s][info][gc,metaspace   ] GC(726) Metaspace: 74668K(75456K)->74668K(75456K) NonClass: 65396K(65792K)->65396K(65792K) Class: 9272K(9664K)->9272K(9664K)
[2026-10-07T20:43:18.215+0000][1382.634s][info][gc             ] GC(726) Pause Young (Allocation Failure) 69M->48M(76M) 8.360ms
[2026-10-07T20:43:18.215+0000][1382.634s][info][gc,cpu         ] GC(726) User=0.01s Sys=0.00s Real=0.01s
[2026-10-07T20:43:20.820+0000][1385.238s][info][gc,start       ] GC(727) Pause Young (Allocation Failure)
[2026-10-07T20:43:20.831+0000][1385.249s][info][gc,heap        ] GC(727) DefNew: 22689K(24320K)->1061K(24320K) Eden: 21632K(21632K)->0K(21632K) From: 1057K(2688K)->1061K(2688K)
[2026-10-07T20:43:20.831+0000][1385.249s][info][gc,heap        ] GC(727) Tenured: 48771K(53796K)->48810K(53796K)
[2026-10-07T20:43:20.831+0000][1385.249s][info][gc,metaspace   ] GC(727) Metaspace: 74668K(75456K)->74668K(75456K) NonClass: 65396K(65792K)->65396K(65792K) Class: 9272K(9664K)->9272K(9664K)
[2026-10-07T20:43:20.831+0000][1385.249s][info][gc             ] GC(727) Pause Young (Allocation Failure) 69M->48M(76M) 11.021ms
[2026-10-07T20:43:20.831+0000][1385.250s][info][gc,cpu         ] GC(727) User=0.01s Sys=0.00s Real=0.01s
[2026-10-07T20:43:23.493+0000][1387.912s][info][gc,start       ] GC(728) Pause Young (Allocation Failure)
[2026-10-07T20:43:23.501+0000][1387.920s][info][gc,heap        ] GC(728) DefNew: 22693K(24320K)->1037K(24320K) Eden: 21632K(21632K)->0K(21632K) From: 1061K(2688K)->1037K(2688K)
[2026-10-07T20:43:23.502+0000][1387.920s][info][gc,heap        ] GC(728) Tenured: 48810K(53796K)->48857K(53796K)
[2026-10-07T20:43:23.502+0000][1387.920s][info][gc,metaspace   ] GC(728) Metaspace: 74668K(75456K)->74668K(75456K) NonClass: 65396K(65792K)->65396K(65792K) Class: 9272K(9664K)->9272K(9664K)
[2026-10-07T20:43:23.502+0000][1387.921s][info][gc             ] GC(728) Pause Young (Allocation Failure) 69M->48M(76M) 8.459ms
[2026-10-07T20:43:23.502+0000][1387.921s][info][gc,cpu         ] GC(728) User=0.01s Sys=0.00s Real=0.01s
[2026-10-07T20:43:26.131+0000][1390.549s][info][gc,start       ] GC(729) Pause Young (Allocation Failure)
[2026-10-07T20:43:26.138+0000][1390.557s][info][gc,heap        ] GC(729) DefNew: 22669K(24320K)->977K(24320K) Eden: 21632K(21632K)->0K(21632K) From: 1037K(2688K)->977K(2688K)
[2026-10-07T20:43:26.138+0000][1390.557s][info][gc,heap        ] GC(729) Tenured: 48857K(53796K)->48910K(53796K)
[2026-10-07T20:43:26.138+0000][1390.557s][info][gc,metaspace   ] GC(729) Metaspace: 74668K(75456K)->74668K(75456K) NonClass: 65396K(65792K)->65396K(65792K) Class: 9272K(9664K)->9272K(9664K)
[2026-10-07T20:43:26.138+0000][1390.557s][info][gc             ] GC(729) Pause Young (Allocation Failure) 69M->48M(76M) 7.343ms
[2026-10-07T20:43:26.138+0000][1390.557s][info][gc,cpu         ] GC(729) User=0.01s Sys=0.00s Real=0.01s
[2026-10-07T20:43:28.856+0000][1393.275s][info][gc,start       ] GC(730) Pause Young (Allocation Failure)
[2026-10-07T20:43:28.870+0000][1393.289s][info][gc,heap        ] GC(730) DefNew: 22609K(24320K)->1018K(24320K) Eden: 21632K(21632K)->0K(21632K) From: 977K(2688K)->1018K(2688K)
[2026-10-07T20:43:28.870+0000][1393.289s][info][gc,heap        ] GC(730) Tenured: 48910K(53796K)->48951K(53796K)
[2026-10-07T20:43:28.870+0000][1393.289s][info][gc,metaspace   ] GC(730) Metaspace: 74668K(75456K)->74668K(75456K) NonClass: 65396K(65792K)->65396K(65792K) Class: 9272K(9664K)->9272K(9664K)
[2026-10-07T20:43:28.870+0000][1393.289s][info][gc             ] GC(730) Pause Young (Allocation Failure) 69M->48M(76M) 13.916ms
[2026-10-07T20:43:28.870+0000][1393.289s][info][gc,cpu         ] GC(730) User=0.01s Sys=0.00s Real=0.01s
[2026-10-07T20:43:31.498+0000][1395.917s][info][gc,start       ] GC(731) Pause Young (Allocation Failure)
[2026-10-07T20:43:31.507+0000][1395.926s][info][gc,heap        ] GC(731) DefNew: 22650K(24320K)->956K(24320K) Eden: 21632K(21632K)->0K(21632K) From: 1018K(2688K)->956K(2688K)
[2026-10-07T20:43:31.507+0000][1395.926s][info][gc,heap        ] GC(731) Tenured: 48951K(53796K)->48999K(53796K)
[2026-10-07T20:43:31.507+0000][1395.926s][info][gc,metaspace   ] GC(731) Metaspace: 74668K(75456K)->74668K(75456K) NonClass: 65396K(65792K)->65396K(65792K) Class: 9272K(9664K)->9272K(9664K)
[2026-10-07T20:43:31.507+0000][1395.926s][info][gc             ] GC(731) Pause Young (Allocation Failure) 69M->48M(76M) 9.106ms
[2026-10-07T20:43:31.508+0000][1395.927s][info][gc,cpu         ] GC(731) User=0.01s Sys=0.00s Real=0.01s
[2026-10-07T20:43:34.145+0000][1398.563s][info][gc,start       ] GC(732) Pause Young (Allocation Failure)
[2026-10-07T20:43:34.155+0000][1398.574s][info][gc,heap        ] GC(732) DefNew: 22588K(24320K)->980K(24320K) Eden: 21632K(21632K)->0K(21632K) From: 956K(2688K)->980K(2688K)
[2026-10-07T20:43:34.155+0000][1398.574s][info][gc,heap        ] GC(732) Tenured: 48999K(53796K)->49045K(53796K)
[2026-10-07T20:43:34.155+0000][1398.574s][info][gc,metaspace   ] GC(732) Metaspace: 74668K(75456K)->74668K(75456K) NonClass: 65396K(65792K)->65396K(65792K) Class: 9272K(9664K)->9272K(9664K)
[2026-10-07T20:43:34.155+0000][1398.574s][info][gc             ] GC(732) Pause Young (Allocation Failure) 69M->48M(76M) 10.509ms
[2026-10-07T20:43:34.155+0000][1398.574s][info][gc,cpu         ] GC(732) User=0.01s Sys=0.00s Real=0.01s
[2026-10-07T20:43:36.781+0000][1401.200s][info][gc,start       ] GC(733) Pause Young (Allocation Failure)
[2026-10-07T20:43:36.789+0000][1401.208s][info][gc,heap        ] GC(733) DefNew: 22612K(24320K)->912K(24320K) Eden: 21632K(21632K)->0K(21632K) From: 980K(2688K)->912K(2688K)
[2026-10-07T20:43:36.789+0000][1401.208s][info][gc,heap        ] GC(733) Tenured: 49045K(53796K)->49100K(53796K)
[2026-10-07T20:43:36.789+0000][1401.208s][info][gc,metaspace   ] GC(733) Metaspace: 74668K(75456K)->74668K(75456K) NonClass: 65396K(65792K)->65396K(65792K) Class: 9272K(9664K)->9272K(9664K)
[2026-10-07T20:43:36.789+0000][1401.208s][info][gc             ] GC(733) Pause Young (Allocation Failure) 69M->48M(76M) 8.392ms
[2026-10-07T20:43:36.789+0000][1401.208s][info][gc,cpu         ] GC(733) User=0.01s Sys=0.00s Real=0.01s
[2026-10-07T20:43:39.433+0000][1403.851s][info][gc,start       ] GC(734) Pause Young (Allocation Failure)
[2026-10-07T20:43:39.441+0000][1403.860s][info][gc,heap        ] GC(734) DefNew: 22544K(24320K)->1000K(24320K) Eden: 21632K(21632K)->0K(21632K) From: 912K(2688K)->1000K(2688K)
[2026-10-07T20:43:39.441+0000][1403.860s][info][gc,heap        ] GC(734) Tenured: 49100K(53796K)->49141K(53796K)
[2026-10-07T20:43:39.441+0000][1403.860s][info][gc,metaspace   ] GC(734) Metaspace: 74668K(75456K)->74668K(75456K) NonClass: 65396K(65792K)->65396K(65792K) Class: 9272K(9664K)->9272K(9664K)
[2026-10-07T20:43:39.441+0000][1403.860s][info][gc             ] GC(734) Pause Young (Allocation Failure) 69M->48M(76M) 8.337ms
[2026-10-07T20:43:39.441+0000][1403.860s][info][gc,cpu         ] GC(734) User=0.01s Sys=0.00s Real=0.01s
[2026-10-07T20:43:42.145+0000][1406.564s][info][gc,start       ] GC(735) Pause Young (Allocation Failure)
[2026-10-07T20:43:42.152+0000][1406.571s][info][gc,heap        ] GC(735) DefNew: 22632K(24320K)->991K(24320K) Eden: 21632K(21632K)->0K(21632K) From: 1000K(2688K)->991K(2688K)
[2026-10-07T20:43:42.152+0000][1406.571s][info][gc,heap        ] GC(735) Tenured: 49141K(53796K)->49179K(53796K)
[2026-10-07T20:43:42.152+0000][1406.571s][info][gc,metaspace   ] GC(735) Metaspace: 74668K(75456K)->74668K(75456K) NonClass: 65396K(65792K)->65396K(65792K) Class: 9272K(9664K)->9272K(9664K)
[2026-10-07T20:43:42.152+0000][1406.571s][info][gc             ] GC(735) Pause Young (Allocation Failure) 70M->48M(76M) 7.478ms
[2026-10-07T20:43:42.152+0000][1406.571s][info][gc,cpu         ] GC(735) User=0.00s Sys=0.00s Real=0.00s
[2026-10-07T20:43:44.814+0000][1409.233s][info][gc,start       ] GC(736) Pause Young (Allocation Failure)
[2026-10-07T20:43:44.822+0000][1409.241s][info][gc,heap        ] GC(736) DefNew: 22623K(24320K)->1015K(24320K) Eden: 21632K(21632K)->0K(21632K) From: 991K(2688K)->1015K(2688K)
[2026-10-07T20:43:44.822+0000][1409.241s][info][gc,heap        ] GC(736) Tenured: 49179K(53796K)->49237K(53796K)
[2026-10-07T20:43:44.822+0000][1409.241s][info][gc,metaspace   ] GC(736) Metaspace: 74668K(75456K)->74668K(75456K) NonClass: 65396K(65792K)->65396K(65792K) Class: 9272K(9664K)->9272K(9664K)
[2026-10-07T20:43:44.822+0000][1409.241s][info][gc             ] GC(736) Pause Young (Allocation Failure) 70M->49M(76M) 8.548ms
[2026-10-07T20:43:44.822+0000][1409.241s][info][gc,cpu         ] GC(736) User=0.01s Sys=0.01s Real=0.00s
[2026-10-07T20:43:47.498+0000][1411.917s][info][gc,start       ] GC(737) Pause Young (Allocation Failure)
[2026-10-07T20:43:47.506+0000][1411.924s][info][gc,heap        ] GC(737) DefNew: 22647K(24320K)->970K(24320K) Eden: 21632K(21632K)->0K(21632K) From: 1015K(2688K)->970K(2688K)
[2026-10-07T20:43:47.506+0000][1411.924s][info][gc,heap        ] GC(737) Tenured: 49237K(53796K)->49276K(53796K)
[2026-10-07T20:43:47.506+0000][1411.924s][info][gc,metaspace   ] GC(737) Metaspace: 74668K(75456K)->74668K(75456K) NonClass: 65396K(65792K)->65396K(65792K) Class: 9272K(9664K)->9272K(9664K)
[2026-10-07T20:43:47.506+0000][1411.924s][info][gc             ] GC(737) Pause Young (Allocation Failure) 70M->49M(76M) 7.406ms
[2026-10-07T20:43:47.506+0000][1411.924s][info][gc,cpu         ] GC(737) User=0.00s Sys=0.01s Real=0.01s
[2026-10-07T20:43:50.104+0000][1414.523s][info][gc,start       ] GC(738) Pause Young (Allocation Failure)
[2026-10-07T20:43:50.112+0000][1414.531s][info][gc,heap        ] GC(738) DefNew: 22602K(24320K)->981K(24320K) Eden: 21632K(21632K)->0K(21632K) From: 970K(2688K)->981K(2688K)
[2026-10-07T20:43:50.112+0000][1414.531s][info][gc,heap        ] GC(738) Tenured: 49276K(53796K)->49314K(53796K)
[2026-10-07T20:43:50.112+0000][1414.531s][info][gc,metaspace   ] GC(738) Metaspace: 74668K(75456K)->74668K(75456K) NonClass: 65396K(65792K)->65396K(65792K) Class: 9272K(9664K)->9272K(9664K)
[2026-10-07T20:43:50.112+0000][1414.531s][info][gc             ] GC(738) Pause Young (Allocation Failure) 70M->49M(76M) 7.680ms
[2026-10-07T20:43:50.112+0000][1414.531s][info][gc,cpu         ] GC(738) User=0.01s Sys=0.01s Real=0.00s
[2026-10-07T20:43:52.780+0000][1417.198s][info][gc,start       ] GC(739) Pause Young (Allocation Failure)
[2026-10-07T20:43:52.788+0000][1417.207s][info][gc,heap        ] GC(739) DefNew: 22613K(24320K)->957K(24320K) Eden: 21632K(21632K)->0K(21632K) From: 981K(2688K)->957K(2688K)
[2026-10-07T20:43:52.788+0000][1417.207s][info][gc,heap        ] GC(739) Tenured: 49314K(53796K)->49358K(53796K)
[2026-10-07T20:43:52.788+0000][1417.207s][info][gc,metaspace   ] GC(739) Metaspace: 74668K(75456K)->74668K(75456K) NonClass: 65396K(65792K)->65396K(65792K) Class: 9272K(9664K)->9272K(9664K)
[2026-10-07T20:43:52.788+0000][1417.207s][info][gc             ] GC(739) Pause Young (Allocation Failure) 70M->49M(76M) 8.464ms
[2026-10-07T20:43:52.788+0000][1417.207s][info][gc,cpu         ] GC(739) User=0.01s Sys=0.00s Real=0.01s
[2026-10-07T20:43:55.429+0000][1419.848s][info][gc,start       ] GC(740) Pause Young (Allocation Failure)
[2026-10-07T20:43:55.436+0000][1419.855s][info][gc,heap        ] GC(740) DefNew: 22589K(24320K)->977K(24320K) Eden: 21632K(21632K)->0K(21632K) From: 957K(2688K)->977K(2688K)
[2026-10-07T20:43:55.436+0000][1419.855s][info][gc,heap        ] GC(740) Tenured: 49358K(53796K)->49398K(53796K)
[2026-10-07T20:43:55.436+0000][1419.855s][info][gc,metaspace   ] GC(740) Metaspace: 74668K(75456K)->74668K(75456K) NonClass: 65396K(65792K)->65396K(65792K) Class: 9272K(9664K)->9272K(9664K)
[2026-10-07T20:43:55.436+0000][1419.855s][info][gc             ] GC(740) Pause Young (Allocation Failure) 70M->49M(76M) 7.343ms
[2026-10-07T20:43:55.436+0000][1419.855s][info][gc,cpu         ] GC(740) User=0.01s Sys=0.00s Real=0.01s
[2026-10-07T20:43:58.145+0000][1422.564s][info][gc,start       ] GC(741) Pause Young (Allocation Failure)
[2026-10-07T20:43:58.154+0000][1422.573s][info][gc,heap        ] GC(741) DefNew: 22609K(24320K)->967K(24320K) Eden: 21632K(21632K)->0K(21632K) From: 977K(2688K)->967K(2688K)
[2026-10-07T20:43:58.154+0000][1422.573s][info][gc,heap        ] GC(741) Tenured: 49398K(53796K)->49444K(53796K)
[2026-10-07T20:43:58.154+0000][1422.573s][info][gc,metaspace   ] GC(741) Metaspace: 74668K(75456K)->74668K(75456K) NonClass: 65396K(65792K)->65396K(65792K) Class: 9272K(9664K)->9272K(9664K)
[2026-10-07T20:43:58.154+0000][1422.573s][info][gc             ] GC(741) Pause Young (Allocation Failure) 70M->49M(76M) 9.162ms
[2026-10-07T20:43:58.154+0000][1422.573s][info][gc,cpu         ] GC(741) User=0.00s Sys=0.00s Real=0.01s
[2026-10-07T20:44:00.812+0000][1425.231s][info][gc,start       ] GC(742) Pause Young (Allocation Failure)
[2026-10-07T20:44:00.820+0000][1425.238s][info][gc,heap        ] GC(742) DefNew: 22599K(24320K)->1021K(24320K) Eden: 21632K(21632K)->0K(21632K) From: 967K(2688K)->1021K(2688K)
[2026-10-07T20:44:00.820+0000][1425.238s][info][gc,heap        ] GC(742) Tenured: 49444K(53796K)->49482K(53796K)
[2026-10-07T20:44:00.820+0000][1425.238s][info][gc,metaspace   ] GC(742) Metaspace: 74668K(75456K)->74668K(75456K) NonClass: 65396K(65792K)->65396K(65792K) Class: 9272K(9664K)->9272K(9664K)
[2026-10-07T20:44:00.820+0000][1425.239s][info][gc             ] GC(742) Pause Young (Allocation Failure) 70M->49M(76M) 7.949ms
[2026-10-07T20:44:00.820+0000][1425.239s][info][gc,cpu         ] GC(742) User=0.00s Sys=0.00s Real=0.01s
[2026-10-07T20:44:03.575+0000][1427.994s][info][gc,start       ] GC(743) Pause Young (Allocation Failure)
[2026-10-07T20:44:03.584+0000][1428.003s][info][gc,heap        ] GC(743) DefNew: 22653K(24320K)->985K(24320K) Eden: 21632K(21632K)->0K(21632K) From: 1021K(2688K)->985K(2688K)
[2026-10-07T20:44:03.584+0000][1428.003s][info][gc,heap        ] GC(743) Tenured: 49482K(53796K)->49520K(53796K)
[2026-10-07T20:44:03.584+0000][1428.003s][info][gc,metaspace   ] GC(743) Metaspace: 74668K(75456K)->74668K(75456K) NonClass: 65396K(65792K)->65396K(65792K) Class: 9272K(9664K)->9272K(9664K)
[2026-10-07T20:44:03.584+0000][1428.003s][info][gc             ] GC(743) Pause Young (Allocation Failure) 70M->49M(76M) 8.709ms
[2026-10-07T20:44:03.584+0000][1428.003s][info][gc,cpu         ] GC(743) User=0.01s Sys=0.00s Real=0.01s
[2026-10-07T20:44:06.071+0000][1430.490s][info][gc,start       ] GC(744) Pause Young (Allocation Failure)
[2026-10-07T20:44:06.083+0000][1430.502s][info][gc,heap        ] GC(744) DefNew: 22617K(24320K)->947K(24320K) Eden: 21632K(21632K)->0K(21632K) From: 985K(2688K)->947K(2688K)
[2026-10-07T20:44:06.083+0000][1430.502s][info][gc,heap        ] GC(744) Tenured: 49520K(53796K)->49568K(53796K)
[2026-10-07T20:44:06.083+0000][1430.502s][info][gc,metaspace   ] GC(744) Metaspace: 74669K(75456K)->74669K(75456K) NonClass: 65397K(65792K)->65397K(65792K) Class: 9272K(9664K)->9272K(9664K)
[2026-10-07T20:44:06.083+0000][1430.502s][info][gc             ] GC(744) Pause Young (Allocation Failure) 70M->49M(76M) 11.842ms
[2026-10-07T20:44:06.083+0000][1430.502s][info][gc,cpu         ] GC(744) User=0.01s Sys=0.00s Real=0.01s
[2026-10-07T20:44:08.780+0000][1433.199s][info][gc,start       ] GC(745) Pause Young (Allocation Failure)
[2026-10-07T20:44:08.795+0000][1433.214s][info][gc,heap        ] GC(745) DefNew: 22579K(24320K)->974K(24320K) Eden: 21632K(21632K)->0K(21632K) From: 947K(2688K)->974K(2688K)
[2026-10-07T20:44:08.795+0000][1433.214s][info][gc,heap        ] GC(745) Tenured: 49568K(53796K)->49609K(53796K)
[2026-10-07T20:44:08.795+0000][1433.214s][info][gc,metaspace   ] GC(745) Metaspace: 74669K(75456K)->74669K(75456K) NonClass: 65397K(65792K)->65397K(65792K) Class: 9272K(9664K)->9272K(9664K)
[2026-10-07T20:44:08.796+0000][1433.215s][info][gc             ] GC(745) Pause Young (Allocation Failure) 70M->49M(76M) 14.997ms
[2026-10-07T20:44:08.796+0000][1433.215s][info][gc,cpu         ] GC(745) User=0.01s Sys=0.00s Real=0.02s
[2026-10-07T20:44:11.419+0000][1435.838s][info][gc,start       ] GC(746) Pause Young (Allocation Failure)
[2026-10-07T20:44:11.427+0000][1435.846s][info][gc,heap        ] GC(746) DefNew: 22606K(24320K)->942K(24320K) Eden: 21632K(21632K)->0K(21632K) From: 974K(2688K)->942K(2688K)
[2026-10-07T20:44:11.427+0000][1435.846s][info][gc,heap        ] GC(746) Tenured: 49609K(53796K)->49649K(53796K)
[2026-10-07T20:44:11.427+0000][1435.846s][info][gc,metaspace   ] GC(746) Metaspace: 74669K(75456K)->74669K(75456K) NonClass: 65397K(65792K)->65397K(65792K) Class: 9272K(9664K)->9272K(9664K)
[2026-10-07T20:44:11.427+0000][1435.846s][info][gc             ] GC(746) Pause Young (Allocation Failure) 70M->49M(76M) 8.040ms
[2026-10-07T20:44:11.427+0000][1435.846s][info][gc,cpu         ] GC(746) User=0.01s Sys=0.00s Real=0.01s
[2026-10-07T20:44:14.128+0000][1438.547s][info][gc,start       ] GC(747) Pause Young (Allocation Failure)
[2026-10-07T20:44:14.136+0000][1438.555s][info][gc,heap        ] GC(747) DefNew: 22574K(24320K)->1007K(24320K) Eden: 21632K(21632K)->0K(21632K) From: 942K(2688K)->1007K(2688K)
[2026-10-07T20:44:14.136+0000][1438.555s][info][gc,heap        ] GC(747) Tenured: 49649K(53796K)->49685K(53796K)
[2026-10-07T20:44:14.136+0000][1438.555s][info][gc,metaspace   ] GC(747) Metaspace: 74669K(75456K)->74669K(75456K) NonClass: 65397K(65792K)->65397K(65792K) Class: 9272K(9664K)->9272K(9664K)
[2026-10-07T20:44:14.136+0000][1438.555s][info][gc             ] GC(747) Pause Young (Allocation Failure) 70M->49M(76M) 7.770ms
[2026-10-07T20:44:14.136+0000][1438.555s][info][gc,cpu         ] GC(747) User=0.00s Sys=0.00s Real=0.01s
[2026-10-07T20:44:16.807+0000][1441.226s][info][gc,start       ] GC(748) Pause Young (Allocation Failure)
[2026-10-07T20:44:16.815+0000][1441.234s][info][gc,heap        ] GC(748) DefNew: 22639K(24320K)->927K(24320K) Eden: 21632K(21632K)->0K(21632K) From: 1007K(2688K)->927K(2688K)
[2026-10-07T20:44:16.815+0000][1441.234s][info][gc,heap        ] GC(748) Tenured: 49685K(53796K)->49729K(53796K)
[2026-10-07T20:44:16.815+0000][1441.234s][info][gc,metaspace   ] GC(748) Metaspace: 74669K(75456K)->74669K(75456K) NonClass: 65397K(65792K)->65397K(65792K) Class: 9272K(9664K)->9272K(9664K)
[2026-10-07T20:44:16.815+0000][1441.234s][info][gc             ] GC(748) Pause Young (Allocation Failure) 70M->49M(76M) 8.559ms
[2026-10-07T20:44:16.815+0000][1441.234s][info][gc,cpu         ] GC(748) User=0.00s Sys=0.00s Real=0.01s
[2026-10-07T20:44:19.428+0000][1443.847s][info][gc,start       ] GC(749) Pause Young (Allocation Failure)
[2026-10-07T20:44:19.437+0000][1443.856s][info][gc,heap        ] GC(749) DefNew: 22555K(24320K)->976K(24320K) Eden: 21627K(21632K)->0K(21632K) From: 927K(2688K)->976K(2688K)
[2026-10-07T20:44:19.437+0000][1443.856s][info][gc,heap        ] GC(749) Tenured: 49729K(53796K)->49777K(53796K)
[2026-10-07T20:44:19.437+0000][1443.856s][info][gc,metaspace   ] GC(749) Metaspace: 74673K(75456K)->74673K(75456K) NonClass: 65400K(65792K)->65400K(65792K) Class: 9272K(9664K)->9272K(9664K)
[2026-10-07T20:44:19.437+0000][1443.856s][info][gc             ] GC(749) Pause Young (Allocation Failure) 70M->49M(76M) 9.188ms
[2026-10-07T20:44:19.438+0000][1443.857s][info][gc,cpu         ] GC(749) User=0.01s Sys=0.00s Real=0.01s
[2026-10-07T20:44:22.092+0000][1446.511s][info][gc,start       ] GC(750) Pause Young (Allocation Failure)
[2026-10-07T20:44:22.104+0000][1446.523s][info][gc,heap        ] GC(750) DefNew: 22608K(24320K)->929K(24320K) Eden: 21632K(21632K)->0K(21632K) From: 976K(2688K)->929K(2688K)
[2026-10-07T20:44:22.107+0000][1446.525s][info][gc,heap        ] GC(750) Tenured: 49777K(53796K)->49815K(53796K)
[2026-10-07T20:44:22.107+0000][1446.526s][info][gc,metaspace   ] GC(750) Metaspace: 74676K(75456K)->74676K(75456K) NonClass: 65403K(65792K)->65403K(65792K) Class: 9272K(9664K)->9272K(9664K)
[2026-10-07T20:44:22.107+0000][1446.526s][info][gc             ] GC(750) Pause Young (Allocation Failure) 70M->49M(76M) 14.493ms
[2026-10-07T20:44:22.107+0000][1446.526s][info][gc,cpu         ] GC(750) User=0.01s Sys=0.00s Real=0.02s
[2026-10-07T20:44:24.750+0000][1449.169s][info][gc,start       ] GC(751) Pause Young (Allocation Failure)
[2026-10-07T20:44:24.759+0000][1449.177s][info][gc,heap        ] GC(751) DefNew: 22561K(24320K)->957K(24320K) Eden: 21632K(21632K)->0K(21632K) From: 929K(2688K)->957K(2688K)
[2026-10-07T20:44:24.759+0000][1449.178s][info][gc,heap        ] GC(751) Tenured: 49815K(53796K)->49858K(53796K)
[2026-10-07T20:44:24.759+0000][1449.178s][info][gc,metaspace   ] GC(751) Metaspace: 74678K(75456K)->74678K(75456K) NonClass: 65405K(65792K)->65405K(65792K) Class: 9272K(9664K)->9272K(9664K)
[2026-10-07T20:44:24.759+0000][1449.178s][info][gc             ] GC(751) Pause Young (Allocation Failure) 70M->49M(76M) 8.919ms
[2026-10-07T20:44:24.759+0000][1449.178s][info][gc,cpu         ] GC(751) User=0.01s Sys=0.00s Real=0.01s
[2026-10-07T20:44:27.429+0000][1451.848s][info][gc,start       ] GC(752) Pause Young (Allocation Failure)
[2026-10-07T20:44:27.438+0000][1451.857s][info][gc,heap        ] GC(752) DefNew: 22589K(24320K)->923K(24320K) Eden: 21632K(21632K)->0K(21632K) From: 957K(2688K)->923K(2688K)
[2026-10-07T20:44:27.439+0000][1451.857s][info][gc,heap        ] GC(752) Tenured: 49858K(53796K)->49903K(53796K)
[2026-10-07T20:44:27.439+0000][1451.858s][info][gc,metaspace   ] GC(752) Metaspace: 74678K(75456K)->74678K(75456K) NonClass: 65405K(65792K)->65405K(65792K) Class: 9272K(9664K)->9272K(9664K)
[2026-10-07T20:44:27.439+0000][1451.858s][info][gc             ] GC(752) Pause Young (Allocation Failure) 70M->49M(76M) 10.073ms
[2026-10-07T20:44:27.440+0000][1451.858s][info][gc,cpu         ] GC(752) User=0.01s Sys=0.00s Real=0.01s
[2026-10-07T20:44:30.107+0000][1454.526s][info][gc,start       ] GC(753) Pause Young (Allocation Failure)
[2026-10-07T20:44:30.115+0000][1454.534s][info][gc,heap        ] GC(753) DefNew: 22555K(24320K)->979K(24320K) Eden: 21632K(21632K)->0K(21632K) From: 923K(2688K)->979K(2688K)
[2026-10-07T20:44:30.115+0000][1454.534s][info][gc,heap        ] GC(753) Tenured: 49903K(53796K)->49937K(53796K)
[2026-10-07T20:44:30.115+0000][1454.534s][info][gc,metaspace   ] GC(753) Metaspace: 74679K(75456K)->74679K(75456K) NonClass: 65406K(65792K)->65406K(65792K) Class: 9272K(9664K)->9272K(9664K)
[2026-10-07T20:44:30.115+0000][1454.534s][info][gc             ] GC(753) Pause Young (Allocation Failure) 70M->49M(76M) 8.401ms
[2026-10-07T20:44:30.115+0000][1454.534s][info][gc,cpu         ] GC(753) User=0.01s Sys=0.00s Real=0.01s
[2026-10-07T20:44:32.802+0000][1457.221s][info][gc,start       ] GC(754) Pause Young (Allocation Failure)
[2026-10-07T20:44:32.809+0000][1457.228s][info][gc,heap        ] GC(754) DefNew: 22611K(24320K)->953K(24320K) Eden: 21632K(21632K)->0K(21632K) From: 979K(2688K)->953K(2688K)
[2026-10-07T20:44:32.809+0000][1457.228s][info][gc,heap        ] GC(754) Tenured: 49937K(53796K)->49981K(53796K)
[2026-10-07T20:44:32.809+0000][1457.228s][info][gc,metaspace   ] GC(754) Metaspace: 74680K(75456K)->74680K(75456K) NonClass: 65407K(65792K)->65407K(65792K) Class: 9272K(9664K)->9272K(9664K)
[2026-10-07T20:44:32.809+0000][1457.228s][info][gc             ] GC(754) Pause Young (Allocation Failure) 70M->49M(76M) 7.228ms
[2026-10-07T20:44:32.809+0000][1457.228s][info][gc,cpu         ] GC(754) User=0.01s Sys=0.00s Real=0.01s
[2026-10-07T20:44:35.413+0000][1459.832s][info][gc,start       ] GC(755) Pause Young (Allocation Failure)
[2026-10-07T20:44:35.425+0000][1459.844s][info][gc,heap        ] GC(755) DefNew: 22585K(24320K)->983K(24320K) Eden: 21632K(21632K)->0K(21632K) From: 953K(2688K)->983K(2688K)
[2026-10-07T20:44:35.425+0000][1459.844s][info][gc,heap        ] GC(755) Tenured: 49981K(53796K)->50019K(53796K)
[2026-10-07T20:44:35.425+0000][1459.844s][info][gc,metaspace   ] GC(755) Metaspace: 74680K(75456K)->74680K(75456K) NonClass: 65407K(65792K)->65407K(65792K) Class: 9272K(9664K)->9272K(9664K)
[2026-10-07T20:44:35.426+0000][1459.844s][info][gc             ] GC(755) Pause Young (Allocation Failure) 70M->49M(76M) 12.356ms
[2026-10-07T20:44:35.426+0000][1459.844s][info][gc,cpu         ] GC(755) User=0.01s Sys=0.00s Real=0.02s
[2026-10-07T20:44:38.071+0000][1462.490s][info][gc,start       ] GC(756) Pause Young (Allocation Failure)
[2026-10-07T20:44:38.081+0000][1462.500s][info][gc,heap        ] GC(756) DefNew: 22615K(24320K)->949K(24320K) Eden: 21632K(21632K)->0K(21632K) From: 983K(2688K)->949K(2688K)
[2026-10-07T20:44:38.081+0000][1462.500s][info][gc,heap        ] GC(756) Tenured: 50019K(53796K)->50058K(53796K)
[2026-10-07T20:44:38.081+0000][1462.500s][info][gc,metaspace   ] GC(756) Metaspace: 74693K(75456K)->74693K(75456K) NonClass: 65420K(65792K)->65420K(65792K) Class: 9272K(9664K)->9272K(9664K)
[2026-10-07T20:44:38.083+0000][1462.501s][info][gc             ] GC(756) Pause Young (Allocation Failure) 70M->49M(76M) 11.658ms
[2026-10-07T20:44:38.083+0000][1462.501s][info][gc,cpu         ] GC(756) User=0.01s Sys=0.00s Real=0.01s
[2026-10-07T20:44:40.751+0000][1465.170s][info][gc,start       ] GC(757) Pause Young (Allocation Failure)
[2026-10-07T20:44:40.759+0000][1465.178s][info][gc,heap        ] GC(757) DefNew: 22581K(24320K)->973K(24320K) Eden: 21632K(21632K)->0K(21632K) From: 949K(2688K)->973K(2688K)
[2026-10-07T20:44:40.759+0000][1465.178s][info][gc,heap        ] GC(757) Tenured: 50058K(53796K)->50096K(53796K)
[2026-10-07T20:44:40.759+0000][1465.178s][info][gc,metaspace   ] GC(757) Metaspace: 74693K(75456K)->74693K(75456K) NonClass: 65420K(65792K)->65420K(65792K) Class: 9272K(9664K)->9272K(9664K)
[2026-10-07T20:44:40.760+0000][1465.179s][info][gc             ] GC(757) Pause Young (Allocation Failure) 70M->49M(76M) 8.625ms
[2026-10-07T20:44:40.760+0000][1465.179s][info][gc,cpu         ] GC(757) User=0.00s Sys=0.00s Real=0.01s
[2026-10-07T20:44:43.423+0000][1467.842s][info][gc,start       ] GC(758) Pause Young (Allocation Failure)
[2026-10-07T20:44:43.434+0000][1467.853s][info][gc,heap        ] GC(758) DefNew: 22605K(24320K)->944K(24320K) Eden: 21632K(21632K)->0K(21632K) From: 973K(2688K)->944K(2688K)
[2026-10-07T20:44:43.434+0000][1467.853s][info][gc,heap        ] GC(758) Tenured: 50096K(53796K)->50147K(53796K)
[2026-10-07T20:44:43.434+0000][1467.853s][info][gc,metaspace   ] GC(758) Metaspace: 74693K(75456K)->74693K(75456K) NonClass: 65420K(65792K)->65420K(65792K) Class: 9272K(9664K)->9272K(9664K)
[2026-10-07T20:44:43.434+0000][1467.853s][info][gc             ] GC(758) Pause Young (Allocation Failure) 70M->49M(76M) 11.340ms
[2026-10-07T20:44:43.434+0000][1467.853s][info][gc,cpu         ] GC(758) User=0.00s Sys=0.00s Real=0.02s
[2026-10-07T20:44:46.079+0000][1470.498s][info][gc,start       ] GC(759) Pause Young (Allocation Failure)
[2026-10-07T20:44:46.087+0000][1470.506s][info][gc,heap        ] GC(759) DefNew: 22576K(24320K)->893K(24320K) Eden: 21632K(21632K)->0K(21632K) From: 944K(2688K)->893K(2688K)
[2026-10-07T20:44:46.087+0000][1470.506s][info][gc,heap        ] GC(759) Tenured: 50147K(53796K)->50195K(53796K)
[2026-10-07T20:44:46.088+0000][1470.506s][info][gc,metaspace   ] GC(759) Metaspace: 74695K(75456K)->74695K(75456K) NonClass: 65422K(65792K)->65422K(65792K) Class: 9272K(9664K)->9272K(9664K)
[2026-10-07T20:44:46.088+0000][1470.507s][info][gc             ] GC(759) Pause Young (Allocation Failure) 71M->49M(76M) 8.412ms
[2026-10-07T20:44:46.088+0000][1470.507s][info][gc,cpu         ] GC(759) User=0.01s Sys=0.01s Real=0.01s
[2026-10-07T20:44:48.816+0000][1473.235s][info][gc,start       ] GC(760) Pause Young (Allocation Failure)
[2026-10-07T20:44:48.831+0000][1473.250s][info][gc,heap        ] GC(760) DefNew: 22525K(24320K)->942K(24320K) Eden: 21632K(21632K)->0K(21632K) From: 893K(2688K)->942K(2688K)
[2026-10-07T20:44:48.831+0000][1473.250s][info][gc,heap        ] GC(760) Tenured: 50195K(53796K)->50233K(53796K)
[2026-10-07T20:44:48.831+0000][1473.250s][info][gc,metaspace   ] GC(760) Metaspace: 74695K(75456K)->74695K(75456K) NonClass: 65422K(65792K)->65422K(65792K) Class: 9272K(9664K)->9272K(9664K)
[2026-10-07T20:44:48.831+0000][1473.250s][info][gc             ] GC(760) Pause Young (Allocation Failure) 71M->49M(76M) 14.496ms
[2026-10-07T20:44:48.831+0000][1473.250s][info][gc,cpu         ] GC(760) User=0.01s Sys=0.00s Real=0.01s
[2026-10-07T20:44:51.396+0000][1475.815s][info][gc,start       ] GC(761) Pause Young (Allocation Failure)
[2026-10-07T20:44:51.405+0000][1475.824s][info][gc,heap        ] GC(761) DefNew: 22574K(24320K)->935K(24320K) Eden: 21632K(21632K)->0K(21632K) From: 942K(2688K)->935K(2688K)
[2026-10-07T20:44:51.405+0000][1475.824s][info][gc,heap        ] GC(761) Tenured: 50233K(53796K)->50270K(53796K)
[2026-10-07T20:44:51.405+0000][1475.824s][info][gc,metaspace   ] GC(761) Metaspace: 74695K(75456K)->74695K(75456K) NonClass: 65422K(65792K)->65422K(65792K) Class: 9272K(9664K)->9272K(9664K)
[2026-10-07T20:44:51.405+0000][1475.824s][info][gc             ] GC(761) Pause Young (Allocation Failure) 71M->50M(76M) 8.540ms
[2026-10-07T20:44:51.405+0000][1475.824s][info][gc,cpu         ] GC(761) User=0.00s Sys=0.00s Real=0.01s
[2026-10-07T20:44:54.041+0000][1478.460s][info][gc,start       ] GC(762) Pause Young (Allocation Failure)
[2026-10-07T20:44:54.049+0000][1478.468s][info][gc,heap        ] GC(762) DefNew: 22567K(24320K)->958K(24320K) Eden: 21632K(21632K)->0K(21632K) From: 935K(2688K)->958K(2688K)
[2026-10-07T20:44:54.049+0000][1478.468s][info][gc,heap        ] GC(762) Tenured: 50270K(53796K)->50309K(53796K)
[2026-10-07T20:44:54.049+0000][1478.468s][info][gc,metaspace   ] GC(762) Metaspace: 74695K(75456K)->74695K(75456K) NonClass: 65422K(65792K)->65422K(65792K) Class: 9272K(9664K)->9272K(9664K)
[2026-10-07T20:44:54.049+0000][1478.468s][info][gc             ] GC(762) Pause Young (Allocation Failure) 71M->50M(76M) 7.969ms
[2026-10-07T20:44:54.049+0000][1478.468s][info][gc,cpu         ] GC(762) User=0.00s Sys=0.00s Real=0.01s
[2026-10-07T20:44:56.718+0000][1481.137s][info][gc,start       ] GC(763) Pause Young (Allocation Failure)
[2026-10-07T20:44:56.727+0000][1481.145s][info][gc,heap        ] GC(763) DefNew: 22590K(24320K)->945K(24320K) Eden: 21632K(21632K)->0K(21632K) From: 958K(2688K)->945K(2688K)
[2026-10-07T20:44:56.727+0000][1481.145s][info][gc,heap        ] GC(763) Tenured: 50309K(53796K)->50346K(53796K)
[2026-10-07T20:44:56.727+0000][1481.145s][info][gc,metaspace   ] GC(763) Metaspace: 74695K(75456K)->74695K(75456K) NonClass: 65422K(65792K)->65422K(65792K) Class: 9272K(9664K)->9272K(9664K)
[2026-10-07T20:44:56.727+0000][1481.145s][info][gc             ] GC(763) Pause Young (Allocation Failure) 71M->50M(76M) 8.969ms
[2026-10-07T20:44:56.727+0000][1481.146s][info][gc,cpu         ] GC(763) User=0.01s Sys=0.00s Real=0.01s
[2026-10-07T20:44:59.362+0000][1483.781s][info][gc,start       ] GC(764) Pause Young (Allocation Failure)
[2026-10-07T20:44:59.372+0000][1483.791s][info][gc,heap        ] GC(764) DefNew: 22577K(24320K)->1017K(24320K) Eden: 21632K(21632K)->0K(21632K) From: 945K(2688K)->1017K(2688K)
[2026-10-07T20:44:59.372+0000][1483.791s][info][gc,heap        ] GC(764) Tenured: 50346K(53796K)->50381K(53796K)
[2026-10-07T20:44:59.372+0000][1483.791s][info][gc,metaspace   ] GC(764) Metaspace: 74695K(75456K)->74695K(75456K) NonClass: 65422K(65792K)->65422K(65792K) Class: 9272K(9664K)->9272K(9664K)
[2026-10-07T20:44:59.372+0000][1483.791s][info][gc             ] GC(764) Pause Young (Allocation Failure) 71M->50M(76M) 10.427ms
[2026-10-07T20:44:59.372+0000][1483.791s][info][gc,cpu         ] GC(764) User=0.01s Sys=0.00s Real=0.01s
[2026-10-07T20:45:02.064+0000][1486.482s][info][gc,start       ] GC(765) Pause Young (Allocation Failure)
[2026-10-07T20:45:02.081+0000][1486.500s][info][gc,heap        ] GC(765) DefNew: 22649K(24320K)->1023K(24320K) Eden: 21632K(21632K)->0K(21632K) From: 1017K(2688K)->1023K(2688K)
[2026-10-07T20:45:02.083+0000][1486.501s][info][gc,heap        ] GC(765) Tenured: 50381K(53796K)->50421K(53796K)
[2026-10-07T20:45:02.083+0000][1486.501s][info][gc,metaspace   ] GC(765) Metaspace: 74695K(75456K)->74695K(75456K) NonClass: 65422K(65792K)->65422K(65792K) Class: 9272K(9664K)->9272K(9664K)
[2026-10-07T20:45:02.083+0000][1486.501s][info][gc             ] GC(765) Pause Young (Allocation Failure) 71M->50M(76M) 18.994ms
[2026-10-07T20:45:02.083+0000][1486.501s][info][gc,cpu         ] GC(765) User=0.01s Sys=0.00s Real=0.01s
[2026-10-07T20:45:04.638+0000][1489.057s][info][gc,start       ] GC(766) Pause Young (Allocation Failure)
[2026-10-07T20:45:04.649+0000][1489.068s][info][gc,heap        ] GC(766) DefNew: 22655K(24320K)->1030K(24320K) Eden: 21632K(21632K)->0K(21632K) From: 1023K(2688K)->1030K(2688K)
[2026-10-07T20:45:04.649+0000][1489.068s][info][gc,heap        ] GC(766) Tenured: 50421K(53796K)->50462K(53796K)
[2026-10-07T20:45:04.650+0000][1489.069s][info][gc,metaspace   ] GC(766) Metaspace: 74696K(75456K)->74696K(75456K) NonClass: 65423K(65792K)->65423K(65792K) Class: 9272K(9664K)->9272K(9664K)
[2026-10-07T20:45:04.650+0000][1489.069s][info][gc             ] GC(766) Pause Young (Allocation Failure) 71M->50M(76M) 12.288ms
[2026-10-07T20:45:04.650+0000][1489.069s][info][gc,cpu         ] GC(766) User=0.01s Sys=0.00s Real=0.01s
[2026-10-07T20:45:07.348+0000][1491.767s][info][gc,start       ] GC(767) Pause Young (Allocation Failure)
[2026-10-07T20:45:07.356+0000][1491.775s][info][gc,heap        ] GC(767) DefNew: 22662K(24320K)->1009K(24320K) Eden: 21632K(21632K)->0K(21632K) From: 1030K(2688K)->1009K(2688K)
[2026-10-07T20:45:07.356+0000][1491.775s][info][gc,heap        ] GC(767) Tenured: 50462K(53796K)->50502K(53796K)
[2026-10-07T20:45:07.356+0000][1491.775s][info][gc,metaspace   ] GC(767) Metaspace: 74696K(75456K)->74696K(75456K) NonClass: 65423K(65792K)->65423K(65792K) Class: 9272K(9664K)->9272K(9664K)
[2026-10-07T20:45:07.357+0000][1491.776s][info][gc             ] GC(767) Pause Young (Allocation Failure) 71M->50M(76M) 8.491ms
[2026-10-07T20:45:07.357+0000][1491.776s][info][gc,cpu         ] GC(767) User=0.01s Sys=0.00s Real=0.01s
[2026-10-07T20:45:09.995+0000][1494.414s][info][gc,start       ] GC(768) Pause Young (Allocation Failure)
[2026-10-07T20:45:10.004+0000][1494.422s][info][gc,heap        ] GC(768) DefNew: 22641K(24320K)->1094K(24320K) Eden: 21632K(21632K)->0K(21632K) From: 1009K(2688K)->1094K(2688K)
[2026-10-07T20:45:10.004+0000][1494.422s][info][gc,heap        ] GC(768) Tenured: 50502K(53796K)->50543K(53796K)
[2026-10-07T20:45:10.004+0000][1494.422s][info][gc,metaspace   ] GC(768) Metaspace: 74696K(75456K)->74696K(75456K) NonClass: 65423K(65792K)->65423K(65792K) Class: 9272K(9664K)->9272K(9664K)
[2026-10-07T20:45:10.004+0000][1494.423s][info][gc             ] GC(768) Pause Young (Allocation Failure) 71M->50M(76M) 8.574ms
[2026-10-07T20:45:10.004+0000][1494.423s][info][gc,cpu         ] GC(768) User=0.01s Sys=0.01s Real=0.01s
[2026-10-07T20:45:12.707+0000][1497.126s][info][gc,start       ] GC(769) Pause Young (Allocation Failure)
[2026-10-07T20:45:12.716+0000][1497.135s][info][gc,heap        ] GC(769) DefNew: 22726K(24320K)->1036K(24320K) Eden: 21632K(21632K)->0K(21632K) From: 1094K(2688K)->1036K(2688K)
[2026-10-07T20:45:12.716+0000][1497.135s][info][gc,heap        ] GC(769) Tenured: 50543K(53796K)->50584K(53796K)
[2026-10-07T20:45:12.716+0000][1497.135s][info][gc,metaspace   ] GC(769) Metaspace: 74696K(75456K)->74696K(75456K) NonClass: 65423K(65792K)->65423K(65792K) Class: 9272K(9664K)->9272K(9664K)
[2026-10-07T20:45:12.717+0000][1497.135s][info][gc             ] GC(769) Pause Young (Allocation Failure) 71M->50M(76M) 9.477ms
[2026-10-07T20:45:12.717+0000][1497.135s][info][gc,cpu         ] GC(769) User=0.01s Sys=0.00s Real=0.01s
[2026-10-07T20:45:15.346+0000][1499.764s][info][gc,start       ] GC(770) Pause Young (Allocation Failure)
[2026-10-07T20:45:15.354+0000][1499.772s][info][gc,heap        ] GC(770) DefNew: 22667K(24320K)->1079K(24320K) Eden: 21630K(21632K)->0K(21632K) From: 1036K(2688K)->1079K(2688K)
[2026-10-07T20:45:15.354+0000][1499.773s][info][gc,heap        ] GC(770) Tenured: 50584K(53796K)->50627K(53796K)
[2026-10-07T20:45:15.354+0000][1499.773s][info][gc,metaspace   ] GC(770) Metaspace: 74696K(75456K)->74696K(75456K) NonClass: 65423K(65792K)->65423K(65792K) Class: 9272K(9664K)->9272K(9664K)
[2026-10-07T20:45:15.354+0000][1499.773s][info][gc             ] GC(770) Pause Young (Allocation Failure) 71M->50M(76M) 8.130ms
[2026-10-07T20:45:15.354+0000][1499.773s][info][gc,cpu         ] GC(770) User=0.01s Sys=0.00s Real=0.01s
[2026-10-07T20:45:18.062+0000][1502.481s][info][gc,start       ] GC(771) Pause Young (Allocation Failure)
[2026-10-07T20:45:18.074+0000][1502.493s][info][gc,heap        ] GC(771) DefNew: 22711K(24320K)->1024K(24320K) Eden: 21632K(21632K)->0K(21632K) From: 1079K(2688K)->1024K(2688K)
[2026-10-07T20:45:18.074+0000][1502.493s][info][gc,heap        ] GC(771) Tenured: 50627K(53796K)->50669K(53796K)
[2026-10-07T20:45:18.074+0000][1502.493s][info][gc,metaspace   ] GC(771) Metaspace: 74696K(75456K)->74696K(75456K) NonClass: 65423K(65792K)->65423K(65792K) Class: 9272K(9664K)->9272K(9664K)
[2026-10-07T20:45:18.074+0000][1502.493s][info][gc             ] GC(771) Pause Young (Allocation Failure) 71M->50M(76M) 11.680ms
[2026-10-07T20:45:18.074+0000][1502.493s][info][gc,cpu         ] GC(771) User=0.01s Sys=0.00s Real=0.02s
[2026-10-07T20:45:20.647+0000][1505.065s][info][gc,start       ] GC(772) Pause Young (Allocation Failure)
[2026-10-07T20:45:20.664+0000][1505.083s][info][gc,heap        ] GC(772) DefNew: 22656K(24320K)->1045K(24320K) Eden: 21632K(21632K)->0K(21632K) From: 1024K(2688K)->1045K(2688K)
[2026-10-07T20:45:20.664+0000][1505.083s][info][gc,heap        ] GC(772) Tenured: 50669K(53796K)->50706K(53796K)
[2026-10-07T20:45:20.664+0000][1505.083s][info][gc,metaspace   ] GC(772) Metaspace: 74696K(75456K)->74696K(75456K) NonClass: 65423K(65792K)->65423K(65792K) Class: 9272K(9664K)->9272K(9664K)
[2026-10-07T20:45:20.664+0000][1505.083s][info][gc             ] GC(772) Pause Young (Allocation Failure) 71M->50M(76M) 17.604ms
[2026-10-07T20:45:20.664+0000][1505.083s][info][gc,cpu         ] GC(772) User=0.01s Sys=0.00s Real=0.02s
[2026-10-07T20:45:23.333+0000][1507.751s][info][gc,start       ] GC(773) Pause Young (Allocation Failure)
[2026-10-07T20:45:23.341+0000][1507.760s][info][gc,heap        ] GC(773) DefNew: 22677K(24320K)->1060K(24320K) Eden: 21632K(21632K)->0K(21632K) From: 1045K(2688K)->1060K(2688K)
[2026-10-07T20:45:23.341+0000][1507.760s][info][gc,heap        ] GC(773) Tenured: 50706K(53796K)->50747K(53796K)
[2026-10-07T20:45:23.341+0000][1507.760s][info][gc,metaspace   ] GC(773) Metaspace: 74697K(75456K)->74697K(75456K) NonClass: 65425K(65792K)->65425K(65792K) Class: 9272K(9664K)->9272K(9664K)
[2026-10-07T20:45:23.341+0000][1507.760s][info][gc             ] GC(773) Pause Young (Allocation Failure) 71M->50M(76M) 8.384ms
[2026-10-07T20:45:23.341+0000][1507.760s][info][gc,cpu         ] GC(773) User=0.01s Sys=0.00s Real=0.01s
[2026-10-07T20:45:25.995+0000][1510.414s][info][gc,start       ] GC(774) Pause Young (Allocation Failure)
[2026-10-07T20:45:26.004+0000][1510.423s][info][gc,heap        ] GC(774) DefNew: 22692K(24320K)->1124K(24320K) Eden: 21632K(21632K)->0K(21632K) From: 1060K(2688K)->1124K(2688K)
[2026-10-07T20:45:26.004+0000][1510.423s][info][gc,heap        ] GC(774) Tenured: 50747K(53796K)->50786K(53796K)
[2026-10-07T20:45:26.004+0000][1510.423s][info][gc,metaspace   ] GC(774) Metaspace: 74697K(75456K)->74697K(75456K) NonClass: 65425K(65792K)->65425K(65792K) Class: 9272K(9664K)->9272K(9664K)
[2026-10-07T20:45:26.004+0000][1510.423s][info][gc             ] GC(774) Pause Young (Allocation Failure) 71M->50M(76M) 9.012ms
[2026-10-07T20:45:26.004+0000][1510.423s][info][gc,cpu         ] GC(774) User=0.01s Sys=0.00s Real=0.01s
[2026-10-07T20:45:28.677+0000][1513.096s][info][gc,start       ] GC(775) Pause Young (Allocation Failure)
[2026-10-07T20:45:28.686+0000][1513.104s][info][gc,heap        ] GC(775) DefNew: 22756K(24320K)->1060K(24320K) Eden: 21632K(21632K)->0K(21632K) From: 1124K(2688K)->1060K(2688K)
[2026-10-07T20:45:28.686+0000][1513.104s][info][gc,heap        ] GC(775) Tenured: 50786K(53796K)->50832K(53796K)
[2026-10-07T20:45:28.686+0000][1513.105s][info][gc,metaspace   ] GC(775) Metaspace: 74700K(75456K)->74700K(75456K) NonClass: 65427K(65792K)->65427K(65792K) Class: 9272K(9664K)->9272K(9664K)
[2026-10-07T20:45:28.686+0000][1513.105s][info][gc             ] GC(775) Pause Young (Allocation Failure) 71M->50M(76M) 9.291ms
[2026-10-07T20:45:28.686+0000][1513.105s][info][gc,cpu         ] GC(775) User=0.01s Sys=0.00s Real=0.01s
[2026-10-07T20:45:31.312+0000][1515.731s][info][gc,start       ] GC(776) Pause Young (Allocation Failure)
[2026-10-07T20:45:31.322+0000][1515.741s][info][gc,heap        ] GC(776) DefNew: 22692K(24320K)->1001K(24320K) Eden: 21632K(21632K)->0K(21632K) From: 1060K(2688K)->1001K(2688K)
[2026-10-07T20:45:31.322+0000][1515.741s][info][gc,heap        ] GC(776) Tenured: 50832K(53796K)->50874K(53796K)
[2026-10-07T20:45:31.322+0000][1515.741s][info][gc,metaspace   ] GC(776) Metaspace: 74700K(75456K)->74700K(75456K) NonClass: 65427K(65792K)->65427K(65792K) Class: 9272K(9664K)->9272K(9664K)
[2026-10-07T20:45:31.322+0000][1515.741s][info][gc             ] GC(776) Pause Young (Allocation Failure) 71M->50M(76M) 9.685ms
[2026-10-07T20:45:31.322+0000][1515.741s][info][gc,cpu         ] GC(776) User=0.01s Sys=0.00s Real=0.01s
[2026-10-07T20:45:33.989+0000][1518.407s][info][gc,start       ] GC(777) Pause Young (Allocation Failure)
[2026-10-07T20:45:33.999+0000][1518.418s][info][gc,heap        ] GC(777) DefNew: 22633K(24320K)->1081K(24320K) Eden: 21632K(21632K)->0K(21632K) From: 1001K(2688K)->1081K(2688K)
[2026-10-07T20:45:33.999+0000][1518.418s][info][gc,heap        ] GC(777) Tenured: 50874K(53796K)->50919K(53796K)
[2026-10-07T20:45:33.999+0000][1518.418s][info][gc,metaspace   ] GC(777) Metaspace: 74700K(75456K)->74700K(75456K) NonClass: 65427K(65792K)->65427K(65792K) Class: 9272K(9664K)->9272K(9664K)
[2026-10-07T20:45:33.999+0000][1518.418s][info][gc             ] GC(777) Pause Young (Allocation Failure) 71M->50M(76M) 10.611ms
[2026-10-07T20:45:33.999+0000][1518.418s][info][gc,cpu         ] GC(777) User=0.01s Sys=0.00s Real=0.01s
[2026-10-07T20:45:36.610+0000][1521.029s][info][gc,start       ] GC(778) Pause Young (Allocation Failure)
[2026-10-07T20:45:36.618+0000][1521.036s][info][gc,heap        ] GC(778) DefNew: 22713K(24320K)->959K(24320K) Eden: 21632K(21632K)->0K(21632K) From: 1081K(2688K)->959K(2688K)
[2026-10-07T20:45:36.618+0000][1521.036s][info][gc,heap        ] GC(778) Tenured: 50919K(53796K)->50964K(53796K)
[2026-10-07T20:45:36.618+0000][1521.036s][info][gc,metaspace   ] GC(778) Metaspace: 74700K(75456K)->74700K(75456K) NonClass: 65427K(65792K)->65427K(65792K) Class: 9272K(9664K)->9272K(9664K)
[2026-10-07T20:45:36.618+0000][1521.037s][info][gc             ] GC(778) Pause Young (Allocation Failure) 71M->50M(76M) 7.964ms
[2026-10-07T20:45:36.618+0000][1521.037s][info][gc,cpu         ] GC(778) User=0.01s Sys=0.00s Real=0.01s
[2026-10-07T20:45:39.264+0000][1523.683s][info][gc,start       ] GC(779) Pause Young (Allocation Failure)
[2026-10-07T20:45:39.273+0000][1523.692s][info][gc,heap        ] GC(779) DefNew: 22591K(24320K)->979K(24320K) Eden: 21632K(21632K)->0K(21632K) From: 959K(2688K)->979K(2688K)
[2026-10-07T20:45:39.273+0000][1523.692s][info][gc,heap        ] GC(779) Tenured: 50964K(53796K)->51021K(53796K)
[2026-10-07T20:45:39.273+0000][1523.692s][info][gc,metaspace   ] GC(779) Metaspace: 74700K(75456K)->74700K(75456K) NonClass: 65427K(65792K)->65427K(65792K) Class: 9272K(9664K)->9272K(9664K)
[2026-10-07T20:45:39.274+0000][1523.693s][info][gc             ] GC(779) Pause Young (Allocation Failure) 71M->50M(76M) 9.959ms
[2026-10-07T20:45:39.274+0000][1523.693s][info][gc,cpu         ] GC(779) User=0.01s Sys=0.00s Real=0.01s
[2026-10-07T20:45:41.935+0000][1526.353s][info][gc,start       ] GC(780) Pause Young (Allocation Failure)
[2026-10-07T20:45:41.942+0000][1526.361s][info][gc,heap        ] GC(780) DefNew: 22611K(24320K)->957K(24320K) Eden: 21632K(21632K)->0K(21632K) From: 979K(2688K)->957K(2688K)
[2026-10-07T20:45:41.942+0000][1526.361s][info][gc,heap        ] GC(780) Tenured: 51021K(53796K)->51071K(53796K)
[2026-10-07T20:45:41.942+0000][1526.361s][info][gc,metaspace   ] GC(780) Metaspace: 74700K(75456K)->74700K(75456K) NonClass: 65427K(65792K)->65427K(65792K) Class: 9272K(9664K)->9272K(9664K)
[2026-10-07T20:45:41.942+0000][1526.361s][info][gc             ] GC(780) Pause Young (Allocation Failure) 71M->50M(76M) 7.939ms
[2026-10-07T20:45:41.942+0000][1526.361s][info][gc,cpu         ] GC(780) User=0.00s Sys=0.00s Real=0.00s
[2026-10-07T20:45:44.603+0000][1529.022s][info][gc,start       ] GC(781) Pause Young (Allocation Failure)
[2026-10-07T20:45:44.622+0000][1529.041s][info][gc,heap        ] GC(781) DefNew: 22589K(24320K)->973K(24320K) Eden: 21632K(21632K)->0K(21632K) From: 957K(2688K)->973K(2688K)
[2026-10-07T20:45:44.623+0000][1529.041s][info][gc,heap        ] GC(781) Tenured: 51071K(53796K)->51120K(53796K)
[2026-10-07T20:45:44.623+0000][1529.041s][info][gc,metaspace   ] GC(781) Metaspace: 74700K(75456K)->74700K(75456K) NonClass: 65427K(65792K)->65427K(65792K) Class: 9272K(9664K)->9272K(9664K)
[2026-10-07T20:45:44.623+0000][1529.041s][info][gc             ] GC(781) Pause Young (Allocation Failure) 71M->50M(76M) 19.384ms
[2026-10-07T20:45:44.623+0000][1529.042s][info][gc,cpu         ] GC(781) User=0.01s Sys=0.01s Real=0.02s
[2026-10-07T20:45:47.282+0000][1531.701s][info][gc,start       ] GC(782) Pause Young (Allocation Failure)
[2026-10-07T20:45:47.292+0000][1531.710s][info][gc,heap        ] GC(782) DefNew: 22605K(24320K)->942K(24320K) Eden: 21632K(21632K)->0K(21632K) From: 973K(2688K)->942K(2688K)
[2026-10-07T20:45:47.292+0000][1531.711s][info][gc,heap        ] GC(782) Tenured: 51120K(53796K)->51180K(53796K)
[2026-10-07T20:45:47.292+0000][1531.711s][info][gc,metaspace   ] GC(782) Metaspace: 74700K(75456K)->74700K(75456K) NonClass: 65427K(65792K)->65427K(65792K) Class: 9272K(9664K)->9272K(9664K)
[2026-10-07T20:45:47.292+0000][1531.711s][info][gc             ] GC(782) Pause Young (Allocation Failure) 71M->50M(76M) 10.008ms
[2026-10-07T20:45:47.292+0000][1531.711s][info][gc,cpu         ] GC(782) User=0.00s Sys=0.00s Real=0.01s
[2026-10-07T20:45:49.887+0000][1534.306s][info][gc,start       ] GC(783) Pause Young (Allocation Failure)
[2026-10-07T20:45:49.895+0000][1534.314s][info][gc,heap        ] GC(783) DefNew: 22574K(24320K)->963K(24320K) Eden: 21632K(21632K)->0K(21632K) From: 942K(2688K)->963K(2688K)
[2026-10-07T20:45:49.895+0000][1534.314s][info][gc,heap        ] GC(783) Tenured: 51180K(53796K)->51220K(53796K)
[2026-10-07T20:45:49.895+0000][1534.314s][info][gc,metaspace   ] GC(783) Metaspace: 74700K(75456K)->74700K(75456K) NonClass: 65427K(65792K)->65427K(65792K) Class: 9272K(9664K)->9272K(9664K)
[2026-10-07T20:45:49.896+0000][1534.314s][info][gc             ] GC(783) Pause Young (Allocation Failure) 72M->50M(76M) 8.811ms
[2026-10-07T20:45:49.896+0000][1534.314s][info][gc,cpu         ] GC(783) User=0.01s Sys=0.00s Real=0.01s
[2026-10-07T20:45:52.599+0000][1537.018s][info][gc,start       ] GC(784) Pause Young (Allocation Failure)
[2026-10-07T20:45:52.607+0000][1537.025s][info][gc,heap        ] GC(784) DefNew: 22595K(24320K)->971K(24320K) Eden: 21632K(21632K)->0K(21632K) From: 963K(2688K)->971K(2688K)
[2026-10-07T20:45:52.607+0000][1537.025s][info][gc,heap        ] GC(784) Tenured: 51220K(53796K)->51273K(53796K)
[2026-10-07T20:45:52.607+0000][1537.025s][info][gc,metaspace   ] GC(784) Metaspace: 74700K(75456K)->74700K(75456K) NonClass: 65427K(65792K)->65427K(65792K) Class: 9272K(9664K)->9272K(9664K)
[2026-10-07T20:45:52.607+0000][1537.026s][info][gc             ] GC(784) Pause Young (Allocation Failure) 72M->51M(76M) 7.319ms
[2026-10-07T20:45:52.607+0000][1537.026s][info][gc,cpu         ] GC(784) User=0.00s Sys=0.00s Real=0.01s
[2026-10-07T20:45:55.273+0000][1539.692s][info][gc,start       ] GC(785) Pause Young (Allocation Failure)
[2026-10-07T20:45:55.280+0000][1539.699s][info][gc,heap        ] GC(785) DefNew: 22603K(24320K)->1025K(24320K) Eden: 21632K(21632K)->0K(21632K) From: 971K(2688K)->1025K(2688K)
[2026-10-07T20:45:55.280+0000][1539.699s][info][gc,heap        ] GC(785) Tenured: 51273K(53796K)->51312K(53796K)
[2026-10-07T20:45:55.280+0000][1539.699s][info][gc,metaspace   ] GC(785) Metaspace: 74700K(75456K)->74700K(75456K) NonClass: 65427K(65792K)->65427K(65792K) Class: 9272K(9664K)->9272K(9664K)
[2026-10-07T20:45:55.280+0000][1539.699s][info][gc             ] GC(785) Pause Young (Allocation Failure) 72M->51M(76M) 7.071ms
[2026-10-07T20:45:55.280+0000][1539.699s][info][gc,cpu         ] GC(785) User=0.01s Sys=0.00s Real=0.01s
[2026-10-07T20:45:57.962+0000][1542.381s][info][gc,start       ] GC(786) Pause Young (Allocation Failure)
[2026-10-07T20:45:57.972+0000][1542.391s][info][gc,heap        ] GC(786) DefNew: 22657K(24320K)->977K(24320K) Eden: 21632K(21632K)->0K(21632K) From: 1025K(2688K)->977K(2688K)
[2026-10-07T20:45:57.972+0000][1542.391s][info][gc,heap        ] GC(786) Tenured: 51312K(53796K)->51358K(53796K)
[2026-10-07T20:45:57.972+0000][1542.391s][info][gc,metaspace   ] GC(786) Metaspace: 74700K(75456K)->74700K(75456K) NonClass: 65427K(65792K)->65427K(65792K) Class: 9272K(9664K)->9272K(9664K)
[2026-10-07T20:45:57.973+0000][1542.392s][info][gc             ] GC(786) Pause Young (Allocation Failure) 72M->51M(76M) 10.763ms
[2026-10-07T20:45:57.973+0000][1542.392s][info][gc,cpu         ] GC(786) User=0.01s Sys=0.00s Real=0.01s
[2026-10-07T20:46:00.635+0000][1545.054s][info][gc,start       ] GC(787) Pause Young (Allocation Failure)
[2026-10-07T20:46:00.643+0000][1545.062s][info][gc,heap        ] GC(787) DefNew: 22609K(24320K)->1054K(24320K) Eden: 21632K(21632K)->0K(21632K) From: 977K(2688K)->1054K(2688K)
[2026-10-07T20:46:00.643+0000][1545.062s][info][gc,heap        ] GC(787) Tenured: 51358K(53796K)->51395K(53796K)
[2026-10-07T20:46:00.643+0000][1545.062s][info][gc,metaspace   ] GC(787) Metaspace: 74700K(75456K)->74700K(75456K) NonClass: 65427K(65792K)->65427K(65792K) Class: 9272K(9664K)->9272K(9664K)
[2026-10-07T20:46:00.643+0000][1545.062s][info][gc             ] GC(787) Pause Young (Allocation Failure) 72M->51M(76M) 8.361ms
[2026-10-07T20:46:00.643+0000][1545.062s][info][gc,cpu         ] GC(787) User=0.01s Sys=0.00s Real=0.00s
[2026-10-07T20:46:03.317+0000][1547.736s][info][gc,start       ] GC(788) Pause Young (Allocation Failure)
[2026-10-07T20:46:03.325+0000][1547.744s][info][gc,heap        ] GC(788) DefNew: 22686K(24320K)->1014K(24320K) Eden: 21632K(21632K)->0K(21632K) From: 1054K(2688K)->1014K(2688K)
[2026-10-07T20:46:03.325+0000][1547.744s][info][gc,heap        ] GC(788) Tenured: 51395K(53796K)->51436K(53796K)
[2026-10-07T20:46:03.325+0000][1547.744s][info][gc,metaspace   ] GC(788) Metaspace: 74700K(75456K)->74700K(75456K) NonClass: 65427K(65792K)->65427K(65792K) Class: 9272K(9664K)->9272K(9664K)
[2026-10-07T20:46:03.325+0000][1547.744s][info][gc             ] GC(788) Pause Young (Allocation Failure) 72M->51M(76M) 8.160ms
[2026-10-07T20:46:03.325+0000][1547.744s][info][gc,cpu         ] GC(788) User=0.00s Sys=0.00s Real=0.01s
[2026-10-07T20:46:05.917+0000][1550.336s][info][gc,start       ] GC(789) Pause Young (Allocation Failure)
[2026-10-07T20:46:05.927+0000][1550.346s][info][gc,heap        ] GC(789) DefNew: 22646K(24320K)->1073K(24320K) Eden: 21632K(21632K)->0K(21632K) From: 1014K(2688K)->1073K(2688K)
[2026-10-07T20:46:05.927+0000][1550.346s][info][gc,heap        ] GC(789) Tenured: 51436K(53796K)->51477K(53796K)
[2026-10-07T20:46:05.927+0000][1550.346s][info][gc,metaspace   ] GC(789) Metaspace: 74700K(75456K)->74700K(75456K) NonClass: 65427K(65792K)->65427K(65792K) Class: 9272K(9664K)->9272K(9664K)
[2026-10-07T20:46:05.927+0000][1550.346s][info][gc             ] GC(789) Pause Young (Allocation Failure) 72M->51M(76M) 10.193ms
[2026-10-07T20:46:05.927+0000][1550.346s][info][gc,cpu         ] GC(789) User=0.00s Sys=0.00s Real=0.01s
[2026-10-07T20:46:08.603+0000][1553.022s][info][gc,start       ] GC(790) Pause Young (Allocation Failure)
[2026-10-07T20:46:08.610+0000][1553.029s][info][gc,heap        ] GC(790) DefNew: 22705K(24320K)->1050K(24320K) Eden: 21632K(21632K)->0K(21632K) From: 1073K(2688K)->1050K(2688K)
[2026-10-07T20:46:08.610+0000][1553.029s][info][gc,heap        ] GC(790) Tenured: 51477K(53796K)->51512K(53796K)
[2026-10-07T20:46:08.610+0000][1553.029s][info][gc,metaspace   ] GC(790) Metaspace: 74700K(75456K)->74700K(75456K) NonClass: 65427K(65792K)->65427K(65792K) Class: 9272K(9664K)->9272K(9664K)
[2026-10-07T20:46:08.610+0000][1553.029s][info][gc             ] GC(790) Pause Young (Allocation Failure) 72M->51M(76M) 7.170ms
[2026-10-07T20:46:08.610+0000][1553.029s][info][gc,cpu         ] GC(790) User=0.01s Sys=0.00s Real=0.01s
[2026-10-07T20:46:11.244+0000][1555.663s][info][gc,start       ] GC(791) Pause Young (Allocation Failure)
[2026-10-07T20:46:11.252+0000][1555.671s][info][gc,heap        ] GC(791) DefNew: 22682K(24320K)->1074K(24320K) Eden: 21632K(21632K)->0K(21632K) From: 1050K(2688K)->1074K(2688K)
[2026-10-07T20:46:11.252+0000][1555.671s][info][gc,heap        ] GC(791) Tenured: 51512K(53796K)->51553K(53796K)
[2026-10-07T20:46:11.252+0000][1555.671s][info][gc,metaspace   ] GC(791) Metaspace: 74700K(75456K)->74700K(75456K) NonClass: 65427K(65792K)->65427K(65792K) Class: 9272K(9664K)->9272K(9664K)
[2026-10-07T20:46:11.252+0000][1555.671s][info][gc             ] GC(791) Pause Young (Allocation Failure) 72M->51M(76M) 8.050ms
[2026-10-07T20:46:11.252+0000][1555.671s][info][gc,cpu         ] GC(791) User=0.01s Sys=0.00s Real=0.00s
[2026-10-07T20:46:13.918+0000][1558.337s][info][gc,start       ] GC(792) Pause Young (Allocation Failure)
[2026-10-07T20:46:13.927+0000][1558.346s][info][gc,heap        ] GC(792) DefNew: 22706K(24320K)->1111K(24320K) Eden: 21632K(21632K)->0K(21632K) From: 1074K(2688K)->1111K(2688K)
[2026-10-07T20:46:13.927+0000][1558.346s][info][gc,heap        ] GC(792) Tenured: 51553K(53796K)->51591K(53796K)
[2026-10-07T20:46:13.927+0000][1558.346s][info][gc,metaspace   ] GC(792) Metaspace: 74700K(75456K)->74700K(75456K) NonClass: 65427K(65792K)->65427K(65792K) Class: 9272K(9664K)->9272K(9664K)
[2026-10-07T20:46:13.927+0000][1558.346s][info][gc             ] GC(792) Pause Young (Allocation Failure) 72M->51M(76M) 9.257ms
[2026-10-07T20:46:13.928+0000][1558.346s][info][gc,cpu         ] GC(792) User=0.00s Sys=0.00s Real=0.01s
[2026-10-07T20:46:16.601+0000][1561.020s][info][gc,start       ] GC(793) Pause Young (Allocation Failure)
[2026-10-07T20:46:16.608+0000][1561.027s][info][gc,heap        ] GC(793) DefNew: 22743K(24320K)->1118K(24320K) Eden: 21632K(21632K)->0K(21632K) From: 1111K(2688K)->1118K(2688K)
[2026-10-07T20:46:16.608+0000][1561.027s][info][gc,heap        ] GC(793) Tenured: 51591K(53796K)->51626K(53796K)
[2026-10-07T20:46:16.608+0000][1561.027s][info][gc,metaspace   ] GC(793) Metaspace: 74700K(75456K)->74700K(75456K) NonClass: 65427K(65792K)->65427K(65792K) Class: 9272K(9664K)->9272K(9664K)
[2026-10-07T20:46:16.608+0000][1561.027s][info][gc             ] GC(793) Pause Young (Allocation Failure) 72M->51M(76M) 7.441ms
[2026-10-07T20:46:16.608+0000][1561.027s][info][gc,cpu         ] GC(793) User=0.01s Sys=0.00s Real=0.01s
[2026-10-07T20:46:19.259+0000][1563.678s][info][gc,start       ] GC(794) Pause Young (Allocation Failure)
[2026-10-07T20:46:19.268+0000][1563.687s][info][gc,heap        ] GC(794) DefNew: 22750K(24320K)->1185K(24320K) Eden: 21632K(21632K)->0K(21632K) From: 1118K(2688K)->1185K(2688K)
[2026-10-07T20:46:19.268+0000][1563.687s][info][gc,heap        ] GC(794) Tenured: 51626K(53796K)->51666K(53796K)
[2026-10-07T20:46:19.268+0000][1563.687s][info][gc,metaspace   ] GC(794) Metaspace: 74700K(75456K)->74700K(75456K) NonClass: 65427K(65792K)->65427K(65792K) Class: 9272K(9664K)->9272K(9664K)
[2026-10-07T20:46:19.268+0000][1563.687s][info][gc             ] GC(794) Pause Young (Allocation Failure) 72M->51M(76M) 8.883ms
[2026-10-07T20:46:19.268+0000][1563.687s][info][gc,cpu         ] GC(794) User=0.01s Sys=0.00s Real=0.01s
[2026-10-07T20:46:21.852+0000][1566.270s][info][gc,start       ] GC(795) Pause Young (Allocation Failure)
[2026-10-07T20:46:21.867+0000][1566.286s][info][gc,heap        ] GC(795) DefNew: 22817K(24320K)->1179K(24320K) Eden: 21632K(21632K)->0K(21632K) From: 1185K(2688K)->1179K(2688K)
[2026-10-07T20:46:21.867+0000][1566.286s][info][gc,heap        ] GC(795) Tenured: 51666K(53796K)->51714K(53796K)
[2026-10-07T20:46:21.867+0000][1566.286s][info][gc,metaspace   ] GC(795) Metaspace: 74702K(75456K)->74702K(75456K) NonClass: 65429K(65792K)->65429K(65792K) Class: 9272K(9664K)->9272K(9664K)
[2026-10-07T20:46:21.867+0000][1566.286s][info][gc             ] GC(795) Pause Young (Allocation Failure) 72M->51M(76M) 15.551ms
[2026-10-07T20:46:21.867+0000][1566.286s][info][gc,cpu         ] GC(795) User=0.01s Sys=0.00s Real=0.02s
[2026-10-07T20:46:24.532+0000][1568.951s][info][gc,start       ] GC(796) Pause Young (Allocation Failure)
[2026-10-07T20:46:24.542+0000][1568.960s][info][gc,heap        ] GC(796) DefNew: 22811K(24320K)->1234K(24320K) Eden: 21632K(21632K)->0K(21632K) From: 1179K(2688K)->1234K(2688K)
[2026-10-07T20:46:24.542+0000][1568.960s][info][gc,heap        ] GC(796) Tenured: 51714K(53796K)->51752K(53796K)
[2026-10-07T20:46:24.542+0000][1568.960s][info][gc,metaspace   ] GC(796) Metaspace: 74702K(75456K)->74702K(75456K) NonClass: 65429K(65792K)->65429K(65792K) Class: 9272K(9664K)->9272K(9664K)
[2026-10-07T20:46:24.542+0000][1568.961s][info][gc             ] GC(796) Pause Young (Allocation Failure) 72M->51M(76M) 9.361ms
[2026-10-07T20:46:24.542+0000][1568.961s][info][gc,cpu         ] GC(796) User=0.01s Sys=0.00s Real=0.01s
[2026-10-07T20:46:27.212+0000][1571.631s][info][gc,start       ] GC(797) Pause Young (Allocation Failure)
[2026-10-07T20:46:27.222+0000][1571.641s][info][gc,heap        ] GC(797) DefNew: 22866K(24320K)->1226K(24320K) Eden: 21632K(21632K)->0K(21632K) From: 1234K(2688K)->1226K(2688K)
[2026-10-07T20:46:27.222+0000][1571.641s][info][gc,heap        ] GC(797) Tenured: 51752K(53796K)->51806K(53796K)
[2026-10-07T20:46:27.222+0000][1571.641s][info][gc,metaspace   ] GC(797) Metaspace: 74702K(75456K)->74702K(75456K) NonClass: 65429K(65792K)->65429K(65792K) Class: 9272K(9664K)->9272K(9664K)
[2026-10-07T20:46:27.222+0000][1571.641s][info][gc             ] GC(797) Pause Young (Allocation Failure) 72M->51M(76M) 10.278ms
[2026-10-07T20:46:27.222+0000][1571.641s][info][gc,cpu         ] GC(797) User=0.01s Sys=0.00s Real=0.01s
[2026-10-07T20:46:29.886+0000][1574.305s][info][gc,start       ] GC(798) Pause Young (Allocation Failure)
[2026-10-07T20:46:29.894+0000][1574.313s][info][gc,heap        ] GC(798) DefNew: 22858K(24320K)->1261K(24320K) Eden: 21632K(21632K)->0K(21632K) From: 1226K(2688K)->1261K(2688K)
[2026-10-07T20:46:29.894+0000][1574.313s][info][gc,heap        ] GC(798) Tenured: 51806K(53796K)->51854K(53796K)
[2026-10-07T20:46:29.894+0000][1574.313s][info][gc,metaspace   ] GC(798) Metaspace: 74708K(75456K)->74708K(75456K) NonClass: 65435K(65792K)->65435K(65792K) Class: 9272K(9664K)->9272K(9664K)
[2026-10-07T20:46:29.894+0000][1574.313s][info][gc             ] GC(798) Pause Young (Allocation Failure) 72M->51M(76M) 7.989ms
[2026-10-07T20:46:29.894+0000][1574.313s][info][gc,cpu         ] GC(798) User=0.01s Sys=0.00s Real=0.01s
[2026-10-07T20:46:32.564+0000][1576.983s][info][gc,start       ] GC(799) Pause Young (Allocation Failure)
[2026-10-07T20:46:32.573+0000][1576.992s][info][gc,heap        ] GC(799) DefNew: 22893K(24320K)->1277K(24320K) Eden: 21632K(21632K)->0K(21632K) From: 1261K(2688K)->1277K(2688K)
[2026-10-07T20:46:32.573+0000][1576.992s][info][gc,heap        ] GC(799) Tenured: 51854K(53796K)->51899K(53796K)
[2026-10-07T20:46:32.573+0000][1576.992s][info][gc,metaspace   ] GC(799) Metaspace: 74708K(75456K)->74708K(75456K) NonClass: 65435K(65792K)->65435K(65792K) Class: 9272K(9664K)->9272K(9664K)
[2026-10-07T20:46:32.573+0000][1576.992s][info][gc             ] GC(799) Pause Young (Allocation Failure) 72M->51M(76M) 9.368ms
[2026-10-07T20:46:32.574+0000][1576.992s][info][gc,cpu         ] GC(799) User=0.01s Sys=0.00s Real=0.00s
[2026-10-07T20:46:35.159+0000][1579.578s][info][gc,start       ] GC(800) Pause Young (Allocation Failure)
[2026-10-07T20:46:35.168+0000][1579.587s][info][gc,heap        ] GC(800) DefNew: 22909K(24320K)->1316K(24320K) Eden: 21632K(21632K)->0K(21632K) From: 1277K(2688K)->1316K(2688K)
[2026-10-07T20:46:35.168+0000][1579.587s][info][gc,heap        ] GC(800) Tenured: 51899K(53796K)->51937K(53796K)
[2026-10-07T20:46:35.168+0000][1579.587s][info][gc,metaspace   ] GC(800) Metaspace: 74708K(75456K)->74708K(75456K) NonClass: 65435K(65792K)->65435K(65792K) Class: 9272K(9664K)->9272K(9664K)
[2026-10-07T20:46:35.168+0000][1579.587s][info][gc             ] GC(800) Pause Young (Allocation Failure) 73M->52M(76M) 8.565ms
[2026-10-07T20:46:35.168+0000][1579.587s][info][gc,cpu         ] GC(800) User=0.01s Sys=0.00s Real=0.01s
[2026-10-07T20:46:37.847+0000][1582.266s][info][gc,start       ] GC(801) Pause Young (Allocation Failure)
[2026-10-07T20:46:37.856+0000][1582.275s][info][gc,heap        ] GC(801) DefNew: 22948K(24320K)->1295K(24320K) Eden: 21632K(21632K)->0K(21632K) From: 1316K(2688K)->1295K(2688K)
[2026-10-07T20:46:37.856+0000][1582.275s][info][gc,heap        ] GC(801) Tenured: 51937K(53796K)->51998K(53796K)
[2026-10-07T20:46:37.856+0000][1582.275s][info][gc,metaspace   ] GC(801) Metaspace: 74708K(75456K)->74708K(75456K) NonClass: 65435K(65792K)->65435K(65792K) Class: 9272K(9664K)->9272K(9664K)
[2026-10-07T20:46:37.856+0000][1582.275s][info][gc             ] GC(801) Pause Young (Allocation Failure) 73M->52M(76M) 8.534ms
[2026-10-07T20:46:37.856+0000][1582.275s][info][gc,cpu         ] GC(801) User=0.01s Sys=0.00s Real=0.01s
[2026-10-07T20:46:40.500+0000][1584.919s][info][gc,start       ] GC(802) Pause Young (Allocation Failure)
[2026-10-07T20:46:40.508+0000][1584.927s][info][gc,heap        ] GC(802) DefNew: 22927K(24320K)->1315K(24320K) Eden: 21632K(21632K)->0K(21632K) From: 1295K(2688K)->1315K(2688K)
[2026-10-07T20:46:40.508+0000][1584.927s][info][gc,heap        ] GC(802) Tenured: 51998K(53796K)->52053K(53796K)
[2026-10-07T20:46:40.508+0000][1584.927s][info][gc,metaspace   ] GC(802) Metaspace: 74708K(75456K)->74708K(75456K) NonClass: 65435K(65792K)->65435K(65792K) Class: 9272K(9664K)->9272K(9664K)
[2026-10-07T20:46:40.508+0000][1584.927s][info][gc             ] GC(802) Pause Young (Allocation Failure) 73M->52M(76M) 8.101ms
[2026-10-07T20:46:40.509+0000][1584.927s][info][gc,cpu         ] GC(802) User=0.00s Sys=0.00s Real=0.01s
[2026-10-07T20:46:43.173+0000][1587.592s][info][gc,start       ] GC(803) Pause Young (Allocation Failure)
[2026-10-07T20:46:43.185+0000][1587.603s][info][gc,heap        ] GC(803) DefNew: 22947K(24320K)->1295K(24320K) Eden: 21631K(21632K)->0K(21632K) From: 1315K(2688K)->1295K(2688K)
[2026-10-07T20:46:43.185+0000][1587.604s][info][gc,heap        ] GC(803) Tenured: 52053K(53796K)->52112K(53796K)
[2026-10-07T20:46:43.185+0000][1587.604s][info][gc,metaspace   ] GC(803) Metaspace: 74708K(75456K)->74708K(75456K) NonClass: 65435K(65792K)->65435K(65792K) Class: 9272K(9664K)->9272K(9664K)
[2026-10-07T20:46:43.185+0000][1587.604s][info][gc             ] GC(803) Pause Young (Allocation Failure) 73M->52M(76M) 12.323ms
[2026-10-07T20:46:43.185+0000][1587.604s][info][gc,cpu         ] GC(803) User=0.01s Sys=0.00s Real=0.02s
[2026-10-07T20:46:45.848+0000][1590.267s][info][gc,start       ] GC(804) Pause Young (Allocation Failure)
[2026-10-07T20:46:45.857+0000][1590.275s][info][gc,heap        ] GC(804) DefNew: 22927K(24320K)->1404K(24320K) Eden: 21632K(21632K)->0K(21632K) From: 1295K(2688K)->1404K(2688K)
[2026-10-07T20:46:45.857+0000][1590.275s][info][gc,heap        ] GC(804) Tenured: 52112K(53796K)->52166K(53796K)
[2026-10-07T20:46:45.857+0000][1590.275s][info][gc,metaspace   ] GC(804) Metaspace: 74708K(75456K)->74708K(75456K) NonClass: 65435K(65792K)->65435K(65792K) Class: 9272K(9664K)->9272K(9664K)
[2026-10-07T20:46:45.857+0000][1590.275s][info][gc             ] GC(804) Pause Young (Allocation Failure) 73M->52M(76M) 8.433ms
[2026-10-07T20:46:45.857+0000][1590.276s][info][gc,cpu         ] GC(804) User=0.01s Sys=0.00s Real=0.01s
[2026-10-07T20:46:48.536+0000][1592.954s][info][gc,start       ] GC(805) Pause Young (Allocation Failure)
[2026-10-07T20:46:48.547+0000][1592.965s][info][gc,heap        ] GC(805) DefNew: 23036K(24320K)->1287K(24320K) Eden: 21632K(21632K)->0K(21632K) From: 1404K(2688K)->1287K(2688K)
[2026-10-07T20:46:48.547+0000][1592.965s][info][gc,heap        ] GC(805) Tenured: 52166K(53796K)->52290K(53796K)
[2026-10-07T20:46:48.547+0000][1592.965s][info][gc,metaspace   ] GC(805) Metaspace: 74708K(75456K)->74708K(75456K) NonClass: 65435K(65792K)->65435K(65792K) Class: 9272K(9664K)->9272K(9664K)
[2026-10-07T20:46:48.547+0000][1592.966s][info][gc             ] GC(805) Pause Young (Allocation Failure) 73M->52M(76M) 11.235ms
[2026-10-07T20:46:48.547+0000][1592.966s][info][gc,cpu         ] GC(805) User=0.00s Sys=0.00s Real=0.01s
[2026-10-07T20:46:51.133+0000][1595.552s][info][gc,start       ] GC(806) Pause Young (Allocation Failure)
[2026-10-07T20:46:51.142+0000][1595.560s][info][gc,heap        ] GC(806) DefNew: 22919K(24320K)->1386K(24320K) Eden: 21632K(21632K)->0K(21632K) From: 1287K(2688K)->1386K(2688K)
[2026-10-07T20:46:51.142+0000][1595.560s][info][gc,heap        ] GC(806) Tenured: 52290K(53796K)->52290K(53796K)
[2026-10-07T20:46:51.142+0000][1595.560s][info][gc,metaspace   ] GC(806) Metaspace: 74708K(75456K)->74708K(75456K) NonClass: 65435K(65792K)->65435K(65792K) Class: 9272K(9664K)->9272K(9664K)
[2026-10-07T20:46:51.142+0000][1595.561s][info][gc             ] GC(806) Pause Young (Allocation Failure) 73M->52M(76M) 8.851ms
[2026-10-07T20:46:51.142+0000][1595.561s][info][gc,cpu         ] GC(806) User=0.01s Sys=0.00s Real=0.01s
[2026-10-07T20:46:53.787+0000][1598.206s][info][gc,start       ] GC(807) Pause Young (Allocation Failure)
[2026-10-07T20:46:53.802+0000][1598.221s][info][gc,heap        ] GC(807) DefNew: 23018K(24320K)->1339K(24320K) Eden: 21632K(21632K)->0K(21632K) From: 1386K(2688K)->1339K(2688K)
[2026-10-07T20:46:53.804+0000][1598.222s][info][gc,heap        ] GC(807) Tenured: 52290K(53796K)->52345K(53796K)
[2026-10-07T20:46:53.804+0000][1598.222s][info][gc,metaspace   ] GC(807) Metaspace: 74708K(75456K)->74708K(75456K) NonClass: 65435K(65792K)->65435K(65792K) Class: 9272K(9664K)->9272K(9664K)
[2026-10-07T20:46:53.804+0000][1598.223s][info][gc             ] GC(807) Pause Young (Allocation Failure) 73M->52M(76M) 16.590ms
[2026-10-07T20:46:53.804+0000][1598.223s][info][gc,cpu         ] GC(807) User=0.00s Sys=0.00s Real=0.02s
[2026-10-07T20:46:56.434+0000][1600.852s][info][gc,start       ] GC(808) Pause Young (Allocation Failure)
[2026-10-07T20:46:56.443+0000][1600.861s][info][gc,heap        ] GC(808) DefNew: 22971K(24320K)->1292K(24320K) Eden: 21632K(21632K)->0K(21632K) From: 1339K(2688K)->1292K(2688K)
[2026-10-07T20:46:56.443+0000][1600.861s][info][gc,heap        ] GC(808) Tenured: 52345K(53796K)->52420K(53796K)
[2026-10-07T20:46:56.443+0000][1600.861s][info][gc,metaspace   ] GC(808) Metaspace: 74708K(75456K)->74708K(75456K) NonClass: 65435K(65792K)->65435K(65792K) Class: 9272K(9664K)->9272K(9664K)
[2026-10-07T20:46:56.443+0000][1600.862s][info][gc             ] GC(808) Pause Young (Allocation Failure) 73M->52M(76M) 9.014ms
[2026-10-07T20:46:56.443+0000][1600.862s][info][gc,cpu         ] GC(808) User=0.00s Sys=0.01s Real=0.00s
[2026-10-07T20:46:59.123+0000][1603.542s][info][gc,start       ] GC(809) Pause Young (Allocation Failure)
[2026-10-07T20:46:59.131+0000][1603.550s][info][gc,heap        ] GC(809) DefNew: 22924K(24320K)->1329K(24320K) Eden: 21632K(21632K)->0K(21632K) From: 1292K(2688K)->1329K(2688K)
[2026-10-07T20:46:59.131+0000][1603.550s][info][gc,heap        ] GC(809) Tenured: 52420K(53796K)->52481K(53796K)
[2026-10-07T20:46:59.131+0000][1603.550s][info][gc,metaspace   ] GC(809) Metaspace: 74719K(75456K)->74719K(75456K) NonClass: 65446K(65792K)->65446K(65792K) Class: 9272K(9664K)->9272K(9664K)
[2026-10-07T20:46:59.131+0000][1603.550s][info][gc             ] GC(809) Pause Young (Allocation Failure) 73M->52M(76M) 8.258ms
[2026-10-07T20:46:59.131+0000][1603.550s][info][gc,cpu         ] GC(809) User=0.01s Sys=0.00s Real=0.01s
[2026-10-07T20:47:01.809+0000][1606.228s][info][gc,start       ] GC(810) Pause Young (Allocation Failure)
[2026-10-07T20:47:01.818+0000][1606.237s][info][gc,heap        ] GC(810) DefNew: 22961K(24320K)->1278K(24320K) Eden: 21632K(21632K)->0K(21632K) From: 1329K(2688K)->1278K(2688K)
[2026-10-07T20:47:01.818+0000][1606.237s][info][gc,heap        ] GC(810) Tenured: 52481K(53796K)->52541K(53796K)
[2026-10-07T20:47:01.818+0000][1606.237s][info][gc,metaspace   ] GC(810) Metaspace: 74719K(75456K)->74719K(75456K) NonClass: 65446K(65792K)->65446K(65792K) Class: 9272K(9664K)->9272K(9664K)
[2026-10-07T20:47:01.818+0000][1606.237s][info][gc             ] GC(810) Pause Young (Allocation Failure) 73M->52M(76M) 8.784ms
[2026-10-07T20:47:01.818+0000][1606.237s][info][gc,cpu         ] GC(810) User=0.01s Sys=0.00s Real=0.01s
[2026-10-07T20:47:04.428+0000][1608.846s][info][gc,start       ] GC(811) Pause Young (Allocation Failure)
[2026-10-07T20:47:04.437+0000][1608.856s][info][gc,heap        ] GC(811) DefNew: 22910K(24320K)->1319K(24320K) Eden: 21631K(21632K)->0K(21632K) From: 1278K(2688K)->1319K(2688K)
[2026-10-07T20:47:04.437+0000][1608.856s][info][gc,heap        ] GC(811) Tenured: 52541K(53796K)->52615K(53796K)
[2026-10-07T20:47:04.437+0000][1608.856s][info][gc,metaspace   ] GC(811) Metaspace: 74719K(75456K)->74719K(75456K) NonClass: 65446K(65792K)->65446K(65792K) Class: 9272K(9664K)->9272K(9664K)
[2026-10-07T20:47:04.437+0000][1608.856s][info][gc             ] GC(811) Pause Young (Allocation Failure) 73M->52M(76M) 9.656ms
[2026-10-07T20:47:04.437+0000][1608.856s][info][gc,cpu         ] GC(811) User=0.01s Sys=0.00s Real=0.01s
[2026-10-07T20:47:07.075+0000][1611.494s][info][gc,start       ] GC(812) Pause Young (Allocation Failure)
[2026-10-07T20:47:07.093+0000][1611.512s][info][gc,heap        ] GC(812) DefNew: 22951K(24320K)->1302K(24320K) Eden: 21632K(21632K)->0K(21632K) From: 1319K(2688K)->1302K(2688K)
[2026-10-07T20:47:07.093+0000][1611.512s][info][gc,heap        ] GC(812) Tenured: 52615K(53796K)->52677K(53796K)
[2026-10-07T20:47:07.093+0000][1611.512s][info][gc,metaspace   ] GC(812) Metaspace: 74719K(75456K)->74719K(75456K) NonClass: 65446K(65792K)->65446K(65792K) Class: 9272K(9664K)->9272K(9664K)
[2026-10-07T20:47:07.093+0000][1611.512s][info][gc             ] GC(812) Pause Young (Allocation Failure) 73M->52M(76M) 17.882ms
[2026-10-07T20:47:07.093+0000][1611.512s][info][gc,cpu         ] GC(812) User=0.01s Sys=0.01s Real=0.01s
[2026-10-07T20:47:09.745+0000][1614.164s][info][gc,start       ] GC(813) Pause Young (Allocation Failure)
[2026-10-07T20:47:09.755+0000][1614.174s][info][gc,heap        ] GC(813) DefNew: 22934K(24320K)->1357K(24320K) Eden: 21632K(21632K)->0K(21632K) From: 1302K(2688K)->1357K(2688K)
[2026-10-07T20:47:09.755+0000][1614.174s][info][gc,heap        ] GC(813) Tenured: 52677K(53796K)->52745K(53796K)
[2026-10-07T20:47:09.755+0000][1614.174s][info][gc,metaspace   ] GC(813) Metaspace: 74719K(75456K)->74719K(75456K) NonClass: 65446K(65792K)->65446K(65792K) Class: 9272K(9664K)->9272K(9664K)
[2026-10-07T20:47:09.755+0000][1614.174s][info][gc             ] GC(813) Pause Young (Allocation Failure) 73M->52M(76M) 10.267ms
[2026-10-07T20:47:09.755+0000][1614.174s][info][gc,cpu         ] GC(813) User=0.01s Sys=0.00s Real=0.01s
[2026-10-07T20:47:12.431+0000][1616.850s][info][gc,start       ] GC(814) Pause Young (Allocation Failure)
[2026-10-07T20:47:12.440+0000][1616.859s][info][gc,heap        ] GC(814) DefNew: 22989K(24320K)->1291K(24320K) Eden: 21632K(21632K)->0K(21632K) From: 1357K(2688K)->1291K(2688K)
[2026-10-07T20:47:12.440+0000][1616.859s][info][gc,heap        ] GC(814) Tenured: 52745K(53796K)->52806K(53796K)
[2026-10-07T20:47:12.440+0000][1616.859s][info][gc,metaspace   ] GC(814) Metaspace: 74719K(75456K)->74719K(75456K) NonClass: 65446K(65792K)->65446K(65792K) Class: 9272K(9664K)->9272K(9664K)
[2026-10-07T20:47:12.440+0000][1616.859s][info][gc             ] GC(814) Pause Young (Allocation Failure) 73M->52M(76M) 9.431ms
[2026-10-07T20:47:12.440+0000][1616.859s][info][gc,cpu         ] GC(814) User=0.01s Sys=0.00s Real=0.01s
[2026-10-07T20:47:15.072+0000][1619.491s][info][gc,start       ] GC(815) Pause Young (Allocation Failure)
[2026-10-07T20:47:15.081+0000][1619.500s][info][gc,heap        ] GC(815) DefNew: 22923K(24320K)->1338K(24320K) Eden: 21632K(21632K)->0K(21632K) From: 1291K(2688K)->1338K(2688K)
[2026-10-07T20:47:15.081+0000][1619.500s][info][gc,heap        ] GC(815) Tenured: 52806K(53796K)->52860K(53796K)
[2026-10-07T20:47:15.081+0000][1619.500s][info][gc,metaspace   ] GC(815) Metaspace: 74719K(75456K)->74719K(75456K) NonClass: 65446K(65792K)->65446K(65792K) Class: 9272K(9664K)->9272K(9664K)
[2026-10-07T20:47:15.081+0000][1619.500s][info][gc             ] GC(815) Pause Young (Allocation Failure) 73M->52M(76M) 9.596ms
[2026-10-07T20:47:15.081+0000][1619.500s][info][gc,cpu         ] GC(815) User=0.00s Sys=0.00s Real=0.01s
[2026-10-07T20:47:17.777+0000][1622.196s][info][gc,start       ] GC(816) Pause Young (Allocation Failure)
[2026-10-07T20:47:17.786+0000][1622.205s][info][gc,heap        ] GC(816) DefNew: 22970K(24320K)->1330K(24320K) Eden: 21632K(21632K)->0K(21632K) From: 1338K(2688K)->1330K(2688K)
[2026-10-07T20:47:17.786+0000][1622.205s][info][gc,heap        ] GC(816) Tenured: 52860K(53796K)->52918K(53796K)
[2026-10-07T20:47:17.787+0000][1622.205s][info][gc,metaspace   ] GC(816) Metaspace: 74719K(75456K)->74719K(75456K) NonClass: 65446K(65792K)->65446K(65792K) Class: 9272K(9664K)->9272K(9664K)
[2026-10-07T20:47:17.787+0000][1622.206s][info][gc             ] GC(816) Pause Young (Allocation Failure) 74M->52M(76M) 9.674ms
[2026-10-07T20:47:17.787+0000][1622.206s][info][gc,cpu         ] GC(816) User=0.01s Sys=0.00s Real=0.01s
[2026-10-07T20:47:20.353+0000][1624.772s][info][gc,start       ] GC(817) Pause Young (Allocation Failure)
[2026-10-07T20:47:20.374+0000][1624.793s][info][gc,heap        ] GC(817) DefNew: 22962K(24320K)->1357K(24320K) Eden: 21632K(21632K)->0K(21632K) From: 1330K(2688K)->1357K(2688K)
[2026-10-07T20:47:20.374+0000][1624.793s][info][gc,heap        ] GC(817) Tenured: 52918K(53796K)->52984K(53796K)
[2026-10-07T20:47:20.374+0000][1624.793s][info][gc,metaspace   ] GC(817) Metaspace: 74719K(75456K)->74719K(75456K) NonClass: 65446K(65792K)->65446K(65792K) Class: 9272K(9664K)->9272K(9664K)
[2026-10-07T20:47:20.374+0000][1624.793s][info][gc             ] GC(817) Pause Young (Allocation Failure) 74M->53M(76M) 21.418ms
[2026-10-07T20:47:20.374+0000][1624.793s][info][gc,cpu         ] GC(817) User=0.01s Sys=0.00s Real=0.03s
[2026-10-07T20:47:23.044+0000][1627.463s][info][gc,start       ] GC(818) Pause Young (Allocation Failure)
[2026-10-07T20:47:23.052+0000][1627.471s][info][gc,heap        ] GC(818) DefNew: 22989K(24320K)->1345K(24320K) Eden: 21632K(21632K)->0K(21632K) From: 1357K(2688K)->1345K(2688K)
[2026-10-07T20:47:23.052+0000][1627.471s][info][gc,heap        ] GC(818) Tenured: 52984K(53796K)->53046K(53796K)
[2026-10-07T20:47:23.052+0000][1627.471s][info][gc,metaspace   ] GC(818) Metaspace: 74719K(75456K)->74719K(75456K) NonClass: 65446K(65792K)->65446K(65792K) Class: 9272K(9664K)->9272K(9664K)
[2026-10-07T20:47:23.052+0000][1627.471s][info][gc             ] GC(818) Pause Young (Allocation Failure) 74M->53M(76M) 8.711ms
[2026-10-07T20:47:23.052+0000][1627.471s][info][gc,cpu         ] GC(818) User=0.01s Sys=0.00s Real=0.00s
[2026-10-07T20:47:25.692+0000][1630.111s][info][gc,start       ] GC(819) Pause Young (Allocation Failure)
[2026-10-07T20:47:25.703+0000][1630.121s][info][gc,heap        ] GC(819) DefNew: 22977K(24320K)->1376K(24320K) Eden: 21632K(21632K)->0K(21632K) From: 1345K(2688K)->1376K(2688K)
[2026-10-07T20:47:25.703+0000][1630.122s][info][gc,heap        ] GC(819) Tenured: 53046K(53796K)->53112K(53796K)
[2026-10-07T20:47:25.703+0000][1630.122s][info][gc,metaspace   ] GC(819) Metaspace: 74719K(75456K)->74719K(75456K) NonClass: 65446K(65792K)->65446K(65792K) Class: 9272K(9664K)->9272K(9664K)
[2026-10-07T20:47:25.703+0000][1630.122s][info][gc             ] GC(819) Pause Young (Allocation Failure) 74M->53M(76M) 10.889ms
[2026-10-07T20:47:25.703+0000][1630.122s][info][gc,cpu         ] GC(819) User=0.01s Sys=0.00s Real=0.01s
[2026-10-07T20:47:28.360+0000][1632.779s][info][gc,start       ] GC(820) Pause Young (Allocation Failure)
[2026-10-07T20:47:28.372+0000][1632.791s][info][gc,heap        ] GC(820) DefNew: 23008K(24320K)->1320K(24320K) Eden: 21632K(21632K)->0K(21632K) From: 1376K(2688K)->1320K(2688K)
[2026-10-07T20:47:28.372+0000][1632.791s][info][gc,heap        ] GC(820) Tenured: 53112K(53796K)->53174K(53796K)
[2026-10-07T20:47:28.373+0000][1632.791s][info][gc,metaspace   ] GC(820) Metaspace: 74719K(75456K)->74719K(75456K) NonClass: 65446K(65792K)->65446K(65792K) Class: 9272K(9664K)->9272K(9664K)
[2026-10-07T20:47:28.373+0000][1632.792s][info][gc             ] GC(820) Pause Young (Allocation Failure) 74M->53M(76M) 13.149ms
[2026-10-07T20:47:28.373+0000][1632.792s][info][gc,cpu         ] GC(820) User=0.01s Sys=0.00s Real=0.01s
