[2026-10-07T23:57:56.618+0000][40.615s][info][gc,start       ] GC(26) Pause Young (Allocation Failure)
[2026-10-07T23:57:56.624+0000][40.621s][info][gc,heap        ] GC(26) DefNew: 10965K(11328K)->871K(11328K) Eden: 10112K(10112K)->0K(10112K) From: 853K(1216K)->871K(1216K)
[2026-10-07T23:57:56.624+0000][40.621s][info][gc,heap        ] GC(26) Tenured: 18308K(25012K)->18858K(25012K)
[2026-10-07T23:57:56.624+0000][40.621s][info][gc,metaspace   ] GC(26) Metaspace: 65147K(65920K)->65147K(65920K) NonClass: 56348K(56768K)->56348K(56768K) Class: 8798K(9152K)->8798K(9152K)
[2026-10-07T23:57:56.624+0000][40.621s][info][gc             ] GC(26) Pause Young (Allocation Failure) 28M->19M(35M) 6.223ms
[2026-10-07T23:57:56.624+0000][40.621s][info][gc,cpu         ] GC(26) User=0.00s Sys=0.00s Real=0.01s
[2026-10-07T23:57:59.773+0000][43.770s][info][gc,start       ] GC(27) Pause Young (Allocation Failure)
[2026-10-07T23:57:59.783+0000][43.780s][info][gc,heap        ] GC(27) DefNew: 10977K(11328K)->702K(11328K) Eden: 10105K(10112K)->0K(10112K) From: 871K(1216K)->702K(1216K)
[2026-10-07T23:57:59.783+0000][43.781s][info][gc,heap        ] GC(27) Tenured: 18858K(25012K)->19413K(25012K)
[2026-10-07T23:57:59.783+0000][43.781s][info][gc,metaspace   ] GC(27) Metaspace: 68399K(69184K)->68399K(69184K) NonClass: 59182K(59648K)->59182K(59648K) Class: 9216K(9536K)->9216K(9536K)
[2026-10-07T23:57:59.784+0000][43.781s][info][gc             ] GC(27) Pause Young (Allocation Failure) 29M->19M(35M) 10.559ms
[2026-10-07T23:57:59.784+0000][43.781s][info][gc,cpu         ] GC(27) User=0.01s Sys=0.00s Real=0.02s
[2026-10-07T23:58:01.031+0000][45.028s][info][gc,start       ] GC(28) Pause Young (Allocation Failure)
[2026-10-07T23:58:01.045+0000][45.042s][info][gc,heap        ] GC(28) DefNew: 10814K(11328K)->885K(11328K) Eden: 10112K(10112K)->0K(10112K) From: 702K(1216K)->885K(1216K)
[2026-10-07T23:58:01.045+0000][45.043s][info][gc,heap        ] GC(28) Tenured: 19413K(25012K)->20035K(25012K)
[2026-10-07T23:58:01.045+0000][45.043s][info][gc,metaspace   ] GC(28) Metaspace: 69442K(70208K)->69442K(70208K) NonClass: 60169K(60608K)->60169K(60608K) Class: 9273K(9600K)->9273K(9600K)
[2026-10-07T23:58:01.045+0000][45.043s][info][gc             ] GC(28) Pause Young (Allocation Failure) 29M->20M(35M) 14.165ms
[2026-10-07T23:58:01.046+0000][45.043s][info][gc,cpu         ] GC(28) User=0.01s Sys=0.00s Real=0.02s
[2026-10-07T23:58:02.349+0000][46.346s][info][gc,start       ] GC(29) Pause Young (Allocation Failure)
[2026-10-07T23:58:02.363+0000][46.361s][info][gc,heap        ] GC(29) DefNew: 10997K(11328K)->830K(11328K) Eden: 10112K(10112K)->0K(10112K) From: 885K(1216K)->830K(1216K)
[2026-10-07T23:58:02.363+0000][46.361s][info][gc,heap        ] GC(29) Tenured: 20035K(25012K)->20825K(25012K)
[2026-10-07T23:58:02.363+0000][46.361s][info][gc,metaspace   ] GC(29) Metaspace: 70005K(70784K)->70005K(70784K) NonClass: 60730K(61184K)->60730K(61184K) Class: 9274K(9600K)->9274K(9600K)
[2026-10-07T23:58:02.363+0000][46.361s][info][gc             ] GC(29) Pause Young (Allocation Failure) 30M->21M(35M) 14.656ms
[2026-10-07T23:58:02.363+0000][46.361s][info][gc,cpu         ] GC(29) User=0.02s Sys=0.00s Real=0.01s
[2026-10-07T23:58:03.455+0000][47.452s][info][gc,start       ] GC(30) Pause Young (Allocation Failure)
[2026-10-07T23:58:03.465+0000][47.463s][info][gc,heap        ] GC(30) DefNew: 10942K(11328K)->799K(11328K) Eden: 10112K(10112K)->0K(10112K) From: 830K(1216K)->799K(1216K)
[2026-10-07T23:58:03.466+0000][47.463s][info][gc,heap        ] GC(30) Tenured: 20825K(25012K)->21499K(25012K)
[2026-10-07T23:58:03.466+0000][47.464s][info][gc,metaspace   ] GC(30) Metaspace: 70459K(71168K)->70459K(71168K) NonClass: 61184K(61568K)->61184K(61568K) Class: 9274K(9600K)->9274K(9600K)
[2026-10-07T23:58:03.466+0000][47.464s][info][gc             ] GC(30) Pause Young (Allocation Failure) 31M->21M(35M) 11.724ms
[2026-10-07T23:58:03.466+0000][47.464s][info][gc,cpu         ] GC(30) User=0.01s Sys=0.00s Real=0.01s
[2026-10-07T23:58:04.464+0000][48.461s][info][gc,start       ] GC(31) Pause Young (Allocation Failure)
[2026-10-07T23:58:04.479+0000][48.476s][info][gc,heap        ] GC(31) DefNew: 10911K(11328K)->602K(11328K) Eden: 10112K(10112K)->0K(10112K) From: 799K(1216K)->602K(1216K)
[2026-10-07T23:58:04.479+0000][48.476s][info][gc,heap        ] GC(31) Tenured: 21499K(25012K)->22122K(25012K)
[2026-10-07T23:58:04.479+0000][48.476s][info][gc,metaspace   ] GC(31) Metaspace: 70669K(71424K)->70669K(71424K) NonClass: 61394K(61824K)->61394K(61824K) Class: 9275K(9600K)->9275K(9600K)
[2026-10-07T23:58:04.479+0000][48.477s][info][gc             ] GC(31) Pause Young (Allocation Failure) 31M->22M(35M) 15.236ms
[2026-10-07T23:58:04.479+0000][48.477s][info][gc,cpu         ] GC(31) User=0.02s Sys=0.00s Real=0.01s
[2026-10-07T23:58:05.364+0000][49.361s][info][gc,start       ] GC(32) Pause Young (Allocation Failure)
[2026-10-07T23:58:05.380+0000][49.377s][info][gc,heap        ] GC(32) DefNew: 10714K(11328K)->1216K(11328K) Eden: 10112K(10112K)->0K(10112K) From: 602K(1216K)->1216K(1216K)
[2026-10-07T23:58:05.380+0000][49.377s][info][gc,heap        ] GC(32) Tenured: 22122K(25012K)->22139K(25012K)
[2026-10-07T23:58:05.380+0000][49.377s][info][gc,metaspace   ] GC(32) Metaspace: 70967K(71744K)->70967K(71744K) NonClass: 61686K(62144K)->61686K(62144K) Class: 9281K(9600K)->9281K(9600K)
[2026-10-07T23:58:05.380+0000][49.377s][info][gc             ] GC(32) Pause Young (Allocation Failure) 32M->22M(35M) 15.888ms
[2026-10-07T23:58:05.380+0000][49.377s][info][gc,cpu         ] GC(32) User=0.01s Sys=0.00s Real=0.01s
[2026-10-07T23:58:06.481+0000][50.479s][info][gc,start       ] GC(33) Pause Young (Allocation Failure)
[2026-10-07T23:58:06.499+0000][50.496s][info][gc,heap        ] GC(33) DefNew: 11328K(11328K)->637K(11328K) Eden: 10112K(10112K)->0K(10112K) From: 1216K(1216K)->637K(1216K)
[2026-10-07T23:58:06.499+0000][50.496s][info][gc,heap        ] GC(33) Tenured: 22139K(25012K)->23114K(25012K)
[2026-10-07T23:58:06.499+0000][50.497s][info][gc,metaspace   ] GC(33) Metaspace: 71196K(71936K)->71196K(71936K) NonClass: 61915K(62336K)->61915K(62336K) Class: 9281K(9600K)->9281K(9600K)
[2026-10-07T23:58:06.499+0000][50.497s][info][gc             ] GC(33) Pause Young (Allocation Failure) 32M->23M(35M) 18.097ms
[2026-10-07T23:58:06.500+0000][50.497s][info][gc,cpu         ] GC(33) User=0.01s Sys=0.00s Real=0.02s
[2026-10-07T23:58:07.468+0000][51.465s][info][gc,start       ] GC(34) Pause Young (Allocation Failure)
[2026-10-07T23:58:07.480+0000][51.477s][info][gc,heap        ] GC(34) DefNew: 10749K(11328K)->711K(11328K) Eden: 10112K(10112K)->0K(10112K) From: 637K(1216K)->711K(1216K)
[2026-10-07T23:58:07.480+0000][51.478s][info][gc,heap        ] GC(34) Tenured: 23114K(25012K)->23518K(25012K)
[2026-10-07T23:58:07.481+0000][51.478s][info][gc,metaspace   ] GC(34) Metaspace: 71577K(72320K)->71577K(72320K) NonClass: 62295K(62720K)->62295K(62720K) Class: 9281K(9600K)->9281K(9600K)
[2026-10-07T23:58:07.481+0000][51.478s][info][gc             ] GC(34) Pause Young (Allocation Failure) 33M->23M(35M) 13.144ms
[2026-10-07T23:58:07.481+0000][51.478s][info][gc,cpu         ] GC(34) User=0.00s Sys=0.00s Real=0.01s
[2026-10-07T23:58:08.295+0000][52.293s][info][gc,start       ] GC(35) Pause Young (Allocation Failure)
[2026-10-07T23:58:08.302+0000][52.300s][info][gc,heap        ] GC(35) DefNew: 10823K(11328K)->568K(11328K) Eden: 10112K(10112K)->0K(10112K) From: 711K(1216K)->568K(1216K)
[2026-10-07T23:58:08.302+0000][52.300s][info][gc,heap        ] GC(35) Tenured: 23518K(25012K)->23997K(25012K)
[2026-10-07T23:58:08.302+0000][52.300s][info][gc,metaspace   ] GC(35) Metaspace: 71702K(72448K)->71702K(72448K) NonClass: 62420K(62848K)->62420K(62848K) Class: 9281K(9600K)->9281K(9600K)
[2026-10-07T23:58:08.303+0000][52.300s][info][gc             ] GC(35) Pause Young (Allocation Failure) 33M->23M(35M) 7.114ms
[2026-10-07T23:58:08.303+0000][52.300s][info][gc,cpu         ] GC(35) User=0.00s Sys=0.00s Real=0.00s
[2026-10-07T23:58:09.191+0000][53.188s][info][gc,start       ] GC(36) Pause Young (Allocation Failure)
[2026-10-07T23:58:09.200+0000][53.197s][info][gc,heap        ] GC(36) DefNew: 10680K(11328K)->967K(11328K) Eden: 10112K(10112K)->0K(10112K) From: 568K(1216K)->967K(1216K)
[2026-10-07T23:58:09.200+0000][53.198s][info][gc,heap        ] GC(36) Tenured: 23997K(25012K)->23997K(25012K)
[2026-10-07T23:58:09.200+0000][53.198s][info][gc,metaspace   ] GC(36) Metaspace: 71756K(72448K)->71756K(72448K) NonClass: 62473K(62848K)->62473K(62848K) Class: 9282K(9600K)->9282K(9600K)
[2026-10-07T23:58:09.200+0000][53.198s][info][gc             ] GC(36) Pause Young (Allocation Failure) 33M->24M(35M) 9.330ms
[2026-10-07T23:58:09.200+0000][53.198s][info][gc,cpu         ] GC(36) User=0.02s Sys=0.00s Real=0.01s
[2026-10-07T23:58:09.870+0000][53.868s][info][gc,start       ] GC(37) Pause Young (Allocation Failure)
[2026-10-07T23:58:09.880+0000][53.878s][info][gc,heap        ] GC(37) DefNew: 11079K(11328K)->908K(11328K) Eden: 10112K(10112K)->0K(10112K) From: 967K(1216K)->908K(1216K)
[2026-10-07T23:58:09.880+0000][53.878s][info][gc,heap        ] GC(37) Tenured: 23997K(25012K)->24365K(25012K)
[2026-10-07T23:58:09.880+0000][53.878s][info][gc,metaspace   ] GC(37) Metaspace: 71792K(72512K)->71792K(72512K) NonClass: 62509K(62912K)->62509K(62912K) Class: 9282K(9600K)->9282K(9600K)
[2026-10-07T23:58:09.880+0000][53.878s][info][gc             ] GC(37) Pause Young (Allocation Failure) 34M->24M(35M) 10.226ms
[2026-10-07T23:58:09.880+0000][53.878s][info][gc,cpu         ] GC(37) User=0.01s Sys=0.01s Real=0.01s
[2026-10-07T23:58:10.602+0000][54.600s][info][gc,start       ] GC(38) Pause Young (Allocation Failure)
[2026-10-07T23:58:10.610+0000][54.608s][info][gc,heap        ] GC(38) DefNew: 11020K(11328K)->549K(11328K) Eden: 10112K(10112K)->0K(10112K) From: 908K(1216K)->549K(1216K)
[2026-10-07T23:58:10.610+0000][54.608s][info][gc,heap        ] GC(38) Tenured: 24365K(25012K)->24698K(25012K)
[2026-10-07T23:58:10.610+0000][54.608s][info][gc,metaspace   ] GC(38) Metaspace: 71826K(72576K)->71826K(72576K) NonClass: 62543K(62976K)->62543K(62976K) Class: 9282K(9600K)->9282K(9600K)
[2026-10-07T23:58:10.611+0000][54.608s][info][gc             ] GC(38) Pause Young (Allocation Failure) 34M->24M(35M) 8.531ms
[2026-10-07T23:58:10.611+0000][54.608s][info][gc,cpu         ] GC(38) User=0.01s Sys=0.00s Real=0.01s
[2026-10-07T23:58:11.698+0000][55.695s][info][gc,start       ] GC(39) Pause Young (Allocation Failure)
[2026-10-07T23:58:11.708+0000][55.706s][info][gc,heap        ] GC(39) DefNew: 10661K(11328K)->659K(11328K) Eden: 10112K(10112K)->0K(10112K) From: 549K(1216K)->659K(1216K)
[2026-10-07T23:58:11.708+0000][55.706s][info][gc,heap        ] GC(39) Tenured: 24698K(25012K)->24698K(25012K)
[2026-10-07T23:58:11.708+0000][55.706s][info][gc,metaspace   ] GC(39) Metaspace: 71855K(72640K)->71855K(72640K) NonClass: 62572K(63040K)->62572K(63040K) Class: 9282K(9600K)->9282K(9600K)
[2026-10-07T23:58:11.708+0000][55.706s][info][gc             ] GC(39) Pause Young (Allocation Failure) 34M->24M(35M) 10.605ms
[2026-10-07T23:58:11.708+0000][55.706s][info][gc,cpu         ] GC(39) User=0.00s Sys=0.00s Real=0.01s
[2026-10-07T23:58:12.855+0000][56.853s][info][gc,start       ] GC(40) Pause Young (Allocation Failure)
[2026-10-07T23:58:12.873+0000][56.870s][info][gc,heap        ] GC(40) DefNew: 10771K(11328K)->631K(11328K) Eden: 10112K(10112K)->0K(10112K) From: 659K(1216K)->631K(1216K)
[2026-10-07T23:58:12.873+0000][56.870s][info][gc,heap        ] GC(40) Tenured: 24698K(25012K)->24884K(25012K)
[2026-10-07T23:58:12.873+0000][56.870s][info][gc,metaspace   ] GC(40) Metaspace: 71938K(72704K)->71938K(72704K) NonClass: 62655K(63104K)->62655K(63104K) Class: 9282K(9600K)->9282K(9600K)
[2026-10-07T23:58:12.873+0000][56.870s][info][gc             ] GC(40) Pause Young (Allocation Failure) 34M->24M(35M) 17.294ms
[2026-10-07T23:58:12.873+0000][56.870s][info][gc,cpu         ] GC(40) User=0.02s Sys=0.00s Real=0.01s
[2026-10-07T23:58:14.028+0000][58.025s][info][gc,start       ] GC(41) Pause Young (Allocation Failure)
[2026-10-07T23:58:14.037+0000][58.035s][info][gc             ] GC(41) Pause Young (Allocation Failure) 34M->25M(35M) 9.479ms
[2026-10-07T23:58:14.037+0000][58.035s][info][gc,cpu         ] GC(41) User=0.01s Sys=0.00s Real=0.01s
[2026-10-07T23:58:14.037+0000][58.035s][info][gc,start       ] GC(42) Pause Full (Allocation Failure)
[2026-10-07T23:58:14.041+0000][58.039s][info][gc,phases,start] GC(42) Phase 1: Mark live objects
[2026-10-07T23:58:14.128+0000][58.126s][info][gc,phases      ] GC(42) Phase 1: Mark live objects 87.112ms
[2026-10-07T23:58:14.128+0000][58.126s][info][gc,phases,start] GC(42) Phase 2: Compute new object addresses
[2026-10-07T23:58:14.140+0000][58.137s][info][gc,phases      ] GC(42) Phase 2: Compute new object addresses 11.379ms
[2026-10-07T23:58:14.140+0000][58.137s][info][gc,phases,start] GC(42) Phase 3: Adjust pointers
[2026-10-07T23:58:14.172+0000][58.169s][info][gc,phases      ] GC(42) Phase 3: Adjust pointers 32.037ms
[2026-10-07T23:58:14.172+0000][58.169s][info][gc,phases,start] GC(42) Phase 4: Move objects
[2026-10-07T23:58:14.183+0000][58.180s][info][gc,phases      ] GC(42) Phase 4: Move objects 10.727ms
[2026-10-07T23:58:14.185+0000][58.182s][info][gc,heap        ] GC(42) DefNew: 10743K(11328K)->0K(16640K) Eden: 10112K(10112K)->0K(14848K) From: 631K(1216K)->0K(1792K)
[2026-10-07T23:58:14.185+0000][58.182s][info][gc,heap        ] GC(42) Tenured: 24884K(25012K)->21968K(36616K)
[2026-10-07T23:58:14.185+0000][58.182s][info][gc,metaspace   ] GC(42) Metaspace: 72023K(72768K)->72023K(72768K) NonClass: 62740K(63168K)->62740K(63168K) Class: 9282K(9600K)->9282K(9600K)
[2026-10-07T23:58:14.185+0000][58.182s][info][gc             ] GC(42) Pause Full (Allocation Failure) 25M->21M(52M) 147.335ms
[2026-10-07T23:58:14.185+0000][58.182s][info][gc,cpu         ] GC(42) User=0.13s Sys=0.01s Real=0.15s
[2026-10-07T23:58:15.595+0000][59.592s][info][gc,start       ] GC(43) Pause Young (Allocation Failure)
[2026-10-07T23:58:15.601+0000][59.598s][info][gc,heap        ] GC(43) DefNew: 14848K(16640K)->341K(16640K) Eden: 14848K(14848K)->0K(14848K) From: 0K(1792K)->341K(1792K)
[2026-10-07T23:58:15.601+0000][59.598s][info][gc,heap        ] GC(43) Tenured: 21968K(36616K)->21968K(36616K)
[2026-10-07T23:58:15.601+0000][59.598s][info][gc,metaspace   ] GC(43) Metaspace: 72040K(72768K)->72040K(72768K) NonClass: 62757K(63168K)->62757K(63168K) Class: 9283K(9600K)->9283K(9600K)
[2026-10-07T23:58:15.601+0000][59.598s][info][gc             ] GC(43) Pause Young (Allocation Failure) 35M->21M(52M) 6.446ms
[2026-10-07T23:58:15.601+0000][59.598s][info][gc,cpu         ] GC(43) User=0.00s Sys=0.00s Real=0.00s
[2026-10-07T23:58:17.375+0000][61.373s][info][gc,start       ] GC(44) Pause Young (Allocation Failure)
[2026-10-07T23:58:17.393+0000][61.390s][info][gc,heap        ] GC(44) DefNew: 15189K(16640K)->624K(16640K) Eden: 14848K(14848K)->0K(14848K) From: 341K(1792K)->624K(1792K)
[2026-10-07T23:58:17.393+0000][61.391s][info][gc,heap        ] GC(44) Tenured: 21968K(36616K)->21968K(36616K)
[2026-10-07T23:58:17.394+0000][61.391s][info][gc,metaspace   ] GC(44) Metaspace: 72054K(72832K)->72054K(72832K) NonClass: 62769K(63232K)->62769K(63232K) Class: 9284K(9600K)->9284K(9600K)
[2026-10-07T23:58:17.394+0000][61.391s][info][gc             ] GC(44) Pause Young (Allocation Failure) 36M->22M(52M) 18.870ms
[2026-10-07T23:58:17.395+0000][61.392s][info][gc,cpu         ] GC(44) User=0.01s Sys=0.00s Real=0.02s
[2026-10-07T23:58:19.048+0000][63.046s][info][gc,start       ] GC(45) Pause Young (Allocation Failure)
[2026-10-07T23:58:19.058+0000][63.055s][info][gc,heap        ] GC(45) DefNew: 15472K(16640K)->731K(16640K) Eden: 14848K(14848K)->0K(14848K) From: 624K(1792K)->731K(1792K)
[2026-10-07T23:58:19.058+0000][63.055s][info][gc,heap        ] GC(45) Tenured: 21968K(36616K)->21968K(36616K)
[2026-10-07T23:58:19.058+0000][63.055s][info][gc,metaspace   ] GC(45) Metaspace: 72114K(72896K)->72114K(72896K) NonClass: 62829K(63296K)->62829K(63296K) Class: 9284K(9600K)->9284K(9600K)
[2026-10-07T23:58:19.058+0000][63.055s][info][gc             ] GC(45) Pause Young (Allocation Failure) 36M->22M(52M) 9.864ms
[2026-10-07T23:58:19.058+0000][63.056s][info][gc,cpu         ] GC(45) User=0.02s Sys=0.00s Real=0.01s
[2026-10-07T23:58:20.675+0000][64.672s][info][gc,start       ] GC(46) Pause Young (Allocation Failure)
[2026-10-07T23:58:20.686+0000][64.684s][info][gc,heap        ] GC(46) DefNew: 15579K(16640K)->808K(16640K) Eden: 14848K(14848K)->0K(14848K) From: 731K(1792K)->808K(1792K)
[2026-10-07T23:58:20.687+0000][64.684s][info][gc,heap        ] GC(46) Tenured: 21968K(36616K)->21968K(36616K)
[2026-10-07T23:58:20.687+0000][64.684s][info][gc,metaspace   ] GC(46) Metaspace: 72165K(72896K)->72165K(72896K) NonClass: 62880K(63296K)->62880K(63296K) Class: 9284K(9600K)->9284K(9600K)
[2026-10-07T23:58:20.687+0000][64.685s][info][gc             ] GC(46) Pause Young (Allocation Failure) 36M->22M(52M) 12.618ms
[2026-10-07T23:58:20.688+0000][64.685s][info][gc,cpu         ] GC(46) User=0.01s Sys=0.00s Real=0.01s
[2026-10-07T23:58:22.483+0000][66.480s][info][gc,start       ] GC(47) Pause Young (Allocation Failure)
[2026-10-07T23:58:22.495+0000][66.492s][info][gc,heap        ] GC(47) DefNew: 15656K(16640K)->913K(16640K) Eden: 14848K(14848K)->0K(14848K) From: 808K(1792K)->913K(1792K)
[2026-10-07T23:58:22.495+0000][66.492s][info][gc,heap        ] GC(47) Tenured: 21968K(36616K)->21968K(36616K)
[2026-10-07T23:58:22.495+0000][66.493s][info][gc,metaspace   ] GC(47) Metaspace: 72176K(72960K)->72176K(72960K) NonClass: 62891K(63360K)->62891K(63360K) Class: 9284K(9600K)->9284K(9600K)
[2026-10-07T23:58:22.496+0000][66.493s][info][gc             ] GC(47) Pause Young (Allocation Failure) 36M->22M(52M) 13.013ms
[2026-10-07T23:58:22.497+0000][66.494s][info][gc,cpu         ] GC(47) User=0.00s Sys=0.01s Real=0.02s
[2026-10-07T23:58:24.223+0000][68.220s][info][gc,start       ] GC(48) Pause Young (Allocation Failure)
[2026-10-07T23:58:24.230+0000][68.228s][info][gc,heap        ] GC(48) DefNew: 15761K(16640K)->841K(16640K) Eden: 14848K(14848K)->0K(14848K) From: 913K(1792K)->841K(1792K)
[2026-10-07T23:58:24.230+0000][68.228s][info][gc,heap        ] GC(48) Tenured: 21968K(36616K)->22115K(36616K)
[2026-10-07T23:58:24.231+0000][68.228s][info][gc,metaspace   ] GC(48) Metaspace: 72348K(73088K)->72348K(73088K) NonClass: 63063K(63488K)->63063K(63488K) Class: 9284K(9600K)->9284K(9600K)
[2026-10-07T23:58:24.231+0000][68.228s][info][gc             ] GC(48) Pause Young (Allocation Failure) 36M->22M(52M) 8.147ms
[2026-10-07T23:58:24.231+0000][68.228s][info][gc,cpu         ] GC(48) User=0.01s Sys=0.00s Real=0.01s
[2026-10-07T23:58:26.006+0000][70.004s][info][gc,start       ] GC(49) Pause Young (Allocation Failure)
[2026-10-07T23:58:26.013+0000][70.011s][info][gc,heap        ] GC(49) DefNew: 15689K(16640K)->881K(16640K) Eden: 14848K(14848K)->0K(14848K) From: 841K(1792K)->881K(1792K)
[2026-10-07T23:58:26.013+0000][70.011s][info][gc,heap        ] GC(49) Tenured: 22115K(36616K)->22115K(36616K)
[2026-10-07T23:58:26.013+0000][70.011s][info][gc,metaspace   ] GC(49) Metaspace: 72385K(73152K)->72385K(73152K) NonClass: 63100K(63552K)->63100K(63552K) Class: 9284K(9600K)->9284K(9600K)
[2026-10-07T23:58:26.014+0000][70.011s][info][gc             ] GC(49) Pause Young (Allocation Failure) 36M->22M(52M) 7.421ms
[2026-10-07T23:58:26.014+0000][70.011s][info][gc,cpu         ] GC(49) User=0.01s Sys=0.00s Real=0.01s
[2026-10-07T23:58:27.854+0000][71.852s][info][gc,start       ] GC(50) Pause Young (Allocation Failure)
[2026-10-07T23:58:27.863+0000][71.860s][info][gc,heap        ] GC(50) DefNew: 15729K(16640K)->983K(16640K) Eden: 14848K(14848K)->0K(14848K) From: 881K(1792K)->983K(1792K)
[2026-10-07T23:58:27.863+0000][71.860s][info][gc,heap        ] GC(50) Tenured: 22115K(36616K)->22115K(36616K)
[2026-10-07T23:58:27.863+0000][71.860s][info][gc,metaspace   ] GC(50) Metaspace: 72470K(73216K)->72470K(73216K) NonClass: 63185K(63616K)->63185K(63616K) Class: 9284K(9600K)->9284K(9600K)
[2026-10-07T23:58:27.863+0000][71.860s][info][gc             ] GC(50) Pause Young (Allocation Failure) 36M->22M(52M) 8.366ms
[2026-10-07T23:58:27.863+0000][71.860s][info][gc,cpu         ] GC(50) User=0.01s Sys=0.00s Real=0.00s
[2026-10-07T23:58:29.626+0000][73.623s][info][gc,start       ] GC(51) Pause Young (Allocation Failure)
[2026-10-07T23:58:29.633+0000][73.630s][info][gc,heap        ] GC(51) DefNew: 15831K(16640K)->839K(16640K) Eden: 14848K(14848K)->0K(14848K) From: 983K(1792K)->839K(1792K)
[2026-10-07T23:58:29.633+0000][73.630s][info][gc,heap        ] GC(51) Tenured: 22115K(36616K)->22325K(36616K)
[2026-10-07T23:58:29.633+0000][73.630s][info][gc,metaspace   ] GC(51) Metaspace: 72489K(73216K)->72489K(73216K) NonClass: 63204K(63616K)->63204K(63616K) Class: 9284K(9600K)->9284K(9600K)
[2026-10-07T23:58:29.633+0000][73.630s][info][gc             ] GC(51) Pause Young (Allocation Failure) 37M->22M(52M) 7.056ms
[2026-10-07T23:58:29.633+0000][73.630s][info][gc,cpu         ] GC(51) User=0.00s Sys=0.00s Real=0.00s
[2026-10-07T23:58:31.454+0000][75.452s][info][gc,start       ] GC(52) Pause Young (Allocation Failure)
[2026-10-07T23:58:31.462+0000][75.459s][info][gc,heap        ] GC(52) DefNew: 15687K(16640K)->884K(16640K) Eden: 14848K(14848K)->0K(14848K) From: 839K(1792K)->884K(1792K)
[2026-10-07T23:58:31.462+0000][75.460s][info][gc,heap        ] GC(52) Tenured: 22325K(36616K)->22325K(36616K)
[2026-10-07T23:58:31.462+0000][75.460s][info][gc,metaspace   ] GC(52) Metaspace: 72499K(73216K)->72499K(73216K) NonClass: 63214K(63616K)->63214K(63616K) Class: 9285K(9600K)->9285K(9600K)
[2026-10-07T23:58:31.462+0000][75.460s][info][gc             ] GC(52) Pause Young (Allocation Failure) 37M->22M(52M) 7.732ms
[2026-10-07T23:58:31.462+0000][75.460s][info][gc,cpu         ] GC(52) User=0.01s Sys=0.00s Real=0.00s
[2026-10-07T23:58:33.261+0000][77.258s][info][gc,start       ] GC(53) Pause Young (Allocation Failure)
[2026-10-07T23:58:33.269+0000][77.266s][info][gc,heap        ] GC(53) DefNew: 15732K(16640K)->983K(16640K) Eden: 14848K(14848K)->0K(14848K) From: 884K(1792K)->983K(1792K)
[2026-10-07T23:58:33.269+0000][77.266s][info][gc,heap        ] GC(53) Tenured: 22325K(36616K)->22325K(36616K)
[2026-10-07T23:58:33.269+0000][77.266s][info][gc,metaspace   ] GC(53) Metaspace: 72515K(73216K)->72515K(73216K) NonClass: 63230K(63616K)->63230K(63616K) Class: 9285K(9600K)->9285K(9600K)
[2026-10-07T23:58:33.269+0000][77.266s][info][gc             ] GC(53) Pause Young (Allocation Failure) 37M->22M(52M) 8.282ms
[2026-10-07T23:58:33.269+0000][77.267s][info][gc,cpu         ] GC(53) User=0.01s Sys=0.00s Real=0.01s
[2026-10-07T23:58:35.007+0000][79.005s][info][gc,start       ] GC(54) Pause Young (Allocation Failure)
[2026-10-07T23:58:35.015+0000][79.013s][info][gc,heap        ] GC(54) DefNew: 15831K(16640K)->986K(16640K) Eden: 14848K(14848K)->0K(14848K) From: 983K(1792K)->986K(1792K)
[2026-10-07T23:58:35.015+0000][79.013s][info][gc,heap        ] GC(54) Tenured: 22325K(36616K)->22429K(36616K)
[2026-10-07T23:58:35.015+0000][79.013s][info][gc,metaspace   ] GC(54) Metaspace: 72550K(73280K)->72550K(73280K) NonClass: 63264K(63680K)->63264K(63680K) Class: 9285K(9600K)->9285K(9600K)
[2026-10-07T23:58:35.015+0000][79.013s][info][gc             ] GC(54) Pause Young (Allocation Failure) 37M->22M(52M) 8.280ms
[2026-10-07T23:58:35.016+0000][79.013s][info][gc,cpu         ] GC(54) User=0.01s Sys=0.00s Real=0.01s
[2026-10-07T23:58:36.827+0000][80.825s][info][gc,start       ] GC(55) Pause Young (Allocation Failure)
[2026-10-07T23:58:36.834+0000][80.831s][info][gc,heap        ] GC(55) DefNew: 15834K(16640K)->824K(16640K) Eden: 14848K(14848K)->0K(14848K) From: 986K(1792K)->824K(1792K)
[2026-10-07T23:58:36.834+0000][80.831s][info][gc,heap        ] GC(55) Tenured: 22429K(36616K)->22581K(36616K)
[2026-10-07T23:58:36.834+0000][80.831s][info][gc,metaspace   ] GC(55) Metaspace: 72646K(73344K)->72646K(73344K) NonClass: 63360K(63744K)->63360K(63744K) Class: 9285K(9600K)->9285K(9600K)
[2026-10-07T23:58:36.834+0000][80.831s][info][gc             ] GC(55) Pause Young (Allocation Failure) 37M->22M(52M) 6.899ms
[2026-10-07T23:58:36.834+0000][80.831s][info][gc,cpu         ] GC(55) User=0.00s Sys=0.00s Real=0.01s
[2026-10-07T23:58:38.684+0000][82.682s][info][gc,start       ] GC(56) Pause Young (Allocation Failure)
[2026-10-07T23:58:38.692+0000][82.689s][info][gc,heap        ] GC(56) DefNew: 15672K(16640K)->887K(16640K) Eden: 14848K(14848K)->0K(14848K) From: 824K(1792K)->887K(1792K)
[2026-10-07T23:58:38.692+0000][82.689s][info][gc,heap        ] GC(56) Tenured: 22581K(36616K)->22581K(36616K)
[2026-10-07T23:58:38.692+0000][82.689s][info][gc,metaspace   ] GC(56) Metaspace: 72689K(73408K)->72689K(73408K) NonClass: 63403K(63808K)->63403K(63808K) Class: 9286K(9600K)->9286K(9600K)
[2026-10-07T23:58:38.692+0000][82.689s][info][gc             ] GC(56) Pause Young (Allocation Failure) 37M->22M(52M) 7.674ms
[2026-10-07T23:58:38.692+0000][82.689s][info][gc,cpu         ] GC(56) User=0.00s Sys=0.00s Real=0.00s
[2026-10-07T23:58:40.436+0000][84.433s][info][gc,start       ] GC(57) Pause Young (Allocation Failure)
[2026-10-07T23:58:40.443+0000][84.441s][info][gc,heap        ] GC(57) DefNew: 15735K(16640K)->948K(16640K) Eden: 14848K(14848K)->0K(14848K) From: 887K(1792K)->948K(1792K)
[2026-10-07T23:58:40.443+0000][84.441s][info][gc,heap        ] GC(57) Tenured: 22581K(36616K)->22581K(36616K)
[2026-10-07T23:58:40.443+0000][84.441s][info][gc,metaspace   ] GC(57) Metaspace: 72705K(73472K)->72705K(73472K) NonClass: 63419K(63872K)->63419K(63872K) Class: 9286K(9600K)->9286K(9600K)
[2026-10-07T23:58:40.444+0000][84.442s][info][gc             ] GC(57) Pause Young (Allocation Failure) 37M->22M(52M) 8.386ms
[2026-10-07T23:58:40.445+0000][84.442s][info][gc,cpu         ] GC(57) User=0.00s Sys=0.00s Real=0.01s
[2026-10-07T23:58:42.330+0000][86.327s][info][gc,start       ] GC(58) Pause Young (Allocation Failure)
[2026-10-07T23:58:42.339+0000][86.336s][info][gc,heap        ] GC(58) DefNew: 15796K(16640K)->906K(16640K) Eden: 14848K(14848K)->0K(14848K) From: 948K(1792K)->906K(1792K)
[2026-10-07T23:58:42.339+0000][86.336s][info][gc,heap        ] GC(58) Tenured: 22581K(36616K)->22651K(36616K)
[2026-10-07T23:58:42.339+0000][86.336s][info][gc,metaspace   ] GC(58) Metaspace: 72708K(73472K)->72708K(73472K) NonClass: 63421K(63872K)->63421K(63872K) Class: 9286K(9600K)->9286K(9600K)
[2026-10-07T23:58:42.339+0000][86.336s][info][gc             ] GC(58) Pause Young (Allocation Failure) 37M->23M(52M) 9.142ms
[2026-10-07T23:58:42.339+0000][86.337s][info][gc,cpu         ] GC(58) User=0.00s Sys=0.00s Real=0.01s
[2026-10-07T23:58:44.172+0000][88.169s][info][gc,start       ] GC(59) Pause Young (Allocation Failure)
[2026-10-07T23:58:44.240+0000][88.237s][info][gc,heap        ] GC(59) DefNew: 15754K(16640K)->951K(16640K) Eden: 14848K(14848K)->0K(14848K) From: 906K(1792K)->951K(1792K)
[2026-10-07T23:58:44.240+0000][88.237s][info][gc,heap        ] GC(59) Tenured: 22651K(36616K)->22718K(36616K)
[2026-10-07T23:58:44.240+0000][88.238s][info][gc,metaspace   ] GC(59) Metaspace: 72716K(73472K)->72716K(73472K) NonClass: 63429K(63872K)->63429K(63872K) Class: 9286K(9600K)->9286K(9600K)
[2026-10-07T23:58:44.240+0000][88.238s][info][gc             ] GC(59) Pause Young (Allocation Failure) 37M->23M(52M) 68.707ms
[2026-10-07T23:58:44.240+0000][88.238s][info][gc,cpu         ] GC(59) User=0.01s Sys=0.00s Real=0.07s
[2026-10-07T23:58:45.935+0000][89.932s][info][gc,start       ] GC(60) Pause Young (Allocation Failure)
[2026-10-07T23:58:45.943+0000][89.940s][info][gc,heap        ] GC(60) DefNew: 15799K(16640K)->824K(16640K) Eden: 14848K(14848K)->0K(14848K) From: 951K(1792K)->824K(1792K)
[2026-10-07T23:58:45.943+0000][89.941s][info][gc,heap        ] GC(60) Tenured: 22718K(36616K)->22829K(36616K)
[2026-10-07T23:58:45.943+0000][89.941s][info][gc,metaspace   ] GC(60) Metaspace: 72748K(73472K)->72748K(73472K) NonClass: 63461K(63872K)->63461K(63872K) Class: 9286K(9600K)->9286K(9600K)
[2026-10-07T23:58:45.943+0000][89.941s][info][gc             ] GC(60) Pause Young (Allocation Failure) 37M->23M(52M) 8.524ms
[2026-10-07T23:58:45.943+0000][89.941s][info][gc,cpu         ] GC(60) User=0.01s Sys=0.00s Real=0.00s
[2026-10-07T23:58:47.789+0000][91.786s][info][gc,start       ] GC(61) Pause Young (Allocation Failure)
[2026-10-07T23:58:47.800+0000][91.797s][info][gc,heap        ] GC(61) DefNew: 15672K(16640K)->935K(16640K) Eden: 14848K(14848K)->0K(14848K) From: 824K(1792K)->935K(1792K)
[2026-10-07T23:58:47.800+0000][91.797s][info][gc,heap        ] GC(61) Tenured: 22829K(36616K)->22829K(36616K)
[2026-10-07T23:58:47.800+0000][91.797s][info][gc,metaspace   ] GC(61) Metaspace: 72761K(73472K)->72761K(73472K) NonClass: 63474K(63872K)->63474K(63872K) Class: 9286K(9600K)->9286K(9600K)
[2026-10-07T23:58:47.800+0000][91.797s][info][gc             ] GC(61) Pause Young (Allocation Failure) 37M->23M(52M) 11.200ms
[2026-10-07T23:58:47.800+0000][91.797s][info][gc,cpu         ] GC(61) User=0.01s Sys=0.01s Real=0.01s
[2026-10-07T23:58:49.579+0000][93.577s][info][gc,start       ] GC(62) Pause Young (Allocation Failure)
[2026-10-07T23:58:49.587+0000][93.584s][info][gc,heap        ] GC(62) DefNew: 15783K(16640K)->943K(16640K) Eden: 14848K(14848K)->0K(14848K) From: 935K(1792K)->943K(1792K)
[2026-10-07T23:58:49.587+0000][93.584s][info][gc,heap        ] GC(62) Tenured: 22829K(36616K)->22901K(36616K)
[2026-10-07T23:58:49.587+0000][93.584s][info][gc,metaspace   ] GC(62) Metaspace: 72775K(73472K)->72775K(73472K) NonClass: 63488K(63872K)->63488K(63872K) Class: 9286K(9600K)->9286K(9600K)
[2026-10-07T23:58:49.587+0000][93.584s][info][gc             ] GC(62) Pause Young (Allocation Failure) 37M->23M(52M) 7.723ms
[2026-10-07T23:58:49.587+0000][93.584s][info][gc,cpu         ] GC(62) User=0.01s Sys=0.00s Real=0.01s
[2026-10-07T23:58:51.345+0000][95.343s][info][gc,start       ] GC(63) Pause Young (Allocation Failure)
[2026-10-07T23:58:51.352+0000][95.350s][info][gc,heap        ] GC(63) DefNew: 15791K(16640K)->836K(16640K) Eden: 14848K(14848K)->0K(14848K) From: 943K(1792K)->836K(1792K)
[2026-10-07T23:58:51.353+0000][95.350s][info][gc,heap        ] GC(63) Tenured: 22901K(36616K)->22983K(36616K)
[2026-10-07T23:58:51.353+0000][95.350s][info][gc,metaspace   ] GC(63) Metaspace: 72790K(73536K)->72790K(73536K) NonClass: 63503K(63936K)->63503K(63936K) Class: 9286K(9600K)->9286K(9600K)
[2026-10-07T23:58:51.353+0000][95.350s][info][gc             ] GC(63) Pause Young (Allocation Failure) 37M->23M(52M) 7.167ms
[2026-10-07T23:58:51.353+0000][95.350s][info][gc,cpu         ] GC(63) User=0.01s Sys=0.00s Real=0.00s
[2026-10-07T23:58:53.202+0000][97.200s][info][gc,start       ] GC(64) Pause Young (Allocation Failure)
[2026-10-07T23:58:53.213+0000][97.210s][info][gc,heap        ] GC(64) DefNew: 15684K(16640K)->914K(16640K) Eden: 14848K(14848K)->0K(14848K) From: 836K(1792K)->914K(1792K)
[2026-10-07T23:58:53.213+0000][97.210s][info][gc,heap        ] GC(64) Tenured: 22983K(36616K)->22983K(36616K)
[2026-10-07T23:58:53.215+0000][97.212s][info][gc,metaspace   ] GC(64) Metaspace: 72795K(73536K)->72795K(73536K) NonClass: 63509K(63936K)->63509K(63936K) Class: 9286K(9600K)->9286K(9600K)
[2026-10-07T23:58:53.215+0000][97.212s][info][gc             ] GC(64) Pause Young (Allocation Failure) 37M->23M(52M) 12.680ms
[2026-10-07T23:58:53.215+0000][97.212s][info][gc,cpu         ] GC(64) User=0.01s Sys=0.00s Real=0.02s
[2026-10-07T23:58:55.005+0000][99.002s][info][gc,start       ] GC(65) Pause Young (Allocation Failure)
[2026-10-07T23:58:55.018+0000][99.015s][info][gc,heap        ] GC(65) DefNew: 15762K(16640K)->919K(16640K) Eden: 14848K(14848K)->0K(14848K) From: 914K(1792K)->919K(1792K)
[2026-10-07T23:58:55.018+0000][99.015s][info][gc,heap        ] GC(65) Tenured: 22983K(36616K)->23048K(36616K)
[2026-10-07T23:58:55.018+0000][99.015s][info][gc,metaspace   ] GC(65) Metaspace: 72799K(73536K)->72799K(73536K) NonClass: 63512K(63936K)->63512K(63936K) Class: 9286K(9600K)->9286K(9600K)
[2026-10-07T23:58:55.018+0000][99.016s][info][gc             ] GC(65) Pause Young (Allocation Failure) 37M->23M(52M) 13.739ms
[2026-10-07T23:58:55.018+0000][99.016s][info][gc,cpu         ] GC(65) User=0.01s Sys=0.00s Real=0.01s
[2026-10-07T23:58:56.832+0000][100.829s][info][gc,start       ] GC(66) Pause Young (Allocation Failure)
[2026-10-07T23:58:56.840+0000][100.838s][info][gc,heap        ] GC(66) DefNew: 15767K(16640K)->895K(16640K) Eden: 14848K(14848K)->0K(14848K) From: 919K(1792K)->895K(1792K)
[2026-10-07T23:58:56.840+0000][100.838s][info][gc,heap        ] GC(66) Tenured: 23048K(36616K)->23121K(36616K)
[2026-10-07T23:58:56.840+0000][100.838s][info][gc,metaspace   ] GC(66) Metaspace: 72802K(73536K)->72802K(73536K) NonClass: 63516K(63936K)->63516K(63936K) Class: 9286K(9600K)->9286K(9600K)
[2026-10-07T23:58:56.840+0000][100.838s][info][gc             ] GC(66) Pause Young (Allocation Failure) 37M->23M(52M) 8.504ms
[2026-10-07T23:58:56.841+0000][100.838s][info][gc,cpu         ] GC(66) User=0.01s Sys=0.00s Real=0.01s
[2026-10-07T23:58:58.663+0000][102.661s][info][gc,start       ] GC(67) Pause Young (Allocation Failure)
[2026-10-07T23:58:58.671+0000][102.669s][info][gc,heap        ] GC(67) DefNew: 15743K(16640K)->994K(16640K) Eden: 14848K(14848K)->0K(14848K) From: 895K(1792K)->994K(1792K)
[2026-10-07T23:58:58.671+0000][102.669s][info][gc,heap        ] GC(67) Tenured: 23121K(36616K)->23121K(36616K)
[2026-10-07T23:58:58.671+0000][102.669s][info][gc,metaspace   ] GC(67) Metaspace: 72813K(73536K)->72813K(73536K) NonClass: 63526K(63936K)->63526K(63936K) Class: 9286K(9600K)->9286K(9600K)
[2026-10-07T23:58:58.671+0000][102.669s][info][gc             ] GC(67) Pause Young (Allocation Failure) 37M->23M(52M) 8.095ms
[2026-10-07T23:58:58.671+0000][102.669s][info][gc,cpu         ] GC(67) User=0.01s Sys=0.00s Real=0.01s
[2026-10-07T23:59:00.443+0000][104.441s][info][gc,start       ] GC(68) Pause Young (Allocation Failure)
[2026-10-07T23:59:00.451+0000][104.448s][info][gc,heap        ] GC(68) DefNew: 15842K(16640K)->872K(16640K) Eden: 14848K(14848K)->0K(14848K) From: 994K(1792K)->872K(1792K)
[2026-10-07T23:59:00.451+0000][104.448s][info][gc,heap        ] GC(68) Tenured: 23121K(36616K)->23286K(36616K)
[2026-10-07T23:59:00.451+0000][104.448s][info][gc,metaspace   ] GC(68) Metaspace: 72827K(73536K)->72827K(73536K) NonClass: 63536K(63936K)->63536K(63936K) Class: 9291K(9600K)->9291K(9600K)
[2026-10-07T23:59:00.451+0000][104.448s][info][gc             ] GC(68) Pause Young (Allocation Failure) 38M->23M(52M) 7.478ms
[2026-10-07T23:59:00.451+0000][104.448s][info][gc,cpu         ] GC(68) User=0.00s Sys=0.00s Real=0.01s
[2026-10-07T23:59:02.311+0000][106.308s][info][gc,start       ] GC(69) Pause Young (Allocation Failure)
[2026-10-07T23:59:02.322+0000][106.319s][info][gc,heap        ] GC(69) DefNew: 15720K(16640K)->925K(16640K) Eden: 14848K(14848K)->0K(14848K) From: 872K(1792K)->925K(1792K)
[2026-10-07T23:59:02.322+0000][106.319s][info][gc,heap        ] GC(69) Tenured: 23286K(36616K)->23286K(36616K)
[2026-10-07T23:59:02.322+0000][106.319s][info][gc,metaspace   ] GC(69) Metaspace: 72829K(73536K)->72829K(73536K) NonClass: 63538K(63936K)->63538K(63936K) Class: 9291K(9600K)->9291K(9600K)
[2026-10-07T23:59:02.326+0000][106.323s][info][gc             ] GC(69) Pause Young (Allocation Failure) 38M->23M(52M) 14.981ms
[2026-10-07T23:59:02.326+0000][106.323s][info][gc,cpu         ] GC(69) User=0.00s Sys=0.00s Real=0.02s
[2026-10-07T23:59:04.119+0000][108.116s][info][gc,start       ] GC(70) Pause Young (Allocation Failure)
[2026-10-07T23:59:04.125+0000][108.123s][info][gc,heap        ] GC(70) DefNew: 15773K(16640K)->910K(16640K) Eden: 14848K(14848K)->0K(14848K) From: 925K(1792K)->910K(1792K)
[2026-10-07T23:59:04.125+0000][108.123s][info][gc,heap        ] GC(70) Tenured: 23286K(36616K)->23326K(36616K)
[2026-10-07T23:59:04.125+0000][108.123s][info][gc,metaspace   ] GC(70) Metaspace: 72831K(73536K)->72831K(73536K) NonClass: 63540K(63936K)->63540K(63936K) Class: 9291K(9600K)->9291K(9600K)
[2026-10-07T23:59:04.126+0000][108.123s][info][gc             ] GC(70) Pause Young (Allocation Failure) 38M->23M(52M) 6.982ms
[2026-10-07T23:59:04.126+0000][108.123s][info][gc,cpu         ] GC(70) User=0.01s Sys=0.00s Real=0.01s
[2026-10-07T23:59:05.888+0000][109.886s][info][gc,start       ] GC(71) Pause Young (Allocation Failure)
[2026-10-07T23:59:05.898+0000][109.896s][info][gc,heap        ] GC(71) DefNew: 15758K(16640K)->904K(16640K) Eden: 14848K(14848K)->0K(14848K) From: 910K(1792K)->904K(1792K)
[2026-10-07T23:59:05.898+0000][109.896s][info][gc,heap        ] GC(71) Tenured: 23326K(36616K)->23363K(36616K)
[2026-10-07T23:59:05.898+0000][109.896s][info][gc,metaspace   ] GC(71) Metaspace: 72849K(73600K)->72849K(73600K) NonClass: 63558K(64000K)->63558K(64000K) Class: 9291K(9600K)->9291K(9600K)
[2026-10-07T23:59:05.899+0000][109.896s][info][gc             ] GC(71) Pause Young (Allocation Failure) 38M->23M(52M) 10.247ms
[2026-10-07T23:59:05.899+0000][109.896s][info][gc,cpu         ] GC(71) User=0.00s Sys=0.00s Real=0.01s
[2026-10-07T23:59:07.739+0000][111.736s][info][gc,start       ] GC(72) Pause Young (Allocation Failure)
[2026-10-07T23:59:07.747+0000][111.744s][info][gc,heap        ] GC(72) DefNew: 15752K(16640K)->943K(16640K) Eden: 14848K(14848K)->0K(14848K) From: 904K(1792K)->943K(1792K)
[2026-10-07T23:59:07.747+0000][111.744s][info][gc,heap        ] GC(72) Tenured: 23363K(36616K)->23411K(36616K)
[2026-10-07T23:59:07.747+0000][111.744s][info][gc,metaspace   ] GC(72) Metaspace: 72849K(73600K)->72849K(73600K) NonClass: 63558K(64000K)->63558K(64000K) Class: 9291K(9600K)->9291K(9600K)
[2026-10-07T23:59:07.747+0000][111.744s][info][gc             ] GC(72) Pause Young (Allocation Failure) 38M->23M(52M) 8.061ms
[2026-10-07T23:59:07.747+0000][111.744s][info][gc,cpu         ] GC(72) User=0.01s Sys=0.00s Real=0.01s
[2026-10-07T23:59:09.575+0000][113.572s][info][gc,start       ] GC(73) Pause Young (Allocation Failure)
[2026-10-07T23:59:09.583+0000][113.580s][info][gc,heap        ] GC(73) DefNew: 15791K(16640K)->952K(16640K) Eden: 14848K(14848K)->0K(14848K) From: 943K(1792K)->952K(1792K)
[2026-10-07T23:59:09.583+0000][113.580s][info][gc,heap        ] GC(73) Tenured: 23411K(36616K)->23478K(36616K)
[2026-10-07T23:59:09.583+0000][113.580s][info][gc,metaspace   ] GC(73) Metaspace: 72865K(73600K)->72865K(73600K) NonClass: 63574K(64000K)->63574K(64000K) Class: 9291K(9600K)->9291K(9600K)
[2026-10-07T23:59:09.583+0000][113.580s][info][gc             ] GC(73) Pause Young (Allocation Failure) 38M->23M(52M) 8.124ms
[2026-10-07T23:59:09.583+0000][113.580s][info][gc,cpu         ] GC(73) User=0.01s Sys=0.00s Real=0.00s
[2026-10-07T23:59:11.372+0000][115.369s][info][gc,start       ] GC(74) Pause Young (Allocation Failure)
[2026-10-07T23:59:11.380+0000][115.377s][info][gc,heap        ] GC(74) DefNew: 15800K(16640K)->981K(16640K) Eden: 14848K(14848K)->0K(14848K) From: 952K(1792K)->981K(1792K)
[2026-10-07T23:59:11.380+0000][115.377s][info][gc,heap        ] GC(74) Tenured: 23478K(36616K)->23556K(36616K)
[2026-10-07T23:59:11.380+0000][115.377s][info][gc,metaspace   ] GC(74) Metaspace: 72875K(73600K)->72875K(73600K) NonClass: 63581K(64000K)->63581K(64000K) Class: 9293K(9600K)->9293K(9600K)
[2026-10-07T23:59:11.380+0000][115.378s][info][gc             ] GC(74) Pause Young (Allocation Failure) 38M->23M(52M) 8.095ms
[2026-10-07T23:59:11.380+0000][115.378s][info][gc,cpu         ] GC(74) User=0.01s Sys=0.00s Real=0.01s
[2026-10-07T23:59:13.228+0000][117.226s][info][gc,start       ] GC(75) Pause Young (Allocation Failure)
[2026-10-07T23:59:13.236+0000][117.233s][info][gc,heap        ] GC(75) DefNew: 15829K(16640K)->962K(16640K) Eden: 14848K(14848K)->0K(14848K) From: 981K(1792K)->962K(1792K)
[2026-10-07T23:59:13.236+0000][117.233s][info][gc,heap        ] GC(75) Tenured: 23556K(36616K)->23643K(36616K)
[2026-10-07T23:59:13.236+0000][117.234s][info][gc,metaspace   ] GC(75) Metaspace: 72902K(73600K)->72902K(73600K) NonClass: 63609K(64000K)->63609K(64000K) Class: 9293K(9600K)->9293K(9600K)
[2026-10-07T23:59:13.237+0000][117.234s][info][gc             ] GC(75) Pause Young (Allocation Failure) 38M->24M(52M) 8.528ms
[2026-10-07T23:59:13.237+0000][117.235s][info][gc,cpu         ] GC(75) User=0.01s Sys=0.00s Real=0.01s
[2026-10-07T23:59:15.078+0000][119.075s][info][gc,start       ] GC(76) Pause Young (Allocation Failure)
[2026-10-07T23:59:15.087+0000][119.085s][info][gc,heap        ] GC(76) DefNew: 15810K(16640K)->922K(16640K) Eden: 14848K(14848K)->0K(14848K) From: 962K(1792K)->922K(1792K)
[2026-10-07T23:59:15.087+0000][119.085s][info][gc,heap        ] GC(76) Tenured: 23643K(36616K)->23737K(36616K)
[2026-10-07T23:59:15.087+0000][119.085s][info][gc,metaspace   ] GC(76) Metaspace: 72914K(73600K)->72914K(73600K) NonClass: 63620K(64000K)->63620K(64000K) Class: 9293K(9600K)->9293K(9600K)
[2026-10-07T23:59:15.087+0000][119.085s][info][gc             ] GC(76) Pause Young (Allocation Failure) 38M->24M(52M) 9.231ms
[2026-10-07T23:59:15.087+0000][119.085s][info][gc,cpu         ] GC(76) User=0.01s Sys=0.00s Real=0.01s
[2026-10-07T23:59:16.920+0000][120.917s][info][gc,start       ] GC(77) Pause Young (Allocation Failure)
[2026-10-07T23:59:16.926+0000][120.924s][info][gc,heap        ] GC(77) DefNew: 15770K(16640K)->849K(16640K) Eden: 14848K(14848K)->0K(14848K) From: 922K(1792K)->849K(1792K)
[2026-10-07T23:59:16.926+0000][120.924s][info][gc,heap        ] GC(77) Tenured: 23737K(36616K)->23793K(36616K)
[2026-10-07T23:59:16.926+0000][120.924s][info][gc,metaspace   ] GC(77) Metaspace: 72916K(73600K)->72916K(73600K) NonClass: 63623K(64000K)->63623K(64000K) Class: 9293K(9600K)->9293K(9600K)
[2026-10-07T23:59:16.928+0000][120.925s][info][gc             ] GC(77) Pause Young (Allocation Failure) 38M->24M(52M) 8.123ms
[2026-10-07T23:59:16.928+0000][120.925s][info][gc,cpu         ] GC(77) User=0.01s Sys=0.01s Real=0.01s
[2026-10-07T23:59:18.771+0000][122.769s][info][gc,start       ] GC(78) Pause Young (Allocation Failure)
[2026-10-07T23:59:18.785+0000][122.783s][info][gc,heap        ] GC(78) DefNew: 15697K(16640K)->933K(16640K) Eden: 14848K(14848K)->0K(14848K) From: 849K(1792K)->933K(1792K)
[2026-10-07T23:59:18.785+0000][122.783s][info][gc,heap        ] GC(78) Tenured: 23793K(36616K)->23793K(36616K)
[2026-10-07T23:59:18.785+0000][122.783s][info][gc,metaspace   ] GC(78) Metaspace: 72922K(73600K)->72922K(73600K) NonClass: 63629K(64000K)->63629K(64000K) Class: 9293K(9600K)->9293K(9600K)
[2026-10-07T23:59:18.785+0000][122.783s][info][gc             ] GC(78) Pause Young (Allocation Failure) 38M->24M(52M) 14.333ms
[2026-10-07T23:59:18.786+0000][122.783s][info][gc,cpu         ] GC(78) User=0.00s Sys=0.00s Real=0.02s
[2026-10-07T23:59:20.462+0000][124.459s][info][gc,start       ] GC(79) Pause Young (Allocation Failure)
[2026-10-07T23:59:20.473+0000][124.470s][info][gc,heap        ] GC(79) DefNew: 15781K(16640K)->866K(16640K) Eden: 14848K(14848K)->0K(14848K) From: 933K(1792K)->866K(1792K)
[2026-10-07T23:59:20.473+0000][124.470s][info][gc,heap        ] GC(79) Tenured: 23793K(36616K)->23927K(36616K)
[2026-10-07T23:59:20.473+0000][124.470s][info][gc,metaspace   ] GC(79) Metaspace: 72944K(73664K)->72944K(73664K) NonClass: 63649K(64064K)->63649K(64064K) Class: 9294K(9600K)->9294K(9600K)
[2026-10-07T23:59:20.473+0000][124.470s][info][gc             ] GC(79) Pause Young (Allocation Failure) 38M->24M(52M) 10.812ms
[2026-10-07T23:59:20.473+0000][124.470s][info][gc,cpu         ] GC(79) User=0.01s Sys=0.00s Real=0.01s
[2026-10-07T23:59:22.313+0000][126.310s][info][gc,start       ] GC(80) Pause Young (Allocation Failure)
[2026-10-07T23:59:22.325+0000][126.322s][info][gc,heap        ] GC(80) DefNew: 15714K(16640K)->938K(16640K) Eden: 14848K(14848K)->0K(14848K) From: 866K(1792K)->938K(1792K)
[2026-10-07T23:59:22.325+0000][126.322s][info][gc,heap        ] GC(80) Tenured: 23927K(36616K)->23927K(36616K)
[2026-10-07T23:59:22.325+0000][126.323s][info][gc,metaspace   ] GC(80) Metaspace: 72944K(73664K)->72944K(73664K) NonClass: 63649K(64064K)->63649K(64064K) Class: 9294K(9600K)->9294K(9600K)
[2026-10-07T23:59:22.325+0000][126.323s][info][gc             ] GC(80) Pause Young (Allocation Failure) 38M->24M(52M) 12.427ms
[2026-10-07T23:59:22.325+0000][126.323s][info][gc,cpu         ] GC(80) User=0.00s Sys=0.00s Real=0.02s
[2026-10-07T23:59:24.121+0000][128.118s][info][gc,start       ] GC(81) Pause Young (Allocation Failure)
[2026-10-07T23:59:24.133+0000][128.130s][info][gc,heap        ] GC(81) DefNew: 15786K(16640K)->959K(16640K) Eden: 14848K(14848K)->0K(14848K) From: 938K(1792K)->959K(1792K)
[2026-10-07T23:59:24.133+0000][128.131s][info][gc,heap        ] GC(81) Tenured: 23927K(36616K)->24004K(36616K)
[2026-10-07T23:59:24.133+0000][128.131s][info][gc,metaspace   ] GC(81) Metaspace: 72951K(73664K)->72951K(73664K) NonClass: 63656K(64064K)->63656K(64064K) Class: 9294K(9600K)->9294K(9600K)
[2026-10-07T23:59:24.133+0000][128.131s][info][gc             ] GC(81) Pause Young (Allocation Failure) 38M->24M(52M) 12.601ms
[2026-10-07T23:59:24.133+0000][128.131s][info][gc,cpu         ] GC(81) User=0.01s Sys=0.00s Real=0.01s
[2026-10-07T23:59:25.964+0000][129.962s][info][gc,start       ] GC(82) Pause Young (Allocation Failure)
[2026-10-07T23:59:25.971+0000][129.969s][info][gc,heap        ] GC(82) DefNew: 15807K(16640K)->929K(16640K) Eden: 14848K(14848K)->0K(14848K) From: 959K(1792K)->929K(1792K)
[2026-10-07T23:59:25.971+0000][129.969s][info][gc,heap        ] GC(82) Tenured: 24004K(36616K)->24068K(36616K)
[2026-10-07T23:59:25.971+0000][129.969s][info][gc,metaspace   ] GC(82) Metaspace: 72953K(73664K)->72953K(73664K) NonClass: 63658K(64064K)->63658K(64064K) Class: 9294K(9600K)->9294K(9600K)
[2026-10-07T23:59:25.971+0000][129.969s][info][gc             ] GC(82) Pause Young (Allocation Failure) 38M->24M(52M) 7.115ms
[2026-10-07T23:59:25.971+0000][129.969s][info][gc,cpu         ] GC(82) User=0.01s Sys=0.00s Real=0.00s
[2026-10-07T23:59:27.801+0000][131.799s][info][gc,start       ] GC(83) Pause Young (Allocation Failure)
[2026-10-07T23:59:27.808+0000][131.805s][info][gc,heap        ] GC(83) DefNew: 15777K(16640K)->974K(16640K) Eden: 14848K(14848K)->0K(14848K) From: 929K(1792K)->974K(1792K)
[2026-10-07T23:59:27.808+0000][131.805s][info][gc,heap        ] GC(83) Tenured: 24068K(36616K)->24107K(36616K)
[2026-10-07T23:59:27.808+0000][131.805s][info][gc,metaspace   ] GC(83) Metaspace: 72963K(73664K)->72963K(73664K) NonClass: 63669K(64064K)->63669K(64064K) Class: 9294K(9600K)->9294K(9600K)
[2026-10-07T23:59:27.808+0000][131.805s][info][gc             ] GC(83) Pause Young (Allocation Failure) 38M->24M(52M) 6.672ms
[2026-10-07T23:59:27.808+0000][131.806s][info][gc,cpu         ] GC(83) User=0.01s Sys=0.00s Real=0.01s
[2026-10-07T23:59:29.643+0000][133.640s][info][gc,start       ] GC(84) Pause Young (Allocation Failure)
[2026-10-07T23:59:29.652+0000][133.649s][info][gc,heap        ] GC(84) DefNew: 15822K(16640K)->871K(16640K) Eden: 14848K(14848K)->0K(14848K) From: 974K(1792K)->871K(1792K)
[2026-10-07T23:59:29.652+0000][133.649s][info][gc,heap        ] GC(84) Tenured: 24107K(36616K)->24300K(36616K)
[2026-10-07T23:59:29.652+0000][133.649s][info][gc,metaspace   ] GC(84) Metaspace: 72986K(73728K)->72986K(73728K) NonClass: 63691K(64128K)->63691K(64128K) Class: 9294K(9600K)->9294K(9600K)
[2026-10-07T23:59:29.652+0000][133.649s][info][gc             ] GC(84) Pause Young (Allocation Failure) 38M->24M(52M) 8.596ms
[2026-10-07T23:59:29.652+0000][133.649s][info][gc,cpu         ] GC(84) User=0.01s Sys=0.00s Real=0.01s
[2026-10-07T23:59:31.496+0000][135.493s][info][gc,start       ] GC(85) Pause Young (Allocation Failure)
[2026-10-07T23:59:31.503+0000][135.501s][info][gc,heap        ] GC(85) DefNew: 15719K(16640K)->844K(16640K) Eden: 14848K(14848K)->0K(14848K) From: 871K(1792K)->844K(1792K)
[2026-10-07T23:59:31.503+0000][135.501s][info][gc,heap        ] GC(85) Tenured: 24300K(36616K)->24300K(36616K)
[2026-10-07T23:59:31.503+0000][135.501s][info][gc,metaspace   ] GC(85) Metaspace: 73011K(73792K)->73011K(73792K) NonClass: 63716K(64192K)->63716K(64192K) Class: 9294K(9600K)->9294K(9600K)
[2026-10-07T23:59:31.504+0000][135.501s][info][gc             ] GC(85) Pause Young (Allocation Failure) 39M->24M(52M) 7.974ms
[2026-10-07T23:59:31.504+0000][135.501s][info][gc,cpu         ] GC(85) User=0.01s Sys=0.00s Real=0.01s
[2026-10-07T23:59:33.361+0000][137.358s][info][gc,start       ] GC(86) Pause Young (Allocation Failure)
[2026-10-07T23:59:33.369+0000][137.366s][info][gc,heap        ] GC(86) DefNew: 15692K(16640K)->930K(16640K) Eden: 14848K(14848K)->0K(14848K) From: 844K(1792K)->930K(1792K)
[2026-10-07T23:59:33.369+0000][137.366s][info][gc,heap        ] GC(86) Tenured: 24300K(36616K)->24300K(36616K)
[2026-10-07T23:59:33.369+0000][137.366s][info][gc,metaspace   ] GC(86) Metaspace: 73022K(73792K)->73022K(73792K) NonClass: 63727K(64192K)->63727K(64192K) Class: 9294K(9600K)->9294K(9600K)
[2026-10-07T23:59:33.369+0000][137.366s][info][gc             ] GC(86) Pause Young (Allocation Failure) 39M->24M(52M) 8.023ms
[2026-10-07T23:59:33.369+0000][137.366s][info][gc,cpu         ] GC(86) User=0.00s Sys=0.00s Real=0.01s
[2026-10-07T23:59:35.109+0000][139.106s][info][gc,start       ] GC(87) Pause Young (Allocation Failure)
[2026-10-07T23:59:35.117+0000][139.114s][info][gc,heap        ] GC(87) DefNew: 15778K(16640K)->1024K(16640K) Eden: 14848K(14848K)->0K(14848K) From: 930K(1792K)->1024K(1792K)
[2026-10-07T23:59:35.117+0000][139.115s][info][gc,heap        ] GC(87) Tenured: 24300K(36616K)->24338K(36616K)
[2026-10-07T23:59:35.117+0000][139.115s][info][gc,metaspace   ] GC(87) Metaspace: 73033K(73792K)->73033K(73792K) NonClass: 63738K(64192K)->63738K(64192K) Class: 9294K(9600K)->9294K(9600K)
[2026-10-07T23:59:35.117+0000][139.115s][info][gc             ] GC(87) Pause Young (Allocation Failure) 39M->24M(52M) 8.320ms
[2026-10-07T23:59:35.117+0000][139.115s][info][gc,cpu         ] GC(87) User=0.01s Sys=0.00s Real=0.01s
[2026-10-07T23:59:36.935+0000][140.933s][info][gc,start       ] GC(88) Pause Young (Allocation Failure)
[2026-10-07T23:59:36.944+0000][140.941s][info][gc,heap        ] GC(88) DefNew: 15872K(16640K)->760K(16640K) Eden: 14848K(14848K)->0K(14848K) From: 1024K(1792K)->760K(1792K)
[2026-10-07T23:59:36.944+0000][140.941s][info][gc,heap        ] GC(88) Tenured: 24338K(36616K)->24600K(36616K)
[2026-10-07T23:59:36.944+0000][140.941s][info][gc,metaspace   ] GC(88) Metaspace: 73044K(73792K)->73044K(73792K) NonClass: 63748K(64192K)->63748K(64192K) Class: 9295K(9600K)->9295K(9600K)
[2026-10-07T23:59:36.944+0000][140.941s][info][gc             ] GC(88) Pause Young (Allocation Failure) 39M->24M(52M) 8.296ms
[2026-10-07T23:59:36.944+0000][140.941s][info][gc,cpu         ] GC(88) User=0.01s Sys=0.00s Real=0.01s
[2026-10-07T23:59:38.790+0000][142.787s][info][gc,start       ] GC(89) Pause Young (Allocation Failure)
[2026-10-07T23:59:38.799+0000][142.796s][info][gc,heap        ] GC(89) DefNew: 15608K(16640K)->856K(16640K) Eden: 14848K(14848K)->0K(14848K) From: 760K(1792K)->856K(1792K)
[2026-10-07T23:59:38.799+0000][142.797s][info][gc,heap        ] GC(89) Tenured: 24600K(36616K)->24600K(36616K)
[2026-10-07T23:59:38.799+0000][142.797s][info][gc,metaspace   ] GC(89) Metaspace: 73047K(73792K)->73047K(73792K) NonClass: 63751K(64192K)->63751K(64192K) Class: 9295K(9600K)->9295K(9600K)
[2026-10-07T23:59:38.799+0000][142.797s][info][gc             ] GC(89) Pause Young (Allocation Failure) 39M->24M(52M) 9.255ms
[2026-10-07T23:59:38.799+0000][142.797s][info][gc,cpu         ] GC(89) User=0.01s Sys=0.00s Real=0.01s
[2026-10-07T23:59:40.581+0000][144.578s][info][gc,start       ] GC(90) Pause Young (Allocation Failure)
[2026-10-07T23:59:40.590+0000][144.587s][info][gc,heap        ] GC(90) DefNew: 15704K(16640K)->849K(16640K) Eden: 14848K(14848K)->0K(14848K) From: 856K(1792K)->849K(1792K)
[2026-10-07T23:59:40.590+0000][144.587s][info][gc,heap        ] GC(90) Tenured: 24600K(36616K)->24600K(36616K)
[2026-10-07T23:59:40.590+0000][144.587s][info][gc,metaspace   ] GC(90) Metaspace: 73051K(73792K)->73051K(73792K) NonClass: 63756K(64192K)->63756K(64192K) Class: 9295K(9600K)->9295K(9600K)
[2026-10-07T23:59:40.590+0000][144.587s][info][gc             ] GC(90) Pause Young (Allocation Failure) 39M->24M(52M) 8.680ms
[2026-10-07T23:59:40.590+0000][144.587s][info][gc,cpu         ] GC(90) User=0.01s Sys=0.00s Real=0.01s
[2026-10-07T23:59:42.446+0000][146.443s][info][gc,start       ] GC(91) Pause Young (Allocation Failure)
[2026-10-07T23:59:42.452+0000][146.449s][info][gc,heap        ] GC(91) DefNew: 15697K(16640K)->935K(16640K) Eden: 14848K(14848K)->0K(14848K) From: 849K(1792K)->935K(1792K)
[2026-10-07T23:59:42.452+0000][146.450s][info][gc,heap        ] GC(91) Tenured: 24600K(36616K)->24600K(36616K)
[2026-10-07T23:59:42.452+0000][146.450s][info][gc,metaspace   ] GC(91) Metaspace: 73053K(73792K)->73053K(73792K) NonClass: 63757K(64192K)->63757K(64192K) Class: 9295K(9600K)->9295K(9600K)
[2026-10-07T23:59:42.452+0000][146.450s][info][gc             ] GC(91) Pause Young (Allocation Failure) 39M->24M(52M) 6.734ms
[2026-10-07T23:59:42.453+0000][146.450s][info][gc,cpu         ] GC(91) User=0.00s Sys=0.00s Real=0.00s
[2026-10-07T23:59:44.286+0000][148.283s][info][gc,start       ] GC(92) Pause Young (Allocation Failure)
[2026-10-07T23:59:44.309+0000][148.306s][info][gc,heap        ] GC(92) DefNew: 15783K(16640K)->889K(16640K) Eden: 14848K(14848K)->0K(14848K) From: 935K(1792K)->889K(1792K)
[2026-10-07T23:59:44.310+0000][148.308s][info][gc,heap        ] GC(92) Tenured: 24600K(36616K)->24681K(36616K)
[2026-10-07T23:59:44.310+0000][148.308s][info][gc,metaspace   ] GC(92) Metaspace: 73061K(73792K)->73061K(73792K) NonClass: 63765K(64192K)->63765K(64192K) Class: 9295K(9600K)->9295K(9600K)
[2026-10-07T23:59:44.310+0000][148.308s][info][gc             ] GC(92) Pause Young (Allocation Failure) 39M->24M(52M) 24.519ms
[2026-10-07T23:59:44.311+0000][148.308s][info][gc,cpu         ] GC(92) User=0.01s Sys=0.00s Real=0.02s
[2026-10-07T23:59:46.131+0000][150.128s][info][gc,start       ] GC(93) Pause Young (Allocation Failure)
[2026-10-07T23:59:46.138+0000][150.136s][info][gc,heap        ] GC(93) DefNew: 15737K(16640K)->887K(16640K) Eden: 14848K(14848K)->0K(14848K) From: 889K(1792K)->887K(1792K)
[2026-10-07T23:59:46.138+0000][150.136s][info][gc,heap        ] GC(93) Tenured: 24681K(36616K)->24681K(36616K)
[2026-10-07T23:59:46.138+0000][150.136s][info][gc,metaspace   ] GC(93) Metaspace: 73062K(73792K)->73062K(73792K) NonClass: 63767K(64192K)->63767K(64192K) Class: 9295K(9600K)->9295K(9600K)
[2026-10-07T23:59:46.138+0000][150.136s][info][gc             ] GC(93) Pause Young (Allocation Failure) 39M->24M(52M) 7.564ms
[2026-10-07T23:59:46.139+0000][150.136s][info][gc,cpu         ] GC(93) User=0.01s Sys=0.00s Real=0.01s
[2026-10-07T23:59:47.984+0000][151.982s][info][gc,start       ] GC(94) Pause Young (Allocation Failure)
[2026-10-07T23:59:47.991+0000][151.989s][info][gc,heap        ] GC(94) DefNew: 15735K(16640K)->955K(16640K) Eden: 14848K(14848K)->0K(14848K) From: 887K(1792K)->955K(1792K)
[2026-10-07T23:59:47.991+0000][151.989s][info][gc,heap        ] GC(94) Tenured: 24681K(36616K)->24681K(36616K)
[2026-10-07T23:59:47.991+0000][151.989s][info][gc,metaspace   ] GC(94) Metaspace: 73064K(73792K)->73064K(73792K) NonClass: 63769K(64192K)->63769K(64192K) Class: 9295K(9600K)->9295K(9600K)
[2026-10-07T23:59:47.991+0000][151.989s][info][gc             ] GC(94) Pause Young (Allocation Failure) 39M->25M(52M) 6.792ms
[2026-10-07T23:59:47.991+0000][151.989s][info][gc,cpu         ] GC(94) User=0.01s Sys=0.00s Real=0.00s
[2026-10-07T23:59:49.734+0000][153.732s][info][gc,start       ] GC(95) Pause Young (Allocation Failure)
[2026-10-07T23:59:49.742+0000][153.739s][info][gc,heap        ] GC(95) DefNew: 15803K(16640K)->930K(16640K) Eden: 14848K(14848K)->0K(14848K) From: 955K(1792K)->930K(1792K)
[2026-10-07T23:59:49.742+0000][153.739s][info][gc,heap        ] GC(95) Tenured: 24681K(36616K)->24759K(36616K)
[2026-10-07T23:59:49.742+0000][153.739s][info][gc,metaspace   ] GC(95) Metaspace: 73085K(73792K)->73085K(73792K) NonClass: 63789K(64192K)->63789K(64192K) Class: 9295K(9600K)->9295K(9600K)
[2026-10-07T23:59:49.742+0000][153.739s][info][gc             ] GC(95) Pause Young (Allocation Failure) 39M->25M(52M) 7.475ms
[2026-10-07T23:59:49.742+0000][153.739s][info][gc,cpu         ] GC(95) User=0.01s Sys=0.00s Real=0.00s
[2026-10-07T23:59:51.577+0000][155.574s][info][gc,start       ] GC(96) Pause Young (Allocation Failure)
[2026-10-07T23:59:51.584+0000][155.581s][info][gc,heap        ] GC(96) DefNew: 15778K(16640K)->962K(16640K) Eden: 14848K(14848K)->0K(14848K) From: 930K(1792K)->962K(1792K)
[2026-10-07T23:59:51.584+0000][155.581s][info][gc,heap        ] GC(96) Tenured: 24759K(36616K)->24816K(36616K)
[2026-10-07T23:59:51.584+0000][155.581s][info][gc,metaspace   ] GC(96) Metaspace: 73085K(73792K)->73085K(73792K) NonClass: 63789K(64192K)->63789K(64192K) Class: 9295K(9600K)->9295K(9600K)
[2026-10-07T23:59:51.584+0000][155.581s][info][gc             ] GC(96) Pause Young (Allocation Failure) 39M->25M(52M) 7.029ms
[2026-10-07T23:59:51.584+0000][155.581s][info][gc,cpu         ] GC(96) User=0.00s Sys=0.00s Real=0.01s
[2026-10-07T23:59:53.456+0000][157.454s][info][gc,start       ] GC(97) Pause Young (Allocation Failure)
[2026-10-07T23:59:53.464+0000][157.462s][info][gc,heap        ] GC(97) DefNew: 15810K(16640K)->944K(16640K) Eden: 14848K(14848K)->0K(14848K) From: 962K(1792K)->944K(1792K)
[2026-10-07T23:59:53.464+0000][157.462s][info][gc,heap        ] GC(97) Tenured: 24816K(36616K)->24897K(36616K)
[2026-10-07T23:59:53.464+0000][157.462s][info][gc,metaspace   ] GC(97) Metaspace: 73094K(73792K)->73094K(73792K) NonClass: 63799K(64192K)->63799K(64192K) Class: 9295K(9600K)->9295K(9600K)
[2026-10-07T23:59:53.464+0000][157.462s][info][gc             ] GC(97) Pause Young (Allocation Failure) 39M->25M(52M) 8.048ms
[2026-10-07T23:59:53.464+0000][157.462s][info][gc,cpu         ] GC(97) User=0.01s Sys=0.00s Real=0.01s
[2026-10-07T23:59:55.252+0000][159.250s][info][gc,start       ] GC(98) Pause Young (Allocation Failure)
[2026-10-07T23:59:55.260+0000][159.258s][info][gc,heap        ] GC(98) DefNew: 15792K(16640K)->1015K(16640K) Eden: 14847K(14848K)->0K(14848K) From: 944K(1792K)->1015K(1792K)
[2026-10-07T23:59:55.260+0000][159.258s][info][gc,heap        ] GC(98) Tenured: 24897K(36616K)->24954K(36616K)
[2026-10-07T23:59:55.260+0000][159.258s][info][gc,metaspace   ] GC(98) Metaspace: 73095K(73792K)->73095K(73792K) NonClass: 63799K(64192K)->63799K(64192K) Class: 9295K(9600K)->9295K(9600K)
[2026-10-07T23:59:55.260+0000][159.258s][info][gc             ] GC(98) Pause Young (Allocation Failure) 39M->25M(52M) 7.931ms
[2026-10-07T23:59:55.260+0000][159.258s][info][gc,cpu         ] GC(98) User=0.00s Sys=0.00s Real=0.01s
[2026-10-07T23:59:57.088+0000][161.085s][info][gc,start       ] GC(99) Pause Young (Allocation Failure)
[2026-10-07T23:59:57.104+0000][161.102s][info][gc,heap        ] GC(99) DefNew: 15863K(16640K)->824K(16640K) Eden: 14848K(14848K)->0K(14848K) From: 1015K(1792K)->824K(1792K)
[2026-10-07T23:59:57.104+0000][161.102s][info][gc,heap        ] GC(99) Tenured: 24954K(36616K)->25106K(36616K)
[2026-10-07T23:59:57.104+0000][161.102s][info][gc,metaspace   ] GC(99) Metaspace: 73099K(73792K)->73099K(73792K) NonClass: 63803K(64192K)->63803K(64192K) Class: 9295K(9600K)->9295K(9600K)
[2026-10-07T23:59:57.104+0000][161.102s][info][gc             ] GC(99) Pause Young (Allocation Failure) 39M->25M(52M) 16.468ms
[2026-10-07T23:59:57.104+0000][161.102s][info][gc,cpu         ] GC(99) User=0.01s Sys=0.00s Real=0.02s
[2026-10-07T23:59:58.955+0000][162.952s][info][gc,start       ] GC(100) Pause Young (Allocation Failure)
[2026-10-07T23:59:58.965+0000][162.962s][info][gc,heap        ] GC(100) DefNew: 15672K(16640K)->892K(16640K) Eden: 14848K(14848K)->0K(14848K) From: 824K(1792K)->892K(1792K)
[2026-10-07T23:59:58.965+0000][162.962s][info][gc,heap        ] GC(100) Tenured: 25106K(36616K)->25106K(36616K)
[2026-10-07T23:59:58.965+0000][162.962s][info][gc,metaspace   ] GC(100) Metaspace: 73112K(73856K)->73112K(73856K) NonClass: 63816K(64256K)->63816K(64256K) Class: 9295K(9600K)->9295K(9600K)
[2026-10-07T23:59:58.965+0000][162.962s][info][gc             ] GC(100) Pause Young (Allocation Failure) 39M->25M(52M) 9.748ms
[2026-10-07T23:59:58.965+0000][162.962s][info][gc,cpu         ] GC(100) User=0.01s Sys=0.00s Real=0.01s
[2026-10-08T00:00:00.714+0000][164.711s][info][gc,start       ] GC(101) Pause Young (Allocation Failure)
[2026-10-08T00:00:00.725+0000][164.723s][info][gc,heap        ] GC(101) DefNew: 15739K(16640K)->1360K(16640K) Eden: 14847K(14848K)->0K(14848K) From: 892K(1792K)->1360K(1792K)
[2026-10-08T00:00:00.725+0000][164.723s][info][gc,heap        ] GC(101) Tenured: 25106K(36616K)->25106K(36616K)
[2026-10-08T00:00:00.725+0000][164.723s][info][gc,metaspace   ] GC(101) Metaspace: 73151K(73856K)->73151K(73856K) NonClass: 63855K(64256K)->63855K(64256K) Class: 9295K(9600K)->9295K(9600K)
[2026-10-08T00:00:00.725+0000][164.723s][info][gc             ] GC(101) Pause Young (Allocation Failure) 39M->25M(52M) 11.707ms
[2026-10-08T00:00:00.726+0000][164.724s][info][gc,cpu         ] GC(101) User=0.01s Sys=0.00s Real=0.01s
[2026-10-08T00:00:02.276+0000][166.274s][info][gc,start       ] GC(102) Pause Young (Allocation Failure)
[2026-10-08T00:00:02.298+0000][166.296s][info][gc,heap        ] GC(102) DefNew: 16208K(16640K)->1792K(16640K) Eden: 14848K(14848K)->0K(14848K) From: 1360K(1792K)->1792K(1792K)
[2026-10-08T00:00:02.298+0000][166.296s][info][gc,heap        ] GC(102) Tenured: 25106K(36616K)->25683K(36616K)
[2026-10-08T00:00:02.298+0000][166.296s][info][gc,metaspace   ] GC(102) Metaspace: 73179K(73920K)->73179K(73920K) NonClass: 63883K(64320K)->63883K(64320K) Class: 9295K(9600K)->9295K(9600K)
[2026-10-08T00:00:02.298+0000][166.296s][info][gc             ] GC(102) Pause Young (Allocation Failure) 40M->26M(52M) 21.807ms
[2026-10-08T00:00:02.299+0000][166.296s][info][gc,cpu         ] GC(102) User=0.01s Sys=0.00s Real=0.02s
[2026-10-08T00:00:03.680+0000][167.678s][info][gc,start       ] GC(103) Pause Young (Allocation Failure)
[2026-10-08T00:00:03.699+0000][167.696s][info][gc,heap        ] GC(103) DefNew: 16640K(16640K)->1076K(16640K) Eden: 14848K(14848K)->0K(14848K) From: 1792K(1792K)->1076K(1792K)
[2026-10-08T00:00:03.699+0000][167.696s][info][gc,heap        ] GC(103) Tenured: 25683K(36616K)->27356K(36616K)
[2026-10-08T00:00:03.699+0000][167.696s][info][gc,metaspace   ] GC(103) Metaspace: 73184K(73920K)->73184K(73920K) NonClass: 63888K(64320K)->63888K(64320K) Class: 9295K(9600K)->9295K(9600K)
[2026-10-08T00:00:03.699+0000][167.696s][info][gc             ] GC(103) Pause Young (Allocation Failure) 41M->27M(52M) 18.474ms
[2026-10-08T00:00:03.699+0000][167.696s][info][gc,cpu         ] GC(103) User=0.01s Sys=0.00s Real=0.02s
[2026-10-08T00:00:05.294+0000][169.292s][info][gc,start       ] GC(104) Pause Young (Allocation Failure)
[2026-10-08T00:00:05.307+0000][169.304s][info][gc,heap        ] GC(104) DefNew: 15924K(16640K)->712K(16640K) Eden: 14848K(14848K)->0K(14848K) From: 1076K(1792K)->712K(1792K)
[2026-10-08T00:00:05.307+0000][169.304s][info][gc,heap        ] GC(104) Tenured: 27356K(36616K)->28318K(36616K)
[2026-10-08T00:00:05.307+0000][169.304s][info][gc,metaspace   ] GC(104) Metaspace: 73197K(73920K)->73197K(73920K) NonClass: 63901K(64320K)->63901K(64320K) Class: 9295K(9600K)->9295K(9600K)
[2026-10-08T00:00:05.307+0000][169.304s][info][gc             ] GC(104) Pause Young (Allocation Failure) 42M->28M(52M) 12.563ms
[2026-10-08T00:00:05.307+0000][169.304s][info][gc,cpu         ] GC(104) User=0.01s Sys=0.00s Real=0.01s
[2026-10-08T00:00:07.080+0000][171.078s][info][gc,start       ] GC(105) Pause Young (Allocation Failure)
[2026-10-08T00:00:07.095+0000][171.093s][info][gc,heap        ] GC(105) DefNew: 15560K(16640K)->1232K(16640K) Eden: 14848K(14848K)->0K(14848K) From: 712K(1792K)->1232K(1792K)
[2026-10-08T00:00:07.096+0000][171.093s][info][gc,heap        ] GC(105) Tenured: 28318K(36616K)->28318K(36616K)
[2026-10-08T00:00:07.096+0000][171.093s][info][gc,metaspace   ] GC(105) Metaspace: 73199K(73920K)->73199K(73920K) NonClass: 63903K(64320K)->63903K(64320K) Class: 9296K(9600K)->9296K(9600K)
[2026-10-08T00:00:07.096+0000][171.093s][info][gc             ] GC(105) Pause Young (Allocation Failure) 42M->28M(52M) 15.571ms
[2026-10-08T00:00:07.096+0000][171.093s][info][gc,cpu         ] GC(105) User=0.00s Sys=0.00s Real=0.02s
[2026-10-08T00:00:08.850+0000][172.847s][info][gc,start       ] GC(106) Pause Young (Allocation Failure)
[2026-10-08T00:00:08.858+0000][172.856s][info][gc,heap        ] GC(106) DefNew: 16080K(16640K)->982K(16640K) Eden: 14848K(14848K)->0K(14848K) From: 1232K(1792K)->982K(1792K)
[2026-10-08T00:00:08.858+0000][172.856s][info][gc,heap        ] GC(106) Tenured: 28318K(36616K)->28911K(36616K)
[2026-10-08T00:00:08.858+0000][172.856s][info][gc,metaspace   ] GC(106) Metaspace: 73200K(73920K)->73200K(73920K) NonClass: 63904K(64320K)->63904K(64320K) Class: 9296K(9600K)->9296K(9600K)
[2026-10-08T00:00:08.858+0000][172.856s][info][gc             ] GC(106) Pause Young (Allocation Failure) 43M->29M(52M) 8.551ms
[2026-10-08T00:00:08.858+0000][172.856s][info][gc,cpu         ] GC(106) User=0.01s Sys=0.00s Real=0.01s
[2026-10-08T00:00:10.581+0000][174.579s][info][gc,start       ] GC(107) Pause Young (Allocation Failure)
[2026-10-08T00:00:10.591+0000][174.588s][info][gc,heap        ] GC(107) DefNew: 15830K(16640K)->784K(16640K) Eden: 14848K(14848K)->0K(14848K) From: 982K(1792K)->784K(1792K)
[2026-10-08T00:00:10.591+0000][174.588s][info][gc,heap        ] GC(107) Tenured: 28911K(36616K)->29392K(36616K)
[2026-10-08T00:00:10.591+0000][174.588s][info][gc,metaspace   ] GC(107) Metaspace: 73206K(73920K)->73206K(73920K) NonClass: 63909K(64320K)->63909K(64320K) Class: 9296K(9600K)->9296K(9600K)
[2026-10-08T00:00:10.591+0000][174.588s][info][gc             ] GC(107) Pause Young (Allocation Failure) 43M->29M(52M) 9.656ms
[2026-10-08T00:00:10.591+0000][174.588s][info][gc,cpu         ] GC(107) User=0.01s Sys=0.00s Real=0.01s
[2026-10-08T00:00:12.441+0000][176.439s][info][gc,start       ] GC(108) Pause Young (Allocation Failure)
[2026-10-08T00:00:12.447+0000][176.445s][info][gc,heap        ] GC(108) DefNew: 15632K(16640K)->1002K(16640K) Eden: 14848K(14848K)->0K(14848K) From: 784K(1792K)->1002K(1792K)
[2026-10-08T00:00:12.447+0000][176.445s][info][gc,heap        ] GC(108) Tenured: 29392K(36616K)->29392K(36616K)
[2026-10-08T00:00:12.447+0000][176.445s][info][gc,metaspace   ] GC(108) Metaspace: 73206K(73920K)->73206K(73920K) NonClass: 63909K(64320K)->63909K(64320K) Class: 9296K(9600K)->9296K(9600K)
[2026-10-08T00:00:12.447+0000][176.445s][info][gc             ] GC(108) Pause Young (Allocation Failure) 43M->29M(52M) 5.969ms
[2026-10-08T00:00:12.447+0000][176.445s][info][gc,cpu         ] GC(108) User=0.00s Sys=0.00s Real=0.01s
[2026-10-08T00:00:14.225+0000][178.222s][info][gc,start       ] GC(109) Pause Young (Allocation Failure)
[2026-10-08T00:00:14.234+0000][178.231s][info][gc,heap        ] GC(109) DefNew: 15850K(16640K)->882K(16640K) Eden: 14847K(14848K)->0K(14848K) From: 1002K(1792K)->882K(1792K)
[2026-10-08T00:00:14.234+0000][178.231s][info][gc,heap        ] GC(109) Tenured: 29392K(36616K)->29710K(36616K)
[2026-10-08T00:00:14.234+0000][178.231s][info][gc,metaspace   ] GC(109) Metaspace: 73216K(73920K)->73216K(73920K) NonClass: 63920K(64320K)->63920K(64320K) Class: 9296K(9600K)->9296K(9600K)
[2026-10-08T00:00:14.234+0000][178.231s][info][gc             ] GC(109) Pause Young (Allocation Failure) 44M->29M(52M) 8.762ms
[2026-10-08T00:00:14.234+0000][178.231s][info][gc,cpu         ] GC(109) User=0.01s Sys=0.00s Real=0.01s
[2026-10-08T00:00:16.012+0000][180.009s][info][gc,start       ] GC(110) Pause Young (Allocation Failure)
[2026-10-08T00:00:16.020+0000][180.018s][info][gc,heap        ] GC(110) DefNew: 15730K(16640K)->937K(16640K) Eden: 14848K(14848K)->0K(14848K) From: 882K(1792K)->937K(1792K)
[2026-10-08T00:00:16.020+0000][180.018s][info][gc,heap        ] GC(110) Tenured: 29710K(36616K)->29710K(36616K)
[2026-10-08T00:00:16.020+0000][180.018s][info][gc,metaspace   ] GC(110) Metaspace: 73218K(73920K)->73218K(73920K) NonClass: 63921K(64320K)->63921K(64320K) Class: 9296K(9600K)->9296K(9600K)
[2026-10-08T00:00:16.020+0000][180.018s][info][gc             ] GC(110) Pause Young (Allocation Failure) 44M->29M(52M) 8.781ms
[2026-10-08T00:00:16.020+0000][180.018s][info][gc,cpu         ] GC(110) User=0.01s Sys=0.01s Real=0.01s
[2026-10-08T00:00:17.879+0000][181.876s][info][gc,start       ] GC(111) Pause Young (Allocation Failure)
[2026-10-08T00:00:17.886+0000][181.883s][info][gc,heap        ] GC(111) DefNew: 15785K(16640K)->815K(16640K) Eden: 14848K(14848K)->0K(14848K) From: 937K(1792K)->815K(1792K)
[2026-10-08T00:00:17.886+0000][181.883s][info][gc,heap        ] GC(111) Tenured: 29710K(36616K)->29960K(36616K)
[2026-10-08T00:00:17.886+0000][181.884s][info][gc,metaspace   ] GC(111) Metaspace: 73218K(73920K)->73218K(73920K) NonClass: 63921K(64320K)->63921K(64320K) Class: 9296K(9600K)->9296K(9600K)
[2026-10-08T00:00:17.887+0000][181.885s][info][gc             ] GC(111) Pause Young (Allocation Failure) 44M->30M(52M) 8.298ms
[2026-10-08T00:00:17.887+0000][181.885s][info][gc,cpu         ] GC(111) User=0.01s Sys=0.00s Real=0.01s
[2026-10-08T00:00:19.694+0000][183.692s][info][gc,start       ] GC(112) Pause Young (Allocation Failure)
[2026-10-08T00:00:19.701+0000][183.698s][info][gc,heap        ] GC(112) DefNew: 15663K(16640K)->1002K(16640K) Eden: 14848K(14848K)->0K(14848K) From: 815K(1792K)->1002K(1792K)
[2026-10-08T00:00:19.701+0000][183.699s][info][gc,heap        ] GC(112) Tenured: 29960K(36616K)->29960K(36616K)
[2026-10-08T00:00:19.701+0000][183.699s][info][gc,metaspace   ] GC(112) Metaspace: 73220K(73984K)->73220K(73984K) NonClass: 63923K(64384K)->63923K(64384K) Class: 9297K(9600K)->9297K(9600K)
[2026-10-08T00:00:19.701+0000][183.699s][info][gc             ] GC(112) Pause Young (Allocation Failure) 44M->30M(52M) 6.894ms
[2026-10-08T00:00:19.701+0000][183.699s][info][gc,cpu         ] GC(112) User=0.01s Sys=0.00s Real=0.00s
[2026-10-08T00:00:21.448+0000][185.445s][info][gc,start       ] GC(113) Pause Young (Allocation Failure)
[2026-10-08T00:00:21.456+0000][185.453s][info][gc,heap        ] GC(113) DefNew: 15850K(16640K)->881K(16640K) Eden: 14848K(14848K)->0K(14848K) From: 1002K(1792K)->881K(1792K)
[2026-10-08T00:00:21.456+0000][185.453s][info][gc,heap        ] GC(113) Tenured: 29960K(36616K)->30150K(36616K)
[2026-10-08T00:00:21.456+0000][185.453s][info][gc,metaspace   ] GC(113) Metaspace: 73223K(73984K)->73223K(73984K) NonClass: 63926K(64384K)->63926K(64384K) Class: 9297K(9600K)->9297K(9600K)
[2026-10-08T00:00:21.456+0000][185.453s][info][gc             ] GC(113) Pause Young (Allocation Failure) 44M->30M(52M) 7.961ms
[2026-10-08T00:00:21.456+0000][185.453s][info][gc,cpu         ] GC(113) User=0.01s Sys=0.00s Real=0.01s
[2026-10-08T00:00:23.310+0000][187.307s][info][gc,start       ] GC(114) Pause Young (Allocation Failure)
[2026-10-08T00:00:23.318+0000][187.315s][info][gc,heap        ] GC(114) DefNew: 15729K(16640K)->928K(16640K) Eden: 14848K(14848K)->0K(14848K) From: 881K(1792K)->928K(1792K)
[2026-10-08T00:00:23.318+0000][187.315s][info][gc,heap        ] GC(114) Tenured: 30150K(36616K)->30150K(36616K)
[2026-10-08T00:00:23.318+0000][187.315s][info][gc,metaspace   ] GC(114) Metaspace: 73226K(73984K)->73226K(73984K) NonClass: 63929K(64384K)->63929K(64384K) Class: 9297K(9600K)->9297K(9600K)
[2026-10-08T00:00:23.318+0000][187.315s][info][gc             ] GC(114) Pause Young (Allocation Failure) 44M->30M(52M) 7.975ms
[2026-10-08T00:00:23.318+0000][187.315s][info][gc,cpu         ] GC(114) User=0.01s Sys=0.00s Real=0.01s
[2026-10-08T00:00:25.153+0000][189.150s][info][gc,start       ] GC(115) Pause Young (Allocation Failure)
[2026-10-08T00:00:25.160+0000][189.157s][info][gc,heap        ] GC(115) DefNew: 15776K(16640K)->902K(16640K) Eden: 14848K(14848K)->0K(14848K) From: 928K(1792K)->902K(1792K)
[2026-10-08T00:00:25.160+0000][189.158s][info][gc,heap        ] GC(115) Tenured: 30150K(36616K)->30294K(36616K)
[2026-10-08T00:00:25.160+0000][189.158s][info][gc,metaspace   ] GC(115) Metaspace: 73232K(73984K)->73232K(73984K) NonClass: 63935K(64384K)->63935K(64384K) Class: 9297K(9600K)->9297K(9600K)
[2026-10-08T00:00:25.160+0000][189.158s][info][gc             ] GC(115) Pause Young (Allocation Failure) 44M->30M(52M) 7.578ms
[2026-10-08T00:00:25.160+0000][189.158s][info][gc,cpu         ] GC(115) User=0.00s Sys=0.00s Real=0.01s
[2026-10-08T00:00:27.017+0000][191.014s][info][gc,start       ] GC(116) Pause Young (Allocation Failure)
[2026-10-08T00:00:27.024+0000][191.021s][info][gc,heap        ] GC(116) DefNew: 15750K(16640K)->772K(16640K) Eden: 14848K(14848K)->0K(14848K) From: 902K(1792K)->772K(1792K)
[2026-10-08T00:00:27.024+0000][191.021s][info][gc,heap        ] GC(116) Tenured: 30294K(36616K)->30395K(36616K)
[2026-10-08T00:00:27.024+0000][191.021s][info][gc,metaspace   ] GC(116) Metaspace: 73235K(73984K)->73235K(73984K) NonClass: 63938K(64384K)->63938K(64384K) Class: 9297K(9600K)->9297K(9600K)
[2026-10-08T00:00:27.024+0000][191.021s][info][gc             ] GC(116) Pause Young (Allocation Failure) 44M->30M(52M) 6.901ms
[2026-10-08T00:00:27.024+0000][191.021s][info][gc,cpu         ] GC(116) User=0.01s Sys=0.00s Real=0.01s
[2026-10-08T00:00:28.844+0000][192.841s][info][gc,start       ] GC(117) Pause Young (Allocation Failure)
[2026-10-08T00:00:28.855+0000][192.852s][info][gc,heap        ] GC(117) DefNew: 15620K(16640K)->839K(16640K) Eden: 14848K(14848K)->0K(14848K) From: 772K(1792K)->839K(1792K)
[2026-10-08T00:00:28.855+0000][192.852s][info][gc,heap        ] GC(117) Tenured: 30395K(36616K)->30395K(36616K)
[2026-10-08T00:00:28.855+0000][192.852s][info][gc,metaspace   ] GC(117) Metaspace: 73239K(73984K)->73239K(73984K) NonClass: 63941K(64384K)->63941K(64384K) Class: 9297K(9600K)->9297K(9600K)
[2026-10-08T00:00:28.855+0000][192.852s][info][gc             ] GC(117) Pause Young (Allocation Failure) 44M->30M(52M) 11.388ms
[2026-10-08T00:00:28.855+0000][192.852s][info][gc,cpu         ] GC(117) User=0.01s Sys=0.00s Real=0.01s
[2026-10-08T00:00:30.656+0000][194.653s][info][gc,start       ] GC(118) Pause Young (Allocation Failure)
[2026-10-08T00:00:30.662+0000][194.660s][info][gc,heap        ] GC(118) DefNew: 15687K(16640K)->832K(16640K) Eden: 14848K(14848K)->0K(14848K) From: 839K(1792K)->832K(1792K)
[2026-10-08T00:00:30.663+0000][194.660s][info][gc,heap        ] GC(118) Tenured: 30395K(36616K)->30395K(36616K)
[2026-10-08T00:00:30.663+0000][194.660s][info][gc,metaspace   ] GC(118) Metaspace: 73239K(73984K)->73239K(73984K) NonClass: 63942K(64384K)->63942K(64384K) Class: 9297K(9600K)->9297K(9600K)
[2026-10-08T00:00:30.663+0000][194.660s][info][gc             ] GC(118) Pause Young (Allocation Failure) 45M->30M(52M) 6.740ms
[2026-10-08T00:00:30.663+0000][194.660s][info][gc,cpu         ] GC(118) User=0.01s Sys=0.00s Real=0.00s
[2026-10-08T00:00:32.524+0000][196.521s][info][gc,start       ] GC(119) Pause Young (Allocation Failure)
[2026-10-08T00:00:32.531+0000][196.528s][info][gc,heap        ] GC(119) DefNew: 15680K(16640K)->857K(16640K) Eden: 14848K(14848K)->0K(14848K) From: 832K(1792K)->857K(1792K)
[2026-10-08T00:00:32.531+0000][196.528s][info][gc,heap        ] GC(119) Tenured: 30395K(36616K)->30395K(36616K)
[2026-10-08T00:00:32.531+0000][196.528s][info][gc,metaspace   ] GC(119) Metaspace: 73242K(73984K)->73242K(73984K) NonClass: 63944K(64384K)->63944K(64384K) Class: 9297K(9600K)->9297K(9600K)
[2026-10-08T00:00:32.531+0000][196.528s][info][gc             ] GC(119) Pause Young (Allocation Failure) 44M->30M(52M) 7.067ms
[2026-10-08T00:00:32.531+0000][196.528s][info][gc,cpu         ] GC(119) User=0.00s Sys=0.00s Real=0.00s
[2026-10-08T00:00:34.312+0000][198.309s][info][gc,start       ] GC(120) Pause Young (Allocation Failure)
[2026-10-08T00:00:34.322+0000][198.319s][info][gc,heap        ] GC(120) DefNew: 15705K(16640K)->933K(16640K) Eden: 14848K(14848K)->0K(14848K) From: 857K(1792K)->933K(1792K)
[2026-10-08T00:00:34.322+0000][198.319s][info][gc,heap        ] GC(120) Tenured: 30395K(36616K)->30395K(36616K)
[2026-10-08T00:00:34.322+0000][198.319s][info][gc,metaspace   ] GC(120) Metaspace: 73280K(74048K)->73280K(74048K) NonClass: 63983K(64448K)->63983K(64448K) Class: 9297K(9600K)->9297K(9600K)
[2026-10-08T00:00:34.322+0000][198.319s][info][gc             ] GC(120) Pause Young (Allocation Failure) 45M->30M(52M) 10.296ms
[2026-10-08T00:00:34.322+0000][198.319s][info][gc,cpu         ] GC(120) User=0.01s Sys=0.00s Real=0.01s
[2026-10-08T00:00:36.128+0000][200.126s][info][gc,start       ] GC(121) Pause Young (Allocation Failure)
[2026-10-08T00:00:36.138+0000][200.136s][info][gc,heap        ] GC(121) DefNew: 15781K(16640K)->803K(16640K) Eden: 14848K(14848K)->0K(14848K) From: 933K(1792K)->803K(1792K)
[2026-10-08T00:00:36.138+0000][200.136s][info][gc,heap        ] GC(121) Tenured: 30395K(36616K)->30531K(36616K)
[2026-10-08T00:00:36.138+0000][200.136s][info][gc,metaspace   ] GC(121) Metaspace: 73285K(74048K)->73285K(74048K) NonClass: 63987K(64448K)->63987K(64448K) Class: 9297K(9600K)->9297K(9600K)
[2026-10-08T00:00:36.139+0000][200.136s][info][gc             ] GC(121) Pause Young (Allocation Failure) 45M->30M(52M) 10.235ms
[2026-10-08T00:00:36.139+0000][200.136s][info][gc,cpu         ] GC(121) User=0.01s Sys=0.00s Real=0.01s
[2026-10-08T00:00:37.983+0000][201.980s][info][gc,start       ] GC(122) Pause Young (Allocation Failure)
[2026-10-08T00:00:37.990+0000][201.988s][info][gc,heap        ] GC(122) DefNew: 15651K(16640K)->872K(16640K) Eden: 14848K(14848K)->0K(14848K) From: 803K(1792K)->872K(1792K)
[2026-10-08T00:00:37.990+0000][201.988s][info][gc,heap        ] GC(122) Tenured: 30531K(36616K)->30531K(36616K)
[2026-10-08T00:00:37.991+0000][201.988s][info][gc,metaspace   ] GC(122) Metaspace: 73286K(74048K)->73286K(74048K) NonClass: 63989K(64448K)->63989K(64448K) Class: 9297K(9600K)->9297K(9600K)
[2026-10-08T00:00:37.991+0000][201.988s][info][gc             ] GC(122) Pause Young (Allocation Failure) 45M->30M(52M) 7.483ms
[2026-10-08T00:00:37.991+0000][201.988s][info][gc,cpu         ] GC(122) User=0.00s Sys=0.00s Real=0.01s
[2026-10-08T00:00:39.813+0000][203.810s][info][gc,start       ] GC(123) Pause Young (Allocation Failure)
[2026-10-08T00:00:39.821+0000][203.818s][info][gc,heap        ] GC(123) DefNew: 15720K(16640K)->952K(16640K) Eden: 14848K(14848K)->0K(14848K) From: 872K(1792K)->952K(1792K)
[2026-10-08T00:00:39.821+0000][203.818s][info][gc,heap        ] GC(123) Tenured: 30531K(36616K)->30531K(36616K)
[2026-10-08T00:00:39.821+0000][203.818s][info][gc,metaspace   ] GC(123) Metaspace: 73293K(74048K)->73293K(74048K) NonClass: 63996K(64448K)->63996K(64448K) Class: 9297K(9600K)->9297K(9600K)
[2026-10-08T00:00:39.821+0000][203.818s][info][gc             ] GC(123) Pause Young (Allocation Failure) 45M->30M(52M) 7.614ms
[2026-10-08T00:00:39.821+0000][203.818s][info][gc,cpu         ] GC(123) User=0.00s Sys=0.00s Real=0.01s
[2026-10-08T00:00:41.660+0000][205.658s][info][gc,start       ] GC(124) Pause Young (Allocation Failure)
[2026-10-08T00:00:41.669+0000][205.666s][info][gc,heap        ] GC(124) DefNew: 15800K(16640K)->825K(16640K) Eden: 14848K(14848K)->0K(14848K) From: 952K(1792K)->825K(1792K)
[2026-10-08T00:00:41.669+0000][205.666s][info][gc,heap        ] GC(124) Tenured: 30531K(36616K)->30646K(36616K)
[2026-10-08T00:00:41.669+0000][205.666s][info][gc,metaspace   ] GC(124) Metaspace: 73297K(74048K)->73297K(74048K) NonClass: 64000K(64448K)->64000K(64448K) Class: 9297K(9600K)->9297K(9600K)
[2026-10-08T00:00:41.669+0000][205.667s][info][gc             ] GC(124) Pause Young (Allocation Failure) 45M->30M(52M) 8.908ms
[2026-10-08T00:00:41.669+0000][205.667s][info][gc,cpu         ] GC(124) User=0.01s Sys=0.00s Real=0.01s
[2026-10-08T00:00:43.521+0000][207.518s][info][gc,start       ] GC(125) Pause Young (Allocation Failure)
[2026-10-08T00:00:43.529+0000][207.526s][info][gc,heap        ] GC(125) DefNew: 15673K(16640K)->882K(16640K) Eden: 14848K(14848K)->0K(14848K) From: 825K(1792K)->882K(1792K)
[2026-10-08T00:00:43.529+0000][207.526s][info][gc,heap        ] GC(125) Tenured: 30646K(36616K)->30646K(36616K)
[2026-10-08T00:00:43.529+0000][207.526s][info][gc,metaspace   ] GC(125) Metaspace: 73300K(74048K)->73300K(74048K) NonClass: 64002K(64448K)->64002K(64448K) Class: 9297K(9600K)->9297K(9600K)
[2026-10-08T00:00:43.529+0000][207.527s][info][gc             ] GC(125) Pause Young (Allocation Failure) 45M->30M(52M) 8.197ms
[2026-10-08T00:00:43.529+0000][207.527s][info][gc,cpu         ] GC(125) User=0.01s Sys=0.01s Real=0.01s
[2026-10-08T00:00:45.358+0000][209.356s][info][gc,start       ] GC(126) Pause Young (Allocation Failure)
[2026-10-08T00:00:45.365+0000][209.363s][info][gc,heap        ] GC(126) DefNew: 15730K(16640K)->915K(16640K) Eden: 14848K(14848K)->0K(14848K) From: 882K(1792K)->915K(1792K)
[2026-10-08T00:00:45.365+0000][209.363s][info][gc,heap        ] GC(126) Tenured: 30646K(36616K)->30646K(36616K)
[2026-10-08T00:00:45.365+0000][209.363s][info][gc,metaspace   ] GC(126) Metaspace: 73300K(74048K)->73300K(74048K) NonClass: 64002K(64448K)->64002K(64448K) Class: 9297K(9600K)->9297K(9600K)
[2026-10-08T00:00:45.365+0000][209.363s][info][gc             ] GC(126) Pause Young (Allocation Failure) 45M->30M(52M) 7.005ms
[2026-10-08T00:00:45.365+0000][209.363s][info][gc,cpu         ] GC(126) User=0.00s Sys=0.00s Real=0.01s
[2026-10-08T00:00:47.172+0000][211.169s][info][gc,start       ] GC(127) Pause Young (Allocation Failure)
[2026-10-08T00:00:47.182+0000][211.179s][info][gc,heap        ] GC(127) DefNew: 15763K(16640K)->764K(16640K) Eden: 14848K(14848K)->0K(14848K) From: 915K(1792K)->764K(1792K)
[2026-10-08T00:00:47.182+0000][211.179s][info][gc,heap        ] GC(127) Tenured: 30646K(36616K)->30771K(36616K)
[2026-10-08T00:00:47.182+0000][211.179s][info][gc,metaspace   ] GC(127) Metaspace: 73300K(74048K)->73300K(74048K) NonClass: 64002K(64448K)->64002K(64448K) Class: 9297K(9600K)->9297K(9600K)
[2026-10-08T00:00:47.182+0000][211.180s][info][gc             ] GC(127) Pause Young (Allocation Failure) 45M->30M(52M) 10.536ms
[2026-10-08T00:00:47.182+0000][211.180s][info][gc,cpu         ] GC(127) User=0.00s Sys=0.00s Real=0.01s
[2026-10-08T00:00:49.028+0000][213.025s][info][gc,start       ] GC(128) Pause Young (Allocation Failure)
[2026-10-08T00:00:49.035+0000][213.032s][info][gc,heap        ] GC(128) DefNew: 15612K(16640K)->822K(16640K) Eden: 14848K(14848K)->0K(14848K) From: 764K(1792K)->822K(1792K)
[2026-10-08T00:00:49.035+0000][213.033s][info][gc,heap        ] GC(128) Tenured: 30771K(36616K)->30771K(36616K)
[2026-10-08T00:00:49.036+0000][213.033s][info][gc,metaspace   ] GC(128) Metaspace: 73302K(74048K)->73302K(74048K) NonClass: 64004K(64448K)->64004K(64448K) Class: 9297K(9600K)->9297K(9600K)
[2026-10-08T00:00:49.036+0000][213.033s][info][gc             ] GC(128) Pause Young (Allocation Failure) 45M->30M(52M) 8.012ms
[2026-10-08T00:00:49.036+0000][213.033s][info][gc,cpu         ] GC(128) User=0.00s Sys=0.00s Real=0.01s
[2026-10-08T00:00:50.841+0000][214.838s][info][gc,start       ] GC(129) Pause Young (Allocation Failure)
[2026-10-08T00:00:50.864+0000][214.861s][info][gc,heap        ] GC(129) DefNew: 15670K(16640K)->759K(16640K) Eden: 14848K(14848K)->0K(14848K) From: 822K(1792K)->759K(1792K)
[2026-10-08T00:00:50.864+0000][214.861s][info][gc,heap        ] GC(129) Tenured: 30771K(36616K)->30796K(36616K)
[2026-10-08T00:00:50.864+0000][214.861s][info][gc,metaspace   ] GC(129) Metaspace: 73309K(74048K)->73309K(74048K) NonClass: 64011K(64448K)->64011K(64448K) Class: 9297K(9600K)->9297K(9600K)
[2026-10-08T00:00:50.864+0000][214.861s][info][gc             ] GC(129) Pause Young (Allocation Failure) 45M->30M(52M) 23.152ms
[2026-10-08T00:00:50.864+0000][214.862s][info][gc,cpu         ] GC(129) User=0.01s Sys=0.00s Real=0.03s
[2026-10-08T00:00:52.660+0000][216.657s][info][gc,start       ] GC(130) Pause Young (Allocation Failure)
[2026-10-08T00:00:52.671+0000][216.669s][info][gc,heap        ] GC(130) DefNew: 15607K(16640K)->764K(16640K) Eden: 14848K(14848K)->0K(14848K) From: 759K(1792K)->764K(1792K)
[2026-10-08T00:00:52.671+0000][216.669s][info][gc,heap        ] GC(130) Tenured: 30796K(36616K)->30855K(36616K)
[2026-10-08T00:00:52.671+0000][216.669s][info][gc,metaspace   ] GC(130) Metaspace: 73311K(74048K)->73311K(74048K) NonClass: 64013K(64448K)->64013K(64448K) Class: 9297K(9600K)->9297K(9600K)
[2026-10-08T00:00:52.672+0000][216.669s][info][gc             ] GC(130) Pause Young (Allocation Failure) 45M->30M(52M) 11.984ms
[2026-10-08T00:00:52.672+0000][216.669s][info][gc,cpu         ] GC(130) User=0.01s Sys=0.00s Real=0.01s
[2026-10-08T00:00:54.483+0000][218.480s][info][gc,start       ] GC(131) Pause Young (Allocation Failure)
[2026-10-08T00:00:54.490+0000][218.487s][info][gc,heap        ] GC(131) DefNew: 15612K(16640K)->813K(16640K) Eden: 14848K(14848K)->0K(14848K) From: 764K(1792K)->813K(1792K)
[2026-10-08T00:00:54.490+0000][218.487s][info][gc,heap        ] GC(131) Tenured: 30855K(36616K)->30898K(36616K)
[2026-10-08T00:00:54.490+0000][218.487s][info][gc,metaspace   ] GC(131) Metaspace: 73322K(74048K)->73322K(74048K) NonClass: 64024K(64448K)->64024K(64448K) Class: 9297K(9600K)->9297K(9600K)
[2026-10-08T00:00:54.490+0000][218.487s][info][gc             ] GC(131) Pause Young (Allocation Failure) 45M->30M(52M) 6.791ms
[2026-10-08T00:00:54.490+0000][218.487s][info][gc,cpu         ] GC(131) User=0.01s Sys=0.00s Real=0.01s
[2026-10-08T00:00:56.368+0000][220.366s][info][gc,start       ] GC(132) Pause Young (Allocation Failure)
[2026-10-08T00:00:56.377+0000][220.374s][info][gc,heap        ] GC(132) DefNew: 15661K(16640K)->782K(16640K) Eden: 14848K(14848K)->0K(14848K) From: 813K(1792K)->782K(1792K)
[2026-10-08T00:00:56.377+0000][220.375s][info][gc,heap        ] GC(132) Tenured: 30898K(36616K)->30939K(36616K)
[2026-10-08T00:00:56.377+0000][220.375s][info][gc,metaspace   ] GC(132) Metaspace: 73325K(74048K)->73325K(74048K) NonClass: 64027K(64448K)->64027K(64448K) Class: 9297K(9600K)->9297K(9600K)
[2026-10-08T00:00:56.377+0000][220.375s][info][gc             ] GC(132) Pause Young (Allocation Failure) 45M->30M(52M) 8.731ms
[2026-10-08T00:00:56.377+0000][220.375s][info][gc,cpu         ] GC(132) User=0.01s Sys=0.00s Real=0.01s
[2026-10-08T00:00:58.162+0000][222.159s][info][gc,start       ] GC(133) Pause Young (Allocation Failure)
[2026-10-08T00:00:58.171+0000][222.168s][info][gc,heap        ] GC(133) DefNew: 15630K(16640K)->798K(16640K) Eden: 14848K(14848K)->0K(14848K) From: 782K(1792K)->798K(1792K)
[2026-10-08T00:00:58.171+0000][222.168s][info][gc,heap        ] GC(133) Tenured: 30939K(36616K)->30971K(36616K)
[2026-10-08T00:00:58.171+0000][222.168s][info][gc,metaspace   ] GC(133) Metaspace: 73340K(74048K)->73340K(74048K) NonClass: 64042K(64448K)->64042K(64448K) Class: 9297K(9600K)->9297K(9600K)
[2026-10-08T00:00:58.171+0000][222.168s][info][gc             ] GC(133) Pause Young (Allocation Failure) 45M->31M(52M) 9.012ms
[2026-10-08T00:00:58.171+0000][222.168s][info][gc,cpu         ] GC(133) User=0.01s Sys=0.00s Real=0.01s
[2026-10-08T00:01:00.010+0000][224.008s][info][gc,start       ] GC(134) Pause Young (Allocation Failure)
[2026-10-08T00:01:00.019+0000][224.017s][info][gc,heap        ] GC(134) DefNew: 15646K(16640K)->818K(16640K) Eden: 14848K(14848K)->0K(14848K) From: 798K(1792K)->818K(1792K)
[2026-10-08T00:01:00.019+0000][224.017s][info][gc,heap        ] GC(134) Tenured: 30971K(36616K)->31004K(36616K)
[2026-10-08T00:01:00.019+0000][224.017s][info][gc,metaspace   ] GC(134) Metaspace: 73340K(74048K)->73340K(74048K) NonClass: 64042K(64448K)->64042K(64448K) Class: 9297K(9600K)->9297K(9600K)
[2026-10-08T00:01:00.019+0000][224.017s][info][gc             ] GC(134) Pause Young (Allocation Failure) 45M->31M(52M) 8.915ms
[2026-10-08T00:01:00.019+0000][224.017s][info][gc,cpu         ] GC(134) User=0.00s Sys=0.00s Real=0.01s
[2026-10-08T00:01:01.865+0000][225.862s][info][gc,start       ] GC(135) Pause Young (Allocation Failure)
[2026-10-08T00:01:01.871+0000][225.868s][info][gc,heap        ] GC(135) DefNew: 15666K(16640K)->780K(16640K) Eden: 14848K(14848K)->0K(14848K) From: 818K(1792K)->780K(1792K)
[2026-10-08T00:01:01.871+0000][225.868s][info][gc,heap        ] GC(135) Tenured: 31004K(36616K)->31037K(36616K)
[2026-10-08T00:01:01.871+0000][225.868s][info][gc,metaspace   ] GC(135) Metaspace: 73345K(74048K)->73345K(74048K) NonClass: 64048K(64448K)->64048K(64448K) Class: 9297K(9600K)->9297K(9600K)
[2026-10-08T00:01:01.871+0000][225.869s][info][gc             ] GC(135) Pause Young (Allocation Failure) 45M->31M(52M) 6.516ms
[2026-10-08T00:01:01.871+0000][225.869s][info][gc,cpu         ] GC(135) User=0.00s Sys=0.00s Real=0.00s
[2026-10-08T00:01:03.710+0000][227.707s][info][gc,start       ] GC(136) Pause Young (Allocation Failure)
[2026-10-08T00:01:03.723+0000][227.721s][info][gc,heap        ] GC(136) DefNew: 15628K(16640K)->782K(16640K) Eden: 14848K(14848K)->0K(14848K) From: 780K(1792K)->782K(1792K)
[2026-10-08T00:01:03.724+0000][227.721s][info][gc,heap        ] GC(136) Tenured: 31037K(36616K)->31095K(36616K)
[2026-10-08T00:01:03.724+0000][227.721s][info][gc,metaspace   ] GC(136) Metaspace: 73358K(74112K)->73358K(74112K) NonClass: 64060K(64512K)->64060K(64512K) Class: 9297K(9600K)->9297K(9600K)
[2026-10-08T00:01:03.724+0000][227.721s][info][gc             ] GC(136) Pause Young (Allocation Failure) 45M->31M(52M) 14.106ms
[2026-10-08T00:01:03.724+0000][227.721s][info][gc,cpu         ] GC(136) User=0.01s Sys=0.00s Real=0.02s
[2026-10-08T00:01:05.440+0000][229.438s][info][gc,start       ] GC(137) Pause Young (Allocation Failure)
[2026-10-08T00:01:05.448+0000][229.445s][info][gc,heap        ] GC(137) DefNew: 15630K(16640K)->744K(16640K) Eden: 14848K(14848K)->0K(14848K) From: 782K(1792K)->744K(1792K)
[2026-10-08T00:01:05.448+0000][229.445s][info][gc,heap        ] GC(137) Tenured: 31095K(36616K)->31128K(36616K)
[2026-10-08T00:01:05.448+0000][229.445s][info][gc,metaspace   ] GC(137) Metaspace: 73360K(74112K)->73360K(74112K) NonClass: 64062K(64512K)->64062K(64512K) Class: 9297K(9600K)->9297K(9600K)
[2026-10-08T00:01:05.448+0000][229.446s][info][gc             ] GC(137) Pause Young (Allocation Failure) 45M->31M(52M) 8.035ms
[2026-10-08T00:01:05.448+0000][229.446s][info][gc,cpu         ] GC(137) User=0.01s Sys=0.00s Real=0.01s
[2026-10-08T00:01:07.295+0000][231.292s][info][gc,start       ] GC(138) Pause Young (Allocation Failure)
[2026-10-08T00:01:07.302+0000][231.300s][info][gc,heap        ] GC(138) DefNew: 15592K(16640K)->770K(16640K) Eden: 14848K(14848K)->0K(14848K) From: 744K(1792K)->770K(1792K)
[2026-10-08T00:01:07.303+0000][231.300s][info][gc,heap        ] GC(138) Tenured: 31128K(36616K)->31160K(36616K)
[2026-10-08T00:01:07.303+0000][231.300s][info][gc,metaspace   ] GC(138) Metaspace: 73360K(74112K)->73360K(74112K) NonClass: 64062K(64512K)->64062K(64512K) Class: 9297K(9600K)->9297K(9600K)
[2026-10-08T00:01:07.303+0000][231.300s][info][gc             ] GC(138) Pause Young (Allocation Failure) 45M->31M(52M) 8.009ms
[2026-10-08T00:01:07.303+0000][231.300s][info][gc,cpu         ] GC(138) User=0.01s Sys=0.00s Real=0.00s
[2026-10-08T00:01:09.128+0000][233.126s][info][gc,start       ] GC(139) Pause Young (Allocation Failure)
[2026-10-08T00:01:09.135+0000][233.132s][info][gc,heap        ] GC(139) DefNew: 15618K(16640K)->795K(16640K) Eden: 14848K(14848K)->0K(14848K) From: 770K(1792K)->795K(1792K)
[2026-10-08T00:01:09.135+0000][233.132s][info][gc,heap        ] GC(139) Tenured: 31160K(36616K)->31185K(36616K)
[2026-10-08T00:01:09.135+0000][233.132s][info][gc,metaspace   ] GC(139) Metaspace: 73370K(74112K)->73370K(74112K) NonClass: 64072K(64512K)->64072K(64512K) Class: 9297K(9600K)->9297K(9600K)
[2026-10-08T00:01:09.135+0000][233.132s][info][gc             ] GC(139) Pause Young (Allocation Failure) 45M->31M(52M) 6.668ms
[2026-10-08T00:01:09.135+0000][233.133s][info][gc,cpu         ] GC(139) User=0.01s Sys=0.00s Real=0.01s
[2026-10-08T00:01:10.980+0000][234.977s][info][gc,start       ] GC(140) Pause Young (Allocation Failure)
[2026-10-08T00:01:10.986+0000][234.983s][info][gc,heap        ] GC(140) DefNew: 15643K(16640K)->735K(16640K) Eden: 14848K(14848K)->0K(14848K) From: 795K(1792K)->735K(1792K)
[2026-10-08T00:01:10.986+0000][234.983s][info][gc,heap        ] GC(140) Tenured: 31185K(36616K)->31209K(36616K)
[2026-10-08T00:01:10.986+0000][234.983s][info][gc,metaspace   ] GC(140) Metaspace: 73371K(74112K)->73371K(74112K) NonClass: 64073K(64512K)->64073K(64512K) Class: 9297K(9600K)->9297K(9600K)
[2026-10-08T00:01:10.986+0000][234.983s][info][gc             ] GC(140) Pause Young (Allocation Failure) 45M->31M(52M) 6.335ms
[2026-10-08T00:01:10.986+0000][234.983s][info][gc,cpu         ] GC(140) User=0.00s Sys=0.00s Real=0.01s
[2026-10-08T00:01:12.835+0000][236.833s][info][gc,start       ] GC(141) Pause Young (Allocation Failure)
[2026-10-08T00:01:12.842+0000][236.840s][info][gc,heap        ] GC(141) DefNew: 15583K(16640K)->757K(16640K) Eden: 14848K(14848K)->0K(14848K) From: 735K(1792K)->757K(1792K)
[2026-10-08T00:01:12.842+0000][236.840s][info][gc,heap        ] GC(141) Tenured: 31209K(36616K)->31234K(36616K)
[2026-10-08T00:01:12.842+0000][236.840s][info][gc,metaspace   ] GC(141) Metaspace: 73387K(74112K)->73387K(74112K) NonClass: 64089K(64512K)->64089K(64512K) Class: 9297K(9600K)->9297K(9600K)
[2026-10-08T00:01:12.842+0000][236.840s][info][gc             ] GC(141) Pause Young (Allocation Failure) 45M->31M(52M) 7.280ms
[2026-10-08T00:01:12.842+0000][236.840s][info][gc,cpu         ] GC(141) User=0.01s Sys=0.00s Real=0.00s
[2026-10-08T00:01:14.655+0000][238.653s][info][gc,start       ] GC(142) Pause Young (Allocation Failure)
[2026-10-08T00:01:14.668+0000][238.665s][info][gc,heap        ] GC(142) DefNew: 15605K(16640K)->799K(16640K) Eden: 14848K(14848K)->0K(14848K) From: 757K(1792K)->799K(1792K)
[2026-10-08T00:01:14.668+0000][238.665s][info][gc,heap        ] GC(142) Tenured: 31234K(36616K)->31275K(36616K)
[2026-10-08T00:01:14.668+0000][238.665s][info][gc,metaspace   ] GC(142) Metaspace: 73389K(74112K)->73389K(74112K) NonClass: 64091K(64512K)->64091K(64512K) Class: 9297K(9600K)->9297K(9600K)
[2026-10-08T00:01:14.668+0000][238.665s][info][gc             ] GC(142) Pause Young (Allocation Failure) 45M->31M(52M) 12.423ms
[2026-10-08T00:01:14.668+0000][238.665s][info][gc,cpu         ] GC(142) User=0.01s Sys=0.00s Real=0.01s
[2026-10-08T00:01:16.510+0000][240.508s][info][gc,start       ] GC(143) Pause Young (Allocation Failure)
[2026-10-08T00:01:16.519+0000][240.516s][info][gc,heap        ] GC(143) DefNew: 15647K(16640K)->741K(16640K) Eden: 14848K(14848K)->0K(14848K) From: 799K(1792K)->741K(1792K)
[2026-10-08T00:01:16.519+0000][240.516s][info][gc,heap        ] GC(143) Tenured: 31275K(36616K)->31310K(36616K)
[2026-10-08T00:01:16.519+0000][240.516s][info][gc,metaspace   ] GC(143) Metaspace: 73390K(74112K)->73390K(74112K) NonClass: 64092K(64512K)->64092K(64512K) Class: 9297K(9600K)->9297K(9600K)
[2026-10-08T00:01:16.519+0000][240.517s][info][gc             ] GC(143) Pause Young (Allocation Failure) 45M->31M(52M) 8.756ms
[2026-10-08T00:01:16.519+0000][240.517s][info][gc,cpu         ] GC(143) User=0.01s Sys=0.00s Real=0.01s
[2026-10-08T00:01:18.378+0000][242.375s][info][gc,start       ] GC(144) Pause Young (Allocation Failure)
[2026-10-08T00:01:18.386+0000][242.384s][info][gc,heap        ] GC(144) DefNew: 15589K(16640K)->763K(16640K) Eden: 14848K(14848K)->0K(14848K) From: 741K(1792K)->763K(1792K)
[2026-10-08T00:01:18.386+0000][242.384s][info][gc,heap        ] GC(144) Tenured: 31310K(36616K)->31333K(36616K)
[2026-10-08T00:01:18.386+0000][242.384s][info][gc,metaspace   ] GC(144) Metaspace: 73392K(74112K)->73392K(74112K) NonClass: 64094K(64512K)->64094K(64512K) Class: 9297K(9600K)->9297K(9600K)
[2026-10-08T00:01:18.388+0000][242.385s][info][gc             ] GC(144) Pause Young (Allocation Failure) 45M->31M(52M) 9.648ms
[2026-10-08T00:01:18.388+0000][242.385s][info][gc,cpu         ] GC(144) User=0.00s Sys=0.01s Real=0.01s
[2026-10-08T00:01:20.164+0000][244.161s][info][gc,start       ] GC(145) Pause Young (Allocation Failure)
[2026-10-08T00:01:20.171+0000][244.168s][info][gc,heap        ] GC(145) DefNew: 15611K(16640K)->768K(16640K) Eden: 14848K(14848K)->0K(14848K) From: 763K(1792K)->768K(1792K)
[2026-10-08T00:01:20.171+0000][244.168s][info][gc,heap        ] GC(145) Tenured: 31333K(36616K)->31359K(36616K)
[2026-10-08T00:01:20.171+0000][244.168s][info][gc,metaspace   ] GC(145) Metaspace: 73395K(74112K)->73395K(74112K) NonClass: 64097K(64512K)->64097K(64512K) Class: 9297K(9600K)->9297K(9600K)
[2026-10-08T00:01:20.171+0000][244.168s][info][gc             ] GC(145) Pause Young (Allocation Failure) 45M->31M(52M) 6.839ms
[2026-10-08T00:01:20.171+0000][244.168s][info][gc,cpu         ] GC(145) User=0.01s Sys=0.00s Real=0.00s
[2026-10-08T00:01:22.023+0000][246.021s][info][gc,start       ] GC(146) Pause Young (Allocation Failure)
[2026-10-08T00:01:22.031+0000][246.028s][info][gc,heap        ] GC(146) DefNew: 15616K(16640K)->743K(16640K) Eden: 14848K(14848K)->0K(14848K) From: 768K(1792K)->743K(1792K)
[2026-10-08T00:01:22.031+0000][246.028s][info][gc,heap        ] GC(146) Tenured: 31359K(36616K)->31384K(36616K)
[2026-10-08T00:01:22.031+0000][246.028s][info][gc,metaspace   ] GC(146) Metaspace: 73397K(74112K)->73397K(74112K) NonClass: 64099K(64512K)->64099K(64512K) Class: 9297K(9600K)->9297K(9600K)
[2026-10-08T00:01:22.031+0000][246.028s][info][gc             ] GC(146) Pause Young (Allocation Failure) 45M->31M(52M) 7.503ms
[2026-10-08T00:01:22.031+0000][246.028s][info][gc,cpu         ] GC(146) User=0.00s Sys=0.00s Real=0.01s
[2026-10-08T00:01:23.886+0000][247.883s][info][gc,start       ] GC(147) Pause Young (Allocation Failure)
[2026-10-08T00:01:23.893+0000][247.890s][info][gc,heap        ] GC(147) DefNew: 15591K(16640K)->715K(16640K) Eden: 14848K(14848K)->0K(14848K) From: 743K(1792K)->715K(1792K)
[2026-10-08T00:01:23.893+0000][247.890s][info][gc,heap        ] GC(147) Tenured: 31384K(36616K)->31462K(36616K)
[2026-10-08T00:01:23.893+0000][247.890s][info][gc,metaspace   ] GC(147) Metaspace: 73397K(74112K)->73397K(74112K) NonClass: 64099K(64512K)->64099K(64512K) Class: 9297K(9600K)->9297K(9600K)
[2026-10-08T00:01:23.894+0000][247.891s][info][gc             ] GC(147) Pause Young (Allocation Failure) 45M->31M(52M) 7.768ms
[2026-10-08T00:01:23.894+0000][247.891s][info][gc,cpu         ] GC(147) User=0.01s Sys=0.00s Real=0.01s
[2026-10-08T00:01:25.703+0000][249.700s][info][gc,start       ] GC(148) Pause Young (Allocation Failure)
[2026-10-08T00:01:25.710+0000][249.708s][info][gc,heap        ] GC(148) DefNew: 15563K(16640K)->656K(16640K) Eden: 14848K(14848K)->0K(14848K) From: 715K(1792K)->656K(1792K)
[2026-10-08T00:01:25.710+0000][249.708s][info][gc,heap        ] GC(148) Tenured: 31462K(36616K)->31487K(36616K)
[2026-10-08T00:01:25.710+0000][249.708s][info][gc,metaspace   ] GC(148) Metaspace: 73399K(74112K)->73399K(74112K) NonClass: 64101K(64512K)->64101K(64512K) Class: 9297K(9600K)->9297K(9600K)
[2026-10-08T00:01:25.711+0000][249.708s][info][gc             ] GC(148) Pause Young (Allocation Failure) 45M->31M(52M) 8.028ms
[2026-10-08T00:01:25.711+0000][249.708s][info][gc,cpu         ] GC(148) User=0.00s Sys=0.01s Real=0.01s
[2026-10-08T00:01:27.593+0000][251.591s][info][gc,start       ] GC(149) Pause Young (Allocation Failure)
[2026-10-08T00:01:27.600+0000][251.598s][info][gc,heap        ] GC(149) DefNew: 15504K(16640K)->672K(16640K) Eden: 14848K(14848K)->0K(14848K) From: 656K(1792K)->672K(1792K)
[2026-10-08T00:01:27.600+0000][251.598s][info][gc,heap        ] GC(149) Tenured: 31487K(36616K)->31523K(36616K)
[2026-10-08T00:01:27.600+0000][251.598s][info][gc,metaspace   ] GC(149) Metaspace: 73400K(74112K)->73400K(74112K) NonClass: 64102K(64512K)->64102K(64512K) Class: 9297K(9600K)->9297K(9600K)
[2026-10-08T00:01:27.600+0000][251.598s][info][gc             ] GC(149) Pause Young (Allocation Failure) 45M->31M(52M) 6.970ms
[2026-10-08T00:01:27.600+0000][251.598s][info][gc,cpu         ] GC(149) User=0.00s Sys=0.01s Real=0.01s
[2026-10-08T00:01:29.418+0000][253.415s][info][gc,start       ] GC(150) Pause Young (Allocation Failure)
[2026-10-08T00:01:29.426+0000][253.423s][info][gc,heap        ] GC(150) DefNew: 15520K(16640K)->687K(16640K) Eden: 14848K(14848K)->0K(14848K) From: 672K(1792K)->687K(1792K)
[2026-10-08T00:01:29.426+0000][253.424s][info][gc,heap        ] GC(150) Tenured: 31523K(36616K)->31556K(36616K)
[2026-10-08T00:01:29.426+0000][253.424s][info][gc,metaspace   ] GC(150) Metaspace: 73409K(74112K)->73409K(74112K) NonClass: 64111K(64512K)->64111K(64512K) Class: 9297K(9600K)->9297K(9600K)
[2026-10-08T00:01:29.426+0000][253.424s][info][gc             ] GC(150) Pause Young (Allocation Failure) 45M->31M(52M) 8.661ms
[2026-10-08T00:01:29.427+0000][253.424s][info][gc,cpu         ] GC(150) User=0.01s Sys=0.00s Real=0.01s
[2026-10-08T00:01:31.263+0000][255.261s][info][gc,start       ] GC(151) Pause Young (Allocation Failure)
[2026-10-08T00:01:31.270+0000][255.267s][info][gc,heap        ] GC(151) DefNew: 15535K(16640K)->731K(16640K) Eden: 14848K(14848K)->0K(14848K) From: 687K(1792K)->731K(1792K)
[2026-10-08T00:01:31.270+0000][255.267s][info][gc,heap        ] GC(151) Tenured: 31556K(36616K)->31580K(36616K)
[2026-10-08T00:01:31.270+0000][255.267s][info][gc,metaspace   ] GC(151) Metaspace: 73410K(74112K)->73410K(74112K) NonClass: 64112K(64512K)->64112K(64512K) Class: 9297K(9600K)->9297K(9600K)
[2026-10-08T00:01:31.270+0000][255.268s][info][gc             ] GC(151) Pause Young (Allocation Failure) 45M->31M(52M) 6.971ms
[2026-10-08T00:01:31.270+0000][255.268s][info][gc,cpu         ] GC(151) User=0.01s Sys=0.00s Real=0.01s
[2026-10-08T00:01:33.140+0000][257.138s][info][gc,start       ] GC(152) Pause Young (Allocation Failure)
[2026-10-08T00:01:33.147+0000][257.144s][info][gc,heap        ] GC(152) DefNew: 15579K(16640K)->716K(16640K) Eden: 14848K(14848K)->0K(14848K) From: 731K(1792K)->716K(1792K)
[2026-10-08T00:01:33.147+0000][257.144s][info][gc,heap        ] GC(152) Tenured: 31580K(36616K)->31629K(36616K)
[2026-10-08T00:01:33.147+0000][257.144s][info][gc,metaspace   ] GC(152) Metaspace: 73429K(74176K)->73429K(74176K) NonClass: 64130K(64512K)->64130K(64512K) Class: 9298K(9664K)->9298K(9664K)
[2026-10-08T00:01:33.147+0000][257.144s][info][gc             ] GC(152) Pause Young (Allocation Failure) 46M->31M(52M) 6.399ms
[2026-10-08T00:01:33.147+0000][257.144s][info][gc,cpu         ] GC(152) User=0.00s Sys=0.00s Real=0.01s
[2026-10-08T00:01:34.873+0000][258.870s][info][gc,start       ] GC(153) Pause Young (Allocation Failure)
[2026-10-08T00:01:34.882+0000][258.879s][info][gc,heap        ] GC(153) DefNew: 15564K(16640K)->787K(16640K) Eden: 14848K(14848K)->0K(14848K) From: 716K(1792K)->787K(1792K)
[2026-10-08T00:01:34.882+0000][258.879s][info][gc,heap        ] GC(153) Tenured: 31629K(36616K)->31654K(36616K)
[2026-10-08T00:01:34.882+0000][258.880s][info][gc,metaspace   ] GC(153) Metaspace: 73436K(74176K)->73436K(74176K) NonClass: 64137K(64512K)->64137K(64512K) Class: 9298K(9664K)->9298K(9664K)
[2026-10-08T00:01:34.882+0000][258.880s][info][gc             ] GC(153) Pause Young (Allocation Failure) 46M->31M(52M) 9.251ms
[2026-10-08T00:01:34.882+0000][258.880s][info][gc,cpu         ] GC(153) User=0.01s Sys=0.00s Real=0.01s
[2026-10-08T00:01:36.736+0000][260.734s][info][gc,start       ] GC(154) Pause Young (Allocation Failure)
[2026-10-08T00:01:36.746+0000][260.743s][info][gc,heap        ] GC(154) DefNew: 15635K(16640K)->713K(16640K) Eden: 14848K(14848K)->0K(14848K) From: 787K(1792K)->713K(1792K)
[2026-10-08T00:01:36.746+0000][260.743s][info][gc,heap        ] GC(154) Tenured: 31654K(36616K)->31686K(36616K)
[2026-10-08T00:01:36.746+0000][260.743s][info][gc,metaspace   ] GC(154) Metaspace: 73443K(74240K)->73443K(74240K) NonClass: 64144K(64576K)->64144K(64576K) Class: 9298K(9664K)->9298K(9664K)
[2026-10-08T00:01:36.746+0000][260.743s][info][gc             ] GC(154) Pause Young (Allocation Failure) 46M->31M(52M) 9.332ms
[2026-10-08T00:01:36.746+0000][260.743s][info][gc,cpu         ] GC(154) User=0.01s Sys=0.00s Real=0.01s
[2026-10-08T00:01:38.597+0000][262.595s][info][gc,start       ] GC(155) Pause Young (Allocation Failure)
[2026-10-08T00:01:38.604+0000][262.601s][info][gc,heap        ] GC(155) DefNew: 15561K(16640K)->736K(16640K) Eden: 14848K(14848K)->0K(14848K) From: 713K(1792K)->736K(1792K)
[2026-10-08T00:01:38.604+0000][262.601s][info][gc,heap        ] GC(155) Tenured: 31686K(36616K)->31711K(36616K)
[2026-10-08T00:01:38.604+0000][262.601s][info][gc,metaspace   ] GC(155) Metaspace: 73455K(74240K)->73455K(74240K) NonClass: 64157K(64576K)->64157K(64576K) Class: 9298K(9664K)->9298K(9664K)
[2026-10-08T00:01:38.604+0000][262.601s][info][gc             ] GC(155) Pause Young (Allocation Failure) 46M->31M(52M) 6.963ms
[2026-10-08T00:01:38.604+0000][262.602s][info][gc,cpu         ] GC(155) User=0.01s Sys=0.01s Real=0.01s
[2026-10-08T00:01:40.447+0000][264.444s][info][gc,start       ] GC(156) Pause Young (Allocation Failure)
[2026-10-08T00:01:40.454+0000][264.451s][info][gc,heap        ] GC(156) DefNew: 15584K(16640K)->787K(16640K) Eden: 14848K(14848K)->0K(14848K) From: 736K(1792K)->787K(1792K)
[2026-10-08T00:01:40.454+0000][264.451s][info][gc,heap        ] GC(156) Tenured: 31711K(36616K)->31744K(36616K)
[2026-10-08T00:01:40.454+0000][264.451s][info][gc,metaspace   ] GC(156) Metaspace: 73459K(74240K)->73459K(74240K) NonClass: 64160K(64576K)->64160K(64576K) Class: 9298K(9664K)->9298K(9664K)
[2026-10-08T00:01:40.454+0000][264.451s][info][gc             ] GC(156) Pause Young (Allocation Failure) 46M->31M(52M) 6.716ms
[2026-10-08T00:01:40.454+0000][264.451s][info][gc,cpu         ] GC(156) User=0.01s Sys=0.00s Real=0.01s
[2026-10-08T00:01:42.292+0000][266.290s][info][gc,start       ] GC(157) Pause Young (Allocation Failure)
[2026-10-08T00:01:42.303+0000][266.301s][info][gc,heap        ] GC(157) DefNew: 15635K(16640K)->747K(16640K) Eden: 14848K(14848K)->0K(14848K) From: 787K(1792K)->747K(1792K)
[2026-10-08T00:01:42.306+0000][266.303s][info][gc,heap        ] GC(157) Tenured: 31744K(36616K)->31769K(36616K)
[2026-10-08T00:01:42.307+0000][266.304s][info][gc,metaspace   ] GC(157) Metaspace: 73459K(74240K)->73459K(74240K) NonClass: 64161K(64576K)->64161K(64576K) Class: 9298K(9664K)->9298K(9664K)
[2026-10-08T00:01:42.307+0000][266.305s][info][gc             ] GC(157) Pause Young (Allocation Failure) 46M->31M(52M) 14.952ms
[2026-10-08T00:01:42.307+0000][266.305s][info][gc,cpu         ] GC(157) User=0.00s Sys=0.00s Real=0.02s
[2026-10-08T00:01:44.158+0000][268.156s][info][gc,start       ] GC(158) Pause Young (Allocation Failure)
[2026-10-08T00:01:44.187+0000][268.184s][info][gc,heap        ] GC(158) DefNew: 15595K(16640K)->787K(16640K) Eden: 14848K(14848K)->0K(14848K) From: 747K(1792K)->787K(1792K)
[2026-10-08T00:01:44.187+0000][268.184s][info][gc,heap        ] GC(158) Tenured: 31769K(36616K)->31794K(36616K)
[2026-10-08T00:01:44.187+0000][268.184s][info][gc,metaspace   ] GC(158) Metaspace: 73462K(74240K)->73462K(74240K) NonClass: 64164K(64576K)->64164K(64576K) Class: 9298K(9664K)->9298K(9664K)
[2026-10-08T00:01:44.187+0000][268.184s][info][gc             ] GC(158) Pause Young (Allocation Failure) 46M->31M(52M) 28.355ms
[2026-10-08T00:01:44.187+0000][268.184s][info][gc,cpu         ] GC(158) User=0.01s Sys=0.00s Real=0.03s
[2026-10-08T00:01:45.974+0000][269.972s][info][gc,start       ] GC(159) Pause Young (Allocation Failure)
[2026-10-08T00:01:45.984+0000][269.981s][info][gc,heap        ] GC(159) DefNew: 15635K(16640K)->699K(16640K) Eden: 14848K(14848K)->0K(14848K) From: 787K(1792K)->699K(1792K)
[2026-10-08T00:01:45.984+0000][269.982s][info][gc,heap        ] GC(159) Tenured: 31794K(36616K)->31819K(36616K)
[2026-10-08T00:01:45.984+0000][269.982s][info][gc,metaspace   ] GC(159) Metaspace: 73462K(74240K)->73462K(74240K) NonClass: 64164K(64576K)->64164K(64576K) Class: 9298K(9664K)->9298K(9664K)
[2026-10-08T00:01:45.985+0000][269.982s][info][gc             ] GC(159) Pause Young (Allocation Failure) 46M->31M(52M) 10.012ms
[2026-10-08T00:01:45.985+0000][269.982s][info][gc,cpu         ] GC(159) User=0.00s Sys=0.00s Real=0.01s
[2026-10-08T00:01:47.833+0000][271.830s][info][gc,start       ] GC(160) Pause Young (Allocation Failure)
[2026-10-08T00:01:47.851+0000][271.848s][info][gc,heap        ] GC(160) DefNew: 15547K(16640K)->737K(16640K) Eden: 14848K(14848K)->0K(14848K) From: 699K(1792K)->737K(1792K)
[2026-10-08T00:01:47.851+0000][271.848s][info][gc,heap        ] GC(160) Tenured: 31819K(36616K)->31843K(36616K)
[2026-10-08T00:01:47.851+0000][271.848s][info][gc,metaspace   ] GC(160) Metaspace: 73462K(74240K)->73462K(74240K) NonClass: 64164K(64576K)->64164K(64576K) Class: 9298K(9664K)->9298K(9664K)
[2026-10-08T00:01:47.851+0000][271.848s][info][gc             ] GC(160) Pause Young (Allocation Failure) 46M->31M(52M) 17.971ms
[2026-10-08T00:01:47.851+0000][271.848s][info][gc,cpu         ] GC(160) User=0.00s Sys=0.00s Real=0.02s
[2026-10-08T00:01:49.653+0000][273.650s][info][gc,start       ] GC(161) Pause Young (Allocation Failure)
[2026-10-08T00:01:49.661+0000][273.658s][info][gc,heap        ] GC(161) DefNew: 15585K(16640K)->774K(16640K) Eden: 14848K(14848K)->0K(14848K) From: 737K(1792K)->774K(1792K)
[2026-10-08T00:01:49.661+0000][273.658s][info][gc,heap        ] GC(161) Tenured: 31843K(36616K)->31867K(36616K)
[2026-10-08T00:01:49.661+0000][273.658s][info][gc,metaspace   ] GC(161) Metaspace: 73464K(74240K)->73464K(74240K) NonClass: 64166K(64576K)->64166K(64576K) Class: 9298K(9664K)->9298K(9664K)
[2026-10-08T00:01:49.661+0000][273.658s][info][gc             ] GC(161) Pause Young (Allocation Failure) 46M->31M(52M) 8.257ms
[2026-10-08T00:01:49.661+0000][273.659s][info][gc,cpu         ] GC(161) User=0.01s Sys=0.00s Real=0.01s
[2026-10-08T00:01:51.448+0000][275.446s][info][gc,start       ] GC(162) Pause Young (Allocation Failure)
[2026-10-08T00:01:51.454+0000][275.452s][info][gc,heap        ] GC(162) DefNew: 15622K(16640K)->730K(16640K) Eden: 14848K(14848K)->0K(14848K) From: 774K(1792K)->730K(1792K)
[2026-10-08T00:01:51.454+0000][275.452s][info][gc,heap        ] GC(162) Tenured: 31867K(36616K)->31893K(36616K)
[2026-10-08T00:01:51.454+0000][275.452s][info][gc,metaspace   ] GC(162) Metaspace: 73469K(74240K)->73469K(74240K) NonClass: 64171K(64576K)->64171K(64576K) Class: 9298K(9664K)->9298K(9664K)
[2026-10-08T00:01:51.455+0000][275.452s][info][gc             ] GC(162) Pause Young (Allocation Failure) 46M->31M(52M) 6.430ms
[2026-10-08T00:01:51.455+0000][275.452s][info][gc,cpu         ] GC(162) User=0.00s Sys=0.00s Real=0.01s
[2026-10-08T00:01:53.306+0000][277.303s][info][gc,start       ] GC(163) Pause Young (Allocation Failure)
[2026-10-08T00:01:53.314+0000][277.311s][info][gc,heap        ] GC(163) DefNew: 15578K(16640K)->756K(16640K) Eden: 14848K(14848K)->0K(14848K) From: 730K(1792K)->756K(1792K)
[2026-10-08T00:01:53.314+0000][277.311s][info][gc,heap        ] GC(163) Tenured: 31893K(36616K)->31934K(36616K)
[2026-10-08T00:01:53.314+0000][277.311s][info][gc,metaspace   ] GC(163) Metaspace: 73471K(74240K)->73471K(74240K) NonClass: 64173K(64576K)->64173K(64576K) Class: 9298K(9664K)->9298K(9664K)
[2026-10-08T00:01:53.314+0000][277.311s][info][gc             ] GC(163) Pause Young (Allocation Failure) 46M->31M(52M) 8.010ms
[2026-10-08T00:01:53.314+0000][277.311s][info][gc,cpu         ] GC(163) User=0.00s Sys=0.00s Real=0.01s
[2026-10-08T00:01:55.154+0000][279.151s][info][gc,start       ] GC(164) Pause Young (Allocation Failure)
[2026-10-08T00:01:55.161+0000][279.158s][info][gc,heap        ] GC(164) DefNew: 15604K(16640K)->785K(16640K) Eden: 14848K(14848K)->0K(14848K) From: 756K(1792K)->785K(1792K)
[2026-10-08T00:01:55.161+0000][279.158s][info][gc,heap        ] GC(164) Tenured: 31934K(36616K)->31959K(36616K)
[2026-10-08T00:01:55.161+0000][279.158s][info][gc,metaspace   ] GC(164) Metaspace: 73476K(74240K)->73476K(74240K) NonClass: 64177K(64576K)->64177K(64576K) Class: 9298K(9664K)->9298K(9664K)
[2026-10-08T00:01:55.161+0000][279.159s][info][gc             ] GC(164) Pause Young (Allocation Failure) 46M->31M(52M) 7.587ms
[2026-10-08T00:01:55.161+0000][279.159s][info][gc,cpu         ] GC(164) User=0.00s Sys=0.00s Real=0.00s
[2026-10-08T00:01:57.013+0000][281.010s][info][gc,start       ] GC(165) Pause Young (Allocation Failure)
[2026-10-08T00:01:57.021+0000][281.018s][info][gc,heap        ] GC(165) DefNew: 15633K(16640K)->748K(16640K) Eden: 14848K(14848K)->0K(14848K) From: 785K(1792K)->748K(1792K)
[2026-10-08T00:01:57.021+0000][281.018s][info][gc,heap        ] GC(165) Tenured: 31959K(36616K)->31984K(36616K)
[2026-10-08T00:01:57.021+0000][281.019s][info][gc,metaspace   ] GC(165) Metaspace: 73478K(74240K)->73478K(74240K) NonClass: 64179K(64576K)->64179K(64576K) Class: 9298K(9664K)->9298K(9664K)
[2026-10-08T00:01:57.021+0000][281.019s][info][gc             ] GC(165) Pause Young (Allocation Failure) 46M->31M(52M) 8.710ms
[2026-10-08T00:01:57.021+0000][281.019s][info][gc,cpu         ] GC(165) User=0.01s Sys=0.00s Real=0.01s
[2026-10-08T00:01:58.879+0000][282.876s][info][gc,start       ] GC(166) Pause Young (Allocation Failure)
[2026-10-08T00:01:58.895+0000][282.892s][info][gc,heap        ] GC(166) DefNew: 15596K(16640K)->752K(16640K) Eden: 14848K(14848K)->0K(14848K) From: 748K(1792K)->752K(1792K)
[2026-10-08T00:01:58.895+0000][282.892s][info][gc,heap        ] GC(166) Tenured: 31984K(36616K)->32061K(36616K)
[2026-10-08T00:01:58.895+0000][282.892s][info][gc,metaspace   ] GC(166) Metaspace: 73485K(74240K)->73485K(74240K) NonClass: 64187K(64576K)->64187K(64576K) Class: 9298K(9664K)->9298K(9664K)
[2026-10-08T00:01:58.895+0000][282.892s][info][gc             ] GC(166) Pause Young (Allocation Failure) 46M->32M(52M) 15.759ms
[2026-10-08T00:01:58.895+0000][282.892s][info][gc,cpu         ] GC(166) User=0.01s Sys=0.00s Real=0.02s
[2026-10-08T00:02:00.690+0000][284.688s][info][gc,start       ] GC(167) Pause Young (Allocation Failure)
[2026-10-08T00:02:00.697+0000][284.694s][info][gc,heap        ] GC(167) DefNew: 15600K(16640K)->687K(16640K) Eden: 14848K(14848K)->0K(14848K) From: 752K(1792K)->687K(1792K)
[2026-10-08T00:02:00.697+0000][284.694s][info][gc,heap        ] GC(167) Tenured: 32061K(36616K)->32089K(36616K)
[2026-10-08T00:02:00.697+0000][284.694s][info][gc,metaspace   ] GC(167) Metaspace: 73485K(74240K)->73485K(74240K) NonClass: 64187K(64576K)->64187K(64576K) Class: 9298K(9664K)->9298K(9664K)
[2026-10-08T00:02:00.697+0000][284.695s][info][gc             ] GC(167) Pause Young (Allocation Failure) 46M->32M(52M) 6.863ms
[2026-10-08T00:02:00.697+0000][284.695s][info][gc,cpu         ] GC(167) User=0.01s Sys=0.00s Real=0.01s
[2026-10-08T00:02:02.580+0000][286.577s][info][gc,start       ] GC(168) Pause Young (Allocation Failure)
[2026-10-08T00:02:02.588+0000][286.585s][info][gc,heap        ] GC(168) DefNew: 15535K(16640K)->704K(16640K) Eden: 14848K(14848K)->0K(14848K) From: 687K(1792K)->704K(1792K)
[2026-10-08T00:02:02.588+0000][286.585s][info][gc,heap        ] GC(168) Tenured: 32089K(36616K)->32139K(36616K)
[2026-10-08T00:02:02.588+0000][286.585s][info][gc,metaspace   ] GC(168) Metaspace: 73491K(74240K)->73491K(74240K) NonClass: 64192K(64576K)->64192K(64576K) Class: 9299K(9664K)->9299K(9664K)
[2026-10-08T00:02:02.588+0000][286.585s][info][gc             ] GC(168) Pause Young (Allocation Failure) 46M->32M(52M) 7.763ms
[2026-10-08T00:02:02.588+0000][286.585s][info][gc,cpu         ] GC(168) User=0.00s Sys=0.00s Real=0.01s
[2026-10-08T00:02:04.376+0000][288.374s][info][gc,start       ] GC(169) Pause Young (Allocation Failure)
[2026-10-08T00:02:04.385+0000][288.382s][info][gc,heap        ] GC(169) DefNew: 15552K(16640K)->741K(16640K) Eden: 14848K(14848K)->0K(14848K) From: 704K(1792K)->741K(1792K)
[2026-10-08T00:02:04.385+0000][288.382s][info][gc,heap        ] GC(169) Tenured: 32139K(36616K)->32165K(36616K)
[2026-10-08T00:02:04.385+0000][288.382s][info][gc,metaspace   ] GC(169) Metaspace: 73499K(74304K)->73499K(74304K) NonClass: 64200K(64640K)->64200K(64640K) Class: 9299K(9664K)->9299K(9664K)
[2026-10-08T00:02:04.385+0000][288.382s][info][gc             ] GC(169) Pause Young (Allocation Failure) 46M->32M(52M) 8.281ms
[2026-10-08T00:02:04.385+0000][288.382s][info][gc,cpu         ] GC(169) User=0.01s Sys=0.01s Real=0.01s
[2026-10-08T00:02:06.192+0000][290.190s][info][gc,start       ] GC(170) Pause Young (Allocation Failure)
[2026-10-08T00:02:06.200+0000][290.197s][info][gc,heap        ] GC(170) DefNew: 15589K(16640K)->678K(16640K) Eden: 14848K(14848K)->0K(14848K) From: 741K(1792K)->678K(1792K)
[2026-10-08T00:02:06.200+0000][290.197s][info][gc,heap        ] GC(170) Tenured: 32165K(36616K)->32191K(36616K)
[2026-10-08T00:02:06.200+0000][290.197s][info][gc,metaspace   ] GC(170) Metaspace: 73500K(74304K)->73500K(74304K) NonClass: 64200K(64640K)->64200K(64640K) Class: 9299K(9664K)->9299K(9664K)
[2026-10-08T00:02:06.200+0000][290.197s][info][gc             ] GC(170) Pause Young (Allocation Failure) 46M->32M(52M) 7.334ms
[2026-10-08T00:02:06.200+0000][290.198s][info][gc,cpu         ] GC(170) User=0.01s Sys=0.00s Real=0.01s
[2026-10-08T00:02:08.045+0000][292.043s][info][gc,start       ] GC(171) Pause Young (Allocation Failure)
[2026-10-08T00:02:08.052+0000][292.049s][info][gc,heap        ] GC(171) DefNew: 15526K(16640K)->714K(16640K) Eden: 14848K(14848K)->0K(14848K) From: 678K(1792K)->714K(1792K)
[2026-10-08T00:02:08.052+0000][292.049s][info][gc,heap        ] GC(171) Tenured: 32191K(36616K)->32215K(36616K)
[2026-10-08T00:02:08.052+0000][292.049s][info][gc,metaspace   ] GC(171) Metaspace: 73545K(74368K)->73545K(74368K) NonClass: 64245K(64704K)->64245K(64704K) Class: 9299K(9664K)->9299K(9664K)
[2026-10-08T00:02:08.052+0000][292.049s][info][gc             ] GC(171) Pause Young (Allocation Failure) 46M->32M(52M) 6.440ms
[2026-10-08T00:02:08.052+0000][292.049s][info][gc,cpu         ] GC(171) User=0.00s Sys=0.00s Real=0.00s
[2026-10-08T00:02:09.868+0000][293.866s][info][gc,start       ] GC(172) Pause Young (Allocation Failure)
[2026-10-08T00:02:09.874+0000][293.872s][info][gc,heap        ] GC(172) DefNew: 15562K(16640K)->765K(16640K) Eden: 14848K(14848K)->0K(14848K) From: 714K(1792K)->765K(1792K)
[2026-10-08T00:02:09.875+0000][293.872s][info][gc,heap        ] GC(172) Tenured: 32215K(36616K)->32247K(36616K)
[2026-10-08T00:02:09.875+0000][293.872s][info][gc,metaspace   ] GC(172) Metaspace: 73545K(74368K)->73545K(74368K) NonClass: 64245K(64704K)->64245K(64704K) Class: 9299K(9664K)->9299K(9664K)
[2026-10-08T00:02:09.875+0000][293.872s][info][gc             ] GC(172) Pause Young (Allocation Failure) 46M->32M(52M) 6.455ms
[2026-10-08T00:02:09.875+0000][293.872s][info][gc,cpu         ] GC(172) User=0.00s Sys=0.00s Real=0.01s
[2026-10-08T00:02:11.726+0000][295.723s][info][gc,start       ] GC(173) Pause Young (Allocation Failure)
[2026-10-08T00:02:11.734+0000][295.731s][info][gc,heap        ] GC(173) DefNew: 15613K(16640K)->737K(16640K) Eden: 14848K(14848K)->0K(14848K) From: 765K(1792K)->737K(1792K)
[2026-10-08T00:02:11.734+0000][295.731s][info][gc,heap        ] GC(173) Tenured: 32247K(36616K)->32273K(36616K)
[2026-10-08T00:02:11.734+0000][295.731s][info][gc,metaspace   ] GC(173) Metaspace: 73545K(74368K)->73545K(74368K) NonClass: 64245K(64704K)->64245K(64704K) Class: 9299K(9664K)->9299K(9664K)
[2026-10-08T00:02:11.734+0000][295.732s][info][gc             ] GC(173) Pause Young (Allocation Failure) 46M->32M(52M) 8.637ms
[2026-10-08T00:02:11.735+0000][295.732s][info][gc,cpu         ] GC(173) User=0.01s Sys=0.00s Real=0.01s
[2026-10-08T00:02:13.580+0000][297.577s][info][gc,start       ] GC(174) Pause Young (Allocation Failure)
[2026-10-08T00:02:13.588+0000][297.585s][info][gc,heap        ] GC(174) DefNew: 15585K(16640K)->753K(16640K) Eden: 14848K(14848K)->0K(14848K) From: 737K(1792K)->753K(1792K)
[2026-10-08T00:02:13.588+0000][297.585s][info][gc,heap        ] GC(174) Tenured: 32273K(36616K)->32297K(36616K)
[2026-10-08T00:02:13.588+0000][297.585s][info][gc,metaspace   ] GC(174) Metaspace: 73545K(74368K)->73545K(74368K) NonClass: 64246K(64704K)->64246K(64704K) Class: 9299K(9664K)->9299K(9664K)
[2026-10-08T00:02:13.588+0000][297.585s][info][gc             ] GC(174) Pause Young (Allocation Failure) 46M->32M(52M) 8.540ms
[2026-10-08T00:02:13.588+0000][297.586s][info][gc,cpu         ] GC(174) User=0.01s Sys=0.00s Real=0.01s
[2026-10-08T00:02:15.387+0000][299.384s][info][gc,start       ] GC(175) Pause Young (Allocation Failure)
[2026-10-08T00:02:15.394+0000][299.391s][info][gc,heap        ] GC(175) DefNew: 15601K(16640K)->843K(16640K) Eden: 14848K(14848K)->0K(14848K) From: 753K(1792K)->843K(1792K)
[2026-10-08T00:02:15.394+0000][299.391s][info][gc,heap        ] GC(175) Tenured: 32297K(36616K)->32321K(36616K)
[2026-10-08T00:02:15.394+0000][299.391s][info][gc,metaspace   ] GC(175) Metaspace: 73546K(74368K)->73546K(74368K) NonClass: 64246K(64704K)->64246K(64704K) Class: 9300K(9664K)->9300K(9664K)
[2026-10-08T00:02:15.394+0000][299.391s][info][gc             ] GC(175) Pause Young (Allocation Failure) 46M->32M(52M) 6.988ms
[2026-10-08T00:02:15.394+0000][299.392s][info][gc,cpu         ] GC(175) User=0.01s Sys=0.00s Real=0.01s
[2026-10-08T00:02:17.231+0000][301.228s][info][gc,start       ] GC(176) Pause Young (Allocation Failure)
[2026-10-08T00:02:17.239+0000][301.236s][info][gc,heap        ] GC(176) DefNew: 15691K(16640K)->794K(16640K) Eden: 14848K(14848K)->0K(14848K) From: 843K(1792K)->794K(1792K)
[2026-10-08T00:02:17.239+0000][301.236s][info][gc,heap        ] GC(176) Tenured: 32321K(36616K)->32347K(36616K)
[2026-10-08T00:02:17.239+0000][301.236s][info][gc,metaspace   ] GC(176) Metaspace: 73546K(74368K)->73546K(74368K) NonClass: 64246K(64704K)->64246K(64704K) Class: 9300K(9664K)->9300K(9664K)
[2026-10-08T00:02:17.239+0000][301.236s][info][gc             ] GC(176) Pause Young (Allocation Failure) 46M->32M(52M) 8.255ms
[2026-10-08T00:02:17.240+0000][301.237s][info][gc,cpu         ] GC(176) User=0.01s Sys=0.00s Real=0.01s
[2026-10-08T00:02:19.060+0000][303.057s][info][gc,start       ] GC(177) Pause Young (Allocation Failure)
[2026-10-08T00:02:19.069+0000][303.066s][info][gc,heap        ] GC(177) DefNew: 15634K(16640K)->802K(16640K) Eden: 14840K(14848K)->0K(14848K) From: 794K(1792K)->802K(1792K)
[2026-10-08T00:02:19.069+0000][303.066s][info][gc,heap        ] GC(177) Tenured: 32347K(36616K)->32407K(36616K)
[2026-10-08T00:02:19.069+0000][303.066s][info][gc,metaspace   ] GC(177) Metaspace: 73557K(74368K)->73557K(74368K) NonClass: 64257K(64704K)->64257K(64704K) Class: 9300K(9664K)->9300K(9664K)
[2026-10-08T00:02:19.069+0000][303.066s][info][gc             ] GC(177) Pause Young (Allocation Failure) 46M->32M(52M) 9.476ms
[2026-10-08T00:02:19.069+0000][303.066s][info][gc,cpu         ] GC(177) User=0.01s Sys=0.00s Real=0.01s
[2026-10-08T00:02:20.802+0000][304.799s][info][gc,start       ] GC(178) Pause Young (Allocation Failure)
[2026-10-08T00:02:20.818+0000][304.815s][info][gc,heap        ] GC(178) DefNew: 15650K(16640K)->785K(16640K) Eden: 14848K(14848K)->0K(14848K) From: 802K(1792K)->785K(1792K)
[2026-10-08T00:02:20.820+0000][304.817s][info][gc,heap        ] GC(178) Tenured: 32407K(36616K)->32431K(36616K)
[2026-10-08T00:02:20.820+0000][304.817s][info][gc,metaspace   ] GC(178) Metaspace: 73566K(74368K)->73566K(74368K) NonClass: 64265K(64704K)->64265K(64704K) Class: 9300K(9664K)->9300K(9664K)
[2026-10-08T00:02:20.820+0000][304.817s][info][gc             ] GC(178) Pause Young (Allocation Failure) 46M->32M(52M) 17.761ms
[2026-10-08T00:02:20.820+0000][304.817s][info][gc,cpu         ] GC(178) User=0.01s Sys=0.00s Real=0.02s
[2026-10-08T00:02:22.693+0000][306.691s][info][gc,start       ] GC(179) Pause Young (Allocation Failure)
[2026-10-08T00:02:22.702+0000][306.699s][info][gc,heap        ] GC(179) DefNew: 15633K(16640K)->853K(16640K) Eden: 14848K(14848K)->0K(14848K) From: 785K(1792K)->853K(1792K)
[2026-10-08T00:02:22.702+0000][306.699s][info][gc,heap        ] GC(179) Tenured: 32431K(36616K)->32459K(36616K)
[2026-10-08T00:02:22.702+0000][306.699s][info][gc,metaspace   ] GC(179) Metaspace: 73566K(74368K)->73566K(74368K) NonClass: 64265K(64704K)->64265K(64704K) Class: 9300K(9664K)->9300K(9664K)
[2026-10-08T00:02:22.702+0000][306.699s][info][gc             ] GC(179) Pause Young (Allocation Failure) 46M->32M(52M) 8.701ms
[2026-10-08T00:02:22.702+0000][306.699s][info][gc,cpu         ] GC(179) User=0.01s Sys=0.01s Real=0.01s
[2026-10-08T00:02:24.510+0000][308.507s][info][gc,start       ] GC(180) Pause Young (Allocation Failure)
[2026-10-08T00:02:24.518+0000][308.516s][info][gc,heap        ] GC(180) DefNew: 15701K(16640K)->865K(16640K) Eden: 14848K(14848K)->0K(14848K) From: 853K(1792K)->865K(1792K)
[2026-10-08T00:02:24.519+0000][308.516s][info][gc,heap        ] GC(180) Tenured: 32459K(36616K)->32488K(36616K)
[2026-10-08T00:02:24.519+0000][308.516s][info][gc,metaspace   ] GC(180) Metaspace: 73573K(74368K)->73573K(74368K) NonClass: 64273K(64704K)->64273K(64704K) Class: 9300K(9664K)->9300K(9664K)
[2026-10-08T00:02:24.519+0000][308.516s][info][gc             ] GC(180) Pause Young (Allocation Failure) 47M->32M(52M) 9.405ms
[2026-10-08T00:02:24.519+0000][308.516s][info][gc,cpu         ] GC(180) User=0.00s Sys=0.01s Real=0.01s
[2026-10-08T00:02:26.367+0000][310.365s][info][gc,start       ] GC(181) Pause Young (Allocation Failure)
[2026-10-08T00:02:26.375+0000][310.373s][info][gc,heap        ] GC(181) DefNew: 15713K(16640K)->816K(16640K) Eden: 14848K(14848K)->0K(14848K) From: 865K(1792K)->816K(1792K)
[2026-10-08T00:02:26.375+0000][310.373s][info][gc,heap        ] GC(181) Tenured: 32488K(36616K)->32512K(36616K)
[2026-10-08T00:02:26.375+0000][310.373s][info][gc,metaspace   ] GC(181) Metaspace: 73574K(74368K)->73574K(74368K) NonClass: 64273K(64704K)->64273K(64704K) Class: 9300K(9664K)->9300K(9664K)
[2026-10-08T00:02:26.375+0000][310.373s][info][gc             ] GC(181) Pause Young (Allocation Failure) 47M->32M(52M) 8.050ms
[2026-10-08T00:02:26.375+0000][310.373s][info][gc,cpu         ] GC(181) User=0.01s Sys=0.00s Real=0.01s
[2026-10-08T00:02:28.226+0000][312.223s][info][gc,start       ] GC(182) Pause Young (Allocation Failure)
[2026-10-08T00:02:28.233+0000][312.231s][info][gc,heap        ] GC(182) DefNew: 15664K(16640K)->832K(16640K) Eden: 14848K(14848K)->0K(14848K) From: 816K(1792K)->832K(1792K)
[2026-10-08T00:02:28.233+0000][312.231s][info][gc,heap        ] GC(182) Tenured: 32512K(36616K)->32539K(36616K)
[2026-10-08T00:02:28.233+0000][312.231s][info][gc,metaspace   ] GC(182) Metaspace: 73593K(74368K)->73593K(74368K) NonClass: 64293K(64704K)->64293K(64704K) Class: 9300K(9664K)->9300K(9664K)
[2026-10-08T00:02:28.233+0000][312.231s][info][gc             ] GC(182) Pause Young (Allocation Failure) 47M->32M(52M) 7.711ms
[2026-10-08T00:02:28.234+0000][312.231s][info][gc,cpu         ] GC(182) User=0.01s Sys=0.00s Real=0.01s
[2026-10-08T00:02:30.073+0000][314.071s][info][gc,start       ] GC(183) Pause Young (Allocation Failure)
[2026-10-08T00:02:30.082+0000][314.079s][info][gc,heap        ] GC(183) DefNew: 15680K(16640K)->876K(16640K) Eden: 14848K(14848K)->0K(14848K) From: 832K(1792K)->876K(1792K)
[2026-10-08T00:02:30.082+0000][314.079s][info][gc,heap        ] GC(183) Tenured: 32539K(36616K)->32566K(36616K)
[2026-10-08T00:02:30.082+0000][314.079s][info][gc,metaspace   ] GC(183) Metaspace: 73593K(74368K)->73593K(74368K) NonClass: 64293K(64704K)->64293K(64704K) Class: 9300K(9664K)->9300K(9664K)
[2026-10-08T00:02:30.082+0000][314.079s][info][gc             ] GC(183) Pause Young (Allocation Failure) 47M->32M(52M) 8.544ms
[2026-10-08T00:02:30.082+0000][314.079s][info][gc,cpu         ] GC(183) User=0.00s Sys=0.00s Real=0.01s
[2026-10-08T00:02:31.907+0000][315.905s][info][gc,start       ] GC(184) Pause Young (Allocation Failure)
[2026-10-08T00:02:31.914+0000][315.911s][info][gc,heap        ] GC(184) DefNew: 15724K(16640K)->817K(16640K) Eden: 14848K(14848K)->0K(14848K) From: 876K(1792K)->817K(1792K)
[2026-10-08T00:02:31.914+0000][315.912s][info][gc,heap        ] GC(184) Tenured: 32566K(36616K)->32592K(36616K)
[2026-10-08T00:02:31.914+0000][315.912s][info][gc,metaspace   ] GC(184) Metaspace: 73594K(74368K)->73594K(74368K) NonClass: 64293K(64704K)->64293K(64704K) Class: 9300K(9664K)->9300K(9664K)
[2026-10-08T00:02:31.914+0000][315.912s][info][gc             ] GC(184) Pause Young (Allocation Failure) 47M->32M(52M) 7.190ms
[2026-10-08T00:02:31.915+0000][315.912s][info][gc,cpu         ] GC(184) User=0.00s Sys=0.00s Real=0.01s
[2026-10-08T00:02:33.792+0000][317.790s][info][gc,start       ] GC(185) Pause Young (Allocation Failure)
[2026-10-08T00:02:33.805+0000][317.802s][info][gc,heap        ] GC(185) DefNew: 15665K(16640K)->825K(16640K) Eden: 14848K(14848K)->0K(14848K) From: 817K(1792K)->825K(1792K)
[2026-10-08T00:02:33.805+0000][317.802s][info][gc,heap        ] GC(185) Tenured: 32592K(36616K)->32642K(36616K)
[2026-10-08T00:02:33.805+0000][317.802s][info][gc,metaspace   ] GC(185) Metaspace: 73594K(74368K)->73594K(74368K) NonClass: 64293K(64704K)->64293K(64704K) Class: 9300K(9664K)->9300K(9664K)
[2026-10-08T00:02:33.805+0000][317.802s][info][gc             ] GC(185) Pause Young (Allocation Failure) 47M->32M(52M) 12.952ms
[2026-10-08T00:02:33.806+0000][317.803s][info][gc,cpu         ] GC(185) User=0.00s Sys=0.00s Real=0.02s
[2026-10-08T00:02:35.535+0000][319.533s][info][gc,start       ] GC(186) Pause Young (Allocation Failure)
[2026-10-08T00:02:35.544+0000][319.542s][info][gc,heap        ] GC(186) DefNew: 15673K(16640K)->885K(16640K) Eden: 14848K(14848K)->0K(14848K) From: 825K(1792K)->885K(1792K)
[2026-10-08T00:02:35.544+0000][319.542s][info][gc,heap        ] GC(186) Tenured: 32642K(36616K)->32683K(36616K)
[2026-10-08T00:02:35.544+0000][319.542s][info][gc,metaspace   ] GC(186) Metaspace: 73597K(74368K)->73597K(74368K) NonClass: 64297K(64704K)->64297K(64704K) Class: 9300K(9664K)->9300K(9664K)
[2026-10-08T00:02:35.545+0000][319.542s][info][gc             ] GC(186) Pause Young (Allocation Failure) 47M->32M(52M) 9.243ms
[2026-10-08T00:02:35.545+0000][319.542s][info][gc,cpu         ] GC(186) User=0.01s Sys=0.00s Real=0.01s
[2026-10-08T00:02:37.372+0000][321.369s][info][gc,start       ] GC(187) Pause Young (Allocation Failure)
[2026-10-08T00:02:37.379+0000][321.377s][info][gc,heap        ] GC(187) DefNew: 15733K(16640K)->830K(16640K) Eden: 14848K(14848K)->0K(14848K) From: 885K(1792K)->830K(1792K)
[2026-10-08T00:02:37.379+0000][321.377s][info][gc,heap        ] GC(187) Tenured: 32683K(36616K)->32712K(36616K)
[2026-10-08T00:02:37.379+0000][321.377s][info][gc,metaspace   ] GC(187) Metaspace: 73599K(74368K)->73599K(74368K) NonClass: 64299K(64704K)->64299K(64704K) Class: 9300K(9664K)->9300K(9664K)
[2026-10-08T00:02:37.379+0000][321.377s][info][gc             ] GC(187) Pause Young (Allocation Failure) 47M->32M(52M) 7.461ms
[2026-10-08T00:02:37.379+0000][321.377s][info][gc,cpu         ] GC(187) User=0.01s Sys=0.00s Real=0.01s
[2026-10-08T00:02:39.157+0000][323.155s][info][gc,start       ] GC(188) Pause Young (Allocation Failure)
[2026-10-08T00:02:39.164+0000][323.161s][info][gc,heap        ] GC(188) DefNew: 15678K(16640K)->860K(16640K) Eden: 14848K(14848K)->0K(14848K) From: 830K(1792K)->860K(1792K)
[2026-10-08T00:02:39.164+0000][323.161s][info][gc,heap        ] GC(188) Tenured: 32712K(36616K)->32737K(36616K)
[2026-10-08T00:02:39.164+0000][323.161s][info][gc,metaspace   ] GC(188) Metaspace: 73628K(74432K)->73628K(74432K) NonClass: 64322K(64768K)->64322K(64768K) Class: 9306K(9664K)->9306K(9664K)
[2026-10-08T00:02:39.164+0000][323.161s][info][gc             ] GC(188) Pause Young (Allocation Failure) 47M->32M(52M) 6.661ms
[2026-10-08T00:02:39.164+0000][323.161s][info][gc,cpu         ] GC(188) User=0.01s Sys=0.00s Real=0.01s
[2026-10-08T00:02:41.050+0000][325.047s][info][gc,start       ] GC(189) Pause Young (Allocation Failure)
[2026-10-08T00:02:41.057+0000][325.055s][info][gc,heap        ] GC(189) DefNew: 15708K(16640K)->807K(16640K) Eden: 14848K(14848K)->0K(14848K) From: 860K(1792K)->807K(1792K)
[2026-10-08T00:02:41.057+0000][325.055s][info][gc,heap        ] GC(189) Tenured: 32737K(36616K)->32761K(36616K)
[2026-10-08T00:02:41.057+0000][325.055s][info][gc,metaspace   ] GC(189) Metaspace: 73630K(74432K)->73630K(74432K) NonClass: 64323K(64768K)->64323K(64768K) Class: 9306K(9664K)->9306K(9664K)
[2026-10-08T00:02:41.058+0000][325.055s][info][gc             ] GC(189) Pause Young (Allocation Failure) 47M->32M(52M) 7.458ms
[2026-10-08T00:02:41.058+0000][325.055s][info][gc,cpu         ] GC(189) User=0.01s Sys=0.00s Real=0.01s
[2026-10-08T00:02:42.893+0000][326.891s][info][gc,start       ] GC(190) Pause Young (Allocation Failure)
[2026-10-08T00:02:42.900+0000][326.898s][info][gc,heap        ] GC(190) DefNew: 15655K(16640K)->822K(16640K) Eden: 14848K(14848K)->0K(14848K) From: 807K(1792K)->822K(1792K)
[2026-10-08T00:02:42.900+0000][326.898s][info][gc,heap        ] GC(190) Tenured: 32761K(36616K)->32816K(36616K)
[2026-10-08T00:02:42.900+0000][326.898s][info][gc,metaspace   ] GC(190) Metaspace: 73630K(74432K)->73630K(74432K) NonClass: 64323K(64768K)->64323K(64768K) Class: 9306K(9664K)->9306K(9664K)
[2026-10-08T00:02:42.901+0000][326.898s][info][gc             ] GC(190) Pause Young (Allocation Failure) 47M->32M(52M) 7.298ms
[2026-10-08T00:02:42.901+0000][326.898s][info][gc,cpu         ] GC(190) User=0.01s Sys=0.00s Real=0.01s
[2026-10-08T00:02:44.760+0000][328.757s][info][gc,start       ] GC(191) Pause Young (Allocation Failure)
[2026-10-08T00:02:44.769+0000][328.767s][info][gc,heap        ] GC(191) DefNew: 15670K(16640K)->801K(16640K) Eden: 14848K(14848K)->0K(14848K) From: 822K(1792K)->801K(1792K)
[2026-10-08T00:02:44.769+0000][328.767s][info][gc,heap        ] GC(191) Tenured: 32816K(36616K)->32895K(36616K)
[2026-10-08T00:02:44.769+0000][328.767s][info][gc,metaspace   ] GC(191) Metaspace: 73634K(74432K)->73634K(74432K) NonClass: 64327K(64768K)->64327K(64768K) Class: 9306K(9664K)->9306K(9664K)
[2026-10-08T00:02:44.769+0000][328.767s][info][gc             ] GC(191) Pause Young (Allocation Failure) 47M->32M(52M) 9.781ms
[2026-10-08T00:02:44.769+0000][328.767s][info][gc,cpu         ] GC(191) User=0.01s Sys=0.00s Real=0.01s
[2026-10-08T00:02:46.579+0000][330.577s][info][gc,start       ] GC(192) Pause Young (Allocation Failure)
[2026-10-08T00:02:46.587+0000][330.584s][info][gc,heap        ] GC(192) DefNew: 15649K(16640K)->794K(16640K) Eden: 14848K(14848K)->0K(14848K) From: 801K(1792K)->794K(1792K)
[2026-10-08T00:02:46.587+0000][330.584s][info][gc,heap        ] GC(192) Tenured: 32895K(36616K)->32922K(36616K)
[2026-10-08T00:02:46.587+0000][330.584s][info][gc,metaspace   ] GC(192) Metaspace: 73636K(74432K)->73636K(74432K) NonClass: 64329K(64768K)->64329K(64768K) Class: 9306K(9664K)->9306K(9664K)
[2026-10-08T00:02:46.587+0000][330.584s][info][gc             ] GC(192) Pause Young (Allocation Failure) 47M->32M(52M) 7.770ms
[2026-10-08T00:02:46.587+0000][330.584s][info][gc,cpu         ] GC(192) User=0.01s Sys=0.00s Real=0.01s
[2026-10-08T00:02:48.448+0000][332.445s][info][gc,start       ] GC(193) Pause Young (Allocation Failure)
[2026-10-08T00:02:48.454+0000][332.452s][info][gc,heap        ] GC(193) DefNew: 15642K(16640K)->781K(16640K) Eden: 14848K(14848K)->0K(14848K) From: 794K(1792K)->781K(1792K)
[2026-10-08T00:02:48.454+0000][332.452s][info][gc,heap        ] GC(193) Tenured: 32922K(36616K)->32983K(36616K)
[2026-10-08T00:02:48.454+0000][332.452s][info][gc,metaspace   ] GC(193) Metaspace: 73638K(74432K)->73638K(74432K) NonClass: 64331K(64768K)->64331K(64768K) Class: 9306K(9664K)->9306K(9664K)
[2026-10-08T00:02:48.454+0000][332.452s][info][gc             ] GC(193) Pause Young (Allocation Failure) 47M->32M(52M) 6.614ms
[2026-10-08T00:02:48.455+0000][332.452s][info][gc,cpu         ] GC(193) User=0.01s Sys=0.00s Real=0.01s
[2026-10-08T00:02:50.224+0000][334.221s][info][gc,start       ] GC(194) Pause Young (Allocation Failure)
[2026-10-08T00:02:50.231+0000][334.228s][info][gc,heap        ] GC(194) DefNew: 15629K(16640K)->787K(16640K) Eden: 14848K(14848K)->0K(14848K) From: 781K(1792K)->787K(1792K)
[2026-10-08T00:02:50.231+0000][334.228s][info][gc,heap        ] GC(194) Tenured: 32983K(36616K)->33018K(36616K)
[2026-10-08T00:02:50.231+0000][334.228s][info][gc,metaspace   ] GC(194) Metaspace: 73639K(74432K)->73639K(74432K) NonClass: 64333K(64768K)->64333K(64768K) Class: 9306K(9664K)->9306K(9664K)
[2026-10-08T00:02:50.231+0000][334.228s][info][gc             ] GC(194) Pause Young (Allocation Failure) 47M->33M(52M) 6.801ms
[2026-10-08T00:02:50.231+0000][334.228s][info][gc,cpu         ] GC(194) User=0.01s Sys=0.00s Real=0.00s
[2026-10-08T00:02:52.080+0000][336.078s][info][gc,start       ] GC(195) Pause Young (Allocation Failure)
[2026-10-08T00:02:52.092+0000][336.090s][info][gc,heap        ] GC(195) DefNew: 15635K(16640K)->762K(16640K) Eden: 14848K(14848K)->0K(14848K) From: 787K(1792K)->762K(1792K)
[2026-10-08T00:02:52.093+0000][336.090s][info][gc,heap        ] GC(195) Tenured: 33018K(36616K)->33045K(36616K)
[2026-10-08T00:02:52.093+0000][336.090s][info][gc,metaspace   ] GC(195) Metaspace: 73640K(74432K)->73640K(74432K) NonClass: 64333K(64768K)->64333K(64768K) Class: 9306K(9664K)->9306K(9664K)
[2026-10-08T00:02:52.093+0000][336.091s][info][gc             ] GC(195) Pause Young (Allocation Failure) 47M->33M(52M) 12.952ms
[2026-10-08T00:02:52.093+0000][336.091s][info][gc,cpu         ] GC(195) User=0.00s Sys=0.00s Real=0.01s
[2026-10-08T00:02:53.942+0000][337.940s][info][gc,start       ] GC(196) Pause Young (Allocation Failure)
[2026-10-08T00:02:53.950+0000][337.947s][info][gc,heap        ] GC(196) DefNew: 15610K(16640K)->817K(16640K) Eden: 14848K(14848K)->0K(14848K) From: 762K(1792K)->817K(1792K)
[2026-10-08T00:02:53.950+0000][337.947s][info][gc,heap        ] GC(196) Tenured: 33045K(36616K)->33071K(36616K)
[2026-10-08T00:02:53.950+0000][337.947s][info][gc,metaspace   ] GC(196) Metaspace: 73645K(74432K)->73645K(74432K) NonClass: 64338K(64768K)->64338K(64768K) Class: 9306K(9664K)->9306K(9664K)
[2026-10-08T00:02:53.950+0000][337.947s][info][gc             ] GC(196) Pause Young (Allocation Failure) 47M->33M(52M) 7.590ms
[2026-10-08T00:02:53.950+0000][337.947s][info][gc,cpu         ] GC(196) User=0.00s Sys=0.00s Real=0.01s
[2026-10-08T00:02:55.733+0000][339.730s][info][gc,start       ] GC(197) Pause Young (Allocation Failure)
[2026-10-08T00:02:55.740+0000][339.737s][info][gc,heap        ] GC(197) DefNew: 15665K(16640K)->775K(16640K) Eden: 14848K(14848K)->0K(14848K) From: 817K(1792K)->775K(1792K)
[2026-10-08T00:02:55.740+0000][339.737s][info][gc,heap        ] GC(197) Tenured: 33071K(36616K)->33099K(36616K)
[2026-10-08T00:02:55.740+0000][339.737s][info][gc,metaspace   ] GC(197) Metaspace: 73646K(74432K)->73646K(74432K) NonClass: 64339K(64768K)->64339K(64768K) Class: 9306K(9664K)->9306K(9664K)
[2026-10-08T00:02:55.740+0000][339.737s][info][gc             ] GC(197) Pause Young (Allocation Failure) 47M->33M(52M) 7.357ms
[2026-10-08T00:02:55.740+0000][339.737s][info][gc,cpu         ] GC(197) User=0.00s Sys=0.00s Real=0.01s
[2026-10-08T00:02:57.596+0000][341.593s][info][gc,start       ] GC(198) Pause Young (Allocation Failure)
[2026-10-08T00:02:57.604+0000][341.601s][info][gc,heap        ] GC(198) DefNew: 15623K(16640K)->785K(16640K) Eden: 14848K(14848K)->0K(14848K) From: 775K(1792K)->785K(1792K)
[2026-10-08T00:02:57.604+0000][341.601s][info][gc,heap        ] GC(198) Tenured: 33099K(36616K)->33124K(36616K)
[2026-10-08T00:02:57.604+0000][341.601s][info][gc,metaspace   ] GC(198) Metaspace: 73646K(74432K)->73646K(74432K) NonClass: 64339K(64768K)->64339K(64768K) Class: 9306K(9664K)->9306K(9664K)
[2026-10-08T00:02:57.604+0000][341.602s][info][gc             ] GC(198) Pause Young (Allocation Failure) 47M->33M(52M) 8.271ms
[2026-10-08T00:02:57.604+0000][341.602s][info][gc,cpu         ] GC(198) User=0.00s Sys=0.00s Real=0.01s
[2026-10-08T00:02:59.436+0000][343.434s][info][gc,start       ] GC(199) Pause Young (Allocation Failure)
[2026-10-08T00:02:59.444+0000][343.441s][info][gc,heap        ] GC(199) DefNew: 15633K(16640K)->841K(16640K) Eden: 14848K(14848K)->0K(14848K) From: 785K(1792K)->841K(1792K)
[2026-10-08T00:02:59.444+0000][343.442s][info][gc,heap        ] GC(199) Tenured: 33124K(36616K)->33151K(36616K)
[2026-10-08T00:02:59.444+0000][343.442s][info][gc,metaspace   ] GC(199) Metaspace: 73656K(74432K)->73656K(74432K) NonClass: 64349K(64768K)->64349K(64768K) Class: 9306K(9664K)->9306K(9664K)
[2026-10-08T00:02:59.444+0000][343.442s][info][gc             ] GC(199) Pause Young (Allocation Failure) 47M->33M(52M) 8.017ms
[2026-10-08T00:02:59.444+0000][343.442s][info][gc,cpu         ] GC(199) User=0.00s Sys=0.00s Real=0.01s
[2026-10-08T00:03:01.276+0000][345.273s][info][gc,start       ] GC(200) Pause Young (Allocation Failure)
[2026-10-08T00:03:01.283+0000][345.280s][info][gc,heap        ] GC(200) DefNew: 15689K(16640K)->786K(16640K) Eden: 14848K(14848K)->0K(14848K) From: 841K(1792K)->786K(1792K)
[2026-10-08T00:03:01.283+0000][345.280s][info][gc,heap        ] GC(200) Tenured: 33151K(36616K)->33176K(36616K)
[2026-10-08T00:03:01.283+0000][345.280s][info][gc,metaspace   ] GC(200) Metaspace: 73656K(74432K)->73656K(74432K) NonClass: 64349K(64768K)->64349K(64768K) Class: 9306K(9664K)->9306K(9664K)
[2026-10-08T00:03:01.283+0000][345.280s][info][gc             ] GC(200) Pause Young (Allocation Failure) 47M->33M(52M) 6.629ms
[2026-10-08T00:03:01.283+0000][345.280s][info][gc,cpu         ] GC(200) User=0.00s Sys=0.00s Real=0.00s
[2026-10-08T00:03:03.109+0000][347.106s][info][gc,start       ] GC(201) Pause Young (Allocation Failure)
[2026-10-08T00:03:03.117+0000][347.114s][info][gc,heap        ] GC(201) DefNew: 15634K(16640K)->813K(16640K) Eden: 14848K(14848K)->0K(14848K) From: 786K(1792K)->813K(1792K)
[2026-10-08T00:03:03.117+0000][347.114s][info][gc,heap        ] GC(201) Tenured: 33176K(36616K)->33244K(36616K)
[2026-10-08T00:03:03.117+0000][347.114s][info][gc,metaspace   ] GC(201) Metaspace: 73657K(74432K)->73657K(74432K) NonClass: 64350K(64768K)->64350K(64768K) Class: 9306K(9664K)->9306K(9664K)
[2026-10-08T00:03:03.117+0000][347.114s][info][gc             ] GC(201) Pause Young (Allocation Failure) 47M->33M(52M) 8.035ms
[2026-10-08T00:03:03.117+0000][347.114s][info][gc,cpu         ] GC(201) User=0.00s Sys=0.00s Real=0.01s
[2026-10-08T00:03:04.867+0000][348.864s][info][gc,start       ] GC(202) Pause Young (Allocation Failure)
[2026-10-08T00:03:04.880+0000][348.878s][info][gc,heap        ] GC(202) DefNew: 15661K(16640K)->922K(16640K) Eden: 14848K(14848K)->0K(14848K) From: 813K(1792K)->922K(1792K)
[2026-10-08T00:03:04.880+0000][348.878s][info][gc,heap        ] GC(202) Tenured: 33244K(36616K)->33272K(36616K)
[2026-10-08T00:03:04.880+0000][348.878s][info][gc,metaspace   ] GC(202) Metaspace: 73660K(74432K)->73660K(74432K) NonClass: 64354K(64768K)->64354K(64768K) Class: 9306K(9664K)->9306K(9664K)
[2026-10-08T00:03:04.881+0000][348.878s][info][gc             ] GC(202) Pause Young (Allocation Failure) 47M->33M(52M) 13.674ms
[2026-10-08T00:03:04.881+0000][348.878s][info][gc,cpu         ] GC(202) User=0.01s Sys=0.00s Real=0.01s
[2026-10-08T00:03:06.732+0000][350.729s][info][gc,start       ] GC(203) Pause Young (Allocation Failure)
[2026-10-08T00:03:06.739+0000][350.737s][info][gc,heap        ] GC(203) DefNew: 15770K(16640K)->853K(16640K) Eden: 14848K(14848K)->0K(14848K) From: 922K(1792K)->853K(1792K)
[2026-10-08T00:03:06.739+0000][350.737s][info][gc,heap        ] GC(203) Tenured: 33272K(36616K)->33300K(36616K)
[2026-10-08T00:03:06.739+0000][350.737s][info][gc,metaspace   ] GC(203) Metaspace: 73661K(74432K)->73661K(74432K) NonClass: 64354K(64768K)->64354K(64768K) Class: 9306K(9664K)->9306K(9664K)
[2026-10-08T00:03:06.739+0000][350.737s][info][gc             ] GC(203) Pause Young (Allocation Failure) 47M->33M(52M) 7.750ms
[2026-10-08T00:03:06.739+0000][350.737s][info][gc,cpu         ] GC(203) User=0.01s Sys=0.00s Real=0.01s
[2026-10-08T00:03:08.589+0000][352.587s][info][gc,start       ] GC(204) Pause Young (Allocation Failure)
[2026-10-08T00:03:08.597+0000][352.594s][info][gc,heap        ] GC(204) DefNew: 15701K(16640K)->894K(16640K) Eden: 14848K(14848K)->0K(14848K) From: 853K(1792K)->894K(1792K)
[2026-10-08T00:03:08.597+0000][352.594s][info][gc,heap        ] GC(204) Tenured: 33300K(36616K)->33328K(36616K)
[2026-10-08T00:03:08.597+0000][352.594s][info][gc,metaspace   ] GC(204) Metaspace: 73661K(74432K)->73661K(74432K) NonClass: 64354K(64768K)->64354K(64768K) Class: 9306K(9664K)->9306K(9664K)
[2026-10-08T00:03:08.597+0000][352.594s][info][gc             ] GC(204) Pause Young (Allocation Failure) 47M->33M(52M) 7.553ms
[2026-10-08T00:03:08.597+0000][352.594s][info][gc,cpu         ] GC(204) User=0.01s Sys=0.00s Real=0.01s
[2026-10-08T00:03:10.442+0000][354.439s][info][gc,start       ] GC(205) Pause Young (Allocation Failure)
[2026-10-08T00:03:10.449+0000][354.446s][info][gc,heap        ] GC(205) DefNew: 15742K(16640K)->932K(16640K) Eden: 14848K(14848K)->0K(14848K) From: 894K(1792K)->932K(1792K)
[2026-10-08T00:03:10.449+0000][354.446s][info][gc,heap        ] GC(205) Tenured: 33328K(36616K)->33356K(36616K)
[2026-10-08T00:03:10.449+0000][354.446s][info][gc,metaspace   ] GC(205) Metaspace: 73661K(74432K)->73661K(74432K) NonClass: 64354K(64768K)->64354K(64768K) Class: 9306K(9664K)->9306K(9664K)
[2026-10-08T00:03:10.449+0000][354.446s][info][gc             ] GC(205) Pause Young (Allocation Failure) 47M->33M(52M) 7.101ms
[2026-10-08T00:03:10.449+0000][354.446s][info][gc,cpu         ] GC(205) User=0.01s Sys=0.00s Real=0.01s
[2026-10-08T00:03:12.298+0000][356.295s][info][gc,start       ] GC(206) Pause Young (Allocation Failure)
[2026-10-08T00:03:12.316+0000][356.313s][info][gc,heap        ] GC(206) DefNew: 15780K(16640K)->877K(16640K) Eden: 14848K(14848K)->0K(14848K) From: 932K(1792K)->877K(1792K)
[2026-10-08T00:03:12.316+0000][356.313s][info][gc,heap        ] GC(206) Tenured: 33356K(36616K)->33413K(36616K)
[2026-10-08T00:03:12.316+0000][356.313s][info][gc,metaspace   ] GC(206) Metaspace: 73663K(74432K)->73663K(74432K) NonClass: 64357K(64768K)->64357K(64768K) Class: 9306K(9664K)->9306K(9664K)
[2026-10-08T00:03:12.317+0000][356.314s][info][gc             ] GC(206) Pause Young (Allocation Failure) 47M->33M(52M) 18.961ms
[2026-10-08T00:03:12.317+0000][356.314s][info][gc,cpu         ] GC(206) User=0.01s Sys=0.00s Real=0.02s
[2026-10-08T00:03:14.107+0000][358.104s][info][gc,start       ] GC(207) Pause Young (Allocation Failure)
[2026-10-08T00:03:14.117+0000][358.114s][info][gc,heap        ] GC(207) DefNew: 15725K(16640K)->944K(16640K) Eden: 14848K(14848K)->0K(14848K) From: 877K(1792K)->944K(1792K)
[2026-10-08T00:03:14.117+0000][358.115s][info][gc,heap        ] GC(207) Tenured: 33413K(36616K)->33413K(36616K)
[2026-10-08T00:03:14.117+0000][358.115s][info][gc,metaspace   ] GC(207) Metaspace: 73663K(74432K)->73663K(74432K) NonClass: 64357K(64768K)->64357K(64768K) Class: 9306K(9664K)->9306K(9664K)
[2026-10-08T00:03:14.118+0000][358.115s][info][gc             ] GC(207) Pause Young (Allocation Failure) 47M->33M(52M) 10.845ms
[2026-10-08T00:03:14.118+0000][358.115s][info][gc,cpu         ] GC(207) User=0.01s Sys=0.00s Real=0.01s
[2026-10-08T00:03:15.942+0000][359.940s][info][gc,start       ] GC(208) Pause Young (Allocation Failure)
[2026-10-08T00:03:15.951+0000][359.948s][info][gc,heap        ] GC(208) DefNew: 15792K(16640K)->826K(16640K) Eden: 14848K(14848K)->0K(14848K) From: 944K(1792K)->826K(1792K)
[2026-10-08T00:03:15.951+0000][359.948s][info][gc,heap        ] GC(208) Tenured: 33413K(36616K)->33472K(36616K)
[2026-10-08T00:03:15.951+0000][359.948s][info][gc,metaspace   ] GC(208) Metaspace: 73663K(74432K)->73663K(74432K) NonClass: 64357K(64768K)->64357K(64768K) Class: 9306K(9664K)->9306K(9664K)
[2026-10-08T00:03:15.951+0000][359.948s][info][gc             ] GC(208) Pause Young (Allocation Failure) 48M->33M(52M) 8.496ms
[2026-10-08T00:03:15.951+0000][359.948s][info][gc,cpu         ] GC(208) User=0.00s Sys=0.00s Real=0.01s
[2026-10-08T00:03:17.798+0000][361.796s][info][gc,start       ] GC(209) Pause Young (Allocation Failure)
[2026-10-08T00:03:17.806+0000][361.804s][info][gc,heap        ] GC(209) DefNew: 15674K(16640K)->898K(16640K) Eden: 14848K(14848K)->0K(14848K) From: 826K(1792K)->898K(1792K)
[2026-10-08T00:03:17.806+0000][361.804s][info][gc,heap        ] GC(209) Tenured: 33472K(36616K)->33472K(36616K)
[2026-10-08T00:03:17.806+0000][361.804s][info][gc,metaspace   ] GC(209) Metaspace: 73663K(74432K)->73663K(74432K) NonClass: 64357K(64768K)->64357K(64768K) Class: 9306K(9664K)->9306K(9664K)
[2026-10-08T00:03:17.807+0000][361.804s][info][gc             ] GC(209) Pause Young (Allocation Failure) 47M->33M(52M) 8.210ms
[2026-10-08T00:03:17.807+0000][361.804s][info][gc,cpu         ] GC(209) User=0.00s Sys=0.00s Real=0.01s
[2026-10-08T00:03:19.656+0000][363.653s][info][gc,start       ] GC(210) Pause Young (Allocation Failure)
[2026-10-08T00:03:19.664+0000][363.661s][info][gc,heap        ] GC(210) DefNew: 15746K(16640K)->925K(16640K) Eden: 14848K(14848K)->0K(14848K) From: 898K(1792K)->925K(1792K)
[2026-10-08T00:03:19.664+0000][363.661s][info][gc,heap        ] GC(210) Tenured: 33472K(36616K)->33497K(36616K)
[2026-10-08T00:03:19.664+0000][363.661s][info][gc,metaspace   ] GC(210) Metaspace: 73665K(74432K)->73665K(74432K) NonClass: 64358K(64768K)->64358K(64768K) Class: 9306K(9664K)->9306K(9664K)
[2026-10-08T00:03:19.664+0000][363.661s][info][gc             ] GC(210) Pause Young (Allocation Failure) 48M->33M(52M) 8.236ms
[2026-10-08T00:03:19.664+0000][363.661s][info][gc,cpu         ] GC(210) User=0.01s Sys=0.00s Real=0.01s
[2026-10-08T00:03:21.420+0000][365.417s][info][gc,start       ] GC(211) Pause Young (Allocation Failure)
[2026-10-08T00:03:21.428+0000][365.426s][info][gc,heap        ] GC(211) DefNew: 15773K(16640K)->853K(16640K) Eden: 14848K(14848K)->0K(14848K) From: 925K(1792K)->853K(1792K)
[2026-10-08T00:03:21.428+0000][365.426s][info][gc,heap        ] GC(211) Tenured: 33497K(36616K)->33543K(36616K)
[2026-10-08T00:03:21.429+0000][365.426s][info][gc,metaspace   ] GC(211) Metaspace: 73666K(74432K)->73666K(74432K) NonClass: 64360K(64768K)->64360K(64768K) Class: 9306K(9664K)->9306K(9664K)
[2026-10-08T00:03:21.429+0000][365.426s][info][gc             ] GC(211) Pause Young (Allocation Failure) 48M->33M(52M) 9.170ms
[2026-10-08T00:03:21.429+0000][365.426s][info][gc,cpu         ] GC(211) User=0.01s Sys=0.00s Real=0.01s
[2026-10-08T00:03:23.266+0000][367.264s][info][gc,start       ] GC(212) Pause Young (Allocation Failure)
[2026-10-08T00:03:23.273+0000][367.270s][info][gc,heap        ] GC(212) DefNew: 15701K(16640K)->859K(16640K) Eden: 14848K(14848K)->0K(14848K) From: 853K(1792K)->859K(1792K)
[2026-10-08T00:03:23.273+0000][367.271s][info][gc,heap        ] GC(212) Tenured: 33543K(36616K)->33582K(36616K)
[2026-10-08T00:03:23.273+0000][367.271s][info][gc,metaspace   ] GC(212) Metaspace: 73667K(74432K)->73667K(74432K) NonClass: 64360K(64768K)->64360K(64768K) Class: 9306K(9664K)->9306K(9664K)
[2026-10-08T00:03:23.273+0000][367.271s][info][gc             ] GC(212) Pause Young (Allocation Failure) 48M->33M(52M) 6.876ms
[2026-10-08T00:03:23.273+0000][367.271s][info][gc,cpu         ] GC(212) User=0.00s Sys=0.00s Real=0.00s
[2026-10-08T00:03:25.093+0000][369.091s][info][gc,start       ] GC(213) Pause Young (Allocation Failure)
[2026-10-08T00:03:25.102+0000][369.099s][info][gc,heap        ] GC(213) DefNew: 15707K(16640K)->932K(16640K) Eden: 14848K(14848K)->0K(14848K) From: 859K(1792K)->932K(1792K)
[2026-10-08T00:03:25.102+0000][369.100s][info][gc,heap        ] GC(213) Tenured: 33582K(36616K)->33612K(36616K)
[2026-10-08T00:03:25.102+0000][369.100s][info][gc,metaspace   ] GC(213) Metaspace: 73667K(74432K)->73667K(74432K) NonClass: 64360K(64768K)->64360K(64768K) Class: 9306K(9664K)->9306K(9664K)
[2026-10-08T00:03:25.102+0000][369.100s][info][gc             ] GC(213) Pause Young (Allocation Failure) 48M->33M(52M) 8.896ms
[2026-10-08T00:03:25.102+0000][369.100s][info][gc,cpu         ] GC(213) User=0.01s Sys=0.00s Real=0.01s
[2026-10-08T00:03:26.943+0000][370.941s][info][gc,start       ] GC(214) Pause Young (Allocation Failure)
[2026-10-08T00:03:26.952+0000][370.950s][info][gc,heap        ] GC(214) DefNew: 15780K(16640K)->868K(16640K) Eden: 14848K(14848K)->0K(14848K) From: 932K(1792K)->868K(1792K)
[2026-10-08T00:03:26.952+0000][370.950s][info][gc,heap        ] GC(214) Tenured: 33612K(36616K)->33658K(36616K)
[2026-10-08T00:03:26.952+0000][370.950s][info][gc,metaspace   ] GC(214) Metaspace: 73667K(74432K)->73667K(74432K) NonClass: 64361K(64768K)->64361K(64768K) Class: 9306K(9664K)->9306K(9664K)
[2026-10-08T00:03:26.952+0000][370.950s][info][gc             ] GC(214) Pause Young (Allocation Failure) 48M->33M(52M) 9.163ms
[2026-10-08T00:03:26.952+0000][370.950s][info][gc,cpu         ] GC(214) User=0.01s Sys=0.00s Real=0.01s
[2026-10-08T00:03:28.806+0000][372.803s][info][gc,start       ] GC(215) Pause Young (Allocation Failure)
[2026-10-08T00:03:28.819+0000][372.817s][info][gc,heap        ] GC(215) DefNew: 15716K(16640K)->876K(16640K) Eden: 14848K(14848K)->0K(14848K) From: 868K(1792K)->876K(1792K)
[2026-10-08T00:03:28.820+0000][372.817s][info][gc,heap        ] GC(215) Tenured: 33658K(36616K)->33690K(36616K)
[2026-10-08T00:03:28.820+0000][372.817s][info][gc,metaspace   ] GC(215) Metaspace: 73667K(74432K)->73667K(74432K) NonClass: 64361K(64768K)->64361K(64768K) Class: 9306K(9664K)->9306K(9664K)
[2026-10-08T00:03:28.820+0000][372.817s][info][gc             ] GC(215) Pause Young (Allocation Failure) 48M->33M(52M) 14.501ms
[2026-10-08T00:03:28.820+0000][372.818s][info][gc,cpu         ] GC(215) User=0.01s Sys=0.00s Real=0.01s
[2026-10-08T00:03:30.741+0000][374.739s][info][gc,start       ] GC(216) Pause Young (Allocation Failure)
[2026-10-08T00:03:30.754+0000][374.752s][info][gc,heap        ] GC(216) DefNew: 15724K(16640K)->805K(16640K) Eden: 14848K(14848K)->0K(14848K) From: 876K(1792K)->805K(1792K)
[2026-10-08T00:03:30.754+0000][374.752s][info][gc,heap        ] GC(216) Tenured: 33690K(36616K)->33738K(36616K)
[2026-10-08T00:03:30.754+0000][374.752s][info][gc,metaspace   ] GC(216) Metaspace: 73680K(74496K)->73680K(74496K) NonClass: 64373K(64832K)->64373K(64832K) Class: 9306K(9664K)->9306K(9664K)
[2026-10-08T00:03:30.754+0000][374.752s][info][gc             ] GC(216) Pause Young (Allocation Failure) 48M->33M(52M) 12.921ms
[2026-10-08T00:03:30.754+0000][374.752s][info][gc,cpu         ] GC(216) User=0.01s Sys=0.00s Real=0.02s
[2026-10-08T00:03:32.812+0000][376.809s][info][gc,start       ] GC(217) Pause Young (Allocation Failure)
[2026-10-08T00:03:32.819+0000][376.816s][info][gc,heap        ] GC(217) DefNew: 15653K(16640K)->811K(16640K) Eden: 14848K(14848K)->0K(14848K) From: 805K(1792K)->811K(1792K)
[2026-10-08T00:03:32.819+0000][376.816s][info][gc,heap        ] GC(217) Tenured: 33738K(36616K)->33795K(36616K)
[2026-10-08T00:03:32.819+0000][376.817s][info][gc,metaspace   ] GC(217) Metaspace: 73680K(74496K)->73680K(74496K) NonClass: 64373K(64832K)->64373K(64832K) Class: 9306K(9664K)->9306K(9664K)
[2026-10-08T00:03:32.819+0000][376.817s][info][gc             ] GC(217) Pause Young (Allocation Failure) 48M->33M(52M) 7.318ms
[2026-10-08T00:03:32.819+0000][376.817s][info][gc,cpu         ] GC(217) User=0.00s Sys=0.00s Real=0.01s
[2026-10-08T00:03:34.445+0000][378.442s][info][gc,start       ] GC(218) Pause Young (Allocation Failure)
[2026-10-08T00:03:34.452+0000][378.449s][info][gc,heap        ] GC(218) DefNew: 15659K(16640K)->850K(16640K) Eden: 14848K(14848K)->0K(14848K) From: 811K(1792K)->850K(1792K)
[2026-10-08T00:03:34.452+0000][378.449s][info][gc,heap        ] GC(218) Tenured: 33795K(36616K)->33828K(36616K)
[2026-10-08T00:03:34.452+0000][378.449s][info][gc,metaspace   ] GC(218) Metaspace: 73680K(74496K)->73680K(74496K) NonClass: 64373K(64832K)->64373K(64832K) Class: 9306K(9664K)->9306K(9664K)
[2026-10-08T00:03:34.452+0000][378.449s][info][gc             ] GC(218) Pause Young (Allocation Failure) 48M->33M(52M) 6.613ms
[2026-10-08T00:03:34.452+0000][378.449s][info][gc,cpu         ] GC(218) User=0.01s Sys=0.00s Real=0.00s
[2026-10-08T00:03:36.157+0000][380.154s][info][gc,start       ] GC(219) Pause Young (Allocation Failure)
[2026-10-08T00:03:36.168+0000][380.166s][info][gc,heap        ] GC(219) DefNew: 15698K(16640K)->819K(16640K) Eden: 14848K(14848K)->0K(14848K) From: 850K(1792K)->819K(1792K)
[2026-10-08T00:03:36.168+0000][380.166s][info][gc,heap        ] GC(219) Tenured: 33828K(36616K)->33863K(36616K)
[2026-10-08T00:03:36.168+0000][380.166s][info][gc,metaspace   ] GC(219) Metaspace: 73686K(74496K)->73686K(74496K) NonClass: 64379K(64832K)->64379K(64832K) Class: 9306K(9664K)->9306K(9664K)
[2026-10-08T00:03:36.169+0000][380.167s][info][gc             ] GC(219) Pause Young (Allocation Failure) 48M->33M(52M) 12.700ms
[2026-10-08T00:03:36.169+0000][380.167s][info][gc,cpu         ] GC(219) User=0.01s Sys=0.00s Real=0.01s
[2026-10-08T00:03:37.946+0000][381.943s][info][gc,start       ] GC(220) Pause Young (Allocation Failure)
[2026-10-08T00:03:37.953+0000][381.950s][info][gc,heap        ] GC(220) DefNew: 15667K(16640K)->849K(16640K) Eden: 14848K(14848K)->0K(14848K) From: 819K(1792K)->849K(1792K)
[2026-10-08T00:03:37.953+0000][381.950s][info][gc,heap        ] GC(220) Tenured: 33863K(36616K)->33908K(36616K)
[2026-10-08T00:03:37.953+0000][381.950s][info][gc,metaspace   ] GC(220) Metaspace: 73686K(74496K)->73686K(74496K) NonClass: 64379K(64832K)->64379K(64832K) Class: 9306K(9664K)->9306K(9664K)
[2026-10-08T00:03:37.953+0000][381.950s][info][gc             ] GC(220) Pause Young (Allocation Failure) 48M->33M(52M) 7.567ms
[2026-10-08T00:03:37.953+0000][381.951s][info][gc,cpu         ] GC(220) User=0.00s Sys=0.00s Real=0.00s
[2026-10-08T00:03:39.797+0000][383.795s][info][gc,start       ] GC(221) Pause Young (Allocation Failure)
[2026-10-08T00:03:39.805+0000][383.802s][info][gc,heap        ] GC(221) DefNew: 15697K(16640K)->842K(16640K) Eden: 14848K(14848K)->0K(14848K) From: 849K(1792K)->842K(1792K)
[2026-10-08T00:03:39.805+0000][383.802s][info][gc,heap        ] GC(221) Tenured: 33908K(36616K)->33988K(36616K)
[2026-10-08T00:03:39.805+0000][383.802s][info][gc,metaspace   ] GC(221) Metaspace: 73686K(74496K)->73686K(74496K) NonClass: 64379K(64832K)->64379K(64832K) Class: 9306K(9664K)->9306K(9664K)
[2026-10-08T00:03:39.805+0000][383.802s][info][gc             ] GC(221) Pause Young (Allocation Failure) 48M->34M(52M) 7.439ms
[2026-10-08T00:03:39.805+0000][383.802s][info][gc,cpu         ] GC(221) User=0.01s Sys=0.00s Real=0.01s
[2026-10-08T00:03:41.661+0000][385.658s][info][gc,start       ] GC(222) Pause Young (Allocation Failure)
[2026-10-08T00:03:41.668+0000][385.665s][info][gc,heap        ] GC(222) DefNew: 15690K(16640K)->786K(16640K) Eden: 14848K(14848K)->0K(14848K) From: 842K(1792K)->786K(1792K)
[2026-10-08T00:03:41.668+0000][385.665s][info][gc,heap        ] GC(222) Tenured: 33988K(36616K)->34018K(36616K)
[2026-10-08T00:03:41.668+0000][385.665s][info][gc,metaspace   ] GC(222) Metaspace: 73687K(74496K)->73687K(74496K) NonClass: 64381K(64832K)->64381K(64832K) Class: 9306K(9664K)->9306K(9664K)
[2026-10-08T00:03:41.668+0000][385.665s][info][gc             ] GC(222) Pause Young (Allocation Failure) 48M->33M(52M) 6.933ms
[2026-10-08T00:03:41.670+0000][385.667s][info][gc,cpu         ] GC(222) User=0.01s Sys=0.00s Real=0.01s
[2026-10-08T00:03:43.509+0000][387.507s][info][gc,start       ] GC(223) Pause Young (Allocation Failure)
[2026-10-08T00:03:43.516+0000][387.514s][info][gc,heap        ] GC(223) DefNew: 15634K(16640K)->820K(16640K) Eden: 14848K(14848K)->0K(14848K) From: 786K(1792K)->820K(1792K)
[2026-10-08T00:03:43.516+0000][387.514s][info][gc,heap        ] GC(223) Tenured: 34018K(36616K)->34053K(36616K)
[2026-10-08T00:03:43.516+0000][387.514s][info][gc,metaspace   ] GC(223) Metaspace: 73688K(74496K)->73688K(74496K) NonClass: 64381K(64832K)->64381K(64832K) Class: 9306K(9664K)->9306K(9664K)
[2026-10-08T00:03:43.517+0000][387.514s][info][gc             ] GC(223) Pause Young (Allocation Failure) 48M->34M(52M) 7.315ms
[2026-10-08T00:03:43.517+0000][387.514s][info][gc,cpu         ] GC(223) User=0.00s Sys=0.00s Real=0.01s
[2026-10-08T00:03:45.336+0000][389.333s][info][gc,start       ] GC(224) Pause Young (Allocation Failure)
[2026-10-08T00:03:45.344+0000][389.341s][info][gc,heap        ] GC(224) DefNew: 15668K(16640K)->834K(16640K) Eden: 14848K(14848K)->0K(14848K) From: 820K(1792K)->834K(1792K)
[2026-10-08T00:03:45.344+0000][389.341s][info][gc,heap        ] GC(224) Tenured: 34053K(36616K)->34083K(36616K)
[2026-10-08T00:03:45.344+0000][389.341s][info][gc,metaspace   ] GC(224) Metaspace: 73688K(74496K)->73688K(74496K) NonClass: 64382K(64832K)->64382K(64832K) Class: 9306K(9664K)->9306K(9664K)
[2026-10-08T00:03:45.344+0000][389.341s][info][gc             ] GC(224) Pause Young (Allocation Failure) 48M->34M(52M) 7.683ms
[2026-10-08T00:03:45.344+0000][389.341s][info][gc,cpu         ] GC(224) User=0.00s Sys=0.00s Real=0.01s
[2026-10-08T00:03:47.182+0000][391.179s][info][gc,start       ] GC(225) Pause Young (Allocation Failure)
[2026-10-08T00:03:47.189+0000][391.187s][info][gc,heap        ] GC(225) DefNew: 15682K(16640K)->832K(16640K) Eden: 14848K(14848K)->0K(14848K) From: 834K(1792K)->832K(1792K)
[2026-10-08T00:03:47.189+0000][391.187s][info][gc,heap        ] GC(225) Tenured: 34083K(36616K)->34126K(36616K)
[2026-10-08T00:03:47.189+0000][391.187s][info][gc,metaspace   ] GC(225) Metaspace: 73693K(74496K)->73693K(74496K) NonClass: 64386K(64832K)->64386K(64832K) Class: 9306K(9664K)->9306K(9664K)
[2026-10-08T00:03:47.189+0000][391.187s][info][gc             ] GC(225) Pause Young (Allocation Failure) 48M->34M(52M) 7.251ms
[2026-10-08T00:03:47.189+0000][391.187s][info][gc,cpu         ] GC(225) User=0.00s Sys=0.00s Real=0.01s
[2026-10-08T00:03:49.048+0000][393.046s][info][gc,start       ] GC(226) Pause Young (Allocation Failure)
[2026-10-08T00:03:49.055+0000][393.053s][info][gc,heap        ] GC(226) DefNew: 15680K(16640K)->859K(16640K) Eden: 14848K(14848K)->0K(14848K) From: 832K(1792K)->859K(1792K)
[2026-10-08T00:03:49.055+0000][393.053s][info][gc,heap        ] GC(226) Tenured: 34126K(36616K)->34163K(36616K)
[2026-10-08T00:03:49.055+0000][393.053s][info][gc,metaspace   ] GC(226) Metaspace: 73693K(74496K)->73693K(74496K) NonClass: 64386K(64832K)->64386K(64832K) Class: 9306K(9664K)->9306K(9664K)
[2026-10-08T00:03:49.055+0000][393.053s][info][gc             ] GC(226) Pause Young (Allocation Failure) 48M->34M(52M) 7.166ms
[2026-10-08T00:03:49.055+0000][393.053s][info][gc,cpu         ] GC(226) User=0.01s Sys=0.00s Real=0.01s
[2026-10-08T00:03:50.818+0000][394.816s][info][gc,start       ] GC(227) Pause Young (Allocation Failure)
[2026-10-08T00:03:50.835+0000][394.832s][info][gc,heap        ] GC(227) DefNew: 15707K(16640K)->859K(16640K) Eden: 14848K(14848K)->0K(14848K) From: 859K(1792K)->859K(1792K)
[2026-10-08T00:03:50.836+0000][394.833s][info][gc,heap        ] GC(227) Tenured: 34163K(36616K)->34192K(36616K)
[2026-10-08T00:03:50.836+0000][394.833s][info][gc,metaspace   ] GC(227) Metaspace: 73701K(74496K)->73701K(74496K) NonClass: 64395K(64832K)->64395K(64832K) Class: 9306K(9664K)->9306K(9664K)
[2026-10-08T00:03:50.836+0000][394.833s][info][gc             ] GC(227) Pause Young (Allocation Failure) 48M->34M(52M) 17.509ms
[2026-10-08T00:03:50.836+0000][394.833s][info][gc,cpu         ] GC(227) User=0.00s Sys=0.00s Real=0.02s
[2026-10-08T00:03:52.661+0000][396.658s][info][gc,start       ] GC(228) Pause Young (Allocation Failure)
[2026-10-08T00:03:52.671+0000][396.668s][info][gc,heap        ] GC(228) DefNew: 15707K(16640K)->878K(16640K) Eden: 14848K(14848K)->0K(14848K) From: 859K(1792K)->878K(1792K)
[2026-10-08T00:03:52.671+0000][396.668s][info][gc,heap        ] GC(228) Tenured: 34192K(36616K)->34221K(36616K)
[2026-10-08T00:03:52.671+0000][396.668s][info][gc,metaspace   ] GC(228) Metaspace: 73703K(74496K)->73703K(74496K) NonClass: 64397K(64832K)->64397K(64832K) Class: 9306K(9664K)->9306K(9664K)
[2026-10-08T00:03:52.671+0000][396.669s][info][gc             ] GC(228) Pause Young (Allocation Failure) 48M->34M(52M) 10.650ms
[2026-10-08T00:03:52.671+0000][396.669s][info][gc,cpu         ] GC(228) User=0.01s Sys=0.00s Real=0.01s
[2026-10-08T00:03:54.488+0000][398.486s][info][gc,start       ] GC(229) Pause Young (Allocation Failure)
[2026-10-08T00:03:54.496+0000][398.493s][info][gc,heap        ] GC(229) DefNew: 15726K(16640K)->918K(16640K) Eden: 14848K(14848K)->0K(14848K) From: 878K(1792K)->918K(1792K)
[2026-10-08T00:03:54.496+0000][398.493s][info][gc,heap        ] GC(229) Tenured: 34221K(36616K)->34258K(36616K)
[2026-10-08T00:03:54.496+0000][398.493s][info][gc,metaspace   ] GC(229) Metaspace: 73707K(74496K)->73707K(74496K) NonClass: 64400K(64832K)->64400K(64832K) Class: 9306K(9664K)->9306K(9664K)
[2026-10-08T00:03:54.496+0000][398.494s][info][gc             ] GC(229) Pause Young (Allocation Failure) 48M->34M(52M) 7.786ms
[2026-10-08T00:03:54.496+0000][398.494s][info][gc,cpu         ] GC(229) User=0.01s Sys=0.00s Real=0.01s
[2026-10-08T00:03:56.338+0000][400.335s][info][gc,start       ] GC(230) Pause Young (Allocation Failure)
[2026-10-08T00:03:56.346+0000][400.343s][info][gc,heap        ] GC(230) DefNew: 15766K(16640K)->886K(16640K) Eden: 14848K(14848K)->0K(14848K) From: 918K(1792K)->886K(1792K)
[2026-10-08T00:03:56.346+0000][400.343s][info][gc,heap        ] GC(230) Tenured: 34258K(36616K)->34293K(36616K)
[2026-10-08T00:03:56.346+0000][400.344s][info][gc,metaspace   ] GC(230) Metaspace: 73707K(74496K)->73707K(74496K) NonClass: 64400K(64832K)->64400K(64832K) Class: 9306K(9664K)->9306K(9664K)
[2026-10-08T00:03:56.346+0000][400.344s][info][gc             ] GC(230) Pause Young (Allocation Failure) 48M->34M(52M) 8.697ms
[2026-10-08T00:03:56.346+0000][400.344s][info][gc,cpu         ] GC(230) User=0.01s Sys=0.00s Real=0.01s
[2026-10-08T00:03:58.223+0000][402.220s][info][gc,start       ] GC(231) Pause Young (Allocation Failure)
[2026-10-08T00:03:58.230+0000][402.227s][info][gc,heap        ] GC(231) DefNew: 15734K(16640K)->889K(16640K) Eden: 14848K(14848K)->0K(14848K) From: 886K(1792K)->889K(1792K)
[2026-10-08T00:03:58.230+0000][402.227s][info][gc,heap        ] GC(231) Tenured: 34293K(36616K)->34321K(36616K)
[2026-10-08T00:03:58.230+0000][402.227s][info][gc,metaspace   ] GC(231) Metaspace: 73707K(74496K)->73707K(74496K) NonClass: 64400K(64832K)->64400K(64832K) Class: 9306K(9664K)->9306K(9664K)
[2026-10-08T00:03:58.230+0000][402.227s][info][gc             ] GC(231) Pause Young (Allocation Failure) 48M->34M(52M) 7.296ms
[2026-10-08T00:03:58.230+0000][402.227s][info][gc,cpu         ] GC(231) User=0.01s Sys=0.00s Real=0.01s
[2026-10-08T00:04:00.029+0000][404.026s][info][gc,start       ] GC(232) Pause Young (Allocation Failure)
[2026-10-08T00:04:00.036+0000][404.033s][info][gc,heap        ] GC(232) DefNew: 15737K(16640K)->926K(16640K) Eden: 14848K(14848K)->0K(14848K) From: 889K(1792K)->926K(1792K)
[2026-10-08T00:04:00.036+0000][404.033s][info][gc,heap        ] GC(232) Tenured: 34321K(36616K)->34362K(36616K)
[2026-10-08T00:04:00.036+0000][404.033s][info][gc,metaspace   ] GC(232) Metaspace: 73707K(74496K)->73707K(74496K) NonClass: 64400K(64832K)->64400K(64832K) Class: 9306K(9664K)->9306K(9664K)
[2026-10-08T00:04:00.036+0000][404.034s][info][gc             ] GC(232) Pause Young (Allocation Failure) 48M->34M(52M) 7.170ms
[2026-10-08T00:04:00.036+0000][404.034s][info][gc,cpu         ] GC(232) User=0.01s Sys=0.00s Real=0.01s
[2026-10-08T00:04:01.876+0000][405.873s][info][gc,start       ] GC(233) Pause Young (Allocation Failure)
[2026-10-08T00:04:01.884+0000][405.881s][info][gc,heap        ] GC(233) DefNew: 15774K(16640K)->862K(16640K) Eden: 14848K(14848K)->0K(14848K) From: 926K(1792K)->862K(1792K)
[2026-10-08T00:04:01.884+0000][405.881s][info][gc,heap        ] GC(233) Tenured: 34362K(36616K)->34401K(36616K)
[2026-10-08T00:04:01.884+0000][405.881s][info][gc,metaspace   ] GC(233) Metaspace: 73707K(74496K)->73707K(74496K) NonClass: 64400K(64832K)->64400K(64832K) Class: 9306K(9664K)->9306K(9664K)
[2026-10-08T00:04:01.884+0000][405.881s][info][gc             ] GC(233) Pause Young (Allocation Failure) 48M->34M(52M) 8.422ms
[2026-10-08T00:04:01.884+0000][405.882s][info][gc,cpu         ] GC(233) User=0.01s Sys=0.00s Real=0.01s
[2026-10-08T00:04:03.734+0000][407.732s][info][gc,start       ] GC(234) Pause Young (Allocation Failure)
[2026-10-08T00:04:03.743+0000][407.740s][info][gc,heap        ] GC(234) DefNew: 15710K(16640K)->880K(16640K) Eden: 14848K(14848K)->0K(14848K) From: 862K(1792K)->880K(1792K)
[2026-10-08T00:04:03.743+0000][407.740s][info][gc,heap        ] GC(234) Tenured: 34401K(36616K)->34459K(36616K)
[2026-10-08T00:04:03.743+0000][407.740s][info][gc,metaspace   ] GC(234) Metaspace: 73708K(74496K)->73708K(74496K) NonClass: 64402K(64832K)->64402K(64832K) Class: 9306K(9664K)->9306K(9664K)
[2026-10-08T00:04:03.743+0000][407.740s][info][gc             ] GC(234) Pause Young (Allocation Failure) 48M->34M(52M) 8.619ms
[2026-10-08T00:04:03.743+0000][407.740s][info][gc,cpu         ] GC(234) User=0.01s Sys=0.00s Real=0.00s
[2026-10-08T00:04:05.523+0000][409.520s][info][gc,start       ] GC(235) Pause Young (Allocation Failure)
[2026-10-08T00:04:05.531+0000][409.528s][info][gc,heap        ] GC(235) DefNew: 15728K(16640K)->917K(16640K) Eden: 14848K(14848K)->0K(14848K) From: 880K(1792K)->917K(1792K)
[2026-10-08T00:04:05.531+0000][409.528s][info][gc,heap        ] GC(235) Tenured: 34459K(36616K)->34502K(36616K)
[2026-10-08T00:04:05.531+0000][409.528s][info][gc,metaspace   ] GC(235) Metaspace: 73712K(74496K)->73712K(74496K) NonClass: 64405K(64832K)->64405K(64832K) Class: 9306K(9664K)->9306K(9664K)
[2026-10-08T00:04:05.531+0000][409.528s][info][gc             ] GC(235) Pause Young (Allocation Failure) 49M->34M(52M) 7.789ms
[2026-10-08T00:04:05.531+0000][409.528s][info][gc,cpu         ] GC(235) User=0.01s Sys=0.00s Real=0.01s
[2026-10-08T00:04:07.366+0000][411.364s][info][gc,start       ] GC(236) Pause Young (Allocation Failure)
[2026-10-08T00:04:07.380+0000][411.377s][info][gc,heap        ] GC(236) DefNew: 15765K(16640K)->850K(16640K) Eden: 14848K(14848K)->0K(14848K) From: 917K(1792K)->850K(1792K)
[2026-10-08T00:04:07.380+0000][411.377s][info][gc,heap        ] GC(236) Tenured: 34502K(36616K)->34549K(36616K)
[2026-10-08T00:04:07.380+0000][411.378s][info][gc,metaspace   ] GC(236) Metaspace: 73713K(74496K)->73713K(74496K) NonClass: 64406K(64832K)->64406K(64832K) Class: 9306K(9664K)->9306K(9664K)
[2026-10-08T00:04:07.381+0000][411.379s][info][gc             ] GC(236) Pause Young (Allocation Failure) 49M->34M(52M) 15.026ms
[2026-10-08T00:04:07.381+0000][411.379s][info][gc,cpu         ] GC(236) User=0.00s Sys=0.01s Real=0.01s
[2026-10-08T00:04:09.169+0000][413.166s][info][gc,start       ] GC(237) Pause Young (Allocation Failure)
[2026-10-08T00:04:09.175+0000][413.172s][info][gc,heap        ] GC(237) DefNew: 15698K(16640K)->862K(16640K) Eden: 14848K(14848K)->0K(14848K) From: 850K(1792K)->862K(1792K)
[2026-10-08T00:04:09.175+0000][413.172s][info][gc,heap        ] GC(237) Tenured: 34549K(36616K)->34581K(36616K)
[2026-10-08T00:04:09.175+0000][413.172s][info][gc,metaspace   ] GC(237) Metaspace: 73713K(74496K)->73713K(74496K) NonClass: 64406K(64832K)->64406K(64832K) Class: 9306K(9664K)->9306K(9664K)
[2026-10-08T00:04:09.175+0000][413.172s][info][gc             ] GC(237) Pause Young (Allocation Failure) 49M->34M(52M) 6.377ms
[2026-10-08T00:04:09.175+0000][413.172s][info][gc,cpu         ] GC(237) User=0.00s Sys=0.00s Real=0.01s
[2026-10-08T00:04:11.020+0000][415.018s][info][gc,start       ] GC(238) Pause Young (Allocation Failure)
[2026-10-08T00:04:11.027+0000][415.024s][info][gc,heap        ] GC(238) DefNew: 15710K(16640K)->838K(16640K) Eden: 14848K(14848K)->0K(14848K) From: 862K(1792K)->838K(1792K)
[2026-10-08T00:04:11.027+0000][415.024s][info][gc,heap        ] GC(238) Tenured: 34581K(36616K)->34612K(36616K)
[2026-10-08T00:04:11.027+0000][415.024s][info][gc,metaspace   ] GC(238) Metaspace: 73713K(74496K)->73713K(74496K) NonClass: 64406K(64832K)->64406K(64832K) Class: 9306K(9664K)->9306K(9664K)
[2026-10-08T00:04:11.027+0000][415.024s][info][gc             ] GC(238) Pause Young (Allocation Failure) 49M->34M(52M) 6.540ms
[2026-10-08T00:04:11.027+0000][415.024s][info][gc,cpu         ] GC(238) User=0.01s Sys=0.00s Real=0.01s
[2026-10-08T00:04:12.881+0000][416.878s][info][gc,start       ] GC(239) Pause Young (Allocation Failure)
[2026-10-08T00:04:12.888+0000][416.885s][info][gc,heap        ] GC(239) DefNew: 15686K(16640K)->882K(16640K) Eden: 14848K(14848K)->0K(14848K) From: 838K(1792K)->882K(1792K)
[2026-10-08T00:04:12.888+0000][416.885s][info][gc,heap        ] GC(239) Tenured: 34612K(36616K)->34643K(36616K)
[2026-10-08T00:04:12.888+0000][416.885s][info][gc,metaspace   ] GC(239) Metaspace: 73725K(74496K)->73725K(74496K) NonClass: 64419K(64832K)->64419K(64832K) Class: 9306K(9664K)->9306K(9664K)
[2026-10-08T00:04:12.888+0000][416.885s][info][gc             ] GC(239) Pause Young (Allocation Failure) 49M->34M(52M) 7.005ms
[2026-10-08T00:04:12.888+0000][416.885s][info][gc,cpu         ] GC(239) User=0.01s Sys=0.00s Real=0.01s
[2026-10-08T00:04:14.724+0000][418.722s][info][gc,start       ] GC(240) Pause Young (Allocation Failure)
[2026-10-08T00:04:14.733+0000][418.730s][info][gc,heap        ] GC(240) DefNew: 15730K(16640K)->900K(16640K) Eden: 14848K(14848K)->0K(14848K) From: 882K(1792K)->900K(1792K)
[2026-10-08T00:04:14.733+0000][418.730s][info][gc,heap        ] GC(240) Tenured: 34643K(36616K)->34684K(36616K)
[2026-10-08T00:04:14.733+0000][418.730s][info][gc,metaspace   ] GC(240) Metaspace: 73727K(74496K)->73727K(74496K) NonClass: 64421K(64832K)->64421K(64832K) Class: 9306K(9664K)->9306K(9664K)
[2026-10-08T00:04:14.733+0000][418.730s][info][gc             ] GC(240) Pause Young (Allocation Failure) 49M->34M(52M) 8.721ms
[2026-10-08T00:04:14.733+0000][418.730s][info][gc,cpu         ] GC(240) User=0.01s Sys=0.00s Real=0.00s
[2026-10-08T00:04:16.579+0000][420.576s][info][gc,start       ] GC(241) Pause Young (Allocation Failure)
[2026-10-08T00:04:16.586+0000][420.584s][info][gc,heap        ] GC(241) DefNew: 15748K(16640K)->833K(16640K) Eden: 14848K(14848K)->0K(14848K) From: 900K(1792K)->833K(1792K)
[2026-10-08T00:04:16.586+0000][420.584s][info][gc,heap        ] GC(241) Tenured: 34684K(36616K)->34720K(36616K)
[2026-10-08T00:04:16.586+0000][420.584s][info][gc,metaspace   ] GC(241) Metaspace: 73730K(74496K)->73730K(74496K) NonClass: 64424K(64832K)->64424K(64832K) Class: 9306K(9664K)->9306K(9664K)
[2026-10-08T00:04:16.586+0000][420.584s][info][gc             ] GC(241) Pause Young (Allocation Failure) 49M->34M(52M) 7.299ms
[2026-10-08T00:04:16.586+0000][420.584s][info][gc,cpu         ] GC(241) User=0.01s Sys=0.00s Real=0.01s
[2026-10-08T00:04:18.440+0000][422.438s][info][gc,start       ] GC(242) Pause Young (Allocation Failure)
[2026-10-08T00:04:18.448+0000][422.446s][info][gc,heap        ] GC(242) DefNew: 15681K(16640K)->810K(16640K) Eden: 14848K(14848K)->0K(14848K) From: 833K(1792K)->810K(1792K)
[2026-10-08T00:04:18.449+0000][422.446s][info][gc,heap        ] GC(242) Tenured: 34720K(36616K)->34804K(36616K)
[2026-10-08T00:04:18.449+0000][422.446s][info][gc,metaspace   ] GC(242) Metaspace: 73731K(74496K)->73731K(74496K) NonClass: 64424K(64832K)->64424K(64832K) Class: 9306K(9664K)->9306K(9664K)
[2026-10-08T00:04:18.449+0000][422.446s][info][gc             ] GC(242) Pause Young (Allocation Failure) 49M->34M(52M) 8.177ms
[2026-10-08T00:04:18.449+0000][422.446s][info][gc,cpu         ] GC(242) User=0.01s Sys=0.00s Real=0.01s
[2026-10-08T00:04:20.224+0000][424.221s][info][gc,start       ] GC(243) Pause Young (Allocation Failure)
[2026-10-08T00:04:20.231+0000][424.229s][info][gc,heap        ] GC(243) DefNew: 15658K(16640K)->793K(16640K) Eden: 14848K(14848K)->0K(14848K) From: 810K(1792K)->793K(1792K)
[2026-10-08T00:04:20.231+0000][424.229s][info][gc,heap        ] GC(243) Tenured: 34804K(36616K)->34849K(36616K)
[2026-10-08T00:04:20.232+0000][424.229s][info][gc,metaspace   ] GC(243) Metaspace: 73733K(74496K)->73733K(74496K) NonClass: 64426K(64832K)->64426K(64832K) Class: 9306K(9664K)->9306K(9664K)
[2026-10-08T00:04:20.232+0000][424.229s][info][gc             ] GC(243) Pause Young (Allocation Failure) 49M->34M(52M) 7.787ms
[2026-10-08T00:04:20.232+0000][424.229s][info][gc,cpu         ] GC(243) User=0.00s Sys=0.00s Real=0.00s
[2026-10-08T00:04:22.061+0000][426.058s][info][gc,start       ] GC(244) Pause Young (Allocation Failure)
[2026-10-08T00:04:22.072+0000][426.069s][info][gc,heap        ] GC(244) DefNew: 15641K(16640K)->768K(16640K) Eden: 14848K(14848K)->0K(14848K) From: 793K(1792K)->768K(1792K)
[2026-10-08T00:04:22.072+0000][426.069s][info][gc,heap        ] GC(244) Tenured: 34849K(36616K)->34883K(36616K)
[2026-10-08T00:04:22.072+0000][426.069s][info][gc,metaspace   ] GC(244) Metaspace: 73734K(74496K)->73734K(74496K) NonClass: 64427K(64832K)->64427K(64832K) Class: 9306K(9664K)->9306K(9664K)
[2026-10-08T00:04:22.072+0000][426.069s][info][gc             ] GC(244) Pause Young (Allocation Failure) 49M->34M(52M) 11.190ms
[2026-10-08T00:04:22.072+0000][426.069s][info][gc,cpu         ] GC(244) User=0.01s Sys=0.00s Real=0.01s
[2026-10-08T00:04:23.924+0000][427.922s][info][gc,start       ] GC(245) Pause Young (Allocation Failure)
[2026-10-08T00:04:23.939+0000][427.937s][info][gc,heap        ] GC(245) DefNew: 15616K(16640K)->814K(16640K) Eden: 14848K(14848K)->0K(14848K) From: 768K(1792K)->814K(1792K)
[2026-10-08T00:04:23.939+0000][427.937s][info][gc,heap        ] GC(245) Tenured: 34883K(36616K)->34921K(36616K)
[2026-10-08T00:04:23.939+0000][427.937s][info][gc,metaspace   ] GC(245) Metaspace: 73747K(74496K)->73747K(74496K) NonClass: 64440K(64832K)->64440K(64832K) Class: 9306K(9664K)->9306K(9664K)
[2026-10-08T00:04:23.939+0000][427.937s][info][gc             ] GC(245) Pause Young (Allocation Failure) 49M->34M(52M) 14.896ms
[2026-10-08T00:04:23.939+0000][427.937s][info][gc,cpu         ] GC(245) User=0.02s Sys=0.00s Real=0.01s
[2026-10-08T00:04:25.767+0000][429.764s][info][gc,start       ] GC(246) Pause Young (Allocation Failure)
[2026-10-08T00:04:25.773+0000][429.770s][info][gc,heap        ] GC(246) DefNew: 15662K(16640K)->873K(16640K) Eden: 14848K(14848K)->0K(14848K) From: 814K(1792K)->873K(1792K)
[2026-10-08T00:04:25.773+0000][429.770s][info][gc,heap        ] GC(246) Tenured: 34921K(36616K)->34948K(36616K)
[2026-10-08T00:04:25.773+0000][429.770s][info][gc,metaspace   ] GC(246) Metaspace: 73747K(74496K)->73747K(74496K) NonClass: 64440K(64832K)->64440K(64832K) Class: 9306K(9664K)->9306K(9664K)
[2026-10-08T00:04:25.773+0000][429.770s][info][gc             ] GC(246) Pause Young (Allocation Failure) 49M->34M(52M) 6.239ms
[2026-10-08T00:04:25.773+0000][429.770s][info][gc,cpu         ] GC(246) User=0.00s Sys=0.00s Real=0.00s
[2026-10-08T00:04:27.586+0000][431.583s][info][gc,start       ] GC(247) Pause Young (Allocation Failure)
[2026-10-08T00:04:27.595+0000][431.592s][info][gc,heap        ] GC(247) DefNew: 15721K(16640K)->886K(16640K) Eden: 14848K(14848K)->0K(14848K) From: 873K(1792K)->886K(1792K)
[2026-10-08T00:04:27.595+0000][431.592s][info][gc,heap        ] GC(247) Tenured: 34948K(36616K)->34979K(36616K)
[2026-10-08T00:04:27.595+0000][431.592s][info][gc,metaspace   ] GC(247) Metaspace: 73747K(74496K)->73747K(74496K) NonClass: 64440K(64832K)->64440K(64832K) Class: 9307K(9664K)->9307K(9664K)
[2026-10-08T00:04:27.595+0000][431.592s][info][gc             ] GC(247) Pause Young (Allocation Failure) 49M->35M(52M) 9.258ms
[2026-10-08T00:04:27.595+0000][431.593s][info][gc,cpu         ] GC(247) User=0.00s Sys=0.00s Real=0.01s
[2026-10-08T00:04:29.451+0000][433.448s][info][gc,start       ] GC(248) Pause Young (Allocation Failure)
[2026-10-08T00:04:29.458+0000][433.456s][info][gc,heap        ] GC(248) DefNew: 15734K(16640K)->908K(16640K) Eden: 14848K(14848K)->0K(14848K) From: 886K(1792K)->908K(1792K)
[2026-10-08T00:04:29.458+0000][433.456s][info][gc,heap        ] GC(248) Tenured: 34979K(36616K)->35012K(36616K)
[2026-10-08T00:04:29.458+0000][433.456s][info][gc,metaspace   ] GC(248) Metaspace: 73755K(74496K)->73755K(74496K) NonClass: 64448K(64832K)->64448K(64832K) Class: 9307K(9664K)->9307K(9664K)
[2026-10-08T00:04:29.458+0000][433.456s][info][gc             ] GC(248) Pause Young (Allocation Failure) 49M->35M(52M) 7.513ms
[2026-10-08T00:04:29.458+0000][433.456s][info][gc,cpu         ] GC(248) User=0.00s Sys=0.00s Real=0.01s
[2026-10-08T00:04:31.272+0000][435.269s][info][gc,start       ] GC(249) Pause Young (Allocation Failure)
[2026-10-08T00:04:31.279+0000][435.276s][info][gc,heap        ] GC(249) DefNew: 15756K(16640K)->860K(16640K) Eden: 14848K(14848K)->0K(14848K) From: 908K(1792K)->860K(1792K)
[2026-10-08T00:04:31.279+0000][435.276s][info][gc,heap        ] GC(249) Tenured: 35012K(36616K)->35044K(36616K)
[2026-10-08T00:04:31.279+0000][435.276s][info][gc,metaspace   ] GC(249) Metaspace: 73755K(74496K)->73755K(74496K) NonClass: 64448K(64832K)->64448K(64832K) Class: 9307K(9664K)->9307K(9664K)
[2026-10-08T00:04:31.279+0000][435.276s][info][gc             ] GC(249) Pause Young (Allocation Failure) 49M->35M(52M) 7.057ms
[2026-10-08T00:04:31.279+0000][435.276s][info][gc,cpu         ] GC(249) User=0.01s Sys=0.00s Real=0.01s
[2026-10-08T00:04:33.153+0000][437.150s][info][gc,start       ] GC(250) Pause Young (Allocation Failure)
[2026-10-08T00:04:33.161+0000][437.158s][info][gc,heap        ] GC(250) DefNew: 15708K(16640K)->817K(16640K) Eden: 14848K(14848K)->0K(14848K) From: 860K(1792K)->817K(1792K)
[2026-10-08T00:04:33.161+0000][437.158s][info][gc,heap        ] GC(250) Tenured: 35044K(36616K)->35106K(36616K)
[2026-10-08T00:04:33.161+0000][437.158s][info][gc,metaspace   ] GC(250) Metaspace: 73777K(74560K)->73777K(74560K) NonClass: 64470K(64896K)->64470K(64896K) Class: 9307K(9664K)->9307K(9664K)
[2026-10-08T00:04:33.161+0000][437.158s][info][gc             ] GC(250) Pause Young (Allocation Failure) 49M->35M(52M) 7.955ms
[2026-10-08T00:04:33.161+0000][437.158s][info][gc,cpu         ] GC(250) User=0.00s Sys=0.00s Real=0.01s
[2026-10-08T00:04:34.883+0000][438.880s][info][gc,start       ] GC(251) Pause Young (Allocation Failure)
[2026-10-08T00:04:34.893+0000][438.890s][info][gc,heap        ] GC(251) DefNew: 15665K(16640K)->861K(16640K) Eden: 14848K(14848K)->0K(14848K) From: 817K(1792K)->861K(1792K)
[2026-10-08T00:04:34.893+0000][438.890s][info][gc,heap        ] GC(251) Tenured: 35106K(36616K)->35132K(36616K)
[2026-10-08T00:04:34.893+0000][438.890s][info][gc,metaspace   ] GC(251) Metaspace: 73780K(74560K)->73780K(74560K) NonClass: 64472K(64896K)->64472K(64896K) Class: 9307K(9664K)->9307K(9664K)
[2026-10-08T00:04:34.893+0000][438.890s][info][gc             ] GC(251) Pause Young (Allocation Failure) 49M->35M(52M) 9.544ms
[2026-10-08T00:04:34.893+0000][438.890s][info][gc,cpu         ] GC(251) User=0.00s Sys=0.00s Real=0.01s
[2026-10-08T00:04:36.733+0000][440.731s][info][gc,start       ] GC(252) Pause Young (Allocation Failure)
[2026-10-08T00:04:36.743+0000][440.740s][info][gc,heap        ] GC(252) DefNew: 15709K(16640K)->792K(16640K) Eden: 14848K(14848K)->0K(14848K) From: 861K(1792K)->792K(1792K)
[2026-10-08T00:04:36.743+0000][440.740s][info][gc,heap        ] GC(252) Tenured: 35132K(36616K)->35165K(36616K)
[2026-10-08T00:04:36.743+0000][440.740s][info][gc,metaspace   ] GC(252) Metaspace: 73780K(74560K)->73780K(74560K) NonClass: 64473K(64896K)->64473K(64896K) Class: 9307K(9664K)->9307K(9664K)
[2026-10-08T00:04:36.743+0000][440.740s][info][gc             ] GC(252) Pause Young (Allocation Failure) 49M->35M(52M) 9.676ms
[2026-10-08T00:04:36.743+0000][440.740s][info][gc,cpu         ] GC(252) User=0.00s Sys=0.00s Real=0.01s
[2026-10-08T00:04:38.631+0000][442.629s][info][gc,start       ] GC(253) Pause Young (Allocation Failure)
[2026-10-08T00:04:38.639+0000][442.636s][info][gc,heap        ] GC(253) DefNew: 15640K(16640K)->858K(16640K) Eden: 14848K(14848K)->0K(14848K) From: 792K(1792K)->858K(1792K)
[2026-10-08T00:04:38.639+0000][442.636s][info][gc,heap        ] GC(253) Tenured: 35165K(36616K)->35196K(36616K)
[2026-10-08T00:04:38.639+0000][442.636s][info][gc,metaspace   ] GC(253) Metaspace: 73781K(74560K)->73781K(74560K) NonClass: 64474K(64896K)->64474K(64896K) Class: 9307K(9664K)->9307K(9664K)
[2026-10-08T00:04:38.639+0000][442.637s][info][gc             ] GC(253) Pause Young (Allocation Failure) 49M->35M(52M) 7.764ms
[2026-10-08T00:04:38.639+0000][442.637s][info][gc,cpu         ] GC(253) User=0.00s Sys=0.00s Real=0.01s
[2026-10-08T00:04:40.444+0000][444.442s][info][gc,start       ] GC(254) Pause Young (Allocation Failure)
[2026-10-08T00:04:40.452+0000][444.449s][info][gc,heap        ] GC(254) DefNew: 15706K(16640K)->881K(16640K) Eden: 14848K(14848K)->0K(14848K) From: 858K(1792K)->881K(1792K)
[2026-10-08T00:04:40.452+0000][444.449s][info][gc,heap        ] GC(254) Tenured: 35196K(36616K)->35229K(36616K)
[2026-10-08T00:04:40.452+0000][444.449s][info][gc,metaspace   ] GC(254) Metaspace: 73781K(74560K)->73781K(74560K) NonClass: 64474K(64896K)->64474K(64896K) Class: 9307K(9664K)->9307K(9664K)
[2026-10-08T00:04:40.452+0000][444.449s][info][gc             ] GC(254) Pause Young (Allocation Failure) 49M->35M(52M) 7.755ms
[2026-10-08T00:04:40.452+0000][444.449s][info][gc,cpu         ] GC(254) User=0.01s Sys=0.00s Real=0.00s
[2026-10-08T00:04:42.298+0000][446.296s][info][gc,start       ] GC(255) Pause Young (Allocation Failure)
[2026-10-08T00:04:42.305+0000][446.303s][info][gc,heap        ] GC(255) DefNew: 15729K(16640K)->836K(16640K) Eden: 14848K(14848K)->0K(14848K) From: 881K(1792K)->836K(1792K)
[2026-10-08T00:04:42.305+0000][446.303s][info][gc,heap        ] GC(255) Tenured: 35229K(36616K)->35263K(36616K)
[2026-10-08T00:04:42.305+0000][446.303s][info][gc,metaspace   ] GC(255) Metaspace: 73781K(74560K)->73781K(74560K) NonClass: 64474K(64896K)->64474K(64896K) Class: 9307K(9664K)->9307K(9664K)
[2026-10-08T00:04:42.305+0000][446.303s][info][gc             ] GC(255) Pause Young (Allocation Failure) 49M->35M(52M) 7.011ms
[2026-10-08T00:04:42.305+0000][446.303s][info][gc,cpu         ] GC(255) User=0.00s Sys=0.00s Real=0.01s
[2026-10-08T00:04:44.149+0000][448.146s][info][gc,start       ] GC(256) Pause Young (Allocation Failure)
[2026-10-08T00:04:44.164+0000][448.161s][info][gc,heap        ] GC(256) DefNew: 15684K(16640K)->848K(16640K) Eden: 14848K(14848K)->0K(14848K) From: 836K(1792K)->848K(1792K)
[2026-10-08T00:04:44.164+0000][448.161s][info][gc,heap        ] GC(256) Tenured: 35263K(36616K)->35296K(36616K)
[2026-10-08T00:04:44.164+0000][448.161s][info][gc,metaspace   ] GC(256) Metaspace: 73789K(74560K)->73789K(74560K) NonClass: 64482K(64896K)->64482K(64896K) Class: 9307K(9664K)->9307K(9664K)
[2026-10-08T00:04:44.164+0000][448.161s][info][gc             ] GC(256) Pause Young (Allocation Failure) 49M->35M(52M) 14.933ms
[2026-10-08T00:04:44.164+0000][448.161s][info][gc,cpu         ] GC(256) User=0.01s Sys=0.00s Real=0.02s
[2026-10-08T00:04:45.993+0000][449.990s][info][gc,start       ] GC(257) Pause Young (Allocation Failure)
[2026-10-08T00:04:46.001+0000][449.998s][info][gc,heap        ] GC(257) DefNew: 15696K(16640K)->1027K(16640K) Eden: 14848K(14848K)->0K(14848K) From: 848K(1792K)->1027K(1792K)
[2026-10-08T00:04:46.001+0000][449.998s][info][gc,heap        ] GC(257) Tenured: 35296K(36616K)->35326K(36616K)
[2026-10-08T00:04:46.001+0000][449.998s][info][gc,metaspace   ] GC(257) Metaspace: 73789K(74560K)->73789K(74560K) NonClass: 64482K(64896K)->64482K(64896K) Class: 9307K(9664K)->9307K(9664K)
[2026-10-08T00:04:46.001+0000][449.998s][info][gc             ] GC(257) Pause Young (Allocation Failure) 49M->35M(52M) 8.100ms
[2026-10-08T00:04:46.001+0000][449.998s][info][gc,cpu         ] GC(257) User=0.01s Sys=0.00s Real=0.01s
[2026-10-08T00:04:47.839+0000][451.837s][info][gc,start       ] GC(258) Pause Young (Allocation Failure)
[2026-10-08T00:04:47.854+0000][451.851s][info][gc,heap        ] GC(258) DefNew: 15875K(16640K)->764K(16640K) Eden: 14848K(14848K)->0K(14848K) From: 1027K(1792K)->764K(1792K)
[2026-10-08T00:04:47.855+0000][451.853s][info][gc,heap        ] GC(258) Tenured: 35326K(36616K)->35465K(36616K)
[2026-10-08T00:04:47.856+0000][451.854s][info][gc,metaspace   ] GC(258) Metaspace: 73791K(74560K)->73791K(74560K) NonClass: 64483K(64896K)->64483K(64896K) Class: 9307K(9664K)->9307K(9664K)
[2026-10-08T00:04:47.856+0000][451.854s][info][gc             ] GC(258) Pause Young (Allocation Failure) 50M->35M(52M) 17.052ms
[2026-10-08T00:04:47.856+0000][451.854s][info][gc,cpu         ] GC(258) User=0.01s Sys=0.00s Real=0.02s
[2026-10-08T00:04:49.673+0000][453.671s][info][gc,start       ] GC(259) Pause Young (Allocation Failure)
[2026-10-08T00:04:49.680+0000][453.678s][info][gc,heap        ] GC(259) DefNew: 15612K(16640K)->803K(16640K) Eden: 14848K(14848K)->0K(14848K) From: 764K(1792K)->803K(1792K)
[2026-10-08T00:04:49.680+0000][453.678s][info][gc,heap        ] GC(259) Tenured: 35465K(36616K)->35465K(36616K)
[2026-10-08T00:04:49.680+0000][453.678s][info][gc,metaspace   ] GC(259) Metaspace: 73791K(74560K)->73791K(74560K) NonClass: 64483K(64896K)->64483K(64896K) Class: 9307K(9664K)->9307K(9664K)
[2026-10-08T00:04:49.681+0000][453.678s][info][gc             ] GC(259) Pause Young (Allocation Failure) 49M->35M(52M) 7.185ms
[2026-10-08T00:04:49.681+0000][453.678s][info][gc,cpu         ] GC(259) User=0.00s Sys=0.00s Real=0.01s
[2026-10-08T00:04:51.480+0000][455.477s][info][gc,start       ] GC(260) Pause Young (Allocation Failure)
[2026-10-08T00:04:51.488+0000][455.486s][info][gc,heap        ] GC(260) DefNew: 15651K(16640K)->796K(16640K) Eden: 14848K(14848K)->0K(14848K) From: 803K(1792K)->796K(1792K)
[2026-10-08T00:04:51.488+0000][455.486s][info][gc,heap        ] GC(260) Tenured: 35465K(36616K)->35465K(36616K)
[2026-10-08T00:04:51.488+0000][455.486s][info][gc,metaspace   ] GC(260) Metaspace: 73797K(74560K)->73797K(74560K) NonClass: 64490K(64896K)->64490K(64896K) Class: 9307K(9664K)->9307K(9664K)
[2026-10-08T00:04:51.489+0000][455.486s][info][gc             ] GC(260) Pause Young (Allocation Failure) 49M->35M(52M) 8.890ms
[2026-10-08T00:04:51.489+0000][455.486s][info][gc,cpu         ] GC(260) User=0.01s Sys=0.00s Real=0.01s
[2026-10-08T00:04:53.337+0000][457.334s][info][gc,start       ] GC(261) Pause Young (Allocation Failure)
[2026-10-08T00:04:53.344+0000][457.342s][info][gc,heap        ] GC(261) DefNew: 15644K(16640K)->811K(16640K) Eden: 14848K(14848K)->0K(14848K) From: 796K(1792K)->811K(1792K)
[2026-10-08T00:04:53.344+0000][457.342s][info][gc,heap        ] GC(261) Tenured: 35465K(36616K)->35465K(36616K)
[2026-10-08T00:04:53.344+0000][457.342s][info][gc,metaspace   ] GC(261) Metaspace: 73797K(74560K)->73797K(74560K) NonClass: 64490K(64896K)->64490K(64896K) Class: 9307K(9664K)->9307K(9664K)
[2026-10-08T00:04:53.344+0000][457.342s][info][gc             ] GC(261) Pause Young (Allocation Failure) 49M->35M(52M) 7.523ms
[2026-10-08T00:04:53.344+0000][457.342s][info][gc,cpu         ] GC(261) User=0.00s Sys=0.00s Real=0.01s
[2026-10-08T00:04:55.168+0000][459.165s][info][gc,start       ] GC(262) Pause Young (Allocation Failure)
[2026-10-08T00:04:55.177+0000][459.174s][info][gc,heap        ] GC(262) DefNew: 15659K(16640K)->794K(16640K) Eden: 14848K(14848K)->0K(14848K) From: 811K(1792K)->794K(1792K)
[2026-10-08T00:04:55.177+0000][459.174s][info][gc,heap        ] GC(262) Tenured: 35465K(36616K)->35556K(36616K)
[2026-10-08T00:04:55.177+0000][459.174s][info][gc,metaspace   ] GC(262) Metaspace: 73797K(74560K)->73797K(74560K) NonClass: 64490K(64896K)->64490K(64896K) Class: 9307K(9664K)->9307K(9664K)
[2026-10-08T00:04:55.177+0000][459.174s][info][gc             ] GC(262) Pause Young (Allocation Failure) 49M->35M(52M) 8.557ms
[2026-10-08T00:04:55.177+0000][459.174s][info][gc,cpu         ] GC(262) User=0.01s Sys=0.00s Real=0.01s
[2026-10-08T00:04:57.010+0000][461.008s][info][gc,start       ] GC(263) Pause Young (Allocation Failure)
[2026-10-08T00:04:57.018+0000][461.016s][info][gc,heap        ] GC(263) DefNew: 15642K(16640K)->774K(16640K) Eden: 14848K(14848K)->0K(14848K) From: 794K(1792K)->774K(1792K)
[2026-10-08T00:04:57.018+0000][461.016s][info][gc,heap        ] GC(263) Tenured: 35556K(36616K)->35586K(36616K)
[2026-10-08T00:04:57.018+0000][461.016s][info][gc,metaspace   ] GC(263) Metaspace: 73802K(74560K)->73802K(74560K) NonClass: 64495K(64896K)->64495K(64896K) Class: 9307K(9664K)->9307K(9664K)
[2026-10-08T00:04:57.018+0000][461.016s][info][gc             ] GC(263) Pause Young (Allocation Failure) 49M->35M(52M) 7.789ms
[2026-10-08T00:04:57.018+0000][461.016s][info][gc,cpu         ] GC(263) User=0.00s Sys=0.00s Real=0.01s
[2026-10-08T00:04:58.870+0000][462.867s][info][gc,start       ] GC(264) Pause Young (Allocation Failure)
[2026-10-08T00:04:58.884+0000][462.882s][info][gc,heap        ] GC(264) DefNew: 15622K(16640K)->856K(16640K) Eden: 14848K(14848K)->0K(14848K) From: 774K(1792K)->856K(1792K)
[2026-10-08T00:04:58.885+0000][462.882s][info][gc,heap        ] GC(264) Tenured: 35586K(36616K)->35615K(36616K)
[2026-10-08T00:04:58.885+0000][462.882s][info][gc,metaspace   ] GC(264) Metaspace: 73802K(74560K)->73802K(74560K) NonClass: 64495K(64896K)->64495K(64896K) Class: 9307K(9664K)->9307K(9664K)
[2026-10-08T00:04:58.885+0000][462.882s][info][gc             ] GC(264) Pause Young (Allocation Failure) 50M->35M(52M) 15.294ms
[2026-10-08T00:04:58.885+0000][462.882s][info][gc,cpu         ] GC(264) User=0.01s Sys=0.01s Real=0.02s
[2026-10-08T00:05:00.724+0000][464.721s][info][gc,start       ] GC(265) Pause Young (Allocation Failure)
[2026-10-08T00:05:00.732+0000][464.729s][info][gc,heap        ] GC(265) DefNew: 15704K(16640K)->856K(16640K) Eden: 14848K(14848K)->0K(14848K) From: 856K(1792K)->856K(1792K)
[2026-10-08T00:05:00.732+0000][464.729s][info][gc,heap        ] GC(265) Tenured: 35615K(36616K)->35647K(36616K)
[2026-10-08T00:05:00.732+0000][464.729s][info][gc,metaspace   ] GC(265) Metaspace: 73802K(74560K)->73802K(74560K) NonClass: 64495K(64896K)->64495K(64896K) Class: 9307K(9664K)->9307K(9664K)
[2026-10-08T00:05:00.732+0000][464.729s][info][gc             ] GC(265) Pause Young (Allocation Failure) 50M->35M(52M) 7.803ms
[2026-10-08T00:05:00.732+0000][464.729s][info][gc,cpu         ] GC(265) User=0.00s Sys=0.00s Real=0.00s
[2026-10-08T00:05:02.582+0000][466.579s][info][gc,start       ] GC(266) Pause Young (Allocation Failure)
[2026-10-08T00:05:02.590+0000][466.587s][info][gc,heap        ] GC(266) DefNew: 15704K(16640K)->773K(16640K) Eden: 14848K(14848K)->0K(14848K) From: 856K(1792K)->773K(1792K)
[2026-10-08T00:05:02.590+0000][466.587s][info][gc,heap        ] GC(266) Tenured: 35647K(36616K)->35700K(36616K)
[2026-10-08T00:05:02.590+0000][466.587s][info][gc,metaspace   ] GC(266) Metaspace: 73802K(74560K)->73802K(74560K) NonClass: 64495K(64896K)->64495K(64896K) Class: 9307K(9664K)->9307K(9664K)
[2026-10-08T00:05:02.590+0000][466.587s][info][gc             ] GC(266) Pause Young (Allocation Failure) 50M->35M(52M) 7.722ms
[2026-10-08T00:05:02.590+0000][466.587s][info][gc,cpu         ] GC(266) User=0.01s Sys=0.00s Real=0.01s
[2026-10-08T00:05:04.381+0000][468.379s][info][gc,start       ] GC(267) Pause Young (Allocation Failure)
[2026-10-08T00:05:04.388+0000][468.385s][info][gc,heap        ] GC(267) DefNew: 15621K(16640K)->795K(16640K) Eden: 14848K(14848K)->0K(14848K) From: 773K(1792K)->795K(1792K)
[2026-10-08T00:05:04.388+0000][468.385s][info][gc,heap        ] GC(267) Tenured: 35700K(36616K)->35729K(36616K)
[2026-10-08T00:05:04.388+0000][468.385s][info][gc,metaspace   ] GC(267) Metaspace: 73804K(74560K)->73804K(74560K) NonClass: 64497K(64896K)->64497K(64896K) Class: 9307K(9664K)->9307K(9664K)
[2026-10-08T00:05:04.388+0000][468.385s][info][gc             ] GC(267) Pause Young (Allocation Failure) 50M->35M(52M) 6.582ms
[2026-10-08T00:05:04.388+0000][468.385s][info][gc,cpu         ] GC(267) User=0.00s Sys=0.00s Real=0.01s
[2026-10-08T00:05:06.191+0000][470.189s][info][gc,start       ] GC(268) Pause Young (Allocation Failure)
[2026-10-08T00:05:06.199+0000][470.196s][info][gc,heap        ] GC(268) DefNew: 15643K(16640K)->775K(16640K) Eden: 14848K(14848K)->0K(14848K) From: 795K(1792K)->775K(1792K)
[2026-10-08T00:05:06.199+0000][470.196s][info][gc,heap        ] GC(268) Tenured: 35729K(36616K)->35759K(36616K)
[2026-10-08T00:05:06.199+0000][470.196s][info][gc,metaspace   ] GC(268) Metaspace: 73804K(74560K)->73804K(74560K) NonClass: 64497K(64896K)->64497K(64896K) Class: 9307K(9664K)->9307K(9664K)
[2026-10-08T00:05:06.199+0000][470.196s][info][gc             ] GC(268) Pause Young (Allocation Failure) 50M->35M(52M) 7.592ms
[2026-10-08T00:05:06.199+0000][470.196s][info][gc,cpu         ] GC(268) User=0.01s Sys=0.00s Real=0.01s
[2026-10-08T00:05:08.058+0000][472.055s][info][gc,start       ] GC(269) Pause Young (Allocation Failure)
[2026-10-08T00:05:08.066+0000][472.063s][info][gc,heap        ] GC(269) DefNew: 15623K(16640K)->813K(16640K) Eden: 14848K(14848K)->0K(14848K) From: 775K(1792K)->813K(1792K)
[2026-10-08T00:05:08.066+0000][472.063s][info][gc,heap        ] GC(269) Tenured: 35759K(36616K)->35795K(36616K)
[2026-10-08T00:05:08.066+0000][472.063s][info][gc,metaspace   ] GC(269) Metaspace: 73807K(74560K)->73807K(74560K) NonClass: 64499K(64896K)->64499K(64896K) Class: 9307K(9664K)->9307K(9664K)
[2026-10-08T00:05:08.066+0000][472.063s][info][gc             ] GC(269) Pause Young (Allocation Failure) 50M->35M(52M) 8.144ms
[2026-10-08T00:05:08.066+0000][472.064s][info][gc,cpu         ] GC(269) User=0.01s Sys=0.00s Real=0.01s
[2026-10-08T00:05:09.889+0000][473.886s][info][gc,start       ] GC(270) Pause Young (Allocation Failure)
[2026-10-08T00:05:09.897+0000][473.895s][info][gc,heap        ] GC(270) DefNew: 15661K(16640K)->828K(16640K) Eden: 14848K(14848K)->0K(14848K) From: 813K(1792K)->828K(1792K)
[2026-10-08T00:05:09.897+0000][473.895s][info][gc,heap        ] GC(270) Tenured: 35795K(36616K)->35831K(36616K)
[2026-10-08T00:05:09.897+0000][473.895s][info][gc,metaspace   ] GC(270) Metaspace: 73807K(74560K)->73807K(74560K) NonClass: 64499K(64896K)->64499K(64896K) Class: 9307K(9664K)->9307K(9664K)
[2026-10-08T00:05:09.897+0000][473.895s][info][gc             ] GC(270) Pause Young (Allocation Failure) 50M->35M(52M) 8.849ms
[2026-10-08T00:05:09.898+0000][473.895s][info][gc,cpu         ] GC(270) User=0.00s Sys=0.00s Real=0.01s
[2026-10-08T00:05:11.732+0000][475.729s][info][gc,start       ] GC(271) Pause Young (Allocation Failure)
[2026-10-08T00:05:11.740+0000][475.737s][info][gc,heap        ] GC(271) DefNew: 15676K(16640K)->833K(16640K) Eden: 14848K(14848K)->0K(14848K) From: 828K(1792K)->833K(1792K)
[2026-10-08T00:05:11.740+0000][475.737s][info][gc,heap        ] GC(271) Tenured: 35831K(36616K)->35864K(36616K)
[2026-10-08T00:05:11.740+0000][475.737s][info][gc,metaspace   ] GC(271) Metaspace: 73810K(74560K)->73810K(74560K) NonClass: 64502K(64896K)->64502K(64896K) Class: 9307K(9664K)->9307K(9664K)
[2026-10-08T00:05:11.740+0000][475.737s][info][gc             ] GC(271) Pause Young (Allocation Failure) 50M->35M(52M) 8.205ms
[2026-10-08T00:05:11.740+0000][475.737s][info][gc,cpu         ] GC(271) User=0.01s Sys=0.00s Real=0.01s
[2026-10-08T00:05:13.608+0000][477.605s][info][gc,start       ] GC(272) Pause Young (Allocation Failure)
[2026-10-08T00:05:13.614+0000][477.611s][info][gc,heap        ] GC(272) DefNew: 15681K(16640K)->848K(16640K) Eden: 14848K(14848K)->0K(14848K) From: 833K(1792K)->848K(1792K)
[2026-10-08T00:05:13.614+0000][477.611s][info][gc,heap        ] GC(272) Tenured: 35864K(36616K)->35893K(36616K)
[2026-10-08T00:05:13.614+0000][477.611s][info][gc,metaspace   ] GC(272) Metaspace: 73810K(74560K)->73810K(74560K) NonClass: 64503K(64896K)->64503K(64896K) Class: 9307K(9664K)->9307K(9664K)
[2026-10-08T00:05:13.614+0000][477.611s][info][gc             ] GC(272) Pause Young (Allocation Failure) 50M->35M(52M) 6.495ms
[2026-10-08T00:05:13.614+0000][477.612s][info][gc,cpu         ] GC(272) User=0.00s Sys=0.00s Real=0.01s
[2026-10-08T00:05:15.443+0000][479.440s][info][gc,start       ] GC(273) Pause Young (Allocation Failure)
[2026-10-08T00:05:15.450+0000][479.447s][info][gc,heap        ] GC(273) DefNew: 15696K(16640K)->905K(16640K) Eden: 14847K(14848K)->0K(14848K) From: 848K(1792K)->905K(1792K)
[2026-10-08T00:05:15.450+0000][479.447s][info][gc,heap        ] GC(273) Tenured: 35893K(36616K)->35932K(36616K)
[2026-10-08T00:05:15.450+0000][479.447s][info][gc,metaspace   ] GC(273) Metaspace: 73811K(74560K)->73811K(74560K) NonClass: 64504K(64896K)->64504K(64896K) Class: 9307K(9664K)->9307K(9664K)
[2026-10-08T00:05:15.450+0000][479.447s][info][gc             ] GC(273) Pause Young (Allocation Failure) 50M->35M(52M) 7.204ms
[2026-10-08T00:05:15.450+0000][479.447s][info][gc,cpu         ] GC(273) User=0.01s Sys=0.00s Real=0.01s
[2026-10-08T00:05:17.314+0000][481.311s][info][gc,start       ] GC(274) Pause Young (Allocation Failure)
[2026-10-08T00:05:17.332+0000][481.330s][info][gc,heap        ] GC(274) DefNew: 15753K(16640K)->826K(16640K) Eden: 14848K(14848K)->0K(14848K) From: 905K(1792K)->826K(1792K)
[2026-10-08T00:05:17.332+0000][481.330s][info][gc,heap        ] GC(274) Tenured: 35932K(36616K)->35974K(36616K)
[2026-10-08T00:05:17.332+0000][481.330s][info][gc,metaspace   ] GC(274) Metaspace: 73813K(74560K)->73813K(74560K) NonClass: 64506K(64896K)->64506K(64896K) Class: 9307K(9664K)->9307K(9664K)
[2026-10-08T00:05:17.333+0000][481.330s][info][gc             ] GC(274) Pause Young (Allocation Failure) 50M->35M(52M) 18.730ms
[2026-10-08T00:05:17.333+0000][481.330s][info][gc,cpu         ] GC(274) User=0.01s Sys=0.00s Real=0.01s
[2026-10-08T00:05:19.123+0000][483.120s][info][gc,start       ] GC(275) Pause Young (Allocation Failure)
[2026-10-08T00:05:19.129+0000][483.127s][info][gc,heap        ] GC(275) DefNew: 15674K(16640K)->852K(16640K) Eden: 14848K(14848K)->0K(14848K) From: 826K(1792K)->852K(1792K)
[2026-10-08T00:05:19.129+0000][483.127s][info][gc,heap        ] GC(275) Tenured: 35974K(36616K)->36003K(36616K)
[2026-10-08T00:05:19.129+0000][483.127s][info][gc,metaspace   ] GC(275) Metaspace: 73815K(74560K)->73815K(74560K) NonClass: 64508K(64896K)->64508K(64896K) Class: 9307K(9664K)->9307K(9664K)
[2026-10-08T00:05:19.129+0000][483.127s][info][gc             ] GC(275) Pause Young (Allocation Failure) 50M->35M(52M) 6.888ms
[2026-10-08T00:05:19.130+0000][483.127s][info][gc,cpu         ] GC(275) User=0.00s Sys=0.00s Real=0.01s
[2026-10-08T00:05:20.944+0000][484.941s][info][gc,start       ] GC(276) Pause Young (Allocation Failure)
[2026-10-08T00:05:20.952+0000][484.950s][info][gc,heap        ] GC(276) DefNew: 15700K(16640K)->854K(16640K) Eden: 14848K(14848K)->0K(14848K) From: 852K(1792K)->854K(1792K)
[2026-10-08T00:05:20.952+0000][484.950s][info][gc,heap        ] GC(276) Tenured: 36003K(36616K)->36030K(36616K)
[2026-10-08T00:05:20.952+0000][484.950s][info][gc,metaspace   ] GC(276) Metaspace: 73817K(74560K)->73817K(74560K) NonClass: 64509K(64896K)->64509K(64896K) Class: 9307K(9664K)->9307K(9664K)
[2026-10-08T00:05:20.952+0000][484.950s][info][gc             ] GC(276) Pause Young (Allocation Failure) 50M->36M(52M) 8.159ms
[2026-10-08T00:05:20.952+0000][484.950s][info][gc,cpu         ] GC(276) User=0.00s Sys=0.00s Real=0.00s
[2026-10-08T00:05:22.780+0000][486.777s][info][gc,start       ] GC(277) Pause Young (Allocation Failure)
[2026-10-08T00:05:22.789+0000][486.786s][info][gc,heap        ] GC(277) DefNew: 15702K(16640K)->851K(16640K) Eden: 14848K(14848K)->0K(14848K) From: 854K(1792K)->851K(1792K)
[2026-10-08T00:05:22.790+0000][486.788s][info][gc,heap        ] GC(277) Tenured: 36030K(36616K)->36066K(36616K)
[2026-10-08T00:05:22.790+0000][486.788s][info][gc,metaspace   ] GC(277) Metaspace: 73818K(74560K)->73818K(74560K) NonClass: 64511K(64896K)->64511K(64896K) Class: 9307K(9664K)->9307K(9664K)
[2026-10-08T00:05:22.790+0000][486.788s][info][gc             ] GC(277) Pause Young (Allocation Failure) 50M->36M(52M) 10.618ms
[2026-10-08T00:05:22.790+0000][486.788s][info][gc,cpu         ] GC(277) User=0.01s Sys=0.00s Real=0.01s
[2026-10-08T00:05:24.591+0000][488.588s][info][gc,start       ] GC(278) Pause Young (Allocation Failure)
[2026-10-08T00:05:24.600+0000][488.598s][info][gc,heap        ] GC(278) DefNew: 15699K(16640K)->818K(16640K) Eden: 14848K(14848K)->0K(14848K) From: 851K(1792K)->818K(1792K)
[2026-10-08T00:05:24.600+0000][488.598s][info][gc,heap        ] GC(278) Tenured: 36066K(36616K)->36105K(36616K)
[2026-10-08T00:05:24.600+0000][488.598s][info][gc,metaspace   ] GC(278) Metaspace: 73829K(74560K)->73829K(74560K) NonClass: 64522K(64896K)->64522K(64896K) Class: 9307K(9664K)->9307K(9664K)
[2026-10-08T00:05:24.600+0000][488.598s][info][gc             ] GC(278) Pause Young (Allocation Failure) 50M->36M(52M) 9.290ms
[2026-10-08T00:05:24.601+0000][488.598s][info][gc,cpu         ] GC(278) User=0.01s Sys=0.00s Real=0.01s
[2026-10-08T00:05:26.460+0000][490.458s][info][gc,start       ] GC(279) Pause Young (Allocation Failure)
[2026-10-08T00:05:26.468+0000][490.466s][info][gc,heap        ] GC(279) DefNew: 15666K(16640K)->792K(16640K) Eden: 14848K(14848K)->0K(14848K) From: 818K(1792K)->792K(1792K)
[2026-10-08T00:05:26.468+0000][490.466s][info][gc,heap        ] GC(279) Tenured: 36105K(36616K)->36132K(36616K)
[2026-10-08T00:05:26.468+0000][490.466s][info][gc,metaspace   ] GC(279) Metaspace: 73829K(74560K)->73829K(74560K) NonClass: 64522K(64896K)->64522K(64896K) Class: 9307K(9664K)->9307K(9664K)
[2026-10-08T00:05:26.468+0000][490.466s][info][gc             ] GC(279) Pause Young (Allocation Failure) 50M->36M(52M) 7.952ms
[2026-10-08T00:05:26.468+0000][490.466s][info][gc,cpu         ] GC(279) User=0.00s Sys=0.00s Real=0.01s
[2026-10-08T00:05:28.299+0000][492.297s][info][gc,start       ] GC(280) Pause Young (Allocation Failure)
[2026-10-08T00:05:28.307+0000][492.304s][info][gc,heap        ] GC(280) DefNew: 15640K(16640K)->845K(16640K) Eden: 14848K(14848K)->0K(14848K) From: 792K(1792K)->845K(1792K)
[2026-10-08T00:05:28.307+0000][492.304s][info][gc,heap        ] GC(280) Tenured: 36132K(36616K)->36164K(36616K)
[2026-10-08T00:05:28.307+0000][492.304s][info][gc,metaspace   ] GC(280) Metaspace: 73837K(74560K)->73837K(74560K) NonClass: 64529K(64896K)->64529K(64896K) Class: 9307K(9664K)->9307K(9664K)
[2026-10-08T00:05:28.307+0000][492.304s][info][gc             ] GC(280) Pause Young (Allocation Failure) 50M->36M(52M) 7.279ms
[2026-10-08T00:05:28.307+0000][492.304s][info][gc,cpu         ] GC(280) User=0.01s Sys=0.00s Real=0.01s
[2026-10-08T00:05:30.152+0000][494.150s][info][gc,start       ] GC(281) Pause Young (Allocation Failure)
[2026-10-08T00:05:30.159+0000][494.157s][info][gc,heap        ] GC(281) DefNew: 15693K(16640K)->883K(16640K) Eden: 14848K(14848K)->0K(14848K) From: 845K(1792K)->883K(1792K)
[2026-10-08T00:05:30.160+0000][494.158s][info][gc,heap        ] GC(281) Tenured: 36164K(36616K)->36195K(36616K)
[2026-10-08T00:05:30.160+0000][494.158s][info][gc,metaspace   ] GC(281) Metaspace: 73839K(74560K)->73839K(74560K) NonClass: 64531K(64896K)->64531K(64896K) Class: 9307K(9664K)->9307K(9664K)
[2026-10-08T00:05:30.161+0000][494.158s][info][gc             ] GC(281) Pause Young (Allocation Failure) 50M->36M(52M) 8.434ms
[2026-10-08T00:05:30.161+0000][494.158s][info][gc,cpu         ] GC(281) User=0.01s Sys=0.00s Real=0.01s
[2026-10-08T00:05:31.986+0000][495.984s][info][gc,start       ] GC(282) Pause Young (Allocation Failure)
[2026-10-08T00:05:31.995+0000][495.992s][info][gc,heap        ] GC(282) DefNew: 15731K(16640K)->804K(16640K) Eden: 14848K(14848K)->0K(14848K) From: 883K(1792K)->804K(1792K)
[2026-10-08T00:05:31.995+0000][495.992s][info][gc,heap        ] GC(282) Tenured: 36195K(36616K)->36252K(36616K)
[2026-10-08T00:05:31.995+0000][495.992s][info][gc,metaspace   ] GC(282) Metaspace: 73843K(74560K)->73843K(74560K) NonClass: 64536K(64896K)->64536K(64896K) Class: 9307K(9664K)->9307K(9664K)
[2026-10-08T00:05:31.995+0000][495.992s][info][gc             ] GC(282) Pause Young (Allocation Failure) 50M->36M(52M) 8.392ms
[2026-10-08T00:05:31.995+0000][495.992s][info][gc,cpu         ] GC(282) User=0.00s Sys=0.00s Real=0.01s
[2026-10-08T00:05:33.852+0000][497.849s][info][gc,start       ] GC(283) Pause Young (Allocation Failure)
[2026-10-08T00:05:33.860+0000][497.857s][info][gc,heap        ] GC(283) DefNew: 15652K(16640K)->779K(16640K) Eden: 14848K(14848K)->0K(14848K) From: 804K(1792K)->779K(1792K)
[2026-10-08T00:05:33.860+0000][497.857s][info][gc,heap        ] GC(283) Tenured: 36252K(36616K)->36304K(36616K)
[2026-10-08T00:05:33.860+0000][497.857s][info][gc,metaspace   ] GC(283) Metaspace: 73843K(74560K)->73843K(74560K) NonClass: 64536K(64896K)->64536K(64896K) Class: 9307K(9664K)->9307K(9664K)
[2026-10-08T00:05:33.860+0000][497.857s][info][gc             ] GC(283) Pause Young (Allocation Failure) 50M->36M(52M) 8.271ms
[2026-10-08T00:05:33.860+0000][497.858s][info][gc,cpu         ] GC(283) User=0.01s Sys=0.00s Real=0.01s
[2026-10-08T00:05:35.588+0000][499.585s][info][gc,start       ] GC(284) Pause Young (Allocation Failure)
[2026-10-08T00:05:35.596+0000][499.593s][info][gc,heap        ] GC(284) DefNew: 15627K(16640K)->964K(16640K) Eden: 14848K(14848K)->0K(14848K) From: 779K(1792K)->964K(1792K)
[2026-10-08T00:05:35.596+0000][499.593s][info][gc,heap        ] GC(284) Tenured: 36304K(36616K)->36332K(36616K)
[2026-10-08T00:05:35.596+0000][499.593s][info][gc,metaspace   ] GC(284) Metaspace: 73844K(74560K)->73844K(74560K) NonClass: 64537K(64896K)->64537K(64896K) Class: 9307K(9664K)->9307K(9664K)
[2026-10-08T00:05:35.596+0000][499.593s][info][gc             ] GC(284) Pause Young (Allocation Failure) 50M->36M(52M) 7.621ms
[2026-10-08T00:05:35.597+0000][499.595s][info][gc,cpu         ] GC(284) User=0.00s Sys=0.00s Real=0.01s
[2026-10-08T00:05:37.441+0000][501.438s][info][gc,start       ] GC(285) Pause Young (Allocation Failure)
[2026-10-08T00:05:37.449+0000][501.446s][info][gc,heap        ] GC(285) DefNew: 15812K(16640K)->862K(16640K) Eden: 14848K(14848K)->0K(14848K) From: 964K(1792K)->862K(1792K)
[2026-10-08T00:05:37.449+0000][501.446s][info][gc,heap        ] GC(285) Tenured: 36332K(36616K)->36440K(36616K)
[2026-10-08T00:05:37.449+0000][501.446s][info][gc,metaspace   ] GC(285) Metaspace: 73851K(74624K)->73851K(74624K) NonClass: 64543K(64960K)->64543K(64960K) Class: 9307K(9664K)->9307K(9664K)
[2026-10-08T00:05:37.449+0000][501.446s][info][gc             ] GC(285) Pause Young (Allocation Failure) 50M->36M(52M) 7.957ms
[2026-10-08T00:05:37.449+0000][501.446s][info][gc,cpu         ] GC(285) User=0.01s Sys=0.00s Real=0.01s
[2026-10-08T00:05:39.262+0000][503.260s][info][gc,start       ] GC(286) Pause Young (Allocation Failure)
[2026-10-08T00:05:39.274+0000][503.272s][info][gc,heap        ] GC(286) DefNew: 15710K(16640K)->920K(16640K) Eden: 14848K(14848K)->0K(14848K) From: 862K(1792K)->920K(1792K)
[2026-10-08T00:05:39.274+0000][503.272s][info][gc,heap        ] GC(286) Tenured: 36440K(36616K)->36440K(36616K)
[2026-10-08T00:05:39.274+0000][503.272s][info][gc,metaspace   ] GC(286) Metaspace: 73851K(74624K)->73851K(74624K) NonClass: 64543K(64960K)->64543K(64960K) Class: 9307K(9664K)->9307K(9664K)
[2026-10-08T00:05:39.274+0000][503.272s][info][gc             ] GC(286) Pause Young (Allocation Failure) 50M->36M(52M) 11.861ms
[2026-10-08T00:05:39.274+0000][503.272s][info][gc,cpu         ] GC(286) User=0.01s Sys=0.00s Real=0.02s
[2026-10-08T00:05:41.145+0000][505.143s][info][gc,start       ] GC(287) Pause Young (Allocation Failure)
[2026-10-08T00:05:41.153+0000][505.150s][info][gc,heap        ] GC(287) DefNew: 15768K(16640K)->939K(16640K) Eden: 14848K(14848K)->0K(14848K) From: 920K(1792K)->939K(1792K)
[2026-10-08T00:05:41.153+0000][505.150s][info][gc,heap        ] GC(287) Tenured: 36440K(36616K)->36470K(36616K)
[2026-10-08T00:05:41.153+0000][505.150s][info][gc,metaspace   ] GC(287) Metaspace: 73851K(74624K)->73851K(74624K) NonClass: 64543K(64960K)->64543K(64960K) Class: 9307K(9664K)->9307K(9664K)
[2026-10-08T00:05:41.153+0000][505.150s][info][gc             ] GC(287) Pause Young (Allocation Failure) 50M->36M(52M) 7.947ms
[2026-10-08T00:05:41.153+0000][505.151s][info][gc,cpu         ] GC(287) User=0.00s Sys=0.00s Real=0.00s
[2026-10-08T00:05:42.953+0000][506.951s][info][gc,start       ] GC(288) Pause Young (Allocation Failure)
[2026-10-08T00:05:42.961+0000][506.959s][info][gc,heap        ] GC(288) DefNew: 15787K(16640K)->835K(16640K) Eden: 14848K(14848K)->0K(14848K) From: 939K(1792K)->835K(1792K)
[2026-10-08T00:05:42.961+0000][506.959s][info][gc,heap        ] GC(288) Tenured: 36470K(36616K)->36541K(36616K)
[2026-10-08T00:05:42.961+0000][506.959s][info][gc,metaspace   ] GC(288) Metaspace: 73853K(74624K)->73853K(74624K) NonClass: 64546K(64960K)->64546K(64960K) Class: 9307K(9664K)->9307K(9664K)
[2026-10-08T00:05:42.962+0000][506.959s][info][gc             ] GC(288) Pause Young (Allocation Failure) 51M->36M(52M) 8.403ms
[2026-10-08T00:05:42.962+0000][506.959s][info][gc,cpu         ] GC(288) User=0.00s Sys=0.01s Real=0.01s
[2026-10-08T00:05:44.801+0000][508.798s][info][gc,start       ] GC(289) Pause Young (Allocation Failure)
[2026-10-08T00:05:44.808+0000][508.806s][info][gc,heap        ] GC(289) DefNew: 15682K(16640K)->929K(16640K) Eden: 14847K(14848K)->0K(14848K) From: 835K(1792K)->929K(1792K)
[2026-10-08T00:05:44.809+0000][508.806s][info][gc,heap        ] GC(289) Tenured: 36541K(36616K)->36541K(36616K)
[2026-10-08T00:05:44.809+0000][508.806s][info][gc,metaspace   ] GC(289) Metaspace: 73853K(74624K)->73853K(74624K) NonClass: 64546K(64960K)->64546K(64960K) Class: 9307K(9664K)->9307K(9664K)
[2026-10-08T00:05:44.809+0000][508.806s][info][gc             ] GC(289) Pause Young (Allocation Failure) 51M->36M(52M) 7.536ms
[2026-10-08T00:05:44.809+0000][508.806s][info][gc,cpu         ] GC(289) User=0.00s Sys=0.00s Real=0.01s
[2026-10-08T00:05:46.660+0000][510.658s][info][gc,start       ] GC(290) Pause Young (Allocation Failure)
[2026-10-08T00:05:46.668+0000][510.665s][info][gc,heap        ] GC(290) DefNew: 15777K(16640K)->824K(16640K) Eden: 14848K(14848K)->0K(14848K) From: 929K(1792K)->824K(1792K)
[2026-10-08T00:05:46.668+0000][510.665s][info][gc,heap        ] GC(290) Tenured: 36541K(36616K)->36592K(36616K)
[2026-10-08T00:05:46.668+0000][510.665s][info][gc,metaspace   ] GC(290) Metaspace: 73854K(74624K)->73854K(74624K) NonClass: 64546K(64960K)->64546K(64960K) Class: 9307K(9664K)->9307K(9664K)
[2026-10-08T00:05:46.669+0000][510.667s][info][gc             ] GC(290) Pause Young (Allocation Failure) 51M->36M(52M) 8.991ms
[2026-10-08T00:05:46.669+0000][510.667s][info][gc,cpu         ] GC(290) User=0.01s Sys=0.00s Real=0.01s
[2026-10-08T00:05:48.520+0000][512.517s][info][gc,start       ] GC(291) Pause Young (Allocation Failure)
[2026-10-08T00:05:48.527+0000][512.524s][info][gc,heap        ] GC(291) DefNew: 15672K(16640K)->860K(16640K) Eden: 14848K(14848K)->0K(14848K) From: 824K(1792K)->860K(1792K)
[2026-10-08T00:05:48.527+0000][512.524s][info][gc,heap        ] GC(291) Tenured: 36592K(36616K)->36592K(36616K)
[2026-10-08T00:05:48.527+0000][512.524s][info][gc,metaspace   ] GC(291) Metaspace: 73858K(74688K)->73858K(74688K) NonClass: 64551K(65024K)->64551K(65024K) Class: 9307K(9664K)->9307K(9664K)
[2026-10-08T00:05:48.527+0000][512.524s][info][gc             ] GC(291) Pause Young (Allocation Failure) 51M->36M(52M) 7.274ms
[2026-10-08T00:05:48.527+0000][512.525s][info][gc,cpu         ] GC(291) User=0.00s Sys=0.00s Real=0.01s
[2026-10-08T00:05:50.312+0000][514.309s][info][gc,start       ] GC(292) Pause Young (Allocation Failure)
[2026-10-08T00:05:50.322+0000][514.319s][info][gc             ] GC(292) Pause Young (Allocation Failure) 51M->36M(52M) 10.246ms
[2026-10-08T00:05:50.322+0000][514.319s][info][gc,cpu         ] GC(292) User=0.00s Sys=0.00s Real=0.01s
[2026-10-08T00:05:50.322+0000][514.319s][info][gc,start       ] GC(293) Pause Full (Allocation Failure)
[2026-10-08T00:05:50.322+0000][514.319s][info][gc,phases,start] GC(293) Phase 1: Mark live objects
[2026-10-08T00:05:50.457+0000][514.454s][info][gc,phases      ] GC(293) Phase 1: Mark live objects 134.950ms
[2026-10-08T00:05:50.457+0000][514.454s][info][gc,phases,start] GC(293) Phase 2: Compute new object addresses
[2026-10-08T00:05:50.472+0000][514.470s][info][gc,phases      ] GC(293) Phase 2: Compute new object addresses 15.325ms
[2026-10-08T00:05:50.472+0000][514.470s][info][gc,phases,start] GC(293) Phase 3: Adjust pointers
[2026-10-08T00:05:50.519+0000][514.517s][info][gc,phases      ] GC(293) Phase 3: Adjust pointers 47.092ms
[2026-10-08T00:05:50.519+0000][514.517s][info][gc,phases,start] GC(293) Phase 4: Move objects
[2026-10-08T00:05:50.524+0000][514.522s][info][gc,phases      ] GC(293) Phase 4: Move objects 4.816ms
[2026-10-08T00:05:50.525+0000][514.523s][info][gc,heap        ] GC(293) DefNew: 15708K(16640K)->0K(24896K) Eden: 14848K(14848K)->0K(22144K) From: 860K(1792K)->0K(2752K)
[2026-10-08T00:05:50.526+0000][514.523s][info][gc,heap        ] GC(293) Tenured: 36592K(36616K)->32973K(54960K)
[2026-10-08T00:05:50.526+0000][514.523s][info][gc,metaspace   ] GC(293) Metaspace: 73867K(74688K)->73867K(74688K) NonClass: 64560K(65024K)->64560K(65024K) Class: 9307K(9664K)->9307K(9664K)
[2026-10-08T00:05:50.526+0000][514.523s][info][gc             ] GC(293) Pause Full (Allocation Failure) 36M->32M(77M) 203.757ms
[2026-10-08T00:05:50.526+0000][514.523s][info][gc,cpu         ] GC(293) User=0.20s Sys=0.00s Real=0.21s
[2026-10-08T00:05:53.080+0000][517.077s][info][gc,start       ] GC(294) Pause Young (Allocation Failure)
[2026-10-08T00:05:53.089+0000][517.087s][info][gc,heap        ] GC(294) DefNew: 22144K(24896K)->346K(24896K) Eden: 22144K(22144K)->0K(22144K) From: 0K(2752K)->346K(2752K)
[2026-10-08T00:05:53.089+0000][517.087s][info][gc,heap        ] GC(294) Tenured: 32973K(54960K)->32973K(54960K)
[2026-10-08T00:05:53.089+0000][517.087s][info][gc,metaspace   ] GC(294) Metaspace: 73870K(74688K)->73870K(74688K) NonClass: 64563K(65024K)->64563K(65024K) Class: 9307K(9664K)->9307K(9664K)
[2026-10-08T00:05:53.089+0000][517.087s][info][gc             ] GC(294) Pause Young (Allocation Failure) 53M->32M(77M) 9.401ms
[2026-10-08T00:05:53.089+0000][517.087s][info][gc,cpu         ] GC(294) User=0.01s Sys=0.00s Real=0.01s
[2026-10-08T00:05:55.806+0000][519.803s][info][gc,start       ] GC(295) Pause Young (Allocation Failure)
[2026-10-08T00:05:55.812+0000][519.810s][info][gc,heap        ] GC(295) DefNew: 22490K(24896K)->458K(24896K) Eden: 22144K(22144K)->0K(22144K) From: 346K(2752K)->458K(2752K)
[2026-10-08T00:05:55.812+0000][519.810s][info][gc,heap        ] GC(295) Tenured: 32973K(54960K)->32973K(54960K)
[2026-10-08T00:05:55.812+0000][519.810s][info][gc,metaspace   ] GC(295) Metaspace: 73870K(74688K)->73870K(74688K) NonClass: 64563K(65024K)->64563K(65024K) Class: 9307K(9664K)->9307K(9664K)
[2026-10-08T00:05:55.813+0000][519.810s][info][gc             ] GC(295) Pause Young (Allocation Failure) 54M->32M(77M) 6.925ms
[2026-10-08T00:05:55.813+0000][519.810s][info][gc,cpu         ] GC(295) User=0.00s Sys=0.00s Real=0.00s
[2026-10-08T00:05:58.587+0000][522.584s][info][gc,start       ] GC(296) Pause Young (Allocation Failure)
[2026-10-08T00:05:58.594+0000][522.591s][info][gc,heap        ] GC(296) DefNew: 22601K(24896K)->472K(24896K) Eden: 22143K(22144K)->0K(22144K) From: 458K(2752K)->472K(2752K)
[2026-10-08T00:05:58.594+0000][522.591s][info][gc,heap        ] GC(296) Tenured: 32973K(54960K)->32973K(54960K)
[2026-10-08T00:05:58.594+0000][522.591s][info][gc,metaspace   ] GC(296) Metaspace: 73871K(74688K)->73871K(74688K) NonClass: 64563K(65024K)->64563K(65024K) Class: 9307K(9664K)->9307K(9664K)
[2026-10-08T00:05:58.594+0000][522.591s][info][gc             ] GC(296) Pause Young (Allocation Failure) 54M->32M(77M) 7.097ms
[2026-10-08T00:05:58.594+0000][522.591s][info][gc,cpu         ] GC(296) User=0.01s Sys=0.00s Real=0.01s
[2026-10-08T00:06:01.337+0000][525.335s][info][gc,start       ] GC(297) Pause Young (Allocation Failure)
[2026-10-08T00:06:01.347+0000][525.344s][info][gc,heap        ] GC(297) DefNew: 22616K(24896K)->483K(24896K) Eden: 22144K(22144K)->0K(22144K) From: 472K(2752K)->483K(2752K)
[2026-10-08T00:06:01.347+0000][525.344s][info][gc,heap        ] GC(297) Tenured: 32973K(54960K)->32973K(54960K)
[2026-10-08T00:06:01.347+0000][525.344s][info][gc,metaspace   ] GC(297) Metaspace: 73871K(74688K)->73871K(74688K) NonClass: 64563K(65024K)->64563K(65024K) Class: 9307K(9664K)->9307K(9664K)
[2026-10-08T00:06:01.347+0000][525.344s][info][gc             ] GC(297) Pause Young (Allocation Failure) 54M->32M(77M) 9.822ms
[2026-10-08T00:06:01.347+0000][525.344s][info][gc,cpu         ] GC(297) User=0.00s Sys=0.00s Real=0.01s
[2026-10-08T00:06:04.057+0000][528.055s][info][gc,start       ] GC(298) Pause Young (Allocation Failure)
[2026-10-08T00:06:04.066+0000][528.063s][info][gc,heap        ] GC(298) DefNew: 22625K(24896K)->581K(24896K) Eden: 22141K(22144K)->0K(22144K) From: 483K(2752K)->581K(2752K)
[2026-10-08T00:06:04.066+0000][528.063s][info][gc,heap        ] GC(298) Tenured: 32973K(54960K)->32973K(54960K)
[2026-10-08T00:06:04.066+0000][528.063s][info][gc,metaspace   ] GC(298) Metaspace: 73875K(74688K)->73875K(74688K) NonClass: 64568K(65024K)->64568K(65024K) Class: 9307K(9664K)->9307K(9664K)
[2026-10-08T00:06:04.066+0000][528.063s][info][gc             ] GC(298) Pause Young (Allocation Failure) 54M->32M(77M) 8.603ms
[2026-10-08T00:06:04.066+0000][528.063s][info][gc,cpu         ] GC(298) User=0.00s Sys=0.00s Real=0.01s
[2026-10-08T00:06:06.804+0000][530.801s][info][gc,start       ] GC(299) Pause Young (Allocation Failure)
[2026-10-08T00:06:06.810+0000][530.808s][info][gc,heap        ] GC(299) DefNew: 22725K(24896K)->585K(24896K) Eden: 22144K(22144K)->0K(22144K) From: 581K(2752K)->585K(2752K)
[2026-10-08T00:06:06.811+0000][530.808s][info][gc,heap        ] GC(299) Tenured: 32973K(54960K)->32973K(54960K)
[2026-10-08T00:06:06.811+0000][530.808s][info][gc,metaspace   ] GC(299) Metaspace: 73876K(74688K)->73876K(74688K) NonClass: 64569K(65024K)->64569K(65024K) Class: 9307K(9664K)->9307K(9664K)
[2026-10-08T00:06:06.811+0000][530.808s][info][gc             ] GC(299) Pause Young (Allocation Failure) 54M->32M(77M) 6.849ms
[2026-10-08T00:06:06.811+0000][530.808s][info][gc,cpu         ] GC(299) User=0.00s Sys=0.00s Real=0.00s
[2026-10-08T00:06:09.549+0000][533.546s][info][gc,start       ] GC(300) Pause Young (Allocation Failure)
[2026-10-08T00:06:09.556+0000][533.554s][info][gc,heap        ] GC(300) DefNew: 22729K(24896K)->662K(24896K) Eden: 22144K(22144K)->0K(22144K) From: 585K(2752K)->662K(2752K)
[2026-10-08T00:06:09.556+0000][533.554s][info][gc,heap        ] GC(300) Tenured: 32973K(54960K)->32973K(54960K)
[2026-10-08T00:06:09.556+0000][533.554s][info][gc,metaspace   ] GC(300) Metaspace: 73878K(74688K)->73878K(74688K) NonClass: 64571K(65024K)->64571K(65024K) Class: 9307K(9664K)->9307K(9664K)
[2026-10-08T00:06:09.556+0000][533.554s][info][gc             ] GC(300) Pause Young (Allocation Failure) 54M->32M(77M) 7.351ms
[2026-10-08T00:06:09.557+0000][533.554s][info][gc,cpu         ] GC(300) User=0.01s Sys=0.00s Real=0.01s
[2026-10-08T00:06:12.324+0000][536.321s][info][gc,start       ] GC(301) Pause Young (Allocation Failure)
[2026-10-08T00:06:12.332+0000][536.330s][info][gc,heap        ] GC(301) DefNew: 22806K(24896K)->697K(24896K) Eden: 22144K(22144K)->0K(22144K) From: 662K(2752K)->697K(2752K)
[2026-10-08T00:06:12.332+0000][536.330s][info][gc,heap        ] GC(301) Tenured: 32973K(54960K)->32973K(54960K)
[2026-10-08T00:06:12.332+0000][536.330s][info][gc,metaspace   ] GC(301) Metaspace: 73879K(74688K)->73879K(74688K) NonClass: 64572K(65024K)->64572K(65024K) Class: 9307K(9664K)->9307K(9664K)
[2026-10-08T00:06:12.333+0000][536.330s][info][gc             ] GC(301) Pause Young (Allocation Failure) 54M->32M(77M) 9.324ms
[2026-10-08T00:06:12.333+0000][536.330s][info][gc,cpu         ] GC(301) User=0.01s Sys=0.00s Real=0.00s
[2026-10-08T00:06:15.083+0000][539.080s][info][gc,start       ] GC(302) Pause Young (Allocation Failure)
[2026-10-08T00:06:15.094+0000][539.091s][info][gc,heap        ] GC(302) DefNew: 22841K(24896K)->802K(24896K) Eden: 22144K(22144K)->0K(22144K) From: 697K(2752K)->802K(2752K)
[2026-10-08T00:06:15.094+0000][539.092s][info][gc,heap        ] GC(302) Tenured: 32973K(54960K)->32973K(54960K)
[2026-10-08T00:06:15.094+0000][539.092s][info][gc,metaspace   ] GC(302) Metaspace: 73879K(74688K)->73879K(74688K) NonClass: 64572K(65024K)->64572K(65024K) Class: 9307K(9664K)->9307K(9664K)
[2026-10-08T00:06:15.094+0000][539.092s][info][gc             ] GC(302) Pause Young (Allocation Failure) 54M->32M(77M) 11.278ms
[2026-10-08T00:06:15.094+0000][539.092s][info][gc,cpu         ] GC(302) User=0.01s Sys=0.00s Real=0.02s
[2026-10-08T00:06:17.870+0000][541.868s][info][gc,start       ] GC(303) Pause Young (Allocation Failure)
[2026-10-08T00:06:17.877+0000][541.875s][info][gc,heap        ] GC(303) DefNew: 22946K(24896K)->820K(24896K) Eden: 22144K(22144K)->0K(22144K) From: 802K(2752K)->820K(2752K)
[2026-10-08T00:06:17.877+0000][541.875s][info][gc,heap        ] GC(303) Tenured: 32973K(54960K)->32973K(54960K)
[2026-10-08T00:06:17.877+0000][541.875s][info][gc,metaspace   ] GC(303) Metaspace: 73880K(74688K)->73880K(74688K) NonClass: 64573K(65024K)->64573K(65024K) Class: 9307K(9664K)->9307K(9664K)
[2026-10-08T00:06:17.878+0000][541.875s][info][gc             ] GC(303) Pause Young (Allocation Failure) 54M->33M(77M) 7.302ms
[2026-10-08T00:06:17.878+0000][541.875s][info][gc,cpu         ] GC(303) User=0.01s Sys=0.00s Real=0.01s
[2026-10-08T00:06:20.568+0000][544.566s][info][gc,start       ] GC(304) Pause Young (Allocation Failure)
[2026-10-08T00:06:20.577+0000][544.575s][info][gc,heap        ] GC(304) DefNew: 22964K(24896K)->898K(24896K) Eden: 22144K(22144K)->0K(22144K) From: 820K(2752K)->898K(2752K)
[2026-10-08T00:06:20.577+0000][544.575s][info][gc,heap        ] GC(304) Tenured: 32973K(54960K)->32973K(54960K)
[2026-10-08T00:06:20.577+0000][544.575s][info][gc,metaspace   ] GC(304) Metaspace: 73880K(74688K)->73880K(74688K) NonClass: 64573K(65024K)->64573K(65024K) Class: 9307K(9664K)->9307K(9664K)
[2026-10-08T00:06:20.577+0000][544.575s][info][gc             ] GC(304) Pause Young (Allocation Failure) 54M->33M(77M) 9.233ms
[2026-10-08T00:06:20.578+0000][544.575s][info][gc,cpu         ] GC(304) User=0.01s Sys=0.00s Real=0.01s
[2026-10-08T00:06:23.318+0000][547.315s][info][gc,start       ] GC(305) Pause Young (Allocation Failure)
[2026-10-08T00:06:23.325+0000][547.322s][info][gc,heap        ] GC(305) DefNew: 23042K(24896K)->902K(24896K) Eden: 22144K(22144K)->0K(22144K) From: 898K(2752K)->902K(2752K)
[2026-10-08T00:06:23.325+0000][547.322s][info][gc,heap        ] GC(305) Tenured: 32973K(54960K)->32973K(54960K)
[2026-10-08T00:06:23.325+0000][547.322s][info][gc,metaspace   ] GC(305) Metaspace: 73890K(74688K)->73890K(74688K) NonClass: 64583K(65024K)->64583K(65024K) Class: 9307K(9664K)->9307K(9664K)
[2026-10-08T00:06:23.325+0000][547.322s][info][gc             ] GC(305) Pause Young (Allocation Failure) 54M->33M(77M) 7.258ms
[2026-10-08T00:06:23.325+0000][547.322s][info][gc,cpu         ] GC(305) User=0.01s Sys=0.00s Real=0.01s
[2026-10-08T00:06:26.094+0000][550.091s][info][gc,start       ] GC(306) Pause Young (Allocation Failure)
[2026-10-08T00:06:26.103+0000][550.100s][info][gc,heap        ] GC(306) DefNew: 23046K(24896K)->1069K(24896K) Eden: 22144K(22144K)->0K(22144K) From: 902K(2752K)->1069K(2752K)
[2026-10-08T00:06:26.103+0000][550.100s][info][gc,heap        ] GC(306) Tenured: 32973K(54960K)->32973K(54960K)
[2026-10-08T00:06:26.103+0000][550.100s][info][gc,metaspace   ] GC(306) Metaspace: 73890K(74688K)->73890K(74688K) NonClass: 64583K(65024K)->64583K(65024K) Class: 9307K(9664K)->9307K(9664K)
[2026-10-08T00:06:26.103+0000][550.100s][info][gc             ] GC(306) Pause Young (Allocation Failure) 54M->33M(77M) 8.938ms
[2026-10-08T00:06:26.103+0000][550.100s][info][gc,cpu         ] GC(306) User=0.01s Sys=0.00s Real=0.00s
[2026-10-08T00:06:28.891+0000][552.888s][info][gc,start       ] GC(307) Pause Young (Allocation Failure)
[2026-10-08T00:06:28.921+0000][552.918s][info][gc,heap        ] GC(307) DefNew: 23213K(24896K)->1048K(24896K) Eden: 22144K(22144K)->0K(22144K) From: 1069K(2752K)->1048K(2752K)
[2026-10-08T00:06:28.921+0000][552.919s][info][gc,heap        ] GC(307) Tenured: 32973K(54960K)->32973K(54960K)
[2026-10-08T00:06:28.921+0000][552.919s][info][gc,metaspace   ] GC(307) Metaspace: 73890K(74688K)->73890K(74688K) NonClass: 64583K(65024K)->64583K(65024K) Class: 9307K(9664K)->9307K(9664K)
[2026-10-08T00:06:28.921+0000][552.919s][info][gc             ] GC(307) Pause Young (Allocation Failure) 54M->33M(77M) 30.195ms
[2026-10-08T00:06:28.921+0000][552.919s][info][gc,cpu         ] GC(307) User=0.01s Sys=0.00s Real=0.03s
[2026-10-08T00:06:31.654+0000][555.651s][info][gc,start       ] GC(308) Pause Young (Allocation Failure)
[2026-10-08T00:06:31.662+0000][555.660s][info][gc,heap        ] GC(308) DefNew: 23192K(24896K)->1014K(24896K) Eden: 22144K(22144K)->0K(22144K) From: 1048K(2752K)->1014K(2752K)
[2026-10-08T00:06:31.663+0000][555.660s][info][gc,heap        ] GC(308) Tenured: 32973K(54960K)->32973K(54960K)
[2026-10-08T00:06:31.663+0000][555.660s][info][gc,metaspace   ] GC(308) Metaspace: 73892K(74688K)->73892K(74688K) NonClass: 64585K(65024K)->64585K(65024K) Class: 9307K(9664K)->9307K(9664K)
[2026-10-08T00:06:31.663+0000][555.660s][info][gc             ] GC(308) Pause Young (Allocation Failure) 54M->33M(77M) 8.763ms
[2026-10-08T00:06:31.663+0000][555.660s][info][gc,cpu         ] GC(308) User=0.01s Sys=0.00s Real=0.00s
[2026-10-08T00:06:34.397+0000][558.395s][info][gc,start       ] GC(309) Pause Young (Allocation Failure)
[2026-10-08T00:06:34.404+0000][558.401s][info][gc,heap        ] GC(309) DefNew: 23158K(24896K)->1010K(24896K) Eden: 22144K(22144K)->0K(22144K) From: 1014K(2752K)->1010K(2752K)
[2026-10-08T00:06:34.404+0000][558.402s][info][gc,heap        ] GC(309) Tenured: 32973K(54960K)->33051K(54960K)
[2026-10-08T00:06:34.404+0000][558.402s][info][gc,metaspace   ] GC(309) Metaspace: 73895K(74688K)->73895K(74688K) NonClass: 64588K(65024K)->64588K(65024K) Class: 9307K(9664K)->9307K(9664K)
[2026-10-08T00:06:34.404+0000][558.402s][info][gc             ] GC(309) Pause Young (Allocation Failure) 54M->33M(77M) 7.070ms
[2026-10-08T00:06:34.404+0000][558.402s][info][gc,cpu         ] GC(309) User=0.00s Sys=0.00s Real=0.01s
[2026-10-08T00:06:37.132+0000][561.130s][info][gc,start       ] GC(310) Pause Young (Allocation Failure)
[2026-10-08T00:06:37.142+0000][561.139s][info][gc,heap        ] GC(310) DefNew: 23154K(24896K)->1041K(24896K) Eden: 22144K(22144K)->0K(22144K) From: 1010K(2752K)->1041K(2752K)
[2026-10-08T00:06:37.142+0000][561.139s][info][gc,heap        ] GC(310) Tenured: 33051K(54960K)->33096K(54960K)
[2026-10-08T00:06:37.142+0000][561.139s][info][gc,metaspace   ] GC(310) Metaspace: 73905K(74688K)->73905K(74688K) NonClass: 64598K(65024K)->64598K(65024K) Class: 9307K(9664K)->9307K(9664K)
[2026-10-08T00:06:37.142+0000][561.139s][info][gc             ] GC(310) Pause Young (Allocation Failure) 54M->33M(77M) 9.677ms
[2026-10-08T00:06:37.142+0000][561.139s][info][gc,cpu         ] GC(310) User=0.01s Sys=0.00s Real=0.01s
[2026-10-08T00:06:39.874+0000][563.871s][info][gc,start       ] GC(311) Pause Young (Allocation Failure)
[2026-10-08T00:06:39.881+0000][563.879s][info][gc,heap        ] GC(311) DefNew: 23185K(24896K)->1077K(24896K) Eden: 22144K(22144K)->0K(22144K) From: 1041K(2752K)->1077K(2752K)
[2026-10-08T00:06:39.881+0000][563.879s][info][gc,heap        ] GC(311) Tenured: 33096K(54960K)->33140K(54960K)
[2026-10-08T00:06:39.882+0000][563.879s][info][gc,metaspace   ] GC(311) Metaspace: 73905K(74688K)->73905K(74688K) NonClass: 64598K(65024K)->64598K(65024K) Class: 9307K(9664K)->9307K(9664K)
[2026-10-08T00:06:39.882+0000][563.879s][info][gc             ] GC(311) Pause Young (Allocation Failure) 54M->33M(77M) 7.898ms
[2026-10-08T00:06:39.882+0000][563.879s][info][gc,cpu         ] GC(311) User=0.01s Sys=0.00s Real=0.00s
[2026-10-08T00:06:42.658+0000][566.655s][info][gc,start       ] GC(312) Pause Young (Allocation Failure)
[2026-10-08T00:06:42.667+0000][566.664s][info][gc,heap        ] GC(312) DefNew: 23221K(24896K)->1048K(24896K) Eden: 22144K(22144K)->0K(22144K) From: 1077K(2752K)->1048K(2752K)
[2026-10-08T00:06:42.667+0000][566.664s][info][gc,heap        ] GC(312) Tenured: 33140K(54960K)->33186K(54960K)
[2026-10-08T00:06:42.667+0000][566.664s][info][gc,metaspace   ] GC(312) Metaspace: 73905K(74688K)->73905K(74688K) NonClass: 64598K(65024K)->64598K(65024K) Class: 9307K(9664K)->9307K(9664K)
[2026-10-08T00:06:42.667+0000][566.664s][info][gc             ] GC(312) Pause Young (Allocation Failure) 55M->33M(77M) 9.172ms
[2026-10-08T00:06:42.667+0000][566.664s][info][gc,cpu         ] GC(312) User=0.01s Sys=0.00s Real=0.01s
[2026-10-08T00:06:45.442+0000][569.440s][info][gc,start       ] GC(313) Pause Young (Allocation Failure)
[2026-10-08T00:06:45.450+0000][569.447s][info][gc,heap        ] GC(313) DefNew: 23192K(24896K)->1101K(24896K) Eden: 22144K(22144K)->0K(22144K) From: 1048K(2752K)->1101K(2752K)
[2026-10-08T00:06:45.450+0000][569.447s][info][gc,heap        ] GC(313) Tenured: 33186K(54960K)->33232K(54960K)
[2026-10-08T00:06:45.450+0000][569.447s][info][gc,metaspace   ] GC(313) Metaspace: 73909K(74688K)->73909K(74688K) NonClass: 64602K(65024K)->64602K(65024K) Class: 9307K(9664K)->9307K(9664K)
[2026-10-08T00:06:45.450+0000][569.447s][info][gc             ] GC(313) Pause Young (Allocation Failure) 55M->33M(77M) 7.642ms
[2026-10-08T00:06:45.450+0000][569.447s][info][gc,cpu         ] GC(313) User=0.01s Sys=0.00s Real=0.01s
[2026-10-08T00:06:48.206+0000][572.203s][info][gc,start       ] GC(314) Pause Young (Allocation Failure)
[2026-10-08T00:06:48.214+0000][572.212s][info][gc,heap        ] GC(314) DefNew: 23245K(24896K)->1040K(24896K) Eden: 22144K(22144K)->0K(22144K) From: 1101K(2752K)->1040K(2752K)
[2026-10-08T00:06:48.215+0000][572.212s][info][gc,heap        ] GC(314) Tenured: 33232K(54960K)->33282K(54960K)
[2026-10-08T00:06:48.215+0000][572.212s][info][gc,metaspace   ] GC(314) Metaspace: 73909K(74688K)->73909K(74688K) NonClass: 64602K(65024K)->64602K(65024K) Class: 9307K(9664K)->9307K(9664K)
[2026-10-08T00:06:48.215+0000][572.212s][info][gc             ] GC(314) Pause Young (Allocation Failure) 55M->33M(77M) 8.841ms
[2026-10-08T00:06:48.215+0000][572.212s][info][gc,cpu         ] GC(314) User=0.01s Sys=0.00s Real=0.01s
[2026-10-08T00:06:50.930+0000][574.927s][info][gc,start       ] GC(315) Pause Young (Allocation Failure)
[2026-10-08T00:06:50.938+0000][574.936s][info][gc,heap        ] GC(315) DefNew: 23184K(24896K)->1101K(24896K) Eden: 22144K(22144K)->0K(22144K) From: 1040K(2752K)->1101K(2752K)
[2026-10-08T00:06:50.938+0000][574.936s][info][gc,heap        ] GC(315) Tenured: 33282K(54960K)->33331K(54960K)
[2026-10-08T00:06:50.938+0000][574.936s][info][gc,metaspace   ] GC(315) Metaspace: 73910K(74688K)->73910K(74688K) NonClass: 64602K(65024K)->64602K(65024K) Class: 9307K(9664K)->9307K(9664K)
[2026-10-08T00:06:50.938+0000][574.936s][info][gc             ] GC(315) Pause Young (Allocation Failure) 55M->33M(77M) 8.655ms
[2026-10-08T00:06:50.938+0000][574.936s][info][gc,cpu         ] GC(315) User=0.01s Sys=0.00s Real=0.01s
[2026-10-08T00:06:53.665+0000][577.663s][info][gc,start       ] GC(316) Pause Young (Allocation Failure)
[2026-10-08T00:06:53.674+0000][577.671s][info][gc,heap        ] GC(316) DefNew: 23245K(24896K)->1026K(24896K) Eden: 22144K(22144K)->0K(22144K) From: 1101K(2752K)->1026K(2752K)
[2026-10-08T00:06:53.674+0000][577.671s][info][gc,heap        ] GC(316) Tenured: 33331K(54960K)->33394K(54960K)
[2026-10-08T00:06:53.674+0000][577.671s][info][gc,metaspace   ] GC(316) Metaspace: 74080K(74880K)->74080K(74880K) NonClass: 64773K(65216K)->64773K(65216K) Class: 9307K(9664K)->9307K(9664K)
[2026-10-08T00:06:53.674+0000][577.671s][info][gc             ] GC(316) Pause Young (Allocation Failure) 55M->33M(77M) 8.495ms
[2026-10-08T00:06:53.674+0000][577.671s][info][gc,cpu         ] GC(316) User=0.00s Sys=0.00s Real=0.01s
[2026-10-08T00:06:56.427+0000][580.424s][info][gc,start       ] GC(317) Pause Young (Allocation Failure)
[2026-10-08T00:06:56.440+0000][580.438s][info][gc,heap        ] GC(317) DefNew: 23170K(24896K)->1016K(24896K) Eden: 22144K(22144K)->0K(22144K) From: 1026K(2752K)->1016K(2752K)
[2026-10-08T00:06:56.441+0000][580.438s][info][gc,heap        ] GC(317) Tenured: 33394K(54960K)->33441K(54960K)
[2026-10-08T00:06:56.441+0000][580.438s][info][gc,metaspace   ] GC(317) Metaspace: 74080K(74880K)->74080K(74880K) NonClass: 64773K(65216K)->64773K(65216K) Class: 9307K(9664K)->9307K(9664K)
[2026-10-08T00:06:56.441+0000][580.438s][info][gc             ] GC(317) Pause Young (Allocation Failure) 55M->33M(77M) 13.804ms
[2026-10-08T00:06:56.441+0000][580.438s][info][gc,cpu         ] GC(317) User=0.00s Sys=0.00s Real=0.01s
[2026-10-08T00:06:59.188+0000][583.186s][info][gc,start       ] GC(318) Pause Young (Allocation Failure)
[2026-10-08T00:06:59.197+0000][583.195s][info][gc,heap        ] GC(318) DefNew: 23160K(24896K)->1059K(24896K) Eden: 22144K(22144K)->0K(22144K) From: 1016K(2752K)->1059K(2752K)
[2026-10-08T00:06:59.198+0000][583.195s][info][gc,heap        ] GC(318) Tenured: 33441K(54960K)->33478K(54960K)
[2026-10-08T00:06:59.198+0000][583.195s][info][gc,metaspace   ] GC(318) Metaspace: 74080K(74880K)->74080K(74880K) NonClass: 64773K(65216K)->64773K(65216K) Class: 9307K(9664K)->9307K(9664K)
[2026-10-08T00:06:59.198+0000][583.195s][info][gc             ] GC(318) Pause Young (Allocation Failure) 55M->33M(77M) 9.492ms
[2026-10-08T00:06:59.198+0000][583.195s][info][gc,cpu         ] GC(318) User=0.00s Sys=0.01s Real=0.01s
[2026-10-08T00:07:01.960+0000][585.957s][info][gc,start       ] GC(319) Pause Young (Allocation Failure)
[2026-10-08T00:07:01.969+0000][585.966s][info][gc,heap        ] GC(319) DefNew: 23203K(24896K)->1038K(24896K) Eden: 22144K(22144K)->0K(22144K) From: 1059K(2752K)->1038K(2752K)
[2026-10-08T00:07:01.969+0000][585.966s][info][gc,heap        ] GC(319) Tenured: 33478K(54960K)->33539K(54960K)
[2026-10-08T00:07:01.969+0000][585.966s][info][gc,metaspace   ] GC(319) Metaspace: 74080K(74880K)->74080K(74880K) NonClass: 64773K(65216K)->64773K(65216K) Class: 9307K(9664K)->9307K(9664K)
[2026-10-08T00:07:01.969+0000][585.966s][info][gc             ] GC(319) Pause Young (Allocation Failure) 55M->33M(77M) 8.517ms
[2026-10-08T00:07:01.969+0000][585.966s][info][gc,cpu         ] GC(319) User=0.01s Sys=0.00s Real=0.01s
[2026-10-08T00:07:04.708+0000][588.705s][info][gc,start       ] GC(320) Pause Young (Allocation Failure)
[2026-10-08T00:07:04.717+0000][588.714s][info][gc,heap        ] GC(320) DefNew: 23182K(24896K)->1091K(24896K) Eden: 22144K(22144K)->0K(22144K) From: 1038K(2752K)->1091K(2752K)
[2026-10-08T00:07:04.717+0000][588.714s][info][gc,heap        ] GC(320) Tenured: 33539K(54960K)->33583K(54960K)
[2026-10-08T00:07:04.717+0000][588.714s][info][gc,metaspace   ] GC(320) Metaspace: 74080K(74880K)->74080K(74880K) NonClass: 64773K(65216K)->64773K(65216K) Class: 9307K(9664K)->9307K(9664K)
[2026-10-08T00:07:04.717+0000][588.714s][info][gc             ] GC(320) Pause Young (Allocation Failure) 55M->33M(77M) 8.975ms
[2026-10-08T00:07:04.717+0000][588.714s][info][gc,cpu         ] GC(320) User=0.01s Sys=0.00s Real=0.01s
[2026-10-08T00:07:07.411+0000][591.408s][info][gc,start       ] GC(321) Pause Young (Allocation Failure)
[2026-10-08T00:07:07.422+0000][591.419s][info][gc,heap        ] GC(321) DefNew: 23235K(24896K)->1016K(24896K) Eden: 22144K(22144K)->0K(22144K) From: 1091K(2752K)->1016K(2752K)
[2026-10-08T00:07:07.422+0000][591.419s][info][gc,heap        ] GC(321) Tenured: 33583K(54960K)->33629K(54960K)
[2026-10-08T00:07:07.422+0000][591.419s][info][gc,metaspace   ] GC(321) Metaspace: 74081K(74880K)->74081K(74880K) NonClass: 64774K(65216K)->64774K(65216K) Class: 9307K(9664K)->9307K(9664K)
[2026-10-08T00:07:07.422+0000][591.419s][info][gc             ] GC(321) Pause Young (Allocation Failure) 55M->33M(77M) 11.114ms
[2026-10-08T00:07:07.422+0000][591.419s][info][gc,cpu         ] GC(321) User=0.01s Sys=0.00s Real=0.01s
[2026-10-08T00:07:10.154+0000][594.151s][info][gc,start       ] GC(322) Pause Young (Allocation Failure)
[2026-10-08T00:07:10.161+0000][594.159s][info][gc,heap        ] GC(322) DefNew: 23160K(24896K)->1088K(24896K) Eden: 22144K(22144K)->0K(22144K) From: 1016K(2752K)->1088K(2752K)
[2026-10-08T00:07:10.161+0000][594.159s][info][gc,heap        ] GC(322) Tenured: 33629K(54960K)->33669K(54960K)
[2026-10-08T00:07:10.161+0000][594.159s][info][gc,metaspace   ] GC(322) Metaspace: 74081K(74880K)->74081K(74880K) NonClass: 64774K(65216K)->64774K(65216K) Class: 9307K(9664K)->9307K(9664K)
[2026-10-08T00:07:10.161+0000][594.159s][info][gc             ] GC(322) Pause Young (Allocation Failure) 55M->33M(77M) 7.816ms
[2026-10-08T00:07:10.161+0000][594.159s][info][gc,cpu         ] GC(322) User=0.01s Sys=0.01s Real=0.01s
[2026-10-08T00:07:12.916+0000][596.913s][info][gc,start       ] GC(323) Pause Young (Allocation Failure)
[2026-10-08T00:07:12.924+0000][596.921s][info][gc,heap        ] GC(323) DefNew: 23232K(24896K)->1087K(24896K) Eden: 22144K(22144K)->0K(22144K) From: 1088K(2752K)->1087K(2752K)
[2026-10-08T00:07:12.924+0000][596.922s][info][gc,heap        ] GC(323) Tenured: 33669K(54960K)->33711K(54960K)
[2026-10-08T00:07:12.924+0000][596.922s][info][gc,metaspace   ] GC(323) Metaspace: 74082K(74880K)->74082K(74880K) NonClass: 64774K(65216K)->64774K(65216K) Class: 9307K(9664K)->9307K(9664K)
[2026-10-08T00:07:12.924+0000][596.922s][info][gc             ] GC(323) Pause Young (Allocation Failure) 55M->33M(77M) 8.420ms
[2026-10-08T00:07:12.924+0000][596.922s][info][gc,cpu         ] GC(323) User=0.00s Sys=0.00s Real=0.01s
[2026-10-08T00:07:15.660+0000][599.657s][info][gc,start       ] GC(324) Pause Young (Allocation Failure)
[2026-10-08T00:07:15.668+0000][599.665s][info][gc,heap        ] GC(324) DefNew: 23231K(24896K)->1175K(24896K) Eden: 22144K(22144K)->0K(22144K) From: 1087K(2752K)->1175K(2752K)
[2026-10-08T00:07:15.668+0000][599.665s][info][gc,heap        ] GC(324) Tenured: 33711K(54960K)->33759K(54960K)
[2026-10-08T00:07:15.668+0000][599.665s][info][gc,metaspace   ] GC(324) Metaspace: 74082K(74880K)->74082K(74880K) NonClass: 64774K(65216K)->64774K(65216K) Class: 9307K(9664K)->9307K(9664K)
[2026-10-08T00:07:15.668+0000][599.665s][info][gc             ] GC(324) Pause Young (Allocation Failure) 55M->34M(77M) 8.193ms
[2026-10-08T00:07:15.668+0000][599.666s][info][gc,cpu         ] GC(324) User=0.01s Sys=0.00s Real=0.01s
[2026-10-08T00:07:18.415+0000][602.413s][info][gc,start       ] GC(325) Pause Young (Allocation Failure)
[2026-10-08T00:07:18.424+0000][602.421s][info][gc,heap        ] GC(325) DefNew: 23319K(24896K)->1085K(24896K) Eden: 22144K(22144K)->0K(22144K) From: 1175K(2752K)->1085K(2752K)
[2026-10-08T00:07:18.424+0000][602.421s][info][gc,heap        ] GC(325) Tenured: 33759K(54960K)->33802K(54960K)
[2026-10-08T00:07:18.424+0000][602.421s][info][gc,metaspace   ] GC(325) Metaspace: 74082K(74880K)->74082K(74880K) NonClass: 64774K(65216K)->64774K(65216K) Class: 9307K(9664K)->9307K(9664K)
[2026-10-08T00:07:18.424+0000][602.422s][info][gc             ] GC(325) Pause Young (Allocation Failure) 55M->34M(77M) 8.989ms
[2026-10-08T00:07:18.424+0000][602.422s][info][gc,cpu         ] GC(325) User=0.01s Sys=0.00s Real=0.01s
[2026-10-08T00:07:21.156+0000][605.154s][info][gc,start       ] GC(326) Pause Young (Allocation Failure)
[2026-10-08T00:07:21.163+0000][605.161s][info][gc,heap        ] GC(326) DefNew: 23229K(24896K)->1178K(24896K) Eden: 22143K(22144K)->0K(22144K) From: 1085K(2752K)->1178K(2752K)
[2026-10-08T00:07:21.163+0000][605.161s][info][gc,heap        ] GC(326) Tenured: 33802K(54960K)->33845K(54960K)
[2026-10-08T00:07:21.163+0000][605.161s][info][gc,metaspace   ] GC(326) Metaspace: 74087K(74880K)->74087K(74880K) NonClass: 64780K(65216K)->64780K(65216K) Class: 9307K(9664K)->9307K(9664K)
[2026-10-08T00:07:21.164+0000][605.161s][info][gc             ] GC(326) Pause Young (Allocation Failure) 55M->34M(77M) 7.098ms
[2026-10-08T00:07:21.164+0000][605.161s][info][gc,cpu         ] GC(326) User=0.01s Sys=0.00s Real=0.01s
[2026-10-08T00:07:23.943+0000][607.940s][info][gc,start       ] GC(327) Pause Young (Allocation Failure)
[2026-10-08T00:07:23.951+0000][607.948s][info][gc,heap        ] GC(327) DefNew: 23322K(24896K)->1121K(24896K) Eden: 22144K(22144K)->0K(22144K) From: 1178K(2752K)->1121K(2752K)
[2026-10-08T00:07:23.951+0000][607.948s][info][gc,heap        ] GC(327) Tenured: 33845K(54960K)->33891K(54960K)
[2026-10-08T00:07:23.951+0000][607.948s][info][gc,metaspace   ] GC(327) Metaspace: 74087K(74880K)->74087K(74880K) NonClass: 64780K(65216K)->64780K(65216K) Class: 9307K(9664K)->9307K(9664K)
[2026-10-08T00:07:23.951+0000][607.948s][info][gc             ] GC(327) Pause Young (Allocation Failure) 55M->34M(77M) 7.739ms
[2026-10-08T00:07:23.951+0000][607.948s][info][gc,cpu         ] GC(327) User=0.01s Sys=0.00s Real=0.01s
[2026-10-08T00:07:26.657+0000][610.654s][info][gc,start       ] GC(328) Pause Young (Allocation Failure)
[2026-10-08T00:07:26.665+0000][610.663s][info][gc,heap        ] GC(328) DefNew: 23265K(24896K)->1152K(24896K) Eden: 22144K(22144K)->0K(22144K) From: 1121K(2752K)->1152K(2752K)
[2026-10-08T00:07:26.666+0000][610.663s][info][gc,heap        ] GC(328) Tenured: 33891K(54960K)->33935K(54960K)
[2026-10-08T00:07:26.666+0000][610.663s][info][gc,metaspace   ] GC(328) Metaspace: 74087K(74880K)->74087K(74880K) NonClass: 64780K(65216K)->64780K(65216K) Class: 9307K(9664K)->9307K(9664K)
[2026-10-08T00:07:26.666+0000][610.663s][info][gc             ] GC(328) Pause Young (Allocation Failure) 55M->34M(77M) 9.096ms
[2026-10-08T00:07:26.666+0000][610.663s][info][gc,cpu         ] GC(328) User=0.00s Sys=0.00s Real=0.01s
[2026-10-08T00:07:29.380+0000][613.378s][info][gc,start       ] GC(329) Pause Young (Allocation Failure)
[2026-10-08T00:07:29.390+0000][613.387s][info][gc,heap        ] GC(329) DefNew: 23295K(24896K)->1146K(24896K) Eden: 22143K(22144K)->0K(22144K) From: 1152K(2752K)->1146K(2752K)
[2026-10-08T00:07:29.390+0000][613.387s][info][gc,heap        ] GC(329) Tenured: 33935K(54960K)->33989K(54960K)
[2026-10-08T00:07:29.390+0000][613.387s][info][gc,metaspace   ] GC(329) Metaspace: 74087K(74880K)->74087K(74880K) NonClass: 64780K(65216K)->64780K(65216K) Class: 9307K(9664K)->9307K(9664K)
[2026-10-08T00:07:29.390+0000][613.387s][info][gc             ] GC(329) Pause Young (Allocation Failure) 55M->34M(77M) 9.838ms
[2026-10-08T00:07:29.390+0000][613.387s][info][gc,cpu         ] GC(329) User=0.01s Sys=0.00s Real=0.01s
[2026-10-08T00:07:32.175+0000][616.172s][info][gc,start       ] GC(330) Pause Young (Allocation Failure)
[2026-10-08T00:07:32.184+0000][616.181s][info][gc,heap        ] GC(330) DefNew: 23290K(24896K)->1113K(24896K) Eden: 22144K(22144K)->0K(22144K) From: 1146K(2752K)->1113K(2752K)
[2026-10-08T00:07:32.184+0000][616.181s][info][gc,heap        ] GC(330) Tenured: 33989K(54960K)->34041K(54960K)
[2026-10-08T00:07:32.184+0000][616.181s][info][gc,metaspace   ] GC(330) Metaspace: 74087K(74880K)->74087K(74880K) NonClass: 64780K(65216K)->64780K(65216K) Class: 9307K(9664K)->9307K(9664K)
[2026-10-08T00:07:32.184+0000][616.181s][info][gc             ] GC(330) Pause Young (Allocation Failure) 55M->34M(77M) 9.158ms
[2026-10-08T00:07:32.184+0000][616.181s][info][gc,cpu         ] GC(330) User=0.01s Sys=0.00s Real=0.01s
[2026-10-08T00:07:34.868+0000][618.866s][info][gc,start       ] GC(331) Pause Young (Allocation Failure)
[2026-10-08T00:07:34.879+0000][618.877s][info][gc,heap        ] GC(331) DefNew: 23257K(24896K)->1146K(24896K) Eden: 22144K(22144K)->0K(22144K) From: 1113K(2752K)->1146K(2752K)
[2026-10-08T00:07:34.879+0000][618.877s][info][gc,heap        ] GC(331) Tenured: 34041K(54960K)->34093K(54960K)
[2026-10-08T00:07:34.879+0000][618.877s][info][gc,metaspace   ] GC(331) Metaspace: 74087K(74880K)->74087K(74880K) NonClass: 64780K(65216K)->64780K(65216K) Class: 9307K(9664K)->9307K(9664K)
[2026-10-08T00:07:34.880+0000][618.877s][info][gc             ] GC(331) Pause Young (Allocation Failure) 55M->34M(77M) 11.371ms
[2026-10-08T00:07:34.880+0000][618.877s][info][gc,cpu         ] GC(331) User=0.01s Sys=0.00s Real=0.01s
[2026-10-08T00:07:37.630+0000][621.627s][info][gc,start       ] GC(332) Pause Young (Allocation Failure)
[2026-10-08T00:07:37.639+0000][621.637s][info][gc,heap        ] GC(332) DefNew: 23290K(24896K)->1088K(24896K) Eden: 22144K(22144K)->0K(22144K) From: 1146K(2752K)->1088K(2752K)
[2026-10-08T00:07:37.639+0000][621.637s][info][gc,heap        ] GC(332) Tenured: 34093K(54960K)->34146K(54960K)
[2026-10-08T00:07:37.640+0000][621.637s][info][gc,metaspace   ] GC(332) Metaspace: 74087K(74880K)->74087K(74880K) NonClass: 64780K(65216K)->64780K(65216K) Class: 9307K(9664K)->9307K(9664K)
[2026-10-08T00:07:37.640+0000][621.637s][info][gc             ] GC(332) Pause Young (Allocation Failure) 56M->34M(77M) 9.886ms
[2026-10-08T00:07:37.640+0000][621.637s][info][gc,cpu         ] GC(332) User=0.01s Sys=0.00s Real=0.01s
[2026-10-08T00:07:40.379+0000][624.377s][info][gc,start       ] GC(333) Pause Young (Allocation Failure)
[2026-10-08T00:07:40.388+0000][624.385s][info][gc,heap        ] GC(333) DefNew: 23232K(24896K)->1151K(24896K) Eden: 22144K(22144K)->0K(22144K) From: 1088K(2752K)->1151K(2752K)
[2026-10-08T00:07:40.388+0000][624.385s][info][gc,heap        ] GC(333) Tenured: 34146K(54960K)->34188K(54960K)
[2026-10-08T00:07:40.388+0000][624.385s][info][gc,metaspace   ] GC(333) Metaspace: 74087K(74880K)->74087K(74880K) NonClass: 64780K(65216K)->64780K(65216K) Class: 9307K(9664K)->9307K(9664K)
[2026-10-08T00:07:40.388+0000][624.386s][info][gc             ] GC(333) Pause Young (Allocation Failure) 56M->34M(77M) 8.917ms
[2026-10-08T00:07:40.388+0000][624.386s][info][gc,cpu         ] GC(333) User=0.00s Sys=0.00s Real=0.01s
[2026-10-08T00:07:43.173+0000][627.170s][info][gc,start       ] GC(334) Pause Young (Allocation Failure)
[2026-10-08T00:07:43.180+0000][627.177s][info][gc,heap        ] GC(334) DefNew: 23295K(24896K)->1134K(24896K) Eden: 22144K(22144K)->0K(22144K) From: 1151K(2752K)->1134K(2752K)
[2026-10-08T00:07:43.180+0000][627.178s][info][gc,heap        ] GC(334) Tenured: 34188K(54960K)->34234K(54960K)
[2026-10-08T00:07:43.180+0000][627.178s][info][gc,metaspace   ] GC(334) Metaspace: 74087K(74880K)->74087K(74880K) NonClass: 64780K(65216K)->64780K(65216K) Class: 9307K(9664K)->9307K(9664K)
[2026-10-08T00:07:43.180+0000][627.178s][info][gc             ] GC(334) Pause Young (Allocation Failure) 56M->34M(77M) 7.661ms
[2026-10-08T00:07:43.181+0000][627.178s][info][gc,cpu         ] GC(334) User=0.00s Sys=0.00s Real=0.01s
[2026-10-08T00:07:45.935+0000][629.933s][info][gc,start       ] GC(335) Pause Young (Allocation Failure)
[2026-10-08T00:07:45.943+0000][629.941s][info][gc,heap        ] GC(335) DefNew: 23278K(24896K)->1170K(24896K) Eden: 22144K(22144K)->0K(22144K) From: 1134K(2752K)->1170K(2752K)
[2026-10-08T00:07:45.943+0000][629.941s][info][gc,heap        ] GC(335) Tenured: 34234K(54960K)->34290K(54960K)
[2026-10-08T00:07:45.943+0000][629.941s][info][gc,metaspace   ] GC(335) Metaspace: 74089K(74880K)->74089K(74880K) NonClass: 64782K(65216K)->64782K(65216K) Class: 9307K(9664K)->9307K(9664K)
[2026-10-08T00:07:45.944+0000][629.941s][info][gc             ] GC(335) Pause Young (Allocation Failure) 56M->34M(77M) 8.284ms
[2026-10-08T00:07:45.944+0000][629.942s][info][gc,cpu         ] GC(335) User=0.00s Sys=0.00s Real=0.01s
[2026-10-08T00:07:48.697+0000][632.694s][info][gc,start       ] GC(336) Pause Young (Allocation Failure)
[2026-10-08T00:07:48.704+0000][632.702s][info][gc,heap        ] GC(336) DefNew: 23314K(24896K)->1141K(24896K) Eden: 22144K(22144K)->0K(22144K) From: 1170K(2752K)->1141K(2752K)
[2026-10-08T00:07:48.705+0000][632.702s][info][gc,heap        ] GC(336) Tenured: 34290K(54960K)->34349K(54960K)
[2026-10-08T00:07:48.705+0000][632.702s][info][gc,metaspace   ] GC(336) Metaspace: 74089K(74880K)->74089K(74880K) NonClass: 64782K(65216K)->64782K(65216K) Class: 9307K(9664K)->9307K(9664K)
[2026-10-08T00:07:48.705+0000][632.702s][info][gc             ] GC(336) Pause Young (Allocation Failure) 56M->34M(77M) 7.723ms
[2026-10-08T00:07:48.705+0000][632.702s][info][gc,cpu         ] GC(336) User=0.01s Sys=0.00s Real=0.01s
[2026-10-08T00:07:51.433+0000][635.430s][info][gc,start       ] GC(337) Pause Young (Allocation Failure)
[2026-10-08T00:07:51.445+0000][635.443s][info][gc,heap        ] GC(337) DefNew: 23285K(24896K)->1152K(24896K) Eden: 22143K(22144K)->0K(22144K) From: 1141K(2752K)->1152K(2752K)
[2026-10-08T00:07:51.445+0000][635.443s][info][gc,heap        ] GC(337) Tenured: 34349K(54960K)->34397K(54960K)
[2026-10-08T00:07:51.445+0000][635.443s][info][gc,metaspace   ] GC(337) Metaspace: 74089K(74880K)->74089K(74880K) NonClass: 64782K(65216K)->64782K(65216K) Class: 9307K(9664K)->9307K(9664K)
[2026-10-08T00:07:51.446+0000][635.443s][info][gc             ] GC(337) Pause Young (Allocation Failure) 56M->34M(77M) 13.030ms
[2026-10-08T00:07:51.446+0000][635.443s][info][gc,cpu         ] GC(337) User=0.01s Sys=0.00s Real=0.02s
[2026-10-08T00:07:54.155+0000][638.153s][info][gc,start       ] GC(338) Pause Young (Allocation Failure)
[2026-10-08T00:07:54.164+0000][638.161s][info][gc,heap        ] GC(338) DefNew: 23296K(24896K)->1127K(24896K) Eden: 22144K(22144K)->0K(22144K) From: 1152K(2752K)->1127K(2752K)
[2026-10-08T00:07:54.164+0000][638.161s][info][gc,heap        ] GC(338) Tenured: 34397K(54960K)->34462K(54960K)
[2026-10-08T00:07:54.164+0000][638.161s][info][gc,metaspace   ] GC(338) Metaspace: 74090K(74880K)->74090K(74880K) NonClass: 64783K(65216K)->64783K(65216K) Class: 9307K(9664K)->9307K(9664K)
[2026-10-08T00:07:54.164+0000][638.161s][info][gc             ] GC(338) Pause Young (Allocation Failure) 56M->34M(77M) 8.620ms
[2026-10-08T00:07:54.164+0000][638.161s][info][gc,cpu         ] GC(338) User=0.01s Sys=0.00s Real=0.01s
[2026-10-08T00:07:56.938+0000][640.936s][info][gc,start       ] GC(339) Pause Young (Allocation Failure)
[2026-10-08T00:07:56.947+0000][640.944s][info][gc,heap        ] GC(339) DefNew: 23271K(24896K)->1080K(24896K) Eden: 22144K(22144K)->0K(22144K) From: 1127K(2752K)->1080K(2752K)
[2026-10-08T00:07:56.947+0000][640.944s][info][gc,heap        ] GC(339) Tenured: 34462K(54960K)->34513K(54960K)
[2026-10-08T00:07:56.947+0000][640.944s][info][gc,metaspace   ] GC(339) Metaspace: 74090K(74880K)->74090K(74880K) NonClass: 64783K(65216K)->64783K(65216K) Class: 9307K(9664K)->9307K(9664K)
[2026-10-08T00:07:56.947+0000][640.944s][info][gc             ] GC(339) Pause Young (Allocation Failure) 56M->34M(77M) 8.603ms
[2026-10-08T00:07:56.947+0000][640.944s][info][gc,cpu         ] GC(339) User=0.00s Sys=0.00s Real=0.01s
[2026-10-08T00:07:59.620+0000][643.618s][info][gc,start       ] GC(340) Pause Young (Allocation Failure)
[2026-10-08T00:07:59.628+0000][643.626s][info][gc,heap        ] GC(340) DefNew: 23224K(24896K)->1130K(24896K) Eden: 22144K(22144K)->0K(22144K) From: 1080K(2752K)->1130K(2752K)
[2026-10-08T00:07:59.628+0000][643.626s][info][gc,heap        ] GC(340) Tenured: 34513K(54960K)->34556K(54960K)
[2026-10-08T00:07:59.628+0000][643.626s][info][gc,metaspace   ] GC(340) Metaspace: 74155K(74944K)->74155K(74944K) NonClass: 64834K(65280K)->64834K(65280K) Class: 9320K(9664K)->9320K(9664K)
[2026-10-08T00:07:59.629+0000][643.626s][info][gc             ] GC(340) Pause Young (Allocation Failure) 56M->34M(77M) 8.323ms
[2026-10-08T00:07:59.629+0000][643.626s][info][gc,cpu         ] GC(340) User=0.00s Sys=0.00s Real=0.01s
[2026-10-08T00:08:02.411+0000][646.408s][info][gc,start       ] GC(341) Pause Young (Allocation Failure)
[2026-10-08T00:08:02.422+0000][646.419s][info][gc,heap        ] GC(341) DefNew: 23274K(24896K)->1061K(24896K) Eden: 22144K(22144K)->0K(22144K) From: 1130K(2752K)->1061K(2752K)
[2026-10-08T00:08:02.422+0000][646.420s][info][gc,heap        ] GC(341) Tenured: 34556K(54960K)->34632K(54960K)
[2026-10-08T00:08:02.422+0000][646.420s][info][gc,metaspace   ] GC(341) Metaspace: 74155K(74944K)->74155K(74944K) NonClass: 64834K(65280K)->64834K(65280K) Class: 9320K(9664K)->9320K(9664K)
[2026-10-08T00:08:02.422+0000][646.420s][info][gc             ] GC(341) Pause Young (Allocation Failure) 56M->34M(77M) 11.866ms
[2026-10-08T00:08:02.423+0000][646.420s][info][gc,cpu         ] GC(341) User=0.00s Sys=0.00s Real=0.01s
[2026-10-08T00:08:05.092+0000][649.090s][info][gc,start       ] GC(342) Pause Young (Allocation Failure)
[2026-10-08T00:08:05.111+0000][649.108s][info][gc,heap        ] GC(342) DefNew: 23205K(24896K)->1104K(24896K) Eden: 22144K(22144K)->0K(22144K) From: 1061K(2752K)->1104K(2752K)
[2026-10-08T00:08:05.111+0000][649.109s][info][gc,heap        ] GC(342) Tenured: 34632K(54960K)->34684K(54960K)
[2026-10-08T00:08:05.111+0000][649.109s][info][gc,metaspace   ] GC(342) Metaspace: 74164K(74944K)->74164K(74944K) NonClass: 64843K(65280K)->64843K(65280K) Class: 9320K(9664K)->9320K(9664K)
[2026-10-08T00:08:05.111+0000][649.109s][info][gc             ] GC(342) Pause Young (Allocation Failure) 56M->34M(77M) 19.171ms
[2026-10-08T00:08:05.111+0000][649.109s][info][gc,cpu         ] GC(342) User=0.01s Sys=0.00s Real=0.02s
[2026-10-08T00:08:07.872+0000][651.869s][info][gc,start       ] GC(343) Pause Young (Allocation Failure)
[2026-10-08T00:08:07.881+0000][651.878s][info][gc,heap        ] GC(343) DefNew: 23248K(24896K)->1054K(24896K) Eden: 22144K(22144K)->0K(22144K) From: 1104K(2752K)->1054K(2752K)
[2026-10-08T00:08:07.881+0000][651.879s][info][gc,heap        ] GC(343) Tenured: 34684K(54960K)->34746K(54960K)
[2026-10-08T00:08:07.881+0000][651.879s][info][gc,metaspace   ] GC(343) Metaspace: 74165K(74944K)->74165K(74944K) NonClass: 64844K(65280K)->64844K(65280K) Class: 9320K(9664K)->9320K(9664K)
[2026-10-08T00:08:07.881+0000][651.879s][info][gc             ] GC(343) Pause Young (Allocation Failure) 56M->34M(77M) 9.514ms
[2026-10-08T00:08:07.881+0000][651.879s][info][gc,cpu         ] GC(343) User=0.00s Sys=0.00s Real=0.01s
[2026-10-08T00:08:10.642+0000][654.639s][info][gc,start       ] GC(344) Pause Young (Allocation Failure)
[2026-10-08T00:08:10.649+0000][654.646s][info][gc,heap        ] GC(344) DefNew: 23198K(24896K)->1104K(24896K) Eden: 22143K(22144K)->0K(22144K) From: 1054K(2752K)->1104K(2752K)
[2026-10-08T00:08:10.649+0000][654.646s][info][gc,heap        ] GC(344) Tenured: 34746K(54960K)->34798K(54960K)
[2026-10-08T00:08:10.649+0000][654.646s][info][gc,metaspace   ] GC(344) Metaspace: 74165K(74944K)->74165K(74944K) NonClass: 64844K(65280K)->64844K(65280K) Class: 9320K(9664K)->9320K(9664K)
[2026-10-08T00:08:10.651+0000][654.648s][info][gc             ] GC(344) Pause Young (Allocation Failure) 56M->35M(77M) 8.820ms
[2026-10-08T00:08:10.651+0000][654.648s][info][gc,cpu         ] GC(344) User=0.01s Sys=0.00s Real=0.01s
[2026-10-08T00:08:13.382+0000][657.380s][info][gc,start       ] GC(345) Pause Young (Allocation Failure)
[2026-10-08T00:08:13.398+0000][657.396s][info][gc,heap        ] GC(345) DefNew: 23248K(24896K)->1071K(24896K) Eden: 22144K(22144K)->0K(22144K) From: 1104K(2752K)->1071K(2752K)
[2026-10-08T00:08:13.399+0000][657.397s][info][gc,heap        ] GC(345) Tenured: 34798K(54960K)->34849K(54960K)
[2026-10-08T00:08:13.399+0000][657.397s][info][gc,metaspace   ] GC(345) Metaspace: 74165K(74944K)->74165K(74944K) NonClass: 64844K(65280K)->64844K(65280K) Class: 9320K(9664K)->9320K(9664K)
[2026-10-08T00:08:13.400+0000][657.397s][info][gc             ] GC(345) Pause Young (Allocation Failure) 56M->35M(77M) 17.797ms
[2026-10-08T00:08:13.400+0000][657.397s][info][gc,cpu         ] GC(345) User=0.01s Sys=0.00s Real=0.02s
[2026-10-08T00:08:16.170+0000][660.167s][info][gc,start       ] GC(346) Pause Young (Allocation Failure)
[2026-10-08T00:08:16.177+0000][660.174s][info][gc,heap        ] GC(346) DefNew: 23215K(24896K)->1123K(24896K) Eden: 22144K(22144K)->0K(22144K) From: 1071K(2752K)->1123K(2752K)
[2026-10-08T00:08:16.177+0000][660.174s][info][gc,heap        ] GC(346) Tenured: 34849K(54960K)->34902K(54960K)
[2026-10-08T00:08:16.177+0000][660.174s][info][gc,metaspace   ] GC(346) Metaspace: 74165K(74944K)->74165K(74944K) NonClass: 64844K(65280K)->64844K(65280K) Class: 9320K(9664K)->9320K(9664K)
[2026-10-08T00:08:16.177+0000][660.174s][info][gc             ] GC(346) Pause Young (Allocation Failure) 56M->35M(77M) 7.306ms
[2026-10-08T00:08:16.177+0000][660.174s][info][gc,cpu         ] GC(346) User=0.00s Sys=0.00s Real=0.01s
[2026-10-08T00:08:18.946+0000][662.943s][info][gc,start       ] GC(347) Pause Young (Allocation Failure)
[2026-10-08T00:08:18.955+0000][662.952s][info][gc,heap        ] GC(347) DefNew: 23267K(24896K)->1076K(24896K) Eden: 22144K(22144K)->0K(22144K) From: 1123K(2752K)->1076K(2752K)
[2026-10-08T00:08:18.955+0000][662.952s][info][gc,heap        ] GC(347) Tenured: 34902K(54960K)->34962K(54960K)
[2026-10-08T00:08:18.955+0000][662.952s][info][gc,metaspace   ] GC(347) Metaspace: 74165K(74944K)->74165K(74944K) NonClass: 64844K(65280K)->64844K(65280K) Class: 9320K(9664K)->9320K(9664K)
[2026-10-08T00:08:18.955+0000][662.953s][info][gc             ] GC(347) Pause Young (Allocation Failure) 56M->35M(77M) 9.342ms
[2026-10-08T00:08:18.955+0000][662.953s][info][gc,cpu         ] GC(347) User=0.00s Sys=0.00s Real=0.01s
[2026-10-08T00:08:21.595+0000][665.592s][info][gc,start       ] GC(348) Pause Young (Allocation Failure)
[2026-10-08T00:08:21.603+0000][665.601s][info][gc,heap        ] GC(348) DefNew: 23220K(24896K)->1053K(24896K) Eden: 22144K(22144K)->0K(22144K) From: 1076K(2752K)->1053K(2752K)
[2026-10-08T00:08:21.603+0000][665.601s][info][gc,heap        ] GC(348) Tenured: 34962K(54960K)->35005K(54960K)
[2026-10-08T00:08:21.603+0000][665.601s][info][gc,metaspace   ] GC(348) Metaspace: 74170K(74944K)->74170K(74944K) NonClass: 64849K(65280K)->64849K(65280K) Class: 9320K(9664K)->9320K(9664K)
[2026-10-08T00:08:21.603+0000][665.601s][info][gc             ] GC(348) Pause Young (Allocation Failure) 56M->35M(77M) 8.685ms
[2026-10-08T00:08:21.603+0000][665.601s][info][gc,cpu         ] GC(348) User=0.01s Sys=0.00s Real=0.00s
[2026-10-08T00:08:24.338+0000][668.335s][info][gc,start       ] GC(349) Pause Young (Allocation Failure)
[2026-10-08T00:08:24.347+0000][668.344s][info][gc,heap        ] GC(349) DefNew: 23197K(24896K)->1098K(24896K) Eden: 22144K(22144K)->0K(22144K) From: 1053K(2752K)->1098K(2752K)
[2026-10-08T00:08:24.347+0000][668.344s][info][gc,heap        ] GC(349) Tenured: 35005K(54960K)->35065K(54960K)
[2026-10-08T00:08:24.347+0000][668.344s][info][gc,metaspace   ] GC(349) Metaspace: 74170K(74944K)->74170K(74944K) NonClass: 64849K(65280K)->64849K(65280K) Class: 9320K(9664K)->9320K(9664K)
[2026-10-08T00:08:24.347+0000][668.344s][info][gc             ] GC(349) Pause Young (Allocation Failure) 56M->35M(77M) 8.836ms
[2026-10-08T00:08:24.347+0000][668.344s][info][gc,cpu         ] GC(349) User=0.01s Sys=0.00s Real=0.01s
[2026-10-08T00:08:27.133+0000][671.130s][info][gc,start       ] GC(350) Pause Young (Allocation Failure)
[2026-10-08T00:08:27.143+0000][671.140s][info][gc,heap        ] GC(350) DefNew: 23242K(24896K)->1075K(24896K) Eden: 22144K(22144K)->0K(22144K) From: 1098K(2752K)->1075K(2752K)
[2026-10-08T00:08:27.143+0000][671.140s][info][gc,heap        ] GC(350) Tenured: 35065K(54960K)->35106K(54960K)
[2026-10-08T00:08:27.143+0000][671.140s][info][gc,metaspace   ] GC(350) Metaspace: 74170K(74944K)->74170K(74944K) NonClass: 64849K(65280K)->64849K(65280K) Class: 9320K(9664K)->9320K(9664K)
[2026-10-08T00:08:27.143+0000][671.140s][info][gc             ] GC(350) Pause Young (Allocation Failure) 56M->35M(77M) 9.606ms
[2026-10-08T00:08:27.143+0000][671.140s][info][gc,cpu         ] GC(350) User=0.01s Sys=0.00s Real=0.01s
[2026-10-08T00:08:29.900+0000][673.897s][info][gc,start       ] GC(351) Pause Young (Allocation Failure)
[2026-10-08T00:08:29.955+0000][673.952s][info][gc,heap        ] GC(351) DefNew: 23219K(24896K)->1156K(24896K) Eden: 22144K(22144K)->0K(22144K) From: 1075K(2752K)->1156K(2752K)
[2026-10-08T00:08:29.955+0000][673.952s][info][gc,heap        ] GC(351) Tenured: 35106K(54960K)->35154K(54960K)
[2026-10-08T00:08:29.955+0000][673.952s][info][gc,metaspace   ] GC(351) Metaspace: 74170K(74944K)->74170K(74944K) NonClass: 64849K(65280K)->64849K(65280K) Class: 9320K(9664K)->9320K(9664K)
[2026-10-08T00:08:29.955+0000][673.952s][info][gc             ] GC(351) Pause Young (Allocation Failure) 56M->35M(77M) 54.997ms
[2026-10-08T00:08:29.955+0000][673.952s][info][gc,cpu         ] GC(351) User=0.02s Sys=0.01s Real=0.06s
[2026-10-08T00:08:32.668+0000][676.665s][info][gc,start       ] GC(352) Pause Young (Allocation Failure)
[2026-10-08T00:08:32.677+0000][676.674s][info][gc,heap        ] GC(352) DefNew: 23300K(24896K)->1134K(24896K) Eden: 22144K(22144K)->0K(22144K) From: 1156K(2752K)->1134K(2752K)
[2026-10-08T00:08:32.677+0000][676.674s][info][gc,heap        ] GC(352) Tenured: 35154K(54960K)->35204K(54960K)
[2026-10-08T00:08:32.677+0000][676.674s][info][gc,metaspace   ] GC(352) Metaspace: 74170K(74944K)->74170K(74944K) NonClass: 64849K(65280K)->64849K(65280K) Class: 9320K(9664K)->9320K(9664K)
[2026-10-08T00:08:32.677+0000][676.674s][info][gc             ] GC(352) Pause Young (Allocation Failure) 57M->35M(77M) 8.590ms
[2026-10-08T00:08:32.677+0000][676.674s][info][gc,cpu         ] GC(352) User=0.01s Sys=0.00s Real=0.01s
[2026-10-08T00:08:35.333+0000][679.330s][info][gc,start       ] GC(353) Pause Young (Allocation Failure)
[2026-10-08T00:08:35.342+0000][679.339s][info][gc,heap        ] GC(353) DefNew: 23278K(24896K)->1215K(24896K) Eden: 22144K(22144K)->0K(22144K) From: 1134K(2752K)->1215K(2752K)
[2026-10-08T00:08:35.342+0000][679.339s][info][gc,heap        ] GC(353) Tenured: 35204K(54960K)->35247K(54960K)
[2026-10-08T00:08:35.342+0000][679.339s][info][gc,metaspace   ] GC(353) Metaspace: 74174K(74944K)->74174K(74944K) NonClass: 64853K(65280K)->64853K(65280K) Class: 9320K(9664K)->9320K(9664K)
[2026-10-08T00:08:35.342+0000][679.339s][info][gc             ] GC(353) Pause Young (Allocation Failure) 57M->35M(77M) 9.114ms
[2026-10-08T00:08:35.342+0000][679.340s][info][gc,cpu         ] GC(353) User=0.01s Sys=0.00s Real=0.01s
[2026-10-08T00:08:38.123+0000][682.121s][info][gc,start       ] GC(354) Pause Young (Allocation Failure)
[2026-10-08T00:08:38.135+0000][682.132s][info][gc,heap        ] GC(354) DefNew: 23359K(24896K)->1181K(24896K) Eden: 22144K(22144K)->0K(22144K) From: 1215K(2752K)->1181K(2752K)
[2026-10-08T00:08:38.135+0000][682.132s][info][gc,heap        ] GC(354) Tenured: 35247K(54960K)->35298K(54960K)
[2026-10-08T00:08:38.135+0000][682.132s][info][gc,metaspace   ] GC(354) Metaspace: 74175K(74944K)->74175K(74944K) NonClass: 64855K(65280K)->64855K(65280K) Class: 9320K(9664K)->9320K(9664K)
[2026-10-08T00:08:38.135+0000][682.132s][info][gc             ] GC(354) Pause Young (Allocation Failure) 57M->35M(77M) 11.529ms
[2026-10-08T00:08:38.135+0000][682.132s][info][gc,cpu         ] GC(354) User=0.01s Sys=0.00s Real=0.02s
[2026-10-08T00:08:40.880+0000][684.877s][info][gc,start       ] GC(355) Pause Young (Allocation Failure)
[2026-10-08T00:08:40.890+0000][684.887s][info][gc,heap        ] GC(355) DefNew: 23325K(24896K)->1247K(24896K) Eden: 22144K(22144K)->0K(22144K) From: 1181K(2752K)->1247K(2752K)
[2026-10-08T00:08:40.890+0000][684.888s][info][gc,heap        ] GC(355) Tenured: 35298K(54960K)->35353K(54960K)
[2026-10-08T00:08:40.890+0000][684.888s][info][gc,metaspace   ] GC(355) Metaspace: 74175K(74944K)->74175K(74944K) NonClass: 64855K(65280K)->64855K(65280K) Class: 9320K(9664K)->9320K(9664K)
[2026-10-08T00:08:40.890+0000][684.888s][info][gc             ] GC(355) Pause Young (Allocation Failure) 57M->35M(77M) 10.556ms
[2026-10-08T00:08:40.890+0000][684.888s][info][gc,cpu         ] GC(355) User=0.01s Sys=0.00s Real=0.01s
[2026-10-08T00:08:43.664+0000][687.661s][info][gc,start       ] GC(356) Pause Young (Allocation Failure)
[2026-10-08T00:08:43.675+0000][687.673s][info][gc,heap        ] GC(356) DefNew: 23391K(24896K)->1211K(24896K) Eden: 22144K(22144K)->0K(22144K) From: 1247K(2752K)->1211K(2752K)
[2026-10-08T00:08:43.676+0000][687.673s][info][gc,heap        ] GC(356) Tenured: 35353K(54960K)->35400K(54960K)
[2026-10-08T00:08:43.676+0000][687.673s][info][gc,metaspace   ] GC(356) Metaspace: 74175K(74944K)->74175K(74944K) NonClass: 64855K(65280K)->64855K(65280K) Class: 9320K(9664K)->9320K(9664K)
[2026-10-08T00:08:43.676+0000][687.673s][info][gc             ] GC(356) Pause Young (Allocation Failure) 57M->35M(77M) 11.513ms
[2026-10-08T00:08:43.676+0000][687.673s][info][gc,cpu         ] GC(356) User=0.01s Sys=0.00s Real=0.01s
[2026-10-08T00:08:46.438+0000][690.435s][info][gc,start       ] GC(357) Pause Young (Allocation Failure)
[2026-10-08T00:08:46.447+0000][690.445s][info][gc,heap        ] GC(357) DefNew: 23355K(24896K)->1294K(24896K) Eden: 22144K(22144K)->0K(22144K) From: 1211K(2752K)->1294K(2752K)
[2026-10-08T00:08:46.447+0000][690.445s][info][gc,heap        ] GC(357) Tenured: 35400K(54960K)->35445K(54960K)
[2026-10-08T00:08:46.447+0000][690.445s][info][gc,metaspace   ] GC(357) Metaspace: 74182K(74944K)->74182K(74944K) NonClass: 64861K(65280K)->64861K(65280K) Class: 9320K(9664K)->9320K(9664K)
[2026-10-08T00:08:46.448+0000][690.445s][info][gc             ] GC(357) Pause Young (Allocation Failure) 57M->35M(77M) 9.886ms
[2026-10-08T00:08:46.448+0000][690.445s][info][gc,cpu         ] GC(357) User=0.01s Sys=0.00s Real=0.01s
[2026-10-08T00:08:49.116+0000][693.113s][info][gc,start       ] GC(358) Pause Young (Allocation Failure)
[2026-10-08T00:08:49.124+0000][693.122s][info][gc,heap        ] GC(358) DefNew: 23438K(24896K)->1257K(24896K) Eden: 22144K(22144K)->0K(22144K) From: 1294K(2752K)->1257K(2752K)
[2026-10-08T00:08:49.124+0000][693.122s][info][gc,heap        ] GC(358) Tenured: 35445K(54960K)->35498K(54960K)
[2026-10-08T00:08:49.124+0000][693.122s][info][gc,metaspace   ] GC(358) Metaspace: 74183K(74944K)->74183K(74944K) NonClass: 64862K(65280K)->64862K(65280K) Class: 9320K(9664K)->9320K(9664K)
[2026-10-08T00:08:49.125+0000][693.122s][info][gc             ] GC(358) Pause Young (Allocation Failure) 57M->35M(77M) 9.210ms
[2026-10-08T00:08:49.125+0000][693.122s][info][gc,cpu         ] GC(358) User=0.01s Sys=0.00s Real=0.01s
[2026-10-08T00:08:51.836+0000][695.833s][info][gc,start       ] GC(359) Pause Young (Allocation Failure)
[2026-10-08T00:08:51.850+0000][695.847s][info][gc,heap        ] GC(359) DefNew: 23401K(24896K)->1298K(24896K) Eden: 22144K(22144K)->0K(22144K) From: 1257K(2752K)->1298K(2752K)
[2026-10-08T00:08:51.850+0000][695.847s][info][gc,heap        ] GC(359) Tenured: 35498K(54960K)->35543K(54960K)
[2026-10-08T00:08:51.850+0000][695.847s][info][gc,metaspace   ] GC(359) Metaspace: 74183K(74944K)->74183K(74944K) NonClass: 64862K(65280K)->64862K(65280K) Class: 9320K(9664K)->9320K(9664K)
[2026-10-08T00:08:51.850+0000][695.847s][info][gc             ] GC(359) Pause Young (Allocation Failure) 57M->35M(77M) 13.983ms
[2026-10-08T00:08:51.850+0000][695.847s][info][gc,cpu         ] GC(359) User=0.00s Sys=0.00s Real=0.01s
[2026-10-08T00:08:54.583+0000][698.581s][info][gc,start       ] GC(360) Pause Young (Allocation Failure)
[2026-10-08T00:08:54.594+0000][698.591s][info][gc,heap        ] GC(360) DefNew: 23442K(24896K)->1396K(24896K) Eden: 22144K(22144K)->0K(22144K) From: 1298K(2752K)->1396K(2752K)
[2026-10-08T00:08:54.594+0000][698.591s][info][gc,heap        ] GC(360) Tenured: 35543K(54960K)->35600K(54960K)
[2026-10-08T00:08:54.594+0000][698.591s][info][gc,metaspace   ] GC(360) Metaspace: 74183K(74944K)->74183K(74944K) NonClass: 64862K(65280K)->64862K(65280K) Class: 9320K(9664K)->9320K(9664K)
[2026-10-08T00:08:54.594+0000][698.592s][info][gc             ] GC(360) Pause Young (Allocation Failure) 57M->36M(77M) 10.888ms
[2026-10-08T00:08:54.594+0000][698.592s][info][gc,cpu         ] GC(360) User=0.01s Sys=0.00s Real=0.02s
[2026-10-08T00:08:57.370+0000][701.367s][info][gc,start       ] GC(361) Pause Young (Allocation Failure)
[2026-10-08T00:08:57.381+0000][701.378s][info][gc,heap        ] GC(361) DefNew: 23540K(24896K)->1439K(24896K) Eden: 22144K(22144K)->0K(22144K) From: 1396K(2752K)->1439K(2752K)
[2026-10-08T00:08:57.381+0000][701.378s][info][gc,heap        ] GC(361) Tenured: 35600K(54960K)->35642K(54960K)
[2026-10-08T00:08:57.381+0000][701.378s][info][gc,metaspace   ] GC(361) Metaspace: 74183K(74944K)->74183K(74944K) NonClass: 64862K(65280K)->64862K(65280K) Class: 9320K(9664K)->9320K(9664K)
[2026-10-08T00:08:57.381+0000][701.378s][info][gc             ] GC(361) Pause Young (Allocation Failure) 57M->36M(77M) 11.237ms
[2026-10-08T00:08:57.381+0000][701.378s][info][gc,cpu         ] GC(361) User=0.01s Sys=0.00s Real=0.01s
[2026-10-08T00:09:00.089+0000][704.086s][info][gc,start       ] GC(362) Pause Young (Allocation Failure)
[2026-10-08T00:09:00.099+0000][704.096s][info][gc,heap        ] GC(362) DefNew: 23583K(24896K)->1442K(24896K) Eden: 22144K(22144K)->0K(22144K) From: 1439K(2752K)->1442K(2752K)
[2026-10-08T00:09:00.099+0000][704.096s][info][gc,heap        ] GC(362) Tenured: 35642K(54960K)->35761K(54960K)
[2026-10-08T00:09:00.099+0000][704.096s][info][gc,metaspace   ] GC(362) Metaspace: 74183K(74944K)->74183K(74944K) NonClass: 64862K(65280K)->64862K(65280K) Class: 9320K(9664K)->9320K(9664K)
[2026-10-08T00:09:00.099+0000][704.096s][info][gc             ] GC(362) Pause Young (Allocation Failure) 57M->36M(77M) 10.536ms
[2026-10-08T00:09:00.099+0000][704.097s][info][gc,cpu         ] GC(362) User=0.01s Sys=0.00s Real=0.01s
[2026-10-08T00:09:02.869+0000][706.866s][info][gc,start       ] GC(363) Pause Young (Allocation Failure)
[2026-10-08T00:09:02.885+0000][706.882s][info][gc,heap        ] GC(363) DefNew: 23586K(24896K)->1349K(24896K) Eden: 22144K(22144K)->0K(22144K) From: 1442K(2752K)->1349K(2752K)
[2026-10-08T00:09:02.885+0000][706.882s][info][gc,heap        ] GC(363) Tenured: 35761K(54960K)->35855K(54960K)
[2026-10-08T00:09:02.885+0000][706.882s][info][gc,metaspace   ] GC(363) Metaspace: 74187K(74944K)->74187K(74944K) NonClass: 64867K(65280K)->64867K(65280K) Class: 9320K(9664K)->9320K(9664K)
[2026-10-08T00:09:02.885+0000][706.883s][info][gc             ] GC(363) Pause Young (Allocation Failure) 57M->36M(77M) 16.114ms
[2026-10-08T00:09:02.885+0000][706.883s][info][gc,cpu         ] GC(363) User=0.01s Sys=0.00s Real=0.02s
[2026-10-08T00:09:05.535+0000][709.533s][info][gc,start       ] GC(364) Pause Young (Allocation Failure)
[2026-10-08T00:09:05.546+0000][709.543s][info][gc,heap        ] GC(364) DefNew: 23493K(24896K)->1465K(24896K) Eden: 22144K(22144K)->0K(22144K) From: 1349K(2752K)->1465K(2752K)
[2026-10-08T00:09:05.546+0000][709.543s][info][gc,heap        ] GC(364) Tenured: 35855K(54960K)->35855K(54960K)
[2026-10-08T00:09:05.546+0000][709.543s][info][gc,metaspace   ] GC(364) Metaspace: 74187K(74944K)->74187K(74944K) NonClass: 64867K(65280K)->64867K(65280K) Class: 9320K(9664K)->9320K(9664K)
[2026-10-08T00:09:05.546+0000][709.544s][info][gc             ] GC(364) Pause Young (Allocation Failure) 57M->36M(77M) 10.979ms
[2026-10-08T00:09:05.547+0000][709.544s][info][gc,cpu         ] GC(364) User=0.01s Sys=0.00s Real=0.01s
[2026-10-08T00:09:08.312+0000][712.310s][info][gc,start       ] GC(365) Pause Young (Allocation Failure)
[2026-10-08T00:09:08.323+0000][712.320s][info][gc,heap        ] GC(365) DefNew: 23609K(24896K)->1371K(24896K) Eden: 22144K(22144K)->0K(22144K) From: 1465K(2752K)->1371K(2752K)
[2026-10-08T00:09:08.323+0000][712.320s][info][gc,heap        ] GC(365) Tenured: 35855K(54960K)->35980K(54960K)
[2026-10-08T00:09:08.323+0000][712.320s][info][gc,metaspace   ] GC(365) Metaspace: 74189K(74944K)->74189K(74944K) NonClass: 64868K(65280K)->64868K(65280K) Class: 9320K(9664K)->9320K(9664K)
[2026-10-08T00:09:08.323+0000][712.320s][info][gc             ] GC(365) Pause Young (Allocation Failure) 58M->36M(77M) 10.691ms
[2026-10-08T00:09:08.323+0000][712.320s][info][gc,cpu         ] GC(365) User=0.01s Sys=0.00s Real=0.01s
[2026-10-08T00:09:11.096+0000][715.094s][info][gc,start       ] GC(366) Pause Young (Allocation Failure)
[2026-10-08T00:09:11.106+0000][715.103s][info][gc,heap        ] GC(366) DefNew: 23515K(24896K)->1454K(24896K) Eden: 22144K(22144K)->0K(22144K) From: 1371K(2752K)->1454K(2752K)
[2026-10-08T00:09:11.106+0000][715.103s][info][gc,heap        ] GC(366) Tenured: 35980K(54960K)->35980K(54960K)
[2026-10-08T00:09:11.106+0000][715.103s][info][gc,metaspace   ] GC(366) Metaspace: 74189K(74944K)->74189K(74944K) NonClass: 64868K(65280K)->64868K(65280K) Class: 9320K(9664K)->9320K(9664K)
[2026-10-08T00:09:11.106+0000][715.103s][info][gc             ] GC(366) Pause Young (Allocation Failure) 58M->36M(77M) 9.589ms
[2026-10-08T00:09:11.108+0000][715.105s][info][gc,cpu         ] GC(366) User=0.01s Sys=0.00s Real=0.01s
[2026-10-08T00:09:13.869+0000][717.866s][info][gc,start       ] GC(367) Pause Young (Allocation Failure)
[2026-10-08T00:09:13.881+0000][717.878s][info][gc,heap        ] GC(367) DefNew: 23598K(24896K)->1384K(24896K) Eden: 22144K(22144K)->0K(22144K) From: 1454K(2752K)->1384K(2752K)
[2026-10-08T00:09:13.881+0000][717.878s][info][gc,heap        ] GC(367) Tenured: 35980K(54960K)->36118K(54960K)
[2026-10-08T00:09:13.881+0000][717.878s][info][gc,metaspace   ] GC(367) Metaspace: 74190K(74944K)->74190K(74944K) NonClass: 64869K(65280K)->64869K(65280K) Class: 9320K(9664K)->9320K(9664K)
[2026-10-08T00:09:13.881+0000][717.878s][info][gc             ] GC(367) Pause Young (Allocation Failure) 58M->36M(77M) 12.196ms
[2026-10-08T00:09:13.881+0000][717.878s][info][gc,cpu         ] GC(367) User=0.01s Sys=0.00s Real=0.01s
[2026-10-08T00:09:16.622+0000][720.619s][info][gc,start       ] GC(368) Pause Young (Allocation Failure)
[2026-10-08T00:09:16.630+0000][720.628s][info][gc,heap        ] GC(368) DefNew: 23528K(24896K)->1442K(24896K) Eden: 22144K(22144K)->0K(22144K) From: 1384K(2752K)->1442K(2752K)
[2026-10-08T00:09:16.630+0000][720.628s][info][gc,heap        ] GC(368) Tenured: 36118K(54960K)->36189K(54960K)
[2026-10-08T00:09:16.630+0000][720.628s][info][gc,metaspace   ] GC(368) Metaspace: 74190K(74944K)->74190K(74944K) NonClass: 64869K(65280K)->64869K(65280K) Class: 9320K(9664K)->9320K(9664K)
[2026-10-08T00:09:16.630+0000][720.628s][info][gc             ] GC(368) Pause Young (Allocation Failure) 58M->36M(77M) 8.691ms
[2026-10-08T00:09:16.630+0000][720.628s][info][gc,cpu         ] GC(368) User=0.00s Sys=0.00s Real=0.01s
[2026-10-08T00:09:19.326+0000][723.324s][info][gc,start       ] GC(369) Pause Young (Allocation Failure)
[2026-10-08T00:09:19.334+0000][723.332s][info][gc,heap        ] GC(369) DefNew: 23586K(24896K)->1302K(24896K) Eden: 22144K(22144K)->0K(22144K) From: 1442K(2752K)->1302K(2752K)
[2026-10-08T00:09:19.334+0000][723.332s][info][gc,heap        ] GC(369) Tenured: 36189K(54960K)->36346K(54960K)
[2026-10-08T00:09:19.334+0000][723.332s][info][gc,metaspace   ] GC(369) Metaspace: 74190K(74944K)->74190K(74944K) NonClass: 64869K(65280K)->64869K(65280K) Class: 9320K(9664K)->9320K(9664K)
[2026-10-08T00:09:19.334+0000][723.332s][info][gc             ] GC(369) Pause Young (Allocation Failure) 58M->36M(77M) 8.083ms
[2026-10-08T00:09:19.334+0000][723.332s][info][gc,cpu         ] GC(369) User=0.00s Sys=0.00s Real=0.01s
[2026-10-08T00:09:22.020+0000][726.017s][info][gc,start       ] GC(370) Pause Young (Allocation Failure)
[2026-10-08T00:09:22.028+0000][726.025s][info][gc,heap        ] GC(370) DefNew: 23446K(24896K)->1359K(24896K) Eden: 22144K(22144K)->0K(22144K) From: 1302K(2752K)->1359K(2752K)
[2026-10-08T00:09:22.028+0000][726.025s][info][gc,heap        ] GC(370) Tenured: 36346K(54960K)->36346K(54960K)
[2026-10-08T00:09:22.028+0000][726.025s][info][gc,metaspace   ] GC(370) Metaspace: 74193K(74944K)->74193K(74944K) NonClass: 64872K(65280K)->64872K(65280K) Class: 9320K(9664K)->9320K(9664K)
[2026-10-08T00:09:22.028+0000][726.026s][info][gc             ] GC(370) Pause Young (Allocation Failure) 58M->36M(77M) 8.533ms
[2026-10-08T00:09:22.028+0000][726.026s][info][gc,cpu         ] GC(370) User=0.01s Sys=0.00s Real=0.01s
[2026-10-08T00:09:24.798+0000][728.795s][info][gc,start       ] GC(371) Pause Young (Allocation Failure)
[2026-10-08T00:09:24.810+0000][728.808s][info][gc,heap        ] GC(371) DefNew: 23503K(24896K)->1408K(24896K) Eden: 22144K(22144K)->0K(22144K) From: 1359K(2752K)->1408K(2752K)
[2026-10-08T00:09:24.810+0000][728.808s][info][gc,heap        ] GC(371) Tenured: 36346K(54960K)->36346K(54960K)
[2026-10-08T00:09:24.810+0000][728.808s][info][gc,metaspace   ] GC(371) Metaspace: 74193K(74944K)->74193K(74944K) NonClass: 64872K(65280K)->64872K(65280K) Class: 9320K(9664K)->9320K(9664K)
[2026-10-08T00:09:24.811+0000][728.809s][info][gc             ] GC(371) Pause Young (Allocation Failure) 58M->36M(77M) 13.483ms
[2026-10-08T00:09:24.812+0000][728.809s][info][gc,cpu         ] GC(371) User=0.01s Sys=0.00s Real=0.01s
[2026-10-08T00:09:27.535+0000][731.533s][info][gc,start       ] GC(372) Pause Young (Allocation Failure)
[2026-10-08T00:09:27.549+0000][731.547s][info][gc,heap        ] GC(372) DefNew: 23552K(24896K)->1383K(24896K) Eden: 22144K(22144K)->0K(22144K) From: 1408K(2752K)->1383K(2752K)
[2026-10-08T00:09:27.549+0000][731.547s][info][gc,heap        ] GC(372) Tenured: 36346K(54960K)->36418K(54960K)
[2026-10-08T00:09:27.549+0000][731.547s][info][gc,metaspace   ] GC(372) Metaspace: 74195K(74944K)->74195K(74944K) NonClass: 64874K(65280K)->64874K(65280K) Class: 9320K(9664K)->9320K(9664K)
[2026-10-08T00:09:27.549+0000][731.547s][info][gc             ] GC(372) Pause Young (Allocation Failure) 58M->36M(77M) 14.157ms
[2026-10-08T00:09:27.550+0000][731.547s][info][gc,cpu         ] GC(372) User=0.01s Sys=0.00s Real=0.01s
[2026-10-08T00:09:30.297+0000][734.295s][info][gc,start       ] GC(373) Pause Young (Allocation Failure)
[2026-10-08T00:09:30.306+0000][734.303s][info][gc,heap        ] GC(373) DefNew: 23527K(24896K)->1346K(24896K) Eden: 22144K(22144K)->0K(22144K) From: 1383K(2752K)->1346K(2752K)
[2026-10-08T00:09:30.306+0000][734.303s][info][gc,heap        ] GC(373) Tenured: 36418K(54960K)->36566K(54960K)
[2026-10-08T00:09:30.306+0000][734.303s][info][gc,metaspace   ] GC(373) Metaspace: 74195K(74944K)->74195K(74944K) NonClass: 64874K(65280K)->64874K(65280K) Class: 9320K(9664K)->9320K(9664K)
[2026-10-08T00:09:30.306+0000][734.303s][info][gc             ] GC(373) Pause Young (Allocation Failure) 58M->37M(77M) 8.828ms
[2026-10-08T00:09:30.306+0000][734.303s][info][gc,cpu         ] GC(373) User=0.01s Sys=0.00s Real=0.01s
[2026-10-08T00:09:33.126+0000][737.124s][info][gc,start       ] GC(374) Pause Young (Allocation Failure)
[2026-10-08T00:09:33.134+0000][737.131s][info][gc,heap        ] GC(374) DefNew: 23490K(24896K)->1411K(24896K) Eden: 22144K(22144K)->0K(22144K) From: 1346K(2752K)->1411K(2752K)
[2026-10-08T00:09:33.134+0000][737.131s][info][gc,heap        ] GC(374) Tenured: 36566K(54960K)->36566K(54960K)
[2026-10-08T00:09:33.134+0000][737.131s][info][gc,metaspace   ] GC(374) Metaspace: 74195K(74944K)->74195K(74944K) NonClass: 64874K(65280K)->64874K(65280K) Class: 9320K(9664K)->9320K(9664K)
[2026-10-08T00:09:33.134+0000][737.132s][info][gc             ] GC(374) Pause Young (Allocation Failure) 58M->37M(77M) 7.959ms
[2026-10-08T00:09:33.134+0000][737.132s][info][gc,cpu         ] GC(374) User=0.01s Sys=0.00s Real=0.01s
[2026-10-08T00:09:35.798+0000][739.795s][info][gc,start       ] GC(375) Pause Young (Allocation Failure)
[2026-10-08T00:09:35.819+0000][739.816s][info][gc,heap        ] GC(375) DefNew: 23555K(24896K)->1404K(24896K) Eden: 22144K(22144K)->0K(22144K) From: 1411K(2752K)->1404K(2752K)
[2026-10-08T00:09:35.819+0000][739.816s][info][gc,heap        ] GC(375) Tenured: 36566K(54960K)->36634K(54960K)
[2026-10-08T00:09:35.819+0000][739.816s][info][gc,metaspace   ] GC(375) Metaspace: 74195K(74944K)->74195K(74944K) NonClass: 64874K(65280K)->64874K(65280K) Class: 9320K(9664K)->9320K(9664K)
[2026-10-08T00:09:35.819+0000][739.817s][info][gc             ] GC(375) Pause Young (Allocation Failure) 58M->37M(77M) 21.029ms
[2026-10-08T00:09:35.819+0000][739.817s][info][gc,cpu         ] GC(375) User=0.01s Sys=0.00s Real=0.02s
[2026-10-08T00:09:38.524+0000][742.521s][info][gc,start       ] GC(376) Pause Young (Allocation Failure)
[2026-10-08T00:09:38.533+0000][742.530s][info][gc,heap        ] GC(376) DefNew: 23548K(24896K)->1377K(24896K) Eden: 22144K(22144K)->0K(22144K) From: 1404K(2752K)->1377K(2752K)
[2026-10-08T00:09:38.533+0000][742.530s][info][gc,heap        ] GC(376) Tenured: 36634K(54960K)->36711K(54960K)
[2026-10-08T00:09:38.533+0000][742.530s][info][gc,metaspace   ] GC(376) Metaspace: 74195K(74944K)->74195K(74944K) NonClass: 64874K(65280K)->64874K(65280K) Class: 9320K(9664K)->9320K(9664K)
[2026-10-08T00:09:38.533+0000][742.530s][info][gc             ] GC(376) Pause Young (Allocation Failure) 58M->37M(77M) 9.125ms
[2026-10-08T00:09:38.533+0000][742.530s][info][gc,cpu         ] GC(376) User=0.00s Sys=0.00s Real=0.00s
[2026-10-08T00:09:41.349+0000][745.346s][info][gc,start       ] GC(377) Pause Young (Allocation Failure)
[2026-10-08T00:09:41.359+0000][745.356s][info][gc,heap        ] GC(377) DefNew: 23521K(24896K)->1408K(24896K) Eden: 22144K(22144K)->0K(22144K) From: 1377K(2752K)->1408K(2752K)
[2026-10-08T00:09:41.359+0000][745.356s][info][gc,heap        ] GC(377) Tenured: 36711K(54960K)->36791K(54960K)
[2026-10-08T00:09:41.359+0000][745.356s][info][gc,metaspace   ] GC(377) Metaspace: 74196K(74944K)->74196K(74944K) NonClass: 64875K(65280K)->64875K(65280K) Class: 9320K(9664K)->9320K(9664K)
[2026-10-08T00:09:41.359+0000][745.356s][info][gc             ] GC(377) Pause Young (Allocation Failure) 58M->37M(77M) 9.959ms
[2026-10-08T00:09:41.359+0000][745.356s][info][gc,cpu         ] GC(377) User=0.01s Sys=0.00s Real=0.01s
[2026-10-08T00:09:44.060+0000][748.057s][info][gc,start       ] GC(378) Pause Young (Allocation Failure)
[2026-10-08T00:09:44.086+0000][748.084s][info][gc,heap        ] GC(378) DefNew: 23547K(24896K)->1387K(24896K) Eden: 22138K(22144K)->0K(22144K) From: 1408K(2752K)->1387K(2752K)
[2026-10-08T00:09:44.087+0000][748.084s][info][gc,heap        ] GC(378) Tenured: 36791K(54960K)->36864K(54960K)
[2026-10-08T00:09:44.087+0000][748.084s][info][gc,metaspace   ] GC(378) Metaspace: 74197K(74944K)->74197K(74944K) NonClass: 64876K(65280K)->64876K(65280K) Class: 9320K(9664K)->9320K(9664K)
[2026-10-08T00:09:44.087+0000][748.084s][info][gc             ] GC(378) Pause Young (Allocation Failure) 58M->37M(77M) 26.670ms
[2026-10-08T00:09:44.087+0000][748.084s][info][gc,cpu         ] GC(378) User=0.01s Sys=0.01s Real=0.03s
[2026-10-08T00:09:46.816+0000][750.814s][info][gc,start       ] GC(379) Pause Young (Allocation Failure)
[2026-10-08T00:09:46.826+0000][750.823s][info][gc,heap        ] GC(379) DefNew: 23531K(24896K)->1366K(24896K) Eden: 22144K(22144K)->0K(22144K) From: 1387K(2752K)->1366K(2752K)
[2026-10-08T00:09:46.826+0000][750.823s][info][gc,heap        ] GC(379) Tenured: 36864K(54960K)->36922K(54960K)
[2026-10-08T00:09:46.826+0000][750.823s][info][gc,metaspace   ] GC(379) Metaspace: 74198K(74944K)->74198K(74944K) NonClass: 64877K(65280K)->64877K(65280K) Class: 9320K(9664K)->9320K(9664K)
[2026-10-08T00:09:46.826+0000][750.823s][info][gc             ] GC(379) Pause Young (Allocation Failure) 58M->37M(77M) 9.299ms
[2026-10-08T00:09:46.826+0000][750.823s][info][gc,cpu         ] GC(379) User=0.01s Sys=0.00s Real=0.01s
[2026-10-08T00:09:49.586+0000][753.583s][info][gc,start       ] GC(380) Pause Young (Allocation Failure)
[2026-10-08T00:09:49.596+0000][753.593s][info][gc,heap        ] GC(380) DefNew: 23510K(24896K)->1441K(24896K) Eden: 22144K(22144K)->0K(22144K) From: 1366K(2752K)->1441K(2752K)
[2026-10-08T00:09:49.596+0000][753.593s][info][gc,heap        ] GC(380) Tenured: 36922K(54960K)->36993K(54960K)
[2026-10-08T00:09:49.596+0000][753.593s][info][gc,metaspace   ] GC(380) Metaspace: 74198K(74944K)->74198K(74944K) NonClass: 64877K(65280K)->64877K(65280K) Class: 9320K(9664K)->9320K(9664K)
[2026-10-08T00:09:49.596+0000][753.593s][info][gc             ] GC(380) Pause Young (Allocation Failure) 59M->37M(77M) 9.731ms
[2026-10-08T00:09:49.596+0000][753.593s][info][gc,cpu         ] GC(380) User=0.01s Sys=0.00s Real=0.01s
[2026-10-08T00:09:52.282+0000][756.280s][info][gc,start       ] GC(381) Pause Young (Allocation Failure)
[2026-10-08T00:09:52.293+0000][756.290s][info][gc,heap        ] GC(381) DefNew: 23585K(24896K)->1383K(24896K) Eden: 22144K(22144K)->0K(22144K) From: 1441K(2752K)->1383K(2752K)
[2026-10-08T00:09:52.293+0000][756.290s][info][gc,heap        ] GC(381) Tenured: 36993K(54960K)->37143K(54960K)
[2026-10-08T00:09:52.293+0000][756.290s][info][gc,metaspace   ] GC(381) Metaspace: 74228K(75008K)->74228K(75008K) NonClass: 64905K(65344K)->64905K(65344K) Class: 9323K(9664K)->9323K(9664K)
[2026-10-08T00:09:52.293+0000][756.290s][info][gc             ] GC(381) Pause Young (Allocation Failure) 59M->37M(77M) 10.682ms
[2026-10-08T00:09:52.293+0000][756.290s][info][gc,cpu         ] GC(381) User=0.01s Sys=0.00s Real=0.01s
[2026-10-08T00:09:55.016+0000][759.013s][info][gc,start       ] GC(382) Pause Young (Allocation Failure)
[2026-10-08T00:09:55.026+0000][759.023s][info][gc,heap        ] GC(382) DefNew: 23527K(24896K)->1448K(24896K) Eden: 22144K(22144K)->0K(22144K) From: 1383K(2752K)->1448K(2752K)
[2026-10-08T00:09:55.026+0000][759.023s][info][gc,heap        ] GC(382) Tenured: 37143K(54960K)->37208K(54960K)
[2026-10-08T00:09:55.026+0000][759.023s][info][gc,metaspace   ] GC(382) Metaspace: 74232K(75008K)->74232K(75008K) NonClass: 64909K(65344K)->64909K(65344K) Class: 9323K(9664K)->9323K(9664K)
[2026-10-08T00:09:55.027+0000][759.024s][info][gc             ] GC(382) Pause Young (Allocation Failure) 59M->37M(77M) 10.969ms
[2026-10-08T00:09:55.027+0000][759.024s][info][gc,cpu         ] GC(382) User=0.01s Sys=0.00s Real=0.01s
[2026-10-08T00:09:57.735+0000][761.733s][info][gc,start       ] GC(383) Pause Young (Allocation Failure)
[2026-10-08T00:09:57.748+0000][761.746s][info][gc,heap        ] GC(383) DefNew: 23592K(24896K)->1306K(24896K) Eden: 22144K(22144K)->0K(22144K) From: 1448K(2752K)->1306K(2752K)
[2026-10-08T00:09:57.749+0000][761.746s][info][gc,heap        ] GC(383) Tenured: 37208K(54960K)->37364K(54960K)
[2026-10-08T00:09:57.749+0000][761.746s][info][gc,metaspace   ] GC(383) Metaspace: 74237K(75008K)->74237K(75008K) NonClass: 64914K(65344K)->64914K(65344K) Class: 9323K(9664K)->9323K(9664K)
[2026-10-08T00:09:57.751+0000][761.748s][info][gc             ] GC(383) Pause Young (Allocation Failure) 59M->37M(77M) 15.282ms
[2026-10-08T00:09:57.751+0000][761.748s][info][gc,cpu         ] GC(383) User=0.01s Sys=0.00s Real=0.01s
[2026-10-08T00:10:14.058+0000][778.055s][info][gc,start       ] GC(384) Pause Young (Allocation Failure)
[2026-10-08T00:10:14.071+0000][778.068s][info][gc,heap        ] GC(384) DefNew: 23450K(24896K)->1585K(24896K) Eden: 22144K(22144K)->0K(22144K) From: 1306K(2752K)->1585K(2752K)
[2026-10-08T00:10:14.071+0000][778.068s][info][gc,heap        ] GC(384) Tenured: 37364K(54960K)->37364K(54960K)
[2026-10-08T00:10:14.071+0000][778.068s][info][gc,metaspace   ] GC(384) Metaspace: 74362K(75136K)->74362K(75136K) NonClass: 65025K(65472K)->65025K(65472K) Class: 9337K(9664K)->9337K(9664K)
[2026-10-08T00:10:14.071+0000][778.068s][info][gc             ] GC(384) Pause Young (Allocation Failure) 59M->38M(77M) 13.001ms
[2026-10-08T00:10:14.071+0000][778.068s][info][gc,cpu         ] GC(384) User=0.01s Sys=0.00s Real=0.01s
