[2026-10-07T19:30:28.712+0000][174.953s][info][gc,start       ] GC(54) Pause Young (Allocation Failure)
[2026-10-07T19:30:28.718+0000][174.959s][info][gc,heap        ] GC(54) DefNew: 10741K(11392K)->817K(11392K) Eden: 10176K(10176K)->0K(10176K) From: 565K(1216K)->817K(1216K)
[2026-10-07T19:30:28.718+0000][174.959s][info][gc,heap        ] GC(54) Tenured: 21274K(25040K)->21274K(25040K)
[2026-10-07T19:30:28.718+0000][174.959s][info][gc,metaspace   ] GC(54) Metaspace: 72424K(73152K)->72424K(73152K) NonClass: 63135K(63552K)->63135K(63552K) Class: 9289K(9600K)->9289K(9600K)
[2026-10-07T19:30:28.718+0000][174.959s][info][gc             ] GC(54) Pause Young (Allocation Failure) 31M->21M(35M) 5.779ms
[2026-10-07T19:30:28.718+0000][174.959s][info][gc,cpu         ] GC(54) User=0.00s Sys=0.00s Real=0.01s
[2026-10-07T19:30:29.884+0000][176.125s][info][gc,start       ] GC(55) Pause Young (Allocation Failure)
[2026-10-07T19:30:29.892+0000][176.133s][info][gc,heap        ] GC(55) DefNew: 10993K(11392K)->1215K(11392K) Eden: 10176K(10176K)->0K(10176K) From: 817K(1216K)->1215K(1216K)
[2026-10-07T19:30:29.892+0000][176.133s][info][gc,heap        ] GC(55) Tenured: 21274K(25040K)->21671K(25040K)
[2026-10-07T19:30:29.892+0000][176.133s][info][gc,metaspace   ] GC(55) Metaspace: 72820K(73536K)->72820K(73536K) NonClass: 63485K(63872K)->63485K(63872K) Class: 9334K(9664K)->9334K(9664K)
[2026-10-07T19:30:29.892+0000][176.133s][info][gc             ] GC(55) Pause Young (Allocation Failure) 31M->22M(35M) 8.037ms
[2026-10-07T19:30:29.892+0000][176.133s][info][gc,cpu         ] GC(55) User=0.00s Sys=0.00s Real=0.00s
[2026-10-07T19:30:30.608+0000][176.849s][info][gc,start       ] GC(56) Pause Young (Allocation Failure)
[2026-10-07T19:30:30.623+0000][176.864s][info][gc,heap        ] GC(56) DefNew: 11391K(11392K)->773K(11392K) Eden: 10176K(10176K)->0K(10176K) From: 1215K(1216K)->773K(1216K)
[2026-10-07T19:30:30.623+0000][176.864s][info][gc,heap        ] GC(56) Tenured: 21671K(25040K)->22780K(25040K)
[2026-10-07T19:30:30.624+0000][176.865s][info][gc,metaspace   ] GC(56) Metaspace: 72932K(73664K)->72932K(73664K) NonClass: 63597K(64000K)->63597K(64000K) Class: 9335K(9664K)->9335K(9664K)
[2026-10-07T19:30:30.624+0000][176.865s][info][gc             ] GC(56) Pause Young (Allocation Failure) 32M->23M(35M) 16.174ms
[2026-10-07T19:30:30.627+0000][176.868s][info][gc,cpu         ] GC(56) User=0.02s Sys=0.00s Real=0.02s
[2026-10-07T19:30:31.301+0000][177.542s][info][gc,start       ] GC(57) Pause Young (Allocation Failure)
[2026-10-07T19:30:31.310+0000][177.551s][info][gc,heap        ] GC(57) DefNew: 10949K(11392K)->750K(11392K) Eden: 10176K(10176K)->0K(10176K) From: 773K(1216K)->750K(1216K)
[2026-10-07T19:30:31.310+0000][177.551s][info][gc,heap        ] GC(57) Tenured: 22780K(25040K)->23456K(25040K)
[2026-10-07T19:30:31.310+0000][177.551s][info][gc,metaspace   ] GC(57) Metaspace: 73015K(73728K)->73015K(73728K) NonClass: 63680K(64064K)->63680K(64064K) Class: 9335K(9664K)->9335K(9664K)
[2026-10-07T19:30:31.310+0000][177.551s][info][gc             ] GC(57) Pause Young (Allocation Failure) 32M->23M(35M) 9.444ms
[2026-10-07T19:30:31.310+0000][177.551s][info][gc,cpu         ] GC(57) User=0.01s Sys=0.00s Real=0.01s
[2026-10-07T19:30:31.908+0000][178.149s][info][gc,start       ] GC(58) Pause Young (Allocation Failure)
[2026-10-07T19:30:31.917+0000][178.158s][info][gc,heap        ] GC(58) DefNew: 10926K(11392K)->641K(11392K) Eden: 10176K(10176K)->0K(10176K) From: 750K(1216K)->641K(1216K)
[2026-10-07T19:30:31.917+0000][178.158s][info][gc,heap        ] GC(58) Tenured: 23456K(25040K)->24135K(25040K)
[2026-10-07T19:30:31.917+0000][178.158s][info][gc,metaspace   ] GC(58) Metaspace: 73105K(73792K)->73105K(73792K) NonClass: 63769K(64128K)->63769K(64128K) Class: 9335K(9664K)->9335K(9664K)
[2026-10-07T19:30:31.917+0000][178.159s][info][gc             ] GC(58) Pause Young (Allocation Failure) 33M->24M(35M) 9.235ms
[2026-10-07T19:30:31.917+0000][178.159s][info][gc,cpu         ] GC(58) User=0.01s Sys=0.00s Real=0.01s
[2026-10-07T19:30:32.648+0000][178.889s][info][gc,start       ] GC(59) Pause Young (Allocation Failure)
[2026-10-07T19:30:32.659+0000][178.901s][info][gc,heap        ] GC(59) DefNew: 10817K(11392K)->513K(11392K) Eden: 10176K(10176K)->0K(10176K) From: 641K(1216K)->513K(1216K)
[2026-10-07T19:30:32.660+0000][178.901s][info][gc,heap        ] GC(59) Tenured: 24135K(25040K)->24692K(25040K)
[2026-10-07T19:30:32.660+0000][178.901s][info][gc,metaspace   ] GC(59) Metaspace: 73133K(73920K)->73133K(73920K) NonClass: 63798K(64256K)->63798K(64256K) Class: 9335K(9664K)->9335K(9664K)
[2026-10-07T19:30:32.660+0000][178.901s][info][gc             ] GC(59) Pause Young (Allocation Failure) 34M->24M(35M) 12.302ms
[2026-10-07T19:30:32.660+0000][178.901s][info][gc,cpu         ] GC(59) User=0.00s Sys=0.00s Real=0.01s
[2026-10-07T19:30:33.388+0000][179.629s][info][gc,start       ] GC(60) Pause Young (Allocation Failure)
[2026-10-07T19:30:33.397+0000][179.638s][info][gc,heap        ] GC(60) DefNew: 10689K(11392K)->893K(11392K) Eden: 10176K(10176K)->0K(10176K) From: 513K(1216K)->893K(1216K)
[2026-10-07T19:30:33.397+0000][179.638s][info][gc,heap        ] GC(60) Tenured: 24692K(25040K)->24692K(25040K)
[2026-10-07T19:30:33.397+0000][179.638s][info][gc,metaspace   ] GC(60) Metaspace: 73157K(73920K)->73157K(73920K) NonClass: 63820K(64256K)->63820K(64256K) Class: 9336K(9664K)->9336K(9664K)
[2026-10-07T19:30:33.397+0000][179.638s][info][gc             ] GC(60) Pause Young (Allocation Failure) 34M->24M(35M) 9.080ms
[2026-10-07T19:30:33.397+0000][179.638s][info][gc,cpu         ] GC(60) User=0.01s Sys=0.00s Real=0.01s
[2026-10-07T19:30:34.290+0000][180.531s][info][gc,start       ] GC(61) Pause Young (Allocation Failure)
[2026-10-07T19:30:34.302+0000][180.543s][info][gc             ] GC(61) Pause Young (Allocation Failure) 34M->25M(35M) 11.178ms
[2026-10-07T19:30:34.302+0000][180.543s][info][gc,cpu         ] GC(61) User=0.01s Sys=0.00s Real=0.01s
[2026-10-07T19:30:34.302+0000][180.543s][info][gc,start       ] GC(62) Pause Full (Allocation Failure)
[2026-10-07T19:30:34.302+0000][180.543s][info][gc,phases,start] GC(62) Phase 1: Mark live objects
[2026-10-07T19:30:34.384+0000][180.625s][info][gc,phases      ] GC(62) Phase 1: Mark live objects 82.671ms
[2026-10-07T19:30:34.384+0000][180.625s][info][gc,phases,start] GC(62) Phase 2: Compute new object addresses
[2026-10-07T19:30:34.395+0000][180.636s][info][gc,phases      ] GC(62) Phase 2: Compute new object addresses 10.571ms
[2026-10-07T19:30:34.395+0000][180.636s][info][gc,phases,start] GC(62) Phase 3: Adjust pointers
[2026-10-07T19:30:34.428+0000][180.669s][info][gc,phases      ] GC(62) Phase 3: Adjust pointers 33.153ms
[2026-10-07T19:30:34.428+0000][180.669s][info][gc,phases,start] GC(62) Phase 4: Move objects
[2026-10-07T19:30:34.440+0000][180.681s][info][gc,phases      ] GC(62) Phase 4: Move objects 11.965ms
[2026-10-07T19:30:34.443+0000][180.684s][info][gc,heap        ] GC(62) DefNew: 11069K(11392K)->0K(16128K) Eden: 10176K(10176K)->0K(14336K) From: 893K(1216K)->0K(1792K)
[2026-10-07T19:30:34.443+0000][180.684s][info][gc,heap        ] GC(62) Tenured: 24692K(25040K)->21354K(35592K)
[2026-10-07T19:30:34.443+0000][180.684s][info][gc,metaspace   ] GC(62) Metaspace: 73194K(73920K)->73194K(73920K) NonClass: 63857K(64256K)->63857K(64256K) Class: 9336K(9664K)->9336K(9664K)
[2026-10-07T19:30:34.443+0000][180.684s][info][gc             ] GC(62) Pause Full (Allocation Failure) 25M->20M(50M) 141.238ms
[2026-10-07T19:30:34.443+0000][180.684s][info][gc,cpu         ] GC(62) User=0.13s Sys=0.01s Real=0.14s
[2026-10-07T19:30:35.436+0000][181.677s][info][gc,start       ] GC(63) Pause Young (Allocation Failure)
[2026-10-07T19:30:35.451+0000][181.692s][info][gc,heap        ] GC(63) DefNew: 14336K(16128K)->444K(16128K) Eden: 14336K(14336K)->0K(14336K) From: 0K(1792K)->444K(1792K)
[2026-10-07T19:30:35.451+0000][181.693s][info][gc,heap        ] GC(63) Tenured: 21354K(35592K)->21354K(35592K)
[2026-10-07T19:30:35.451+0000][181.693s][info][gc,metaspace   ] GC(63) Metaspace: 73204K(73984K)->73204K(73984K) NonClass: 63867K(64320K)->63867K(64320K) Class: 9337K(9664K)->9337K(9664K)
[2026-10-07T19:30:35.452+0000][181.693s][info][gc             ] GC(63) Pause Young (Allocation Failure) 34M->21M(50M) 15.281ms
[2026-10-07T19:30:35.452+0000][181.693s][info][gc,cpu         ] GC(63) User=0.00s Sys=0.00s Real=0.01s
[2026-10-07T19:30:36.633+0000][182.874s][info][gc,start       ] GC(64) Pause Young (Allocation Failure)
[2026-10-07T19:30:36.644+0000][182.885s][info][gc,heap        ] GC(64) DefNew: 14780K(16128K)->716K(16128K) Eden: 14336K(14336K)->0K(14336K) From: 444K(1792K)->716K(1792K)
[2026-10-07T19:30:36.644+0000][182.885s][info][gc,heap        ] GC(64) Tenured: 21354K(35592K)->21354K(35592K)
[2026-10-07T19:30:36.644+0000][182.885s][info][gc,metaspace   ] GC(64) Metaspace: 73207K(73984K)->73207K(73984K) NonClass: 63870K(64320K)->63870K(64320K) Class: 9337K(9664K)->9337K(9664K)
[2026-10-07T19:30:36.644+0000][182.885s][info][gc             ] GC(64) Pause Young (Allocation Failure) 35M->21M(50M) 10.732ms
[2026-10-07T19:30:36.644+0000][182.885s][info][gc,cpu         ] GC(64) User=0.00s Sys=0.00s Real=0.02s
[2026-10-07T19:30:37.831+0000][184.072s][info][gc,start       ] GC(65) Pause Young (Allocation Failure)
[2026-10-07T19:30:37.842+0000][184.083s][info][gc,heap        ] GC(65) DefNew: 15052K(16128K)->841K(16128K) Eden: 14336K(14336K)->0K(14336K) From: 716K(1792K)->841K(1792K)
[2026-10-07T19:30:37.842+0000][184.083s][info][gc,heap        ] GC(65) Tenured: 21354K(35592K)->21354K(35592K)
[2026-10-07T19:30:37.842+0000][184.083s][info][gc,metaspace   ] GC(65) Metaspace: 73209K(73984K)->73209K(73984K) NonClass: 63872K(64320K)->63872K(64320K) Class: 9337K(9664K)->9337K(9664K)
[2026-10-07T19:30:37.842+0000][184.083s][info][gc             ] GC(65) Pause Young (Allocation Failure) 35M->21M(50M) 10.335ms
[2026-10-07T19:30:37.842+0000][184.083s][info][gc,cpu         ] GC(65) User=0.00s Sys=0.00s Real=0.01s
[2026-10-07T19:30:39.001+0000][185.242s][info][gc,start       ] GC(66) Pause Young (Allocation Failure)
[2026-10-07T19:30:39.009+0000][185.250s][info][gc,heap        ] GC(66) DefNew: 15177K(16128K)->1116K(16128K) Eden: 14336K(14336K)->0K(14336K) From: 841K(1792K)->1116K(1792K)
[2026-10-07T19:30:39.009+0000][185.250s][info][gc,heap        ] GC(66) Tenured: 21354K(35592K)->21354K(35592K)
[2026-10-07T19:30:39.009+0000][185.250s][info][gc,metaspace   ] GC(66) Metaspace: 73212K(73984K)->73212K(73984K) NonClass: 63875K(64320K)->63875K(64320K) Class: 9337K(9664K)->9337K(9664K)
[2026-10-07T19:30:39.009+0000][185.250s][info][gc             ] GC(66) Pause Young (Allocation Failure) 35M->21M(50M) 8.084ms
[2026-10-07T19:30:39.009+0000][185.250s][info][gc,cpu         ] GC(66) User=0.00s Sys=0.01s Real=0.01s
[2026-10-07T19:30:40.228+0000][186.469s][info][gc,start       ] GC(67) Pause Young (Allocation Failure)
[2026-10-07T19:30:40.239+0000][186.480s][info][gc,heap        ] GC(67) DefNew: 15452K(16128K)->1000K(16128K) Eden: 14336K(14336K)->0K(14336K) From: 1116K(1792K)->1000K(1792K)
[2026-10-07T19:30:40.239+0000][186.480s][info][gc,heap        ] GC(67) Tenured: 21354K(35592K)->21642K(35592K)
[2026-10-07T19:30:40.239+0000][186.480s][info][gc,metaspace   ] GC(67) Metaspace: 73213K(73984K)->73213K(73984K) NonClass: 63876K(64320K)->63876K(64320K) Class: 9337K(9664K)->9337K(9664K)
[2026-10-07T19:30:40.239+0000][186.480s][info][gc             ] GC(67) Pause Young (Allocation Failure) 35M->22M(50M) 10.538ms
[2026-10-07T19:30:40.239+0000][186.480s][info][gc,cpu         ] GC(67) User=0.01s Sys=0.00s Real=0.01s
[2026-10-07T19:30:41.437+0000][187.678s][info][gc,start       ] GC(68) Pause Young (Allocation Failure)
[2026-10-07T19:30:41.449+0000][187.691s][info][gc,heap        ] GC(68) DefNew: 15336K(16128K)->908K(16128K) Eden: 14336K(14336K)->0K(14336K) From: 1000K(1792K)->908K(1792K)
[2026-10-07T19:30:41.450+0000][187.691s][info][gc,heap        ] GC(68) Tenured: 21642K(35592K)->21851K(35592K)
[2026-10-07T19:30:41.450+0000][187.691s][info][gc,metaspace   ] GC(68) Metaspace: 73248K(73984K)->73248K(73984K) NonClass: 63910K(64320K)->63910K(64320K) Class: 9337K(9664K)->9337K(9664K)
[2026-10-07T19:30:41.450+0000][187.691s][info][gc             ] GC(68) Pause Young (Allocation Failure) 36M->22M(50M) 12.575ms
[2026-10-07T19:30:41.450+0000][187.691s][info][gc,cpu         ] GC(68) User=0.02s Sys=0.00s Real=0.01s
[2026-10-07T19:30:42.679+0000][188.920s][info][gc,start       ] GC(69) Pause Young (Allocation Failure)
[2026-10-07T19:30:42.688+0000][188.929s][info][gc,heap        ] GC(69) DefNew: 15244K(16128K)->918K(16128K) Eden: 14336K(14336K)->0K(14336K) From: 908K(1792K)->918K(1792K)
[2026-10-07T19:30:42.688+0000][188.929s][info][gc,heap        ] GC(69) Tenured: 21851K(35592K)->21982K(35592K)
[2026-10-07T19:30:42.688+0000][188.929s][info][gc,metaspace   ] GC(69) Metaspace: 73278K(73984K)->73278K(73984K) NonClass: 63941K(64320K)->63941K(64320K) Class: 9337K(9664K)->9337K(9664K)
[2026-10-07T19:30:42.688+0000][188.929s][info][gc             ] GC(69) Pause Young (Allocation Failure) 36M->22M(50M) 9.109ms
[2026-10-07T19:30:42.689+0000][188.930s][info][gc,cpu         ] GC(69) User=0.01s Sys=0.00s Real=0.01s
[2026-10-07T19:30:43.943+0000][190.185s][info][gc,start       ] GC(70) Pause Young (Allocation Failure)
[2026-10-07T19:30:43.994+0000][190.235s][info][gc,heap        ] GC(70) DefNew: 15254K(16128K)->642K(16128K) Eden: 14336K(14336K)->0K(14336K) From: 918K(1792K)->642K(1792K)
[2026-10-07T19:30:43.994+0000][190.235s][info][gc,heap        ] GC(70) Tenured: 21982K(35592K)->22225K(35592K)
[2026-10-07T19:30:43.994+0000][190.235s][info][gc,metaspace   ] GC(70) Metaspace: 73281K(73984K)->73281K(73984K) NonClass: 63944K(64320K)->63944K(64320K) Class: 9337K(9664K)->9337K(9664K)
[2026-10-07T19:30:43.994+0000][190.235s][info][gc             ] GC(70) Pause Young (Allocation Failure) 36M->22M(50M) 51.211ms
[2026-10-07T19:30:43.994+0000][190.235s][info][gc,cpu         ] GC(70) User=0.01s Sys=0.00s Real=0.06s
[2026-10-07T19:30:45.179+0000][191.420s][info][gc,start       ] GC(71) Pause Young (Allocation Failure)
[2026-10-07T19:30:45.189+0000][191.430s][info][gc,heap        ] GC(71) DefNew: 14978K(16128K)->758K(16128K) Eden: 14336K(14336K)->0K(14336K) From: 642K(1792K)->758K(1792K)
[2026-10-07T19:30:45.189+0000][191.430s][info][gc,heap        ] GC(71) Tenured: 22225K(35592K)->22225K(35592K)
[2026-10-07T19:30:45.189+0000][191.430s][info][gc,metaspace   ] GC(71) Metaspace: 73285K(73984K)->73285K(73984K) NonClass: 63947K(64320K)->63947K(64320K) Class: 9337K(9664K)->9337K(9664K)
[2026-10-07T19:30:45.189+0000][191.430s][info][gc             ] GC(71) Pause Young (Allocation Failure) 36M->22M(50M) 9.702ms
[2026-10-07T19:30:45.189+0000][191.430s][info][gc,cpu         ] GC(71) User=0.01s Sys=0.00s Real=0.01s
[2026-10-07T19:30:46.415+0000][192.656s][info][gc,start       ] GC(72) Pause Young (Allocation Failure)
[2026-10-07T19:30:46.421+0000][192.662s][info][gc,heap        ] GC(72) DefNew: 15094K(16128K)->853K(16128K) Eden: 14336K(14336K)->0K(14336K) From: 758K(1792K)->853K(1792K)
[2026-10-07T19:30:46.421+0000][192.662s][info][gc,heap        ] GC(72) Tenured: 22225K(35592K)->22225K(35592K)
[2026-10-07T19:30:46.422+0000][192.663s][info][gc,metaspace   ] GC(72) Metaspace: 73291K(74048K)->73291K(74048K) NonClass: 63953K(64384K)->63953K(64384K) Class: 9337K(9664K)->9337K(9664K)
[2026-10-07T19:30:46.422+0000][192.663s][info][gc             ] GC(72) Pause Young (Allocation Failure) 36M->22M(50M) 6.888ms
[2026-10-07T19:30:46.422+0000][192.663s][info][gc,cpu         ] GC(72) User=0.00s Sys=0.00s Real=0.00s
[2026-10-07T19:30:47.629+0000][193.870s][info][gc,start       ] GC(73) Pause Young (Allocation Failure)
[2026-10-07T19:30:47.635+0000][193.876s][info][gc,heap        ] GC(73) DefNew: 15189K(16128K)->943K(16128K) Eden: 14336K(14336K)->0K(14336K) From: 853K(1792K)->943K(1792K)
[2026-10-07T19:30:47.635+0000][193.876s][info][gc,heap        ] GC(73) Tenured: 22225K(35592K)->22225K(35592K)
[2026-10-07T19:30:47.635+0000][193.876s][info][gc,metaspace   ] GC(73) Metaspace: 73298K(74048K)->73298K(74048K) NonClass: 63961K(64384K)->63961K(64384K) Class: 9337K(9664K)->9337K(9664K)
[2026-10-07T19:30:47.635+0000][193.876s][info][gc             ] GC(73) Pause Young (Allocation Failure) 36M->22M(50M) 6.153ms
[2026-10-07T19:30:47.635+0000][193.876s][info][gc,cpu         ] GC(73) User=0.01s Sys=0.00s Real=0.01s
[2026-10-07T19:30:48.882+0000][195.123s][info][gc,start       ] GC(74) Pause Young (Allocation Failure)
[2026-10-07T19:30:48.900+0000][195.141s][info][gc,heap        ] GC(74) DefNew: 15279K(16128K)->822K(16128K) Eden: 14336K(14336K)->0K(14336K) From: 943K(1792K)->822K(1792K)
[2026-10-07T19:30:48.902+0000][195.143s][info][gc,heap        ] GC(74) Tenured: 22225K(35592K)->22372K(35592K)
[2026-10-07T19:30:48.903+0000][195.144s][info][gc,metaspace   ] GC(74) Metaspace: 73347K(74048K)->73347K(74048K) NonClass: 64009K(64384K)->64009K(64384K) Class: 9337K(9664K)->9337K(9664K)
[2026-10-07T19:30:48.903+0000][195.144s][info][gc             ] GC(74) Pause Young (Allocation Failure) 36M->22M(50M) 20.807ms
[2026-10-07T19:30:48.903+0000][195.144s][info][gc,cpu         ] GC(74) User=0.02s Sys=0.00s Real=0.02s
[2026-10-07T19:30:50.208+0000][196.449s][info][gc,start       ] GC(75) Pause Young (Allocation Failure)
[2026-10-07T19:30:50.220+0000][196.461s][info][gc,heap        ] GC(75) DefNew: 15158K(16128K)->874K(16128K) Eden: 14336K(14336K)->0K(14336K) From: 822K(1792K)->874K(1792K)
[2026-10-07T19:30:50.220+0000][196.461s][info][gc,heap        ] GC(75) Tenured: 22372K(35592K)->22372K(35592K)
[2026-10-07T19:30:50.220+0000][196.461s][info][gc,metaspace   ] GC(75) Metaspace: 73351K(74048K)->73351K(74048K) NonClass: 64013K(64384K)->64013K(64384K) Class: 9337K(9664K)->9337K(9664K)
[2026-10-07T19:30:50.225+0000][196.466s][info][gc             ] GC(75) Pause Young (Allocation Failure) 36M->22M(50M) 17.451ms
[2026-10-07T19:30:50.225+0000][196.466s][info][gc,cpu         ] GC(75) User=0.01s Sys=0.00s Real=0.02s
[2026-10-07T19:30:51.402+0000][197.643s][info][gc,start       ] GC(76) Pause Young (Allocation Failure)
[2026-10-07T19:30:51.409+0000][197.650s][info][gc,heap        ] GC(76) DefNew: 15210K(16128K)->945K(16128K) Eden: 14336K(14336K)->0K(14336K) From: 874K(1792K)->945K(1792K)
[2026-10-07T19:30:51.409+0000][197.650s][info][gc,heap        ] GC(76) Tenured: 22372K(35592K)->22372K(35592K)
[2026-10-07T19:30:51.409+0000][197.650s][info][gc,metaspace   ] GC(76) Metaspace: 73381K(74112K)->73381K(74112K) NonClass: 64043K(64448K)->64043K(64448K) Class: 9337K(9664K)->9337K(9664K)
[2026-10-07T19:30:51.409+0000][197.650s][info][gc             ] GC(76) Pause Young (Allocation Failure) 36M->22M(50M) 6.671ms
[2026-10-07T19:30:51.409+0000][197.650s][info][gc,cpu         ] GC(76) User=0.00s Sys=0.00s Real=0.01s
[2026-10-07T19:30:52.625+0000][198.866s][info][gc,start       ] GC(77) Pause Young (Allocation Failure)
[2026-10-07T19:30:52.632+0000][198.873s][info][gc,heap        ] GC(77) DefNew: 15281K(16128K)->950K(16128K) Eden: 14336K(14336K)->0K(14336K) From: 945K(1792K)->950K(1792K)
[2026-10-07T19:30:52.632+0000][198.873s][info][gc,heap        ] GC(77) Tenured: 22372K(35592K)->22455K(35592K)
[2026-10-07T19:30:52.632+0000][198.873s][info][gc,metaspace   ] GC(77) Metaspace: 73389K(74112K)->73389K(74112K) NonClass: 64052K(64448K)->64052K(64448K) Class: 9337K(9664K)->9337K(9664K)
[2026-10-07T19:30:52.632+0000][198.873s][info][gc             ] GC(77) Pause Young (Allocation Failure) 36M->22M(50M) 6.844ms
[2026-10-07T19:30:52.632+0000][198.873s][info][gc,cpu         ] GC(77) User=0.00s Sys=0.00s Real=0.00s
[2026-10-07T19:30:53.841+0000][200.082s][info][gc,start       ] GC(78) Pause Young (Allocation Failure)
[2026-10-07T19:30:53.860+0000][200.102s][info][gc,heap        ] GC(78) DefNew: 15286K(16128K)->778K(16128K) Eden: 14336K(14336K)->0K(14336K) From: 950K(1792K)->778K(1792K)
[2026-10-07T19:30:53.861+0000][200.102s][info][gc,heap        ] GC(78) Tenured: 22455K(35592K)->22559K(35592K)
[2026-10-07T19:30:53.861+0000][200.102s][info][gc,metaspace   ] GC(78) Metaspace: 73407K(74112K)->73407K(74112K) NonClass: 64069K(64448K)->64069K(64448K) Class: 9337K(9664K)->9337K(9664K)
[2026-10-07T19:30:53.861+0000][200.102s][info][gc             ] GC(78) Pause Young (Allocation Failure) 36M->22M(50M) 19.904ms
[2026-10-07T19:30:53.861+0000][200.102s][info][gc,cpu         ] GC(78) User=0.01s Sys=0.01s Real=0.02s
[2026-10-07T19:30:55.115+0000][201.356s][info][gc,start       ] GC(79) Pause Young (Allocation Failure)
[2026-10-07T19:30:55.123+0000][201.364s][info][gc,heap        ] GC(79) DefNew: 15114K(16128K)->914K(16128K) Eden: 14336K(14336K)->0K(14336K) From: 778K(1792K)->914K(1792K)
[2026-10-07T19:30:55.123+0000][201.364s][info][gc,heap        ] GC(79) Tenured: 22559K(35592K)->22559K(35592K)
[2026-10-07T19:30:55.123+0000][201.364s][info][gc,metaspace   ] GC(79) Metaspace: 73465K(74176K)->73465K(74176K) NonClass: 64127K(64512K)->64127K(64512K) Class: 9337K(9664K)->9337K(9664K)
[2026-10-07T19:30:55.123+0000][201.364s][info][gc             ] GC(79) Pause Young (Allocation Failure) 36M->22M(50M) 7.924ms
[2026-10-07T19:30:55.123+0000][201.364s][info][gc,cpu         ] GC(79) User=0.01s Sys=0.00s Real=0.00s
[2026-10-07T19:30:56.374+0000][202.615s][info][gc,start       ] GC(80) Pause Young (Allocation Failure)
[2026-10-07T19:30:56.385+0000][202.626s][info][gc,heap        ] GC(80) DefNew: 15250K(16128K)->928K(16128K) Eden: 14336K(14336K)->0K(14336K) From: 914K(1792K)->928K(1792K)
[2026-10-07T19:30:56.385+0000][202.626s][info][gc,heap        ] GC(80) Tenured: 22559K(35592K)->22629K(35592K)
[2026-10-07T19:30:56.386+0000][202.627s][info][gc,metaspace   ] GC(80) Metaspace: 73470K(74176K)->73470K(74176K) NonClass: 64133K(64512K)->64133K(64512K) Class: 9337K(9664K)->9337K(9664K)
[2026-10-07T19:30:56.388+0000][202.629s][info][gc             ] GC(80) Pause Young (Allocation Failure) 36M->23M(50M) 13.204ms
[2026-10-07T19:30:56.388+0000][202.629s][info][gc,cpu         ] GC(80) User=0.01s Sys=0.00s Real=0.01s
[2026-10-07T19:30:57.629+0000][203.870s][info][gc,start       ] GC(81) Pause Young (Allocation Failure)
[2026-10-07T19:30:57.637+0000][203.878s][info][gc,heap        ] GC(81) DefNew: 15264K(16128K)->910K(16128K) Eden: 14336K(14336K)->0K(14336K) From: 928K(1792K)->910K(1792K)
[2026-10-07T19:30:57.637+0000][203.878s][info][gc,heap        ] GC(81) Tenured: 22629K(35592K)->22703K(35592K)
[2026-10-07T19:30:57.637+0000][203.878s][info][gc,metaspace   ] GC(81) Metaspace: 73470K(74176K)->73470K(74176K) NonClass: 64133K(64512K)->64133K(64512K) Class: 9337K(9664K)->9337K(9664K)
[2026-10-07T19:30:57.637+0000][203.879s][info][gc             ] GC(81) Pause Young (Allocation Failure) 37M->23M(50M) 8.721ms
[2026-10-07T19:30:57.637+0000][203.879s][info][gc,cpu         ] GC(81) User=0.00s Sys=0.00s Real=0.01s
[2026-10-07T19:30:58.895+0000][205.136s][info][gc,start       ] GC(82) Pause Young (Allocation Failure)
[2026-10-07T19:30:58.910+0000][205.151s][info][gc,heap        ] GC(82) DefNew: 15246K(16128K)->826K(16128K) Eden: 14336K(14336K)->0K(14336K) From: 910K(1792K)->826K(1792K)
[2026-10-07T19:30:58.910+0000][205.151s][info][gc,heap        ] GC(82) Tenured: 22703K(35592K)->22765K(35592K)
[2026-10-07T19:30:58.910+0000][205.151s][info][gc,metaspace   ] GC(82) Metaspace: 73474K(74176K)->73474K(74176K) NonClass: 64136K(64512K)->64136K(64512K) Class: 9337K(9664K)->9337K(9664K)
[2026-10-07T19:30:58.910+0000][205.151s][info][gc             ] GC(82) Pause Young (Allocation Failure) 37M->23M(50M) 14.889ms
[2026-10-07T19:30:58.910+0000][205.151s][info][gc,cpu         ] GC(82) User=0.01s Sys=0.00s Real=0.01s
[2026-10-07T19:31:00.169+0000][206.410s][info][gc,start       ] GC(83) Pause Young (Allocation Failure)
[2026-10-07T19:31:00.177+0000][206.418s][info][gc,heap        ] GC(83) DefNew: 15162K(16128K)->862K(16128K) Eden: 14336K(14336K)->0K(14336K) From: 826K(1792K)->862K(1792K)
[2026-10-07T19:31:00.177+0000][206.418s][info][gc,heap        ] GC(83) Tenured: 22765K(35592K)->22765K(35592K)
[2026-10-07T19:31:00.177+0000][206.418s][info][gc,metaspace   ] GC(83) Metaspace: 73474K(74176K)->73474K(74176K) NonClass: 64137K(64512K)->64137K(64512K) Class: 9337K(9664K)->9337K(9664K)
[2026-10-07T19:31:00.177+0000][206.418s][info][gc             ] GC(83) Pause Young (Allocation Failure) 37M->23M(50M) 7.839ms
[2026-10-07T19:31:00.177+0000][206.418s][info][gc,cpu         ] GC(83) User=0.01s Sys=0.00s Real=0.01s
[2026-10-07T19:31:01.426+0000][207.667s][info][gc,start       ] GC(84) Pause Young (Allocation Failure)
[2026-10-07T19:31:01.435+0000][207.676s][info][gc,heap        ] GC(84) DefNew: 15198K(16128K)->924K(16128K) Eden: 14336K(14336K)->0K(14336K) From: 862K(1792K)->924K(1792K)
[2026-10-07T19:31:01.435+0000][207.676s][info][gc,heap        ] GC(84) Tenured: 22765K(35592K)->22765K(35592K)
[2026-10-07T19:31:01.435+0000][207.676s][info][gc,metaspace   ] GC(84) Metaspace: 73497K(74240K)->73497K(74240K) NonClass: 64159K(64576K)->64159K(64576K) Class: 9337K(9664K)->9337K(9664K)
[2026-10-07T19:31:01.435+0000][207.676s][info][gc             ] GC(84) Pause Young (Allocation Failure) 37M->23M(50M) 9.017ms
[2026-10-07T19:31:01.435+0000][207.677s][info][gc,cpu         ] GC(84) User=0.01s Sys=0.00s Real=0.01s
[2026-10-07T19:31:02.679+0000][208.920s][info][gc,start       ] GC(85) Pause Young (Allocation Failure)
[2026-10-07T19:31:02.688+0000][208.929s][info][gc,heap        ] GC(85) DefNew: 15260K(16128K)->901K(16128K) Eden: 14336K(14336K)->0K(14336K) From: 924K(1792K)->901K(1792K)
[2026-10-07T19:31:02.688+0000][208.929s][info][gc,heap        ] GC(85) Tenured: 22765K(35592K)->22819K(35592K)
[2026-10-07T19:31:02.688+0000][208.929s][info][gc,metaspace   ] GC(85) Metaspace: 73497K(74240K)->73497K(74240K) NonClass: 64159K(64576K)->64159K(64576K) Class: 9337K(9664K)->9337K(9664K)
[2026-10-07T19:31:02.688+0000][208.929s][info][gc             ] GC(85) Pause Young (Allocation Failure) 37M->23M(50M) 8.419ms
[2026-10-07T19:31:02.688+0000][208.929s][info][gc,cpu         ] GC(85) User=0.01s Sys=0.00s Real=0.01s
[2026-10-07T19:31:03.965+0000][210.206s][info][gc,start       ] GC(86) Pause Young (Allocation Failure)
[2026-10-07T19:31:03.980+0000][210.221s][info][gc,heap        ] GC(86) DefNew: 15237K(16128K)->850K(16128K) Eden: 14336K(14336K)->0K(14336K) From: 901K(1792K)->850K(1792K)
[2026-10-07T19:31:03.980+0000][210.221s][info][gc,heap        ] GC(86) Tenured: 22819K(35592K)->22890K(35592K)
[2026-10-07T19:31:03.980+0000][210.221s][info][gc,metaspace   ] GC(86) Metaspace: 73498K(74240K)->73498K(74240K) NonClass: 64160K(64576K)->64160K(64576K) Class: 9337K(9664K)->9337K(9664K)
[2026-10-07T19:31:03.980+0000][210.221s][info][gc             ] GC(86) Pause Young (Allocation Failure) 37M->23M(50M) 14.676ms
[2026-10-07T19:31:03.980+0000][210.221s][info][gc,cpu         ] GC(86) User=0.01s Sys=0.00s Real=0.01s
[2026-10-07T19:31:05.225+0000][211.466s][info][gc,start       ] GC(87) Pause Young (Allocation Failure)
[2026-10-07T19:31:05.233+0000][211.474s][info][gc,heap        ] GC(87) DefNew: 15186K(16128K)->887K(16128K) Eden: 14336K(14336K)->0K(14336K) From: 850K(1792K)->887K(1792K)
[2026-10-07T19:31:05.233+0000][211.474s][info][gc,heap        ] GC(87) Tenured: 22890K(35592K)->22890K(35592K)
[2026-10-07T19:31:05.233+0000][211.474s][info][gc,metaspace   ] GC(87) Metaspace: 73499K(74240K)->73499K(74240K) NonClass: 64161K(64576K)->64161K(64576K) Class: 9337K(9664K)->9337K(9664K)
[2026-10-07T19:31:05.235+0000][211.476s][info][gc             ] GC(87) Pause Young (Allocation Failure) 37M->23M(50M) 9.929ms
[2026-10-07T19:31:05.235+0000][211.476s][info][gc,cpu         ] GC(87) User=0.00s Sys=0.00s Real=0.01s
[2026-10-07T19:31:06.487+0000][212.728s][info][gc,start       ] GC(88) Pause Young (Allocation Failure)
[2026-10-07T19:31:06.494+0000][212.735s][info][gc,heap        ] GC(88) DefNew: 15223K(16128K)->971K(16128K) Eden: 14336K(14336K)->0K(14336K) From: 887K(1792K)->971K(1792K)
[2026-10-07T19:31:06.494+0000][212.735s][info][gc,heap        ] GC(88) Tenured: 22890K(35592K)->22890K(35592K)
[2026-10-07T19:31:06.494+0000][212.735s][info][gc,metaspace   ] GC(88) Metaspace: 73501K(74240K)->73501K(74240K) NonClass: 64164K(64576K)->64164K(64576K) Class: 9337K(9664K)->9337K(9664K)
[2026-10-07T19:31:06.494+0000][212.735s][info][gc             ] GC(88) Pause Young (Allocation Failure) 37M->23M(50M) 7.450ms
[2026-10-07T19:31:06.494+0000][212.735s][info][gc,cpu         ] GC(88) User=0.00s Sys=0.00s Real=0.01s
[2026-10-07T19:31:07.775+0000][214.016s][info][gc,start       ] GC(89) Pause Young (Allocation Failure)
[2026-10-07T19:31:07.783+0000][214.024s][info][gc,heap        ] GC(89) DefNew: 15307K(16128K)->930K(16128K) Eden: 14336K(14336K)->0K(14336K) From: 971K(1792K)->930K(1792K)
[2026-10-07T19:31:07.783+0000][214.024s][info][gc,heap        ] GC(89) Tenured: 22890K(35592K)->22991K(35592K)
[2026-10-07T19:31:07.783+0000][214.024s][info][gc,metaspace   ] GC(89) Metaspace: 73507K(74304K)->73507K(74304K) NonClass: 64169K(64640K)->64169K(64640K) Class: 9337K(9664K)->9337K(9664K)
[2026-10-07T19:31:07.783+0000][214.024s][info][gc             ] GC(89) Pause Young (Allocation Failure) 37M->23M(50M) 8.134ms
[2026-10-07T19:31:07.783+0000][214.024s][info][gc,cpu         ] GC(89) User=0.01s Sys=0.00s Real=0.00s
[2026-10-07T19:31:08.960+0000][215.201s][info][gc,start       ] GC(90) Pause Young (Allocation Failure)
[2026-10-07T19:31:08.970+0000][215.211s][info][gc,heap        ] GC(90) DefNew: 15266K(16128K)->918K(16128K) Eden: 14336K(14336K)->0K(14336K) From: 930K(1792K)->918K(1792K)
[2026-10-07T19:31:08.970+0000][215.211s][info][gc,heap        ] GC(90) Tenured: 22991K(35592K)->23045K(35592K)
[2026-10-07T19:31:08.970+0000][215.211s][info][gc,metaspace   ] GC(90) Metaspace: 73511K(74304K)->73511K(74304K) NonClass: 64173K(64640K)->64173K(64640K) Class: 9337K(9664K)->9337K(9664K)
[2026-10-07T19:31:08.970+0000][215.211s][info][gc             ] GC(90) Pause Young (Allocation Failure) 37M->23M(50M) 10.072ms
[2026-10-07T19:31:08.970+0000][215.211s][info][gc,cpu         ] GC(90) User=0.01s Sys=0.00s Real=0.01s
[2026-10-07T19:31:10.319+0000][216.560s][info][gc,start       ] GC(91) Pause Young (Allocation Failure)
[2026-10-07T19:31:10.331+0000][216.572s][info][gc,heap        ] GC(91) DefNew: 15254K(16128K)->947K(16128K) Eden: 14336K(14336K)->0K(14336K) From: 918K(1792K)->947K(1792K)
[2026-10-07T19:31:10.331+0000][216.572s][info][gc,heap        ] GC(91) Tenured: 23045K(35592K)->23086K(35592K)
[2026-10-07T19:31:10.331+0000][216.572s][info][gc,metaspace   ] GC(91) Metaspace: 73516K(74304K)->73516K(74304K) NonClass: 64178K(64640K)->64178K(64640K) Class: 9337K(9664K)->9337K(9664K)
[2026-10-07T19:31:10.331+0000][216.572s][info][gc             ] GC(91) Pause Young (Allocation Failure) 37M->23M(50M) 12.500ms
[2026-10-07T19:31:10.331+0000][216.572s][info][gc,cpu         ] GC(91) User=0.01s Sys=0.00s Real=0.01s
[2026-10-07T19:31:11.474+0000][217.715s][info][gc,start       ] GC(92) Pause Young (Allocation Failure)
[2026-10-07T19:31:11.481+0000][217.723s][info][gc,heap        ] GC(92) DefNew: 15283K(16128K)->995K(16128K) Eden: 14336K(14336K)->0K(14336K) From: 947K(1792K)->995K(1792K)
[2026-10-07T19:31:11.482+0000][217.723s][info][gc,heap        ] GC(92) Tenured: 23086K(35592K)->23175K(35592K)
[2026-10-07T19:31:11.482+0000][217.723s][info][gc,metaspace   ] GC(92) Metaspace: 73525K(74304K)->73525K(74304K) NonClass: 64187K(64640K)->64187K(64640K) Class: 9337K(9664K)->9337K(9664K)
[2026-10-07T19:31:11.482+0000][217.723s][info][gc             ] GC(92) Pause Young (Allocation Failure) 37M->23M(50M) 7.572ms
[2026-10-07T19:31:11.482+0000][217.723s][info][gc,cpu         ] GC(92) User=0.01s Sys=0.01s Real=0.00s
[2026-10-07T19:31:12.728+0000][218.969s][info][gc,start       ] GC(93) Pause Young (Allocation Failure)
[2026-10-07T19:31:12.735+0000][218.976s][info][gc,heap        ] GC(93) DefNew: 15331K(16128K)->952K(16128K) Eden: 14336K(14336K)->0K(14336K) From: 995K(1792K)->952K(1792K)
[2026-10-07T19:31:12.735+0000][218.976s][info][gc,heap        ] GC(93) Tenured: 23175K(35592K)->23297K(35592K)
[2026-10-07T19:31:12.736+0000][218.977s][info][gc,metaspace   ] GC(93) Metaspace: 73533K(74304K)->73533K(74304K) NonClass: 64194K(64640K)->64194K(64640K) Class: 9338K(9664K)->9338K(9664K)
[2026-10-07T19:31:12.736+0000][218.977s][info][gc             ] GC(93) Pause Young (Allocation Failure) 37M->23M(50M) 8.275ms
[2026-10-07T19:31:12.737+0000][218.978s][info][gc,cpu         ] GC(93) User=0.01s Sys=0.00s Real=0.01s
[2026-10-07T19:31:14.014+0000][220.255s][info][gc,start       ] GC(94) Pause Young (Allocation Failure)
[2026-10-07T19:31:14.037+0000][220.278s][info][gc,heap        ] GC(94) DefNew: 15288K(16128K)->805K(16128K) Eden: 14336K(14336K)->0K(14336K) From: 952K(1792K)->805K(1792K)
[2026-10-07T19:31:14.037+0000][220.278s][info][gc,heap        ] GC(94) Tenured: 23297K(35592K)->23383K(35592K)
[2026-10-07T19:31:14.037+0000][220.279s][info][gc,metaspace   ] GC(94) Metaspace: 73533K(74304K)->73533K(74304K) NonClass: 64194K(64640K)->64194K(64640K) Class: 9338K(9664K)->9338K(9664K)
[2026-10-07T19:31:14.037+0000][220.279s][info][gc             ] GC(94) Pause Young (Allocation Failure) 37M->23M(50M) 23.737ms
[2026-10-07T19:31:14.044+0000][220.285s][info][gc,cpu         ] GC(94) User=0.02s Sys=0.00s Real=0.02s
[2026-10-07T19:31:15.277+0000][221.518s][info][gc,start       ] GC(95) Pause Young (Allocation Failure)
[2026-10-07T19:31:15.284+0000][221.525s][info][gc,heap        ] GC(95) DefNew: 15141K(16128K)->866K(16128K) Eden: 14336K(14336K)->0K(14336K) From: 805K(1792K)->866K(1792K)
[2026-10-07T19:31:15.284+0000][221.525s][info][gc,heap        ] GC(95) Tenured: 23383K(35592K)->23383K(35592K)
[2026-10-07T19:31:15.284+0000][221.525s][info][gc,metaspace   ] GC(95) Metaspace: 73533K(74304K)->73533K(74304K) NonClass: 64195K(64640K)->64195K(64640K) Class: 9338K(9664K)->9338K(9664K)
[2026-10-07T19:31:15.284+0000][221.525s][info][gc             ] GC(95) Pause Young (Allocation Failure) 37M->23M(50M) 7.601ms
[2026-10-07T19:31:15.284+0000][221.525s][info][gc,cpu         ] GC(95) User=0.00s Sys=0.00s Real=0.01s
[2026-10-07T19:31:16.522+0000][222.763s][info][gc,start       ] GC(96) Pause Young (Allocation Failure)
[2026-10-07T19:31:16.529+0000][222.770s][info][gc,heap        ] GC(96) DefNew: 15202K(16128K)->944K(16128K) Eden: 14336K(14336K)->0K(14336K) From: 866K(1792K)->944K(1792K)
[2026-10-07T19:31:16.529+0000][222.770s][info][gc,heap        ] GC(96) Tenured: 23383K(35592K)->23383K(35592K)
[2026-10-07T19:31:16.529+0000][222.770s][info][gc,metaspace   ] GC(96) Metaspace: 73547K(74304K)->73547K(74304K) NonClass: 64208K(64640K)->64208K(64640K) Class: 9338K(9664K)->9338K(9664K)
[2026-10-07T19:31:16.529+0000][222.770s][info][gc             ] GC(96) Pause Young (Allocation Failure) 37M->23M(50M) 7.488ms
[2026-10-07T19:31:16.529+0000][222.770s][info][gc,cpu         ] GC(96) User=0.00s Sys=0.00s Real=0.01s
[2026-10-07T19:31:17.775+0000][224.016s][info][gc,start       ] GC(97) Pause Young (Allocation Failure)
[2026-10-07T19:31:17.782+0000][224.023s][info][gc,heap        ] GC(97) DefNew: 15280K(16128K)->997K(16128K) Eden: 14336K(14336K)->0K(14336K) From: 944K(1792K)->997K(1792K)
[2026-10-07T19:31:17.782+0000][224.023s][info][gc,heap        ] GC(97) Tenured: 23383K(35592K)->23459K(35592K)
[2026-10-07T19:31:17.782+0000][224.023s][info][gc,metaspace   ] GC(97) Metaspace: 73547K(74304K)->73547K(74304K) NonClass: 64209K(64640K)->64209K(64640K) Class: 9338K(9664K)->9338K(9664K)
[2026-10-07T19:31:17.782+0000][224.023s][info][gc             ] GC(97) Pause Young (Allocation Failure) 37M->23M(50M) 7.533ms
[2026-10-07T19:31:17.782+0000][224.023s][info][gc,cpu         ] GC(97) User=0.01s Sys=0.00s Real=0.00s
[2026-10-07T19:31:19.021+0000][225.262s][info][gc,start       ] GC(98) Pause Young (Allocation Failure)
[2026-10-07T19:31:19.028+0000][225.269s][info][gc,heap        ] GC(98) DefNew: 15333K(16128K)->773K(16128K) Eden: 14336K(14336K)->0K(14336K) From: 997K(1792K)->773K(1792K)
[2026-10-07T19:31:19.028+0000][225.269s][info][gc,heap        ] GC(98) Tenured: 23459K(35592K)->23594K(35592K)
[2026-10-07T19:31:19.028+0000][225.269s][info][gc,metaspace   ] GC(98) Metaspace: 73549K(74304K)->73549K(74304K) NonClass: 64210K(64640K)->64210K(64640K) Class: 9338K(9664K)->9338K(9664K)
[2026-10-07T19:31:19.028+0000][225.269s][info][gc             ] GC(98) Pause Young (Allocation Failure) 37M->23M(50M) 7.042ms
[2026-10-07T19:31:19.028+0000][225.269s][info][gc,cpu         ] GC(98) User=0.01s Sys=0.00s Real=0.01s
[2026-10-07T19:31:20.307+0000][226.548s][info][gc,start       ] GC(99) Pause Young (Allocation Failure)
[2026-10-07T19:31:20.314+0000][226.555s][info][gc,heap        ] GC(99) DefNew: 15109K(16128K)->864K(16128K) Eden: 14336K(14336K)->0K(14336K) From: 773K(1792K)->864K(1792K)
[2026-10-07T19:31:20.314+0000][226.555s][info][gc,heap        ] GC(99) Tenured: 23594K(35592K)->23594K(35592K)
[2026-10-07T19:31:20.314+0000][226.555s][info][gc,metaspace   ] GC(99) Metaspace: 73556K(74304K)->73556K(74304K) NonClass: 64218K(64640K)->64218K(64640K) Class: 9338K(9664K)->9338K(9664K)
[2026-10-07T19:31:20.314+0000][226.555s][info][gc             ] GC(99) Pause Young (Allocation Failure) 37M->23M(50M) 7.037ms
[2026-10-07T19:31:20.314+0000][226.555s][info][gc,cpu         ] GC(99) User=0.01s Sys=0.00s Real=0.01s
[2026-10-07T19:31:21.560+0000][227.801s][info][gc,start       ] GC(100) Pause Young (Allocation Failure)
[2026-10-07T19:31:21.569+0000][227.810s][info][gc,heap        ] GC(100) DefNew: 15200K(16128K)->951K(16128K) Eden: 14336K(14336K)->0K(14336K) From: 864K(1792K)->951K(1792K)
[2026-10-07T19:31:21.569+0000][227.810s][info][gc,heap        ] GC(100) Tenured: 23594K(35592K)->23594K(35592K)
[2026-10-07T19:31:21.569+0000][227.810s][info][gc,metaspace   ] GC(100) Metaspace: 73568K(74304K)->73568K(74304K) NonClass: 64229K(64640K)->64229K(64640K) Class: 9338K(9664K)->9338K(9664K)
[2026-10-07T19:31:21.569+0000][227.810s][info][gc             ] GC(100) Pause Young (Allocation Failure) 37M->23M(50M) 9.388ms
[2026-10-07T19:31:21.569+0000][227.810s][info][gc,cpu         ] GC(100) User=0.00s Sys=0.00s Real=0.01s
[2026-10-07T19:31:22.801+0000][229.042s][info][gc,start       ] GC(101) Pause Young (Allocation Failure)
[2026-10-07T19:31:22.809+0000][229.050s][info][gc,heap        ] GC(101) DefNew: 15287K(16128K)->934K(16128K) Eden: 14336K(14336K)->0K(14336K) From: 951K(1792K)->934K(1792K)
[2026-10-07T19:31:22.809+0000][229.050s][info][gc,heap        ] GC(101) Tenured: 23594K(35592K)->23682K(35592K)
[2026-10-07T19:31:22.809+0000][229.050s][info][gc,metaspace   ] GC(101) Metaspace: 73568K(74304K)->73568K(74304K) NonClass: 64229K(64640K)->64229K(64640K) Class: 9338K(9664K)->9338K(9664K)
[2026-10-07T19:31:22.809+0000][229.050s][info][gc             ] GC(101) Pause Young (Allocation Failure) 37M->24M(50M) 7.949ms
[2026-10-07T19:31:22.809+0000][229.050s][info][gc,cpu         ] GC(101) User=0.00s Sys=0.00s Real=0.01s
[2026-10-07T19:31:24.012+0000][230.253s][info][gc,start       ] GC(102) Pause Young (Allocation Failure)
[2026-10-07T19:31:24.026+0000][230.267s][info][gc,heap        ] GC(102) DefNew: 15270K(16128K)->731K(16128K) Eden: 14336K(14336K)->0K(14336K) From: 934K(1792K)->731K(1792K)
[2026-10-07T19:31:24.026+0000][230.267s][info][gc,heap        ] GC(102) Tenured: 23682K(35592K)->23846K(35592K)
[2026-10-07T19:31:24.026+0000][230.267s][info][gc,metaspace   ] GC(102) Metaspace: 73570K(74304K)->73570K(74304K) NonClass: 64231K(64640K)->64231K(64640K) Class: 9338K(9664K)->9338K(9664K)
[2026-10-07T19:31:24.026+0000][230.267s][info][gc             ] GC(102) Pause Young (Allocation Failure) 38M->24M(50M) 14.541ms
[2026-10-07T19:31:24.026+0000][230.267s][info][gc,cpu         ] GC(102) User=0.01s Sys=0.00s Real=0.02s
[2026-10-07T19:31:25.301+0000][231.542s][info][gc,start       ] GC(103) Pause Young (Allocation Failure)
[2026-10-07T19:31:25.308+0000][231.549s][info][gc,heap        ] GC(103) DefNew: 15067K(16128K)->786K(16128K) Eden: 14336K(14336K)->0K(14336K) From: 731K(1792K)->786K(1792K)
[2026-10-07T19:31:25.308+0000][231.549s][info][gc,heap        ] GC(103) Tenured: 23846K(35592K)->23846K(35592K)
[2026-10-07T19:31:25.308+0000][231.549s][info][gc,metaspace   ] GC(103) Metaspace: 73571K(74304K)->73571K(74304K) NonClass: 64233K(64640K)->64233K(64640K) Class: 9338K(9664K)->9338K(9664K)
[2026-10-07T19:31:25.308+0000][231.549s][info][gc             ] GC(103) Pause Young (Allocation Failure) 38M->24M(50M) 6.501ms
[2026-10-07T19:31:25.308+0000][231.549s][info][gc,cpu         ] GC(103) User=0.00s Sys=0.00s Real=0.01s
[2026-10-07T19:31:26.570+0000][232.811s][info][gc,start       ] GC(104) Pause Young (Allocation Failure)
[2026-10-07T19:31:26.585+0000][232.826s][info][gc,heap        ] GC(104) DefNew: 15122K(16128K)->893K(16128K) Eden: 14336K(14336K)->0K(14336K) From: 786K(1792K)->893K(1792K)
[2026-10-07T19:31:26.585+0000][232.826s][info][gc,heap        ] GC(104) Tenured: 23846K(35592K)->23846K(35592K)
[2026-10-07T19:31:26.585+0000][232.826s][info][gc,metaspace   ] GC(104) Metaspace: 73581K(74304K)->73581K(74304K) NonClass: 64242K(64640K)->64242K(64640K) Class: 9338K(9664K)->9338K(9664K)
[2026-10-07T19:31:26.585+0000][232.826s][info][gc             ] GC(104) Pause Young (Allocation Failure) 38M->24M(50M) 15.179ms
[2026-10-07T19:31:26.585+0000][232.827s][info][gc,cpu         ] GC(104) User=0.01s Sys=0.01s Real=0.02s
[2026-10-07T19:31:27.806+0000][234.047s][info][gc,start       ] GC(105) Pause Young (Allocation Failure)
[2026-10-07T19:31:27.812+0000][234.054s][info][gc,heap        ] GC(105) DefNew: 15229K(16128K)->930K(16128K) Eden: 14336K(14336K)->0K(14336K) From: 893K(1792K)->930K(1792K)
[2026-10-07T19:31:27.812+0000][234.054s][info][gc,heap        ] GC(105) Tenured: 23846K(35592K)->23846K(35592K)
[2026-10-07T19:31:27.813+0000][234.054s][info][gc,metaspace   ] GC(105) Metaspace: 73584K(74304K)->73584K(74304K) NonClass: 64245K(64640K)->64245K(64640K) Class: 9338K(9664K)->9338K(9664K)
[2026-10-07T19:31:27.813+0000][234.054s][info][gc             ] GC(105) Pause Young (Allocation Failure) 38M->24M(50M) 6.528ms
[2026-10-07T19:31:27.813+0000][234.054s][info][gc,cpu         ] GC(105) User=0.00s Sys=0.00s Real=0.00s
[2026-10-07T19:31:29.076+0000][235.317s][info][gc,start       ] GC(106) Pause Young (Allocation Failure)
[2026-10-07T19:31:29.100+0000][235.341s][info][gc,heap        ] GC(106) DefNew: 15266K(16128K)->936K(16128K) Eden: 14336K(14336K)->0K(14336K) From: 930K(1792K)->936K(1792K)
[2026-10-07T19:31:29.100+0000][235.341s][info][gc,heap        ] GC(106) Tenured: 23846K(35592K)->23901K(35592K)
[2026-10-07T19:31:29.100+0000][235.341s][info][gc,metaspace   ] GC(106) Metaspace: 73589K(74304K)->73589K(74304K) NonClass: 64250K(64640K)->64250K(64640K) Class: 9338K(9664K)->9338K(9664K)
[2026-10-07T19:31:29.100+0000][235.341s][info][gc             ] GC(106) Pause Young (Allocation Failure) 38M->24M(50M) 24.505ms
[2026-10-07T19:31:29.100+0000][235.341s][info][gc,cpu         ] GC(106) User=0.01s Sys=0.00s Real=0.02s
[2026-10-07T19:31:30.352+0000][236.593s][info][gc,start       ] GC(107) Pause Young (Allocation Failure)
[2026-10-07T19:31:30.367+0000][236.608s][info][gc,heap        ] GC(107) DefNew: 15272K(16128K)->1767K(16128K) Eden: 14336K(14336K)->0K(14336K) From: 936K(1792K)->1767K(1792K)
[2026-10-07T19:31:30.367+0000][236.608s][info][gc,heap        ] GC(107) Tenured: 23901K(35592K)->23942K(35592K)
[2026-10-07T19:31:30.367+0000][236.608s][info][gc,metaspace   ] GC(107) Metaspace: 73748K(74496K)->73748K(74496K) NonClass: 64410K(64832K)->64410K(64832K) Class: 9338K(9664K)->9338K(9664K)
[2026-10-07T19:31:30.367+0000][236.608s][info][gc             ] GC(107) Pause Young (Allocation Failure) 38M->25M(50M) 15.399ms
[2026-10-07T19:31:30.367+0000][236.608s][info][gc,cpu         ] GC(107) User=0.01s Sys=0.00s Real=0.02s
[2026-10-07T19:31:31.284+0000][237.525s][info][gc,start       ] GC(108) Pause Young (Allocation Failure)
[2026-10-07T19:31:31.299+0000][237.540s][info][gc,heap        ] GC(108) DefNew: 16103K(16128K)->1110K(16128K) Eden: 14336K(14336K)->0K(14336K) From: 1767K(1792K)->1110K(1792K)
[2026-10-07T19:31:31.299+0000][237.540s][info][gc,heap        ] GC(108) Tenured: 23942K(35592K)->25570K(35592K)
[2026-10-07T19:31:31.299+0000][237.540s][info][gc,metaspace   ] GC(108) Metaspace: 73775K(74496K)->73775K(74496K) NonClass: 64437K(64832K)->64437K(64832K) Class: 9338K(9664K)->9338K(9664K)
[2026-10-07T19:31:31.299+0000][237.540s][info][gc             ] GC(108) Pause Young (Allocation Failure) 39M->26M(50M) 15.390ms
[2026-10-07T19:31:31.299+0000][237.540s][info][gc,cpu         ] GC(108) User=0.01s Sys=0.00s Real=0.01s
[2026-10-07T19:31:32.270+0000][238.511s][info][gc,start       ] GC(109) Pause Young (Allocation Failure)
[2026-10-07T19:31:32.283+0000][238.525s][info][gc,heap        ] GC(109) DefNew: 15446K(16128K)->782K(16128K) Eden: 14336K(14336K)->0K(14336K) From: 1110K(1792K)->782K(1792K)
[2026-10-07T19:31:32.284+0000][238.525s][info][gc,heap        ] GC(109) Tenured: 25570K(35592K)->26575K(35592K)
[2026-10-07T19:31:32.284+0000][238.525s][info][gc,metaspace   ] GC(109) Metaspace: 73779K(74496K)->73779K(74496K) NonClass: 64441K(64832K)->64441K(64832K) Class: 9338K(9664K)->9338K(9664K)
[2026-10-07T19:31:32.285+0000][238.526s][info][gc             ] GC(109) Pause Young (Allocation Failure) 40M->26M(50M) 14.293ms
[2026-10-07T19:31:32.285+0000][238.526s][info][gc,cpu         ] GC(109) User=0.01s Sys=0.00s Real=0.02s
[2026-10-07T19:31:33.437+0000][239.678s][info][gc,start       ] GC(110) Pause Young (Allocation Failure)
[2026-10-07T19:31:33.445+0000][239.686s][info][gc,heap        ] GC(110) DefNew: 15118K(16128K)->1208K(16128K) Eden: 14336K(14336K)->0K(14336K) From: 782K(1792K)->1208K(1792K)
[2026-10-07T19:31:33.445+0000][239.686s][info][gc,heap        ] GC(110) Tenured: 26575K(35592K)->26575K(35592K)
[2026-10-07T19:31:33.445+0000][239.686s][info][gc,metaspace   ] GC(110) Metaspace: 73779K(74496K)->73779K(74496K) NonClass: 64441K(64832K)->64441K(64832K) Class: 9338K(9664K)->9338K(9664K)
[2026-10-07T19:31:33.445+0000][239.686s][info][gc             ] GC(110) Pause Young (Allocation Failure) 40M->27M(50M) 8.127ms
[2026-10-07T19:31:33.445+0000][239.686s][info][gc,cpu         ] GC(110) User=0.00s Sys=0.00s Real=0.01s
[2026-10-07T19:31:34.657+0000][240.898s][info][gc,start       ] GC(111) Pause Young (Allocation Failure)
[2026-10-07T19:31:34.675+0000][240.916s][info][gc,heap        ] GC(111) DefNew: 15544K(16128K)->1040K(16128K) Eden: 14336K(14336K)->0K(14336K) From: 1208K(1792K)->1040K(1792K)
[2026-10-07T19:31:34.675+0000][240.916s][info][gc,heap        ] GC(111) Tenured: 26575K(35592K)->27228K(35592K)
[2026-10-07T19:31:34.675+0000][240.916s][info][gc,metaspace   ] GC(111) Metaspace: 73783K(74496K)->73783K(74496K) NonClass: 64445K(64832K)->64445K(64832K) Class: 9338K(9664K)->9338K(9664K)
[2026-10-07T19:31:34.675+0000][240.916s][info][gc             ] GC(111) Pause Young (Allocation Failure) 41M->27M(50M) 18.265ms
[2026-10-07T19:31:34.675+0000][240.916s][info][gc,cpu         ] GC(111) User=0.01s Sys=0.01s Real=0.02s
[2026-10-07T19:31:35.886+0000][242.127s][info][gc,start       ] GC(112) Pause Young (Allocation Failure)
[2026-10-07T19:31:35.898+0000][242.139s][info][gc,heap        ] GC(112) DefNew: 15376K(16128K)->1018K(16128K) Eden: 14336K(14336K)->0K(14336K) From: 1040K(1792K)->1018K(1792K)
[2026-10-07T19:31:35.899+0000][242.140s][info][gc,heap        ] GC(112) Tenured: 27228K(35592K)->27622K(35592K)
[2026-10-07T19:31:35.899+0000][242.140s][info][gc,metaspace   ] GC(112) Metaspace: 73784K(74496K)->73784K(74496K) NonClass: 64446K(64832K)->64446K(64832K) Class: 9338K(9664K)->9338K(9664K)
[2026-10-07T19:31:35.900+0000][242.141s][info][gc             ] GC(112) Pause Young (Allocation Failure) 41M->27M(50M) 14.120ms
[2026-10-07T19:31:35.900+0000][242.141s][info][gc,cpu         ] GC(112) User=0.01s Sys=0.00s Real=0.01s
[2026-10-07T19:31:37.151+0000][243.392s][info][gc,start       ] GC(113) Pause Young (Allocation Failure)
[2026-10-07T19:31:37.163+0000][243.404s][info][gc,heap        ] GC(113) DefNew: 15354K(16128K)->649K(16128K) Eden: 14336K(14336K)->0K(14336K) From: 1018K(1792K)->649K(1792K)
[2026-10-07T19:31:37.163+0000][243.404s][info][gc,heap        ] GC(113) Tenured: 27622K(35592K)->28130K(35592K)
[2026-10-07T19:31:37.163+0000][243.404s][info][gc,metaspace   ] GC(113) Metaspace: 73787K(74496K)->73787K(74496K) NonClass: 64448K(64832K)->64448K(64832K) Class: 9338K(9664K)->9338K(9664K)
[2026-10-07T19:31:37.163+0000][243.404s][info][gc             ] GC(113) Pause Young (Allocation Failure) 41M->28M(50M) 12.199ms
[2026-10-07T19:31:37.163+0000][243.404s][info][gc,cpu         ] GC(113) User=0.00s Sys=0.00s Real=0.01s
[2026-10-07T19:31:38.324+0000][244.565s][info][gc,start       ] GC(114) Pause Young (Allocation Failure)
[2026-10-07T19:31:38.331+0000][244.572s][info][gc,heap        ] GC(114) DefNew: 14985K(16128K)->822K(16128K) Eden: 14336K(14336K)->0K(14336K) From: 649K(1792K)->822K(1792K)
[2026-10-07T19:31:38.331+0000][244.572s][info][gc,heap        ] GC(114) Tenured: 28130K(35592K)->28130K(35592K)
[2026-10-07T19:31:38.331+0000][244.572s][info][gc,metaspace   ] GC(114) Metaspace: 73788K(74496K)->73788K(74496K) NonClass: 64449K(64832K)->64449K(64832K) Class: 9338K(9664K)->9338K(9664K)
[2026-10-07T19:31:38.331+0000][244.572s][info][gc             ] GC(114) Pause Young (Allocation Failure) 42M->28M(50M) 7.187ms
[2026-10-07T19:31:38.331+0000][244.572s][info][gc,cpu         ] GC(114) User=0.00s Sys=0.00s Real=0.00s
[2026-10-07T19:31:39.569+0000][245.810s][info][gc,start       ] GC(115) Pause Young (Allocation Failure)
[2026-10-07T19:31:39.575+0000][245.816s][info][gc,heap        ] GC(115) DefNew: 15158K(16128K)->1000K(16128K) Eden: 14336K(14336K)->0K(14336K) From: 822K(1792K)->1000K(1792K)
[2026-10-07T19:31:39.575+0000][245.816s][info][gc,heap        ] GC(115) Tenured: 28130K(35592K)->28130K(35592K)
[2026-10-07T19:31:39.575+0000][245.816s][info][gc,metaspace   ] GC(115) Metaspace: 73788K(74496K)->73788K(74496K) NonClass: 64450K(64832K)->64450K(64832K) Class: 9338K(9664K)->9338K(9664K)
[2026-10-07T19:31:39.575+0000][245.816s][info][gc             ] GC(115) Pause Young (Allocation Failure) 42M->28M(50M) 6.300ms
[2026-10-07T19:31:39.575+0000][245.816s][info][gc,cpu         ] GC(115) User=0.01s Sys=0.00s Real=0.01s
[2026-10-07T19:31:40.828+0000][247.069s][info][gc,start       ] GC(116) Pause Young (Allocation Failure)
[2026-10-07T19:31:40.835+0000][247.076s][info][gc,heap        ] GC(116) DefNew: 15336K(16128K)->838K(16128K) Eden: 14336K(14336K)->0K(14336K) From: 1000K(1792K)->838K(1792K)
[2026-10-07T19:31:40.835+0000][247.076s][info][gc,heap        ] GC(116) Tenured: 28130K(35592K)->28413K(35592K)
[2026-10-07T19:31:40.835+0000][247.076s][info][gc,metaspace   ] GC(116) Metaspace: 73789K(74496K)->73789K(74496K) NonClass: 64451K(64832K)->64451K(64832K) Class: 9338K(9664K)->9338K(9664K)
[2026-10-07T19:31:40.835+0000][247.076s][info][gc             ] GC(116) Pause Young (Allocation Failure) 42M->28M(50M) 7.258ms
[2026-10-07T19:31:40.835+0000][247.076s][info][gc,cpu         ] GC(116) User=0.01s Sys=0.00s Real=0.01s
[2026-10-07T19:31:42.115+0000][248.356s][info][gc,start       ] GC(117) Pause Young (Allocation Failure)
[2026-10-07T19:31:42.137+0000][248.378s][info][gc,heap        ] GC(117) DefNew: 15174K(16128K)->926K(16128K) Eden: 14336K(14336K)->0K(14336K) From: 838K(1792K)->926K(1792K)
[2026-10-07T19:31:42.137+0000][248.378s][info][gc,heap        ] GC(117) Tenured: 28413K(35592K)->28413K(35592K)
[2026-10-07T19:31:42.137+0000][248.378s][info][gc,metaspace   ] GC(117) Metaspace: 73791K(74496K)->73791K(74496K) NonClass: 64452K(64832K)->64452K(64832K) Class: 9338K(9664K)->9338K(9664K)
[2026-10-07T19:31:42.137+0000][248.378s][info][gc             ] GC(117) Pause Young (Allocation Failure) 42M->28M(50M) 22.139ms
[2026-10-07T19:31:42.137+0000][248.378s][info][gc,cpu         ] GC(117) User=0.00s Sys=0.00s Real=0.02s
[2026-10-07T19:31:43.339+0000][249.580s][info][gc,start       ] GC(118) Pause Young (Allocation Failure)
[2026-10-07T19:31:43.347+0000][249.588s][info][gc,heap        ] GC(118) DefNew: 15262K(16128K)->888K(16128K) Eden: 14336K(14336K)->0K(14336K) From: 926K(1792K)->888K(1792K)
[2026-10-07T19:31:43.347+0000][249.588s][info][gc,heap        ] GC(118) Tenured: 28413K(35592K)->28575K(35592K)
[2026-10-07T19:31:43.347+0000][249.588s][info][gc,metaspace   ] GC(118) Metaspace: 73791K(74496K)->73791K(74496K) NonClass: 64452K(64832K)->64452K(64832K) Class: 9338K(9664K)->9338K(9664K)
[2026-10-07T19:31:43.347+0000][249.588s][info][gc             ] GC(118) Pause Young (Allocation Failure) 42M->28M(50M) 8.312ms
[2026-10-07T19:31:43.347+0000][249.588s][info][gc,cpu         ] GC(118) User=0.01s Sys=0.00s Real=0.01s
[2026-10-07T19:31:44.619+0000][250.860s][info][gc,start       ] GC(119) Pause Young (Allocation Failure)
[2026-10-07T19:31:44.630+0000][250.871s][info][gc,heap        ] GC(119) DefNew: 15224K(16128K)->855K(16128K) Eden: 14335K(14336K)->0K(14336K) From: 888K(1792K)->855K(1792K)
[2026-10-07T19:31:44.630+0000][250.871s][info][gc,heap        ] GC(119) Tenured: 28575K(35592K)->28575K(35592K)
[2026-10-07T19:31:44.630+0000][250.871s][info][gc,metaspace   ] GC(119) Metaspace: 73792K(74496K)->73792K(74496K) NonClass: 64453K(64832K)->64453K(64832K) Class: 9338K(9664K)->9338K(9664K)
[2026-10-07T19:31:44.630+0000][250.872s][info][gc             ] GC(119) Pause Young (Allocation Failure) 42M->28M(50M) 11.726ms
[2026-10-07T19:31:44.630+0000][250.872s][info][gc,cpu         ] GC(119) User=0.01s Sys=0.00s Real=0.01s
[2026-10-07T19:31:45.852+0000][252.093s][info][gc,start       ] GC(120) Pause Young (Allocation Failure)
[2026-10-07T19:31:45.859+0000][252.100s][info][gc,heap        ] GC(120) DefNew: 15191K(16128K)->934K(16128K) Eden: 14336K(14336K)->0K(14336K) From: 855K(1792K)->934K(1792K)
[2026-10-07T19:31:45.859+0000][252.100s][info][gc,heap        ] GC(120) Tenured: 28575K(35592K)->28575K(35592K)
[2026-10-07T19:31:45.859+0000][252.100s][info][gc,metaspace   ] GC(120) Metaspace: 73796K(74560K)->73796K(74560K) NonClass: 64458K(64896K)->64458K(64896K) Class: 9338K(9664K)->9338K(9664K)
[2026-10-07T19:31:45.859+0000][252.100s][info][gc             ] GC(120) Pause Young (Allocation Failure) 42M->28M(50M) 6.911ms
[2026-10-07T19:31:45.861+0000][252.102s][info][gc,cpu         ] GC(120) User=0.00s Sys=0.00s Real=0.01s
[2026-10-07T19:31:47.141+0000][253.382s][info][gc,start       ] GC(121) Pause Young (Allocation Failure)
[2026-10-07T19:31:47.164+0000][253.405s][info][gc,heap        ] GC(121) DefNew: 15269K(16128K)->868K(16128K) Eden: 14335K(14336K)->0K(14336K) From: 934K(1792K)->868K(1792K)
[2026-10-07T19:31:47.166+0000][253.407s][info][gc,heap        ] GC(121) Tenured: 28575K(35592K)->28706K(35592K)
[2026-10-07T19:31:47.166+0000][253.407s][info][gc,metaspace   ] GC(121) Metaspace: 73803K(74560K)->73803K(74560K) NonClass: 64465K(64896K)->64465K(64896K) Class: 9338K(9664K)->9338K(9664K)
[2026-10-07T19:31:47.166+0000][253.407s][info][gc             ] GC(121) Pause Young (Allocation Failure) 42M->28M(50M) 25.201ms
[2026-10-07T19:31:47.166+0000][253.407s][info][gc,cpu         ] GC(121) User=0.01s Sys=0.00s Real=0.03s
[2026-10-07T19:31:48.381+0000][254.622s][info][gc,start       ] GC(122) Pause Young (Allocation Failure)
[2026-10-07T19:31:48.397+0000][254.638s][info][gc,heap        ] GC(122) DefNew: 15204K(16128K)->981K(16128K) Eden: 14336K(14336K)->0K(14336K) From: 868K(1792K)->981K(1792K)
[2026-10-07T19:31:48.397+0000][254.638s][info][gc,heap        ] GC(122) Tenured: 28706K(35592K)->28706K(35592K)
[2026-10-07T19:31:48.397+0000][254.638s][info][gc,metaspace   ] GC(122) Metaspace: 73804K(74560K)->73804K(74560K) NonClass: 64465K(64896K)->64465K(64896K) Class: 9338K(9664K)->9338K(9664K)
[2026-10-07T19:31:48.397+0000][254.638s][info][gc             ] GC(122) Pause Young (Allocation Failure) 42M->28M(50M) 16.735ms
[2026-10-07T19:31:48.397+0000][254.638s][info][gc,cpu         ] GC(122) User=0.01s Sys=0.00s Real=0.02s
[2026-10-07T19:31:49.644+0000][255.885s][info][gc,start       ] GC(123) Pause Young (Allocation Failure)
[2026-10-07T19:31:49.655+0000][255.896s][info][gc,heap        ] GC(123) DefNew: 15317K(16128K)->729K(16128K) Eden: 14336K(14336K)->0K(14336K) From: 981K(1792K)->729K(1792K)
[2026-10-07T19:31:49.655+0000][255.896s][info][gc,heap        ] GC(123) Tenured: 28706K(35592K)->28850K(35592K)
[2026-10-07T19:31:49.655+0000][255.896s][info][gc,metaspace   ] GC(123) Metaspace: 73804K(74560K)->73804K(74560K) NonClass: 64465K(64896K)->64465K(64896K) Class: 9338K(9664K)->9338K(9664K)
[2026-10-07T19:31:49.655+0000][255.896s][info][gc             ] GC(123) Pause Young (Allocation Failure) 42M->28M(50M) 10.497ms
[2026-10-07T19:31:49.655+0000][255.896s][info][gc,cpu         ] GC(123) User=0.01s Sys=0.00s Real=0.01s
[2026-10-07T19:31:50.910+0000][257.151s][info][gc,start       ] GC(124) Pause Young (Allocation Failure)
[2026-10-07T19:31:50.922+0000][257.163s][info][gc,heap        ] GC(124) DefNew: 15065K(16128K)->797K(16128K) Eden: 14336K(14336K)->0K(14336K) From: 729K(1792K)->797K(1792K)
[2026-10-07T19:31:50.922+0000][257.163s][info][gc,heap        ] GC(124) Tenured: 28850K(35592K)->28850K(35592K)
[2026-10-07T19:31:50.922+0000][257.163s][info][gc,metaspace   ] GC(124) Metaspace: 73810K(74560K)->73810K(74560K) NonClass: 64471K(64896K)->64471K(64896K) Class: 9338K(9664K)->9338K(9664K)
[2026-10-07T19:31:50.922+0000][257.163s][info][gc             ] GC(124) Pause Young (Allocation Failure) 42M->28M(50M) 12.099ms
[2026-10-07T19:31:50.922+0000][257.163s][info][gc,cpu         ] GC(124) User=0.01s Sys=0.00s Real=0.01s
[2026-10-07T19:31:52.216+0000][258.457s][info][gc,start       ] GC(125) Pause Young (Allocation Failure)
[2026-10-07T19:31:52.222+0000][258.463s][info][gc,heap        ] GC(125) DefNew: 15133K(16128K)->844K(16128K) Eden: 14336K(14336K)->0K(14336K) From: 797K(1792K)->844K(1792K)
[2026-10-07T19:31:52.222+0000][258.463s][info][gc,heap        ] GC(125) Tenured: 28850K(35592K)->28850K(35592K)
[2026-10-07T19:31:52.222+0000][258.463s][info][gc,metaspace   ] GC(125) Metaspace: 73811K(74560K)->73811K(74560K) NonClass: 64473K(64896K)->64473K(64896K) Class: 9338K(9664K)->9338K(9664K)
[2026-10-07T19:31:52.222+0000][258.463s][info][gc             ] GC(125) Pause Young (Allocation Failure) 42M->28M(50M) 6.325ms
[2026-10-07T19:31:52.222+0000][258.463s][info][gc,cpu         ] GC(125) User=0.01s Sys=0.00s Real=0.00s
[2026-10-07T19:31:53.406+0000][259.647s][info][gc,start       ] GC(126) Pause Young (Allocation Failure)
[2026-10-07T19:31:53.419+0000][259.660s][info][gc,heap        ] GC(126) DefNew: 15180K(16128K)->912K(16128K) Eden: 14336K(14336K)->0K(14336K) From: 844K(1792K)->912K(1792K)
[2026-10-07T19:31:53.419+0000][259.660s][info][gc,heap        ] GC(126) Tenured: 28850K(35592K)->28850K(35592K)
[2026-10-07T19:31:53.419+0000][259.660s][info][gc,metaspace   ] GC(126) Metaspace: 73820K(74560K)->73820K(74560K) NonClass: 64482K(64896K)->64482K(64896K) Class: 9338K(9664K)->9338K(9664K)
[2026-10-07T19:31:53.419+0000][259.660s][info][gc             ] GC(126) Pause Young (Allocation Failure) 42M->29M(50M) 12.752ms
[2026-10-07T19:31:53.419+0000][259.660s][info][gc,cpu         ] GC(126) User=0.02s Sys=0.00s Real=0.01s
[2026-10-07T19:31:54.669+0000][260.910s][info][gc,start       ] GC(127) Pause Young (Allocation Failure)
[2026-10-07T19:31:54.677+0000][260.918s][info][gc,heap        ] GC(127) DefNew: 15248K(16128K)->784K(16128K) Eden: 14336K(14336K)->0K(14336K) From: 912K(1792K)->784K(1792K)
[2026-10-07T19:31:54.677+0000][260.918s][info][gc,heap        ] GC(127) Tenured: 28850K(35592K)->28918K(35592K)
[2026-10-07T19:31:54.677+0000][260.918s][info][gc,metaspace   ] GC(127) Metaspace: 73829K(74560K)->73829K(74560K) NonClass: 64491K(64896K)->64491K(64896K) Class: 9338K(9664K)->9338K(9664K)
[2026-10-07T19:31:54.678+0000][260.919s][info][gc             ] GC(127) Pause Young (Allocation Failure) 43M->29M(50M) 8.534ms
[2026-10-07T19:31:54.678+0000][260.919s][info][gc,cpu         ] GC(127) User=0.01s Sys=0.01s Real=0.01s
[2026-10-07T19:31:55.930+0000][262.172s][info][gc,start       ] GC(128) Pause Young (Allocation Failure)
[2026-10-07T19:31:55.941+0000][262.182s][info][gc,heap        ] GC(128) DefNew: 15120K(16128K)->875K(16128K) Eden: 14336K(14336K)->0K(14336K) From: 784K(1792K)->875K(1792K)
[2026-10-07T19:31:55.941+0000][262.182s][info][gc,heap        ] GC(128) Tenured: 28918K(35592K)->28918K(35592K)
[2026-10-07T19:31:55.941+0000][262.182s][info][gc,metaspace   ] GC(128) Metaspace: 73832K(74560K)->73832K(74560K) NonClass: 64493K(64896K)->64493K(64896K) Class: 9338K(9664K)->9338K(9664K)
[2026-10-07T19:31:55.941+0000][262.182s][info][gc             ] GC(128) Pause Young (Allocation Failure) 43M->29M(50M) 10.356ms
[2026-10-07T19:31:55.941+0000][262.182s][info][gc,cpu         ] GC(128) User=0.00s Sys=0.00s Real=0.01s
[2026-10-07T19:31:57.225+0000][263.466s][info][gc,start       ] GC(129) Pause Young (Allocation Failure)
[2026-10-07T19:31:57.235+0000][263.476s][info][gc,heap        ] GC(129) DefNew: 15211K(16128K)->893K(16128K) Eden: 14336K(14336K)->0K(14336K) From: 875K(1792K)->893K(1792K)
[2026-10-07T19:31:57.237+0000][263.478s][info][gc,heap        ] GC(129) Tenured: 28918K(35592K)->28918K(35592K)
[2026-10-07T19:31:57.237+0000][263.478s][info][gc,metaspace   ] GC(129) Metaspace: 73840K(74560K)->73840K(74560K) NonClass: 64501K(64896K)->64501K(64896K) Class: 9338K(9664K)->9338K(9664K)
[2026-10-07T19:31:57.237+0000][263.478s][info][gc             ] GC(129) Pause Young (Allocation Failure) 43M->29M(50M) 11.865ms
[2026-10-07T19:31:57.237+0000][263.478s][info][gc,cpu         ] GC(129) User=0.01s Sys=0.00s Real=0.01s
[2026-10-07T19:31:58.479+0000][264.720s][info][gc,start       ] GC(130) Pause Young (Allocation Failure)
[2026-10-07T19:31:58.486+0000][264.727s][info][gc,heap        ] GC(130) DefNew: 15229K(16128K)->960K(16128K) Eden: 14336K(14336K)->0K(14336K) From: 893K(1792K)->960K(1792K)
[2026-10-07T19:31:58.486+0000][264.727s][info][gc,heap        ] GC(130) Tenured: 28918K(35592K)->28918K(35592K)
[2026-10-07T19:31:58.486+0000][264.727s][info][gc,metaspace   ] GC(130) Metaspace: 73843K(74560K)->73843K(74560K) NonClass: 64504K(64896K)->64504K(64896K) Class: 9338K(9664K)->9338K(9664K)
[2026-10-07T19:31:58.486+0000][264.727s][info][gc             ] GC(130) Pause Young (Allocation Failure) 43M->29M(50M) 7.117ms
[2026-10-07T19:31:58.487+0000][264.728s][info][gc,cpu         ] GC(130) User=0.00s Sys=0.00s Real=0.01s
[2026-10-07T19:31:59.734+0000][265.976s][info][gc,start       ] GC(131) Pause Young (Allocation Failure)
[2026-10-07T19:31:59.741+0000][265.982s][info][gc,heap        ] GC(131) DefNew: 15296K(16128K)->808K(16128K) Eden: 14336K(14336K)->0K(14336K) From: 960K(1792K)->808K(1792K)
[2026-10-07T19:31:59.741+0000][265.982s][info][gc,heap        ] GC(131) Tenured: 28918K(35592K)->29087K(35592K)
[2026-10-07T19:31:59.741+0000][265.982s][info][gc,metaspace   ] GC(131) Metaspace: 73846K(74560K)->73846K(74560K) NonClass: 64507K(64896K)->64507K(64896K) Class: 9338K(9664K)->9338K(9664K)
[2026-10-07T19:31:59.741+0000][265.982s][info][gc             ] GC(131) Pause Young (Allocation Failure) 43M->29M(50M) 6.571ms
[2026-10-07T19:31:59.741+0000][265.982s][info][gc,cpu         ] GC(131) User=0.00s Sys=0.00s Real=0.00s
[2026-10-07T19:32:01.012+0000][267.253s][info][gc,start       ] GC(132) Pause Young (Allocation Failure)
[2026-10-07T19:32:01.022+0000][267.263s][info][gc,heap        ] GC(132) DefNew: 15144K(16128K)->862K(16128K) Eden: 14336K(14336K)->0K(14336K) From: 808K(1792K)->862K(1792K)
[2026-10-07T19:32:01.022+0000][267.263s][info][gc,heap        ] GC(132) Tenured: 29087K(35592K)->29087K(35592K)
[2026-10-07T19:32:01.022+0000][267.263s][info][gc,metaspace   ] GC(132) Metaspace: 73849K(74560K)->73849K(74560K) NonClass: 64510K(64896K)->64510K(64896K) Class: 9338K(9664K)->9338K(9664K)
[2026-10-07T19:32:01.022+0000][267.263s][info][gc             ] GC(132) Pause Young (Allocation Failure) 43M->29M(50M) 9.344ms
[2026-10-07T19:32:01.022+0000][267.263s][info][gc,cpu         ] GC(132) User=0.01s Sys=0.00s Real=0.01s
[2026-10-07T19:32:02.300+0000][268.541s][info][gc,start       ] GC(133) Pause Young (Allocation Failure)
[2026-10-07T19:32:02.313+0000][268.554s][info][gc,heap        ] GC(133) DefNew: 15198K(16128K)->887K(16128K) Eden: 14336K(14336K)->0K(14336K) From: 862K(1792K)->887K(1792K)
[2026-10-07T19:32:02.313+0000][268.554s][info][gc,heap        ] GC(133) Tenured: 29087K(35592K)->29087K(35592K)
[2026-10-07T19:32:02.313+0000][268.554s][info][gc,metaspace   ] GC(133) Metaspace: 73849K(74560K)->73849K(74560K) NonClass: 64510K(64896K)->64510K(64896K) Class: 9338K(9664K)->9338K(9664K)
[2026-10-07T19:32:02.313+0000][268.554s][info][gc             ] GC(133) Pause Young (Allocation Failure) 43M->29M(50M) 13.440ms
[2026-10-07T19:32:02.313+0000][268.554s][info][gc,cpu         ] GC(133) User=0.00s Sys=0.00s Real=0.01s
[2026-10-07T19:32:03.533+0000][269.774s][info][gc,start       ] GC(134) Pause Young (Allocation Failure)
[2026-10-07T19:32:03.539+0000][269.780s][info][gc,heap        ] GC(134) DefNew: 15223K(16128K)->743K(16128K) Eden: 14336K(14336K)->0K(14336K) From: 887K(1792K)->743K(1792K)
[2026-10-07T19:32:03.539+0000][269.780s][info][gc,heap        ] GC(134) Tenured: 29087K(35592K)->29170K(35592K)
[2026-10-07T19:32:03.539+0000][269.780s][info][gc,metaspace   ] GC(134) Metaspace: 73849K(74560K)->73849K(74560K) NonClass: 64510K(64896K)->64510K(64896K) Class: 9338K(9664K)->9338K(9664K)
[2026-10-07T19:32:03.539+0000][269.781s][info][gc             ] GC(134) Pause Young (Allocation Failure) 43M->29M(50M) 6.609ms
[2026-10-07T19:32:03.540+0000][269.781s][info][gc,cpu         ] GC(134) User=0.01s Sys=0.00s Real=0.01s
[2026-10-07T19:32:04.809+0000][271.050s][info][gc,start       ] GC(135) Pause Young (Allocation Failure)
[2026-10-07T19:32:04.815+0000][271.057s][info][gc,heap        ] GC(135) DefNew: 15079K(16128K)->799K(16128K) Eden: 14336K(14336K)->0K(14336K) From: 743K(1792K)->799K(1792K)
[2026-10-07T19:32:04.816+0000][271.057s][info][gc,heap        ] GC(135) Tenured: 29170K(35592K)->29212K(35592K)
[2026-10-07T19:32:04.816+0000][271.057s][info][gc,metaspace   ] GC(135) Metaspace: 73849K(74560K)->73849K(74560K) NonClass: 64510K(64896K)->64510K(64896K) Class: 9338K(9664K)->9338K(9664K)
[2026-10-07T19:32:04.817+0000][271.058s][info][gc             ] GC(135) Pause Young (Allocation Failure) 43M->29M(50M) 8.237ms
[2026-10-07T19:32:04.817+0000][271.058s][info][gc,cpu         ] GC(135) User=0.01s Sys=0.00s Real=0.01s
[2026-10-07T19:32:06.077+0000][272.319s][info][gc,start       ] GC(136) Pause Young (Allocation Failure)
[2026-10-07T19:32:06.089+0000][272.330s][info][gc,heap        ] GC(136) DefNew: 15135K(16128K)->849K(16128K) Eden: 14336K(14336K)->0K(14336K) From: 799K(1792K)->849K(1792K)
[2026-10-07T19:32:06.089+0000][272.330s][info][gc,heap        ] GC(136) Tenured: 29212K(35592K)->29246K(35592K)
[2026-10-07T19:32:06.089+0000][272.330s][info][gc,metaspace   ] GC(136) Metaspace: 73851K(74560K)->73851K(74560K) NonClass: 64513K(64896K)->64513K(64896K) Class: 9338K(9664K)->9338K(9664K)
[2026-10-07T19:32:06.089+0000][272.330s][info][gc             ] GC(136) Pause Young (Allocation Failure) 43M->29M(50M) 11.312ms
[2026-10-07T19:32:06.089+0000][272.330s][info][gc,cpu         ] GC(136) User=0.00s Sys=0.01s Real=0.01s
[2026-10-07T19:32:07.338+0000][273.579s][info][gc,start       ] GC(137) Pause Young (Allocation Failure)
[2026-10-07T19:32:07.345+0000][273.587s][info][gc,heap        ] GC(137) DefNew: 15185K(16128K)->845K(16128K) Eden: 14336K(14336K)->0K(14336K) From: 849K(1792K)->845K(1792K)
[2026-10-07T19:32:07.345+0000][273.587s][info][gc,heap        ] GC(137) Tenured: 29246K(35592K)->29287K(35592K)
[2026-10-07T19:32:07.346+0000][273.587s][info][gc,metaspace   ] GC(137) Metaspace: 73853K(74560K)->73853K(74560K) NonClass: 64515K(64896K)->64515K(64896K) Class: 9338K(9664K)->9338K(9664K)
[2026-10-07T19:32:07.346+0000][273.587s][info][gc             ] GC(137) Pause Young (Allocation Failure) 43M->29M(50M) 7.256ms
[2026-10-07T19:32:07.346+0000][273.587s][info][gc,cpu         ] GC(137) User=0.00s Sys=0.00s Real=0.01s
[2026-10-07T19:32:08.550+0000][274.791s][info][gc,start       ] GC(138) Pause Young (Allocation Failure)
[2026-10-07T19:32:08.556+0000][274.797s][info][gc,heap        ] GC(138) DefNew: 15181K(16128K)->806K(16128K) Eden: 14336K(14336K)->0K(14336K) From: 845K(1792K)->806K(1792K)
[2026-10-07T19:32:08.556+0000][274.797s][info][gc,heap        ] GC(138) Tenured: 29287K(35592K)->29312K(35592K)
[2026-10-07T19:32:08.556+0000][274.797s][info][gc,metaspace   ] GC(138) Metaspace: 73858K(74560K)->73858K(74560K) NonClass: 64520K(64896K)->64520K(64896K) Class: 9338K(9664K)->9338K(9664K)
[2026-10-07T19:32:08.556+0000][274.797s][info][gc             ] GC(138) Pause Young (Allocation Failure) 43M->29M(50M) 6.679ms
[2026-10-07T19:32:08.556+0000][274.797s][info][gc,cpu         ] GC(138) User=0.01s Sys=0.00s Real=0.01s
[2026-10-07T19:32:09.829+0000][276.070s][info][gc,start       ] GC(139) Pause Young (Allocation Failure)
[2026-10-07T19:32:09.837+0000][276.078s][info][gc,heap        ] GC(139) DefNew: 15142K(16128K)->850K(16128K) Eden: 14336K(14336K)->0K(14336K) From: 806K(1792K)->850K(1792K)
[2026-10-07T19:32:09.837+0000][276.078s][info][gc,heap        ] GC(139) Tenured: 29312K(35592K)->29338K(35592K)
[2026-10-07T19:32:09.837+0000][276.078s][info][gc,metaspace   ] GC(139) Metaspace: 73858K(74560K)->73858K(74560K) NonClass: 64520K(64896K)->64520K(64896K) Class: 9338K(9664K)->9338K(9664K)
[2026-10-07T19:32:09.837+0000][276.078s][info][gc             ] GC(139) Pause Young (Allocation Failure) 43M->29M(50M) 8.588ms
[2026-10-07T19:32:09.837+0000][276.078s][info][gc,cpu         ] GC(139) User=0.01s Sys=0.00s Real=0.01s
[2026-10-07T19:32:11.108+0000][277.349s][info][gc,start       ] GC(140) Pause Young (Allocation Failure)
[2026-10-07T19:32:11.116+0000][277.357s][info][gc,heap        ] GC(140) DefNew: 15186K(16128K)->869K(16128K) Eden: 14336K(14336K)->0K(14336K) From: 850K(1792K)->869K(1792K)
[2026-10-07T19:32:11.116+0000][277.357s][info][gc,heap        ] GC(140) Tenured: 29338K(35592K)->29380K(35592K)
[2026-10-07T19:32:11.116+0000][277.357s][info][gc,metaspace   ] GC(140) Metaspace: 73858K(74560K)->73858K(74560K) NonClass: 64520K(64896K)->64520K(64896K) Class: 9338K(9664K)->9338K(9664K)
[2026-10-07T19:32:11.116+0000][277.358s][info][gc             ] GC(140) Pause Young (Allocation Failure) 43M->29M(50M) 8.268ms
[2026-10-07T19:32:11.116+0000][277.358s][info][gc,cpu         ] GC(140) User=0.00s Sys=0.00s Real=0.01s
[2026-10-07T19:32:12.376+0000][278.617s][info][gc,start       ] GC(141) Pause Young (Allocation Failure)
[2026-10-07T19:32:12.386+0000][278.627s][info][gc,heap        ] GC(141) DefNew: 15205K(16128K)->940K(16128K) Eden: 14336K(14336K)->0K(14336K) From: 869K(1792K)->940K(1792K)
[2026-10-07T19:32:12.386+0000][278.627s][info][gc,heap        ] GC(141) Tenured: 29380K(35592K)->29407K(35592K)
[2026-10-07T19:32:12.386+0000][278.627s][info][gc,metaspace   ] GC(141) Metaspace: 73861K(74560K)->73861K(74560K) NonClass: 64523K(64896K)->64523K(64896K) Class: 9338K(9664K)->9338K(9664K)
[2026-10-07T19:32:12.386+0000][278.627s][info][gc             ] GC(141) Pause Young (Allocation Failure) 43M->29M(50M) 9.780ms
[2026-10-07T19:32:12.386+0000][278.627s][info][gc,cpu         ] GC(141) User=0.01s Sys=0.00s Real=0.01s
[2026-10-07T19:32:13.623+0000][279.864s][info][gc,start       ] GC(142) Pause Young (Allocation Failure)
[2026-10-07T19:32:13.630+0000][279.871s][info][gc,heap        ] GC(142) DefNew: 15276K(16128K)->798K(16128K) Eden: 14336K(14336K)->0K(14336K) From: 940K(1792K)->798K(1792K)
[2026-10-07T19:32:13.630+0000][279.871s][info][gc,heap        ] GC(142) Tenured: 29407K(35592K)->29457K(35592K)
[2026-10-07T19:32:13.630+0000][279.871s][info][gc,metaspace   ] GC(142) Metaspace: 73861K(74560K)->73861K(74560K) NonClass: 64523K(64896K)->64523K(64896K) Class: 9338K(9664K)->9338K(9664K)
[2026-10-07T19:32:13.630+0000][279.871s][info][gc             ] GC(142) Pause Young (Allocation Failure) 43M->29M(50M) 7.244ms
[2026-10-07T19:32:13.630+0000][279.871s][info][gc,cpu         ] GC(142) User=0.00s Sys=0.00s Real=0.01s
[2026-10-07T19:32:14.908+0000][281.149s][info][gc,start       ] GC(143) Pause Young (Allocation Failure)
[2026-10-07T19:32:14.915+0000][281.156s][info][gc,heap        ] GC(143) DefNew: 15134K(16128K)->859K(16128K) Eden: 14336K(14336K)->0K(14336K) From: 798K(1792K)->859K(1792K)
[2026-10-07T19:32:14.915+0000][281.156s][info][gc,heap        ] GC(143) Tenured: 29457K(35592K)->29457K(35592K)
[2026-10-07T19:32:14.915+0000][281.156s][info][gc,metaspace   ] GC(143) Metaspace: 73861K(74560K)->73861K(74560K) NonClass: 64523K(64896K)->64523K(64896K) Class: 9338K(9664K)->9338K(9664K)
[2026-10-07T19:32:14.915+0000][281.156s][info][gc             ] GC(143) Pause Young (Allocation Failure) 43M->29M(50M) 6.920ms
[2026-10-07T19:32:14.915+0000][281.156s][info][gc,cpu         ] GC(143) User=0.00s Sys=0.00s Real=0.01s
[2026-10-07T19:32:16.180+0000][282.421s][info][gc,start       ] GC(144) Pause Young (Allocation Failure)
[2026-10-07T19:32:16.186+0000][282.427s][info][gc,heap        ] GC(144) DefNew: 15195K(16128K)->891K(16128K) Eden: 14336K(14336K)->0K(14336K) From: 859K(1792K)->891K(1792K)
[2026-10-07T19:32:16.186+0000][282.427s][info][gc,heap        ] GC(144) Tenured: 29457K(35592K)->29482K(35592K)
[2026-10-07T19:32:16.186+0000][282.427s][info][gc,metaspace   ] GC(144) Metaspace: 73865K(74560K)->73865K(74560K) NonClass: 64526K(64896K)->64526K(64896K) Class: 9338K(9664K)->9338K(9664K)
[2026-10-07T19:32:16.186+0000][282.427s][info][gc             ] GC(144) Pause Young (Allocation Failure) 43M->29M(50M) 6.830ms
[2026-10-07T19:32:16.186+0000][282.428s][info][gc,cpu         ] GC(144) User=0.01s Sys=0.00s Real=0.01s
[2026-10-07T19:32:17.443+0000][283.684s][info][gc,start       ] GC(145) Pause Young (Allocation Failure)
[2026-10-07T19:32:17.452+0000][283.693s][info][gc,heap        ] GC(145) DefNew: 15227K(16128K)->934K(16128K) Eden: 14336K(14336K)->0K(14336K) From: 891K(1792K)->934K(1792K)
[2026-10-07T19:32:17.452+0000][283.693s][info][gc,heap        ] GC(145) Tenured: 29482K(35592K)->29507K(35592K)
[2026-10-07T19:32:17.452+0000][283.693s][info][gc,metaspace   ] GC(145) Metaspace: 73865K(74560K)->73865K(74560K) NonClass: 64526K(64896K)->64526K(64896K) Class: 9338K(9664K)->9338K(9664K)
[2026-10-07T19:32:17.452+0000][283.694s][info][gc             ] GC(145) Pause Young (Allocation Failure) 43M->29M(50M) 9.229ms
[2026-10-07T19:32:17.453+0000][283.694s][info][gc,cpu         ] GC(145) User=0.01s Sys=0.00s Real=0.01s
[2026-10-07T19:32:18.698+0000][284.939s][info][gc,start       ] GC(146) Pause Young (Allocation Failure)
[2026-10-07T19:32:18.704+0000][284.945s][info][gc,heap        ] GC(146) DefNew: 15270K(16128K)->755K(16128K) Eden: 14336K(14336K)->0K(14336K) From: 934K(1792K)->755K(1792K)
[2026-10-07T19:32:18.704+0000][284.945s][info][gc,heap        ] GC(146) Tenured: 29507K(35592K)->29615K(35592K)
[2026-10-07T19:32:18.704+0000][284.945s][info][gc,metaspace   ] GC(146) Metaspace: 73865K(74560K)->73865K(74560K) NonClass: 64527K(64896K)->64527K(64896K) Class: 9338K(9664K)->9338K(9664K)
[2026-10-07T19:32:18.704+0000][284.945s][info][gc             ] GC(146) Pause Young (Allocation Failure) 43M->29M(50M) 6.052ms
[2026-10-07T19:32:18.704+0000][284.945s][info][gc,cpu         ] GC(146) User=0.00s Sys=0.00s Real=0.01s
[2026-10-07T19:32:20.000+0000][286.241s][info][gc,start       ] GC(147) Pause Young (Allocation Failure)
[2026-10-07T19:32:20.008+0000][286.249s][info][gc,heap        ] GC(147) DefNew: 15091K(16128K)->765K(16128K) Eden: 14336K(14336K)->0K(14336K) From: 755K(1792K)->765K(1792K)
[2026-10-07T19:32:20.008+0000][286.249s][info][gc,heap        ] GC(147) Tenured: 29615K(35592K)->29640K(35592K)
[2026-10-07T19:32:20.008+0000][286.249s][info][gc,metaspace   ] GC(147) Metaspace: 73865K(74560K)->73865K(74560K) NonClass: 64527K(64896K)->64527K(64896K) Class: 9338K(9664K)->9338K(9664K)
[2026-10-07T19:32:20.008+0000][286.249s][info][gc             ] GC(147) Pause Young (Allocation Failure) 43M->29M(50M) 8.183ms
[2026-10-07T19:32:20.008+0000][286.249s][info][gc,cpu         ] GC(147) User=0.01s Sys=0.00s Real=0.01s
[2026-10-07T19:32:21.249+0000][287.490s][info][gc,start       ] GC(148) Pause Young (Allocation Failure)
[2026-10-07T19:32:21.256+0000][287.497s][info][gc,heap        ] GC(148) DefNew: 15101K(16128K)->784K(16128K) Eden: 14336K(14336K)->0K(14336K) From: 765K(1792K)->784K(1792K)
[2026-10-07T19:32:21.256+0000][287.497s][info][gc,heap        ] GC(148) Tenured: 29640K(35592K)->29665K(35592K)
[2026-10-07T19:32:21.256+0000][287.497s][info][gc,metaspace   ] GC(148) Metaspace: 73889K(74624K)->73889K(74624K) NonClass: 64551K(64960K)->64551K(64960K) Class: 9338K(9664K)->9338K(9664K)
[2026-10-07T19:32:21.256+0000][287.497s][info][gc             ] GC(148) Pause Young (Allocation Failure) 43M->29M(50M) 6.918ms
[2026-10-07T19:32:21.256+0000][287.497s][info][gc,cpu         ] GC(148) User=0.01s Sys=0.00s Real=0.01s
[2026-10-07T19:32:22.496+0000][288.737s][info][gc,start       ] GC(149) Pause Young (Allocation Failure)
[2026-10-07T19:32:22.504+0000][288.745s][info][gc,heap        ] GC(149) DefNew: 15120K(16128K)->835K(16128K) Eden: 14336K(14336K)->0K(14336K) From: 784K(1792K)->835K(1792K)
[2026-10-07T19:32:22.504+0000][288.746s][info][gc,heap        ] GC(149) Tenured: 29665K(35592K)->29689K(35592K)
[2026-10-07T19:32:22.504+0000][288.746s][info][gc,metaspace   ] GC(149) Metaspace: 73889K(74624K)->73889K(74624K) NonClass: 64551K(64960K)->64551K(64960K) Class: 9338K(9664K)->9338K(9664K)
[2026-10-07T19:32:22.505+0000][288.746s][info][gc             ] GC(149) Pause Young (Allocation Failure) 43M->29M(50M) 8.151ms
[2026-10-07T19:32:22.505+0000][288.746s][info][gc,cpu         ] GC(149) User=0.01s Sys=0.00s Real=0.01s
[2026-10-07T19:32:23.712+0000][289.953s][info][gc,start       ] GC(150) Pause Young (Allocation Failure)
[2026-10-07T19:32:23.723+0000][289.964s][info][gc,heap        ] GC(150) DefNew: 15171K(16128K)->734K(16128K) Eden: 14336K(14336K)->0K(14336K) From: 835K(1792K)->734K(1792K)
[2026-10-07T19:32:23.723+0000][289.964s][info][gc,heap        ] GC(150) Tenured: 29689K(35592K)->29732K(35592K)
[2026-10-07T19:32:23.723+0000][289.964s][info][gc,metaspace   ] GC(150) Metaspace: 73890K(74624K)->73890K(74624K) NonClass: 64551K(64960K)->64551K(64960K) Class: 9338K(9664K)->9338K(9664K)
[2026-10-07T19:32:23.723+0000][289.964s][info][gc             ] GC(150) Pause Young (Allocation Failure) 43M->29M(50M) 11.219ms
[2026-10-07T19:32:23.723+0000][289.965s][info][gc,cpu         ] GC(150) User=0.01s Sys=0.00s Real=0.01s
[2026-10-07T19:32:25.001+0000][291.242s][info][gc,start       ] GC(151) Pause Young (Allocation Failure)
[2026-10-07T19:32:25.007+0000][291.248s][info][gc,heap        ] GC(151) DefNew: 15070K(16128K)->764K(16128K) Eden: 14336K(14336K)->0K(14336K) From: 734K(1792K)->764K(1792K)
[2026-10-07T19:32:25.007+0000][291.248s][info][gc,heap        ] GC(151) Tenured: 29732K(35592K)->29757K(35592K)
[2026-10-07T19:32:25.007+0000][291.249s][info][gc,metaspace   ] GC(151) Metaspace: 73892K(74624K)->73892K(74624K) NonClass: 64553K(64960K)->64553K(64960K) Class: 9338K(9664K)->9338K(9664K)
[2026-10-07T19:32:25.008+0000][291.249s][info][gc             ] GC(151) Pause Young (Allocation Failure) 43M->29M(50M) 6.361ms
[2026-10-07T19:32:25.008+0000][291.249s][info][gc,cpu         ] GC(151) User=0.01s Sys=0.00s Real=0.01s
[2026-10-07T19:32:26.274+0000][292.515s][info][gc,start       ] GC(152) Pause Young (Allocation Failure)
[2026-10-07T19:32:26.280+0000][292.521s][info][gc,heap        ] GC(152) DefNew: 15100K(16128K)->845K(16128K) Eden: 14336K(14336K)->0K(14336K) From: 764K(1792K)->845K(1792K)
[2026-10-07T19:32:26.280+0000][292.521s][info][gc,heap        ] GC(152) Tenured: 29757K(35592K)->29783K(35592K)
[2026-10-07T19:32:26.280+0000][292.521s][info][gc,metaspace   ] GC(152) Metaspace: 73939K(74688K)->73939K(74688K) NonClass: 64601K(65024K)->64601K(65024K) Class: 9338K(9664K)->9338K(9664K)
[2026-10-07T19:32:26.281+0000][292.522s][info][gc             ] GC(152) Pause Young (Allocation Failure) 43M->29M(50M) 6.909ms
[2026-10-07T19:32:26.281+0000][292.522s][info][gc,cpu         ] GC(152) User=0.01s Sys=0.01s Real=0.00s
[2026-10-07T19:32:27.526+0000][293.767s][info][gc,start       ] GC(153) Pause Young (Allocation Failure)
[2026-10-07T19:32:27.536+0000][293.777s][info][gc,heap        ] GC(153) DefNew: 15181K(16128K)->822K(16128K) Eden: 14336K(14336K)->0K(14336K) From: 845K(1792K)->822K(1792K)
[2026-10-07T19:32:27.536+0000][293.777s][info][gc,heap        ] GC(153) Tenured: 29783K(35592K)->29852K(35592K)
[2026-10-07T19:32:27.536+0000][293.777s][info][gc,metaspace   ] GC(153) Metaspace: 73945K(74752K)->73945K(74752K) NonClass: 64606K(65088K)->64606K(65088K) Class: 9338K(9664K)->9338K(9664K)
[2026-10-07T19:32:27.536+0000][293.777s][info][gc             ] GC(153) Pause Young (Allocation Failure) 43M->29M(50M) 9.392ms
[2026-10-07T19:32:27.536+0000][293.777s][info][gc,cpu         ] GC(153) User=0.00s Sys=0.00s Real=0.01s
[2026-10-07T19:32:28.791+0000][295.032s][info][gc,start       ] GC(154) Pause Young (Allocation Failure)
[2026-10-07T19:32:28.809+0000][295.050s][info][gc,heap        ] GC(154) DefNew: 15158K(16128K)->717K(16128K) Eden: 14335K(14336K)->0K(14336K) From: 822K(1792K)->717K(1792K)
[2026-10-07T19:32:28.809+0000][295.050s][info][gc,heap        ] GC(154) Tenured: 29852K(35592K)->29888K(35592K)
[2026-10-07T19:32:28.809+0000][295.050s][info][gc,metaspace   ] GC(154) Metaspace: 73945K(74752K)->73945K(74752K) NonClass: 64606K(65088K)->64606K(65088K) Class: 9338K(9664K)->9338K(9664K)
[2026-10-07T19:32:28.809+0000][295.050s][info][gc             ] GC(154) Pause Young (Allocation Failure) 43M->29M(50M) 18.694ms
[2026-10-07T19:32:28.809+0000][295.050s][info][gc,cpu         ] GC(154) User=0.00s Sys=0.00s Real=0.02s
[2026-10-07T19:32:30.079+0000][296.320s][info][gc,start       ] GC(155) Pause Young (Allocation Failure)
[2026-10-07T19:32:30.088+0000][296.329s][info][gc,heap        ] GC(155) DefNew: 15053K(16128K)->766K(16128K) Eden: 14336K(14336K)->0K(14336K) From: 717K(1792K)->766K(1792K)
[2026-10-07T19:32:30.088+0000][296.329s][info][gc,heap        ] GC(155) Tenured: 29888K(35592K)->29912K(35592K)
[2026-10-07T19:32:30.088+0000][296.329s][info][gc,metaspace   ] GC(155) Metaspace: 73945K(74752K)->73945K(74752K) NonClass: 64606K(65088K)->64606K(65088K) Class: 9338K(9664K)->9338K(9664K)
[2026-10-07T19:32:30.088+0000][296.329s][info][gc             ] GC(155) Pause Young (Allocation Failure) 43M->29M(50M) 8.926ms
[2026-10-07T19:32:30.088+0000][296.329s][info][gc,cpu         ] GC(155) User=0.00s Sys=0.00s Real=0.01s
[2026-10-07T19:32:31.347+0000][297.588s][info][gc,start       ] GC(156) Pause Young (Allocation Failure)
[2026-10-07T19:32:31.353+0000][297.595s][info][gc,heap        ] GC(156) DefNew: 15102K(16128K)->743K(16128K) Eden: 14336K(14336K)->0K(14336K) From: 766K(1792K)->743K(1792K)
[2026-10-07T19:32:31.354+0000][297.595s][info][gc,heap        ] GC(156) Tenured: 29912K(35592K)->29946K(35592K)
[2026-10-07T19:32:31.354+0000][297.595s][info][gc,metaspace   ] GC(156) Metaspace: 73945K(74752K)->73945K(74752K) NonClass: 64606K(65088K)->64606K(65088K) Class: 9338K(9664K)->9338K(9664K)
[2026-10-07T19:32:31.354+0000][297.595s][info][gc             ] GC(156) Pause Young (Allocation Failure) 43M->29M(50M) 6.952ms
[2026-10-07T19:32:31.354+0000][297.595s][info][gc,cpu         ] GC(156) User=0.01s Sys=0.00s Real=0.01s
[2026-10-07T19:32:32.610+0000][298.851s][info][gc,start       ] GC(157) Pause Young (Allocation Failure)
[2026-10-07T19:32:32.618+0000][298.859s][info][gc,heap        ] GC(157) DefNew: 15079K(16128K)->787K(16128K) Eden: 14336K(14336K)->0K(14336K) From: 743K(1792K)->787K(1792K)
[2026-10-07T19:32:32.618+0000][298.860s][info][gc,heap        ] GC(157) Tenured: 29946K(35592K)->29972K(35592K)
[2026-10-07T19:32:32.618+0000][298.860s][info][gc,metaspace   ] GC(157) Metaspace: 73946K(74752K)->73946K(74752K) NonClass: 64607K(65088K)->64607K(65088K) Class: 9338K(9664K)->9338K(9664K)
[2026-10-07T19:32:32.619+0000][298.860s][info][gc             ] GC(157) Pause Young (Allocation Failure) 43M->30M(50M) 8.691ms
[2026-10-07T19:32:32.619+0000][298.860s][info][gc,cpu         ] GC(157) User=0.01s Sys=0.00s Real=0.01s
[2026-10-07T19:32:33.882+0000][300.123s][info][gc,start       ] GC(158) Pause Young (Allocation Failure)
[2026-10-07T19:32:33.892+0000][300.133s][info][gc,heap        ] GC(158) DefNew: 15123K(16128K)->783K(16128K) Eden: 14336K(14336K)->0K(14336K) From: 787K(1792K)->783K(1792K)
[2026-10-07T19:32:33.893+0000][300.134s][info][gc,heap        ] GC(158) Tenured: 29972K(35592K)->30006K(35592K)
[2026-10-07T19:32:33.893+0000][300.134s][info][gc,metaspace   ] GC(158) Metaspace: 73948K(74752K)->73948K(74752K) NonClass: 64609K(65088K)->64609K(65088K) Class: 9338K(9664K)->9338K(9664K)
[2026-10-07T19:32:33.893+0000][300.134s][info][gc             ] GC(158) Pause Young (Allocation Failure) 44M->30M(50M) 10.979ms
[2026-10-07T19:32:33.893+0000][300.134s][info][gc,cpu         ] GC(158) User=0.00s Sys=0.00s Real=0.01s
[2026-10-07T19:32:35.177+0000][301.418s][info][gc,start       ] GC(159) Pause Young (Allocation Failure)
[2026-10-07T19:32:35.184+0000][301.425s][info][gc,heap        ] GC(159) DefNew: 15119K(16128K)->804K(16128K) Eden: 14336K(14336K)->0K(14336K) From: 783K(1792K)->804K(1792K)
[2026-10-07T19:32:35.185+0000][301.426s][info][gc,heap        ] GC(159) Tenured: 30006K(35592K)->30032K(35592K)
[2026-10-07T19:32:35.185+0000][301.426s][info][gc,metaspace   ] GC(159) Metaspace: 73948K(74752K)->73948K(74752K) NonClass: 64609K(65088K)->64609K(65088K) Class: 9338K(9664K)->9338K(9664K)
[2026-10-07T19:32:35.185+0000][301.426s][info][gc             ] GC(159) Pause Young (Allocation Failure) 44M->30M(50M) 8.671ms
[2026-10-07T19:32:35.185+0000][301.427s][info][gc,cpu         ] GC(159) User=0.01s Sys=0.00s Real=0.01s
[2026-10-07T19:32:36.476+0000][302.717s][info][gc,start       ] GC(160) Pause Young (Allocation Failure)
[2026-10-07T19:32:36.488+0000][302.729s][info][gc,heap        ] GC(160) DefNew: 15140K(16128K)->818K(16128K) Eden: 14336K(14336K)->0K(14336K) From: 804K(1792K)->818K(1792K)
[2026-10-07T19:32:36.488+0000][302.729s][info][gc,heap        ] GC(160) Tenured: 30032K(35592K)->30058K(35592K)
[2026-10-07T19:32:36.488+0000][302.729s][info][gc,metaspace   ] GC(160) Metaspace: 73948K(74752K)->73948K(74752K) NonClass: 64609K(65088K)->64609K(65088K) Class: 9338K(9664K)->9338K(9664K)
[2026-10-07T19:32:36.488+0000][302.729s][info][gc             ] GC(160) Pause Young (Allocation Failure) 44M->30M(50M) 12.133ms
[2026-10-07T19:32:36.488+0000][302.729s][info][gc,cpu         ] GC(160) User=0.01s Sys=0.00s Real=0.01s
[2026-10-07T19:32:37.712+0000][303.953s][info][gc,start       ] GC(161) Pause Young (Allocation Failure)
[2026-10-07T19:32:37.719+0000][303.960s][info][gc,heap        ] GC(161) DefNew: 15154K(16128K)->878K(16128K) Eden: 14336K(14336K)->0K(14336K) From: 818K(1792K)->878K(1792K)
[2026-10-07T19:32:37.719+0000][303.960s][info][gc,heap        ] GC(161) Tenured: 30058K(35592K)->30082K(35592K)
[2026-10-07T19:32:37.719+0000][303.960s][info][gc,metaspace   ] GC(161) Metaspace: 73950K(74752K)->73950K(74752K) NonClass: 64611K(65088K)->64611K(65088K) Class: 9339K(9664K)->9339K(9664K)
[2026-10-07T19:32:37.719+0000][303.960s][info][gc             ] GC(161) Pause Young (Allocation Failure) 44M->30M(50M) 7.142ms
[2026-10-07T19:32:37.719+0000][303.961s][info][gc,cpu         ] GC(161) User=0.01s Sys=0.00s Real=0.01s
[2026-10-07T19:32:38.925+0000][305.166s][info][gc,start       ] GC(162) Pause Young (Allocation Failure)
[2026-10-07T19:32:38.932+0000][305.173s][info][gc,heap        ] GC(162) DefNew: 15214K(16128K)->852K(16128K) Eden: 14336K(14336K)->0K(14336K) From: 878K(1792K)->852K(1792K)
[2026-10-07T19:32:38.932+0000][305.173s][info][gc,heap        ] GC(162) Tenured: 30082K(35592K)->30110K(35592K)
[2026-10-07T19:32:38.932+0000][305.173s][info][gc,metaspace   ] GC(162) Metaspace: 73960K(74752K)->73960K(74752K) NonClass: 64620K(65088K)->64620K(65088K) Class: 9339K(9664K)->9339K(9664K)
[2026-10-07T19:32:38.932+0000][305.173s][info][gc             ] GC(162) Pause Young (Allocation Failure) 44M->30M(50M) 7.234ms
[2026-10-07T19:32:38.932+0000][305.173s][info][gc,cpu         ] GC(162) User=0.01s Sys=0.00s Real=0.00s
[2026-10-07T19:32:40.209+0000][306.450s][info][gc,start       ] GC(163) Pause Young (Allocation Failure)
[2026-10-07T19:32:40.217+0000][306.458s][info][gc,heap        ] GC(163) DefNew: 15188K(16128K)->880K(16128K) Eden: 14335K(14336K)->0K(14336K) From: 852K(1792K)->880K(1792K)
[2026-10-07T19:32:40.217+0000][306.458s][info][gc,heap        ] GC(163) Tenured: 30110K(35592K)->30134K(35592K)
[2026-10-07T19:32:40.217+0000][306.458s][info][gc,metaspace   ] GC(163) Metaspace: 73960K(74752K)->73960K(74752K) NonClass: 64620K(65088K)->64620K(65088K) Class: 9339K(9664K)->9339K(9664K)
[2026-10-07T19:32:40.217+0000][306.458s][info][gc             ] GC(163) Pause Young (Allocation Failure) 44M->30M(50M) 7.619ms
[2026-10-07T19:32:40.217+0000][306.458s][info][gc,cpu         ] GC(163) User=0.01s Sys=0.00s Real=0.01s
[2026-10-07T19:32:41.474+0000][307.715s][info][gc,start       ] GC(164) Pause Young (Allocation Failure)
[2026-10-07T19:32:41.482+0000][307.723s][info][gc,heap        ] GC(164) DefNew: 15216K(16128K)->905K(16128K) Eden: 14336K(14336K)->0K(14336K) From: 880K(1792K)->905K(1792K)
[2026-10-07T19:32:41.482+0000][307.724s][info][gc,heap        ] GC(164) Tenured: 30134K(35592K)->30168K(35592K)
[2026-10-07T19:32:41.482+0000][307.724s][info][gc,metaspace   ] GC(164) Metaspace: 73971K(74752K)->73971K(74752K) NonClass: 64632K(65088K)->64632K(65088K) Class: 9339K(9664K)->9339K(9664K)
[2026-10-07T19:32:41.482+0000][307.724s][info][gc             ] GC(164) Pause Young (Allocation Failure) 44M->30M(50M) 8.730ms
[2026-10-07T19:32:41.483+0000][307.724s][info][gc,cpu         ] GC(164) User=0.01s Sys=0.00s Real=0.00s
[2026-10-07T19:32:42.739+0000][308.980s][info][gc,start       ] GC(165) Pause Young (Allocation Failure)
[2026-10-07T19:32:42.747+0000][308.988s][info][gc,heap        ] GC(165) DefNew: 15241K(16128K)->893K(16128K) Eden: 14336K(14336K)->0K(14336K) From: 905K(1792K)->893K(1792K)
[2026-10-07T19:32:42.747+0000][308.988s][info][gc,heap        ] GC(165) Tenured: 30168K(35592K)->30228K(35592K)
[2026-10-07T19:32:42.747+0000][308.988s][info][gc,metaspace   ] GC(165) Metaspace: 73971K(74752K)->73971K(74752K) NonClass: 64632K(65088K)->64632K(65088K) Class: 9339K(9664K)->9339K(9664K)
[2026-10-07T19:32:42.747+0000][308.988s][info][gc             ] GC(165) Pause Young (Allocation Failure) 44M->30M(50M) 7.911ms
[2026-10-07T19:32:42.747+0000][308.988s][info][gc,cpu         ] GC(165) User=0.01s Sys=0.00s Real=0.01s
[2026-10-07T19:32:44.017+0000][310.258s][info][gc,start       ] GC(166) Pause Young (Allocation Failure)
[2026-10-07T19:32:44.044+0000][310.285s][info][gc,heap        ] GC(166) DefNew: 15229K(16128K)->793K(16128K) Eden: 14336K(14336K)->0K(14336K) From: 893K(1792K)->793K(1792K)
[2026-10-07T19:32:44.046+0000][310.287s][info][gc,heap        ] GC(166) Tenured: 30228K(35592K)->30254K(35592K)
[2026-10-07T19:32:44.046+0000][310.287s][info][gc,metaspace   ] GC(166) Metaspace: 73971K(74752K)->73971K(74752K) NonClass: 64632K(65088K)->64632K(65088K) Class: 9339K(9664K)->9339K(9664K)
[2026-10-07T19:32:44.046+0000][310.287s][info][gc             ] GC(166) Pause Young (Allocation Failure) 44M->30M(50M) 29.221ms
[2026-10-07T19:32:44.046+0000][310.287s][info][gc,cpu         ] GC(166) User=0.00s Sys=0.00s Real=0.03s
[2026-10-07T19:32:45.292+0000][311.533s][info][gc,start       ] GC(167) Pause Young (Allocation Failure)
[2026-10-07T19:32:45.298+0000][311.540s][info][gc,heap        ] GC(167) DefNew: 15129K(16128K)->824K(16128K) Eden: 14336K(14336K)->0K(14336K) From: 793K(1792K)->824K(1792K)
[2026-10-07T19:32:45.298+0000][311.540s][info][gc,heap        ] GC(167) Tenured: 30254K(35592K)->30281K(35592K)
[2026-10-07T19:32:45.298+0000][311.540s][info][gc,metaspace   ] GC(167) Metaspace: 73988K(74752K)->73988K(74752K) NonClass: 64648K(65088K)->64648K(65088K) Class: 9339K(9664K)->9339K(9664K)
[2026-10-07T19:32:45.299+0000][311.540s][info][gc             ] GC(167) Pause Young (Allocation Failure) 44M->30M(50M) 6.885ms
[2026-10-07T19:32:45.299+0000][311.540s][info][gc,cpu         ] GC(167) User=0.01s Sys=0.00s Real=0.01s
[2026-10-07T19:32:46.544+0000][312.785s][info][gc,start       ] GC(168) Pause Young (Allocation Failure)
[2026-10-07T19:32:46.552+0000][312.793s][info][gc,heap        ] GC(168) DefNew: 15160K(16128K)->892K(16128K) Eden: 14336K(14336K)->0K(14336K) From: 824K(1792K)->892K(1792K)
[2026-10-07T19:32:46.552+0000][312.793s][info][gc,heap        ] GC(168) Tenured: 30281K(35592K)->30314K(35592K)
[2026-10-07T19:32:46.552+0000][312.793s][info][gc,metaspace   ] GC(168) Metaspace: 73989K(74752K)->73989K(74752K) NonClass: 64648K(65088K)->64648K(65088K) Class: 9340K(9664K)->9340K(9664K)
[2026-10-07T19:32:46.552+0000][312.793s][info][gc             ] GC(168) Pause Young (Allocation Failure) 44M->30M(50M) 8.203ms
[2026-10-07T19:32:46.552+0000][312.793s][info][gc,cpu         ] GC(168) User=0.01s Sys=0.00s Real=0.00s
[2026-10-07T19:32:47.818+0000][314.059s][info][gc,start       ] GC(169) Pause Young (Allocation Failure)
[2026-10-07T19:32:47.825+0000][314.067s][info][gc,heap        ] GC(169) DefNew: 15228K(16128K)->905K(16128K) Eden: 14336K(14336K)->0K(14336K) From: 892K(1792K)->905K(1792K)
[2026-10-07T19:32:47.826+0000][314.067s][info][gc,heap        ] GC(169) Tenured: 30314K(35592K)->30344K(35592K)
[2026-10-07T19:32:47.826+0000][314.067s][info][gc,metaspace   ] GC(169) Metaspace: 73989K(74752K)->73989K(74752K) NonClass: 64648K(65088K)->64648K(65088K) Class: 9340K(9664K)->9340K(9664K)
[2026-10-07T19:32:47.826+0000][314.067s][info][gc             ] GC(169) Pause Young (Allocation Failure) 44M->30M(50M) 7.753ms
[2026-10-07T19:32:47.826+0000][314.067s][info][gc,cpu         ] GC(169) User=0.01s Sys=0.00s Real=0.01s
[2026-10-07T19:32:49.083+0000][315.324s][info][gc,start       ] GC(170) Pause Young (Allocation Failure)
[2026-10-07T19:32:49.091+0000][315.332s][info][gc,heap        ] GC(170) DefNew: 15241K(16128K)->825K(16128K) Eden: 14336K(14336K)->0K(14336K) From: 905K(1792K)->825K(1792K)
[2026-10-07T19:32:49.091+0000][315.332s][info][gc,heap        ] GC(170) Tenured: 30344K(35592K)->30372K(35592K)
[2026-10-07T19:32:49.091+0000][315.332s][info][gc,metaspace   ] GC(170) Metaspace: 73990K(74752K)->73990K(74752K) NonClass: 64650K(65088K)->64650K(65088K) Class: 9340K(9664K)->9340K(9664K)
[2026-10-07T19:32:49.091+0000][315.332s][info][gc             ] GC(170) Pause Young (Allocation Failure) 44M->30M(50M) 8.486ms
[2026-10-07T19:32:49.091+0000][315.332s][info][gc,cpu         ] GC(170) User=0.01s Sys=0.00s Real=0.01s
[2026-10-07T19:32:50.354+0000][316.595s][info][gc,start       ] GC(171) Pause Young (Allocation Failure)
[2026-10-07T19:32:50.360+0000][316.601s][info][gc,heap        ] GC(171) DefNew: 15161K(16128K)->849K(16128K) Eden: 14336K(14336K)->0K(14336K) From: 825K(1792K)->849K(1792K)
[2026-10-07T19:32:50.360+0000][316.601s][info][gc,heap        ] GC(171) Tenured: 30372K(35592K)->30396K(35592K)
[2026-10-07T19:32:50.360+0000][316.601s][info][gc,metaspace   ] GC(171) Metaspace: 73990K(74752K)->73990K(74752K) NonClass: 64650K(65088K)->64650K(65088K) Class: 9340K(9664K)->9340K(9664K)
[2026-10-07T19:32:50.360+0000][316.601s][info][gc             ] GC(171) Pause Young (Allocation Failure) 44M->30M(50M) 6.661ms
[2026-10-07T19:32:50.360+0000][316.601s][info][gc,cpu         ] GC(171) User=0.01s Sys=0.00s Real=0.00s
[2026-10-07T19:32:51.625+0000][317.867s][info][gc,start       ] GC(172) Pause Young (Allocation Failure)
[2026-10-07T19:32:51.634+0000][317.875s][info][gc,heap        ] GC(172) DefNew: 15185K(16128K)->911K(16128K) Eden: 14336K(14336K)->0K(14336K) From: 849K(1792K)->911K(1792K)
[2026-10-07T19:32:51.634+0000][317.875s][info][gc,heap        ] GC(172) Tenured: 30396K(35592K)->30421K(35592K)
[2026-10-07T19:32:51.634+0000][317.875s][info][gc,metaspace   ] GC(172) Metaspace: 73990K(74752K)->73990K(74752K) NonClass: 64650K(65088K)->64650K(65088K) Class: 9340K(9664K)->9340K(9664K)
[2026-10-07T19:32:51.634+0000][317.875s][info][gc             ] GC(172) Pause Young (Allocation Failure) 44M->30M(50M) 8.708ms
[2026-10-07T19:32:51.634+0000][317.875s][info][gc,cpu         ] GC(172) User=0.01s Sys=0.00s Real=0.01s
[2026-10-07T19:32:52.859+0000][319.100s][info][gc,start       ] GC(173) Pause Young (Allocation Failure)
[2026-10-07T19:32:52.875+0000][319.116s][info][gc,heap        ] GC(173) DefNew: 15247K(16128K)->954K(16128K) Eden: 14335K(14336K)->0K(14336K) From: 911K(1792K)->954K(1792K)
[2026-10-07T19:32:52.877+0000][319.118s][info][gc,heap        ] GC(173) Tenured: 30421K(35592K)->30517K(35592K)
[2026-10-07T19:32:52.877+0000][319.118s][info][gc,metaspace   ] GC(173) Metaspace: 73999K(74752K)->73999K(74752K) NonClass: 64659K(65088K)->64659K(65088K) Class: 9340K(9664K)->9340K(9664K)
[2026-10-07T19:32:52.877+0000][319.118s][info][gc             ] GC(173) Pause Young (Allocation Failure) 44M->30M(50M) 18.569ms
[2026-10-07T19:32:52.877+0000][319.118s][info][gc,cpu         ] GC(173) User=0.01s Sys=0.00s Real=0.02s
[2026-10-07T19:32:54.087+0000][320.328s][info][gc,start       ] GC(174) Pause Young (Allocation Failure)
[2026-10-07T19:32:54.098+0000][320.339s][info][gc,heap        ] GC(174) DefNew: 15290K(16128K)->747K(16128K) Eden: 14336K(14336K)->0K(14336K) From: 954K(1792K)->747K(1792K)
[2026-10-07T19:32:54.098+0000][320.339s][info][gc,heap        ] GC(174) Tenured: 30517K(35592K)->30579K(35592K)
[2026-10-07T19:32:54.098+0000][320.339s][info][gc,metaspace   ] GC(174) Metaspace: 74004K(74752K)->74004K(74752K) NonClass: 64664K(65088K)->64664K(65088K) Class: 9340K(9664K)->9340K(9664K)
[2026-10-07T19:32:54.098+0000][320.339s][info][gc             ] GC(174) Pause Young (Allocation Failure) 44M->30M(50M) 11.417ms
[2026-10-07T19:32:54.098+0000][320.339s][info][gc,cpu         ] GC(174) User=0.00s Sys=0.00s Real=0.01s
[2026-10-07T19:32:55.365+0000][321.606s][info][gc,start       ] GC(175) Pause Young (Allocation Failure)
[2026-10-07T19:32:55.373+0000][321.614s][info][gc,heap        ] GC(175) DefNew: 15083K(16128K)->826K(16128K) Eden: 14336K(14336K)->0K(14336K) From: 747K(1792K)->826K(1792K)
[2026-10-07T19:32:55.373+0000][321.615s][info][gc,heap        ] GC(175) Tenured: 30579K(35592K)->30579K(35592K)
[2026-10-07T19:32:55.373+0000][321.615s][info][gc,metaspace   ] GC(175) Metaspace: 74004K(74752K)->74004K(74752K) NonClass: 64664K(65088K)->64664K(65088K) Class: 9340K(9664K)->9340K(9664K)
[2026-10-07T19:32:55.374+0000][321.615s][info][gc             ] GC(175) Pause Young (Allocation Failure) 44M->30M(50M) 8.297ms
[2026-10-07T19:32:55.374+0000][321.615s][info][gc,cpu         ] GC(175) User=0.00s Sys=0.00s Real=0.01s
[2026-10-07T19:32:56.655+0000][322.896s][info][gc,start       ] GC(176) Pause Young (Allocation Failure)
[2026-10-07T19:32:56.662+0000][322.903s][info][gc,heap        ] GC(176) DefNew: 15162K(16128K)->832K(16128K) Eden: 14336K(14336K)->0K(14336K) From: 826K(1792K)->832K(1792K)
[2026-10-07T19:32:56.662+0000][322.903s][info][gc,heap        ] GC(176) Tenured: 30579K(35592K)->30614K(35592K)
[2026-10-07T19:32:56.662+0000][322.903s][info][gc,metaspace   ] GC(176) Metaspace: 74005K(74752K)->74005K(74752K) NonClass: 64665K(65088K)->64665K(65088K) Class: 9340K(9664K)->9340K(9664K)
[2026-10-07T19:32:56.662+0000][322.903s][info][gc             ] GC(176) Pause Young (Allocation Failure) 44M->30M(50M) 7.339ms
[2026-10-07T19:32:56.662+0000][322.903s][info][gc,cpu         ] GC(176) User=0.01s Sys=0.00s Real=0.00s
[2026-10-07T19:32:57.898+0000][324.140s][info][gc,start       ] GC(177) Pause Young (Allocation Failure)
[2026-10-07T19:32:57.906+0000][324.147s][info][gc,heap        ] GC(177) DefNew: 15168K(16128K)->803K(16128K) Eden: 14336K(14336K)->0K(14336K) From: 832K(1792K)->803K(1792K)
[2026-10-07T19:32:57.906+0000][324.147s][info][gc,heap        ] GC(177) Tenured: 30614K(35592K)->30683K(35592K)
[2026-10-07T19:32:57.906+0000][324.147s][info][gc,metaspace   ] GC(177) Metaspace: 74031K(74816K)->74031K(74816K) NonClass: 64685K(65152K)->64685K(65152K) Class: 9346K(9664K)->9346K(9664K)
[2026-10-07T19:32:57.906+0000][324.148s][info][gc             ] GC(177) Pause Young (Allocation Failure) 44M->30M(50M) 7.974ms
[2026-10-07T19:32:57.906+0000][324.148s][info][gc,cpu         ] GC(177) User=0.01s Sys=0.00s Real=0.01s
[2026-10-07T19:32:59.155+0000][325.397s][info][gc,start       ] GC(178) Pause Young (Allocation Failure)
[2026-10-07T19:32:59.163+0000][325.404s][info][gc,heap        ] GC(178) DefNew: 15139K(16128K)->730K(16128K) Eden: 14336K(14336K)->0K(14336K) From: 803K(1792K)->730K(1792K)
[2026-10-07T19:32:59.163+0000][325.404s][info][gc,heap        ] GC(178) Tenured: 30683K(35592K)->30710K(35592K)
[2026-10-07T19:32:59.163+0000][325.404s][info][gc,metaspace   ] GC(178) Metaspace: 74032K(74816K)->74032K(74816K) NonClass: 64686K(65152K)->64686K(65152K) Class: 9346K(9664K)->9346K(9664K)
[2026-10-07T19:32:59.163+0000][325.404s][info][gc             ] GC(178) Pause Young (Allocation Failure) 44M->30M(50M) 7.935ms
[2026-10-07T19:32:59.163+0000][325.404s][info][gc,cpu         ] GC(178) User=0.01s Sys=0.00s Real=0.00s
[2026-10-07T19:33:00.421+0000][326.662s][info][gc,start       ] GC(179) Pause Young (Allocation Failure)
[2026-10-07T19:33:00.429+0000][326.670s][info][gc,heap        ] GC(179) DefNew: 15066K(16128K)->742K(16128K) Eden: 14336K(14336K)->0K(14336K) From: 730K(1792K)->742K(1792K)
[2026-10-07T19:33:00.429+0000][326.670s][info][gc,heap        ] GC(179) Tenured: 30710K(35592K)->30746K(35592K)
[2026-10-07T19:33:00.429+0000][326.670s][info][gc,metaspace   ] GC(179) Metaspace: 74032K(74816K)->74032K(74816K) NonClass: 64686K(65152K)->64686K(65152K) Class: 9346K(9664K)->9346K(9664K)
[2026-10-07T19:33:00.429+0000][326.670s][info][gc             ] GC(179) Pause Young (Allocation Failure) 44M->30M(50M) 7.807ms
[2026-10-07T19:33:00.429+0000][326.670s][info][gc,cpu         ] GC(179) User=0.00s Sys=0.00s Real=0.01s
[2026-10-07T19:33:01.705+0000][327.946s][info][gc,start       ] GC(180) Pause Young (Allocation Failure)
[2026-10-07T19:33:01.712+0000][327.953s][info][gc,heap        ] GC(180) DefNew: 15078K(16128K)->807K(16128K) Eden: 14336K(14336K)->0K(14336K) From: 742K(1792K)->807K(1792K)
[2026-10-07T19:33:01.712+0000][327.953s][info][gc,heap        ] GC(180) Tenured: 30746K(35592K)->30774K(35592K)
[2026-10-07T19:33:01.712+0000][327.953s][info][gc,metaspace   ] GC(180) Metaspace: 74038K(74816K)->74038K(74816K) NonClass: 64692K(65152K)->64692K(65152K) Class: 9346K(9664K)->9346K(9664K)
[2026-10-07T19:33:01.713+0000][327.954s][info][gc             ] GC(180) Pause Young (Allocation Failure) 44M->30M(50M) 7.500ms
[2026-10-07T19:33:01.713+0000][327.954s][info][gc,cpu         ] GC(180) User=0.00s Sys=0.00s Real=0.00s
[2026-10-07T19:33:02.972+0000][329.213s][info][gc,start       ] GC(181) Pause Young (Allocation Failure)
[2026-10-07T19:33:02.982+0000][329.223s][info][gc,heap        ] GC(181) DefNew: 15143K(16128K)->834K(16128K) Eden: 14336K(14336K)->0K(14336K) From: 807K(1792K)->834K(1792K)
[2026-10-07T19:33:02.982+0000][329.223s][info][gc,heap        ] GC(181) Tenured: 30774K(35592K)->30800K(35592K)
[2026-10-07T19:33:02.982+0000][329.223s][info][gc,metaspace   ] GC(181) Metaspace: 74038K(74816K)->74038K(74816K) NonClass: 64692K(65152K)->64692K(65152K) Class: 9346K(9664K)->9346K(9664K)
[2026-10-07T19:33:02.983+0000][329.224s][info][gc             ] GC(181) Pause Young (Allocation Failure) 44M->30M(50M) 10.930ms
[2026-10-07T19:33:02.983+0000][329.224s][info][gc,cpu         ] GC(181) User=0.01s Sys=0.00s Real=0.01s
[2026-10-07T19:33:04.210+0000][330.451s][info][gc,start       ] GC(182) Pause Young (Allocation Failure)
[2026-10-07T19:33:04.216+0000][330.457s][info][gc,heap        ] GC(182) DefNew: 15170K(16128K)->733K(16128K) Eden: 14336K(14336K)->0K(14336K) From: 834K(1792K)->733K(1792K)
[2026-10-07T19:33:04.216+0000][330.457s][info][gc,heap        ] GC(182) Tenured: 30800K(35592K)->30826K(35592K)
[2026-10-07T19:33:04.216+0000][330.457s][info][gc,metaspace   ] GC(182) Metaspace: 74039K(74816K)->74039K(74816K) NonClass: 64693K(65152K)->64693K(65152K) Class: 9346K(9664K)->9346K(9664K)
[2026-10-07T19:33:04.216+0000][330.457s][info][gc             ] GC(182) Pause Young (Allocation Failure) 44M->30M(50M) 5.933ms
[2026-10-07T19:33:04.216+0000][330.457s][info][gc,cpu         ] GC(182) User=0.00s Sys=0.00s Real=0.01s
[2026-10-07T19:33:05.485+0000][331.726s][info][gc,start       ] GC(183) Pause Young (Allocation Failure)
[2026-10-07T19:33:05.494+0000][331.735s][info][gc,heap        ] GC(183) DefNew: 15069K(16128K)->756K(16128K) Eden: 14336K(14336K)->0K(14336K) From: 733K(1792K)->756K(1792K)
[2026-10-07T19:33:05.494+0000][331.735s][info][gc,heap        ] GC(183) Tenured: 30826K(35592K)->30880K(35592K)
[2026-10-07T19:33:05.494+0000][331.735s][info][gc,metaspace   ] GC(183) Metaspace: 74044K(74816K)->74044K(74816K) NonClass: 64697K(65152K)->64697K(65152K) Class: 9346K(9664K)->9346K(9664K)
[2026-10-07T19:33:05.494+0000][331.735s][info][gc             ] GC(183) Pause Young (Allocation Failure) 44M->30M(50M) 8.714ms
[2026-10-07T19:33:05.494+0000][331.735s][info][gc,cpu         ] GC(183) User=0.00s Sys=0.00s Real=0.01s
[2026-10-07T19:33:06.771+0000][333.012s][info][gc,start       ] GC(184) Pause Young (Allocation Failure)
[2026-10-07T19:33:06.778+0000][333.019s][info][gc,heap        ] GC(184) DefNew: 15092K(16128K)->833K(16128K) Eden: 14336K(14336K)->0K(14336K) From: 756K(1792K)->833K(1792K)
[2026-10-07T19:33:06.778+0000][333.019s][info][gc,heap        ] GC(184) Tenured: 30880K(35592K)->30906K(35592K)
[2026-10-07T19:33:06.778+0000][333.019s][info][gc,metaspace   ] GC(184) Metaspace: 74044K(74816K)->74044K(74816K) NonClass: 64698K(65152K)->64698K(65152K) Class: 9346K(9664K)->9346K(9664K)
[2026-10-07T19:33:06.778+0000][333.019s][info][gc             ] GC(184) Pause Young (Allocation Failure) 44M->30M(50M) 7.381ms
[2026-10-07T19:33:06.778+0000][333.019s][info][gc,cpu         ] GC(184) User=0.00s Sys=0.00s Real=0.01s
[2026-10-07T19:33:07.978+0000][334.219s][info][gc,start       ] GC(185) Pause Young (Allocation Failure)
[2026-10-07T19:33:07.985+0000][334.226s][info][gc,heap        ] GC(185) DefNew: 15169K(16128K)->923K(16128K) Eden: 14336K(14336K)->0K(14336K) From: 833K(1792K)->923K(1792K)
[2026-10-07T19:33:07.985+0000][334.226s][info][gc,heap        ] GC(185) Tenured: 30906K(35592K)->30933K(35592K)
[2026-10-07T19:33:07.985+0000][334.226s][info][gc,metaspace   ] GC(185) Metaspace: 74050K(74816K)->74050K(74816K) NonClass: 64704K(65152K)->64704K(65152K) Class: 9346K(9664K)->9346K(9664K)
[2026-10-07T19:33:07.985+0000][334.226s][info][gc             ] GC(185) Pause Young (Allocation Failure) 44M->31M(50M) 7.030ms
[2026-10-07T19:33:07.985+0000][334.227s][info][gc,cpu         ] GC(185) User=0.01s Sys=0.00s Real=0.01s
[2026-10-07T19:33:09.242+0000][335.483s][info][gc,start       ] GC(186) Pause Young (Allocation Failure)
[2026-10-07T19:33:09.248+0000][335.489s][info][gc,heap        ] GC(186) DefNew: 15259K(16128K)->807K(16128K) Eden: 14336K(14336K)->0K(14336K) From: 923K(1792K)->807K(1792K)
[2026-10-07T19:33:09.248+0000][335.489s][info][gc,heap        ] GC(186) Tenured: 30933K(35592K)->30985K(35592K)
[2026-10-07T19:33:09.248+0000][335.489s][info][gc,metaspace   ] GC(186) Metaspace: 74051K(74816K)->74051K(74816K) NonClass: 64705K(65152K)->64705K(65152K) Class: 9346K(9664K)->9346K(9664K)
[2026-10-07T19:33:09.248+0000][335.489s][info][gc             ] GC(186) Pause Young (Allocation Failure) 45M->31M(50M) 6.464ms
[2026-10-07T19:33:09.248+0000][335.489s][info][gc,cpu         ] GC(186) User=0.00s Sys=0.00s Real=0.01s
[2026-10-07T19:33:10.519+0000][336.760s][info][gc,start       ] GC(187) Pause Young (Allocation Failure)
[2026-10-07T19:33:10.525+0000][336.767s][info][gc,heap        ] GC(187) DefNew: 15143K(16128K)->860K(16128K) Eden: 14336K(14336K)->0K(14336K) From: 807K(1792K)->860K(1792K)
[2026-10-07T19:33:10.526+0000][336.767s][info][gc,heap        ] GC(187) Tenured: 30985K(35592K)->30985K(35592K)
[2026-10-07T19:33:10.526+0000][336.767s][info][gc,metaspace   ] GC(187) Metaspace: 74053K(74816K)->74053K(74816K) NonClass: 64707K(65152K)->64707K(65152K) Class: 9346K(9664K)->9346K(9664K)
[2026-10-07T19:33:10.526+0000][336.767s][info][gc             ] GC(187) Pause Young (Allocation Failure) 45M->31M(50M) 6.870ms
[2026-10-07T19:33:10.526+0000][336.767s][info][gc,cpu         ] GC(187) User=0.01s Sys=0.00s Real=0.01s
[2026-10-07T19:33:11.800+0000][338.041s][info][gc,start       ] GC(188) Pause Young (Allocation Failure)
[2026-10-07T19:33:11.807+0000][338.048s][info][gc,heap        ] GC(188) DefNew: 15196K(16128K)->894K(16128K) Eden: 14336K(14336K)->0K(14336K) From: 860K(1792K)->894K(1792K)
[2026-10-07T19:33:11.807+0000][338.048s][info][gc,heap        ] GC(188) Tenured: 30985K(35592K)->31012K(35592K)
[2026-10-07T19:33:11.807+0000][338.048s][info][gc,metaspace   ] GC(188) Metaspace: 74053K(74816K)->74053K(74816K) NonClass: 64707K(65152K)->64707K(65152K) Class: 9346K(9664K)->9346K(9664K)
[2026-10-07T19:33:11.807+0000][338.048s][info][gc             ] GC(188) Pause Young (Allocation Failure) 45M->31M(50M) 7.191ms
[2026-10-07T19:33:11.808+0000][338.049s][info][gc,cpu         ] GC(188) User=0.01s Sys=0.00s Real=0.01s
[2026-10-07T19:33:13.061+0000][339.302s][info][gc,start       ] GC(189) Pause Young (Allocation Failure)
[2026-10-07T19:33:13.073+0000][339.314s][info][gc,heap        ] GC(189) DefNew: 15230K(16128K)->966K(16128K) Eden: 14336K(14336K)->0K(14336K) From: 894K(1792K)->966K(1792K)
[2026-10-07T19:33:13.073+0000][339.314s][info][gc,heap        ] GC(189) Tenured: 31012K(35592K)->31048K(35592K)
[2026-10-07T19:33:13.073+0000][339.314s][info][gc,metaspace   ] GC(189) Metaspace: 74065K(74816K)->74065K(74816K) NonClass: 64718K(65152K)->64718K(65152K) Class: 9346K(9664K)->9346K(9664K)
[2026-10-07T19:33:13.073+0000][339.314s][info][gc             ] GC(189) Pause Young (Allocation Failure) 45M->31M(50M) 11.659ms
[2026-10-07T19:33:13.073+0000][339.314s][info][gc,cpu         ] GC(189) User=0.01s Sys=0.00s Real=0.01s
[2026-10-07T19:33:14.326+0000][340.567s][info][gc,start       ] GC(190) Pause Young (Allocation Failure)
[2026-10-07T19:33:14.333+0000][340.574s][info][gc,heap        ] GC(190) DefNew: 15302K(16128K)->824K(16128K) Eden: 14336K(14336K)->0K(14336K) From: 966K(1792K)->824K(1792K)
[2026-10-07T19:33:14.333+0000][340.574s][info][gc,heap        ] GC(190) Tenured: 31048K(35592K)->31133K(35592K)
[2026-10-07T19:33:14.333+0000][340.574s][info][gc,metaspace   ] GC(190) Metaspace: 74065K(74816K)->74065K(74816K) NonClass: 64719K(65152K)->64719K(65152K) Class: 9346K(9664K)->9346K(9664K)
[2026-10-07T19:33:14.333+0000][340.574s][info][gc             ] GC(190) Pause Young (Allocation Failure) 45M->31M(50M) 6.983ms
[2026-10-07T19:33:14.333+0000][340.575s][info][gc,cpu         ] GC(190) User=0.00s Sys=0.00s Real=0.00s
[2026-10-07T19:33:15.587+0000][341.828s][info][gc,start       ] GC(191) Pause Young (Allocation Failure)
[2026-10-07T19:33:15.600+0000][341.841s][info][gc,heap        ] GC(191) DefNew: 15160K(16128K)->883K(16128K) Eden: 14336K(14336K)->0K(14336K) From: 824K(1792K)->883K(1792K)
[2026-10-07T19:33:15.600+0000][341.841s][info][gc,heap        ] GC(191) Tenured: 31133K(35592K)->31133K(35592K)
[2026-10-07T19:33:15.600+0000][341.841s][info][gc,metaspace   ] GC(191) Metaspace: 74069K(74816K)->74069K(74816K) NonClass: 64723K(65152K)->64723K(65152K) Class: 9346K(9664K)->9346K(9664K)
[2026-10-07T19:33:15.600+0000][341.842s][info][gc             ] GC(191) Pause Young (Allocation Failure) 45M->31M(50M) 13.491ms
[2026-10-07T19:33:15.601+0000][341.842s][info][gc,cpu         ] GC(191) User=0.01s Sys=0.00s Real=0.01s
[2026-10-07T19:33:16.878+0000][343.119s][info][gc,start       ] GC(192) Pause Young (Allocation Failure)
[2026-10-07T19:33:16.887+0000][343.128s][info][gc,heap        ] GC(192) DefNew: 15219K(16128K)->964K(16128K) Eden: 14336K(14336K)->0K(14336K) From: 883K(1792K)->964K(1792K)
[2026-10-07T19:33:16.887+0000][343.128s][info][gc,heap        ] GC(192) Tenured: 31133K(35592K)->31133K(35592K)
[2026-10-07T19:33:16.887+0000][343.128s][info][gc,metaspace   ] GC(192) Metaspace: 74069K(74816K)->74069K(74816K) NonClass: 64723K(65152K)->64723K(65152K) Class: 9346K(9664K)->9346K(9664K)
[2026-10-07T19:33:16.888+0000][343.129s][info][gc             ] GC(192) Pause Young (Allocation Failure) 45M->31M(50M) 9.931ms
[2026-10-07T19:33:16.888+0000][343.129s][info][gc,cpu         ] GC(192) User=0.01s Sys=0.00s Real=0.01s
[2026-10-07T19:33:18.130+0000][344.371s][info][gc,start       ] GC(193) Pause Young (Allocation Failure)
[2026-10-07T19:33:18.138+0000][344.379s][info][gc,heap        ] GC(193) DefNew: 15300K(16128K)->963K(16128K) Eden: 14336K(14336K)->0K(14336K) From: 964K(1792K)->963K(1792K)
[2026-10-07T19:33:18.138+0000][344.379s][info][gc,heap        ] GC(193) Tenured: 31133K(35592K)->31235K(35592K)
[2026-10-07T19:33:18.138+0000][344.379s][info][gc,metaspace   ] GC(193) Metaspace: 74069K(74816K)->74069K(74816K) NonClass: 64723K(65152K)->64723K(65152K) Class: 9346K(9664K)->9346K(9664K)
[2026-10-07T19:33:18.138+0000][344.379s][info][gc             ] GC(193) Pause Young (Allocation Failure) 45M->31M(50M) 8.234ms
[2026-10-07T19:33:18.138+0000][344.379s][info][gc,cpu         ] GC(193) User=0.01s Sys=0.00s Real=0.01s
[2026-10-07T19:33:19.398+0000][345.639s][info][gc,start       ] GC(194) Pause Young (Allocation Failure)
[2026-10-07T19:33:19.404+0000][345.646s][info][gc,heap        ] GC(194) DefNew: 15299K(16128K)->784K(16128K) Eden: 14336K(14336K)->0K(14336K) From: 963K(1792K)->784K(1792K)
[2026-10-07T19:33:19.405+0000][345.646s][info][gc,heap        ] GC(194) Tenured: 31235K(35592K)->31319K(35592K)
[2026-10-07T19:33:19.405+0000][345.646s][info][gc,metaspace   ] GC(194) Metaspace: 74076K(74816K)->74076K(74816K) NonClass: 64730K(65152K)->64730K(65152K) Class: 9346K(9664K)->9346K(9664K)
[2026-10-07T19:33:19.405+0000][345.646s][info][gc             ] GC(194) Pause Young (Allocation Failure) 45M->31M(50M) 6.405ms
[2026-10-07T19:33:19.405+0000][345.646s][info][gc,cpu         ] GC(194) User=0.01s Sys=0.00s Real=0.01s
[2026-10-07T19:33:20.671+0000][346.912s][info][gc,start       ] GC(195) Pause Young (Allocation Failure)
[2026-10-07T19:33:20.687+0000][346.928s][info][gc,heap        ] GC(195) DefNew: 15120K(16128K)->877K(16128K) Eden: 14336K(14336K)->0K(14336K) From: 784K(1792K)->877K(1792K)
[2026-10-07T19:33:20.687+0000][346.928s][info][gc,heap        ] GC(195) Tenured: 31319K(35592K)->31319K(35592K)
[2026-10-07T19:33:20.687+0000][346.928s][info][gc,metaspace   ] GC(195) Metaspace: 74076K(74816K)->74076K(74816K) NonClass: 64730K(65152K)->64730K(65152K) Class: 9346K(9664K)->9346K(9664K)
[2026-10-07T19:33:20.687+0000][346.929s][info][gc             ] GC(195) Pause Young (Allocation Failure) 45M->31M(50M) 16.589ms
[2026-10-07T19:33:20.687+0000][346.929s][info][gc,cpu         ] GC(195) User=0.00s Sys=0.00s Real=0.02s
[2026-10-07T19:33:21.946+0000][348.187s][info][gc,start       ] GC(196) Pause Young (Allocation Failure)
[2026-10-07T19:33:21.955+0000][348.196s][info][gc,heap        ] GC(196) DefNew: 15213K(16128K)->962K(16128K) Eden: 14336K(14336K)->0K(14336K) From: 877K(1792K)->962K(1792K)
[2026-10-07T19:33:21.955+0000][348.196s][info][gc,heap        ] GC(196) Tenured: 31319K(35592K)->31319K(35592K)
[2026-10-07T19:33:21.955+0000][348.196s][info][gc,metaspace   ] GC(196) Metaspace: 74077K(74816K)->74077K(74816K) NonClass: 64731K(65152K)->64731K(65152K) Class: 9346K(9664K)->9346K(9664K)
[2026-10-07T19:33:21.955+0000][348.196s][info][gc             ] GC(196) Pause Young (Allocation Failure) 45M->31M(50M) 8.890ms
[2026-10-07T19:33:21.955+0000][348.196s][info][gc,cpu         ] GC(196) User=0.01s Sys=0.00s Real=0.01s
[2026-10-07T19:33:23.155+0000][349.397s][info][gc,start       ] GC(197) Pause Young (Allocation Failure)
[2026-10-07T19:33:23.165+0000][349.406s][info][gc,heap        ] GC(197) DefNew: 15298K(16128K)->920K(16128K) Eden: 14336K(14336K)->0K(14336K) From: 962K(1792K)->920K(1792K)
[2026-10-07T19:33:23.165+0000][349.406s][info][gc,heap        ] GC(197) Tenured: 31319K(35592K)->31402K(35592K)
[2026-10-07T19:33:23.165+0000][349.406s][info][gc,metaspace   ] GC(197) Metaspace: 74077K(74816K)->74077K(74816K) NonClass: 64731K(65152K)->64731K(65152K) Class: 9346K(9664K)->9346K(9664K)
[2026-10-07T19:33:23.165+0000][349.406s][info][gc             ] GC(197) Pause Young (Allocation Failure) 45M->31M(50M) 9.884ms
[2026-10-07T19:33:23.165+0000][349.406s][info][gc,cpu         ] GC(197) User=0.00s Sys=0.00s Real=0.01s
[2026-10-07T19:33:24.422+0000][350.663s][info][gc,start       ] GC(198) Pause Young (Allocation Failure)
[2026-10-07T19:33:24.430+0000][350.671s][info][gc,heap        ] GC(198) DefNew: 15256K(16128K)->841K(16128K) Eden: 14336K(14336K)->0K(14336K) From: 920K(1792K)->841K(1792K)
[2026-10-07T19:33:24.430+0000][350.671s][info][gc,heap        ] GC(198) Tenured: 31402K(35592K)->31476K(35592K)
[2026-10-07T19:33:24.430+0000][350.671s][info][gc,metaspace   ] GC(198) Metaspace: 74077K(74816K)->74077K(74816K) NonClass: 64731K(65152K)->64731K(65152K) Class: 9346K(9664K)->9346K(9664K)
[2026-10-07T19:33:24.430+0000][350.671s][info][gc             ] GC(198) Pause Young (Allocation Failure) 45M->31M(50M) 8.228ms
[2026-10-07T19:33:24.430+0000][350.671s][info][gc,cpu         ] GC(198) User=0.00s Sys=0.00s Real=0.01s
[2026-10-07T19:33:25.683+0000][351.924s][info][gc,start       ] GC(199) Pause Young (Allocation Failure)
[2026-10-07T19:33:25.690+0000][351.931s][info][gc,heap        ] GC(199) DefNew: 15177K(16128K)->929K(16128K) Eden: 14336K(14336K)->0K(14336K) From: 841K(1792K)->929K(1792K)
[2026-10-07T19:33:25.690+0000][351.931s][info][gc,heap        ] GC(199) Tenured: 31476K(35592K)->31476K(35592K)
[2026-10-07T19:33:25.690+0000][351.931s][info][gc,metaspace   ] GC(199) Metaspace: 74077K(74816K)->74077K(74816K) NonClass: 64731K(65152K)->64731K(65152K) Class: 9346K(9664K)->9346K(9664K)
[2026-10-07T19:33:25.690+0000][351.931s][info][gc             ] GC(199) Pause Young (Allocation Failure) 45M->31M(50M) 7.759ms
[2026-10-07T19:33:25.690+0000][351.931s][info][gc,cpu         ] GC(199) User=0.01s Sys=0.00s Real=0.01s
[2026-10-07T19:33:26.969+0000][353.210s][info][gc,start       ] GC(200) Pause Young (Allocation Failure)
[2026-10-07T19:33:26.977+0000][353.218s][info][gc,heap        ] GC(200) DefNew: 15265K(16128K)->975K(16128K) Eden: 14336K(14336K)->0K(14336K) From: 929K(1792K)->975K(1792K)
[2026-10-07T19:33:26.977+0000][353.218s][info][gc,heap        ] GC(200) Tenured: 31476K(35592K)->31512K(35592K)
[2026-10-07T19:33:26.977+0000][353.218s][info][gc,metaspace   ] GC(200) Metaspace: 74077K(74816K)->74077K(74816K) NonClass: 64731K(65152K)->64731K(65152K) Class: 9346K(9664K)->9346K(9664K)
[2026-10-07T19:33:26.977+0000][353.218s][info][gc             ] GC(200) Pause Young (Allocation Failure) 45M->31M(50M) 7.893ms
[2026-10-07T19:33:26.977+0000][353.218s][info][gc,cpu         ] GC(200) User=0.00s Sys=0.00s Real=0.01s
[2026-10-07T19:33:28.227+0000][354.468s][info][gc,start       ] GC(201) Pause Young (Allocation Failure)
[2026-10-07T19:33:28.235+0000][354.476s][info][gc,heap        ] GC(201) DefNew: 15311K(16128K)->948K(16128K) Eden: 14336K(14336K)->0K(14336K) From: 975K(1792K)->948K(1792K)
[2026-10-07T19:33:28.235+0000][354.476s][info][gc,heap        ] GC(201) Tenured: 31512K(35592K)->31596K(35592K)
[2026-10-07T19:33:28.235+0000][354.476s][info][gc,metaspace   ] GC(201) Metaspace: 74077K(74816K)->74077K(74816K) NonClass: 64731K(65152K)->64731K(65152K) Class: 9346K(9664K)->9346K(9664K)
[2026-10-07T19:33:28.235+0000][354.476s][info][gc             ] GC(201) Pause Young (Allocation Failure) 45M->31M(50M) 8.367ms
[2026-10-07T19:33:28.235+0000][354.476s][info][gc,cpu         ] GC(201) User=0.01s Sys=0.00s Real=0.01s
[2026-10-07T19:33:29.518+0000][355.759s][info][gc,start       ] GC(202) Pause Young (Allocation Failure)
[2026-10-07T19:33:29.525+0000][355.766s][info][gc,heap        ] GC(202) DefNew: 15284K(16128K)->829K(16128K) Eden: 14336K(14336K)->0K(14336K) From: 948K(1792K)->829K(1792K)
[2026-10-07T19:33:29.526+0000][355.767s][info][gc,heap        ] GC(202) Tenured: 31596K(35592K)->31679K(35592K)
[2026-10-07T19:33:29.526+0000][355.767s][info][gc,metaspace   ] GC(202) Metaspace: 74077K(74816K)->74077K(74816K) NonClass: 64731K(65152K)->64731K(65152K) Class: 9346K(9664K)->9346K(9664K)
[2026-10-07T19:33:29.526+0000][355.767s][info][gc             ] GC(202) Pause Young (Allocation Failure) 45M->31M(50M) 7.363ms
[2026-10-07T19:33:29.526+0000][355.767s][info][gc,cpu         ] GC(202) User=0.01s Sys=0.00s Real=0.01s
[2026-10-07T19:33:30.755+0000][356.996s][info][gc,start       ] GC(203) Pause Young (Allocation Failure)
[2026-10-07T19:33:30.762+0000][357.003s][info][gc,heap        ] GC(203) DefNew: 15165K(16128K)->911K(16128K) Eden: 14336K(14336K)->0K(14336K) From: 829K(1792K)->911K(1792K)
[2026-10-07T19:33:30.762+0000][357.003s][info][gc,heap        ] GC(203) Tenured: 31679K(35592K)->31679K(35592K)
[2026-10-07T19:33:30.762+0000][357.003s][info][gc,metaspace   ] GC(203) Metaspace: 74077K(74816K)->74077K(74816K) NonClass: 64731K(65152K)->64731K(65152K) Class: 9346K(9664K)->9346K(9664K)
[2026-10-07T19:33:30.762+0000][357.003s][info][gc             ] GC(203) Pause Young (Allocation Failure) 45M->31M(50M) 7.042ms
[2026-10-07T19:33:30.762+0000][357.003s][info][gc,cpu         ] GC(203) User=0.01s Sys=0.00s Real=0.00s
[2026-10-07T19:33:32.048+0000][358.289s][info][gc,start       ] GC(204) Pause Young (Allocation Failure)
[2026-10-07T19:33:32.057+0000][358.298s][info][gc,heap        ] GC(204) DefNew: 15247K(16128K)->938K(16128K) Eden: 14336K(14336K)->0K(14336K) From: 911K(1792K)->938K(1792K)
[2026-10-07T19:33:32.057+0000][358.298s][info][gc,heap        ] GC(204) Tenured: 31679K(35592K)->31727K(35592K)
[2026-10-07T19:33:32.057+0000][358.298s][info][gc,metaspace   ] GC(204) Metaspace: 74077K(74816K)->74077K(74816K) NonClass: 64731K(65152K)->64731K(65152K) Class: 9346K(9664K)->9346K(9664K)
[2026-10-07T19:33:32.057+0000][358.298s][info][gc             ] GC(204) Pause Young (Allocation Failure) 45M->31M(50M) 8.937ms
[2026-10-07T19:33:32.059+0000][358.300s][info][gc,cpu         ] GC(204) User=0.01s Sys=0.00s Real=0.01s
[2026-10-07T19:33:33.294+0000][359.535s][info][gc,start       ] GC(205) Pause Young (Allocation Failure)
[2026-10-07T19:33:33.300+0000][359.541s][info][gc,heap        ] GC(205) DefNew: 15274K(16128K)->978K(16128K) Eden: 14336K(14336K)->0K(14336K) From: 938K(1792K)->978K(1792K)
[2026-10-07T19:33:33.300+0000][359.541s][info][gc,heap        ] GC(205) Tenured: 31727K(35592K)->31773K(35592K)
[2026-10-07T19:33:33.300+0000][359.541s][info][gc,metaspace   ] GC(205) Metaspace: 74077K(74816K)->74077K(74816K) NonClass: 64731K(65152K)->64731K(65152K) Class: 9346K(9664K)->9346K(9664K)
[2026-10-07T19:33:33.300+0000][359.541s][info][gc             ] GC(205) Pause Young (Allocation Failure) 45M->31M(50M) 6.394ms
[2026-10-07T19:33:33.300+0000][359.541s][info][gc,cpu         ] GC(205) User=0.01s Sys=0.00s Real=0.00s
[2026-10-07T19:33:34.551+0000][360.792s][info][gc,start       ] GC(206) Pause Young (Allocation Failure)
[2026-10-07T19:33:34.557+0000][360.799s][info][gc,heap        ] GC(206) DefNew: 15314K(16128K)->857K(16128K) Eden: 14336K(14336K)->0K(14336K) From: 978K(1792K)->857K(1792K)
[2026-10-07T19:33:34.558+0000][360.799s][info][gc,heap        ] GC(206) Tenured: 31773K(35592K)->31863K(35592K)
[2026-10-07T19:33:34.558+0000][360.799s][info][gc,metaspace   ] GC(206) Metaspace: 74082K(74816K)->74082K(74816K) NonClass: 64735K(65152K)->64735K(65152K) Class: 9346K(9664K)->9346K(9664K)
[2026-10-07T19:33:34.558+0000][360.799s][info][gc             ] GC(206) Pause Young (Allocation Failure) 45M->31M(50M) 7.255ms
[2026-10-07T19:33:34.558+0000][360.799s][info][gc,cpu         ] GC(206) User=0.01s Sys=0.00s Real=0.01s
[2026-10-07T19:33:35.825+0000][362.066s][info][gc,start       ] GC(207) Pause Young (Allocation Failure)
[2026-10-07T19:33:35.849+0000][362.090s][info][gc,heap        ] GC(207) DefNew: 15193K(16128K)->919K(16128K) Eden: 14336K(14336K)->0K(14336K) From: 857K(1792K)->919K(1792K)
[2026-10-07T19:33:35.849+0000][362.090s][info][gc,heap        ] GC(207) Tenured: 31863K(35592K)->31863K(35592K)
[2026-10-07T19:33:35.849+0000][362.090s][info][gc,metaspace   ] GC(207) Metaspace: 74087K(74816K)->74087K(74816K) NonClass: 64741K(65152K)->64741K(65152K) Class: 9346K(9664K)->9346K(9664K)
[2026-10-07T19:33:35.849+0000][362.090s][info][gc             ] GC(207) Pause Young (Allocation Failure) 45M->32M(50M) 23.812ms
[2026-10-07T19:33:35.849+0000][362.090s][info][gc,cpu         ] GC(207) User=0.02s Sys=0.00s Real=0.02s
[2026-10-07T19:33:37.098+0000][363.339s][info][gc,start       ] GC(208) Pause Young (Allocation Failure)
[2026-10-07T19:33:37.112+0000][363.353s][info][gc,heap        ] GC(208) DefNew: 15255K(16128K)->955K(16128K) Eden: 14336K(14336K)->0K(14336K) From: 919K(1792K)->955K(1792K)
[2026-10-07T19:33:37.112+0000][363.353s][info][gc,heap        ] GC(208) Tenured: 31863K(35592K)->31904K(35592K)
[2026-10-07T19:33:37.112+0000][363.353s][info][gc,metaspace   ] GC(208) Metaspace: 74088K(74816K)->74088K(74816K) NonClass: 64742K(65152K)->64742K(65152K) Class: 9346K(9664K)->9346K(9664K)
[2026-10-07T19:33:37.112+0000][363.354s][info][gc             ] GC(208) Pause Young (Allocation Failure) 46M->32M(50M) 14.640ms
[2026-10-07T19:33:37.114+0000][363.355s][info][gc,cpu         ] GC(208) User=0.01s Sys=0.00s Real=0.01s
[2026-10-07T19:33:38.312+0000][364.553s][info][gc,start       ] GC(209) Pause Young (Allocation Failure)
[2026-10-07T19:33:38.320+0000][364.561s][info][gc,heap        ] GC(209) DefNew: 15291K(16128K)->976K(16128K) Eden: 14336K(14336K)->0K(14336K) From: 955K(1792K)->976K(1792K)
[2026-10-07T19:33:38.320+0000][364.561s][info][gc,heap        ] GC(209) Tenured: 31904K(35592K)->32001K(35592K)
[2026-10-07T19:33:38.320+0000][364.561s][info][gc,metaspace   ] GC(209) Metaspace: 74094K(74816K)->74094K(74816K) NonClass: 64747K(65152K)->64747K(65152K) Class: 9346K(9664K)->9346K(9664K)
[2026-10-07T19:33:38.320+0000][364.561s][info][gc             ] GC(209) Pause Young (Allocation Failure) 46M->32M(50M) 8.113ms
[2026-10-07T19:33:38.320+0000][364.561s][info][gc,cpu         ] GC(209) User=0.01s Sys=0.00s Real=0.01s
[2026-10-07T19:33:39.571+0000][365.812s][info][gc,start       ] GC(210) Pause Young (Allocation Failure)
[2026-10-07T19:33:39.578+0000][365.819s][info][gc,heap        ] GC(210) DefNew: 15312K(16128K)->795K(16128K) Eden: 14336K(14336K)->0K(14336K) From: 976K(1792K)->795K(1792K)
[2026-10-07T19:33:39.578+0000][365.819s][info][gc,heap        ] GC(210) Tenured: 32001K(35592K)->32099K(35592K)
[2026-10-07T19:33:39.578+0000][365.819s][info][gc,metaspace   ] GC(210) Metaspace: 74094K(74816K)->74094K(74816K) NonClass: 64748K(65152K)->64748K(65152K) Class: 9346K(9664K)->9346K(9664K)
[2026-10-07T19:33:39.579+0000][365.820s][info][gc             ] GC(210) Pause Young (Allocation Failure) 46M->32M(50M) 7.948ms
[2026-10-07T19:33:39.579+0000][365.820s][info][gc,cpu         ] GC(210) User=0.01s Sys=0.01s Real=0.01s
[2026-10-07T19:33:40.836+0000][367.077s][info][gc,start       ] GC(211) Pause Young (Allocation Failure)
[2026-10-07T19:33:40.849+0000][367.090s][info][gc,heap        ] GC(211) DefNew: 15131K(16128K)->913K(16128K) Eden: 14336K(14336K)->0K(14336K) From: 795K(1792K)->913K(1792K)
[2026-10-07T19:33:40.849+0000][367.090s][info][gc,heap        ] GC(211) Tenured: 32099K(35592K)->32099K(35592K)
[2026-10-07T19:33:40.849+0000][367.090s][info][gc,metaspace   ] GC(211) Metaspace: 74094K(74816K)->74094K(74816K) NonClass: 64748K(65152K)->64748K(65152K) Class: 9346K(9664K)->9346K(9664K)
[2026-10-07T19:33:40.851+0000][367.092s][info][gc             ] GC(211) Pause Young (Allocation Failure) 46M->32M(50M) 14.796ms
[2026-10-07T19:33:40.851+0000][367.092s][info][gc,cpu         ] GC(211) User=0.01s Sys=0.00s Real=0.01s
[2026-10-07T19:33:42.137+0000][368.378s][info][gc,start       ] GC(212) Pause Young (Allocation Failure)
[2026-10-07T19:33:42.151+0000][368.392s][info][gc,heap        ] GC(212) DefNew: 15249K(16128K)->942K(16128K) Eden: 14336K(14336K)->0K(14336K) From: 913K(1792K)->942K(1792K)
[2026-10-07T19:33:42.151+0000][368.392s][info][gc,heap        ] GC(212) Tenured: 32099K(35592K)->32143K(35592K)
[2026-10-07T19:33:42.151+0000][368.392s][info][gc,metaspace   ] GC(212) Metaspace: 74094K(74816K)->74094K(74816K) NonClass: 64748K(65152K)->64748K(65152K) Class: 9346K(9664K)->9346K(9664K)
[2026-10-07T19:33:42.152+0000][368.393s][info][gc             ] GC(212) Pause Young (Allocation Failure) 46M->32M(50M) 14.448ms
[2026-10-07T19:33:42.152+0000][368.393s][info][gc,cpu         ] GC(212) User=0.01s Sys=0.00s Real=0.01s
[2026-10-07T19:33:43.382+0000][369.623s][info][gc,start       ] GC(213) Pause Young (Allocation Failure)
[2026-10-07T19:33:43.392+0000][369.633s][info][gc,heap        ] GC(213) DefNew: 15278K(16128K)->914K(16128K) Eden: 14336K(14336K)->0K(14336K) From: 942K(1792K)->914K(1792K)
[2026-10-07T19:33:43.392+0000][369.633s][info][gc,heap        ] GC(213) Tenured: 32143K(35592K)->32234K(35592K)
[2026-10-07T19:33:43.392+0000][369.633s][info][gc,metaspace   ] GC(213) Metaspace: 74094K(74816K)->74094K(74816K) NonClass: 64748K(65152K)->64748K(65152K) Class: 9346K(9664K)->9346K(9664K)
[2026-10-07T19:33:43.393+0000][369.635s][info][gc             ] GC(213) Pause Young (Allocation Failure) 46M->32M(50M) 11.862ms
[2026-10-07T19:33:43.394+0000][369.635s][info][gc,cpu         ] GC(213) User=0.00s Sys=0.00s Real=0.02s
[2026-10-07T19:33:44.650+0000][370.891s][info][gc,start       ] GC(214) Pause Young (Allocation Failure)
[2026-10-07T19:33:44.657+0000][370.898s][info][gc,heap        ] GC(214) DefNew: 15250K(16128K)->812K(16128K) Eden: 14336K(14336K)->0K(14336K) From: 914K(1792K)->812K(1792K)
[2026-10-07T19:33:44.657+0000][370.898s][info][gc,heap        ] GC(214) Tenured: 32234K(35592K)->32282K(35592K)
[2026-10-07T19:33:44.657+0000][370.898s][info][gc,metaspace   ] GC(214) Metaspace: 74094K(74816K)->74094K(74816K) NonClass: 64748K(65152K)->64748K(65152K) Class: 9346K(9664K)->9346K(9664K)
[2026-10-07T19:33:44.658+0000][370.899s][info][gc             ] GC(214) Pause Young (Allocation Failure) 46M->32M(50M) 7.891ms
[2026-10-07T19:33:44.658+0000][370.899s][info][gc,cpu         ] GC(214) User=0.00s Sys=0.00s Real=0.01s
[2026-10-07T19:33:45.983+0000][372.224s][info][gc,start       ] GC(215) Pause Young (Allocation Failure)
[2026-10-07T19:33:45.990+0000][372.231s][info][gc,heap        ] GC(215) DefNew: 15148K(16128K)->898K(16128K) Eden: 14336K(14336K)->0K(14336K) From: 812K(1792K)->898K(1792K)
[2026-10-07T19:33:45.990+0000][372.231s][info][gc,heap        ] GC(215) Tenured: 32282K(35592K)->32282K(35592K)
[2026-10-07T19:33:45.990+0000][372.231s][info][gc,metaspace   ] GC(215) Metaspace: 74094K(74816K)->74094K(74816K) NonClass: 64748K(65152K)->64748K(65152K) Class: 9346K(9664K)->9346K(9664K)
[2026-10-07T19:33:45.990+0000][372.231s][info][gc             ] GC(215) Pause Young (Allocation Failure) 46M->32M(50M) 7.750ms
[2026-10-07T19:33:45.990+0000][372.231s][info][gc,cpu         ] GC(215) User=0.01s Sys=0.00s Real=0.01s
[2026-10-07T19:33:47.212+0000][373.453s][info][gc,start       ] GC(216) Pause Young (Allocation Failure)
[2026-10-07T19:33:47.222+0000][373.463s][info][gc,heap        ] GC(216) DefNew: 15234K(16128K)->950K(16128K) Eden: 14336K(14336K)->0K(14336K) From: 898K(1792K)->950K(1792K)
[2026-10-07T19:33:47.222+0000][373.463s][info][gc,heap        ] GC(216) Tenured: 32282K(35592K)->32331K(35592K)
[2026-10-07T19:33:47.222+0000][373.463s][info][gc,metaspace   ] GC(216) Metaspace: 74094K(74816K)->74094K(74816K) NonClass: 64748K(65152K)->64748K(65152K) Class: 9346K(9664K)->9346K(9664K)
[2026-10-07T19:33:47.222+0000][373.464s][info][gc             ] GC(216) Pause Young (Allocation Failure) 46M->32M(50M) 10.648ms
[2026-10-07T19:33:47.223+0000][373.464s][info][gc,cpu         ] GC(216) User=0.01s Sys=0.00s Real=0.01s
[2026-10-07T19:33:48.458+0000][374.699s][info][gc,start       ] GC(217) Pause Young (Allocation Failure)
[2026-10-07T19:33:48.467+0000][374.708s][info][gc,heap        ] GC(217) DefNew: 15286K(16128K)->921K(16128K) Eden: 14336K(14336K)->0K(14336K) From: 950K(1792K)->921K(1792K)
[2026-10-07T19:33:48.467+0000][374.708s][info][gc,heap        ] GC(217) Tenured: 32331K(35592K)->32431K(35592K)
[2026-10-07T19:33:48.467+0000][374.708s][info][gc,metaspace   ] GC(217) Metaspace: 74101K(74880K)->74101K(74880K) NonClass: 64755K(65216K)->64755K(65216K) Class: 9346K(9664K)->9346K(9664K)
[2026-10-07T19:33:48.467+0000][374.708s][info][gc             ] GC(217) Pause Young (Allocation Failure) 46M->32M(50M) 9.151ms
[2026-10-07T19:33:48.467+0000][374.708s][info][gc,cpu         ] GC(217) User=0.01s Sys=0.00s Real=0.01s
[2026-10-07T19:33:49.711+0000][375.952s][info][gc,start       ] GC(218) Pause Young (Allocation Failure)
[2026-10-07T19:33:49.718+0000][375.959s][info][gc,heap        ] GC(218) DefNew: 15257K(16128K)->835K(16128K) Eden: 14336K(14336K)->0K(14336K) From: 921K(1792K)->835K(1792K)
[2026-10-07T19:33:49.718+0000][375.959s][info][gc,heap        ] GC(218) Tenured: 32431K(35592K)->32496K(35592K)
[2026-10-07T19:33:49.718+0000][375.959s][info][gc,metaspace   ] GC(218) Metaspace: 74103K(74880K)->74103K(74880K) NonClass: 64756K(65216K)->64756K(65216K) Class: 9346K(9664K)->9346K(9664K)
[2026-10-07T19:33:49.718+0000][375.959s][info][gc             ] GC(218) Pause Young (Allocation Failure) 46M->32M(50M) 7.265ms
[2026-10-07T19:33:49.718+0000][375.960s][info][gc,cpu         ] GC(218) User=0.01s Sys=0.00s Real=0.01s
[2026-10-07T19:33:50.966+0000][377.207s][info][gc,start       ] GC(219) Pause Young (Allocation Failure)
[2026-10-07T19:33:50.982+0000][377.223s][info][gc,heap        ] GC(219) DefNew: 15171K(16128K)->919K(16128K) Eden: 14336K(14336K)->0K(14336K) From: 835K(1792K)->919K(1792K)
[2026-10-07T19:33:50.982+0000][377.223s][info][gc,heap        ] GC(219) Tenured: 32496K(35592K)->32496K(35592K)
[2026-10-07T19:33:50.982+0000][377.223s][info][gc,metaspace   ] GC(219) Metaspace: 74103K(74880K)->74103K(74880K) NonClass: 64756K(65216K)->64756K(65216K) Class: 9346K(9664K)->9346K(9664K)
[2026-10-07T19:33:50.984+0000][377.225s][info][gc             ] GC(219) Pause Young (Allocation Failure) 46M->32M(50M) 17.714ms
[2026-10-07T19:33:50.984+0000][377.225s][info][gc,cpu         ] GC(219) User=0.01s Sys=0.00s Real=0.02s
[2026-10-07T19:33:52.256+0000][378.497s][info][gc,start       ] GC(220) Pause Young (Allocation Failure)
[2026-10-07T19:33:52.269+0000][378.510s][info][gc,heap        ] GC(220) DefNew: 15255K(16128K)->975K(16128K) Eden: 14336K(14336K)->0K(14336K) From: 919K(1792K)->975K(1792K)
[2026-10-07T19:33:52.269+0000][378.510s][info][gc,heap        ] GC(220) Tenured: 32496K(35592K)->32541K(35592K)
[2026-10-07T19:33:52.269+0000][378.510s][info][gc,metaspace   ] GC(220) Metaspace: 74103K(74880K)->74103K(74880K) NonClass: 64756K(65216K)->64756K(65216K) Class: 9346K(9664K)->9346K(9664K)
[2026-10-07T19:33:52.269+0000][378.510s][info][gc             ] GC(220) Pause Young (Allocation Failure) 46M->32M(50M) 13.332ms
[2026-10-07T19:33:52.269+0000][378.510s][info][gc,cpu         ] GC(220) User=0.01s Sys=0.00s Real=0.01s
[2026-10-07T19:33:53.466+0000][379.707s][info][gc,start       ] GC(221) Pause Young (Allocation Failure)
[2026-10-07T19:33:53.474+0000][379.715s][info][gc,heap        ] GC(221) DefNew: 15311K(16128K)->1001K(16128K) Eden: 14336K(14336K)->0K(14336K) From: 975K(1792K)->1001K(1792K)
[2026-10-07T19:33:53.474+0000][379.715s][info][gc,heap        ] GC(221) Tenured: 32541K(35592K)->32622K(35592K)
[2026-10-07T19:33:53.474+0000][379.715s][info][gc,metaspace   ] GC(221) Metaspace: 74105K(74880K)->74105K(74880K) NonClass: 64758K(65216K)->64758K(65216K) Class: 9346K(9664K)->9346K(9664K)
[2026-10-07T19:33:53.475+0000][379.716s][info][gc             ] GC(221) Pause Young (Allocation Failure) 46M->32M(50M) 8.615ms
[2026-10-07T19:33:53.475+0000][379.716s][info][gc,cpu         ] GC(221) User=0.00s Sys=0.00s Real=0.01s
[2026-10-07T19:33:54.712+0000][380.953s][info][gc,start       ] GC(222) Pause Young (Allocation Failure)
[2026-10-07T19:33:54.720+0000][380.961s][info][gc,heap        ] GC(222) DefNew: 15337K(16128K)->792K(16128K) Eden: 14336K(14336K)->0K(14336K) From: 1001K(1792K)->792K(1792K)
[2026-10-07T19:33:54.720+0000][380.961s][info][gc,heap        ] GC(222) Tenured: 32622K(35592K)->32768K(35592K)
[2026-10-07T19:33:54.720+0000][380.961s][info][gc,metaspace   ] GC(222) Metaspace: 74105K(74880K)->74105K(74880K) NonClass: 64758K(65216K)->64758K(65216K) Class: 9346K(9664K)->9346K(9664K)
[2026-10-07T19:33:54.720+0000][380.961s][info][gc             ] GC(222) Pause Young (Allocation Failure) 46M->32M(50M) 8.080ms
[2026-10-07T19:33:54.720+0000][380.961s][info][gc,cpu         ] GC(222) User=0.01s Sys=0.00s Real=0.01s
[2026-10-07T19:33:55.988+0000][382.229s][info][gc,start       ] GC(223) Pause Young (Allocation Failure)
[2026-10-07T19:33:55.995+0000][382.236s][info][gc,heap        ] GC(223) DefNew: 15128K(16128K)->849K(16128K) Eden: 14335K(14336K)->0K(14336K) From: 792K(1792K)->849K(1792K)
[2026-10-07T19:33:55.995+0000][382.236s][info][gc,heap        ] GC(223) Tenured: 32768K(35592K)->32768K(35592K)
[2026-10-07T19:33:55.995+0000][382.236s][info][gc,metaspace   ] GC(223) Metaspace: 74105K(74880K)->74105K(74880K) NonClass: 64758K(65216K)->64758K(65216K) Class: 9346K(9664K)->9346K(9664K)
[2026-10-07T19:33:55.995+0000][382.236s][info][gc             ] GC(223) Pause Young (Allocation Failure) 46M->32M(50M) 6.756ms
[2026-10-07T19:33:55.995+0000][382.236s][info][gc,cpu         ] GC(223) User=0.01s Sys=0.00s Real=0.01s
[2026-10-07T19:33:57.281+0000][383.522s][info][gc,start       ] GC(224) Pause Young (Allocation Failure)
[2026-10-07T19:33:57.288+0000][383.529s][info][gc,heap        ] GC(224) DefNew: 15185K(16128K)->970K(16128K) Eden: 14336K(14336K)->0K(14336K) From: 849K(1792K)->970K(1792K)
[2026-10-07T19:33:57.288+0000][383.529s][info][gc,heap        ] GC(224) Tenured: 32768K(35592K)->32768K(35592K)
[2026-10-07T19:33:57.288+0000][383.529s][info][gc,metaspace   ] GC(224) Metaspace: 74105K(74880K)->74105K(74880K) NonClass: 64758K(65216K)->64758K(65216K) Class: 9346K(9664K)->9346K(9664K)
[2026-10-07T19:33:57.288+0000][383.529s][info][gc             ] GC(224) Pause Young (Allocation Failure) 46M->32M(50M) 6.668ms
[2026-10-07T19:33:57.288+0000][383.529s][info][gc,cpu         ] GC(224) User=0.00s Sys=0.00s Real=0.01s
[2026-10-07T19:33:58.550+0000][384.792s][info][gc,start       ] GC(225) Pause Young (Allocation Failure)
[2026-10-07T19:33:58.558+0000][384.799s][info][gc,heap        ] GC(225) DefNew: 15306K(16128K)->975K(16128K) Eden: 14336K(14336K)->0K(14336K) From: 970K(1792K)->975K(1792K)
[2026-10-07T19:33:58.558+0000][384.799s][info][gc,heap        ] GC(225) Tenured: 32768K(35592K)->32848K(35592K)
[2026-10-07T19:33:58.558+0000][384.799s][info][gc,metaspace   ] GC(225) Metaspace: 74105K(74880K)->74105K(74880K) NonClass: 64758K(65216K)->64758K(65216K) Class: 9346K(9664K)->9346K(9664K)
[2026-10-07T19:33:58.558+0000][384.799s][info][gc             ] GC(225) Pause Young (Allocation Failure) 46M->33M(50M) 7.376ms
[2026-10-07T19:33:58.558+0000][384.799s][info][gc,cpu         ] GC(225) User=0.00s Sys=0.00s Real=0.01s
[2026-10-07T19:33:59.799+0000][386.041s][info][gc,start       ] GC(226) Pause Young (Allocation Failure)
[2026-10-07T19:33:59.806+0000][386.047s][info][gc,heap        ] GC(226) DefNew: 15311K(16128K)->794K(16128K) Eden: 14336K(14336K)->0K(14336K) From: 975K(1792K)->794K(1792K)
[2026-10-07T19:33:59.806+0000][386.047s][info][gc,heap        ] GC(226) Tenured: 32848K(35592K)->32957K(35592K)
[2026-10-07T19:33:59.806+0000][386.047s][info][gc,metaspace   ] GC(226) Metaspace: 74105K(74880K)->74105K(74880K) NonClass: 64758K(65216K)->64758K(65216K) Class: 9346K(9664K)->9346K(9664K)
[2026-10-07T19:33:59.806+0000][386.047s][info][gc             ] GC(226) Pause Young (Allocation Failure) 47M->32M(50M) 6.842ms
[2026-10-07T19:33:59.806+0000][386.047s][info][gc,cpu         ] GC(226) User=0.01s Sys=0.00s Real=0.01s
[2026-10-07T19:34:01.070+0000][387.311s][info][gc,start       ] GC(227) Pause Young (Allocation Failure)
[2026-10-07T19:34:01.079+0000][387.320s][info][gc,heap        ] GC(227) DefNew: 15130K(16128K)->878K(16128K) Eden: 14336K(14336K)->0K(14336K) From: 794K(1792K)->878K(1792K)
[2026-10-07T19:34:01.079+0000][387.320s][info][gc,heap        ] GC(227) Tenured: 32957K(35592K)->32957K(35592K)
[2026-10-07T19:34:01.079+0000][387.320s][info][gc,metaspace   ] GC(227) Metaspace: 74105K(74880K)->74105K(74880K) NonClass: 64759K(65216K)->64759K(65216K) Class: 9346K(9664K)->9346K(9664K)
[2026-10-07T19:34:01.079+0000][387.320s][info][gc             ] GC(227) Pause Young (Allocation Failure) 46M->33M(50M) 8.900ms
[2026-10-07T19:34:01.079+0000][387.320s][info][gc,cpu         ] GC(227) User=0.00s Sys=0.00s Real=0.01s
[2026-10-07T19:34:02.336+0000][388.577s][info][gc,start       ] GC(228) Pause Young (Allocation Failure)
[2026-10-07T19:34:02.352+0000][388.593s][info][gc,heap        ] GC(228) DefNew: 15214K(16128K)->941K(16128K) Eden: 14336K(14336K)->0K(14336K) From: 878K(1792K)->941K(1792K)
[2026-10-07T19:34:02.352+0000][388.593s][info][gc,heap        ] GC(228) Tenured: 32957K(35592K)->32957K(35592K)
[2026-10-07T19:34:02.352+0000][388.593s][info][gc,metaspace   ] GC(228) Metaspace: 74105K(74880K)->74105K(74880K) NonClass: 64759K(65216K)->64759K(65216K) Class: 9346K(9664K)->9346K(9664K)
[2026-10-07T19:34:02.354+0000][388.595s][info][gc             ] GC(228) Pause Young (Allocation Failure) 47M->33M(50M) 17.612ms
[2026-10-07T19:34:02.354+0000][388.595s][info][gc,cpu         ] GC(228) User=0.00s Sys=0.00s Real=0.02s
[2026-10-07T19:34:03.621+0000][389.862s][info][gc,start       ] GC(229) Pause Young (Allocation Failure)
[2026-10-07T19:34:03.629+0000][389.870s][info][gc,heap        ] GC(229) DefNew: 15277K(16128K)->969K(16128K) Eden: 14336K(14336K)->0K(14336K) From: 941K(1792K)->969K(1792K)
[2026-10-07T19:34:03.629+0000][389.870s][info][gc,heap        ] GC(229) Tenured: 32957K(35592K)->33013K(35592K)
[2026-10-07T19:34:03.629+0000][389.870s][info][gc,metaspace   ] GC(229) Metaspace: 74106K(74880K)->74106K(74880K) NonClass: 64760K(65216K)->64760K(65216K) Class: 9346K(9664K)->9346K(9664K)
[2026-10-07T19:34:03.629+0000][389.870s][info][gc             ] GC(229) Pause Young (Allocation Failure) 47M->33M(50M) 8.002ms
[2026-10-07T19:34:03.629+0000][389.870s][info][gc,cpu         ] GC(229) User=0.00s Sys=0.00s Real=0.01s
[2026-10-07T19:34:04.880+0000][391.121s][info][gc,start       ] GC(230) Pause Young (Allocation Failure)
[2026-10-07T19:34:04.891+0000][391.132s][info][gc,heap        ] GC(230) DefNew: 15305K(16128K)->835K(16128K) Eden: 14336K(14336K)->0K(14336K) From: 969K(1792K)->835K(1792K)
[2026-10-07T19:34:04.892+0000][391.133s][info][gc,heap        ] GC(230) Tenured: 33013K(35592K)->33113K(35592K)
[2026-10-07T19:34:04.892+0000][391.133s][info][gc,metaspace   ] GC(230) Metaspace: 74111K(74880K)->74111K(74880K) NonClass: 64764K(65216K)->64764K(65216K) Class: 9346K(9664K)->9346K(9664K)
[2026-10-07T19:34:04.892+0000][391.133s][info][gc             ] GC(230) Pause Young (Allocation Failure) 47M->33M(50M) 12.399ms
[2026-10-07T19:34:04.892+0000][391.133s][info][gc,cpu         ] GC(230) User=0.00s Sys=0.00s Real=0.01s
[2026-10-07T19:34:06.159+0000][392.400s][info][gc,start       ] GC(231) Pause Young (Allocation Failure)
[2026-10-07T19:34:06.166+0000][392.408s][info][gc,heap        ] GC(231) DefNew: 15169K(16128K)->902K(16128K) Eden: 14334K(14336K)->0K(14336K) From: 835K(1792K)->902K(1792K)
[2026-10-07T19:34:06.167+0000][392.408s][info][gc,heap        ] GC(231) Tenured: 33113K(35592K)->33113K(35592K)
[2026-10-07T19:34:06.167+0000][392.408s][info][gc,metaspace   ] GC(231) Metaspace: 74111K(74880K)->74111K(74880K) NonClass: 64764K(65216K)->64764K(65216K) Class: 9346K(9664K)->9346K(9664K)
[2026-10-07T19:34:06.167+0000][392.408s][info][gc             ] GC(231) Pause Young (Allocation Failure) 47M->33M(50M) 7.154ms
[2026-10-07T19:34:06.167+0000][392.408s][info][gc,cpu         ] GC(231) User=0.00s Sys=0.00s Real=0.01s
[2026-10-07T19:34:07.412+0000][393.653s][info][gc,start       ] GC(232) Pause Young (Allocation Failure)
[2026-10-07T19:34:07.422+0000][393.663s][info][gc,heap        ] GC(232) DefNew: 15238K(16128K)->919K(16128K) Eden: 14336K(14336K)->0K(14336K) From: 902K(1792K)->919K(1792K)
[2026-10-07T19:34:07.422+0000][393.664s][info][gc,heap        ] GC(232) Tenured: 33113K(35592K)->33158K(35592K)
[2026-10-07T19:34:07.422+0000][393.664s][info][gc,metaspace   ] GC(232) Metaspace: 74112K(74880K)->74112K(74880K) NonClass: 64766K(65216K)->64766K(65216K) Class: 9346K(9664K)->9346K(9664K)
[2026-10-07T19:34:07.422+0000][393.664s][info][gc             ] GC(232) Pause Young (Allocation Failure) 47M->33M(50M) 10.240ms
[2026-10-07T19:34:07.423+0000][393.664s][info][gc,cpu         ] GC(232) User=0.00s Sys=0.00s Real=0.01s
[2026-10-07T19:34:08.629+0000][394.870s][info][gc,start       ] GC(233) Pause Young (Allocation Failure)
[2026-10-07T19:34:08.638+0000][394.879s][info][gc,heap        ] GC(233) DefNew: 15255K(16128K)->980K(16128K) Eden: 14336K(14336K)->0K(14336K) From: 919K(1792K)->980K(1792K)
[2026-10-07T19:34:08.638+0000][394.879s][info][gc,heap        ] GC(233) Tenured: 33158K(35592K)->33238K(35592K)
[2026-10-07T19:34:08.638+0000][394.879s][info][gc,metaspace   ] GC(233) Metaspace: 74112K(74880K)->74112K(74880K) NonClass: 64766K(65216K)->64766K(65216K) Class: 9346K(9664K)->9346K(9664K)
[2026-10-07T19:34:08.638+0000][394.879s][info][gc             ] GC(233) Pause Young (Allocation Failure) 47M->33M(50M) 9.107ms
[2026-10-07T19:34:08.638+0000][394.879s][info][gc,cpu         ] GC(233) User=0.01s Sys=0.01s Real=0.01s
[2026-10-07T19:34:09.901+0000][396.142s][info][gc,start       ] GC(234) Pause Young (Allocation Failure)
[2026-10-07T19:34:09.910+0000][396.151s][info][gc,heap        ] GC(234) DefNew: 15316K(16128K)->816K(16128K) Eden: 14336K(14336K)->0K(14336K) From: 980K(1792K)->816K(1792K)
[2026-10-07T19:34:09.910+0000][396.151s][info][gc,heap        ] GC(234) Tenured: 33238K(35592K)->33324K(35592K)
[2026-10-07T19:34:09.910+0000][396.151s][info][gc,metaspace   ] GC(234) Metaspace: 74113K(74880K)->74113K(74880K) NonClass: 64767K(65216K)->64767K(65216K) Class: 9346K(9664K)->9346K(9664K)
[2026-10-07T19:34:09.910+0000][396.151s][info][gc             ] GC(234) Pause Young (Allocation Failure) 47M->33M(50M) 9.017ms
[2026-10-07T19:34:09.910+0000][396.151s][info][gc,cpu         ] GC(234) User=0.01s Sys=0.00s Real=0.01s
[2026-10-07T19:34:11.176+0000][397.418s][info][gc,start       ] GC(235) Pause Young (Allocation Failure)
[2026-10-07T19:34:11.183+0000][397.425s][info][gc,heap        ] GC(235) DefNew: 15152K(16128K)->941K(16128K) Eden: 14336K(14336K)->0K(14336K) From: 816K(1792K)->941K(1792K)
[2026-10-07T19:34:11.183+0000][397.425s][info][gc,heap        ] GC(235) Tenured: 33324K(35592K)->33324K(35592K)
[2026-10-07T19:34:11.183+0000][397.425s][info][gc,metaspace   ] GC(235) Metaspace: 74113K(74880K)->74113K(74880K) NonClass: 64767K(65216K)->64767K(65216K) Class: 9346K(9664K)->9346K(9664K)
[2026-10-07T19:34:11.184+0000][397.425s][info][gc             ] GC(235) Pause Young (Allocation Failure) 47M->33M(50M) 7.126ms
[2026-10-07T19:34:11.184+0000][397.425s][info][gc,cpu         ] GC(235) User=0.01s Sys=0.00s Real=0.01s
[2026-10-07T19:34:12.466+0000][398.707s][info][gc,start       ] GC(236) Pause Young (Allocation Failure)
[2026-10-07T19:34:12.499+0000][398.740s][info][gc,heap        ] GC(236) DefNew: 15277K(16128K)->958K(16128K) Eden: 14336K(14336K)->0K(14336K) From: 941K(1792K)->958K(1792K)
[2026-10-07T19:34:12.501+0000][398.742s][info][gc,heap        ] GC(236) Tenured: 33324K(35592K)->33381K(35592K)
[2026-10-07T19:34:12.501+0000][398.742s][info][gc,metaspace   ] GC(236) Metaspace: 74113K(74880K)->74113K(74880K) NonClass: 64767K(65216K)->64767K(65216K) Class: 9346K(9664K)->9346K(9664K)
[2026-10-07T19:34:12.501+0000][398.743s][info][gc             ] GC(236) Pause Young (Allocation Failure) 47M->33M(50M) 35.184ms
[2026-10-07T19:34:12.502+0000][398.743s][info][gc,cpu         ] GC(236) User=0.02s Sys=0.00s Real=0.03s
[2026-10-07T19:34:13.720+0000][399.961s][info][gc,start       ] GC(237) Pause Young (Allocation Failure)
[2026-10-07T19:34:13.728+0000][399.969s][info][gc,heap        ] GC(237) DefNew: 15293K(16128K)->947K(16128K) Eden: 14335K(14336K)->0K(14336K) From: 958K(1792K)->947K(1792K)
[2026-10-07T19:34:13.728+0000][399.969s][info][gc,heap        ] GC(237) Tenured: 33381K(35592K)->33466K(35592K)
[2026-10-07T19:34:13.728+0000][399.969s][info][gc,metaspace   ] GC(237) Metaspace: 74113K(74880K)->74113K(74880K) NonClass: 64767K(65216K)->64767K(65216K) Class: 9346K(9664K)->9346K(9664K)
[2026-10-07T19:34:13.728+0000][399.969s][info][gc             ] GC(237) Pause Young (Allocation Failure) 47M->33M(50M) 8.521ms
[2026-10-07T19:34:13.728+0000][399.969s][info][gc,cpu         ] GC(237) User=0.01s Sys=0.00s Real=0.01s
[2026-10-07T19:34:14.984+0000][401.225s][info][gc,start       ] GC(238) Pause Young (Allocation Failure)
[2026-10-07T19:34:14.991+0000][401.232s][info][gc,heap        ] GC(238) DefNew: 15283K(16128K)->863K(16128K) Eden: 14336K(14336K)->0K(14336K) From: 947K(1792K)->863K(1792K)
[2026-10-07T19:34:14.991+0000][401.232s][info][gc,heap        ] GC(238) Tenured: 33466K(35592K)->33548K(35592K)
[2026-10-07T19:34:14.991+0000][401.232s][info][gc,metaspace   ] GC(238) Metaspace: 74114K(74880K)->74114K(74880K) NonClass: 64768K(65216K)->64768K(65216K) Class: 9346K(9664K)->9346K(9664K)
[2026-10-07T19:34:14.991+0000][401.232s][info][gc             ] GC(238) Pause Young (Allocation Failure) 47M->33M(50M) 7.519ms
[2026-10-07T19:34:14.991+0000][401.232s][info][gc,cpu         ] GC(238) User=0.01s Sys=0.00s Real=0.00s
[2026-10-07T19:34:16.256+0000][402.497s][info][gc,start       ] GC(239) Pause Young (Allocation Failure)
[2026-10-07T19:34:16.264+0000][402.505s][info][gc,heap        ] GC(239) DefNew: 15199K(16128K)->967K(16128K) Eden: 14336K(14336K)->0K(14336K) From: 863K(1792K)->967K(1792K)
[2026-10-07T19:34:16.265+0000][402.506s][info][gc,heap        ] GC(239) Tenured: 33548K(35592K)->33548K(35592K)
[2026-10-07T19:34:16.265+0000][402.507s][info][gc,metaspace   ] GC(239) Metaspace: 74114K(74880K)->74114K(74880K) NonClass: 64768K(65216K)->64768K(65216K) Class: 9346K(9664K)->9346K(9664K)
[2026-10-07T19:34:16.266+0000][402.508s][info][gc             ] GC(239) Pause Young (Allocation Failure) 47M->33M(50M) 10.681ms
[2026-10-07T19:34:16.266+0000][402.508s][info][gc,cpu         ] GC(239) User=0.01s Sys=0.00s Real=0.01s
[2026-10-07T19:34:17.516+0000][403.757s][info][gc,start       ] GC(240) Pause Young (Allocation Failure)
[2026-10-07T19:34:17.522+0000][403.763s][info][gc,heap        ] GC(240) DefNew: 15303K(16128K)->930K(16128K) Eden: 14336K(14336K)->0K(14336K) From: 967K(1792K)->930K(1792K)
[2026-10-07T19:34:17.522+0000][403.763s][info][gc,heap        ] GC(240) Tenured: 33548K(35592K)->33624K(35592K)
[2026-10-07T19:34:17.522+0000][403.763s][info][gc,metaspace   ] GC(240) Metaspace: 74115K(74880K)->74115K(74880K) NonClass: 64769K(65216K)->64769K(65216K) Class: 9346K(9664K)->9346K(9664K)
[2026-10-07T19:34:17.522+0000][403.764s][info][gc             ] GC(240) Pause Young (Allocation Failure) 47M->33M(50M) 6.817ms
[2026-10-07T19:34:17.523+0000][403.764s][info][gc,cpu         ] GC(240) User=0.00s Sys=0.00s Real=0.00s
[2026-10-07T19:34:18.811+0000][405.052s][info][gc,start       ] GC(241) Pause Young (Allocation Failure)
[2026-10-07T19:34:18.823+0000][405.064s][info][gc,heap        ] GC(241) DefNew: 15266K(16128K)->972K(16128K) Eden: 14336K(14336K)->0K(14336K) From: 930K(1792K)->972K(1792K)
[2026-10-07T19:34:18.823+0000][405.064s][info][gc,heap        ] GC(241) Tenured: 33624K(35592K)->33675K(35592K)
[2026-10-07T19:34:18.823+0000][405.064s][info][gc,metaspace   ] GC(241) Metaspace: 74115K(74880K)->74115K(74880K) NonClass: 64769K(65216K)->64769K(65216K) Class: 9346K(9664K)->9346K(9664K)
[2026-10-07T19:34:18.824+0000][405.065s][info][gc             ] GC(241) Pause Young (Allocation Failure) 47M->33M(50M) 12.774ms
[2026-10-07T19:34:18.824+0000][405.065s][info][gc,cpu         ] GC(241) User=0.00s Sys=0.00s Real=0.02s
[2026-10-07T19:34:20.061+0000][406.302s][info][gc,start       ] GC(242) Pause Young (Allocation Failure)
[2026-10-07T19:34:20.072+0000][406.313s][info][gc,heap        ] GC(242) DefNew: 15308K(16128K)->866K(16128K) Eden: 14336K(14336K)->0K(14336K) From: 972K(1792K)->866K(1792K)
[2026-10-07T19:34:20.072+0000][406.313s][info][gc,heap        ] GC(242) Tenured: 33675K(35592K)->33757K(35592K)
[2026-10-07T19:34:20.072+0000][406.313s][info][gc,metaspace   ] GC(242) Metaspace: 74115K(74880K)->74115K(74880K) NonClass: 64769K(65216K)->64769K(65216K) Class: 9346K(9664K)->9346K(9664K)
[2026-10-07T19:34:20.073+0000][406.314s][info][gc             ] GC(242) Pause Young (Allocation Failure) 47M->33M(50M) 11.203ms
[2026-10-07T19:34:20.073+0000][406.314s][info][gc,cpu         ] GC(242) User=0.01s Sys=0.00s Real=0.01s
[2026-10-07T19:34:21.328+0000][407.569s][info][gc,start       ] GC(243) Pause Young (Allocation Failure)
[2026-10-07T19:34:21.336+0000][407.577s][info][gc,heap        ] GC(243) DefNew: 15202K(16128K)->913K(16128K) Eden: 14336K(14336K)->0K(14336K) From: 866K(1792K)->913K(1792K)
[2026-10-07T19:34:21.336+0000][407.577s][info][gc,heap        ] GC(243) Tenured: 33757K(35592K)->33757K(35592K)
[2026-10-07T19:34:21.336+0000][407.577s][info][gc,metaspace   ] GC(243) Metaspace: 74115K(74880K)->74115K(74880K) NonClass: 64769K(65216K)->64769K(65216K) Class: 9346K(9664K)->9346K(9664K)
[2026-10-07T19:34:21.337+0000][407.578s][info][gc             ] GC(243) Pause Young (Allocation Failure) 47M->33M(50M) 8.179ms
[2026-10-07T19:34:21.337+0000][407.578s][info][gc,cpu         ] GC(243) User=0.00s Sys=0.00s Real=0.01s
[2026-10-07T19:34:22.576+0000][408.817s][info][gc,start       ] GC(244) Pause Young (Allocation Failure)
[2026-10-07T19:34:22.583+0000][408.824s][info][gc,heap        ] GC(244) DefNew: 15249K(16128K)->916K(16128K) Eden: 14336K(14336K)->0K(14336K) From: 913K(1792K)->916K(1792K)
[2026-10-07T19:34:22.583+0000][408.824s][info][gc,heap        ] GC(244) Tenured: 33757K(35592K)->33852K(35592K)
[2026-10-07T19:34:22.583+0000][408.824s][info][gc,metaspace   ] GC(244) Metaspace: 74116K(74880K)->74116K(74880K) NonClass: 64770K(65216K)->64770K(65216K) Class: 9346K(9664K)->9346K(9664K)
[2026-10-07T19:34:22.583+0000][408.824s][info][gc             ] GC(244) Pause Young (Allocation Failure) 47M->33M(50M) 7.197ms
[2026-10-07T19:34:22.583+0000][408.824s][info][gc,cpu         ] GC(244) User=0.00s Sys=0.00s Real=0.00s
[2026-10-07T19:34:23.821+0000][410.062s][info][gc,start       ] GC(245) Pause Young (Allocation Failure)
[2026-10-07T19:34:23.835+0000][410.077s][info][gc,heap        ] GC(245) DefNew: 15252K(16128K)->893K(16128K) Eden: 14336K(14336K)->0K(14336K) From: 916K(1792K)->893K(1792K)
[2026-10-07T19:34:23.835+0000][410.077s][info][gc,heap        ] GC(245) Tenured: 33852K(35592K)->33899K(35592K)
[2026-10-07T19:34:23.835+0000][410.077s][info][gc,metaspace   ] GC(245) Metaspace: 74120K(74880K)->74120K(74880K) NonClass: 64774K(65216K)->64774K(65216K) Class: 9346K(9664K)->9346K(9664K)
[2026-10-07T19:34:23.836+0000][410.077s][info][gc             ] GC(245) Pause Young (Allocation Failure) 47M->33M(50M) 14.996ms
[2026-10-07T19:34:23.837+0000][410.078s][info][gc,cpu         ] GC(245) User=0.00s Sys=0.00s Real=0.02s
[2026-10-07T19:34:25.081+0000][411.323s][info][gc,start       ] GC(246) Pause Young (Allocation Failure)
[2026-10-07T19:34:25.091+0000][411.333s][info][gc,heap        ] GC(246) DefNew: 15229K(16128K)->879K(16128K) Eden: 14336K(14336K)->0K(14336K) From: 893K(1792K)->879K(1792K)
[2026-10-07T19:34:25.092+0000][411.333s][info][gc,heap        ] GC(246) Tenured: 33899K(35592K)->33899K(35592K)
[2026-10-07T19:34:25.092+0000][411.333s][info][gc,metaspace   ] GC(246) Metaspace: 74122K(74880K)->74122K(74880K) NonClass: 64776K(65216K)->64776K(65216K) Class: 9346K(9664K)->9346K(9664K)
[2026-10-07T19:34:25.092+0000][411.333s][info][gc             ] GC(246) Pause Young (Allocation Failure) 47M->33M(50M) 10.286ms
[2026-10-07T19:34:25.092+0000][411.333s][info][gc,cpu         ] GC(246) User=0.00s Sys=0.01s Real=0.01s
[2026-10-07T19:34:26.360+0000][412.601s][info][gc,start       ] GC(247) Pause Young (Allocation Failure)
[2026-10-07T19:34:26.368+0000][412.609s][info][gc,heap        ] GC(247) DefNew: 15215K(16128K)->958K(16128K) Eden: 14336K(14336K)->0K(14336K) From: 879K(1792K)->958K(1792K)
[2026-10-07T19:34:26.368+0000][412.609s][info][gc,heap        ] GC(247) Tenured: 33899K(35592K)->33899K(35592K)
[2026-10-07T19:34:26.369+0000][412.610s][info][gc,metaspace   ] GC(247) Metaspace: 74122K(74880K)->74122K(74880K) NonClass: 64776K(65216K)->64776K(65216K) Class: 9346K(9664K)->9346K(9664K)
[2026-10-07T19:34:26.369+0000][412.610s][info][gc             ] GC(247) Pause Young (Allocation Failure) 47M->34M(50M) 8.493ms
[2026-10-07T19:34:26.369+0000][412.610s][info][gc,cpu         ] GC(247) User=0.01s Sys=0.00s Real=0.01s
[2026-10-07T19:34:27.629+0000][413.870s][info][gc,start       ] GC(248) Pause Young (Allocation Failure)
[2026-10-07T19:34:27.636+0000][413.877s][info][gc,heap        ] GC(248) DefNew: 15294K(16128K)->935K(16128K) Eden: 14336K(14336K)->0K(14336K) From: 958K(1792K)->935K(1792K)
[2026-10-07T19:34:27.636+0000][413.877s][info][gc,heap        ] GC(248) Tenured: 33899K(35592K)->33998K(35592K)
[2026-10-07T19:34:27.636+0000][413.877s][info][gc,metaspace   ] GC(248) Metaspace: 74122K(74880K)->74122K(74880K) NonClass: 64776K(65216K)->64776K(65216K) Class: 9346K(9664K)->9346K(9664K)
[2026-10-07T19:34:27.636+0000][413.877s][info][gc             ] GC(248) Pause Young (Allocation Failure) 48M->34M(50M) 7.575ms
[2026-10-07T19:34:27.636+0000][413.877s][info][gc,cpu         ] GC(248) User=0.01s Sys=0.00s Real=0.01s
[2026-10-07T19:34:28.902+0000][415.143s][info][gc,start       ] GC(249) Pause Young (Allocation Failure)
[2026-10-07T19:34:28.922+0000][415.163s][info][gc,heap        ] GC(249) DefNew: 15271K(16128K)->984K(16128K) Eden: 14336K(14336K)->0K(14336K) From: 935K(1792K)->984K(1792K)
[2026-10-07T19:34:28.924+0000][415.165s][info][gc,heap        ] GC(249) Tenured: 33998K(35592K)->34037K(35592K)
[2026-10-07T19:34:28.924+0000][415.165s][info][gc,metaspace   ] GC(249) Metaspace: 74122K(74880K)->74122K(74880K) NonClass: 64776K(65216K)->64776K(65216K) Class: 9346K(9664K)->9346K(9664K)
[2026-10-07T19:34:28.924+0000][415.165s][info][gc             ] GC(249) Pause Young (Allocation Failure) 48M->34M(50M) 21.931ms
[2026-10-07T19:34:28.924+0000][415.165s][info][gc,cpu         ] GC(249) User=0.01s Sys=0.00s Real=0.03s
