[2026-10-07T08:21:26.340+0000][158.129s][info][gc,start       ] GC(53) Pause Young (Allocation Failure)
[2026-10-07T08:21:26.343+0000][158.132s][info][gc,heap        ] GC(53) DefNew: 10704K(11392K)->516K(11392K) Eden: 10176K(10176K)->0K(10176K) From: 528K(1216K)->516K(1216K)
[2026-10-07T08:21:26.343+0000][158.132s][info][gc,heap        ] GC(53) Tenured: 21405K(25096K)->21405K(25096K)
[2026-10-07T08:21:26.343+0000][158.132s][info][gc,metaspace   ] GC(53) Metaspace: 71972K(72704K)->71972K(72704K) NonClass: 62753K(63168K)->62753K(63168K) Class: 9218K(9536K)->9218K(9536K)
[2026-10-07T08:21:26.344+0000][158.132s][info][gc             ] GC(53) Pause Young (Allocation Failure) 31M->21M(35M) 3.616ms
[2026-10-07T08:21:26.344+0000][158.132s][info][gc,cpu         ] GC(53) User=0.00s Sys=0.00s Real=0.01s
[2026-10-07T08:21:31.150+0000][162.938s][info][gc,start       ] GC(54) Pause Young (Allocation Failure)
[2026-10-07T08:21:31.157+0000][162.946s][info][gc,heap        ] GC(54) DefNew: 10692K(11392K)->941K(11392K) Eden: 10176K(10176K)->0K(10176K) From: 516K(1216K)->941K(1216K)
[2026-10-07T08:21:31.157+0000][162.946s][info][gc,heap        ] GC(54) Tenured: 21405K(25096K)->21405K(25096K)
[2026-10-07T08:21:31.157+0000][162.946s][info][gc,metaspace   ] GC(54) Metaspace: 72715K(73472K)->72715K(73472K) NonClass: 63394K(63808K)->63394K(63808K) Class: 9321K(9664K)->9321K(9664K)
[2026-10-07T08:21:31.157+0000][162.946s][info][gc             ] GC(54) Pause Young (Allocation Failure) 31M->21M(35M) 7.830ms
[2026-10-07T08:21:31.158+0000][162.946s][info][gc,cpu         ] GC(54) User=0.01s Sys=0.01s Real=0.01s
[2026-10-07T08:21:32.509+0000][164.298s][info][gc,start       ] GC(55) Pause Young (Allocation Failure)
[2026-10-07T08:21:32.524+0000][164.313s][info][gc,heap        ] GC(55) DefNew: 11117K(11392K)->912K(11392K) Eden: 10176K(10176K)->0K(10176K) From: 941K(1216K)->912K(1216K)
[2026-10-07T08:21:32.524+0000][164.313s][info][gc,heap        ] GC(55) Tenured: 21405K(25096K)->22179K(25096K)
[2026-10-07T08:21:32.524+0000][164.313s][info][gc,metaspace   ] GC(55) Metaspace: 72999K(73728K)->72999K(73728K) NonClass: 63653K(64064K)->63653K(64064K) Class: 9345K(9664K)->9345K(9664K)
[2026-10-07T08:21:32.525+0000][164.314s][info][gc             ] GC(55) Pause Young (Allocation Failure) 31M->22M(35M) 16.324ms
[2026-10-07T08:21:32.526+0000][164.314s][info][gc,cpu         ] GC(55) User=0.02s Sys=0.01s Real=0.02s
[2026-10-07T08:21:34.031+0000][165.820s][info][gc,start       ] GC(56) Pause Young (Allocation Failure)
[2026-10-07T08:21:34.039+0000][165.828s][info][gc,heap        ] GC(56) DefNew: 11088K(11392K)->913K(11392K) Eden: 10176K(10176K)->0K(10176K) From: 912K(1216K)->913K(1216K)
[2026-10-07T08:21:34.040+0000][165.828s][info][gc,heap        ] GC(56) Tenured: 22179K(25096K)->22928K(25096K)
[2026-10-07T08:21:34.040+0000][165.828s][info][gc,metaspace   ] GC(56) Metaspace: 73119K(73856K)->73119K(73856K) NonClass: 63772K(64192K)->63772K(64192K) Class: 9347K(9664K)->9347K(9664K)
[2026-10-07T08:21:34.040+0000][165.828s][info][gc             ] GC(56) Pause Young (Allocation Failure) 32M->23M(35M) 8.814ms
[2026-10-07T08:21:34.040+0000][165.828s][info][gc,cpu         ] GC(56) User=0.00s Sys=0.00s Real=0.01s
[2026-10-07T08:21:35.464+0000][167.253s][info][gc,start       ] GC(57) Pause Young (Allocation Failure)
[2026-10-07T08:21:35.475+0000][167.264s][info][gc,heap        ] GC(57) DefNew: 11089K(11392K)->812K(11392K) Eden: 10176K(10176K)->0K(10176K) From: 913K(1216K)->812K(1216K)
[2026-10-07T08:21:35.478+0000][167.267s][info][gc,heap        ] GC(57) Tenured: 22928K(25096K)->23677K(25096K)
[2026-10-07T08:21:35.479+0000][167.267s][info][gc,metaspace   ] GC(57) Metaspace: 73226K(73920K)->73226K(73920K) NonClass: 63877K(64256K)->63877K(64256K) Class: 9348K(9664K)->9348K(9664K)
[2026-10-07T08:21:35.480+0000][167.268s][info][gc             ] GC(57) Pause Young (Allocation Failure) 33M->23M(35M) 15.333ms
[2026-10-07T08:21:35.480+0000][167.268s][info][gc,cpu         ] GC(57) User=0.02s Sys=0.00s Real=0.01s
[2026-10-07T08:21:37.177+0000][168.966s][info][gc,start       ] GC(58) Pause Young (Allocation Failure)
[2026-10-07T08:21:37.191+0000][168.979s][info][gc,heap        ] GC(58) DefNew: 10988K(11392K)->472K(11392K) Eden: 10176K(10176K)->0K(10176K) From: 812K(1216K)->472K(1216K)
[2026-10-07T08:21:37.191+0000][168.979s][info][gc,heap        ] GC(58) Tenured: 23677K(25096K)->24321K(25096K)
[2026-10-07T08:21:37.191+0000][168.979s][info][gc,metaspace   ] GC(58) Metaspace: 73301K(74112K)->73301K(74112K) NonClass: 63953K(64448K)->63953K(64448K) Class: 9348K(9664K)->9348K(9664K)
[2026-10-07T08:21:37.191+0000][168.979s][info][gc             ] GC(58) Pause Young (Allocation Failure) 33M->24M(35M) 13.662ms
[2026-10-07T08:21:37.191+0000][168.979s][info][gc,cpu         ] GC(58) User=0.01s Sys=0.00s Real=0.01s
[2026-10-07T08:21:38.711+0000][170.500s][info][gc,start       ] GC(59) Pause Young (Allocation Failure)
[2026-10-07T08:21:38.717+0000][170.506s][info][gc,heap        ] GC(59) DefNew: 10648K(11392K)->817K(11392K) Eden: 10176K(10176K)->0K(10176K) From: 472K(1216K)->817K(1216K)
[2026-10-07T08:21:38.717+0000][170.506s][info][gc,heap        ] GC(59) Tenured: 24321K(25096K)->24321K(25096K)
[2026-10-07T08:21:38.717+0000][170.506s][info][gc,metaspace   ] GC(59) Metaspace: 73329K(74112K)->73329K(74112K) NonClass: 63979K(64448K)->63979K(64448K) Class: 9349K(9664K)->9349K(9664K)
[2026-10-07T08:21:38.717+0000][170.506s][info][gc             ] GC(59) Pause Young (Allocation Failure) 34M->24M(35M) 6.033ms
[2026-10-07T08:21:38.717+0000][170.506s][info][gc,cpu         ] GC(59) User=0.01s Sys=0.00s Real=0.01s
[2026-10-07T08:21:40.561+0000][172.350s][info][gc,start       ] GC(60) Pause Young (Allocation Failure)
[2026-10-07T08:21:40.568+0000][172.357s][info][gc,heap        ] GC(60) DefNew: 10993K(11392K)->802K(11392K) Eden: 10176K(10176K)->0K(10176K) From: 817K(1216K)->802K(1216K)
[2026-10-07T08:21:40.568+0000][172.357s][info][gc,heap        ] GC(60) Tenured: 24321K(25096K)->24603K(25096K)
[2026-10-07T08:21:40.568+0000][172.357s][info][gc,metaspace   ] GC(60) Metaspace: 73356K(74112K)->73356K(74112K) NonClass: 64007K(64448K)->64007K(64448K) Class: 9349K(9664K)->9349K(9664K)
[2026-10-07T08:21:40.568+0000][172.357s][info][gc             ] GC(60) Pause Young (Allocation Failure) 34M->24M(35M) 7.355ms
[2026-10-07T08:21:40.568+0000][172.357s][info][gc,cpu         ] GC(60) User=0.01s Sys=0.00s Real=0.01s
[2026-10-07T08:21:42.330+0000][174.119s][info][gc,start       ] GC(61) Pause Young (Allocation Failure)
[2026-10-07T08:21:42.337+0000][174.125s][info][gc,heap        ] GC(61) DefNew: 10978K(11392K)->673K(11392K) Eden: 10176K(10176K)->0K(10176K) From: 802K(1216K)->673K(1216K)
[2026-10-07T08:21:42.337+0000][174.126s][info][gc,heap        ] GC(61) Tenured: 24603K(25096K)->24940K(25096K)
[2026-10-07T08:21:42.337+0000][174.126s][info][gc,metaspace   ] GC(61) Metaspace: 73393K(74112K)->73393K(74112K) NonClass: 64043K(64448K)->64043K(64448K) Class: 9349K(9664K)->9349K(9664K)
[2026-10-07T08:21:42.337+0000][174.126s][info][gc             ] GC(61) Pause Young (Allocation Failure) 34M->25M(35M) 6.592ms
[2026-10-07T08:21:42.337+0000][174.126s][info][gc,cpu         ] GC(61) User=0.01s Sys=0.00s Real=0.01s
[2026-10-07T08:21:44.196+0000][175.985s][info][gc,start       ] GC(62) Pause Young (Allocation Failure)
[2026-10-07T08:21:44.207+0000][175.996s][info][gc             ] GC(62) Pause Young (Allocation Failure) 34M->25M(35M) 10.807ms
[2026-10-07T08:21:44.207+0000][175.996s][info][gc,cpu         ] GC(62) User=0.00s Sys=0.00s Real=0.01s
[2026-10-07T08:21:44.207+0000][175.996s][info][gc,start       ] GC(63) Pause Full (Allocation Failure)
[2026-10-07T08:21:44.207+0000][175.996s][info][gc,phases,start] GC(63) Phase 1: Mark live objects
[2026-10-07T08:21:44.418+0000][176.207s][info][gc,phases      ] GC(63) Phase 1: Mark live objects 210.644ms
[2026-10-07T08:21:44.418+0000][176.207s][info][gc,phases,start] GC(63) Phase 2: Compute new object addresses
[2026-10-07T08:21:44.438+0000][176.226s][info][gc,phases      ] GC(63) Phase 2: Compute new object addresses 19.864ms
[2026-10-07T08:21:44.438+0000][176.227s][info][gc,phases,start] GC(63) Phase 3: Adjust pointers
[2026-10-07T08:21:44.511+0000][176.300s][info][gc,phases      ] GC(63) Phase 3: Adjust pointers 73.446ms
[2026-10-07T08:21:44.513+0000][176.302s][info][gc,phases,start] GC(63) Phase 4: Move objects
[2026-10-07T08:21:44.534+0000][176.323s][info][gc,phases      ] GC(63) Phase 4: Move objects 21.476ms
[2026-10-07T08:21:44.537+0000][176.326s][info][gc,heap        ] GC(63) DefNew: 10849K(11392K)->0K(16064K) Eden: 10176K(10176K)->0K(14336K) From: 673K(1216K)->0K(1728K)
[2026-10-07T08:21:44.537+0000][176.326s][info][gc,heap        ] GC(63) Tenured: 24940K(25096K)->21209K(35352K)
[2026-10-07T08:21:44.537+0000][176.326s][info][gc,metaspace   ] GC(63) Metaspace: 73430K(74176K)->73427K(74176K) NonClass: 64079K(64512K)->64077K(64512K) Class: 9350K(9664K)->9349K(9664K)
[2026-10-07T08:21:44.537+0000][176.326s][info][gc             ] GC(63) Pause Full (Allocation Failure) 25M->20M(50M) 329.951ms
[2026-10-07T08:21:44.537+0000][176.326s][info][gc,cpu         ] GC(63) User=0.19s Sys=0.00s Real=0.33s
[2026-10-07T08:21:46.603+0000][178.392s][info][gc,start       ] GC(64) Pause Young (Allocation Failure)
[2026-10-07T08:21:46.609+0000][178.398s][info][gc,heap        ] GC(64) DefNew: 14336K(16064K)->436K(16064K) Eden: 14336K(14336K)->0K(14336K) From: 0K(1728K)->436K(1728K)
[2026-10-07T08:21:46.609+0000][178.398s][info][gc,heap        ] GC(64) Tenured: 21209K(35352K)->21209K(35352K)
[2026-10-07T08:21:46.609+0000][178.398s][info][gc,metaspace   ] GC(64) Metaspace: 73427K(74176K)->73427K(74176K) NonClass: 64077K(64512K)->64077K(64512K) Class: 9350K(9664K)->9350K(9664K)
[2026-10-07T08:21:46.609+0000][178.398s][info][gc             ] GC(64) Pause Young (Allocation Failure) 34M->21M(50M) 6.192ms
[2026-10-07T08:21:46.609+0000][178.398s][info][gc,cpu         ] GC(64) User=0.01s Sys=0.00s Real=0.01s
[2026-10-07T08:21:49.367+0000][181.156s][info][gc,start       ] GC(65) Pause Young (Allocation Failure)
[2026-10-07T08:21:49.376+0000][181.164s][info][gc,heap        ] GC(65) DefNew: 14772K(16064K)->558K(16064K) Eden: 14336K(14336K)->0K(14336K) From: 436K(1728K)->558K(1728K)
[2026-10-07T08:21:49.376+0000][181.165s][info][gc,heap        ] GC(65) Tenured: 21209K(35352K)->21209K(35352K)
[2026-10-07T08:21:49.376+0000][181.165s][info][gc,metaspace   ] GC(65) Metaspace: 73434K(74176K)->73434K(74176K) NonClass: 64083K(64512K)->64083K(64512K) Class: 9350K(9664K)->9350K(9664K)
[2026-10-07T08:21:49.376+0000][181.165s][info][gc             ] GC(65) Pause Young (Allocation Failure) 35M->21M(50M) 8.716ms
[2026-10-07T08:21:49.376+0000][181.165s][info][gc,cpu         ] GC(65) User=0.00s Sys=0.00s Real=0.01s
[2026-10-07T08:21:52.099+0000][183.887s][info][gc,start       ] GC(66) Pause Young (Allocation Failure)
[2026-10-07T08:21:52.108+0000][183.897s][info][gc,heap        ] GC(66) DefNew: 14894K(16064K)->705K(16064K) Eden: 14336K(14336K)->0K(14336K) From: 558K(1728K)->705K(1728K)
[2026-10-07T08:21:52.108+0000][183.897s][info][gc,heap        ] GC(66) Tenured: 21209K(35352K)->21209K(35352K)
[2026-10-07T08:21:52.108+0000][183.897s][info][gc,metaspace   ] GC(66) Metaspace: 73441K(74176K)->73441K(74176K) NonClass: 64090K(64512K)->64090K(64512K) Class: 9350K(9664K)->9350K(9664K)
[2026-10-07T08:21:52.109+0000][183.897s][info][gc             ] GC(66) Pause Young (Allocation Failure) 35M->21M(50M) 9.866ms
[2026-10-07T08:21:52.109+0000][183.897s][info][gc,cpu         ] GC(66) User=0.01s Sys=0.00s Real=0.01s
[2026-10-07T08:21:54.615+0000][186.404s][info][gc,start       ] GC(67) Pause Young (Allocation Failure)
[2026-10-07T08:21:54.621+0000][186.410s][info][gc,heap        ] GC(67) DefNew: 15041K(16064K)->781K(16064K) Eden: 14336K(14336K)->0K(14336K) From: 705K(1728K)->781K(1728K)
[2026-10-07T08:21:54.621+0000][186.410s][info][gc,heap        ] GC(67) Tenured: 21209K(35352K)->21209K(35352K)
[2026-10-07T08:21:54.621+0000][186.410s][info][gc,metaspace   ] GC(67) Metaspace: 73443K(74176K)->73443K(74176K) NonClass: 64092K(64512K)->64092K(64512K) Class: 9350K(9664K)->9350K(9664K)
[2026-10-07T08:21:54.621+0000][186.410s][info][gc             ] GC(67) Pause Young (Allocation Failure) 35M->21M(50M) 6.482ms
[2026-10-07T08:21:54.621+0000][186.410s][info][gc,cpu         ] GC(67) User=0.01s Sys=0.00s Real=0.00s
[2026-10-07T08:21:57.326+0000][189.115s][info][gc,start       ] GC(68) Pause Young (Allocation Failure)
[2026-10-07T08:21:57.332+0000][189.121s][info][gc,heap        ] GC(68) DefNew: 15117K(16064K)->874K(16064K) Eden: 14336K(14336K)->0K(14336K) From: 781K(1728K)->874K(1728K)
[2026-10-07T08:21:57.332+0000][189.121s][info][gc,heap        ] GC(68) Tenured: 21209K(35352K)->21209K(35352K)
[2026-10-07T08:21:57.332+0000][189.121s][info][gc,metaspace   ] GC(68) Metaspace: 73528K(74240K)->73528K(74240K) NonClass: 64177K(64576K)->64177K(64576K) Class: 9350K(9664K)->9350K(9664K)
[2026-10-07T08:21:57.333+0000][189.121s][info][gc             ] GC(68) Pause Young (Allocation Failure) 35M->21M(50M) 6.593ms
[2026-10-07T08:21:57.333+0000][189.122s][info][gc,cpu         ] GC(68) User=0.00s Sys=0.00s Real=0.00s
[2026-10-07T08:21:59.774+0000][191.563s][info][gc,start       ] GC(69) Pause Young (Allocation Failure)
[2026-10-07T08:21:59.783+0000][191.572s][info][gc,heap        ] GC(69) DefNew: 15210K(16064K)->722K(16064K) Eden: 14336K(14336K)->0K(14336K) From: 874K(1728K)->722K(1728K)
[2026-10-07T08:21:59.783+0000][191.572s][info][gc,heap        ] GC(69) Tenured: 21209K(35352K)->21369K(35352K)
[2026-10-07T08:21:59.783+0000][191.572s][info][gc,metaspace   ] GC(69) Metaspace: 73536K(74240K)->73536K(74240K) NonClass: 64185K(64576K)->64185K(64576K) Class: 9350K(9664K)->9350K(9664K)
[2026-10-07T08:21:59.783+0000][191.572s][info][gc             ] GC(69) Pause Young (Allocation Failure) 35M->21M(50M) 8.918ms
[2026-10-07T08:21:59.783+0000][191.572s][info][gc,cpu         ] GC(69) User=0.00s Sys=0.00s Real=0.00s
[2026-10-07T08:22:02.441+0000][194.230s][info][gc,start       ] GC(70) Pause Young (Allocation Failure)
[2026-10-07T08:22:02.453+0000][194.242s][info][gc,heap        ] GC(70) DefNew: 15058K(16064K)->823K(16064K) Eden: 14336K(14336K)->0K(14336K) From: 722K(1728K)->823K(1728K)
[2026-10-07T08:22:02.453+0000][194.242s][info][gc,heap        ] GC(70) Tenured: 21369K(35352K)->21369K(35352K)
[2026-10-07T08:22:02.453+0000][194.242s][info][gc,metaspace   ] GC(70) Metaspace: 73544K(74240K)->73544K(74240K) NonClass: 64193K(64576K)->64193K(64576K) Class: 9350K(9664K)->9350K(9664K)
[2026-10-07T08:22:02.454+0000][194.242s][info][gc             ] GC(70) Pause Young (Allocation Failure) 35M->21M(50M) 12.670ms
[2026-10-07T08:22:02.454+0000][194.243s][info][gc,cpu         ] GC(70) User=0.01s Sys=0.00s Real=0.02s
[2026-10-07T08:22:05.119+0000][196.907s][info][gc,start       ] GC(71) Pause Young (Allocation Failure)
[2026-10-07T08:22:05.127+0000][196.916s][info][gc,heap        ] GC(71) DefNew: 15159K(16064K)->832K(16064K) Eden: 14336K(14336K)->0K(14336K) From: 823K(1728K)->832K(1728K)
[2026-10-07T08:22:05.127+0000][196.916s][info][gc,heap        ] GC(71) Tenured: 21369K(35352K)->21369K(35352K)
[2026-10-07T08:22:05.127+0000][196.916s][info][gc,metaspace   ] GC(71) Metaspace: 73628K(74368K)->73628K(74368K) NonClass: 64277K(64704K)->64277K(64704K) Class: 9350K(9664K)->9350K(9664K)
[2026-10-07T08:22:05.128+0000][196.916s][info][gc             ] GC(71) Pause Young (Allocation Failure) 35M->21M(50M) 9.038ms
[2026-10-07T08:22:05.128+0000][196.916s][info][gc,cpu         ] GC(71) User=0.01s Sys=0.00s Real=0.01s
[2026-10-07T08:22:07.576+0000][199.365s][info][gc,start       ] GC(72) Pause Young (Allocation Failure)
[2026-10-07T08:22:07.583+0000][199.372s][info][gc,heap        ] GC(72) DefNew: 15168K(16064K)->941K(16064K) Eden: 14336K(14336K)->0K(14336K) From: 832K(1728K)->941K(1728K)
[2026-10-07T08:22:07.583+0000][199.372s][info][gc,heap        ] GC(72) Tenured: 21369K(35352K)->21369K(35352K)
[2026-10-07T08:22:07.583+0000][199.372s][info][gc,metaspace   ] GC(72) Metaspace: 73639K(74368K)->73639K(74368K) NonClass: 64287K(64704K)->64287K(64704K) Class: 9351K(9664K)->9351K(9664K)
[2026-10-07T08:22:07.583+0000][199.372s][info][gc             ] GC(72) Pause Young (Allocation Failure) 35M->21M(50M) 6.881ms
[2026-10-07T08:22:07.583+0000][199.372s][info][gc,cpu         ] GC(72) User=0.00s Sys=0.00s Real=0.00s
[2026-10-07T08:22:10.193+0000][201.981s][info][gc,start       ] GC(73) Pause Young (Allocation Failure)
[2026-10-07T08:22:10.202+0000][201.991s][info][gc,heap        ] GC(73) DefNew: 15277K(16064K)->785K(16064K) Eden: 14336K(14336K)->0K(14336K) From: 941K(1728K)->785K(1728K)
[2026-10-07T08:22:10.202+0000][201.991s][info][gc,heap        ] GC(73) Tenured: 21369K(35352K)->21528K(35352K)
[2026-10-07T08:22:10.202+0000][201.991s][info][gc,metaspace   ] GC(73) Metaspace: 73675K(74432K)->73675K(74432K) NonClass: 64323K(64768K)->64323K(64768K) Class: 9351K(9664K)->9351K(9664K)
[2026-10-07T08:22:10.202+0000][201.991s][info][gc             ] GC(73) Pause Young (Allocation Failure) 35M->21M(50M) 9.406ms
[2026-10-07T08:22:10.202+0000][201.991s][info][gc,cpu         ] GC(73) User=0.01s Sys=0.00s Real=0.01s
[2026-10-07T08:22:12.803+0000][204.591s][info][gc,start       ] GC(74) Pause Young (Allocation Failure)
[2026-10-07T08:22:12.809+0000][204.597s][info][gc,heap        ] GC(74) DefNew: 15121K(16064K)->906K(16064K) Eden: 14336K(14336K)->0K(14336K) From: 785K(1728K)->906K(1728K)
[2026-10-07T08:22:12.809+0000][204.597s][info][gc,heap        ] GC(74) Tenured: 21528K(35352K)->21528K(35352K)
[2026-10-07T08:22:12.809+0000][204.597s][info][gc,metaspace   ] GC(74) Metaspace: 73679K(74432K)->73679K(74432K) NonClass: 64328K(64768K)->64328K(64768K) Class: 9351K(9664K)->9351K(9664K)
[2026-10-07T08:22:12.809+0000][204.597s][info][gc             ] GC(74) Pause Young (Allocation Failure) 35M->21M(50M) 6.176ms
[2026-10-07T08:22:12.809+0000][204.598s][info][gc,cpu         ] GC(74) User=0.01s Sys=0.00s Real=0.01s
[2026-10-07T08:22:15.444+0000][207.233s][info][gc,start       ] GC(75) Pause Young (Allocation Failure)
[2026-10-07T08:22:15.455+0000][207.244s][info][gc,heap        ] GC(75) DefNew: 15242K(16064K)->867K(16064K) Eden: 14336K(14336K)->0K(14336K) From: 906K(1728K)->867K(1728K)
[2026-10-07T08:22:15.455+0000][207.244s][info][gc,heap        ] GC(75) Tenured: 21528K(35352K)->21594K(35352K)
[2026-10-07T08:22:15.455+0000][207.244s][info][gc,metaspace   ] GC(75) Metaspace: 73685K(74432K)->73685K(74432K) NonClass: 64333K(64768K)->64333K(64768K) Class: 9352K(9664K)->9352K(9664K)
[2026-10-07T08:22:15.455+0000][207.244s][info][gc             ] GC(75) Pause Young (Allocation Failure) 35M->21M(50M) 11.061ms
[2026-10-07T08:22:15.455+0000][207.244s][info][gc,cpu         ] GC(75) User=0.01s Sys=0.00s Real=0.01s
[2026-10-07T08:22:18.116+0000][209.905s][info][gc,start       ] GC(76) Pause Young (Allocation Failure)
[2026-10-07T08:22:18.123+0000][209.912s][info][gc,heap        ] GC(76) DefNew: 15203K(16064K)->835K(16064K) Eden: 14336K(14336K)->0K(14336K) From: 867K(1728K)->835K(1728K)
[2026-10-07T08:22:18.123+0000][209.912s][info][gc,heap        ] GC(76) Tenured: 21594K(35352K)->21651K(35352K)
[2026-10-07T08:22:18.123+0000][209.912s][info][gc,metaspace   ] GC(76) Metaspace: 73688K(74432K)->73688K(74432K) NonClass: 64336K(64768K)->64336K(64768K) Class: 9352K(9664K)->9352K(9664K)
[2026-10-07T08:22:18.123+0000][209.912s][info][gc             ] GC(76) Pause Young (Allocation Failure) 35M->21M(50M) 7.050ms
[2026-10-07T08:22:18.123+0000][209.912s][info][gc,cpu         ] GC(76) User=0.01s Sys=0.00s Real=0.00s
[2026-10-07T08:22:20.781+0000][212.570s][info][gc,start       ] GC(77) Pause Young (Allocation Failure)
[2026-10-07T08:22:20.792+0000][212.580s][info][gc,heap        ] GC(77) DefNew: 15171K(16064K)->984K(16064K) Eden: 14336K(14336K)->0K(14336K) From: 835K(1728K)->984K(1728K)
[2026-10-07T08:22:20.792+0000][212.580s][info][gc,heap        ] GC(77) Tenured: 21651K(35352K)->21651K(35352K)
[2026-10-07T08:22:20.792+0000][212.580s][info][gc,metaspace   ] GC(77) Metaspace: 73713K(74432K)->73713K(74432K) NonClass: 64361K(64768K)->64361K(64768K) Class: 9352K(9664K)->9352K(9664K)
[2026-10-07T08:22:20.792+0000][212.580s][info][gc             ] GC(77) Pause Young (Allocation Failure) 35M->22M(50M) 10.693ms
[2026-10-07T08:22:20.792+0000][212.580s][info][gc,cpu         ] GC(77) User=0.01s Sys=0.01s Real=0.01s
[2026-10-07T08:22:23.505+0000][215.294s][info][gc,start       ] GC(78) Pause Young (Allocation Failure)
[2026-10-07T08:22:23.511+0000][215.300s][info][gc,heap        ] GC(78) DefNew: 15320K(16064K)->865K(16064K) Eden: 14336K(14336K)->0K(14336K) From: 984K(1728K)->865K(1728K)
[2026-10-07T08:22:23.511+0000][215.300s][info][gc,heap        ] GC(78) Tenured: 21651K(35352K)->21787K(35352K)
[2026-10-07T08:22:23.511+0000][215.300s][info][gc,metaspace   ] GC(78) Metaspace: 73773K(74496K)->73773K(74496K) NonClass: 64421K(64832K)->64421K(64832K) Class: 9352K(9664K)->9352K(9664K)
[2026-10-07T08:22:23.511+0000][215.300s][info][gc             ] GC(78) Pause Young (Allocation Failure) 36M->22M(50M) 6.440ms
[2026-10-07T08:22:23.511+0000][215.300s][info][gc,cpu         ] GC(78) User=0.01s Sys=0.00s Real=0.00s
[2026-10-07T08:22:26.042+0000][217.831s][info][gc,start       ] GC(79) Pause Young (Allocation Failure)
[2026-10-07T08:22:26.050+0000][217.839s][info][gc,heap        ] GC(79) DefNew: 15201K(16064K)->1000K(16064K) Eden: 14336K(14336K)->0K(14336K) From: 865K(1728K)->1000K(1728K)
[2026-10-07T08:22:26.050+0000][217.839s][info][gc,heap        ] GC(79) Tenured: 21787K(35352K)->21875K(35352K)
[2026-10-07T08:22:26.050+0000][217.839s][info][gc,metaspace   ] GC(79) Metaspace: 73780K(74496K)->73780K(74496K) NonClass: 64428K(64832K)->64428K(64832K) Class: 9352K(9664K)->9352K(9664K)
[2026-10-07T08:22:26.050+0000][217.839s][info][gc             ] GC(79) Pause Young (Allocation Failure) 36M->22M(50M) 7.429ms
[2026-10-07T08:22:26.050+0000][217.839s][info][gc,cpu         ] GC(79) User=0.00s Sys=0.00s Real=0.01s
[2026-10-07T08:22:28.768+0000][220.556s][info][gc,start       ] GC(80) Pause Young (Allocation Failure)
[2026-10-07T08:22:28.780+0000][220.568s][info][gc,heap        ] GC(80) DefNew: 15336K(16064K)->747K(16064K) Eden: 14336K(14336K)->0K(14336K) From: 1000K(1728K)->747K(1728K)
[2026-10-07T08:22:28.780+0000][220.569s][info][gc,heap        ] GC(80) Tenured: 21875K(35352K)->22092K(35352K)
[2026-10-07T08:22:28.780+0000][220.569s][info][gc,metaspace   ] GC(80) Metaspace: 73792K(74560K)->73792K(74560K) NonClass: 64438K(64896K)->64438K(64896K) Class: 9353K(9664K)->9353K(9664K)
[2026-10-07T08:22:28.781+0000][220.569s][info][gc             ] GC(80) Pause Young (Allocation Failure) 36M->22M(50M) 12.958ms
[2026-10-07T08:22:28.781+0000][220.569s][info][gc,cpu         ] GC(80) User=0.01s Sys=0.00s Real=0.01s
[2026-10-07T08:22:31.387+0000][223.176s][info][gc,start       ] GC(81) Pause Young (Allocation Failure)
[2026-10-07T08:22:31.393+0000][223.182s][info][gc,heap        ] GC(81) DefNew: 15083K(16064K)->974K(16064K) Eden: 14336K(14336K)->0K(14336K) From: 747K(1728K)->974K(1728K)
[2026-10-07T08:22:31.393+0000][223.182s][info][gc,heap        ] GC(81) Tenured: 22092K(35352K)->22092K(35352K)
[2026-10-07T08:22:31.393+0000][223.182s][info][gc,metaspace   ] GC(81) Metaspace: 73819K(74624K)->73819K(74624K) NonClass: 64462K(64896K)->64462K(64896K) Class: 9357K(9728K)->9357K(9728K)
[2026-10-07T08:22:31.394+0000][223.182s][info][gc             ] GC(81) Pause Young (Allocation Failure) 36M->22M(50M) 6.782ms
[2026-10-07T08:22:31.394+0000][223.183s][info][gc,cpu         ] GC(81) User=0.00s Sys=0.00s Real=0.01s
[2026-10-07T08:22:33.905+0000][225.694s][info][gc,start       ] GC(82) Pause Young (Allocation Failure)
[2026-10-07T08:22:33.912+0000][225.700s][info][gc,heap        ] GC(82) DefNew: 15310K(16064K)->903K(16064K) Eden: 14336K(14336K)->0K(14336K) From: 974K(1728K)->903K(1728K)
[2026-10-07T08:22:33.912+0000][225.700s][info][gc,heap        ] GC(82) Tenured: 22092K(35352K)->22255K(35352K)
[2026-10-07T08:22:33.912+0000][225.700s][info][gc,metaspace   ] GC(82) Metaspace: 73828K(74624K)->73828K(74624K) NonClass: 64470K(64896K)->64470K(64896K) Class: 9358K(9728K)->9358K(9728K)
[2026-10-07T08:22:33.912+0000][225.700s][info][gc             ] GC(82) Pause Young (Allocation Failure) 36M->22M(50M) 6.375ms
[2026-10-07T08:22:33.912+0000][225.700s][info][gc,cpu         ] GC(82) User=0.00s Sys=0.00s Real=0.00s
[2026-10-07T08:22:36.523+0000][228.312s][info][gc,start       ] GC(83) Pause Young (Allocation Failure)
[2026-10-07T08:22:36.530+0000][228.319s][info][gc,heap        ] GC(83) DefNew: 15239K(16064K)->962K(16064K) Eden: 14336K(14336K)->0K(14336K) From: 903K(1728K)->962K(1728K)
[2026-10-07T08:22:36.530+0000][228.319s][info][gc,heap        ] GC(83) Tenured: 22255K(35352K)->22316K(35352K)
[2026-10-07T08:22:36.530+0000][228.319s][info][gc,metaspace   ] GC(83) Metaspace: 73859K(74624K)->73859K(74624K) NonClass: 64501K(64896K)->64501K(64896K) Class: 9358K(9728K)->9358K(9728K)
[2026-10-07T08:22:36.530+0000][228.319s][info][gc             ] GC(83) Pause Young (Allocation Failure) 36M->22M(50M) 7.219ms
[2026-10-07T08:22:36.531+0000][228.319s][info][gc,cpu         ] GC(83) User=0.01s Sys=0.00s Real=0.01s
[2026-10-07T08:22:38.928+0000][230.717s][info][gc,start       ] GC(84) Pause Young (Allocation Failure)
[2026-10-07T08:22:38.956+0000][230.744s][info][gc,heap        ] GC(84) DefNew: 15298K(16064K)->851K(16064K) Eden: 14336K(14336K)->0K(14336K) From: 962K(1728K)->851K(1728K)
[2026-10-07T08:22:38.956+0000][230.745s][info][gc,heap        ] GC(84) Tenured: 22316K(35352K)->22449K(35352K)
[2026-10-07T08:22:38.956+0000][230.745s][info][gc,metaspace   ] GC(84) Metaspace: 73865K(74624K)->73865K(74624K) NonClass: 64507K(64896K)->64507K(64896K) Class: 9358K(9728K)->9358K(9728K)
[2026-10-07T08:22:38.957+0000][230.746s][info][gc             ] GC(84) Pause Young (Allocation Failure) 36M->22M(50M) 29.148ms
[2026-10-07T08:22:38.957+0000][230.746s][info][gc,cpu         ] GC(84) User=0.03s Sys=0.00s Real=0.03s
[2026-10-07T08:22:41.681+0000][233.469s][info][gc,start       ] GC(85) Pause Young (Allocation Failure)
[2026-10-07T08:22:41.688+0000][233.477s][info][gc,heap        ] GC(85) DefNew: 15187K(16064K)->961K(16064K) Eden: 14336K(14336K)->0K(14336K) From: 851K(1728K)->961K(1728K)
[2026-10-07T08:22:41.688+0000][233.477s][info][gc,heap        ] GC(85) Tenured: 22449K(35352K)->22449K(35352K)
[2026-10-07T08:22:41.688+0000][233.477s][info][gc,metaspace   ] GC(85) Metaspace: 73869K(74624K)->73869K(74624K) NonClass: 64511K(64896K)->64511K(64896K) Class: 9358K(9728K)->9358K(9728K)
[2026-10-07T08:22:41.688+0000][233.477s][info][gc             ] GC(85) Pause Young (Allocation Failure) 36M->22M(50M) 7.729ms
[2026-10-07T08:22:41.689+0000][233.477s][info][gc,cpu         ] GC(85) User=0.01s Sys=0.00s Real=0.01s
[2026-10-07T08:22:44.148+0000][235.936s][info][gc,start       ] GC(86) Pause Young (Allocation Failure)
[2026-10-07T08:22:44.162+0000][235.951s][info][gc,heap        ] GC(86) DefNew: 15297K(16064K)->758K(16064K) Eden: 14336K(14336K)->0K(14336K) From: 961K(1728K)->758K(1728K)
[2026-10-07T08:22:44.163+0000][235.951s][info][gc,heap        ] GC(86) Tenured: 22449K(35352K)->22697K(35352K)
[2026-10-07T08:22:44.163+0000][235.951s][info][gc,metaspace   ] GC(86) Metaspace: 73883K(74688K)->73883K(74688K) NonClass: 64524K(64960K)->64524K(64960K) Class: 9358K(9728K)->9358K(9728K)
[2026-10-07T08:22:44.163+0000][235.951s][info][gc             ] GC(86) Pause Young (Allocation Failure) 36M->22M(50M) 15.021ms
[2026-10-07T08:22:44.163+0000][235.951s][info][gc,cpu         ] GC(86) User=0.01s Sys=0.00s Real=0.01s
[2026-10-07T08:22:46.784+0000][238.573s][info][gc,start       ] GC(87) Pause Young (Allocation Failure)
[2026-10-07T08:22:46.790+0000][238.579s][info][gc,heap        ] GC(87) DefNew: 15094K(16064K)->855K(16064K) Eden: 14336K(14336K)->0K(14336K) From: 758K(1728K)->855K(1728K)
[2026-10-07T08:22:46.790+0000][238.579s][info][gc,heap        ] GC(87) Tenured: 22697K(35352K)->22697K(35352K)
[2026-10-07T08:22:46.790+0000][238.579s][info][gc,metaspace   ] GC(87) Metaspace: 73886K(74688K)->73886K(74688K) NonClass: 64528K(64960K)->64528K(64960K) Class: 9358K(9728K)->9358K(9728K)
[2026-10-07T08:22:46.790+0000][238.579s][info][gc             ] GC(87) Pause Young (Allocation Failure) 36M->23M(50M) 6.395ms
[2026-10-07T08:22:46.790+0000][238.579s][info][gc,cpu         ] GC(87) User=0.01s Sys=0.00s Real=0.00s
[2026-10-07T08:22:49.303+0000][241.091s][info][gc,start       ] GC(88) Pause Young (Allocation Failure)
[2026-10-07T08:22:49.309+0000][241.097s][info][gc,heap        ] GC(88) DefNew: 15191K(16064K)->897K(16064K) Eden: 14336K(14336K)->0K(14336K) From: 855K(1728K)->897K(1728K)
[2026-10-07T08:22:49.309+0000][241.097s][info][gc,heap        ] GC(88) Tenured: 22697K(35352K)->22697K(35352K)
[2026-10-07T08:22:49.309+0000][241.098s][info][gc,metaspace   ] GC(88) Metaspace: 73888K(74688K)->73888K(74688K) NonClass: 64529K(64960K)->64529K(64960K) Class: 9358K(9728K)->9358K(9728K)
[2026-10-07T08:22:49.309+0000][241.098s][info][gc             ] GC(88) Pause Young (Allocation Failure) 37M->23M(50M) 6.133ms
[2026-10-07T08:22:49.310+0000][241.098s][info][gc,cpu         ] GC(88) User=0.00s Sys=0.00s Real=0.01s
[2026-10-07T08:22:52.086+0000][243.874s][info][gc,start       ] GC(89) Pause Young (Allocation Failure)
[2026-10-07T08:22:52.098+0000][243.886s][info][gc,heap        ] GC(89) DefNew: 15220K(16064K)->896K(16064K) Eden: 14323K(14336K)->0K(14336K) From: 897K(1728K)->896K(1728K)
[2026-10-07T08:22:52.098+0000][243.886s][info][gc,heap        ] GC(89) Tenured: 22697K(35352K)->22768K(35352K)
[2026-10-07T08:22:52.098+0000][243.886s][info][gc,metaspace   ] GC(89) Metaspace: 73894K(74688K)->73894K(74688K) NonClass: 64535K(64960K)->64535K(64960K) Class: 9358K(9728K)->9358K(9728K)
[2026-10-07T08:22:52.098+0000][243.886s][info][gc             ] GC(89) Pause Young (Allocation Failure) 37M->23M(50M) 12.043ms
[2026-10-07T08:22:52.098+0000][243.886s][info][gc,cpu         ] GC(89) User=0.00s Sys=0.00s Real=0.01s
[2026-10-07T08:22:54.430+0000][246.218s][info][gc,start       ] GC(90) Pause Young (Allocation Failure)
[2026-10-07T08:22:54.436+0000][246.225s][info][gc,heap        ] GC(90) DefNew: 15232K(16064K)->834K(16064K) Eden: 14336K(14336K)->0K(14336K) From: 896K(1728K)->834K(1728K)
[2026-10-07T08:22:54.436+0000][246.225s][info][gc,heap        ] GC(90) Tenured: 22768K(35352K)->22816K(35352K)
[2026-10-07T08:22:54.436+0000][246.225s][info][gc,metaspace   ] GC(90) Metaspace: 73902K(74688K)->73902K(74688K) NonClass: 64544K(64960K)->64544K(64960K) Class: 9358K(9728K)->9358K(9728K)
[2026-10-07T08:22:54.436+0000][246.225s][info][gc             ] GC(90) Pause Young (Allocation Failure) 37M->23M(50M) 6.419ms
[2026-10-07T08:22:54.436+0000][246.225s][info][gc,cpu         ] GC(90) User=0.00s Sys=0.00s Real=0.01s
[2026-10-07T08:22:57.149+0000][248.938s][info][gc,start       ] GC(91) Pause Young (Allocation Failure)
[2026-10-07T08:22:57.159+0000][248.948s][info][gc,heap        ] GC(91) DefNew: 15170K(16064K)->956K(16064K) Eden: 14336K(14336K)->0K(14336K) From: 834K(1728K)->956K(1728K)
[2026-10-07T08:22:57.160+0000][248.948s][info][gc,heap        ] GC(91) Tenured: 22816K(35352K)->22816K(35352K)
[2026-10-07T08:22:57.160+0000][248.948s][info][gc,metaspace   ] GC(91) Metaspace: 73903K(74688K)->73903K(74688K) NonClass: 64544K(64960K)->64544K(64960K) Class: 9358K(9728K)->9358K(9728K)
[2026-10-07T08:22:57.160+0000][248.948s][info][gc             ] GC(91) Pause Young (Allocation Failure) 37M->23M(50M) 10.650ms
[2026-10-07T08:22:57.160+0000][248.948s][info][gc,cpu         ] GC(91) User=0.01s Sys=0.00s Real=0.01s
[2026-10-07T08:22:59.999+0000][251.788s][info][gc,start       ] GC(92) Pause Young (Allocation Failure)
[2026-10-07T08:23:00.006+0000][251.795s][info][gc,heap        ] GC(92) DefNew: 15292K(16064K)->756K(16064K) Eden: 14336K(14336K)->0K(14336K) From: 956K(1728K)->756K(1728K)
[2026-10-07T08:23:00.006+0000][251.795s][info][gc,heap        ] GC(92) Tenured: 22816K(35352K)->23001K(35352K)
[2026-10-07T08:23:00.006+0000][251.795s][info][gc,metaspace   ] GC(92) Metaspace: 73907K(74688K)->73907K(74688K) NonClass: 64548K(64960K)->64548K(64960K) Class: 9358K(9728K)->9358K(9728K)
[2026-10-07T08:23:00.006+0000][251.795s][info][gc             ] GC(92) Pause Young (Allocation Failure) 37M->23M(50M) 7.126ms
[2026-10-07T08:23:00.006+0000][251.795s][info][gc,cpu         ] GC(92) User=0.01s Sys=0.00s Real=0.01s
[2026-10-07T08:23:02.672+0000][254.461s][info][gc,start       ] GC(93) Pause Young (Allocation Failure)
[2026-10-07T08:23:02.678+0000][254.467s][info][gc,heap        ] GC(93) DefNew: 15092K(16064K)->850K(16064K) Eden: 14336K(14336K)->0K(14336K) From: 756K(1728K)->850K(1728K)
[2026-10-07T08:23:02.678+0000][254.467s][info][gc,heap        ] GC(93) Tenured: 23001K(35352K)->23001K(35352K)
[2026-10-07T08:23:02.678+0000][254.467s][info][gc,metaspace   ] GC(93) Metaspace: 73916K(74688K)->73916K(74688K) NonClass: 64557K(64960K)->64557K(64960K) Class: 9358K(9728K)->9358K(9728K)
[2026-10-07T08:23:02.678+0000][254.467s][info][gc             ] GC(93) Pause Young (Allocation Failure) 37M->23M(50M) 6.368ms
[2026-10-07T08:23:02.678+0000][254.467s][info][gc,cpu         ] GC(93) User=0.01s Sys=0.00s Real=0.01s
[2026-10-07T08:23:05.417+0000][257.206s][info][gc,start       ] GC(94) Pause Young (Allocation Failure)
[2026-10-07T08:23:05.428+0000][257.216s][info][gc,heap        ] GC(94) DefNew: 15186K(16064K)->906K(16064K) Eden: 14336K(14336K)->0K(14336K) From: 850K(1728K)->906K(1728K)
[2026-10-07T08:23:05.428+0000][257.217s][info][gc,heap        ] GC(94) Tenured: 23001K(35352K)->23001K(35352K)
[2026-10-07T08:23:05.428+0000][257.217s][info][gc,metaspace   ] GC(94) Metaspace: 73922K(74688K)->73922K(74688K) NonClass: 64563K(64960K)->64563K(64960K) Class: 9358K(9728K)->9358K(9728K)
[2026-10-07T08:23:05.428+0000][257.217s][info][gc             ] GC(94) Pause Young (Allocation Failure) 37M->23M(50M) 11.212ms
[2026-10-07T08:23:05.428+0000][257.217s][info][gc,cpu         ] GC(94) User=0.00s Sys=0.00s Real=0.01s
[2026-10-07T08:23:07.868+0000][259.657s][info][gc,start       ] GC(95) Pause Young (Allocation Failure)
[2026-10-07T08:23:07.877+0000][259.666s][info][gc,heap        ] GC(95) DefNew: 15242K(16064K)->1089K(16064K) Eden: 14336K(14336K)->0K(14336K) From: 906K(1728K)->1089K(1728K)
[2026-10-07T08:23:07.877+0000][259.666s][info][gc,heap        ] GC(95) Tenured: 23001K(35352K)->23046K(35352K)
[2026-10-07T08:23:07.877+0000][259.666s][info][gc,metaspace   ] GC(95) Metaspace: 73937K(74688K)->73937K(74688K) NonClass: 64576K(64960K)->64576K(64960K) Class: 9360K(9728K)->9360K(9728K)
[2026-10-07T08:23:07.877+0000][259.666s][info][gc             ] GC(95) Pause Young (Allocation Failure) 37M->23M(50M) 8.669ms
[2026-10-07T08:23:07.877+0000][259.666s][info][gc,cpu         ] GC(95) User=0.01s Sys=0.00s Real=0.01s
[2026-10-07T08:23:10.455+0000][262.244s][info][gc,start       ] GC(96) Pause Young (Allocation Failure)
[2026-10-07T08:23:10.462+0000][262.251s][info][gc,heap        ] GC(96) DefNew: 15424K(16064K)->877K(16064K) Eden: 14335K(14336K)->0K(14336K) From: 1089K(1728K)->877K(1728K)
[2026-10-07T08:23:10.462+0000][262.251s][info][gc,heap        ] GC(96) Tenured: 23046K(35352K)->23308K(35352K)
[2026-10-07T08:23:10.462+0000][262.251s][info][gc,metaspace   ] GC(96) Metaspace: 73945K(74688K)->73945K(74688K) NonClass: 64585K(64960K)->64585K(64960K) Class: 9360K(9728K)->9360K(9728K)
[2026-10-07T08:23:10.462+0000][262.251s][info][gc             ] GC(96) Pause Young (Allocation Failure) 37M->23M(50M) 7.015ms
[2026-10-07T08:23:10.463+0000][262.251s][info][gc,cpu         ] GC(96) User=0.01s Sys=0.00s Real=0.00s
[2026-10-07T08:23:13.174+0000][264.963s][info][gc,start       ] GC(97) Pause Young (Allocation Failure)
[2026-10-07T08:23:13.181+0000][264.970s][info][gc,heap        ] GC(97) DefNew: 15213K(16064K)->890K(16064K) Eden: 14336K(14336K)->0K(14336K) From: 877K(1728K)->890K(1728K)
[2026-10-07T08:23:13.181+0000][264.970s][info][gc,heap        ] GC(97) Tenured: 23308K(35352K)->23360K(35352K)
[2026-10-07T08:23:13.181+0000][264.970s][info][gc,metaspace   ] GC(97) Metaspace: 73956K(74688K)->73956K(74688K) NonClass: 64596K(64960K)->64596K(64960K) Class: 9360K(9728K)->9360K(9728K)
[2026-10-07T08:23:13.181+0000][264.970s][info][gc             ] GC(97) Pause Young (Allocation Failure) 37M->23M(50M) 6.935ms
[2026-10-07T08:23:13.181+0000][264.970s][info][gc,cpu         ] GC(97) User=0.00s Sys=0.00s Real=0.00s
[2026-10-07T08:23:15.823+0000][267.612s][info][gc,start       ] GC(98) Pause Young (Allocation Failure)
[2026-10-07T08:23:15.830+0000][267.619s][info][gc,heap        ] GC(98) DefNew: 15226K(16064K)->944K(16064K) Eden: 14336K(14336K)->0K(14336K) From: 890K(1728K)->944K(1728K)
[2026-10-07T08:23:15.830+0000][267.619s][info][gc,heap        ] GC(98) Tenured: 23360K(35352K)->23438K(35352K)
[2026-10-07T08:23:15.830+0000][267.619s][info][gc,metaspace   ] GC(98) Metaspace: 73959K(74688K)->73959K(74688K) NonClass: 64599K(64960K)->64599K(64960K) Class: 9360K(9728K)->9360K(9728K)
[2026-10-07T08:23:15.830+0000][267.619s][info][gc             ] GC(98) Pause Young (Allocation Failure) 37M->23M(50M) 6.889ms
[2026-10-07T08:23:15.830+0000][267.619s][info][gc,cpu         ] GC(98) User=0.01s Sys=0.00s Real=0.01s
[2026-10-07T08:23:18.404+0000][270.193s][info][gc,start       ] GC(99) Pause Young (Allocation Failure)
[2026-10-07T08:23:18.410+0000][270.199s][info][gc,heap        ] GC(99) DefNew: 15280K(16064K)->668K(16064K) Eden: 14336K(14336K)->0K(14336K) From: 944K(1728K)->668K(1728K)
[2026-10-07T08:23:18.410+0000][270.199s][info][gc,heap        ] GC(99) Tenured: 23438K(35352K)->23710K(35352K)
[2026-10-07T08:23:18.410+0000][270.199s][info][gc,metaspace   ] GC(99) Metaspace: 73962K(74688K)->73962K(74688K) NonClass: 64602K(64960K)->64602K(64960K) Class: 9360K(9728K)->9360K(9728K)
[2026-10-07T08:23:18.410+0000][270.199s][info][gc             ] GC(99) Pause Young (Allocation Failure) 37M->23M(50M) 6.328ms
[2026-10-07T08:23:18.410+0000][270.199s][info][gc,cpu         ] GC(99) User=0.01s Sys=0.00s Real=0.00s
[2026-10-07T08:23:21.007+0000][272.796s][info][gc,start       ] GC(100) Pause Young (Allocation Failure)
[2026-10-07T08:23:21.013+0000][272.801s][info][gc,heap        ] GC(100) DefNew: 15004K(16064K)->804K(16064K) Eden: 14336K(14336K)->0K(14336K) From: 668K(1728K)->804K(1728K)
[2026-10-07T08:23:21.013+0000][272.801s][info][gc,heap        ] GC(100) Tenured: 23710K(35352K)->23710K(35352K)
[2026-10-07T08:23:21.013+0000][272.801s][info][gc,metaspace   ] GC(100) Metaspace: 73965K(74688K)->73965K(74688K) NonClass: 64605K(64960K)->64605K(64960K) Class: 9360K(9728K)->9360K(9728K)
[2026-10-07T08:23:21.013+0000][272.801s][info][gc             ] GC(100) Pause Young (Allocation Failure) 37M->23M(50M) 5.823ms
[2026-10-07T08:23:21.013+0000][272.802s][info][gc,cpu         ] GC(100) User=0.00s Sys=0.00s Real=0.00s
[2026-10-07T08:23:23.322+0000][275.111s][info][gc,start       ] GC(101) Pause Young (Allocation Failure)
[2026-10-07T08:23:23.328+0000][275.117s][info][gc,heap        ] GC(101) DefNew: 15140K(16064K)->773K(16064K) Eden: 14336K(14336K)->0K(14336K) From: 804K(1728K)->773K(1728K)
[2026-10-07T08:23:23.328+0000][275.117s][info][gc,heap        ] GC(101) Tenured: 23710K(35352K)->23710K(35352K)
[2026-10-07T08:23:23.328+0000][275.117s][info][gc,metaspace   ] GC(101) Metaspace: 73975K(74752K)->73975K(74752K) NonClass: 64614K(65024K)->64614K(65024K) Class: 9360K(9728K)->9360K(9728K)
[2026-10-07T08:23:23.328+0000][275.117s][info][gc             ] GC(101) Pause Young (Allocation Failure) 37M->23M(50M) 6.491ms
[2026-10-07T08:23:23.328+0000][275.117s][info][gc,cpu         ] GC(101) User=0.00s Sys=0.00s Real=0.01s
[2026-10-07T08:23:26.099+0000][277.887s][info][gc,start       ] GC(102) Pause Young (Allocation Failure)
[2026-10-07T08:23:26.106+0000][277.895s][info][gc,heap        ] GC(102) DefNew: 15109K(16064K)->886K(16064K) Eden: 14336K(14336K)->0K(14336K) From: 773K(1728K)->886K(1728K)
[2026-10-07T08:23:26.106+0000][277.895s][info][gc,heap        ] GC(102) Tenured: 23710K(35352K)->23710K(35352K)
[2026-10-07T08:23:26.106+0000][277.895s][info][gc,metaspace   ] GC(102) Metaspace: 73976K(74752K)->73976K(74752K) NonClass: 64615K(65024K)->64615K(65024K) Class: 9360K(9728K)->9360K(9728K)
[2026-10-07T08:23:26.106+0000][277.895s][info][gc             ] GC(102) Pause Young (Allocation Failure) 37M->24M(50M) 7.742ms
[2026-10-07T08:23:26.106+0000][277.895s][info][gc,cpu         ] GC(102) User=0.01s Sys=0.01s Real=0.01s
[2026-10-07T08:23:28.633+0000][280.421s][info][gc,start       ] GC(103) Pause Young (Allocation Failure)
[2026-10-07T08:23:28.643+0000][280.431s][info][gc,heap        ] GC(103) DefNew: 15222K(16064K)->875K(16064K) Eden: 14336K(14336K)->0K(14336K) From: 886K(1728K)->875K(1728K)
[2026-10-07T08:23:28.643+0000][280.431s][info][gc,heap        ] GC(103) Tenured: 23710K(35352K)->23767K(35352K)
[2026-10-07T08:23:28.643+0000][280.431s][info][gc,metaspace   ] GC(103) Metaspace: 73978K(74752K)->73978K(74752K) NonClass: 64618K(65024K)->64618K(65024K) Class: 9360K(9728K)->9360K(9728K)
[2026-10-07T08:23:28.643+0000][280.431s][info][gc             ] GC(103) Pause Young (Allocation Failure) 38M->24M(50M) 9.935ms
[2026-10-07T08:23:28.643+0000][280.431s][info][gc,cpu         ] GC(103) User=0.01s Sys=0.00s Real=0.01s
[2026-10-07T08:23:31.275+0000][283.064s][info][gc,start       ] GC(104) Pause Young (Allocation Failure)
[2026-10-07T08:23:31.285+0000][283.073s][info][gc,heap        ] GC(104) DefNew: 15211K(16064K)->1058K(16064K) Eden: 14336K(14336K)->0K(14336K) From: 875K(1728K)->1058K(1728K)
[2026-10-07T08:23:31.285+0000][283.074s][info][gc,heap        ] GC(104) Tenured: 23767K(35352K)->23890K(35352K)
[2026-10-07T08:23:31.285+0000][283.074s][info][gc,metaspace   ] GC(104) Metaspace: 73992K(74816K)->73992K(74816K) NonClass: 64632K(65088K)->64632K(65088K) Class: 9360K(9728K)->9360K(9728K)
[2026-10-07T08:23:31.285+0000][283.074s][info][gc             ] GC(104) Pause Young (Allocation Failure) 38M->24M(50M) 9.582ms
[2026-10-07T08:23:31.285+0000][283.074s][info][gc,cpu         ] GC(104) User=0.00s Sys=0.00s Real=0.01s
[2026-10-07T08:23:33.272+0000][285.060s][info][gc,start       ] GC(105) Pause Young (Allocation Failure)
[2026-10-07T08:23:33.280+0000][285.069s][info][gc,heap        ] GC(105) DefNew: 15394K(16064K)->1566K(16064K) Eden: 14336K(14336K)->0K(14336K) From: 1058K(1728K)->1566K(1728K)
[2026-10-07T08:23:33.280+0000][285.069s][info][gc,heap        ] GC(105) Tenured: 23890K(35352K)->24131K(35352K)
[2026-10-07T08:23:33.280+0000][285.069s][info][gc,metaspace   ] GC(105) Metaspace: 74026K(74816K)->74026K(74816K) NonClass: 64666K(65088K)->64666K(65088K) Class: 9360K(9728K)->9360K(9728K)
[2026-10-07T08:23:33.280+0000][285.069s][info][gc             ] GC(105) Pause Young (Allocation Failure) 38M->25M(50M) 8.641ms
[2026-10-07T08:23:33.281+0000][285.069s][info][gc,cpu         ] GC(105) User=0.01s Sys=0.00s Real=0.01s
[2026-10-07T08:23:35.493+0000][287.281s][info][gc,start       ] GC(106) Pause Young (Allocation Failure)
[2026-10-07T08:23:35.503+0000][287.292s][info][gc,heap        ] GC(106) DefNew: 15902K(16064K)->1275K(16064K) Eden: 14336K(14336K)->0K(14336K) From: 1566K(1728K)->1275K(1728K)
[2026-10-07T08:23:35.503+0000][287.292s][info][gc,heap        ] GC(106) Tenured: 24131K(35352K)->25431K(35352K)
[2026-10-07T08:23:35.503+0000][287.292s][info][gc,metaspace   ] GC(106) Metaspace: 74197K(75008K)->74197K(75008K) NonClass: 64836K(65280K)->64836K(65280K) Class: 9360K(9728K)->9360K(9728K)
[2026-10-07T08:23:35.503+0000][287.292s][info][gc             ] GC(106) Pause Young (Allocation Failure) 39M->26M(50M) 10.227ms
[2026-10-07T08:23:35.503+0000][287.292s][info][gc,cpu         ] GC(106) User=0.01s Sys=0.00s Real=0.01s
[2026-10-07T08:23:37.876+0000][289.665s][info][gc,start       ] GC(107) Pause Young (Allocation Failure)
[2026-10-07T08:23:37.886+0000][289.675s][info][gc,heap        ] GC(107) DefNew: 15611K(16064K)->763K(16064K) Eden: 14336K(14336K)->0K(14336K) From: 1275K(1728K)->763K(1728K)
[2026-10-07T08:23:37.886+0000][289.675s][info][gc,heap        ] GC(107) Tenured: 25431K(35352K)->26468K(35352K)
[2026-10-07T08:23:37.886+0000][289.675s][info][gc,metaspace   ] GC(107) Metaspace: 74201K(75008K)->74201K(75008K) NonClass: 64839K(65280K)->64839K(65280K) Class: 9361K(9728K)->9361K(9728K)
[2026-10-07T08:23:37.886+0000][289.675s][info][gc             ] GC(107) Pause Young (Allocation Failure) 40M->26M(50M) 10.086ms
[2026-10-07T08:23:37.886+0000][289.675s][info][gc,cpu         ] GC(107) User=0.01s Sys=0.00s Real=0.01s
[2026-10-07T08:23:40.448+0000][292.236s][info][gc,start       ] GC(108) Pause Young (Allocation Failure)
[2026-10-07T08:23:40.454+0000][292.243s][info][gc,heap        ] GC(108) DefNew: 15099K(16064K)->1184K(16064K) Eden: 14336K(14336K)->0K(14336K) From: 763K(1728K)->1184K(1728K)
[2026-10-07T08:23:40.454+0000][292.243s][info][gc,heap        ] GC(108) Tenured: 26468K(35352K)->26468K(35352K)
[2026-10-07T08:23:40.454+0000][292.243s][info][gc,metaspace   ] GC(108) Metaspace: 74244K(75008K)->74244K(75008K) NonClass: 64882K(65280K)->64882K(65280K) Class: 9361K(9728K)->9361K(9728K)
[2026-10-07T08:23:40.454+0000][292.243s][info][gc             ] GC(108) Pause Young (Allocation Failure) 40M->27M(50M) 6.660ms
[2026-10-07T08:23:40.454+0000][292.243s][info][gc,cpu         ] GC(108) User=0.00s Sys=0.00s Real=0.01s
[2026-10-07T08:23:43.003+0000][294.791s][info][gc,start       ] GC(109) Pause Young (Allocation Failure)
[2026-10-07T08:23:43.010+0000][294.799s][info][gc,heap        ] GC(109) DefNew: 15520K(16064K)->919K(16064K) Eden: 14335K(14336K)->0K(14336K) From: 1184K(1728K)->919K(1728K)
[2026-10-07T08:23:43.010+0000][294.799s][info][gc,heap        ] GC(109) Tenured: 26468K(35352K)->26937K(35352K)
[2026-10-07T08:23:43.010+0000][294.799s][info][gc,metaspace   ] GC(109) Metaspace: 74244K(75008K)->74244K(75008K) NonClass: 64882K(65280K)->64882K(65280K) Class: 9361K(9728K)->9361K(9728K)
[2026-10-07T08:23:43.010+0000][294.799s][info][gc             ] GC(109) Pause Young (Allocation Failure) 41M->27M(50M) 7.407ms
[2026-10-07T08:23:43.010+0000][294.799s][info][gc,cpu         ] GC(109) User=0.01s Sys=0.00s Real=0.01s
[2026-10-07T08:23:45.631+0000][297.420s][info][gc,start       ] GC(110) Pause Young (Allocation Failure)
[2026-10-07T08:23:45.639+0000][297.427s][info][gc,heap        ] GC(110) DefNew: 15255K(16064K)->754K(16064K) Eden: 14336K(14336K)->0K(14336K) From: 919K(1728K)->754K(1728K)
[2026-10-07T08:23:45.639+0000][297.428s][info][gc,heap        ] GC(110) Tenured: 26937K(35352K)->27241K(35352K)
[2026-10-07T08:23:45.639+0000][297.428s][info][gc,metaspace   ] GC(110) Metaspace: 74244K(75008K)->74244K(75008K) NonClass: 64883K(65280K)->64883K(65280K) Class: 9361K(9728K)->9361K(9728K)
[2026-10-07T08:23:45.639+0000][297.428s][info][gc             ] GC(110) Pause Young (Allocation Failure) 41M->27M(50M) 7.508ms
[2026-10-07T08:23:45.639+0000][297.428s][info][gc,cpu         ] GC(110) User=0.01s Sys=0.00s Real=0.01s
[2026-10-07T08:23:48.138+0000][299.927s][info][gc,start       ] GC(111) Pause Young (Allocation Failure)
[2026-10-07T08:23:48.145+0000][299.933s][info][gc,heap        ] GC(111) DefNew: 15090K(16064K)->1005K(16064K) Eden: 14335K(14336K)->0K(14336K) From: 754K(1728K)->1005K(1728K)
[2026-10-07T08:23:48.145+0000][299.933s][info][gc,heap        ] GC(111) Tenured: 27241K(35352K)->27241K(35352K)
[2026-10-07T08:23:48.145+0000][299.933s][info][gc,metaspace   ] GC(111) Metaspace: 74246K(75008K)->74246K(75008K) NonClass: 64884K(65280K)->64884K(65280K) Class: 9361K(9728K)->9361K(9728K)
[2026-10-07T08:23:48.145+0000][299.934s][info][gc             ] GC(111) Pause Young (Allocation Failure) 41M->27M(50M) 6.659ms
[2026-10-07T08:23:48.145+0000][299.934s][info][gc,cpu         ] GC(111) User=0.01s Sys=0.00s Real=0.01s
[2026-10-07T08:23:50.963+0000][302.752s][info][gc,start       ] GC(112) Pause Young (Allocation Failure)
[2026-10-07T08:23:50.972+0000][302.761s][info][gc,heap        ] GC(112) DefNew: 15341K(16064K)->724K(16064K) Eden: 14336K(14336K)->0K(14336K) From: 1005K(1728K)->724K(1728K)
[2026-10-07T08:23:50.973+0000][302.761s][info][gc,heap        ] GC(112) Tenured: 27241K(35352K)->27415K(35352K)
[2026-10-07T08:23:50.973+0000][302.762s][info][gc,metaspace   ] GC(112) Metaspace: 74247K(75008K)->74247K(75008K) NonClass: 64885K(65280K)->64885K(65280K) Class: 9361K(9728K)->9361K(9728K)
[2026-10-07T08:23:50.973+0000][302.762s][info][gc             ] GC(112) Pause Young (Allocation Failure) 41M->27M(50M) 9.690ms
[2026-10-07T08:23:50.973+0000][302.762s][info][gc,cpu         ] GC(112) User=0.00s Sys=0.00s Real=0.01s
[2026-10-07T08:23:53.342+0000][305.130s][info][gc,start       ] GC(113) Pause Young (Allocation Failure)
[2026-10-07T08:23:53.348+0000][305.136s][info][gc,heap        ] GC(113) DefNew: 15060K(16064K)->727K(16064K) Eden: 14336K(14336K)->0K(14336K) From: 724K(1728K)->727K(1728K)
[2026-10-07T08:23:53.348+0000][305.136s][info][gc,heap        ] GC(113) Tenured: 27415K(35352K)->27415K(35352K)
[2026-10-07T08:23:53.348+0000][305.136s][info][gc,metaspace   ] GC(113) Metaspace: 74264K(75072K)->74264K(75072K) NonClass: 64902K(65344K)->64902K(65344K) Class: 9362K(9728K)->9362K(9728K)
[2026-10-07T08:23:53.348+0000][305.137s][info][gc             ] GC(113) Pause Young (Allocation Failure) 41M->27M(50M) 6.049ms
[2026-10-07T08:23:53.348+0000][305.137s][info][gc,cpu         ] GC(113) User=0.01s Sys=0.00s Real=0.01s
[2026-10-07T08:23:56.024+0000][307.812s][info][gc,start       ] GC(114) Pause Young (Allocation Failure)
[2026-10-07T08:23:56.031+0000][307.820s][info][gc,heap        ] GC(114) DefNew: 15063K(16064K)->842K(16064K) Eden: 14336K(14336K)->0K(14336K) From: 727K(1728K)->842K(1728K)
[2026-10-07T08:23:56.032+0000][307.820s][info][gc,heap        ] GC(114) Tenured: 27415K(35352K)->27415K(35352K)
[2026-10-07T08:23:56.032+0000][307.820s][info][gc,metaspace   ] GC(114) Metaspace: 74267K(75072K)->74267K(75072K) NonClass: 64905K(65344K)->64905K(65344K) Class: 9362K(9728K)->9362K(9728K)
[2026-10-07T08:23:56.032+0000][307.820s][info][gc             ] GC(114) Pause Young (Allocation Failure) 41M->27M(50M) 7.800ms
[2026-10-07T08:23:56.032+0000][307.820s][info][gc,cpu         ] GC(114) User=0.01s Sys=0.00s Real=0.00s
[2026-10-07T08:23:58.625+0000][310.414s][info][gc,start       ] GC(115) Pause Young (Allocation Failure)
[2026-10-07T08:23:58.633+0000][310.421s][info][gc,heap        ] GC(115) DefNew: 15178K(16064K)->840K(16064K) Eden: 14336K(14336K)->0K(14336K) From: 842K(1728K)->840K(1728K)
[2026-10-07T08:23:58.633+0000][310.421s][info][gc,heap        ] GC(115) Tenured: 27415K(35352K)->27415K(35352K)
[2026-10-07T08:23:58.633+0000][310.421s][info][gc,metaspace   ] GC(115) Metaspace: 74282K(75072K)->74282K(75072K) NonClass: 64920K(65344K)->64920K(65344K) Class: 9362K(9728K)->9362K(9728K)
[2026-10-07T08:23:58.633+0000][310.422s][info][gc             ] GC(115) Pause Young (Allocation Failure) 41M->27M(50M) 7.557ms
[2026-10-07T08:23:58.633+0000][310.422s][info][gc,cpu         ] GC(115) User=0.01s Sys=0.00s Real=0.00s
[2026-10-07T08:24:01.299+0000][313.088s][info][gc,start       ] GC(116) Pause Young (Allocation Failure)
[2026-10-07T08:24:01.312+0000][313.101s][info][gc,heap        ] GC(116) DefNew: 15176K(16064K)->1011K(16064K) Eden: 14336K(14336K)->0K(14336K) From: 840K(1728K)->1011K(1728K)
[2026-10-07T08:24:01.312+0000][313.101s][info][gc,heap        ] GC(116) Tenured: 27415K(35352K)->27415K(35352K)
[2026-10-07T08:24:01.312+0000][313.101s][info][gc,metaspace   ] GC(116) Metaspace: 74283K(75072K)->74283K(75072K) NonClass: 64920K(65344K)->64920K(65344K) Class: 9362K(9728K)->9362K(9728K)
[2026-10-07T08:24:01.312+0000][313.101s][info][gc             ] GC(116) Pause Young (Allocation Failure) 41M->27M(50M) 12.908ms
[2026-10-07T08:24:01.312+0000][313.101s][info][gc,cpu         ] GC(116) User=0.00s Sys=0.00s Real=0.01s
[2026-10-07T08:24:03.946+0000][315.735s][info][gc,start       ] GC(117) Pause Young (Allocation Failure)
[2026-10-07T08:24:03.954+0000][315.742s][info][gc,heap        ] GC(117) DefNew: 15347K(16064K)->866K(16064K) Eden: 14336K(14336K)->0K(14336K) From: 1011K(1728K)->866K(1728K)
[2026-10-07T08:24:03.954+0000][315.742s][info][gc,heap        ] GC(117) Tenured: 27415K(35352K)->27578K(35352K)
[2026-10-07T08:24:03.954+0000][315.742s][info][gc,metaspace   ] GC(117) Metaspace: 74283K(75072K)->74283K(75072K) NonClass: 64920K(65344K)->64920K(65344K) Class: 9362K(9728K)->9362K(9728K)
[2026-10-07T08:24:03.954+0000][315.742s][info][gc             ] GC(117) Pause Young (Allocation Failure) 41M->27M(50M) 7.396ms
[2026-10-07T08:24:03.954+0000][315.742s][info][gc,cpu         ] GC(117) User=0.01s Sys=0.00s Real=0.01s
[2026-10-07T08:24:06.740+0000][318.528s][info][gc,start       ] GC(118) Pause Young (Allocation Failure)
[2026-10-07T08:24:06.747+0000][318.536s][info][gc,heap        ] GC(118) DefNew: 15202K(16064K)->890K(16064K) Eden: 14336K(14336K)->0K(14336K) From: 866K(1728K)->890K(1728K)
[2026-10-07T08:24:06.747+0000][318.536s][info][gc,heap        ] GC(118) Tenured: 27578K(35352K)->27640K(35352K)
[2026-10-07T08:24:06.747+0000][318.536s][info][gc,metaspace   ] GC(118) Metaspace: 74283K(75072K)->74283K(75072K) NonClass: 64920K(65344K)->64920K(65344K) Class: 9362K(9728K)->9362K(9728K)
[2026-10-07T08:24:06.747+0000][318.536s][info][gc             ] GC(118) Pause Young (Allocation Failure) 41M->27M(50M) 7.232ms
[2026-10-07T08:24:06.747+0000][318.536s][info][gc,cpu         ] GC(118) User=0.01s Sys=0.00s Real=0.01s
[2026-10-07T08:24:09.152+0000][320.941s][info][gc,start       ] GC(119) Pause Young (Allocation Failure)
[2026-10-07T08:24:09.160+0000][320.949s][info][gc,heap        ] GC(119) DefNew: 15226K(16064K)->797K(16064K) Eden: 14336K(14336K)->0K(14336K) From: 890K(1728K)->797K(1728K)
[2026-10-07T08:24:09.160+0000][320.949s][info][gc,heap        ] GC(119) Tenured: 27640K(35352K)->27746K(35352K)
[2026-10-07T08:24:09.160+0000][320.949s][info][gc,metaspace   ] GC(119) Metaspace: 74287K(75072K)->74287K(75072K) NonClass: 64925K(65344K)->64925K(65344K) Class: 9362K(9728K)->9362K(9728K)
[2026-10-07T08:24:09.160+0000][320.949s][info][gc             ] GC(119) Pause Young (Allocation Failure) 41M->27M(50M) 7.683ms
[2026-10-07T08:24:09.160+0000][320.949s][info][gc,cpu         ] GC(119) User=0.01s Sys=0.01s Real=0.01s
[2026-10-07T08:24:11.961+0000][323.749s][info][gc,start       ] GC(120) Pause Young (Allocation Failure)
[2026-10-07T08:24:11.969+0000][323.758s][info][gc,heap        ] GC(120) DefNew: 15132K(16064K)->891K(16064K) Eden: 14335K(14336K)->0K(14336K) From: 797K(1728K)->891K(1728K)
[2026-10-07T08:24:11.969+0000][323.758s][info][gc,heap        ] GC(120) Tenured: 27746K(35352K)->27746K(35352K)
[2026-10-07T08:24:11.969+0000][323.758s][info][gc,metaspace   ] GC(120) Metaspace: 74287K(75072K)->74287K(75072K) NonClass: 64925K(65344K)->64925K(65344K) Class: 9362K(9728K)->9362K(9728K)
[2026-10-07T08:24:11.969+0000][323.758s][info][gc             ] GC(120) Pause Young (Allocation Failure) 41M->27M(50M) 8.494ms
[2026-10-07T08:24:11.969+0000][323.758s][info][gc,cpu         ] GC(120) User=0.00s Sys=0.00s Real=0.01s
[2026-10-07T08:24:14.581+0000][326.369s][info][gc,start       ] GC(121) Pause Young (Allocation Failure)
[2026-10-07T08:24:14.589+0000][326.378s][info][gc,heap        ] GC(121) DefNew: 15227K(16064K)->825K(16064K) Eden: 14336K(14336K)->0K(14336K) From: 891K(1728K)->825K(1728K)
[2026-10-07T08:24:14.589+0000][326.378s][info][gc,heap        ] GC(121) Tenured: 27746K(35352K)->27790K(35352K)
[2026-10-07T08:24:14.589+0000][326.378s][info][gc,metaspace   ] GC(121) Metaspace: 74344K(75072K)->74344K(75072K) NonClass: 64975K(65344K)->64975K(65344K) Class: 9368K(9728K)->9368K(9728K)
[2026-10-07T08:24:14.590+0000][326.378s][info][gc             ] GC(121) Pause Young (Allocation Failure) 41M->27M(50M) 8.997ms
[2026-10-07T08:24:14.590+0000][326.378s][info][gc,cpu         ] GC(121) User=0.00s Sys=0.00s Real=0.01s
[2026-10-07T08:24:17.150+0000][328.939s][info][gc,start       ] GC(122) Pause Young (Allocation Failure)
[2026-10-07T08:24:17.171+0000][328.960s][info][gc,heap        ] GC(122) DefNew: 15161K(16064K)->974K(16064K) Eden: 14336K(14336K)->0K(14336K) From: 825K(1728K)->974K(1728K)
[2026-10-07T08:24:17.174+0000][328.962s][info][gc,heap        ] GC(122) Tenured: 27790K(35352K)->27790K(35352K)
[2026-10-07T08:24:17.174+0000][328.962s][info][gc,metaspace   ] GC(122) Metaspace: 74346K(75072K)->74346K(75072K) NonClass: 64977K(65344K)->64977K(65344K) Class: 9368K(9728K)->9368K(9728K)
[2026-10-07T08:24:17.174+0000][328.963s][info][gc             ] GC(122) Pause Young (Allocation Failure) 41M->28M(50M) 23.945ms
[2026-10-07T08:24:17.174+0000][328.963s][info][gc,cpu         ] GC(122) User=0.01s Sys=0.00s Real=0.03s
[2026-10-07T08:24:19.772+0000][331.561s][info][gc,start       ] GC(123) Pause Young (Allocation Failure)
[2026-10-07T08:24:19.780+0000][331.569s][info][gc,heap        ] GC(123) DefNew: 15310K(16064K)->696K(16064K) Eden: 14336K(14336K)->0K(14336K) From: 974K(1728K)->696K(1728K)
[2026-10-07T08:24:19.780+0000][331.569s][info][gc,heap        ] GC(123) Tenured: 27790K(35352K)->28009K(35352K)
[2026-10-07T08:24:19.780+0000][331.569s][info][gc,metaspace   ] GC(123) Metaspace: 74351K(75136K)->74351K(75136K) NonClass: 64982K(65408K)->64982K(65408K) Class: 9368K(9728K)->9368K(9728K)
[2026-10-07T08:24:19.780+0000][331.569s][info][gc             ] GC(123) Pause Young (Allocation Failure) 42M->28M(50M) 8.052ms
[2026-10-07T08:24:19.780+0000][331.569s][info][gc,cpu         ] GC(123) User=0.01s Sys=0.00s Real=0.01s
[2026-10-07T08:24:22.389+0000][334.178s][info][gc,start       ] GC(124) Pause Young (Allocation Failure)
[2026-10-07T08:24:22.397+0000][334.185s][info][gc,heap        ] GC(124) DefNew: 15032K(16064K)->776K(16064K) Eden: 14336K(14336K)->0K(14336K) From: 696K(1728K)->776K(1728K)
[2026-10-07T08:24:22.397+0000][334.185s][info][gc,heap        ] GC(124) Tenured: 28009K(35352K)->28009K(35352K)
[2026-10-07T08:24:22.397+0000][334.185s][info][gc,metaspace   ] GC(124) Metaspace: 74352K(75136K)->74352K(75136K) NonClass: 64984K(65408K)->64984K(65408K) Class: 9368K(9728K)->9368K(9728K)
[2026-10-07T08:24:22.397+0000][334.186s][info][gc             ] GC(124) Pause Young (Allocation Failure) 42M->28M(50M) 7.615ms
[2026-10-07T08:24:22.397+0000][334.186s][info][gc,cpu         ] GC(124) User=0.00s Sys=0.00s Real=0.01s
[2026-10-07T08:24:24.958+0000][336.746s][info][gc,start       ] GC(125) Pause Young (Allocation Failure)
[2026-10-07T08:24:24.966+0000][336.755s][info][gc,heap        ] GC(125) DefNew: 15112K(16064K)->730K(16064K) Eden: 14336K(14336K)->0K(14336K) From: 776K(1728K)->730K(1728K)
[2026-10-07T08:24:24.966+0000][336.755s][info][gc,heap        ] GC(125) Tenured: 28009K(35352K)->28009K(35352K)
[2026-10-07T08:24:24.966+0000][336.755s][info][gc,metaspace   ] GC(125) Metaspace: 74365K(75136K)->74365K(75136K) NonClass: 64996K(65408K)->64996K(65408K) Class: 9368K(9728K)->9368K(9728K)
[2026-10-07T08:24:24.966+0000][336.755s][info][gc             ] GC(125) Pause Young (Allocation Failure) 42M->28M(50M) 8.839ms
[2026-10-07T08:24:24.966+0000][336.755s][info][gc,cpu         ] GC(125) User=0.00s Sys=0.00s Real=0.01s
[2026-10-07T08:24:27.747+0000][339.536s][info][gc,start       ] GC(126) Pause Young (Allocation Failure)
[2026-10-07T08:24:27.753+0000][339.542s][info][gc,heap        ] GC(126) DefNew: 15066K(16064K)->837K(16064K) Eden: 14336K(14336K)->0K(14336K) From: 730K(1728K)->837K(1728K)
[2026-10-07T08:24:27.753+0000][339.542s][info][gc,heap        ] GC(126) Tenured: 28009K(35352K)->28009K(35352K)
[2026-10-07T08:24:27.753+0000][339.542s][info][gc,metaspace   ] GC(126) Metaspace: 74365K(75136K)->74365K(75136K) NonClass: 64996K(65408K)->64996K(65408K) Class: 9368K(9728K)->9368K(9728K)
[2026-10-07T08:24:27.753+0000][339.542s][info][gc             ] GC(126) Pause Young (Allocation Failure) 42M->28M(50M) 6.223ms
[2026-10-07T08:24:27.753+0000][339.542s][info][gc,cpu         ] GC(126) User=0.00s Sys=0.00s Real=0.00s
[2026-10-07T08:24:30.228+0000][342.017s][info][gc,start       ] GC(127) Pause Young (Allocation Failure)
[2026-10-07T08:24:30.236+0000][342.024s][info][gc,heap        ] GC(127) DefNew: 15173K(16064K)->922K(16064K) Eden: 14336K(14336K)->0K(14336K) From: 837K(1728K)->922K(1728K)
[2026-10-07T08:24:30.236+0000][342.024s][info][gc,heap        ] GC(127) Tenured: 28009K(35352K)->28009K(35352K)
[2026-10-07T08:24:30.236+0000][342.024s][info][gc,metaspace   ] GC(127) Metaspace: 74369K(75136K)->74369K(75136K) NonClass: 65000K(65408K)->65000K(65408K) Class: 9368K(9728K)->9368K(9728K)
[2026-10-07T08:24:30.236+0000][342.024s][info][gc             ] GC(127) Pause Young (Allocation Failure) 42M->28M(50M) 7.397ms
[2026-10-07T08:24:30.236+0000][342.025s][info][gc,cpu         ] GC(127) User=0.00s Sys=0.00s Real=0.01s
[2026-10-07T08:24:33.019+0000][344.808s][info][gc,start       ] GC(128) Pause Young (Allocation Failure)
[2026-10-07T08:24:33.027+0000][344.816s][info][gc,heap        ] GC(128) DefNew: 15258K(16064K)->913K(16064K) Eden: 14336K(14336K)->0K(14336K) From: 922K(1728K)->913K(1728K)
[2026-10-07T08:24:33.027+0000][344.816s][info][gc,heap        ] GC(128) Tenured: 28009K(35352K)->28084K(35352K)
[2026-10-07T08:24:33.027+0000][344.816s][info][gc,metaspace   ] GC(128) Metaspace: 74369K(75136K)->74369K(75136K) NonClass: 65000K(65408K)->65000K(65408K) Class: 9368K(9728K)->9368K(9728K)
[2026-10-07T08:24:33.027+0000][344.816s][info][gc             ] GC(128) Pause Young (Allocation Failure) 42M->28M(50M) 7.871ms
[2026-10-07T08:24:33.027+0000][344.816s][info][gc,cpu         ] GC(128) User=0.00s Sys=0.00s Real=0.01s
[2026-10-07T08:24:35.510+0000][347.298s][info][gc,start       ] GC(129) Pause Young (Allocation Failure)
[2026-10-07T08:24:35.519+0000][347.307s][info][gc,heap        ] GC(129) DefNew: 15249K(16064K)->828K(16064K) Eden: 14336K(14336K)->0K(14336K) From: 913K(1728K)->828K(1728K)
[2026-10-07T08:24:35.519+0000][347.307s][info][gc,heap        ] GC(129) Tenured: 28084K(35352K)->28163K(35352K)
[2026-10-07T08:24:35.519+0000][347.307s][info][gc,metaspace   ] GC(129) Metaspace: 74370K(75136K)->74370K(75136K) NonClass: 65002K(65408K)->65002K(65408K) Class: 9368K(9728K)->9368K(9728K)
[2026-10-07T08:24:35.519+0000][347.307s][info][gc             ] GC(129) Pause Young (Allocation Failure) 42M->28M(50M) 8.911ms
[2026-10-07T08:24:35.519+0000][347.308s][info][gc,cpu         ] GC(129) User=0.00s Sys=0.01s Real=0.01s
[2026-10-07T08:24:37.986+0000][349.775s][info][gc,start       ] GC(130) Pause Young (Allocation Failure)
[2026-10-07T08:24:37.992+0000][349.781s][info][gc,heap        ] GC(130) DefNew: 15164K(16064K)->938K(16064K) Eden: 14336K(14336K)->0K(14336K) From: 828K(1728K)->938K(1728K)
[2026-10-07T08:24:37.992+0000][349.781s][info][gc,heap        ] GC(130) Tenured: 28163K(35352K)->28163K(35352K)
[2026-10-07T08:24:37.992+0000][349.781s][info][gc,metaspace   ] GC(130) Metaspace: 74378K(75136K)->74378K(75136K) NonClass: 65009K(65408K)->65009K(65408K) Class: 9368K(9728K)->9368K(9728K)
[2026-10-07T08:24:37.992+0000][349.781s][info][gc             ] GC(130) Pause Young (Allocation Failure) 42M->28M(50M) 6.343ms
[2026-10-07T08:24:37.992+0000][349.781s][info][gc,cpu         ] GC(130) User=0.00s Sys=0.00s Real=0.00s
[2026-10-07T08:24:40.602+0000][352.391s][info][gc,start       ] GC(131) Pause Young (Allocation Failure)
[2026-10-07T08:24:40.608+0000][352.397s][info][gc,heap        ] GC(131) DefNew: 15274K(16064K)->827K(16064K) Eden: 14336K(14336K)->0K(14336K) From: 938K(1728K)->827K(1728K)
[2026-10-07T08:24:40.608+0000][352.397s][info][gc,heap        ] GC(131) Tenured: 28163K(35352K)->28267K(35352K)
[2026-10-07T08:24:40.608+0000][352.397s][info][gc,metaspace   ] GC(131) Metaspace: 74382K(75136K)->74382K(75136K) NonClass: 65013K(65408K)->65013K(65408K) Class: 9368K(9728K)->9368K(9728K)
[2026-10-07T08:24:40.608+0000][352.397s][info][gc             ] GC(131) Pause Young (Allocation Failure) 42M->28M(50M) 6.364ms
[2026-10-07T08:24:40.608+0000][352.397s][info][gc,cpu         ] GC(131) User=0.01s Sys=0.00s Real=0.01s
[2026-10-07T08:24:43.244+0000][355.033s][info][gc,start       ] GC(132) Pause Young (Allocation Failure)
[2026-10-07T08:24:43.251+0000][355.040s][info][gc,heap        ] GC(132) DefNew: 15163K(16064K)->903K(16064K) Eden: 14336K(14336K)->0K(14336K) From: 827K(1728K)->903K(1728K)
[2026-10-07T08:24:43.251+0000][355.040s][info][gc,heap        ] GC(132) Tenured: 28267K(35352K)->28267K(35352K)
[2026-10-07T08:24:43.251+0000][355.040s][info][gc,metaspace   ] GC(132) Metaspace: 74382K(75136K)->74382K(75136K) NonClass: 65013K(65408K)->65013K(65408K) Class: 9368K(9728K)->9368K(9728K)
[2026-10-07T08:24:43.251+0000][355.040s][info][gc             ] GC(132) Pause Young (Allocation Failure) 42M->28M(50M) 7.604ms
[2026-10-07T08:24:43.251+0000][355.040s][info][gc,cpu         ] GC(132) User=0.01s Sys=0.00s Real=0.00s
[2026-10-07T08:24:45.889+0000][357.678s][info][gc,start       ] GC(133) Pause Young (Allocation Failure)
[2026-10-07T08:24:45.897+0000][357.685s][info][gc,heap        ] GC(133) DefNew: 15239K(16064K)->820K(16064K) Eden: 14336K(14336K)->0K(14336K) From: 903K(1728K)->820K(1728K)
[2026-10-07T08:24:45.897+0000][357.685s][info][gc,heap        ] GC(133) Tenured: 28267K(35352K)->28323K(35352K)
[2026-10-07T08:24:45.897+0000][357.685s][info][gc,metaspace   ] GC(133) Metaspace: 74383K(75136K)->74383K(75136K) NonClass: 65014K(65408K)->65014K(65408K) Class: 9368K(9728K)->9368K(9728K)
[2026-10-07T08:24:45.897+0000][357.685s][info][gc             ] GC(133) Pause Young (Allocation Failure) 42M->28M(50M) 7.719ms
[2026-10-07T08:24:45.897+0000][357.685s][info][gc,cpu         ] GC(133) User=0.01s Sys=0.00s Real=0.01s
[2026-10-07T08:24:48.355+0000][360.143s][info][gc,start       ] GC(134) Pause Young (Allocation Failure)
[2026-10-07T08:24:48.360+0000][360.149s][info][gc,heap        ] GC(134) DefNew: 15156K(16064K)->813K(16064K) Eden: 14336K(14336K)->0K(14336K) From: 820K(1728K)->813K(1728K)
[2026-10-07T08:24:48.360+0000][360.149s][info][gc,heap        ] GC(134) Tenured: 28323K(35352K)->28323K(35352K)
[2026-10-07T08:24:48.360+0000][360.149s][info][gc,metaspace   ] GC(134) Metaspace: 74385K(75136K)->74385K(75136K) NonClass: 65016K(65408K)->65016K(65408K) Class: 9368K(9728K)->9368K(9728K)
[2026-10-07T08:24:48.360+0000][360.149s][info][gc             ] GC(134) Pause Young (Allocation Failure) 42M->28M(50M) 5.504ms
[2026-10-07T08:24:48.360+0000][360.149s][info][gc,cpu         ] GC(134) User=0.00s Sys=0.00s Real=0.00s
[2026-10-07T08:24:51.124+0000][362.913s][info][gc,start       ] GC(135) Pause Young (Allocation Failure)
[2026-10-07T08:24:51.132+0000][362.921s][info][gc,heap        ] GC(135) DefNew: 15149K(16064K)->886K(16064K) Eden: 14336K(14336K)->0K(14336K) From: 813K(1728K)->886K(1728K)
[2026-10-07T08:24:51.132+0000][362.921s][info][gc,heap        ] GC(135) Tenured: 28323K(35352K)->28323K(35352K)
[2026-10-07T08:24:51.132+0000][362.921s][info][gc,metaspace   ] GC(135) Metaspace: 74386K(75136K)->74386K(75136K) NonClass: 65017K(65408K)->65017K(65408K) Class: 9368K(9728K)->9368K(9728K)
[2026-10-07T08:24:51.132+0000][362.921s][info][gc             ] GC(135) Pause Young (Allocation Failure) 42M->28M(50M) 7.684ms
[2026-10-07T08:24:51.132+0000][362.921s][info][gc,cpu         ] GC(135) User=0.01s Sys=0.00s Real=0.00s
[2026-10-07T08:24:53.718+0000][365.507s][info][gc,start       ] GC(136) Pause Young (Allocation Failure)
[2026-10-07T08:24:53.725+0000][365.514s][info][gc,heap        ] GC(136) DefNew: 15222K(16064K)->820K(16064K) Eden: 14336K(14336K)->0K(14336K) From: 886K(1728K)->820K(1728K)
[2026-10-07T08:24:53.725+0000][365.514s][info][gc,heap        ] GC(136) Tenured: 28323K(35352K)->28358K(35352K)
[2026-10-07T08:24:53.725+0000][365.514s][info][gc,metaspace   ] GC(136) Metaspace: 74392K(75136K)->74392K(75136K) NonClass: 65023K(65408K)->65023K(65408K) Class: 9368K(9728K)->9368K(9728K)
[2026-10-07T08:24:53.725+0000][365.514s][info][gc             ] GC(136) Pause Young (Allocation Failure) 42M->28M(50M) 7.521ms
[2026-10-07T08:24:53.725+0000][365.514s][info][gc,cpu         ] GC(136) User=0.01s Sys=0.00s Real=0.01s
[2026-10-07T08:24:56.320+0000][368.109s][info][gc,start       ] GC(137) Pause Young (Allocation Failure)
[2026-10-07T08:24:56.327+0000][368.116s][info][gc,heap        ] GC(137) DefNew: 15156K(16064K)->934K(16064K) Eden: 14336K(14336K)->0K(14336K) From: 820K(1728K)->934K(1728K)
[2026-10-07T08:24:56.327+0000][368.116s][info][gc,heap        ] GC(137) Tenured: 28358K(35352K)->28358K(35352K)
[2026-10-07T08:24:56.327+0000][368.116s][info][gc,metaspace   ] GC(137) Metaspace: 74392K(75136K)->74392K(75136K) NonClass: 65023K(65408K)->65023K(65408K) Class: 9368K(9728K)->9368K(9728K)
[2026-10-07T08:24:56.327+0000][368.116s][info][gc             ] GC(137) Pause Young (Allocation Failure) 42M->28M(50M) 7.140ms
[2026-10-07T08:24:56.328+0000][368.116s][info][gc,cpu         ] GC(137) User=0.00s Sys=0.00s Real=0.01s
[2026-10-07T08:24:59.014+0000][370.802s][info][gc,start       ] GC(138) Pause Young (Allocation Failure)
[2026-10-07T08:24:59.026+0000][370.815s][info][gc,heap        ] GC(138) DefNew: 15270K(16064K)->797K(16064K) Eden: 14336K(14336K)->0K(14336K) From: 934K(1728K)->797K(1728K)
[2026-10-07T08:24:59.026+0000][370.815s][info][gc,heap        ] GC(138) Tenured: 28358K(35352K)->28488K(35352K)
[2026-10-07T08:24:59.026+0000][370.815s][info][gc,metaspace   ] GC(138) Metaspace: 74393K(75136K)->74393K(75136K) NonClass: 65025K(65408K)->65025K(65408K) Class: 9368K(9728K)->9368K(9728K)
[2026-10-07T08:24:59.026+0000][370.815s][info][gc             ] GC(138) Pause Young (Allocation Failure) 42M->28M(50M) 12.774ms
[2026-10-07T08:24:59.026+0000][370.815s][info][gc,cpu         ] GC(138) User=0.01s Sys=0.00s Real=0.01s
[2026-10-07T08:25:01.727+0000][373.516s][info][gc,start       ] GC(139) Pause Young (Allocation Failure)
[2026-10-07T08:25:01.734+0000][373.522s][info][gc,heap        ] GC(139) DefNew: 15133K(16064K)->876K(16064K) Eden: 14336K(14336K)->0K(14336K) From: 797K(1728K)->876K(1728K)
[2026-10-07T08:25:01.734+0000][373.522s][info][gc,heap        ] GC(139) Tenured: 28488K(35352K)->28488K(35352K)
[2026-10-07T08:25:01.734+0000][373.522s][info][gc,metaspace   ] GC(139) Metaspace: 74393K(75136K)->74393K(75136K) NonClass: 65025K(65408K)->65025K(65408K) Class: 9368K(9728K)->9368K(9728K)
[2026-10-07T08:25:01.734+0000][373.522s][info][gc             ] GC(139) Pause Young (Allocation Failure) 42M->28M(50M) 6.427ms
[2026-10-07T08:25:01.734+0000][373.522s][info][gc,cpu         ] GC(139) User=0.01s Sys=0.00s Real=0.01s
[2026-10-07T08:25:04.291+0000][376.080s][info][gc,start       ] GC(140) Pause Young (Allocation Failure)
[2026-10-07T08:25:04.304+0000][376.093s][info][gc,heap        ] GC(140) DefNew: 15212K(16064K)->777K(16064K) Eden: 14336K(14336K)->0K(14336K) From: 876K(1728K)->777K(1728K)
[2026-10-07T08:25:04.305+0000][376.094s][info][gc,heap        ] GC(140) Tenured: 28488K(35352K)->28527K(35352K)
[2026-10-07T08:25:04.305+0000][376.094s][info][gc,metaspace   ] GC(140) Metaspace: 74395K(75136K)->74395K(75136K) NonClass: 65026K(65408K)->65026K(65408K) Class: 9368K(9728K)->9368K(9728K)
[2026-10-07T08:25:04.305+0000][376.094s][info][gc             ] GC(140) Pause Young (Allocation Failure) 42M->28M(50M) 14.048ms
[2026-10-07T08:25:04.305+0000][376.094s][info][gc,cpu         ] GC(140) User=0.01s Sys=0.00s Real=0.02s
[2026-10-07T08:25:07.048+0000][378.837s][info][gc,start       ] GC(141) Pause Young (Allocation Failure)
[2026-10-07T08:25:07.055+0000][378.844s][info][gc,heap        ] GC(141) DefNew: 15113K(16064K)->867K(16064K) Eden: 14336K(14336K)->0K(14336K) From: 777K(1728K)->867K(1728K)
[2026-10-07T08:25:07.055+0000][378.844s][info][gc,heap        ] GC(141) Tenured: 28527K(35352K)->28527K(35352K)
[2026-10-07T08:25:07.055+0000][378.844s][info][gc,metaspace   ] GC(141) Metaspace: 74395K(75136K)->74395K(75136K) NonClass: 65026K(65408K)->65026K(65408K) Class: 9368K(9728K)->9368K(9728K)
[2026-10-07T08:25:07.055+0000][378.844s][info][gc             ] GC(141) Pause Young (Allocation Failure) 42M->28M(50M) 6.947ms
[2026-10-07T08:25:07.055+0000][378.844s][info][gc,cpu         ] GC(141) User=0.00s Sys=0.00s Real=0.01s
[2026-10-07T08:25:09.575+0000][381.364s][info][gc,start       ] GC(142) Pause Young (Allocation Failure)
[2026-10-07T08:25:09.582+0000][381.371s][info][gc,heap        ] GC(142) DefNew: 15203K(16064K)->781K(16064K) Eden: 14336K(14336K)->0K(14336K) From: 867K(1728K)->781K(1728K)
[2026-10-07T08:25:09.582+0000][381.371s][info][gc,heap        ] GC(142) Tenured: 28527K(35352K)->28562K(35352K)
[2026-10-07T08:25:09.582+0000][381.371s][info][gc,metaspace   ] GC(142) Metaspace: 74401K(75136K)->74401K(75136K) NonClass: 65032K(65408K)->65032K(65408K) Class: 9368K(9728K)->9368K(9728K)
[2026-10-07T08:25:09.582+0000][381.371s][info][gc             ] GC(142) Pause Young (Allocation Failure) 42M->28M(50M) 6.975ms
[2026-10-07T08:25:09.582+0000][381.371s][info][gc,cpu         ] GC(142) User=0.01s Sys=0.00s Real=0.00s
[2026-10-07T08:25:12.336+0000][384.125s][info][gc,start       ] GC(143) Pause Young (Allocation Failure)
[2026-10-07T08:25:12.343+0000][384.132s][info][gc,heap        ] GC(143) DefNew: 15117K(16064K)->894K(16064K) Eden: 14336K(14336K)->0K(14336K) From: 781K(1728K)->894K(1728K)
[2026-10-07T08:25:12.343+0000][384.132s][info][gc,heap        ] GC(143) Tenured: 28562K(35352K)->28562K(35352K)
[2026-10-07T08:25:12.343+0000][384.132s][info][gc,metaspace   ] GC(143) Metaspace: 74401K(75136K)->74401K(75136K) NonClass: 65032K(65408K)->65032K(65408K) Class: 9368K(9728K)->9368K(9728K)
[2026-10-07T08:25:12.344+0000][384.132s][info][gc             ] GC(143) Pause Young (Allocation Failure) 42M->28M(50M) 7.805ms
[2026-10-07T08:25:12.344+0000][384.132s][info][gc,cpu         ] GC(143) User=0.00s Sys=0.00s Real=0.01s
[2026-10-07T08:25:15.022+0000][386.811s][info][gc,start       ] GC(144) Pause Young (Allocation Failure)
[2026-10-07T08:25:15.029+0000][386.817s][info][gc,heap        ] GC(144) DefNew: 15230K(16064K)->902K(16064K) Eden: 14336K(14336K)->0K(14336K) From: 894K(1728K)->902K(1728K)
[2026-10-07T08:25:15.029+0000][386.817s][info][gc,heap        ] GC(144) Tenured: 28562K(35352K)->28617K(35352K)
[2026-10-07T08:25:15.029+0000][386.817s][info][gc,metaspace   ] GC(144) Metaspace: 74401K(75136K)->74401K(75136K) NonClass: 65032K(65408K)->65032K(65408K) Class: 9368K(9728K)->9368K(9728K)
[2026-10-07T08:25:15.029+0000][386.817s][info][gc             ] GC(144) Pause Young (Allocation Failure) 42M->28M(50M) 6.262ms
[2026-10-07T08:25:15.029+0000][386.817s][info][gc,cpu         ] GC(144) User=0.00s Sys=0.00s Real=0.01s
[2026-10-07T08:25:17.551+0000][389.340s][info][gc,start       ] GC(145) Pause Young (Allocation Failure)
[2026-10-07T08:25:17.559+0000][389.347s][info][gc,heap        ] GC(145) DefNew: 15238K(16064K)->954K(16064K) Eden: 14336K(14336K)->0K(14336K) From: 902K(1728K)->954K(1728K)
[2026-10-07T08:25:17.559+0000][389.347s][info][gc,heap        ] GC(145) Tenured: 28617K(35352K)->28682K(35352K)
[2026-10-07T08:25:17.559+0000][389.347s][info][gc,metaspace   ] GC(145) Metaspace: 74402K(75136K)->74402K(75136K) NonClass: 65034K(65408K)->65034K(65408K) Class: 9368K(9728K)->9368K(9728K)
[2026-10-07T08:25:17.559+0000][389.347s][info][gc             ] GC(145) Pause Young (Allocation Failure) 42M->28M(50M) 7.391ms
[2026-10-07T08:25:17.559+0000][389.347s][info][gc,cpu         ] GC(145) User=0.00s Sys=0.00s Real=0.01s
[2026-10-07T08:25:20.201+0000][391.990s][info][gc,start       ] GC(146) Pause Young (Allocation Failure)
[2026-10-07T08:25:20.208+0000][391.997s][info][gc,heap        ] GC(146) DefNew: 15290K(16064K)->804K(16064K) Eden: 14336K(14336K)->0K(14336K) From: 954K(1728K)->804K(1728K)
[2026-10-07T08:25:20.208+0000][391.997s][info][gc,heap        ] GC(146) Tenured: 28682K(35352K)->28792K(35352K)
[2026-10-07T08:25:20.208+0000][391.997s][info][gc,metaspace   ] GC(146) Metaspace: 74402K(75136K)->74402K(75136K) NonClass: 65034K(65408K)->65034K(65408K) Class: 9368K(9728K)->9368K(9728K)
[2026-10-07T08:25:20.208+0000][391.997s][info][gc             ] GC(146) Pause Young (Allocation Failure) 42M->28M(50M) 6.637ms
[2026-10-07T08:25:20.208+0000][391.997s][info][gc,cpu         ] GC(146) User=0.01s Sys=0.00s Real=0.01s
[2026-10-07T08:25:22.795+0000][394.583s][info][gc,start       ] GC(147) Pause Young (Allocation Failure)
[2026-10-07T08:25:22.802+0000][394.590s][info][gc,heap        ] GC(147) DefNew: 15140K(16064K)->854K(16064K) Eden: 14336K(14336K)->0K(14336K) From: 804K(1728K)->854K(1728K)
[2026-10-07T08:25:22.802+0000][394.591s][info][gc,heap        ] GC(147) Tenured: 28792K(35352K)->28792K(35352K)
[2026-10-07T08:25:22.802+0000][394.591s][info][gc,metaspace   ] GC(147) Metaspace: 74404K(75136K)->74404K(75136K) NonClass: 65035K(65408K)->65035K(65408K) Class: 9368K(9728K)->9368K(9728K)
[2026-10-07T08:25:22.802+0000][394.591s][info][gc             ] GC(147) Pause Young (Allocation Failure) 42M->28M(50M) 7.324ms
[2026-10-07T08:25:22.802+0000][394.591s][info][gc,cpu         ] GC(147) User=0.00s Sys=0.00s Real=0.00s
[2026-10-07T08:25:25.380+0000][397.168s][info][gc,start       ] GC(148) Pause Young (Allocation Failure)
[2026-10-07T08:25:25.387+0000][397.176s][info][gc,heap        ] GC(148) DefNew: 15190K(16064K)->932K(16064K) Eden: 14336K(14336K)->0K(14336K) From: 854K(1728K)->932K(1728K)
[2026-10-07T08:25:25.387+0000][397.176s][info][gc,heap        ] GC(148) Tenured: 28792K(35352K)->28792K(35352K)
[2026-10-07T08:25:25.387+0000][397.176s][info][gc,metaspace   ] GC(148) Metaspace: 74404K(75136K)->74404K(75136K) NonClass: 65035K(65408K)->65035K(65408K) Class: 9368K(9728K)->9368K(9728K)
[2026-10-07T08:25:25.387+0000][397.176s][info][gc             ] GC(148) Pause Young (Allocation Failure) 42M->29M(50M) 7.488ms
[2026-10-07T08:25:25.387+0000][397.176s][info][gc,cpu         ] GC(148) User=0.00s Sys=0.00s Real=0.01s
[2026-10-07T08:25:28.163+0000][399.951s][info][gc,start       ] GC(149) Pause Young (Allocation Failure)
[2026-10-07T08:25:28.172+0000][399.961s][info][gc,heap        ] GC(149) DefNew: 15268K(16064K)->878K(16064K) Eden: 14336K(14336K)->0K(14336K) From: 932K(1728K)->878K(1728K)
[2026-10-07T08:25:28.172+0000][399.961s][info][gc,heap        ] GC(149) Tenured: 28792K(35352K)->28874K(35352K)
[2026-10-07T08:25:28.172+0000][399.961s][info][gc,metaspace   ] GC(149) Metaspace: 74415K(75136K)->74415K(75136K) NonClass: 65047K(65408K)->65047K(65408K) Class: 9368K(9728K)->9368K(9728K)
[2026-10-07T08:25:28.172+0000][399.961s][info][gc             ] GC(149) Pause Young (Allocation Failure) 43M->29M(50M) 9.745ms
[2026-10-07T08:25:28.172+0000][399.961s][info][gc,cpu         ] GC(149) User=0.01s Sys=0.00s Real=0.01s
[2026-10-07T08:25:30.748+0000][402.536s][info][gc,start       ] GC(150) Pause Young (Allocation Failure)
[2026-10-07T08:25:30.755+0000][402.544s][info][gc,heap        ] GC(150) DefNew: 15214K(16064K)->828K(16064K) Eden: 14336K(14336K)->0K(14336K) From: 878K(1728K)->828K(1728K)
[2026-10-07T08:25:30.756+0000][402.544s][info][gc,heap        ] GC(150) Tenured: 28874K(35352K)->28911K(35352K)
[2026-10-07T08:25:30.756+0000][402.544s][info][gc,metaspace   ] GC(150) Metaspace: 74415K(75136K)->74415K(75136K) NonClass: 65047K(65408K)->65047K(65408K) Class: 9368K(9728K)->9368K(9728K)
[2026-10-07T08:25:30.756+0000][402.544s][info][gc             ] GC(150) Pause Young (Allocation Failure) 43M->29M(50M) 7.982ms
[2026-10-07T08:25:30.756+0000][402.544s][info][gc,cpu         ] GC(150) User=0.01s Sys=0.00s Real=0.01s
[2026-10-07T08:25:33.339+0000][405.128s][info][gc,start       ] GC(151) Pause Young (Allocation Failure)
[2026-10-07T08:25:33.346+0000][405.135s][info][gc,heap        ] GC(151) DefNew: 15164K(16064K)->938K(16064K) Eden: 14336K(14336K)->0K(14336K) From: 828K(1728K)->938K(1728K)
[2026-10-07T08:25:33.346+0000][405.135s][info][gc,heap        ] GC(151) Tenured: 28911K(35352K)->28911K(35352K)
[2026-10-07T08:25:33.346+0000][405.135s][info][gc,metaspace   ] GC(151) Metaspace: 74416K(75136K)->74416K(75136K) NonClass: 65048K(65408K)->65048K(65408K) Class: 9368K(9728K)->9368K(9728K)
[2026-10-07T08:25:33.347+0000][405.136s][info][gc             ] GC(151) Pause Young (Allocation Failure) 43M->29M(50M) 7.964ms
[2026-10-07T08:25:33.347+0000][405.136s][info][gc,cpu         ] GC(151) User=0.00s Sys=0.01s Real=0.01s
[2026-10-07T08:25:35.942+0000][407.731s][info][gc,start       ] GC(152) Pause Young (Allocation Failure)
[2026-10-07T08:25:35.949+0000][407.738s][info][gc,heap        ] GC(152) DefNew: 15274K(16064K)->769K(16064K) Eden: 14336K(14336K)->0K(14336K) From: 938K(1728K)->769K(1728K)
[2026-10-07T08:25:35.949+0000][407.738s][info][gc,heap        ] GC(152) Tenured: 28911K(35352K)->29015K(35352K)
[2026-10-07T08:25:35.949+0000][407.738s][info][gc,metaspace   ] GC(152) Metaspace: 74417K(75136K)->74417K(75136K) NonClass: 65048K(65408K)->65048K(65408K) Class: 9368K(9728K)->9368K(9728K)
[2026-10-07T08:25:35.949+0000][407.738s][info][gc             ] GC(152) Pause Young (Allocation Failure) 43M->29M(50M) 6.991ms
[2026-10-07T08:25:35.950+0000][407.738s][info][gc,cpu         ] GC(152) User=0.00s Sys=0.00s Real=0.01s
[2026-10-07T08:25:38.364+0000][410.152s][info][gc,start       ] GC(153) Pause Young (Allocation Failure)
[2026-10-07T08:25:38.373+0000][410.162s][info][gc,heap        ] GC(153) DefNew: 15105K(16064K)->1024K(16064K) Eden: 14336K(14336K)->0K(14336K) From: 769K(1728K)->1024K(1728K)
[2026-10-07T08:25:38.373+0000][410.162s][info][gc,heap        ] GC(153) Tenured: 29015K(35352K)->29015K(35352K)
[2026-10-07T08:25:38.373+0000][410.162s][info][gc,metaspace   ] GC(153) Metaspace: 74432K(75200K)->74432K(75200K) NonClass: 65062K(65472K)->65062K(65472K) Class: 9369K(9728K)->9369K(9728K)
[2026-10-07T08:25:38.373+0000][410.162s][info][gc             ] GC(153) Pause Young (Allocation Failure) 43M->29M(50M) 9.459ms
[2026-10-07T08:25:38.373+0000][410.162s][info][gc,cpu         ] GC(153) User=0.00s Sys=0.00s Real=0.00s
[2026-10-07T08:25:40.848+0000][412.637s][info][gc,start       ] GC(154) Pause Young (Allocation Failure)
[2026-10-07T08:25:40.855+0000][412.644s][info][gc,heap        ] GC(154) DefNew: 15360K(16064K)->735K(16064K) Eden: 14336K(14336K)->0K(14336K) From: 1024K(1728K)->735K(1728K)
[2026-10-07T08:25:40.855+0000][412.644s][info][gc,heap        ] GC(154) Tenured: 29015K(35352K)->29201K(35352K)
[2026-10-07T08:25:40.855+0000][412.644s][info][gc,metaspace   ] GC(154) Metaspace: 74432K(75200K)->74432K(75200K) NonClass: 65062K(65472K)->65062K(65472K) Class: 9369K(9728K)->9369K(9728K)
[2026-10-07T08:25:40.856+0000][412.645s][info][gc             ] GC(154) Pause Young (Allocation Failure) 43M->29M(50M) 7.711ms
[2026-10-07T08:25:40.856+0000][412.645s][info][gc,cpu         ] GC(154) User=0.01s Sys=0.00s Real=0.01s
[2026-10-07T08:25:43.308+0000][415.096s][info][gc,start       ] GC(155) Pause Young (Allocation Failure)
[2026-10-07T08:25:43.314+0000][415.103s][info][gc,heap        ] GC(155) DefNew: 15071K(16064K)->807K(16064K) Eden: 14336K(14336K)->0K(14336K) From: 735K(1728K)->807K(1728K)
[2026-10-07T08:25:43.314+0000][415.103s][info][gc,heap        ] GC(155) Tenured: 29201K(35352K)->29201K(35352K)
[2026-10-07T08:25:43.314+0000][415.103s][info][gc,metaspace   ] GC(155) Metaspace: 74432K(75200K)->74432K(75200K) NonClass: 65062K(65472K)->65062K(65472K) Class: 9369K(9728K)->9369K(9728K)
[2026-10-07T08:25:43.315+0000][415.103s][info][gc             ] GC(155) Pause Young (Allocation Failure) 43M->29M(50M) 7.044ms
[2026-10-07T08:25:43.315+0000][415.104s][info][gc,cpu         ] GC(155) User=0.01s Sys=0.00s Real=0.01s
[2026-10-07T08:25:46.059+0000][417.847s][info][gc,start       ] GC(156) Pause Young (Allocation Failure)
[2026-10-07T08:25:46.066+0000][417.855s][info][gc,heap        ] GC(156) DefNew: 15143K(16064K)->795K(16064K) Eden: 14336K(14336K)->0K(14336K) From: 807K(1728K)->795K(1728K)
[2026-10-07T08:25:46.066+0000][417.855s][info][gc,heap        ] GC(156) Tenured: 29201K(35352K)->29201K(35352K)
[2026-10-07T08:25:46.066+0000][417.855s][info][gc,metaspace   ] GC(156) Metaspace: 74436K(75200K)->74436K(75200K) NonClass: 65067K(65472K)->65067K(65472K) Class: 9369K(9728K)->9369K(9728K)
[2026-10-07T08:25:46.067+0000][417.855s][info][gc             ] GC(156) Pause Young (Allocation Failure) 43M->29M(50M) 8.115ms
[2026-10-07T08:25:46.067+0000][417.855s][info][gc,cpu         ] GC(156) User=0.00s Sys=0.00s Real=0.01s
[2026-10-07T08:25:48.614+0000][420.403s][info][gc,start       ] GC(157) Pause Young (Allocation Failure)
[2026-10-07T08:25:48.620+0000][420.409s][info][gc,heap        ] GC(157) DefNew: 15131K(16064K)->793K(16064K) Eden: 14336K(14336K)->0K(14336K) From: 795K(1728K)->793K(1728K)
[2026-10-07T08:25:48.620+0000][420.409s][info][gc,heap        ] GC(157) Tenured: 29201K(35352K)->29201K(35352K)
[2026-10-07T08:25:48.620+0000][420.409s][info][gc,metaspace   ] GC(157) Metaspace: 74439K(75264K)->74439K(75264K) NonClass: 65069K(65536K)->65069K(65536K) Class: 9369K(9728K)->9369K(9728K)
[2026-10-07T08:25:48.620+0000][420.409s][info][gc             ] GC(157) Pause Young (Allocation Failure) 43M->29M(50M) 6.048ms
[2026-10-07T08:25:48.620+0000][420.409s][info][gc,cpu         ] GC(157) User=0.01s Sys=0.00s Real=0.00s
[2026-10-07T08:25:51.447+0000][423.236s][info][gc,start       ] GC(158) Pause Young (Allocation Failure)
[2026-10-07T08:25:51.454+0000][423.243s][info][gc,heap        ] GC(158) DefNew: 15129K(16064K)->857K(16064K) Eden: 14336K(14336K)->0K(14336K) From: 793K(1728K)->857K(1728K)
[2026-10-07T08:25:51.454+0000][423.243s][info][gc,heap        ] GC(158) Tenured: 29201K(35352K)->29201K(35352K)
[2026-10-07T08:25:51.454+0000][423.243s][info][gc,metaspace   ] GC(158) Metaspace: 74451K(75264K)->74451K(75264K) NonClass: 65082K(65536K)->65082K(65536K) Class: 9369K(9728K)->9369K(9728K)
[2026-10-07T08:25:51.455+0000][423.243s][info][gc             ] GC(158) Pause Young (Allocation Failure) 43M->29M(50M) 7.757ms
[2026-10-07T08:25:51.455+0000][423.244s][info][gc,cpu         ] GC(158) User=0.00s Sys=0.00s Real=0.01s
[2026-10-07T08:25:53.865+0000][425.654s][info][gc,start       ] GC(159) Pause Young (Allocation Failure)
[2026-10-07T08:25:53.872+0000][425.660s][info][gc,heap        ] GC(159) DefNew: 15193K(16064K)->836K(16064K) Eden: 14336K(14336K)->0K(14336K) From: 857K(1728K)->836K(1728K)
[2026-10-07T08:25:53.872+0000][425.660s][info][gc,heap        ] GC(159) Tenured: 29201K(35352K)->29201K(35352K)
[2026-10-07T08:25:53.872+0000][425.660s][info][gc,metaspace   ] GC(159) Metaspace: 74453K(75264K)->74453K(75264K) NonClass: 65084K(65536K)->65084K(65536K) Class: 9369K(9728K)->9369K(9728K)
[2026-10-07T08:25:53.872+0000][425.660s][info][gc             ] GC(159) Pause Young (Allocation Failure) 43M->29M(50M) 6.363ms
[2026-10-07T08:25:53.872+0000][425.660s][info][gc,cpu         ] GC(159) User=0.00s Sys=0.00s Real=0.00s
[2026-10-07T08:25:56.551+0000][428.339s][info][gc,start       ] GC(160) Pause Young (Allocation Failure)
[2026-10-07T08:25:56.556+0000][428.345s][info][gc,heap        ] GC(160) DefNew: 15172K(16064K)->919K(16064K) Eden: 14336K(14336K)->0K(14336K) From: 836K(1728K)->919K(1728K)
[2026-10-07T08:25:56.556+0000][428.345s][info][gc,heap        ] GC(160) Tenured: 29201K(35352K)->29201K(35352K)
[2026-10-07T08:25:56.556+0000][428.345s][info][gc,metaspace   ] GC(160) Metaspace: 74458K(75264K)->74458K(75264K) NonClass: 65088K(65536K)->65088K(65536K) Class: 9369K(9728K)->9369K(9728K)
[2026-10-07T08:25:56.557+0000][428.345s][info][gc             ] GC(160) Pause Young (Allocation Failure) 43M->29M(50M) 5.864ms
[2026-10-07T08:25:56.557+0000][428.345s][info][gc,cpu         ] GC(160) User=0.00s Sys=0.00s Real=0.01s
[2026-10-07T08:25:59.404+0000][431.192s][info][gc,start       ] GC(161) Pause Young (Allocation Failure)
[2026-10-07T08:25:59.418+0000][431.207s][info][gc,heap        ] GC(161) DefNew: 15255K(16064K)->814K(16064K) Eden: 14336K(14336K)->0K(14336K) From: 919K(1728K)->814K(1728K)
[2026-10-07T08:25:59.418+0000][431.207s][info][gc,heap        ] GC(161) Tenured: 29201K(35352K)->29266K(35352K)
[2026-10-07T08:25:59.418+0000][431.207s][info][gc,metaspace   ] GC(161) Metaspace: 74459K(75264K)->74459K(75264K) NonClass: 65090K(65536K)->65090K(65536K) Class: 9369K(9728K)->9369K(9728K)
[2026-10-07T08:25:59.418+0000][431.207s][info][gc             ] GC(161) Pause Young (Allocation Failure) 43M->29M(50M) 16.030ms
[2026-10-07T08:25:59.418+0000][431.207s][info][gc,cpu         ] GC(161) User=0.00s Sys=0.00s Real=0.02s
[2026-10-07T08:26:02.085+0000][433.873s][info][gc,start       ] GC(162) Pause Young (Allocation Failure)
[2026-10-07T08:26:02.094+0000][433.883s][info][gc,heap        ] GC(162) DefNew: 15150K(16064K)->949K(16064K) Eden: 14336K(14336K)->0K(14336K) From: 814K(1728K)->949K(1728K)
[2026-10-07T08:26:02.095+0000][433.883s][info][gc,heap        ] GC(162) Tenured: 29266K(35352K)->29266K(35352K)
[2026-10-07T08:26:02.095+0000][433.883s][info][gc,metaspace   ] GC(162) Metaspace: 74461K(75264K)->74461K(75264K) NonClass: 65092K(65536K)->65092K(65536K) Class: 9369K(9728K)->9369K(9728K)
[2026-10-07T08:26:02.095+0000][433.884s][info][gc             ] GC(162) Pause Young (Allocation Failure) 43M->29M(50M) 10.453ms
[2026-10-07T08:26:02.095+0000][433.884s][info][gc,cpu         ] GC(162) User=0.00s Sys=0.00s Real=0.01s
[2026-10-07T08:26:04.853+0000][436.642s][info][gc,start       ] GC(163) Pause Young (Allocation Failure)
[2026-10-07T08:26:04.866+0000][436.655s][info][gc,heap        ] GC(163) DefNew: 15285K(16064K)->811K(16064K) Eden: 14336K(14336K)->0K(14336K) From: 949K(1728K)->811K(1728K)
[2026-10-07T08:26:04.866+0000][436.655s][info][gc,heap        ] GC(163) Tenured: 29266K(35352K)->29371K(35352K)
[2026-10-07T08:26:04.866+0000][436.655s][info][gc,metaspace   ] GC(163) Metaspace: 74478K(75264K)->74478K(75264K) NonClass: 65109K(65536K)->65109K(65536K) Class: 9369K(9728K)->9369K(9728K)
[2026-10-07T08:26:04.867+0000][436.655s][info][gc             ] GC(163) Pause Young (Allocation Failure) 43M->29M(50M) 13.478ms
[2026-10-07T08:26:04.867+0000][436.655s][info][gc,cpu         ] GC(163) User=0.00s Sys=0.00s Real=0.02s
[2026-10-07T08:26:07.529+0000][439.317s][info][gc,start       ] GC(164) Pause Young (Allocation Failure)
[2026-10-07T08:26:07.535+0000][439.323s][info][gc,heap        ] GC(164) DefNew: 15147K(16064K)->932K(16064K) Eden: 14336K(14336K)->0K(14336K) From: 811K(1728K)->932K(1728K)
[2026-10-07T08:26:07.535+0000][439.323s][info][gc,heap        ] GC(164) Tenured: 29371K(35352K)->29371K(35352K)
[2026-10-07T08:26:07.535+0000][439.323s][info][gc,metaspace   ] GC(164) Metaspace: 74489K(75264K)->74489K(75264K) NonClass: 65120K(65536K)->65120K(65536K) Class: 9369K(9728K)->9369K(9728K)
[2026-10-07T08:26:07.535+0000][439.323s][info][gc             ] GC(164) Pause Young (Allocation Failure) 43M->29M(50M) 6.164ms
[2026-10-07T08:26:07.535+0000][439.323s][info][gc,cpu         ] GC(164) User=0.00s Sys=0.00s Real=0.01s
[2026-10-07T08:26:10.153+0000][441.942s][info][gc,start       ] GC(165) Pause Young (Allocation Failure)
[2026-10-07T08:26:10.161+0000][441.950s][info][gc,heap        ] GC(165) DefNew: 15268K(16064K)->804K(16064K) Eden: 14336K(14336K)->0K(14336K) From: 932K(1728K)->804K(1728K)
[2026-10-07T08:26:10.161+0000][441.950s][info][gc,heap        ] GC(165) Tenured: 29371K(35352K)->29538K(35352K)
[2026-10-07T08:26:10.161+0000][441.950s][info][gc,metaspace   ] GC(165) Metaspace: 74489K(75264K)->74489K(75264K) NonClass: 65120K(65536K)->65120K(65536K) Class: 9369K(9728K)->9369K(9728K)
[2026-10-07T08:26:10.161+0000][441.950s][info][gc             ] GC(165) Pause Young (Allocation Failure) 43M->29M(50M) 7.639ms
[2026-10-07T08:26:10.161+0000][441.950s][info][gc,cpu         ] GC(165) User=0.00s Sys=0.00s Real=0.01s
[2026-10-07T08:26:12.689+0000][444.478s][info][gc,start       ] GC(166) Pause Young (Allocation Failure)
[2026-10-07T08:26:12.697+0000][444.486s][info][gc,heap        ] GC(166) DefNew: 15140K(16064K)->920K(16064K) Eden: 14336K(14336K)->0K(14336K) From: 804K(1728K)->920K(1728K)
[2026-10-07T08:26:12.697+0000][444.486s][info][gc,heap        ] GC(166) Tenured: 29538K(35352K)->29538K(35352K)
[2026-10-07T08:26:12.697+0000][444.486s][info][gc,metaspace   ] GC(166) Metaspace: 74490K(75264K)->74490K(75264K) NonClass: 65121K(65536K)->65121K(65536K) Class: 9369K(9728K)->9369K(9728K)
[2026-10-07T08:26:12.697+0000][444.486s][info][gc             ] GC(166) Pause Young (Allocation Failure) 43M->29M(50M) 8.136ms
[2026-10-07T08:26:12.697+0000][444.486s][info][gc,cpu         ] GC(166) User=0.01s Sys=0.00s Real=0.01s
[2026-10-07T08:26:15.280+0000][447.069s][info][gc,start       ] GC(167) Pause Young (Allocation Failure)
[2026-10-07T08:26:15.287+0000][447.075s][info][gc,heap        ] GC(167) DefNew: 15256K(16064K)->829K(16064K) Eden: 14336K(14336K)->0K(14336K) From: 920K(1728K)->829K(1728K)
[2026-10-07T08:26:15.287+0000][447.075s][info][gc,heap        ] GC(167) Tenured: 29538K(35352K)->29605K(35352K)
[2026-10-07T08:26:15.287+0000][447.075s][info][gc,metaspace   ] GC(167) Metaspace: 74491K(75264K)->74491K(75264K) NonClass: 65122K(65536K)->65122K(65536K) Class: 9369K(9728K)->9369K(9728K)
[2026-10-07T08:26:15.287+0000][447.075s][info][gc             ] GC(167) Pause Young (Allocation Failure) 43M->29M(50M) 6.643ms
[2026-10-07T08:26:15.287+0000][447.075s][info][gc,cpu         ] GC(167) User=0.01s Sys=0.00s Real=0.01s
[2026-10-07T08:26:18.073+0000][449.862s][info][gc,start       ] GC(168) Pause Young (Allocation Failure)
[2026-10-07T08:26:18.082+0000][449.871s][info][gc,heap        ] GC(168) DefNew: 15165K(16064K)->880K(16064K) Eden: 14336K(14336K)->0K(14336K) From: 829K(1728K)->880K(1728K)
[2026-10-07T08:26:18.082+0000][449.871s][info][gc,heap        ] GC(168) Tenured: 29605K(35352K)->29605K(35352K)
[2026-10-07T08:26:18.082+0000][449.871s][info][gc,metaspace   ] GC(168) Metaspace: 74492K(75264K)->74492K(75264K) NonClass: 65122K(65536K)->65122K(65536K) Class: 9369K(9728K)->9369K(9728K)
[2026-10-07T08:26:18.082+0000][449.871s][info][gc             ] GC(168) Pause Young (Allocation Failure) 43M->29M(50M) 9.028ms
[2026-10-07T08:26:18.083+0000][449.871s][info][gc,cpu         ] GC(168) User=0.01s Sys=0.00s Real=0.01s
[2026-10-07T08:26:20.716+0000][452.505s][info][gc,start       ] GC(169) Pause Young (Allocation Failure)
[2026-10-07T08:26:20.723+0000][452.511s][info][gc,heap        ] GC(169) DefNew: 15216K(16064K)->801K(16064K) Eden: 14336K(14336K)->0K(14336K) From: 880K(1728K)->801K(1728K)
[2026-10-07T08:26:20.723+0000][452.511s][info][gc,heap        ] GC(169) Tenured: 29605K(35352K)->29661K(35352K)
[2026-10-07T08:26:20.723+0000][452.511s][info][gc,metaspace   ] GC(169) Metaspace: 74501K(75264K)->74501K(75264K) NonClass: 65132K(65536K)->65132K(65536K) Class: 9369K(9728K)->9369K(9728K)
[2026-10-07T08:26:20.723+0000][452.511s][info][gc             ] GC(169) Pause Young (Allocation Failure) 43M->29M(50M) 6.861ms
[2026-10-07T08:26:20.723+0000][452.512s][info][gc,cpu         ] GC(169) User=0.01s Sys=0.00s Real=0.00s
[2026-10-07T08:26:23.379+0000][455.168s][info][gc,start       ] GC(170) Pause Young (Allocation Failure)
[2026-10-07T08:26:23.390+0000][455.179s][info][gc,heap        ] GC(170) DefNew: 15137K(16064K)->866K(16064K) Eden: 14336K(14336K)->0K(14336K) From: 801K(1728K)->866K(1728K)
[2026-10-07T08:26:23.390+0000][455.179s][info][gc,heap        ] GC(170) Tenured: 29661K(35352K)->29661K(35352K)
[2026-10-07T08:26:23.390+0000][455.179s][info][gc,metaspace   ] GC(170) Metaspace: 74503K(75264K)->74503K(75264K) NonClass: 65133K(65536K)->65133K(65536K) Class: 9369K(9728K)->9369K(9728K)
[2026-10-07T08:26:23.390+0000][455.179s][info][gc             ] GC(170) Pause Young (Allocation Failure) 43M->29M(50M) 10.672ms
[2026-10-07T08:26:23.390+0000][455.179s][info][gc,cpu         ] GC(170) User=0.01s Sys=0.00s Real=0.01s
[2026-10-07T08:26:25.884+0000][457.673s][info][gc,start       ] GC(171) Pause Young (Allocation Failure)
[2026-10-07T08:26:25.891+0000][457.679s][info][gc,heap        ] GC(171) DefNew: 15202K(16064K)->875K(16064K) Eden: 14336K(14336K)->0K(14336K) From: 866K(1728K)->875K(1728K)
[2026-10-07T08:26:25.891+0000][457.679s][info][gc,heap        ] GC(171) Tenured: 29661K(35352K)->29696K(35352K)
[2026-10-07T08:26:25.891+0000][457.679s][info][gc,metaspace   ] GC(171) Metaspace: 74508K(75264K)->74508K(75264K) NonClass: 65139K(65536K)->65139K(65536K) Class: 9369K(9728K)->9369K(9728K)
[2026-10-07T08:26:25.891+0000][457.679s][info][gc             ] GC(171) Pause Young (Allocation Failure) 43M->29M(50M) 6.814ms
[2026-10-07T08:26:25.891+0000][457.680s][info][gc,cpu         ] GC(171) User=0.01s Sys=0.00s Real=0.00s
[2026-10-07T08:26:28.304+0000][460.093s][info][gc,start       ] GC(172) Pause Young (Allocation Failure)
[2026-10-07T08:26:28.311+0000][460.100s][info][gc,heap        ] GC(172) DefNew: 15211K(16064K)->922K(16064K) Eden: 14336K(14336K)->0K(14336K) From: 875K(1728K)->922K(1728K)
[2026-10-07T08:26:28.311+0000][460.100s][info][gc,heap        ] GC(172) Tenured: 29696K(35352K)->29733K(35352K)
[2026-10-07T08:26:28.311+0000][460.100s][info][gc,metaspace   ] GC(172) Metaspace: 74508K(75264K)->74508K(75264K) NonClass: 65139K(65536K)->65139K(65536K) Class: 9369K(9728K)->9369K(9728K)
[2026-10-07T08:26:28.311+0000][460.100s][info][gc             ] GC(172) Pause Young (Allocation Failure) 43M->29M(50M) 7.086ms
[2026-10-07T08:26:28.311+0000][460.100s][info][gc,cpu         ] GC(172) User=0.01s Sys=0.00s Real=0.00s
[2026-10-07T08:26:30.850+0000][462.639s][info][gc,start       ] GC(173) Pause Young (Allocation Failure)
[2026-10-07T08:26:30.857+0000][462.645s][info][gc,heap        ] GC(173) DefNew: 15258K(16064K)->861K(16064K) Eden: 14336K(14336K)->0K(14336K) From: 922K(1728K)->861K(1728K)
[2026-10-07T08:26:30.857+0000][462.645s][info][gc,heap        ] GC(173) Tenured: 29733K(35352K)->29806K(35352K)
[2026-10-07T08:26:30.857+0000][462.645s][info][gc,metaspace   ] GC(173) Metaspace: 74511K(75264K)->74511K(75264K) NonClass: 65142K(65536K)->65142K(65536K) Class: 9369K(9728K)->9369K(9728K)
[2026-10-07T08:26:30.857+0000][462.645s][info][gc             ] GC(173) Pause Young (Allocation Failure) 43M->29M(50M) 6.698ms
[2026-10-07T08:26:30.857+0000][462.645s][info][gc,cpu         ] GC(173) User=0.00s Sys=0.00s Real=0.01s
[2026-10-07T08:26:33.547+0000][465.335s][info][gc,start       ] GC(174) Pause Young (Allocation Failure)
[2026-10-07T08:26:33.553+0000][465.342s][info][gc,heap        ] GC(174) DefNew: 15197K(16064K)->950K(16064K) Eden: 14336K(14336K)->0K(14336K) From: 861K(1728K)->950K(1728K)
[2026-10-07T08:26:33.553+0000][465.342s][info][gc,heap        ] GC(174) Tenured: 29806K(35352K)->29806K(35352K)
[2026-10-07T08:26:33.553+0000][465.342s][info][gc,metaspace   ] GC(174) Metaspace: 74511K(75264K)->74511K(75264K) NonClass: 65142K(65536K)->65142K(65536K) Class: 9369K(9728K)->9369K(9728K)
[2026-10-07T08:26:33.553+0000][465.342s][info][gc             ] GC(174) Pause Young (Allocation Failure) 43M->30M(50M) 6.289ms
[2026-10-07T08:26:33.553+0000][465.342s][info][gc,cpu         ] GC(174) User=0.01s Sys=0.00s Real=0.00s
[2026-10-07T08:26:36.506+0000][468.295s][info][gc,start       ] GC(175) Pause Young (Allocation Failure)
[2026-10-07T08:26:36.513+0000][468.301s][info][gc,heap        ] GC(175) DefNew: 15286K(16064K)->800K(16064K) Eden: 14336K(14336K)->0K(14336K) From: 950K(1728K)->800K(1728K)
[2026-10-07T08:26:36.513+0000][468.301s][info][gc,heap        ] GC(175) Tenured: 29806K(35352K)->29925K(35352K)
[2026-10-07T08:26:36.513+0000][468.301s][info][gc,metaspace   ] GC(175) Metaspace: 74511K(75264K)->74511K(75264K) NonClass: 65142K(65536K)->65142K(65536K) Class: 9369K(9728K)->9369K(9728K)
[2026-10-07T08:26:36.513+0000][468.301s][info][gc             ] GC(175) Pause Young (Allocation Failure) 44M->30M(50M) 6.828ms
[2026-10-07T08:26:36.513+0000][468.301s][info][gc,cpu         ] GC(175) User=0.00s Sys=0.00s Real=0.00s
[2026-10-07T08:26:39.221+0000][471.010s][info][gc,start       ] GC(176) Pause Young (Allocation Failure)
[2026-10-07T08:26:39.228+0000][471.017s][info][gc,heap        ] GC(176) DefNew: 15136K(16064K)->864K(16064K) Eden: 14336K(14336K)->0K(14336K) From: 800K(1728K)->864K(1728K)
[2026-10-07T08:26:39.228+0000][471.017s][info][gc,heap        ] GC(176) Tenured: 29925K(35352K)->29925K(35352K)
[2026-10-07T08:26:39.228+0000][471.017s][info][gc,metaspace   ] GC(176) Metaspace: 74513K(75264K)->74513K(75264K) NonClass: 65144K(65536K)->65144K(65536K) Class: 9369K(9728K)->9369K(9728K)
[2026-10-07T08:26:39.228+0000][471.017s][info][gc             ] GC(176) Pause Young (Allocation Failure) 44M->30M(50M) 7.213ms
[2026-10-07T08:26:39.228+0000][471.017s][info][gc,cpu         ] GC(176) User=0.01s Sys=0.00s Real=0.01s
[2026-10-07T08:26:41.929+0000][473.718s][info][gc,start       ] GC(177) Pause Young (Allocation Failure)
[2026-10-07T08:26:41.935+0000][473.724s][info][gc,heap        ] GC(177) DefNew: 15200K(16064K)->931K(16064K) Eden: 14336K(14336K)->0K(14336K) From: 864K(1728K)->931K(1728K)
[2026-10-07T08:26:41.935+0000][473.724s][info][gc,heap        ] GC(177) Tenured: 29925K(35352K)->29963K(35352K)
[2026-10-07T08:26:41.935+0000][473.724s][info][gc,metaspace   ] GC(177) Metaspace: 74513K(75264K)->74513K(75264K) NonClass: 65144K(65536K)->65144K(65536K) Class: 9369K(9728K)->9369K(9728K)
[2026-10-07T08:26:41.936+0000][473.724s][info][gc             ] GC(177) Pause Young (Allocation Failure) 44M->30M(50M) 6.487ms
[2026-10-07T08:26:41.936+0000][473.725s][info][gc,cpu         ] GC(177) User=0.00s Sys=0.00s Real=0.01s
[2026-10-07T08:26:44.549+0000][476.338s][info][gc,start       ] GC(178) Pause Young (Allocation Failure)
[2026-10-07T08:26:44.559+0000][476.348s][info][gc,heap        ] GC(178) DefNew: 15267K(16064K)->845K(16064K) Eden: 14336K(14336K)->0K(14336K) From: 931K(1728K)->845K(1728K)
[2026-10-07T08:26:44.559+0000][476.348s][info][gc,heap        ] GC(178) Tenured: 29963K(35352K)->30035K(35352K)
[2026-10-07T08:26:44.559+0000][476.348s][info][gc,metaspace   ] GC(178) Metaspace: 74516K(75264K)->74516K(75264K) NonClass: 65147K(65536K)->65147K(65536K) Class: 9369K(9728K)->9369K(9728K)
[2026-10-07T08:26:44.559+0000][476.348s][info][gc             ] GC(178) Pause Young (Allocation Failure) 44M->30M(50M) 9.955ms
[2026-10-07T08:26:44.559+0000][476.348s][info][gc,cpu         ] GC(178) User=0.00s Sys=0.00s Real=0.01s
[2026-10-07T08:26:47.129+0000][478.918s][info][gc,start       ] GC(179) Pause Young (Allocation Failure)
[2026-10-07T08:26:47.136+0000][478.925s][info][gc,heap        ] GC(179) DefNew: 15181K(16064K)->969K(16064K) Eden: 14336K(14336K)->0K(14336K) From: 845K(1728K)->969K(1728K)
[2026-10-07T08:26:47.136+0000][478.925s][info][gc,heap        ] GC(179) Tenured: 30035K(35352K)->30035K(35352K)
[2026-10-07T08:26:47.136+0000][478.925s][info][gc,metaspace   ] GC(179) Metaspace: 74524K(75328K)->74524K(75328K) NonClass: 65155K(65600K)->65155K(65600K) Class: 9369K(9728K)->9369K(9728K)
[2026-10-07T08:26:47.136+0000][478.925s][info][gc             ] GC(179) Pause Young (Allocation Failure) 44M->30M(50M) 6.994ms
[2026-10-07T08:26:47.136+0000][478.925s][info][gc,cpu         ] GC(179) User=0.01s Sys=0.00s Real=0.01s
[2026-10-07T08:26:49.788+0000][481.577s][info][gc,start       ] GC(180) Pause Young (Allocation Failure)
[2026-10-07T08:26:49.794+0000][481.583s][info][gc,heap        ] GC(180) DefNew: 15305K(16064K)->820K(16064K) Eden: 14336K(14336K)->0K(14336K) From: 969K(1728K)->820K(1728K)
[2026-10-07T08:26:49.794+0000][481.583s][info][gc,heap        ] GC(180) Tenured: 30035K(35352K)->30157K(35352K)
[2026-10-07T08:26:49.794+0000][481.583s][info][gc,metaspace   ] GC(180) Metaspace: 74526K(75328K)->74526K(75328K) NonClass: 65156K(65600K)->65156K(65600K) Class: 9369K(9728K)->9369K(9728K)
[2026-10-07T08:26:49.794+0000][481.583s][info][gc             ] GC(180) Pause Young (Allocation Failure) 44M->30M(50M) 6.515ms
[2026-10-07T08:26:49.794+0000][481.583s][info][gc,cpu         ] GC(180) User=0.00s Sys=0.01s Real=0.01s
[2026-10-07T08:26:52.489+0000][484.278s][info][gc,start       ] GC(181) Pause Young (Allocation Failure)
[2026-10-07T08:26:52.496+0000][484.284s][info][gc,heap        ] GC(181) DefNew: 15156K(16064K)->888K(16064K) Eden: 14336K(14336K)->0K(14336K) From: 820K(1728K)->888K(1728K)
[2026-10-07T08:26:52.496+0000][484.285s][info][gc,heap        ] GC(181) Tenured: 30157K(35352K)->30157K(35352K)
[2026-10-07T08:26:52.496+0000][484.285s][info][gc,metaspace   ] GC(181) Metaspace: 74530K(75328K)->74530K(75328K) NonClass: 65160K(65600K)->65160K(65600K) Class: 9369K(9728K)->9369K(9728K)
[2026-10-07T08:26:52.496+0000][484.285s][info][gc             ] GC(181) Pause Young (Allocation Failure) 44M->30M(50M) 6.502ms
[2026-10-07T08:26:52.496+0000][484.285s][info][gc,cpu         ] GC(181) User=0.00s Sys=0.00s Real=0.01s
[2026-10-07T08:26:54.942+0000][486.731s][info][gc,start       ] GC(182) Pause Young (Allocation Failure)
[2026-10-07T08:26:54.949+0000][486.738s][info][gc,heap        ] GC(182) DefNew: 15224K(16064K)->873K(16064K) Eden: 14336K(14336K)->0K(14336K) From: 888K(1728K)->873K(1728K)
[2026-10-07T08:26:54.949+0000][486.738s][info][gc,heap        ] GC(182) Tenured: 30157K(35352K)->30196K(35352K)
[2026-10-07T08:26:54.949+0000][486.738s][info][gc,metaspace   ] GC(182) Metaspace: 74543K(75328K)->74543K(75328K) NonClass: 65174K(65600K)->65174K(65600K) Class: 9369K(9728K)->9369K(9728K)
[2026-10-07T08:26:54.949+0000][486.738s][info][gc             ] GC(182) Pause Young (Allocation Failure) 44M->30M(50M) 6.743ms
[2026-10-07T08:26:54.949+0000][486.738s][info][gc,cpu         ] GC(182) User=0.00s Sys=0.01s Real=0.01s
[2026-10-07T08:26:57.660+0000][489.449s][info][gc,start       ] GC(183) Pause Young (Allocation Failure)
[2026-10-07T08:26:57.669+0000][489.457s][info][gc,heap        ] GC(183) DefNew: 15209K(16064K)->910K(16064K) Eden: 14336K(14336K)->0K(14336K) From: 873K(1728K)->910K(1728K)
[2026-10-07T08:26:57.669+0000][489.457s][info][gc,heap        ] GC(183) Tenured: 30196K(35352K)->30244K(35352K)
[2026-10-07T08:26:57.669+0000][489.457s][info][gc,metaspace   ] GC(183) Metaspace: 74543K(75328K)->74543K(75328K) NonClass: 65174K(65600K)->65174K(65600K) Class: 9369K(9728K)->9369K(9728K)
[2026-10-07T08:26:57.669+0000][489.457s][info][gc             ] GC(183) Pause Young (Allocation Failure) 44M->30M(50M) 8.332ms
[2026-10-07T08:26:57.669+0000][489.458s][info][gc,cpu         ] GC(183) User=0.00s Sys=0.00s Real=0.01s
[2026-10-07T08:27:00.389+0000][492.178s][info][gc,start       ] GC(184) Pause Young (Allocation Failure)
[2026-10-07T08:27:00.396+0000][492.184s][info][gc,heap        ] GC(184) DefNew: 15246K(16064K)->810K(16064K) Eden: 14336K(14336K)->0K(14336K) From: 910K(1728K)->810K(1728K)
[2026-10-07T08:27:00.396+0000][492.185s][info][gc,heap        ] GC(184) Tenured: 30244K(35352K)->30327K(35352K)
[2026-10-07T08:27:00.396+0000][492.185s][info][gc,metaspace   ] GC(184) Metaspace: 74555K(75328K)->74555K(75328K) NonClass: 65186K(65600K)->65186K(65600K) Class: 9369K(9728K)->9369K(9728K)
[2026-10-07T08:27:00.396+0000][492.185s][info][gc             ] GC(184) Pause Young (Allocation Failure) 44M->30M(50M) 6.575ms
[2026-10-07T08:27:00.396+0000][492.185s][info][gc,cpu         ] GC(184) User=0.00s Sys=0.00s Real=0.01s
[2026-10-07T08:27:02.992+0000][494.781s][info][gc,start       ] GC(185) Pause Young (Allocation Failure)
[2026-10-07T08:27:02.998+0000][494.787s][info][gc,heap        ] GC(185) DefNew: 15146K(16064K)->903K(16064K) Eden: 14336K(14336K)->0K(14336K) From: 810K(1728K)->903K(1728K)
[2026-10-07T08:27:02.998+0000][494.787s][info][gc,heap        ] GC(185) Tenured: 30327K(35352K)->30327K(35352K)
[2026-10-07T08:27:02.998+0000][494.787s][info][gc,metaspace   ] GC(185) Metaspace: 74555K(75328K)->74555K(75328K) NonClass: 65186K(65600K)->65186K(65600K) Class: 9369K(9728K)->9369K(9728K)
[2026-10-07T08:27:02.998+0000][494.787s][info][gc             ] GC(185) Pause Young (Allocation Failure) 44M->30M(50M) 6.252ms
[2026-10-07T08:27:02.998+0000][494.787s][info][gc,cpu         ] GC(185) User=0.00s Sys=0.00s Real=0.01s
[2026-10-07T08:27:05.662+0000][497.451s][info][gc,start       ] GC(186) Pause Young (Allocation Failure)
[2026-10-07T08:27:05.673+0000][497.461s][info][gc,heap        ] GC(186) DefNew: 15239K(16064K)->795K(16064K) Eden: 14336K(14336K)->0K(14336K) From: 903K(1728K)->795K(1728K)
[2026-10-07T08:27:05.673+0000][497.462s][info][gc,heap        ] GC(186) Tenured: 30327K(35352K)->30421K(35352K)
[2026-10-07T08:27:05.673+0000][497.462s][info][gc,metaspace   ] GC(186) Metaspace: 74556K(75328K)->74556K(75328K) NonClass: 65187K(65600K)->65187K(65600K) Class: 9369K(9728K)->9369K(9728K)
[2026-10-07T08:27:05.673+0000][497.462s][info][gc             ] GC(186) Pause Young (Allocation Failure) 44M->30M(50M) 10.814ms
[2026-10-07T08:27:05.673+0000][497.462s][info][gc,cpu         ] GC(186) User=0.01s Sys=0.00s Real=0.01s
[2026-10-07T08:27:08.324+0000][500.113s][info][gc,start       ] GC(187) Pause Young (Allocation Failure)
[2026-10-07T08:27:08.331+0000][500.119s][info][gc,heap        ] GC(187) DefNew: 15131K(16064K)->896K(16064K) Eden: 14336K(14336K)->0K(14336K) From: 795K(1728K)->896K(1728K)
[2026-10-07T08:27:08.331+0000][500.119s][info][gc,heap        ] GC(187) Tenured: 30421K(35352K)->30421K(35352K)
[2026-10-07T08:27:08.331+0000][500.119s][info][gc,metaspace   ] GC(187) Metaspace: 74556K(75328K)->74556K(75328K) NonClass: 65187K(65600K)->65187K(65600K) Class: 9369K(9728K)->9369K(9728K)
[2026-10-07T08:27:08.331+0000][500.120s][info][gc             ] GC(187) Pause Young (Allocation Failure) 44M->30M(50M) 6.606ms
[2026-10-07T08:27:08.331+0000][500.120s][info][gc,cpu         ] GC(187) User=0.01s Sys=0.00s Real=0.00s
[2026-10-07T08:27:11.144+0000][502.933s][info][gc,start       ] GC(188) Pause Young (Allocation Failure)
[2026-10-07T08:27:11.151+0000][502.940s][info][gc,heap        ] GC(188) DefNew: 15232K(16064K)->877K(16064K) Eden: 14336K(14336K)->0K(14336K) From: 896K(1728K)->877K(1728K)
[2026-10-07T08:27:11.152+0000][502.940s][info][gc,heap        ] GC(188) Tenured: 30421K(35352K)->30458K(35352K)
[2026-10-07T08:27:11.152+0000][502.940s][info][gc,metaspace   ] GC(188) Metaspace: 74557K(75328K)->74557K(75328K) NonClass: 65187K(65600K)->65187K(65600K) Class: 9369K(9728K)->9369K(9728K)
[2026-10-07T08:27:11.152+0000][502.940s][info][gc             ] GC(188) Pause Young (Allocation Failure) 44M->30M(50M) 7.543ms
[2026-10-07T08:27:11.152+0000][502.940s][info][gc,cpu         ] GC(188) User=0.01s Sys=0.00s Real=0.00s
[2026-10-07T08:27:13.689+0000][505.478s][info][gc,start       ] GC(189) Pause Young (Allocation Failure)
[2026-10-07T08:27:13.695+0000][505.484s][info][gc,heap        ] GC(189) DefNew: 15213K(16064K)->856K(16064K) Eden: 14336K(14336K)->0K(14336K) From: 877K(1728K)->856K(1728K)
[2026-10-07T08:27:13.695+0000][505.484s][info][gc,heap        ] GC(189) Tenured: 30458K(35352K)->30507K(35352K)
[2026-10-07T08:27:13.695+0000][505.484s][info][gc,metaspace   ] GC(189) Metaspace: 74557K(75328K)->74557K(75328K) NonClass: 65188K(65600K)->65188K(65600K) Class: 9369K(9728K)->9369K(9728K)
[2026-10-07T08:27:13.695+0000][505.484s][info][gc             ] GC(189) Pause Young (Allocation Failure) 44M->30M(50M) 6.205ms
[2026-10-07T08:27:13.696+0000][505.484s][info][gc,cpu         ] GC(189) User=0.01s Sys=0.00s Real=0.01s
[2026-10-07T08:27:16.544+0000][508.333s][info][gc,start       ] GC(190) Pause Young (Allocation Failure)
[2026-10-07T08:27:16.550+0000][508.339s][info][gc,heap        ] GC(190) DefNew: 15192K(16064K)->917K(16064K) Eden: 14336K(14336K)->0K(14336K) From: 856K(1728K)->917K(1728K)
[2026-10-07T08:27:16.550+0000][508.339s][info][gc,heap        ] GC(190) Tenured: 30507K(35352K)->30507K(35352K)
[2026-10-07T08:27:16.550+0000][508.339s][info][gc,metaspace   ] GC(190) Metaspace: 74560K(75328K)->74560K(75328K) NonClass: 65190K(65600K)->65190K(65600K) Class: 9369K(9728K)->9369K(9728K)
[2026-10-07T08:27:16.551+0000][508.339s][info][gc             ] GC(190) Pause Young (Allocation Failure) 44M->30M(50M) 6.642ms
[2026-10-07T08:27:16.551+0000][508.339s][info][gc,cpu         ] GC(190) User=0.00s Sys=0.00s Real=0.00s
[2026-10-07T08:27:19.184+0000][510.972s][info][gc,start       ] GC(191) Pause Young (Allocation Failure)
[2026-10-07T08:27:19.190+0000][510.979s][info][gc,heap        ] GC(191) DefNew: 15253K(16064K)->835K(16064K) Eden: 14336K(14336K)->0K(14336K) From: 917K(1728K)->835K(1728K)
[2026-10-07T08:27:19.190+0000][510.979s][info][gc,heap        ] GC(191) Tenured: 30507K(35352K)->30582K(35352K)
[2026-10-07T08:27:19.190+0000][510.979s][info][gc,metaspace   ] GC(191) Metaspace: 74562K(75328K)->74562K(75328K) NonClass: 65193K(65600K)->65193K(65600K) Class: 9369K(9728K)->9369K(9728K)
[2026-10-07T08:27:19.190+0000][510.979s][info][gc             ] GC(191) Pause Young (Allocation Failure) 44M->30M(50M) 6.491ms
[2026-10-07T08:27:19.190+0000][510.979s][info][gc,cpu         ] GC(191) User=0.01s Sys=0.00s Real=0.00s
[2026-10-07T08:27:22.071+0000][513.860s][info][gc,start       ] GC(192) Pause Young (Allocation Failure)
[2026-10-07T08:27:22.095+0000][513.883s][info][gc,heap        ] GC(192) DefNew: 15171K(16064K)->914K(16064K) Eden: 14336K(14336K)->0K(14336K) From: 835K(1728K)->914K(1728K)
[2026-10-07T08:27:22.095+0000][513.883s][info][gc,heap        ] GC(192) Tenured: 30582K(35352K)->30582K(35352K)
[2026-10-07T08:27:22.095+0000][513.883s][info][gc,metaspace   ] GC(192) Metaspace: 74562K(75328K)->74562K(75328K) NonClass: 65193K(65600K)->65193K(65600K) Class: 9369K(9728K)->9369K(9728K)
[2026-10-07T08:27:22.095+0000][513.884s][info][gc             ] GC(192) Pause Young (Allocation Failure) 44M->30M(50M) 23.964ms
[2026-10-07T08:27:22.095+0000][513.884s][info][gc,cpu         ] GC(192) User=0.01s Sys=0.00s Real=0.03s
[2026-10-07T08:27:24.601+0000][516.389s][info][gc,start       ] GC(193) Pause Young (Allocation Failure)
[2026-10-07T08:27:24.608+0000][516.397s][info][gc,heap        ] GC(193) DefNew: 15250K(16064K)->823K(16064K) Eden: 14336K(14336K)->0K(14336K) From: 914K(1728K)->823K(1728K)
[2026-10-07T08:27:24.608+0000][516.397s][info][gc,heap        ] GC(193) Tenured: 30582K(35352K)->30655K(35352K)
[2026-10-07T08:27:24.608+0000][516.397s][info][gc,metaspace   ] GC(193) Metaspace: 74567K(75328K)->74567K(75328K) NonClass: 65198K(65600K)->65198K(65600K) Class: 9369K(9728K)->9369K(9728K)
[2026-10-07T08:27:24.608+0000][516.397s][info][gc             ] GC(193) Pause Young (Allocation Failure) 44M->30M(50M) 7.343ms
[2026-10-07T08:27:24.608+0000][516.397s][info][gc,cpu         ] GC(193) User=0.01s Sys=0.00s Real=0.01s
[2026-10-07T08:27:27.316+0000][519.105s][info][gc,start       ] GC(194) Pause Young (Allocation Failure)
[2026-10-07T08:27:27.331+0000][519.120s][info][gc,heap        ] GC(194) DefNew: 15159K(16064K)->949K(16064K) Eden: 14336K(14336K)->0K(14336K) From: 823K(1728K)->949K(1728K)
[2026-10-07T08:27:27.331+0000][519.120s][info][gc,heap        ] GC(194) Tenured: 30655K(35352K)->30655K(35352K)
[2026-10-07T08:27:27.331+0000][519.120s][info][gc,metaspace   ] GC(194) Metaspace: 74569K(75328K)->74569K(75328K) NonClass: 65199K(65600K)->65199K(65600K) Class: 9369K(9728K)->9369K(9728K)
[2026-10-07T08:27:27.331+0000][519.120s][info][gc             ] GC(194) Pause Young (Allocation Failure) 44M->30M(50M) 15.526ms
[2026-10-07T08:27:27.331+0000][519.120s][info][gc,cpu         ] GC(194) User=0.00s Sys=0.00s Real=0.01s
[2026-10-07T08:27:29.972+0000][521.761s][info][gc,start       ] GC(195) Pause Young (Allocation Failure)
[2026-10-07T08:27:29.979+0000][521.767s][info][gc,heap        ] GC(195) DefNew: 15285K(16064K)->812K(16064K) Eden: 14336K(14336K)->0K(14336K) From: 949K(1728K)->812K(1728K)
[2026-10-07T08:27:29.979+0000][521.767s][info][gc,heap        ] GC(195) Tenured: 30655K(35352K)->30767K(35352K)
[2026-10-07T08:27:29.979+0000][521.767s][info][gc,metaspace   ] GC(195) Metaspace: 74569K(75328K)->74569K(75328K) NonClass: 65199K(65600K)->65199K(65600K) Class: 9369K(9728K)->9369K(9728K)
[2026-10-07T08:27:29.979+0000][521.767s][info][gc             ] GC(195) Pause Young (Allocation Failure) 44M->30M(50M) 6.829ms
[2026-10-07T08:27:29.979+0000][521.767s][info][gc,cpu         ] GC(195) User=0.00s Sys=0.00s Real=0.01s
[2026-10-07T08:27:32.734+0000][524.523s][info][gc,start       ] GC(196) Pause Young (Allocation Failure)
[2026-10-07T08:27:32.741+0000][524.530s][info][gc,heap        ] GC(196) DefNew: 15148K(16064K)->918K(16064K) Eden: 14336K(14336K)->0K(14336K) From: 812K(1728K)->918K(1728K)
[2026-10-07T08:27:32.742+0000][524.530s][info][gc,heap        ] GC(196) Tenured: 30767K(35352K)->30767K(35352K)
[2026-10-07T08:27:32.742+0000][524.530s][info][gc,metaspace   ] GC(196) Metaspace: 74569K(75328K)->74569K(75328K) NonClass: 65199K(65600K)->65199K(65600K) Class: 9369K(9728K)->9369K(9728K)
[2026-10-07T08:27:32.742+0000][524.530s][info][gc             ] GC(196) Pause Young (Allocation Failure) 44M->30M(50M) 7.706ms
[2026-10-07T08:27:32.742+0000][524.530s][info][gc,cpu         ] GC(196) User=0.01s Sys=0.00s Real=0.00s
[2026-10-07T08:27:35.446+0000][527.235s][info][gc,start       ] GC(197) Pause Young (Allocation Failure)
[2026-10-07T08:27:35.452+0000][527.241s][info][gc,heap        ] GC(197) DefNew: 15254K(16064K)->745K(16064K) Eden: 14336K(14336K)->0K(14336K) From: 918K(1728K)->745K(1728K)
[2026-10-07T08:27:35.452+0000][527.241s][info][gc,heap        ] GC(197) Tenured: 30767K(35352K)->30882K(35352K)
[2026-10-07T08:27:35.452+0000][527.241s][info][gc,metaspace   ] GC(197) Metaspace: 74569K(75328K)->74569K(75328K) NonClass: 65199K(65600K)->65199K(65600K) Class: 9369K(9728K)->9369K(9728K)
[2026-10-07T08:27:35.452+0000][527.241s][info][gc             ] GC(197) Pause Young (Allocation Failure) 44M->30M(50M) 6.032ms
[2026-10-07T08:27:35.452+0000][527.241s][info][gc,cpu         ] GC(197) User=0.01s Sys=0.00s Real=0.00s
[2026-10-07T08:27:38.019+0000][529.807s][info][gc,start       ] GC(198) Pause Young (Allocation Failure)
[2026-10-07T08:27:38.028+0000][529.817s][info][gc,heap        ] GC(198) DefNew: 15081K(16064K)->846K(16064K) Eden: 14336K(14336K)->0K(14336K) From: 745K(1728K)->846K(1728K)
[2026-10-07T08:27:38.028+0000][529.817s][info][gc,heap        ] GC(198) Tenured: 30882K(35352K)->30882K(35352K)
[2026-10-07T08:27:38.028+0000][529.817s][info][gc,metaspace   ] GC(198) Metaspace: 74570K(75328K)->74570K(75328K) NonClass: 65200K(65600K)->65200K(65600K) Class: 9369K(9728K)->9369K(9728K)
[2026-10-07T08:27:38.028+0000][529.817s][info][gc             ] GC(198) Pause Young (Allocation Failure) 44M->30M(50M) 9.541ms
[2026-10-07T08:27:38.028+0000][529.817s][info][gc,cpu         ] GC(198) User=0.01s Sys=0.00s Real=0.01s
[2026-10-07T08:27:40.533+0000][532.322s][info][gc,start       ] GC(199) Pause Young (Allocation Failure)
[2026-10-07T08:27:40.539+0000][532.327s][info][gc,heap        ] GC(199) DefNew: 15182K(16064K)->846K(16064K) Eden: 14336K(14336K)->0K(14336K) From: 846K(1728K)->846K(1728K)
[2026-10-07T08:27:40.539+0000][532.327s][info][gc,heap        ] GC(199) Tenured: 30882K(35352K)->30882K(35352K)
[2026-10-07T08:27:40.539+0000][532.327s][info][gc,metaspace   ] GC(199) Metaspace: 74570K(75328K)->74570K(75328K) NonClass: 65201K(65600K)->65201K(65600K) Class: 9369K(9728K)->9369K(9728K)
[2026-10-07T08:27:40.539+0000][532.327s][info][gc             ] GC(199) Pause Young (Allocation Failure) 44M->30M(50M) 5.712ms
[2026-10-07T08:27:40.539+0000][532.327s][info][gc,cpu         ] GC(199) User=0.00s Sys=0.00s Real=0.01s
[2026-10-07T08:27:43.025+0000][534.814s][info][gc,start       ] GC(200) Pause Young (Allocation Failure)
[2026-10-07T08:27:43.032+0000][534.821s][info][gc,heap        ] GC(200) DefNew: 15182K(16064K)->948K(16064K) Eden: 14336K(14336K)->0K(14336K) From: 846K(1728K)->948K(1728K)
[2026-10-07T08:27:43.033+0000][534.821s][info][gc,heap        ] GC(200) Tenured: 30882K(35352K)->30882K(35352K)
[2026-10-07T08:27:43.033+0000][534.821s][info][gc,metaspace   ] GC(200) Metaspace: 74572K(75328K)->74572K(75328K) NonClass: 65203K(65600K)->65203K(65600K) Class: 9369K(9728K)->9369K(9728K)
[2026-10-07T08:27:43.033+0000][534.822s][info][gc             ] GC(200) Pause Young (Allocation Failure) 44M->31M(50M) 8.103ms
[2026-10-07T08:27:43.033+0000][534.822s][info][gc,cpu         ] GC(200) User=0.00s Sys=0.00s Real=0.00s
[2026-10-07T08:27:45.876+0000][537.665s][info][gc,start       ] GC(201) Pause Young (Allocation Failure)
[2026-10-07T08:27:45.882+0000][537.671s][info][gc,heap        ] GC(201) DefNew: 15284K(16064K)->796K(16064K) Eden: 14336K(14336K)->0K(14336K) From: 948K(1728K)->796K(1728K)
[2026-10-07T08:27:45.882+0000][537.671s][info][gc,heap        ] GC(201) Tenured: 30882K(35352K)->30999K(35352K)
[2026-10-07T08:27:45.882+0000][537.671s][info][gc,metaspace   ] GC(201) Metaspace: 74572K(75328K)->74572K(75328K) NonClass: 65203K(65600K)->65203K(65600K) Class: 9369K(9728K)->9369K(9728K)
[2026-10-07T08:27:45.883+0000][537.671s][info][gc             ] GC(201) Pause Young (Allocation Failure) 45M->31M(50M) 6.308ms
[2026-10-07T08:27:45.883+0000][537.671s][info][gc,cpu         ] GC(201) User=0.01s Sys=0.00s Real=0.00s
[2026-10-07T08:27:48.485+0000][540.274s][info][gc,start       ] GC(202) Pause Young (Allocation Failure)
[2026-10-07T08:27:48.491+0000][540.280s][info][gc,heap        ] GC(202) DefNew: 15132K(16064K)->917K(16064K) Eden: 14336K(14336K)->0K(14336K) From: 796K(1728K)->917K(1728K)
[2026-10-07T08:27:48.491+0000][540.280s][info][gc,heap        ] GC(202) Tenured: 30999K(35352K)->30999K(35352K)
[2026-10-07T08:27:48.491+0000][540.280s][info][gc,metaspace   ] GC(202) Metaspace: 74572K(75328K)->74572K(75328K) NonClass: 65203K(65600K)->65203K(65600K) Class: 9369K(9728K)->9369K(9728K)
[2026-10-07T08:27:48.491+0000][540.280s][info][gc             ] GC(202) Pause Young (Allocation Failure) 45M->31M(50M) 6.249ms
[2026-10-07T08:27:48.491+0000][540.280s][info][gc,cpu         ] GC(202) User=0.01s Sys=0.00s Real=0.00s
[2026-10-07T08:27:51.383+0000][543.172s][info][gc,start       ] GC(203) Pause Young (Allocation Failure)
[2026-10-07T08:27:51.391+0000][543.180s][info][gc,heap        ] GC(203) DefNew: 15253K(16064K)->840K(16064K) Eden: 14336K(14336K)->0K(14336K) From: 917K(1728K)->840K(1728K)
[2026-10-07T08:27:51.391+0000][543.180s][info][gc,heap        ] GC(203) Tenured: 30999K(35352K)->31075K(35352K)
[2026-10-07T08:27:51.391+0000][543.180s][info][gc,metaspace   ] GC(203) Metaspace: 74572K(75328K)->74572K(75328K) NonClass: 65203K(65600K)->65203K(65600K) Class: 9369K(9728K)->9369K(9728K)
[2026-10-07T08:27:51.391+0000][543.180s][info][gc             ] GC(203) Pause Young (Allocation Failure) 45M->31M(50M) 7.811ms
[2026-10-07T08:27:51.391+0000][543.180s][info][gc,cpu         ] GC(203) User=0.00s Sys=0.00s Real=0.01s
[2026-10-07T08:27:53.785+0000][545.573s][info][gc,start       ] GC(204) Pause Young (Allocation Failure)
[2026-10-07T08:27:53.795+0000][545.584s][info][gc,heap        ] GC(204) DefNew: 15176K(16064K)->826K(16064K) Eden: 14336K(14336K)->0K(14336K) From: 840K(1728K)->826K(1728K)
[2026-10-07T08:27:53.795+0000][545.584s][info][gc,heap        ] GC(204) Tenured: 31075K(35352K)->31075K(35352K)
[2026-10-07T08:27:53.795+0000][545.584s][info][gc,metaspace   ] GC(204) Metaspace: 74573K(75328K)->74573K(75328K) NonClass: 65204K(65600K)->65204K(65600K) Class: 9369K(9728K)->9369K(9728K)
[2026-10-07T08:27:53.795+0000][545.584s][info][gc             ] GC(204) Pause Young (Allocation Failure) 45M->31M(50M) 10.400ms
[2026-10-07T08:27:53.795+0000][545.584s][info][gc,cpu         ] GC(204) User=0.01s Sys=0.00s Real=0.01s
[2026-10-07T08:27:56.509+0000][548.298s][info][gc,start       ] GC(205) Pause Young (Allocation Failure)
[2026-10-07T08:27:56.517+0000][548.306s][info][gc,heap        ] GC(205) DefNew: 15162K(16064K)->910K(16064K) Eden: 14336K(14336K)->0K(14336K) From: 826K(1728K)->910K(1728K)
[2026-10-07T08:27:56.517+0000][548.306s][info][gc,heap        ] GC(205) Tenured: 31075K(35352K)->31075K(35352K)
[2026-10-07T08:27:56.517+0000][548.306s][info][gc,metaspace   ] GC(205) Metaspace: 74573K(75328K)->74573K(75328K) NonClass: 65204K(65600K)->65204K(65600K) Class: 9369K(9728K)->9369K(9728K)
[2026-10-07T08:27:56.517+0000][548.306s][info][gc             ] GC(205) Pause Young (Allocation Failure) 45M->31M(50M) 7.523ms
[2026-10-07T08:27:56.517+0000][548.306s][info][gc,cpu         ] GC(205) User=0.01s Sys=0.00s Real=0.01s
[2026-10-07T08:27:59.034+0000][550.823s][info][gc,start       ] GC(206) Pause Young (Allocation Failure)
[2026-10-07T08:27:59.042+0000][550.831s][info][gc,heap        ] GC(206) DefNew: 15246K(16064K)->832K(16064K) Eden: 14336K(14336K)->0K(14336K) From: 910K(1728K)->832K(1728K)
[2026-10-07T08:27:59.042+0000][550.831s][info][gc,heap        ] GC(206) Tenured: 31075K(35352K)->31143K(35352K)
[2026-10-07T08:27:59.042+0000][550.831s][info][gc,metaspace   ] GC(206) Metaspace: 74577K(75328K)->74577K(75328K) NonClass: 65207K(65600K)->65207K(65600K) Class: 9369K(9728K)->9369K(9728K)
[2026-10-07T08:27:59.042+0000][550.831s][info][gc             ] GC(206) Pause Young (Allocation Failure) 45M->31M(50M) 8.008ms
[2026-10-07T08:27:59.042+0000][550.831s][info][gc,cpu         ] GC(206) User=0.00s Sys=0.00s Real=0.00s
[2026-10-07T08:28:01.862+0000][553.651s][info][gc,start       ] GC(207) Pause Young (Allocation Failure)
[2026-10-07T08:28:01.869+0000][553.658s][info][gc,heap        ] GC(207) DefNew: 15168K(16064K)->919K(16064K) Eden: 14336K(14336K)->0K(14336K) From: 832K(1728K)->919K(1728K)
[2026-10-07T08:28:01.869+0000][553.658s][info][gc,heap        ] GC(207) Tenured: 31143K(35352K)->31143K(35352K)
[2026-10-07T08:28:01.869+0000][553.658s][info][gc,metaspace   ] GC(207) Metaspace: 74577K(75328K)->74577K(75328K) NonClass: 65207K(65600K)->65207K(65600K) Class: 9369K(9728K)->9369K(9728K)
[2026-10-07T08:28:01.869+0000][553.658s][info][gc             ] GC(207) Pause Young (Allocation Failure) 45M->31M(50M) 7.404ms
[2026-10-07T08:28:01.869+0000][553.658s][info][gc,cpu         ] GC(207) User=0.00s Sys=0.00s Real=0.01s
[2026-10-07T08:28:04.458+0000][556.247s][info][gc,start       ] GC(208) Pause Young (Allocation Failure)
[2026-10-07T08:28:04.465+0000][556.253s][info][gc,heap        ] GC(208) DefNew: 15255K(16064K)->832K(16064K) Eden: 14336K(14336K)->0K(14336K) From: 919K(1728K)->832K(1728K)
[2026-10-07T08:28:04.465+0000][556.253s][info][gc,heap        ] GC(208) Tenured: 31143K(35352K)->31208K(35352K)
[2026-10-07T08:28:04.465+0000][556.253s][info][gc,metaspace   ] GC(208) Metaspace: 74609K(75392K)->74609K(75392K) NonClass: 65240K(65664K)->65240K(65664K) Class: 9369K(9728K)->9369K(9728K)
[2026-10-07T08:28:04.465+0000][556.253s][info][gc             ] GC(208) Pause Young (Allocation Failure) 45M->31M(50M) 6.260ms
[2026-10-07T08:28:04.465+0000][556.253s][info][gc,cpu         ] GC(208) User=0.00s Sys=0.00s Real=0.01s
[2026-10-07T08:28:07.280+0000][559.069s][info][gc,start       ] GC(209) Pause Young (Allocation Failure)
[2026-10-07T08:28:07.293+0000][559.082s][info][gc,heap        ] GC(209) DefNew: 15168K(16064K)->910K(16064K) Eden: 14336K(14336K)->0K(14336K) From: 832K(1728K)->910K(1728K)
[2026-10-07T08:28:07.293+0000][559.082s][info][gc,heap        ] GC(209) Tenured: 31208K(35352K)->31208K(35352K)
[2026-10-07T08:28:07.293+0000][559.082s][info][gc,metaspace   ] GC(209) Metaspace: 74609K(75392K)->74609K(75392K) NonClass: 65240K(65664K)->65240K(65664K) Class: 9369K(9728K)->9369K(9728K)
[2026-10-07T08:28:07.293+0000][559.082s][info][gc             ] GC(209) Pause Young (Allocation Failure) 45M->31M(50M) 13.128ms
[2026-10-07T08:28:07.294+0000][559.082s][info][gc,cpu         ] GC(209) User=0.00s Sys=0.00s Real=0.02s
[2026-10-07T08:28:10.126+0000][561.914s][info][gc,start       ] GC(210) Pause Young (Allocation Failure)
[2026-10-07T08:28:10.132+0000][561.921s][info][gc,heap        ] GC(210) DefNew: 15246K(16064K)->807K(16064K) Eden: 14336K(14336K)->0K(14336K) From: 910K(1728K)->807K(1728K)
[2026-10-07T08:28:10.132+0000][561.921s][info][gc,heap        ] GC(210) Tenured: 31208K(35352K)->31267K(35352K)
[2026-10-07T08:28:10.132+0000][561.921s][info][gc,metaspace   ] GC(210) Metaspace: 74613K(75392K)->74613K(75392K) NonClass: 65244K(65664K)->65244K(65664K) Class: 9369K(9728K)->9369K(9728K)
[2026-10-07T08:28:10.132+0000][561.921s][info][gc             ] GC(210) Pause Young (Allocation Failure) 45M->31M(50M) 6.518ms
[2026-10-07T08:28:10.132+0000][561.921s][info][gc,cpu         ] GC(210) User=0.01s Sys=0.00s Real=0.00s
[2026-10-07T08:28:13.001+0000][564.790s][info][gc,start       ] GC(211) Pause Young (Allocation Failure)
[2026-10-07T08:28:13.007+0000][564.796s][info][gc,heap        ] GC(211) DefNew: 15143K(16064K)->906K(16064K) Eden: 14335K(14336K)->0K(14336K) From: 807K(1728K)->906K(1728K)
[2026-10-07T08:28:13.007+0000][564.796s][info][gc,heap        ] GC(211) Tenured: 31267K(35352K)->31267K(35352K)
[2026-10-07T08:28:13.007+0000][564.796s][info][gc,metaspace   ] GC(211) Metaspace: 74613K(75392K)->74613K(75392K) NonClass: 65244K(65664K)->65244K(65664K) Class: 9369K(9728K)->9369K(9728K)
[2026-10-07T08:28:13.007+0000][564.796s][info][gc             ] GC(211) Pause Young (Allocation Failure) 45M->31M(50M) 6.084ms
[2026-10-07T08:28:13.007+0000][564.796s][info][gc,cpu         ] GC(211) User=0.00s Sys=0.00s Real=0.01s
[2026-10-07T08:28:15.619+0000][567.408s][info][gc,start       ] GC(212) Pause Young (Allocation Failure)
[2026-10-07T08:28:15.626+0000][567.414s][info][gc,heap        ] GC(212) DefNew: 15242K(16064K)->870K(16064K) Eden: 14336K(14336K)->0K(14336K) From: 906K(1728K)->870K(1728K)
[2026-10-07T08:28:15.626+0000][567.414s][info][gc,heap        ] GC(212) Tenured: 31267K(35352K)->31326K(35352K)
[2026-10-07T08:28:15.626+0000][567.414s][info][gc,metaspace   ] GC(212) Metaspace: 74613K(75392K)->74613K(75392K) NonClass: 65244K(65664K)->65244K(65664K) Class: 9369K(9728K)->9369K(9728K)
[2026-10-07T08:28:15.626+0000][567.414s][info][gc             ] GC(212) Pause Young (Allocation Failure) 45M->31M(50M) 6.770ms
[2026-10-07T08:28:15.626+0000][567.414s][info][gc,cpu         ] GC(212) User=0.00s Sys=0.00s Real=0.01s
[2026-10-07T08:28:18.306+0000][570.094s][info][gc,start       ] GC(213) Pause Young (Allocation Failure)
[2026-10-07T08:28:18.313+0000][570.102s][info][gc,heap        ] GC(213) DefNew: 15206K(16064K)->911K(16064K) Eden: 14336K(14336K)->0K(14336K) From: 870K(1728K)->911K(1728K)
[2026-10-07T08:28:18.313+0000][570.102s][info][gc,heap        ] GC(213) Tenured: 31326K(35352K)->31367K(35352K)
[2026-10-07T08:28:18.313+0000][570.102s][info][gc,metaspace   ] GC(213) Metaspace: 74613K(75392K)->74613K(75392K) NonClass: 65244K(65664K)->65244K(65664K) Class: 9369K(9728K)->9369K(9728K)
[2026-10-07T08:28:18.313+0000][570.102s][info][gc             ] GC(213) Pause Young (Allocation Failure) 45M->31M(50M) 7.413ms
[2026-10-07T08:28:18.313+0000][570.102s][info][gc,cpu         ] GC(213) User=0.01s Sys=0.00s Real=0.00s
[2026-10-07T08:28:21.037+0000][572.826s][info][gc,start       ] GC(214) Pause Young (Allocation Failure)
[2026-10-07T08:28:21.044+0000][572.833s][info][gc,heap        ] GC(214) DefNew: 15247K(16064K)->787K(16064K) Eden: 14336K(14336K)->0K(14336K) From: 911K(1728K)->787K(1728K)
[2026-10-07T08:28:21.044+0000][572.833s][info][gc,heap        ] GC(214) Tenured: 31367K(35352K)->31461K(35352K)
[2026-10-07T08:28:21.044+0000][572.833s][info][gc,metaspace   ] GC(214) Metaspace: 74614K(75392K)->74614K(75392K) NonClass: 65244K(65664K)->65244K(65664K) Class: 9369K(9728K)->9369K(9728K)
[2026-10-07T08:28:21.044+0000][572.833s][info][gc             ] GC(214) Pause Young (Allocation Failure) 45M->31M(50M) 7.135ms
[2026-10-07T08:28:21.045+0000][572.833s][info][gc,cpu         ] GC(214) User=0.00s Sys=0.00s Real=0.01s
[2026-10-07T08:28:23.468+0000][575.257s][info][gc,start       ] GC(215) Pause Young (Allocation Failure)
[2026-10-07T08:28:23.474+0000][575.263s][info][gc,heap        ] GC(215) DefNew: 15123K(16064K)->881K(16064K) Eden: 14336K(14336K)->0K(14336K) From: 787K(1728K)->881K(1728K)
[2026-10-07T08:28:23.474+0000][575.263s][info][gc,heap        ] GC(215) Tenured: 31461K(35352K)->31461K(35352K)
[2026-10-07T08:28:23.474+0000][575.263s][info][gc,metaspace   ] GC(215) Metaspace: 74614K(75392K)->74614K(75392K) NonClass: 65244K(65664K)->65244K(65664K) Class: 9369K(9728K)->9369K(9728K)
[2026-10-07T08:28:23.474+0000][575.263s][info][gc             ] GC(215) Pause Young (Allocation Failure) 45M->31M(50M) 5.992ms
[2026-10-07T08:28:23.474+0000][575.263s][info][gc,cpu         ] GC(215) User=0.01s Sys=0.00s Real=0.01s
[2026-10-07T08:28:26.071+0000][577.859s][info][gc,start       ] GC(216) Pause Young (Allocation Failure)
[2026-10-07T08:28:26.080+0000][577.868s][info][gc,heap        ] GC(216) DefNew: 15217K(16064K)->865K(16064K) Eden: 14336K(14336K)->0K(14336K) From: 881K(1728K)->865K(1728K)
[2026-10-07T08:28:26.080+0000][577.868s][info][gc,heap        ] GC(216) Tenured: 31461K(35352K)->31491K(35352K)
[2026-10-07T08:28:26.080+0000][577.868s][info][gc,metaspace   ] GC(216) Metaspace: 74791K(75520K)->74791K(75520K) NonClass: 65422K(65792K)->65422K(65792K) Class: 9369K(9728K)->9369K(9728K)
[2026-10-07T08:28:26.080+0000][577.869s][info][gc             ] GC(216) Pause Young (Allocation Failure) 45M->31M(50M) 9.354ms
[2026-10-07T08:28:26.080+0000][577.869s][info][gc,cpu         ] GC(216) User=0.01s Sys=0.00s Real=0.01s
[2026-10-07T08:28:28.719+0000][580.508s][info][gc,start       ] GC(217) Pause Young (Allocation Failure)
[2026-10-07T08:28:28.726+0000][580.515s][info][gc,heap        ] GC(217) DefNew: 15201K(16064K)->899K(16064K) Eden: 14336K(14336K)->0K(14336K) From: 865K(1728K)->899K(1728K)
[2026-10-07T08:28:28.726+0000][580.515s][info][gc,heap        ] GC(217) Tenured: 31491K(35352K)->31523K(35352K)
[2026-10-07T08:28:28.726+0000][580.515s][info][gc,metaspace   ] GC(217) Metaspace: 74796K(75584K)->74796K(75584K) NonClass: 65426K(65856K)->65426K(65856K) Class: 9369K(9728K)->9369K(9728K)
[2026-10-07T08:28:28.726+0000][580.515s][info][gc             ] GC(217) Pause Young (Allocation Failure) 45M->31M(50M) 7.039ms
[2026-10-07T08:28:28.726+0000][580.515s][info][gc,cpu         ] GC(217) User=0.00s Sys=0.00s Real=0.01s
[2026-10-07T08:28:31.605+0000][583.394s][info][gc,start       ] GC(218) Pause Young (Allocation Failure)
[2026-10-07T08:28:31.612+0000][583.400s][info][gc,heap        ] GC(218) DefNew: 15235K(16064K)->840K(16064K) Eden: 14336K(14336K)->0K(14336K) From: 899K(1728K)->840K(1728K)
[2026-10-07T08:28:31.612+0000][583.400s][info][gc,heap        ] GC(218) Tenured: 31523K(35352K)->31584K(35352K)
[2026-10-07T08:28:31.612+0000][583.400s][info][gc,metaspace   ] GC(218) Metaspace: 74796K(75584K)->74796K(75584K) NonClass: 65427K(65856K)->65427K(65856K) Class: 9369K(9728K)->9369K(9728K)
[2026-10-07T08:28:31.612+0000][583.401s][info][gc             ] GC(218) Pause Young (Allocation Failure) 45M->31M(50M) 7.044ms
[2026-10-07T08:28:31.612+0000][583.401s][info][gc,cpu         ] GC(218) User=0.01s Sys=0.00s Real=0.00s
[2026-10-07T08:28:34.163+0000][585.952s][info][gc,start       ] GC(219) Pause Young (Allocation Failure)
[2026-10-07T08:28:34.170+0000][585.958s][info][gc,heap        ] GC(219) DefNew: 15176K(16064K)->866K(16064K) Eden: 14336K(14336K)->0K(14336K) From: 840K(1728K)->866K(1728K)
[2026-10-07T08:28:34.170+0000][585.958s][info][gc,heap        ] GC(219) Tenured: 31584K(35352K)->31584K(35352K)
[2026-10-07T08:28:34.170+0000][585.958s][info][gc,metaspace   ] GC(219) Metaspace: 74796K(75584K)->74796K(75584K) NonClass: 65427K(65856K)->65427K(65856K) Class: 9369K(9728K)->9369K(9728K)
[2026-10-07T08:28:34.170+0000][585.959s][info][gc             ] GC(219) Pause Young (Allocation Failure) 45M->31M(50M) 6.421ms
[2026-10-07T08:28:34.170+0000][585.959s][info][gc,cpu         ] GC(219) User=0.00s Sys=0.00s Real=0.01s
[2026-10-07T08:28:36.859+0000][588.648s][info][gc,start       ] GC(220) Pause Young (Allocation Failure)
[2026-10-07T08:28:36.868+0000][588.657s][info][gc,heap        ] GC(220) DefNew: 15202K(16064K)->901K(16064K) Eden: 14336K(14336K)->0K(14336K) From: 866K(1728K)->901K(1728K)
[2026-10-07T08:28:36.868+0000][588.657s][info][gc,heap        ] GC(220) Tenured: 31584K(35352K)->31612K(35352K)
[2026-10-07T08:28:36.868+0000][588.657s][info][gc,metaspace   ] GC(220) Metaspace: 74796K(75584K)->74796K(75584K) NonClass: 65427K(65856K)->65427K(65856K) Class: 9369K(9728K)->9369K(9728K)
[2026-10-07T08:28:36.868+0000][588.657s][info][gc             ] GC(220) Pause Young (Allocation Failure) 45M->31M(50M) 8.998ms
[2026-10-07T08:28:36.868+0000][588.657s][info][gc,cpu         ] GC(220) User=0.00s Sys=0.00s Real=0.01s
[2026-10-07T08:28:39.287+0000][591.076s][info][gc,start       ] GC(221) Pause Young (Allocation Failure)
[2026-10-07T08:28:39.294+0000][591.083s][info][gc,heap        ] GC(221) DefNew: 15237K(16064K)->857K(16064K) Eden: 14336K(14336K)->0K(14336K) From: 901K(1728K)->857K(1728K)
[2026-10-07T08:28:39.294+0000][591.083s][info][gc,heap        ] GC(221) Tenured: 31612K(35352K)->31651K(35352K)
[2026-10-07T08:28:39.294+0000][591.083s][info][gc,metaspace   ] GC(221) Metaspace: 74796K(75584K)->74796K(75584K) NonClass: 65427K(65856K)->65427K(65856K) Class: 9369K(9728K)->9369K(9728K)
[2026-10-07T08:28:39.294+0000][591.083s][info][gc             ] GC(221) Pause Young (Allocation Failure) 45M->31M(50M) 7.092ms
[2026-10-07T08:28:39.294+0000][591.083s][info][gc,cpu         ] GC(221) User=0.01s Sys=0.00s Real=0.01s
[2026-10-07T08:28:41.983+0000][593.772s][info][gc,start       ] GC(222) Pause Young (Allocation Failure)
[2026-10-07T08:28:41.999+0000][593.787s][info][gc,heap        ] GC(222) DefNew: 15193K(16064K)->976K(16064K) Eden: 14336K(14336K)->0K(14336K) From: 857K(1728K)->976K(1728K)
[2026-10-07T08:28:41.999+0000][593.787s][info][gc,heap        ] GC(222) Tenured: 31651K(35352K)->31651K(35352K)
[2026-10-07T08:28:41.999+0000][593.787s][info][gc,metaspace   ] GC(222) Metaspace: 74796K(75584K)->74796K(75584K) NonClass: 65427K(65856K)->65427K(65856K) Class: 9369K(9728K)->9369K(9728K)
[2026-10-07T08:28:41.999+0000][593.787s][info][gc             ] GC(222) Pause Young (Allocation Failure) 45M->31M(50M) 15.564ms
[2026-10-07T08:28:41.999+0000][593.787s][info][gc,cpu         ] GC(222) User=0.02s Sys=0.00s Real=0.02s
[2026-10-07T08:28:44.583+0000][596.371s][info][gc,start       ] GC(223) Pause Young (Allocation Failure)
[2026-10-07T08:28:44.591+0000][596.379s][info][gc,heap        ] GC(223) DefNew: 15312K(16064K)->850K(16064K) Eden: 14336K(14336K)->0K(14336K) From: 976K(1728K)->850K(1728K)
[2026-10-07T08:28:44.591+0000][596.379s][info][gc,heap        ] GC(223) Tenured: 31651K(35352K)->31794K(35352K)
[2026-10-07T08:28:44.591+0000][596.379s][info][gc,metaspace   ] GC(223) Metaspace: 74796K(75584K)->74796K(75584K) NonClass: 65427K(65856K)->65427K(65856K) Class: 9369K(9728K)->9369K(9728K)
[2026-10-07T08:28:44.591+0000][596.380s][info][gc             ] GC(223) Pause Young (Allocation Failure) 45M->31M(50M) 8.448ms
[2026-10-07T08:28:44.591+0000][596.380s][info][gc,cpu         ] GC(223) User=0.00s Sys=0.01s Real=0.01s
[2026-10-07T08:28:47.231+0000][599.020s][info][gc,start       ] GC(224) Pause Young (Allocation Failure)
[2026-10-07T08:28:47.241+0000][599.030s][info][gc,heap        ] GC(224) DefNew: 15186K(16064K)->934K(16064K) Eden: 14336K(14336K)->0K(14336K) From: 850K(1728K)->934K(1728K)
[2026-10-07T08:28:47.241+0000][599.030s][info][gc,heap        ] GC(224) Tenured: 31794K(35352K)->31794K(35352K)
[2026-10-07T08:28:47.241+0000][599.030s][info][gc,metaspace   ] GC(224) Metaspace: 74797K(75584K)->74797K(75584K) NonClass: 65428K(65856K)->65428K(65856K) Class: 9369K(9728K)->9369K(9728K)
[2026-10-07T08:28:47.241+0000][599.030s][info][gc             ] GC(224) Pause Young (Allocation Failure) 45M->31M(50M) 9.860ms
[2026-10-07T08:28:47.242+0000][599.030s][info][gc,cpu         ] GC(224) User=0.01s Sys=0.00s Real=0.01s
[2026-10-07T08:28:49.936+0000][601.725s][info][gc,start       ] GC(225) Pause Young (Allocation Failure)
[2026-10-07T08:28:49.949+0000][601.737s][info][gc,heap        ] GC(225) DefNew: 15270K(16064K)->824K(16064K) Eden: 14336K(14336K)->0K(14336K) From: 934K(1728K)->824K(1728K)
[2026-10-07T08:28:49.949+0000][601.737s][info][gc,heap        ] GC(225) Tenured: 31794K(35352K)->31890K(35352K)
[2026-10-07T08:28:49.949+0000][601.737s][info][gc,metaspace   ] GC(225) Metaspace: 74797K(75584K)->74797K(75584K) NonClass: 65428K(65856K)->65428K(65856K) Class: 9369K(9728K)->9369K(9728K)
[2026-10-07T08:28:49.949+0000][601.738s][info][gc             ] GC(225) Pause Young (Allocation Failure) 45M->31M(50M) 12.965ms
[2026-10-07T08:28:49.949+0000][601.738s][info][gc,cpu         ] GC(225) User=0.01s Sys=0.00s Real=0.01s
[2026-10-07T08:28:52.492+0000][604.280s][info][gc,start       ] GC(226) Pause Young (Allocation Failure)
[2026-10-07T08:28:52.498+0000][604.287s][info][gc,heap        ] GC(226) DefNew: 15160K(16064K)->935K(16064K) Eden: 14336K(14336K)->0K(14336K) From: 824K(1728K)->935K(1728K)
[2026-10-07T08:28:52.498+0000][604.287s][info][gc,heap        ] GC(226) Tenured: 31890K(35352K)->31890K(35352K)
[2026-10-07T08:28:52.498+0000][604.287s][info][gc,metaspace   ] GC(226) Metaspace: 74799K(75584K)->74799K(75584K) NonClass: 65429K(65856K)->65429K(65856K) Class: 9369K(9728K)->9369K(9728K)
[2026-10-07T08:28:52.499+0000][604.288s][info][gc             ] GC(226) Pause Young (Allocation Failure) 45M->32M(50M) 7.697ms
[2026-10-07T08:28:52.499+0000][604.288s][info][gc,cpu         ] GC(226) User=0.01s Sys=0.00s Real=0.01s
[2026-10-07T08:28:55.000+0000][606.788s][info][gc,start       ] GC(227) Pause Young (Allocation Failure)
[2026-10-07T08:28:55.006+0000][606.795s][info][gc,heap        ] GC(227) DefNew: 15271K(16064K)->835K(16064K) Eden: 14336K(14336K)->0K(14336K) From: 935K(1728K)->835K(1728K)
[2026-10-07T08:28:55.007+0000][606.795s][info][gc,heap        ] GC(227) Tenured: 31890K(35352K)->32000K(35352K)
[2026-10-07T08:28:55.007+0000][606.795s][info][gc,metaspace   ] GC(227) Metaspace: 74802K(75584K)->74802K(75584K) NonClass: 65433K(65856K)->65433K(65856K) Class: 9369K(9728K)->9369K(9728K)
[2026-10-07T08:28:55.007+0000][606.795s][info][gc             ] GC(227) Pause Young (Allocation Failure) 46M->32M(50M) 7.033ms
[2026-10-07T08:28:55.007+0000][606.795s][info][gc,cpu         ] GC(227) User=0.00s Sys=0.00s Real=0.01s
[2026-10-07T08:28:57.723+0000][609.511s][info][gc,start       ] GC(228) Pause Young (Allocation Failure)
[2026-10-07T08:28:57.730+0000][609.519s][info][gc,heap        ] GC(228) DefNew: 15171K(16064K)->928K(16064K) Eden: 14336K(14336K)->0K(14336K) From: 835K(1728K)->928K(1728K)
[2026-10-07T08:28:57.730+0000][609.519s][info][gc,heap        ] GC(228) Tenured: 32000K(35352K)->32000K(35352K)
[2026-10-07T08:28:57.730+0000][609.519s][info][gc,metaspace   ] GC(228) Metaspace: 74802K(75584K)->74802K(75584K) NonClass: 65433K(65856K)->65433K(65856K) Class: 9369K(9728K)->9369K(9728K)
[2026-10-07T08:28:57.730+0000][609.519s][info][gc             ] GC(228) Pause Young (Allocation Failure) 46M->32M(50M) 7.455ms
[2026-10-07T08:28:57.730+0000][609.519s][info][gc,cpu         ] GC(228) User=0.00s Sys=0.00s Real=0.01s
[2026-10-07T08:29:00.281+0000][612.069s][info][gc,start       ] GC(229) Pause Young (Allocation Failure)
[2026-10-07T08:29:00.288+0000][612.077s][info][gc,heap        ] GC(229) DefNew: 15264K(16064K)->790K(16064K) Eden: 14336K(14336K)->0K(14336K) From: 928K(1728K)->790K(1728K)
[2026-10-07T08:29:00.288+0000][612.077s][info][gc,heap        ] GC(229) Tenured: 32000K(35352K)->32138K(35352K)
[2026-10-07T08:29:00.288+0000][612.077s][info][gc,metaspace   ] GC(229) Metaspace: 74803K(75584K)->74803K(75584K) NonClass: 65433K(65856K)->65433K(65856K) Class: 9369K(9728K)->9369K(9728K)
[2026-10-07T08:29:00.288+0000][612.077s][info][gc             ] GC(229) Pause Young (Allocation Failure) 46M->32M(50M) 7.774ms
[2026-10-07T08:29:00.289+0000][612.077s][info][gc,cpu         ] GC(229) User=0.00s Sys=0.00s Real=0.01s
[2026-10-07T08:29:03.087+0000][614.876s][info][gc,start       ] GC(230) Pause Young (Allocation Failure)
[2026-10-07T08:29:03.097+0000][614.886s][info][gc,heap        ] GC(230) DefNew: 15126K(16064K)->861K(16064K) Eden: 14336K(14336K)->0K(14336K) From: 790K(1728K)->861K(1728K)
[2026-10-07T08:29:03.097+0000][614.886s][info][gc,heap        ] GC(230) Tenured: 32138K(35352K)->32138K(35352K)
[2026-10-07T08:29:03.097+0000][614.886s][info][gc,metaspace   ] GC(230) Metaspace: 74804K(75584K)->74804K(75584K) NonClass: 65435K(65856K)->65435K(65856K) Class: 9369K(9728K)->9369K(9728K)
[2026-10-07T08:29:03.097+0000][614.886s][info][gc             ] GC(230) Pause Young (Allocation Failure) 46M->32M(50M) 9.898ms
[2026-10-07T08:29:03.098+0000][614.886s][info][gc,cpu         ] GC(230) User=0.01s Sys=0.00s Real=0.01s
[2026-10-07T08:29:05.734+0000][617.522s][info][gc,start       ] GC(231) Pause Young (Allocation Failure)
[2026-10-07T08:29:05.747+0000][617.536s][info][gc,heap        ] GC(231) DefNew: 15197K(16064K)->851K(16064K) Eden: 14336K(14336K)->0K(14336K) From: 861K(1728K)->851K(1728K)
[2026-10-07T08:29:05.748+0000][617.536s][info][gc,heap        ] GC(231) Tenured: 32138K(35352K)->32138K(35352K)
[2026-10-07T08:29:05.748+0000][617.536s][info][gc,metaspace   ] GC(231) Metaspace: 74804K(75584K)->74804K(75584K) NonClass: 65435K(65856K)->65435K(65856K) Class: 9369K(9728K)->9369K(9728K)
[2026-10-07T08:29:05.748+0000][617.536s][info][gc             ] GC(231) Pause Young (Allocation Failure) 46M->32M(50M) 13.955ms
[2026-10-07T08:29:05.748+0000][617.536s][info][gc,cpu         ] GC(231) User=0.00s Sys=0.01s Real=0.01s
[2026-10-07T08:29:08.040+0000][619.829s][info][gc,start       ] GC(232) Pause Young (Allocation Failure)
[2026-10-07T08:29:08.048+0000][619.837s][info][gc,heap        ] GC(232) DefNew: 15187K(16064K)->1008K(16064K) Eden: 14336K(14336K)->0K(14336K) From: 851K(1728K)->1008K(1728K)
[2026-10-07T08:29:08.048+0000][619.837s][info][gc,heap        ] GC(232) Tenured: 32138K(35352K)->32138K(35352K)
[2026-10-07T08:29:08.048+0000][619.837s][info][gc,metaspace   ] GC(232) Metaspace: 74805K(75584K)->74805K(75584K) NonClass: 65436K(65856K)->65436K(65856K) Class: 9369K(9728K)->9369K(9728K)
[2026-10-07T08:29:08.048+0000][619.837s][info][gc             ] GC(232) Pause Young (Allocation Failure) 46M->32M(50M) 8.348ms
[2026-10-07T08:29:08.048+0000][619.837s][info][gc,cpu         ] GC(232) User=0.00s Sys=0.00s Real=0.01s
[2026-10-07T08:29:10.768+0000][622.557s][info][gc,start       ] GC(233) Pause Young (Allocation Failure)
[2026-10-07T08:29:10.775+0000][622.563s][info][gc,heap        ] GC(233) DefNew: 15344K(16064K)->800K(16064K) Eden: 14335K(14336K)->0K(14336K) From: 1008K(1728K)->800K(1728K)
[2026-10-07T08:29:10.775+0000][622.563s][info][gc,heap        ] GC(233) Tenured: 32138K(35352K)->32302K(35352K)
[2026-10-07T08:29:10.775+0000][622.563s][info][gc,metaspace   ] GC(233) Metaspace: 74805K(75584K)->74805K(75584K) NonClass: 65436K(65856K)->65436K(65856K) Class: 9369K(9728K)->9369K(9728K)
[2026-10-07T08:29:10.775+0000][622.563s][info][gc             ] GC(233) Pause Young (Allocation Failure) 46M->32M(50M) 6.538ms
[2026-10-07T08:29:10.775+0000][622.563s][info][gc,cpu         ] GC(233) User=0.01s Sys=0.00s Real=0.01s
[2026-10-07T08:29:13.208+0000][624.996s][info][gc,start       ] GC(234) Pause Young (Allocation Failure)
[2026-10-07T08:29:13.215+0000][625.004s][info][gc,heap        ] GC(234) DefNew: 15136K(16064K)->965K(16064K) Eden: 14336K(14336K)->0K(14336K) From: 800K(1728K)->965K(1728K)
[2026-10-07T08:29:13.215+0000][625.004s][info][gc,heap        ] GC(234) Tenured: 32302K(35352K)->32302K(35352K)
[2026-10-07T08:29:13.215+0000][625.004s][info][gc,metaspace   ] GC(234) Metaspace: 74805K(75584K)->74805K(75584K) NonClass: 65436K(65856K)->65436K(65856K) Class: 9369K(9728K)->9369K(9728K)
[2026-10-07T08:29:13.215+0000][625.004s][info][gc             ] GC(234) Pause Young (Allocation Failure) 46M->32M(50M) 7.174ms
[2026-10-07T08:29:13.215+0000][625.004s][info][gc,cpu         ] GC(234) User=0.01s Sys=0.00s Real=0.01s
[2026-10-07T08:29:16.027+0000][627.815s][info][gc,start       ] GC(235) Pause Young (Allocation Failure)
[2026-10-07T08:29:16.035+0000][627.824s][info][gc,heap        ] GC(235) DefNew: 15301K(16064K)->817K(16064K) Eden: 14336K(14336K)->0K(14336K) From: 965K(1728K)->817K(1728K)
[2026-10-07T08:29:16.035+0000][627.824s][info][gc,heap        ] GC(235) Tenured: 32302K(35352K)->32447K(35352K)
[2026-10-07T08:29:16.035+0000][627.824s][info][gc,metaspace   ] GC(235) Metaspace: 74805K(75584K)->74805K(75584K) NonClass: 65436K(65856K)->65436K(65856K) Class: 9369K(9728K)->9369K(9728K)
[2026-10-07T08:29:16.035+0000][627.824s][info][gc             ] GC(235) Pause Young (Allocation Failure) 46M->32M(50M) 8.447ms
[2026-10-07T08:29:16.035+0000][627.824s][info][gc,cpu         ] GC(235) User=0.01s Sys=0.00s Real=0.01s
[2026-10-07T08:29:18.662+0000][630.451s][info][gc,start       ] GC(236) Pause Young (Allocation Failure)
[2026-10-07T08:29:18.670+0000][630.459s][info][gc,heap        ] GC(236) DefNew: 15153K(16064K)->931K(16064K) Eden: 14336K(14336K)->0K(14336K) From: 817K(1728K)->931K(1728K)
[2026-10-07T08:29:18.670+0000][630.459s][info][gc,heap        ] GC(236) Tenured: 32447K(35352K)->32447K(35352K)
[2026-10-07T08:29:18.670+0000][630.459s][info][gc,metaspace   ] GC(236) Metaspace: 74805K(75584K)->74805K(75584K) NonClass: 65436K(65856K)->65436K(65856K) Class: 9369K(9728K)->9369K(9728K)
[2026-10-07T08:29:18.670+0000][630.459s][info][gc             ] GC(236) Pause Young (Allocation Failure) 46M->32M(50M) 8.120ms
[2026-10-07T08:29:18.670+0000][630.459s][info][gc,cpu         ] GC(236) User=0.00s Sys=0.00s Real=0.01s
[2026-10-07T08:29:21.433+0000][633.221s][info][gc,start       ] GC(237) Pause Young (Allocation Failure)
[2026-10-07T08:29:21.440+0000][633.229s][info][gc,heap        ] GC(237) DefNew: 15267K(16064K)->843K(16064K) Eden: 14336K(14336K)->0K(14336K) From: 931K(1728K)->843K(1728K)
[2026-10-07T08:29:21.440+0000][633.229s][info][gc,heap        ] GC(237) Tenured: 32447K(35352K)->32516K(35352K)
[2026-10-07T08:29:21.440+0000][633.229s][info][gc,metaspace   ] GC(237) Metaspace: 74805K(75584K)->74805K(75584K) NonClass: 65436K(65856K)->65436K(65856K) Class: 9369K(9728K)->9369K(9728K)
[2026-10-07T08:29:21.440+0000][633.229s][info][gc             ] GC(237) Pause Young (Allocation Failure) 46M->32M(50M) 7.755ms
[2026-10-07T08:29:21.440+0000][633.229s][info][gc,cpu         ] GC(237) User=0.00s Sys=0.00s Real=0.01s
[2026-10-07T08:29:23.903+0000][635.691s][info][gc,start       ] GC(238) Pause Young (Allocation Failure)
[2026-10-07T08:29:23.911+0000][635.699s][info][gc,heap        ] GC(238) DefNew: 15179K(16064K)->940K(16064K) Eden: 14336K(14336K)->0K(14336K) From: 843K(1728K)->940K(1728K)
[2026-10-07T08:29:23.912+0000][635.701s][info][gc,heap        ] GC(238) Tenured: 32516K(35352K)->32516K(35352K)
[2026-10-07T08:29:23.912+0000][635.701s][info][gc,metaspace   ] GC(238) Metaspace: 74806K(75584K)->74806K(75584K) NonClass: 65436K(65856K)->65436K(65856K) Class: 9369K(9728K)->9369K(9728K)
[2026-10-07T08:29:23.913+0000][635.701s][info][gc             ] GC(238) Pause Young (Allocation Failure) 46M->32M(50M) 9.963ms
[2026-10-07T08:29:23.915+0000][635.703s][info][gc,cpu         ] GC(238) User=0.01s Sys=0.00s Real=0.02s
[2026-10-07T08:29:26.578+0000][638.367s][info][gc,start       ] GC(239) Pause Young (Allocation Failure)
[2026-10-07T08:29:26.585+0000][638.374s][info][gc,heap        ] GC(239) DefNew: 15276K(16064K)->746K(16064K) Eden: 14336K(14336K)->0K(14336K) From: 940K(1728K)->746K(1728K)
[2026-10-07T08:29:26.585+0000][638.374s][info][gc,heap        ] GC(239) Tenured: 32516K(35352K)->32672K(35352K)
[2026-10-07T08:29:26.585+0000][638.374s][info][gc,metaspace   ] GC(239) Metaspace: 74806K(75584K)->74806K(75584K) NonClass: 65436K(65856K)->65436K(65856K) Class: 9369K(9728K)->9369K(9728K)
[2026-10-07T08:29:26.585+0000][638.374s][info][gc             ] GC(239) Pause Young (Allocation Failure) 46M->32M(50M) 6.899ms
[2026-10-07T08:29:26.585+0000][638.374s][info][gc,cpu         ] GC(239) User=0.00s Sys=0.00s Real=0.01s
[2026-10-07T08:29:29.075+0000][640.864s][info][gc,start       ] GC(240) Pause Young (Allocation Failure)
[2026-10-07T08:29:29.083+0000][640.872s][info][gc,heap        ] GC(240) DefNew: 15082K(16064K)->755K(16064K) Eden: 14336K(14336K)->0K(14336K) From: 746K(1728K)->755K(1728K)
[2026-10-07T08:29:29.083+0000][640.872s][info][gc,heap        ] GC(240) Tenured: 32672K(35352K)->32672K(35352K)
[2026-10-07T08:29:29.083+0000][640.872s][info][gc,metaspace   ] GC(240) Metaspace: 74807K(75584K)->74807K(75584K) NonClass: 65438K(65856K)->65438K(65856K) Class: 9369K(9728K)->9369K(9728K)
[2026-10-07T08:29:29.083+0000][640.872s][info][gc             ] GC(240) Pause Young (Allocation Failure) 46M->32M(50M) 8.120ms
[2026-10-07T08:29:29.084+0000][640.872s][info][gc,cpu         ] GC(240) User=0.00s Sys=0.00s Real=0.01s
[2026-10-07T08:29:31.822+0000][643.610s][info][gc,start       ] GC(241) Pause Young (Allocation Failure)
[2026-10-07T08:29:31.828+0000][643.617s][info][gc,heap        ] GC(241) DefNew: 15091K(16064K)->831K(16064K) Eden: 14336K(14336K)->0K(14336K) From: 755K(1728K)->831K(1728K)
[2026-10-07T08:29:31.828+0000][643.617s][info][gc,heap        ] GC(241) Tenured: 32672K(35352K)->32672K(35352K)
[2026-10-07T08:29:31.828+0000][643.617s][info][gc,metaspace   ] GC(241) Metaspace: 74808K(75584K)->74808K(75584K) NonClass: 65439K(65856K)->65439K(65856K) Class: 9369K(9728K)->9369K(9728K)
[2026-10-07T08:29:31.828+0000][643.617s][info][gc             ] GC(241) Pause Young (Allocation Failure) 46M->32M(50M) 6.305ms
[2026-10-07T08:29:31.828+0000][643.617s][info][gc,cpu         ] GC(241) User=0.01s Sys=0.00s Real=0.01s
[2026-10-07T08:29:34.421+0000][646.209s][info][gc,start       ] GC(242) Pause Young (Allocation Failure)
[2026-10-07T08:29:34.427+0000][646.216s][info][gc,heap        ] GC(242) DefNew: 15167K(16064K)->832K(16064K) Eden: 14336K(14336K)->0K(14336K) From: 831K(1728K)->832K(1728K)
[2026-10-07T08:29:34.427+0000][646.216s][info][gc,heap        ] GC(242) Tenured: 32672K(35352K)->32672K(35352K)
[2026-10-07T08:29:34.427+0000][646.216s][info][gc,metaspace   ] GC(242) Metaspace: 74871K(75648K)->74871K(75648K) NonClass: 65488K(65920K)->65488K(65920K) Class: 9382K(9728K)->9382K(9728K)
[2026-10-07T08:29:34.427+0000][646.216s][info][gc             ] GC(242) Pause Young (Allocation Failure) 46M->32M(50M) 6.657ms
[2026-10-07T08:29:34.427+0000][646.216s][info][gc,cpu         ] GC(242) User=0.01s Sys=0.00s Real=0.01s
[2026-10-07T08:29:37.091+0000][648.880s][info][gc,start       ] GC(243) Pause Young (Allocation Failure)
[2026-10-07T08:29:37.105+0000][648.893s][info][gc,heap        ] GC(243) DefNew: 15168K(16064K)->988K(16064K) Eden: 14335K(14336K)->0K(14336K) From: 832K(1728K)->988K(1728K)
[2026-10-07T08:29:37.105+0000][648.894s][info][gc,heap        ] GC(243) Tenured: 32672K(35352K)->32672K(35352K)
[2026-10-07T08:29:37.105+0000][648.894s][info][gc,metaspace   ] GC(243) Metaspace: 74871K(75648K)->74871K(75648K) NonClass: 65488K(65920K)->65488K(65920K) Class: 9382K(9728K)->9382K(9728K)
[2026-10-07T08:29:37.105+0000][648.894s][info][gc             ] GC(243) Pause Young (Allocation Failure) 46M->32M(50M) 13.983ms
[2026-10-07T08:29:37.105+0000][648.894s][info][gc,cpu         ] GC(243) User=0.01s Sys=0.00s Real=0.02s
[2026-10-07T08:29:39.510+0000][651.298s][info][gc,start       ] GC(244) Pause Young (Allocation Failure)
[2026-10-07T08:29:39.517+0000][651.306s][info][gc,heap        ] GC(244) DefNew: 15324K(16064K)->783K(16064K) Eden: 14336K(14336K)->0K(14336K) From: 988K(1728K)->783K(1728K)
[2026-10-07T08:29:39.517+0000][651.306s][info][gc,heap        ] GC(244) Tenured: 32672K(35352K)->32865K(35352K)
[2026-10-07T08:29:39.517+0000][651.306s][info][gc,metaspace   ] GC(244) Metaspace: 74883K(75648K)->74883K(75648K) NonClass: 65499K(65920K)->65499K(65920K) Class: 9383K(9728K)->9383K(9728K)
[2026-10-07T08:29:39.517+0000][651.306s][info][gc             ] GC(244) Pause Young (Allocation Failure) 46M->32M(50M) 7.710ms
[2026-10-07T08:29:39.518+0000][651.306s][info][gc,cpu         ] GC(244) User=0.00s Sys=0.00s Real=0.01s
[2026-10-07T08:29:42.195+0000][653.983s][info][gc,start       ] GC(245) Pause Young (Allocation Failure)
[2026-10-07T08:29:42.204+0000][653.992s][info][gc,heap        ] GC(245) DefNew: 15119K(16064K)->908K(16064K) Eden: 14336K(14336K)->0K(14336K) From: 783K(1728K)->908K(1728K)
[2026-10-07T08:29:42.204+0000][653.993s][info][gc,heap        ] GC(245) Tenured: 32865K(35352K)->32865K(35352K)
[2026-10-07T08:29:42.204+0000][653.993s][info][gc,metaspace   ] GC(245) Metaspace: 74883K(75648K)->74883K(75648K) NonClass: 65499K(65920K)->65499K(65920K) Class: 9383K(9728K)->9383K(9728K)
[2026-10-07T08:29:42.204+0000][653.993s][info][gc             ] GC(245) Pause Young (Allocation Failure) 46M->32M(50M) 9.373ms
[2026-10-07T08:29:42.204+0000][653.993s][info][gc,cpu         ] GC(245) User=0.01s Sys=0.00s Real=0.01s
[2026-10-07T08:29:44.751+0000][656.540s][info][gc,start       ] GC(246) Pause Young (Allocation Failure)
[2026-10-07T08:29:44.759+0000][656.547s][info][gc,heap        ] GC(246) DefNew: 15244K(16064K)->827K(16064K) Eden: 14336K(14336K)->0K(14336K) From: 908K(1728K)->827K(1728K)
[2026-10-07T08:29:44.759+0000][656.547s][info][gc,heap        ] GC(246) Tenured: 32865K(35352K)->32943K(35352K)
[2026-10-07T08:29:44.759+0000][656.547s][info][gc,metaspace   ] GC(246) Metaspace: 74883K(75648K)->74883K(75648K) NonClass: 65499K(65920K)->65499K(65920K) Class: 9383K(9728K)->9383K(9728K)
[2026-10-07T08:29:44.759+0000][656.548s][info][gc             ] GC(246) Pause Young (Allocation Failure) 46M->32M(50M) 7.793ms
[2026-10-07T08:29:44.759+0000][656.548s][info][gc,cpu         ] GC(246) User=0.01s Sys=0.00s Real=0.01s
[2026-10-07T08:29:47.482+0000][659.271s][info][gc,start       ] GC(247) Pause Young (Allocation Failure)
[2026-10-07T08:29:47.490+0000][659.278s][info][gc,heap        ] GC(247) DefNew: 15163K(16064K)->880K(16064K) Eden: 14336K(14336K)->0K(14336K) From: 827K(1728K)->880K(1728K)
[2026-10-07T08:29:47.490+0000][659.278s][info][gc,heap        ] GC(247) Tenured: 32943K(35352K)->32943K(35352K)
[2026-10-07T08:29:47.490+0000][659.279s][info][gc,metaspace   ] GC(247) Metaspace: 74883K(75648K)->74883K(75648K) NonClass: 65499K(65920K)->65499K(65920K) Class: 9383K(9728K)->9383K(9728K)
[2026-10-07T08:29:47.490+0000][659.279s][info][gc             ] GC(247) Pause Young (Allocation Failure) 46M->33M(50M) 7.656ms
[2026-10-07T08:29:47.491+0000][659.279s][info][gc,cpu         ] GC(247) User=0.00s Sys=0.00s Real=0.01s
[2026-10-07T08:29:50.163+0000][661.952s][info][gc,start       ] GC(248) Pause Young (Allocation Failure)
[2026-10-07T08:29:50.172+0000][661.961s][info][gc,heap        ] GC(248) DefNew: 15216K(16064K)->839K(16064K) Eden: 14336K(14336K)->0K(14336K) From: 880K(1728K)->839K(1728K)
[2026-10-07T08:29:50.172+0000][661.961s][info][gc,heap        ] GC(248) Tenured: 32943K(35352K)->32977K(35352K)
[2026-10-07T08:29:50.172+0000][661.961s][info][gc,metaspace   ] GC(248) Metaspace: 74883K(75648K)->74883K(75648K) NonClass: 65499K(65920K)->65499K(65920K) Class: 9383K(9728K)->9383K(9728K)
[2026-10-07T08:29:50.172+0000][661.961s][info][gc             ] GC(248) Pause Young (Allocation Failure) 47M->33M(50M) 8.846ms
[2026-10-07T08:29:50.173+0000][661.961s][info][gc,cpu         ] GC(248) User=0.01s Sys=0.00s Real=0.01s
[2026-10-07T08:29:52.647+0000][664.436s][info][gc,start       ] GC(249) Pause Young (Allocation Failure)
[2026-10-07T08:29:52.653+0000][664.442s][info][gc,heap        ] GC(249) DefNew: 15175K(16064K)->905K(16064K) Eden: 14335K(14336K)->0K(14336K) From: 839K(1728K)->905K(1728K)
[2026-10-07T08:29:52.653+0000][664.442s][info][gc,heap        ] GC(249) Tenured: 32977K(35352K)->32977K(35352K)
[2026-10-07T08:29:52.653+0000][664.442s][info][gc,metaspace   ] GC(249) Metaspace: 74884K(75648K)->74884K(75648K) NonClass: 65500K(65920K)->65500K(65920K) Class: 9383K(9728K)->9383K(9728K)
[2026-10-07T08:29:52.653+0000][664.442s][info][gc             ] GC(249) Pause Young (Allocation Failure) 47M->33M(50M) 6.257ms
[2026-10-07T08:29:52.653+0000][664.442s][info][gc,cpu         ] GC(249) User=0.00s Sys=0.00s Real=0.00s
[2026-10-07T08:29:55.270+0000][667.059s][info][gc,start       ] GC(250) Pause Young (Allocation Failure)
[2026-10-07T08:29:55.277+0000][667.066s][info][gc,heap        ] GC(250) DefNew: 15241K(16064K)->899K(16064K) Eden: 14336K(14336K)->0K(14336K) From: 905K(1728K)->899K(1728K)
[2026-10-07T08:29:55.277+0000][667.066s][info][gc,heap        ] GC(250) Tenured: 32977K(35352K)->33052K(35352K)
[2026-10-07T08:29:55.277+0000][667.066s][info][gc,metaspace   ] GC(250) Metaspace: 74884K(75648K)->74884K(75648K) NonClass: 65500K(65920K)->65500K(65920K) Class: 9383K(9728K)->9383K(9728K)
[2026-10-07T08:29:55.277+0000][667.066s][info][gc             ] GC(250) Pause Young (Allocation Failure) 47M->33M(50M) 7.194ms
[2026-10-07T08:29:55.277+0000][667.066s][info][gc,cpu         ] GC(250) User=0.01s Sys=0.00s Real=0.01s
[2026-10-07T08:29:57.933+0000][669.722s][info][gc,start       ] GC(251) Pause Young (Allocation Failure)
[2026-10-07T08:29:57.942+0000][669.730s][info][gc,heap        ] GC(251) DefNew: 15235K(16064K)->924K(16064K) Eden: 14336K(14336K)->0K(14336K) From: 899K(1728K)->924K(1728K)
[2026-10-07T08:29:57.942+0000][669.730s][info][gc,heap        ] GC(251) Tenured: 33052K(35352K)->33089K(35352K)
[2026-10-07T08:29:57.942+0000][669.730s][info][gc,metaspace   ] GC(251) Metaspace: 74884K(75648K)->74884K(75648K) NonClass: 65500K(65920K)->65500K(65920K) Class: 9383K(9728K)->9383K(9728K)
[2026-10-07T08:29:57.942+0000][669.730s][info][gc             ] GC(251) Pause Young (Allocation Failure) 47M->33M(50M) 8.507ms
[2026-10-07T08:29:57.942+0000][669.730s][info][gc,cpu         ] GC(251) User=0.01s Sys=0.00s Real=0.01s
[2026-10-07T08:30:00.685+0000][672.474s][info][gc,start       ] GC(252) Pause Young (Allocation Failure)
[2026-10-07T08:30:00.692+0000][672.481s][info][gc,heap        ] GC(252) DefNew: 15260K(16064K)->826K(16064K) Eden: 14336K(14336K)->0K(14336K) From: 924K(1728K)->826K(1728K)
[2026-10-07T08:30:00.692+0000][672.481s][info][gc,heap        ] GC(252) Tenured: 33089K(35352K)->33174K(35352K)
[2026-10-07T08:30:00.692+0000][672.481s][info][gc,metaspace   ] GC(252) Metaspace: 74884K(75648K)->74884K(75648K) NonClass: 65500K(65920K)->65500K(65920K) Class: 9383K(9728K)->9383K(9728K)
[2026-10-07T08:30:00.692+0000][672.481s][info][gc             ] GC(252) Pause Young (Allocation Failure) 47M->33M(50M) 6.991ms
[2026-10-07T08:30:00.692+0000][672.481s][info][gc,cpu         ] GC(252) User=0.01s Sys=0.00s Real=0.00s
[2026-10-07T08:30:03.285+0000][675.074s][info][gc,start       ] GC(253) Pause Young (Allocation Failure)
[2026-10-07T08:30:03.293+0000][675.082s][info][gc,heap        ] GC(253) DefNew: 15162K(16064K)->895K(16064K) Eden: 14336K(14336K)->0K(14336K) From: 826K(1728K)->895K(1728K)
[2026-10-07T08:30:03.294+0000][675.082s][info][gc,heap        ] GC(253) Tenured: 33174K(35352K)->33174K(35352K)
[2026-10-07T08:30:03.294+0000][675.083s][info][gc,metaspace   ] GC(253) Metaspace: 74885K(75648K)->74885K(75648K) NonClass: 65501K(65920K)->65501K(65920K) Class: 9383K(9728K)->9383K(9728K)
[2026-10-07T08:30:03.294+0000][675.083s][info][gc             ] GC(253) Pause Young (Allocation Failure) 47M->33M(50M) 9.297ms
[2026-10-07T08:30:03.294+0000][675.083s][info][gc,cpu         ] GC(253) User=0.01s Sys=0.00s Real=0.01s
[2026-10-07T08:30:05.806+0000][677.594s][info][gc,start       ] GC(254) Pause Young (Allocation Failure)
[2026-10-07T08:30:05.813+0000][677.602s][info][gc,heap        ] GC(254) DefNew: 15231K(16064K)->793K(16064K) Eden: 14336K(14336K)->0K(14336K) From: 895K(1728K)->793K(1728K)
[2026-10-07T08:30:05.813+0000][677.602s][info][gc,heap        ] GC(254) Tenured: 33174K(35352K)->33284K(35352K)
[2026-10-07T08:30:05.813+0000][677.602s][info][gc,metaspace   ] GC(254) Metaspace: 74886K(75648K)->74886K(75648K) NonClass: 65503K(65920K)->65503K(65920K) Class: 9383K(9728K)->9383K(9728K)
[2026-10-07T08:30:05.813+0000][677.602s][info][gc             ] GC(254) Pause Young (Allocation Failure) 47M->33M(50M) 7.440ms
[2026-10-07T08:30:05.813+0000][677.602s][info][gc,cpu         ] GC(254) User=0.00s Sys=0.00s Real=0.00s
[2026-10-07T08:30:08.278+0000][680.067s][info][gc,start       ] GC(255) Pause Young (Allocation Failure)
[2026-10-07T08:30:08.285+0000][680.074s][info][gc,heap        ] GC(255) DefNew: 15129K(16064K)->925K(16064K) Eden: 14336K(14336K)->0K(14336K) From: 793K(1728K)->925K(1728K)
[2026-10-07T08:30:08.285+0000][680.074s][info][gc,heap        ] GC(255) Tenured: 33284K(35352K)->33284K(35352K)
[2026-10-07T08:30:08.285+0000][680.074s][info][gc,metaspace   ] GC(255) Metaspace: 74894K(75648K)->74894K(75648K) NonClass: 65511K(65920K)->65511K(65920K) Class: 9383K(9728K)->9383K(9728K)
[2026-10-07T08:30:08.285+0000][680.074s][info][gc             ] GC(255) Pause Young (Allocation Failure) 47M->33M(50M) 6.803ms
[2026-10-07T08:30:08.285+0000][680.074s][info][gc,cpu         ] GC(255) User=0.01s Sys=0.00s Real=0.01s
[2026-10-07T08:30:10.928+0000][682.717s][info][gc,start       ] GC(256) Pause Young (Allocation Failure)
[2026-10-07T08:30:10.934+0000][682.723s][info][gc,heap        ] GC(256) DefNew: 15261K(16064K)->837K(16064K) Eden: 14336K(14336K)->0K(14336K) From: 925K(1728K)->837K(1728K)
[2026-10-07T08:30:10.934+0000][682.723s][info][gc,heap        ] GC(256) Tenured: 33284K(35352K)->33360K(35352K)
[2026-10-07T08:30:10.934+0000][682.723s][info][gc,metaspace   ] GC(256) Metaspace: 74896K(75648K)->74896K(75648K) NonClass: 65513K(65920K)->65513K(65920K) Class: 9383K(9728K)->9383K(9728K)
[2026-10-07T08:30:10.934+0000][682.723s][info][gc             ] GC(256) Pause Young (Allocation Failure) 47M->33M(50M) 6.449ms
[2026-10-07T08:30:10.935+0000][682.723s][info][gc,cpu         ] GC(256) User=0.01s Sys=0.00s Real=0.01s
[2026-10-07T08:30:13.506+0000][685.295s][info][gc,start       ] GC(257) Pause Young (Allocation Failure)
[2026-10-07T08:30:13.512+0000][685.301s][info][gc,heap        ] GC(257) DefNew: 15173K(16064K)->935K(16064K) Eden: 14336K(14336K)->0K(14336K) From: 837K(1728K)->935K(1728K)
[2026-10-07T08:30:13.512+0000][685.301s][info][gc,heap        ] GC(257) Tenured: 33360K(35352K)->33360K(35352K)
[2026-10-07T08:30:13.512+0000][685.301s][info][gc,metaspace   ] GC(257) Metaspace: 74896K(75648K)->74896K(75648K) NonClass: 65513K(65920K)->65513K(65920K) Class: 9383K(9728K)->9383K(9728K)
[2026-10-07T08:30:13.512+0000][685.301s][info][gc             ] GC(257) Pause Young (Allocation Failure) 47M->33M(50M) 6.595ms
[2026-10-07T08:30:13.513+0000][685.301s][info][gc,cpu         ] GC(257) User=0.00s Sys=0.00s Real=0.00s
[2026-10-07T08:30:16.064+0000][687.853s][info][gc,start       ] GC(258) Pause Young (Allocation Failure)
[2026-10-07T08:30:16.074+0000][687.863s][info][gc,heap        ] GC(258) DefNew: 15271K(16064K)->823K(16064K) Eden: 14336K(14336K)->0K(14336K) From: 935K(1728K)->823K(1728K)
[2026-10-07T08:30:16.074+0000][687.863s][info][gc,heap        ] GC(258) Tenured: 33360K(35352K)->33433K(35352K)
[2026-10-07T08:30:16.075+0000][687.864s][info][gc,metaspace   ] GC(258) Metaspace: 74896K(75648K)->74896K(75648K) NonClass: 65513K(65920K)->65513K(65920K) Class: 9383K(9728K)->9383K(9728K)
[2026-10-07T08:30:16.075+0000][687.864s][info][gc             ] GC(258) Pause Young (Allocation Failure) 47M->33M(50M) 10.999ms
[2026-10-07T08:30:16.075+0000][687.864s][info][gc,cpu         ] GC(258) User=0.01s Sys=0.00s Real=0.01s
[2026-10-07T08:30:18.646+0000][690.435s][info][gc,start       ] GC(259) Pause Young (Allocation Failure)
[2026-10-07T08:30:18.653+0000][690.441s][info][gc,heap        ] GC(259) DefNew: 15159K(16064K)->895K(16064K) Eden: 14336K(14336K)->0K(14336K) From: 823K(1728K)->895K(1728K)
[2026-10-07T08:30:18.653+0000][690.441s][info][gc,heap        ] GC(259) Tenured: 33433K(35352K)->33433K(35352K)
[2026-10-07T08:30:18.653+0000][690.441s][info][gc,metaspace   ] GC(259) Metaspace: 74903K(75648K)->74903K(75648K) NonClass: 65520K(65920K)->65520K(65920K) Class: 9383K(9728K)->9383K(9728K)
[2026-10-07T08:30:18.653+0000][690.441s][info][gc             ] GC(259) Pause Young (Allocation Failure) 47M->33M(50M) 6.589ms
[2026-10-07T08:30:18.653+0000][690.442s][info][gc,cpu         ] GC(259) User=0.00s Sys=0.00s Real=0.00s
[2026-10-07T08:30:21.280+0000][693.069s][info][gc,start       ] GC(260) Pause Young (Allocation Failure)
[2026-10-07T08:30:21.286+0000][693.075s][info][gc,heap        ] GC(260) DefNew: 15231K(16064K)->887K(16064K) Eden: 14336K(14336K)->0K(14336K) From: 895K(1728K)->887K(1728K)
[2026-10-07T08:30:21.287+0000][693.075s][info][gc,heap        ] GC(260) Tenured: 33433K(35352K)->33474K(35352K)
[2026-10-07T08:30:21.287+0000][693.075s][info][gc,metaspace   ] GC(260) Metaspace: 74903K(75648K)->74903K(75648K) NonClass: 65520K(65920K)->65520K(65920K) Class: 9383K(9728K)->9383K(9728K)
[2026-10-07T08:30:21.287+0000][693.075s][info][gc             ] GC(260) Pause Young (Allocation Failure) 47M->33M(50M) 6.706ms
[2026-10-07T08:30:21.287+0000][693.075s][info][gc,cpu         ] GC(260) User=0.01s Sys=0.00s Real=0.01s
[2026-10-07T08:30:23.585+0000][695.374s][info][gc,start       ] GC(261) Pause Young (Allocation Failure)
[2026-10-07T08:30:23.592+0000][695.380s][info][gc,heap        ] GC(261) DefNew: 15223K(16064K)->904K(16064K) Eden: 14336K(14336K)->0K(14336K) From: 887K(1728K)->904K(1728K)
[2026-10-07T08:30:23.592+0000][695.381s][info][gc,heap        ] GC(261) Tenured: 33474K(35352K)->33519K(35352K)
[2026-10-07T08:30:23.592+0000][695.381s][info][gc,metaspace   ] GC(261) Metaspace: 74907K(75648K)->74907K(75648K) NonClass: 65523K(65920K)->65523K(65920K) Class: 9383K(9728K)->9383K(9728K)
[2026-10-07T08:30:23.592+0000][695.381s][info][gc             ] GC(261) Pause Young (Allocation Failure) 47M->33M(50M) 6.618ms
[2026-10-07T08:30:23.592+0000][695.381s][info][gc,cpu         ] GC(261) User=0.01s Sys=0.00s Real=0.00s
[2026-10-07T08:30:26.346+0000][698.134s][info][gc,start       ] GC(262) Pause Young (Allocation Failure)
[2026-10-07T08:30:26.352+0000][698.141s][info][gc,heap        ] GC(262) DefNew: 15240K(16064K)->833K(16064K) Eden: 14336K(14336K)->0K(14336K) From: 904K(1728K)->833K(1728K)
[2026-10-07T08:30:26.352+0000][698.141s][info][gc,heap        ] GC(262) Tenured: 33519K(35352K)->33599K(35352K)
[2026-10-07T08:30:26.352+0000][698.141s][info][gc,metaspace   ] GC(262) Metaspace: 74907K(75648K)->74907K(75648K) NonClass: 65524K(65920K)->65524K(65920K) Class: 9383K(9728K)->9383K(9728K)
[2026-10-07T08:30:26.352+0000][698.141s][info][gc             ] GC(262) Pause Young (Allocation Failure) 47M->33M(50M) 6.206ms
[2026-10-07T08:30:26.352+0000][698.141s][info][gc,cpu         ] GC(262) User=0.01s Sys=0.00s Real=0.00s
[2026-10-07T08:30:28.786+0000][700.574s][info][gc,start       ] GC(263) Pause Young (Allocation Failure)
[2026-10-07T08:30:28.797+0000][700.586s][info][gc,heap        ] GC(263) DefNew: 15169K(16064K)->930K(16064K) Eden: 14336K(14336K)->0K(14336K) From: 833K(1728K)->930K(1728K)
[2026-10-07T08:30:28.797+0000][700.586s][info][gc,heap        ] GC(263) Tenured: 33599K(35352K)->33599K(35352K)
[2026-10-07T08:30:28.797+0000][700.586s][info][gc,metaspace   ] GC(263) Metaspace: 74907K(75648K)->74907K(75648K) NonClass: 65524K(65920K)->65524K(65920K) Class: 9383K(9728K)->9383K(9728K)
[2026-10-07T08:30:28.797+0000][700.586s][info][gc             ] GC(263) Pause Young (Allocation Failure) 47M->33M(50M) 11.675ms
[2026-10-07T08:30:28.798+0000][700.586s][info][gc,cpu         ] GC(263) User=0.00s Sys=0.00s Real=0.01s
[2026-10-07T08:30:31.494+0000][703.283s][info][gc,start       ] GC(264) Pause Young (Allocation Failure)
[2026-10-07T08:30:31.501+0000][703.290s][info][gc,heap        ] GC(264) DefNew: 15266K(16064K)->836K(16064K) Eden: 14336K(14336K)->0K(14336K) From: 930K(1728K)->836K(1728K)
[2026-10-07T08:30:31.501+0000][703.290s][info][gc,heap        ] GC(264) Tenured: 33599K(35352K)->33673K(35352K)
[2026-10-07T08:30:31.501+0000][703.290s][info][gc,metaspace   ] GC(264) Metaspace: 74908K(75648K)->74908K(75648K) NonClass: 65524K(65920K)->65524K(65920K) Class: 9383K(9728K)->9383K(9728K)
[2026-10-07T08:30:31.502+0000][703.290s][info][gc             ] GC(264) Pause Young (Allocation Failure) 47M->33M(50M) 7.678ms
[2026-10-07T08:30:31.502+0000][703.290s][info][gc,cpu         ] GC(264) User=0.00s Sys=0.00s Real=0.00s
[2026-10-07T08:30:34.155+0000][705.944s][info][gc,start       ] GC(265) Pause Young (Allocation Failure)
[2026-10-07T08:30:34.162+0000][705.951s][info][gc,heap        ] GC(265) DefNew: 15172K(16064K)->781K(16064K) Eden: 14336K(14336K)->0K(14336K) From: 836K(1728K)->781K(1728K)
[2026-10-07T08:30:34.162+0000][705.951s][info][gc,heap        ] GC(265) Tenured: 33673K(35352K)->33673K(35352K)
[2026-10-07T08:30:34.162+0000][705.951s][info][gc,metaspace   ] GC(265) Metaspace: 74908K(75648K)->74908K(75648K) NonClass: 65524K(65920K)->65524K(65920K) Class: 9383K(9728K)->9383K(9728K)
[2026-10-07T08:30:34.162+0000][705.951s][info][gc             ] GC(265) Pause Young (Allocation Failure) 47M->33M(50M) 6.924ms
[2026-10-07T08:30:34.162+0000][705.951s][info][gc,cpu         ] GC(265) User=0.01s Sys=0.01s Real=0.00s
[2026-10-07T08:30:36.969+0000][708.758s][info][gc,start       ] GC(266) Pause Young (Allocation Failure)
[2026-10-07T08:30:36.976+0000][708.765s][info][gc,heap        ] GC(266) DefNew: 15117K(16064K)->878K(16064K) Eden: 14336K(14336K)->0K(14336K) From: 781K(1728K)->878K(1728K)
[2026-10-07T08:30:36.976+0000][708.765s][info][gc,heap        ] GC(266) Tenured: 33673K(35352K)->33673K(35352K)
[2026-10-07T08:30:36.976+0000][708.765s][info][gc,metaspace   ] GC(266) Metaspace: 74908K(75648K)->74908K(75648K) NonClass: 65524K(65920K)->65524K(65920K) Class: 9383K(9728K)->9383K(9728K)
[2026-10-07T08:30:36.976+0000][708.765s][info][gc             ] GC(266) Pause Young (Allocation Failure) 47M->33M(50M) 7.076ms
[2026-10-07T08:30:36.976+0000][708.765s][info][gc,cpu         ] GC(266) User=0.01s Sys=0.00s Real=0.01s
[2026-10-07T08:30:39.491+0000][711.279s][info][gc,start       ] GC(267) Pause Young (Allocation Failure)
[2026-10-07T08:30:39.498+0000][711.287s][info][gc,heap        ] GC(267) DefNew: 15214K(16064K)->834K(16064K) Eden: 14336K(14336K)->0K(14336K) From: 878K(1728K)->834K(1728K)
[2026-10-07T08:30:39.499+0000][711.287s][info][gc,heap        ] GC(267) Tenured: 33673K(35352K)->33705K(35352K)
[2026-10-07T08:30:39.499+0000][711.287s][info][gc,metaspace   ] GC(267) Metaspace: 74912K(75712K)->74912K(75712K) NonClass: 65528K(65984K)->65528K(65984K) Class: 9383K(9728K)->9383K(9728K)
[2026-10-07T08:30:39.499+0000][711.287s][info][gc             ] GC(267) Pause Young (Allocation Failure) 47M->33M(50M) 8.219ms
[2026-10-07T08:30:39.499+0000][711.287s][info][gc,cpu         ] GC(267) User=0.00s Sys=0.00s Real=0.01s
[2026-10-07T08:30:42.209+0000][713.998s][info][gc,start       ] GC(268) Pause Young (Allocation Failure)
[2026-10-07T08:30:42.222+0000][714.011s][info][gc,heap        ] GC(268) DefNew: 15170K(16064K)->932K(16064K) Eden: 14336K(14336K)->0K(14336K) From: 834K(1728K)->932K(1728K)
[2026-10-07T08:30:42.222+0000][714.011s][info][gc,heap        ] GC(268) Tenured: 33705K(35352K)->33705K(35352K)
[2026-10-07T08:30:42.222+0000][714.011s][info][gc,metaspace   ] GC(268) Metaspace: 74912K(75712K)->74912K(75712K) NonClass: 65528K(65984K)->65528K(65984K) Class: 9383K(9728K)->9383K(9728K)
[2026-10-07T08:30:42.222+0000][714.011s][info][gc             ] GC(268) Pause Young (Allocation Failure) 47M->33M(50M) 13.191ms
[2026-10-07T08:30:42.222+0000][714.011s][info][gc,cpu         ] GC(268) User=0.01s Sys=0.00s Real=0.01s
[2026-10-07T08:30:45.124+0000][716.912s][info][gc,start       ] GC(269) Pause Young (Allocation Failure)
[2026-10-07T08:30:45.130+0000][716.919s][info][gc,heap        ] GC(269) DefNew: 15268K(16064K)->836K(16064K) Eden: 14336K(14336K)->0K(14336K) From: 932K(1728K)->836K(1728K)
[2026-10-07T08:30:45.131+0000][716.919s][info][gc,heap        ] GC(269) Tenured: 33705K(35352K)->33778K(35352K)
[2026-10-07T08:30:45.131+0000][716.919s][info][gc,metaspace   ] GC(269) Metaspace: 74915K(75712K)->74915K(75712K) NonClass: 65531K(65984K)->65531K(65984K) Class: 9384K(9728K)->9384K(9728K)
[2026-10-07T08:30:45.131+0000][716.919s][info][gc             ] GC(269) Pause Young (Allocation Failure) 47M->33M(50M) 7.014ms
[2026-10-07T08:30:45.131+0000][716.919s][info][gc,cpu         ] GC(269) User=0.00s Sys=0.00s Real=0.00s
[2026-10-07T08:30:47.707+0000][719.496s][info][gc,start       ] GC(270) Pause Young (Allocation Failure)
[2026-10-07T08:30:47.717+0000][719.506s][info][gc,heap        ] GC(270) DefNew: 15172K(16064K)->954K(16064K) Eden: 14336K(14336K)->0K(14336K) From: 836K(1728K)->954K(1728K)
[2026-10-07T08:30:47.717+0000][719.506s][info][gc,heap        ] GC(270) Tenured: 33778K(35352K)->33778K(35352K)
[2026-10-07T08:30:47.717+0000][719.506s][info][gc,metaspace   ] GC(270) Metaspace: 74915K(75712K)->74915K(75712K) NonClass: 65531K(65984K)->65531K(65984K) Class: 9384K(9728K)->9384K(9728K)
[2026-10-07T08:30:47.718+0000][719.507s][info][gc             ] GC(270) Pause Young (Allocation Failure) 47M->33M(50M) 10.017ms
[2026-10-07T08:30:47.718+0000][719.507s][info][gc,cpu         ] GC(270) User=0.00s Sys=0.00s Real=0.01s
[2026-10-07T08:30:50.338+0000][722.127s][info][gc,start       ] GC(271) Pause Young (Allocation Failure)
[2026-10-07T08:30:50.345+0000][722.134s][info][gc,heap        ] GC(271) DefNew: 15290K(16064K)->839K(16064K) Eden: 14336K(14336K)->0K(14336K) From: 954K(1728K)->839K(1728K)
[2026-10-07T08:30:50.345+0000][722.134s][info][gc,heap        ] GC(271) Tenured: 33778K(35352K)->33876K(35352K)
[2026-10-07T08:30:50.345+0000][722.134s][info][gc,metaspace   ] GC(271) Metaspace: 74915K(75712K)->74915K(75712K) NonClass: 65531K(65984K)->65531K(65984K) Class: 9384K(9728K)->9384K(9728K)
[2026-10-07T08:30:50.345+0000][722.134s][info][gc             ] GC(271) Pause Young (Allocation Failure) 47M->33M(50M) 7.254ms
[2026-10-07T08:30:50.345+0000][722.134s][info][gc,cpu         ] GC(271) User=0.01s Sys=0.00s Real=0.01s
[2026-10-07T08:30:52.852+0000][724.641s][info][gc,start       ] GC(272) Pause Young (Allocation Failure)
[2026-10-07T08:30:52.867+0000][724.655s][info][gc,heap        ] GC(272) DefNew: 15175K(16064K)->928K(16064K) Eden: 14336K(14336K)->0K(14336K) From: 839K(1728K)->928K(1728K)
[2026-10-07T08:30:52.869+0000][724.657s][info][gc,heap        ] GC(272) Tenured: 33876K(35352K)->33876K(35352K)
[2026-10-07T08:30:52.869+0000][724.657s][info][gc,metaspace   ] GC(272) Metaspace: 74915K(75712K)->74915K(75712K) NonClass: 65531K(65984K)->65531K(65984K) Class: 9384K(9728K)->9384K(9728K)
[2026-10-07T08:30:52.869+0000][724.658s][info][gc             ] GC(272) Pause Young (Allocation Failure) 47M->33M(50M) 16.372ms
[2026-10-07T08:30:52.869+0000][724.658s][info][gc,cpu         ] GC(272) User=0.00s Sys=0.00s Real=0.02s
[2026-10-07T08:30:55.489+0000][727.278s][info][gc,start       ] GC(273) Pause Young (Allocation Failure)
[2026-10-07T08:30:55.496+0000][727.285s][info][gc,heap        ] GC(273) DefNew: 15264K(16064K)->835K(16064K) Eden: 14336K(14336K)->0K(14336K) From: 928K(1728K)->835K(1728K)
[2026-10-07T08:30:55.496+0000][727.285s][info][gc,heap        ] GC(273) Tenured: 33876K(35352K)->33949K(35352K)
[2026-10-07T08:30:55.496+0000][727.285s][info][gc,metaspace   ] GC(273) Metaspace: 74918K(75712K)->74918K(75712K) NonClass: 65533K(65984K)->65533K(65984K) Class: 9384K(9728K)->9384K(9728K)
[2026-10-07T08:30:55.496+0000][727.285s][info][gc             ] GC(273) Pause Young (Allocation Failure) 47M->33M(50M) 7.264ms
[2026-10-07T08:30:55.496+0000][727.285s][info][gc,cpu         ] GC(273) User=0.01s Sys=0.00s Real=0.01s
[2026-10-07T08:30:58.048+0000][729.837s][info][gc,start       ] GC(274) Pause Young (Allocation Failure)
[2026-10-07T08:30:58.058+0000][729.847s][info][gc,heap        ] GC(274) DefNew: 15171K(16064K)->973K(16064K) Eden: 14336K(14336K)->0K(14336K) From: 835K(1728K)->973K(1728K)
[2026-10-07T08:30:58.058+0000][729.847s][info][gc,heap        ] GC(274) Tenured: 33949K(35352K)->33949K(35352K)
[2026-10-07T08:30:58.058+0000][729.847s][info][gc,metaspace   ] GC(274) Metaspace: 74918K(75712K)->74918K(75712K) NonClass: 65534K(65984K)->65534K(65984K) Class: 9384K(9728K)->9384K(9728K)
[2026-10-07T08:30:58.058+0000][729.847s][info][gc             ] GC(274) Pause Young (Allocation Failure) 47M->34M(50M) 10.242ms
[2026-10-07T08:30:58.060+0000][729.849s][info][gc,cpu         ] GC(274) User=0.00s Sys=0.00s Real=0.01s
[2026-10-07T08:31:00.625+0000][732.414s][info][gc,start       ] GC(275) Pause Young (Allocation Failure)
[2026-10-07T08:31:00.632+0000][732.421s][info][gc,heap        ] GC(275) DefNew: 15309K(16064K)->785K(16064K) Eden: 14336K(14336K)->0K(14336K) From: 973K(1728K)->785K(1728K)
[2026-10-07T08:31:00.632+0000][732.421s][info][gc,heap        ] GC(275) Tenured: 33949K(35352K)->34080K(35352K)
[2026-10-07T08:31:00.632+0000][732.421s][info][gc,metaspace   ] GC(275) Metaspace: 74918K(75712K)->74918K(75712K) NonClass: 65534K(65984K)->65534K(65984K) Class: 9384K(9728K)->9384K(9728K)
[2026-10-07T08:31:00.632+0000][732.421s][info][gc             ] GC(275) Pause Young (Allocation Failure) 48M->34M(50M) 6.750ms
[2026-10-07T08:31:00.632+0000][732.421s][info][gc,cpu         ] GC(275) User=0.00s Sys=0.00s Real=0.00s
[2026-10-07T08:31:03.305+0000][735.094s][info][gc,start       ] GC(276) Pause Young (Allocation Failure)
[2026-10-07T08:31:03.311+0000][735.100s][info][gc,heap        ] GC(276) DefNew: 15121K(16064K)->858K(16064K) Eden: 14336K(14336K)->0K(14336K) From: 785K(1728K)->858K(1728K)
[2026-10-07T08:31:03.311+0000][735.100s][info][gc,heap        ] GC(276) Tenured: 34080K(35352K)->34080K(35352K)
[2026-10-07T08:31:03.311+0000][735.100s][info][gc,metaspace   ] GC(276) Metaspace: 74918K(75712K)->74918K(75712K) NonClass: 65534K(65984K)->65534K(65984K) Class: 9384K(9728K)->9384K(9728K)
[2026-10-07T08:31:03.311+0000][735.100s][info][gc             ] GC(276) Pause Young (Allocation Failure) 48M->34M(50M) 6.131ms
[2026-10-07T08:31:03.311+0000][735.100s][info][gc,cpu         ] GC(276) User=0.01s Sys=0.00s Real=0.00s
[2026-10-07T08:31:05.960+0000][737.748s][info][gc,start       ] GC(277) Pause Young (Allocation Failure)
[2026-10-07T08:31:05.968+0000][737.757s][info][gc,heap        ] GC(277) DefNew: 15194K(16064K)->885K(16064K) Eden: 14336K(14336K)->0K(14336K) From: 858K(1728K)->885K(1728K)
[2026-10-07T08:31:05.968+0000][737.757s][info][gc,heap        ] GC(277) Tenured: 34080K(35352K)->34080K(35352K)
[2026-10-07T08:31:05.968+0000][737.757s][info][gc,metaspace   ] GC(277) Metaspace: 74918K(75712K)->74918K(75712K) NonClass: 65534K(65984K)->65534K(65984K) Class: 9384K(9728K)->9384K(9728K)
[2026-10-07T08:31:05.968+0000][737.757s][info][gc             ] GC(277) Pause Young (Allocation Failure) 48M->34M(50M) 8.610ms
[2026-10-07T08:31:05.968+0000][737.757s][info][gc,cpu         ] GC(277) User=0.00s Sys=0.00s Real=0.01s
[2026-10-07T08:31:08.605+0000][740.393s][info][gc,start       ] GC(278) Pause Young (Allocation Failure)
[2026-10-07T08:31:08.612+0000][740.401s][info][gc,heap        ] GC(278) DefNew: 15221K(16064K)->907K(16064K) Eden: 14336K(14336K)->0K(14336K) From: 885K(1728K)->907K(1728K)
[2026-10-07T08:31:08.612+0000][740.401s][info][gc,heap        ] GC(278) Tenured: 34080K(35352K)->34124K(35352K)
[2026-10-07T08:31:08.612+0000][740.401s][info][gc,metaspace   ] GC(278) Metaspace: 74918K(75712K)->74918K(75712K) NonClass: 65534K(65984K)->65534K(65984K) Class: 9384K(9728K)->9384K(9728K)
[2026-10-07T08:31:08.612+0000][740.401s][info][gc             ] GC(278) Pause Young (Allocation Failure) 48M->34M(50M) 7.739ms
[2026-10-07T08:31:08.612+0000][740.401s][info][gc,cpu         ] GC(278) User=0.00s Sys=0.00s Real=0.00s
[2026-10-07T08:31:11.152+0000][742.941s][info][gc,start       ] GC(279) Pause Young (Allocation Failure)
[2026-10-07T08:31:11.160+0000][742.949s][info][gc,heap        ] GC(279) DefNew: 15243K(16064K)->834K(16064K) Eden: 14336K(14336K)->0K(14336K) From: 907K(1728K)->834K(1728K)
[2026-10-07T08:31:11.160+0000][742.949s][info][gc,heap        ] GC(279) Tenured: 34124K(35352K)->34195K(35352K)
[2026-10-07T08:31:11.160+0000][742.949s][info][gc,metaspace   ] GC(279) Metaspace: 74927K(75712K)->74927K(75712K) NonClass: 65543K(65984K)->65543K(65984K) Class: 9384K(9728K)->9384K(9728K)
[2026-10-07T08:31:11.160+0000][742.949s][info][gc             ] GC(279) Pause Young (Allocation Failure) 48M->34M(50M) 7.993ms
[2026-10-07T08:31:11.160+0000][742.949s][info][gc,cpu         ] GC(279) User=0.01s Sys=0.00s Real=0.01s
[2026-10-07T08:31:13.868+0000][745.657s][info][gc,start       ] GC(280) Pause Young (Allocation Failure)
[2026-10-07T08:31:13.876+0000][745.664s][info][gc,heap        ] GC(280) DefNew: 15170K(16064K)->891K(16064K) Eden: 14336K(14336K)->0K(14336K) From: 834K(1728K)->891K(1728K)
[2026-10-07T08:31:13.876+0000][745.664s][info][gc,heap        ] GC(280) Tenured: 34195K(35352K)->34195K(35352K)
[2026-10-07T08:31:13.876+0000][745.664s][info][gc,metaspace   ] GC(280) Metaspace: 74927K(75712K)->74927K(75712K) NonClass: 65543K(65984K)->65543K(65984K) Class: 9384K(9728K)->9384K(9728K)
[2026-10-07T08:31:13.876+0000][745.664s][info][gc             ] GC(280) Pause Young (Allocation Failure) 48M->34M(50M) 7.203ms
[2026-10-07T08:31:13.876+0000][745.664s][info][gc,cpu         ] GC(280) User=0.01s Sys=0.00s Real=0.01s
[2026-10-07T08:31:16.626+0000][748.415s][info][gc,start       ] GC(281) Pause Young (Allocation Failure)
[2026-10-07T08:31:16.635+0000][748.423s][info][gc,heap        ] GC(281) DefNew: 15227K(16064K)->822K(16064K) Eden: 14336K(14336K)->0K(14336K) From: 891K(1728K)->822K(1728K)
[2026-10-07T08:31:16.635+0000][748.423s][info][gc,heap        ] GC(281) Tenured: 34195K(35352K)->34236K(35352K)
[2026-10-07T08:31:16.635+0000][748.423s][info][gc,metaspace   ] GC(281) Metaspace: 74941K(75712K)->74941K(75712K) NonClass: 65557K(65984K)->65557K(65984K) Class: 9384K(9728K)->9384K(9728K)
[2026-10-07T08:31:16.635+0000][748.423s][info][gc             ] GC(281) Pause Young (Allocation Failure) 48M->34M(50M) 8.819ms
[2026-10-07T08:31:16.635+0000][748.423s][info][gc,cpu         ] GC(281) User=0.01s Sys=0.01s Real=0.01s
[2026-10-07T08:31:19.214+0000][751.002s][info][gc,start       ] GC(282) Pause Young (Allocation Failure)
[2026-10-07T08:31:19.222+0000][751.010s][info][gc,heap        ] GC(282) DefNew: 15158K(16064K)->829K(16064K) Eden: 14336K(14336K)->0K(14336K) From: 822K(1728K)->829K(1728K)
[2026-10-07T08:31:19.222+0000][751.010s][info][gc,heap        ] GC(282) Tenured: 34236K(35352K)->34236K(35352K)
[2026-10-07T08:31:19.222+0000][751.010s][info][gc,metaspace   ] GC(282) Metaspace: 74964K(75776K)->74964K(75776K) NonClass: 65580K(66048K)->65580K(66048K) Class: 9384K(9728K)->9384K(9728K)
[2026-10-07T08:31:19.222+0000][751.010s][info][gc             ] GC(282) Pause Young (Allocation Failure) 48M->34M(50M) 7.909ms
[2026-10-07T08:31:19.222+0000][751.010s][info][gc,cpu         ] GC(282) User=0.01s Sys=0.00s Real=0.00s
[2026-10-07T08:31:21.928+0000][753.716s][info][gc,start       ] GC(283) Pause Young (Allocation Failure)
[2026-10-07T08:31:21.936+0000][753.724s][info][gc,heap        ] GC(283) DefNew: 15165K(16064K)->918K(16064K) Eden: 14336K(14336K)->0K(14336K) From: 829K(1728K)->918K(1728K)
[2026-10-07T08:31:21.936+0000][753.724s][info][gc,heap        ] GC(283) Tenured: 34236K(35352K)->34236K(35352K)
[2026-10-07T08:31:21.936+0000][753.724s][info][gc,metaspace   ] GC(283) Metaspace: 74964K(75776K)->74964K(75776K) NonClass: 65580K(66048K)->65580K(66048K) Class: 9384K(9728K)->9384K(9728K)
[2026-10-07T08:31:21.936+0000][753.724s][info][gc             ] GC(283) Pause Young (Allocation Failure) 48M->34M(50M) 8.002ms
[2026-10-07T08:31:21.936+0000][753.725s][info][gc,cpu         ] GC(283) User=0.01s Sys=0.00s Real=0.01s
[2026-10-07T08:31:24.652+0000][756.440s][info][gc,start       ] GC(284) Pause Young (Allocation Failure)
[2026-10-07T08:31:24.659+0000][756.447s][info][gc,heap        ] GC(284) DefNew: 15254K(16064K)->768K(16064K) Eden: 14336K(14336K)->0K(14336K) From: 918K(1728K)->768K(1728K)
[2026-10-07T08:31:24.659+0000][756.447s][info][gc,heap        ] GC(284) Tenured: 34236K(35352K)->34308K(35352K)
[2026-10-07T08:31:24.659+0000][756.447s][info][gc,metaspace   ] GC(284) Metaspace: 74964K(75776K)->74964K(75776K) NonClass: 65580K(66048K)->65580K(66048K) Class: 9384K(9728K)->9384K(9728K)
[2026-10-07T08:31:24.659+0000][756.447s][info][gc             ] GC(284) Pause Young (Allocation Failure) 48M->34M(50M) 7.107ms
[2026-10-07T08:31:24.659+0000][756.447s][info][gc,cpu         ] GC(284) User=0.01s Sys=0.00s Real=0.01s
[2026-10-07T08:31:27.223+0000][759.012s][info][gc,start       ] GC(285) Pause Young (Allocation Failure)
[2026-10-07T08:31:27.231+0000][759.019s][info][gc,heap        ] GC(285) DefNew: 15104K(16064K)->917K(16064K) Eden: 14336K(14336K)->0K(14336K) From: 768K(1728K)->917K(1728K)
[2026-10-07T08:31:27.231+0000][759.020s][info][gc,heap        ] GC(285) Tenured: 34308K(35352K)->34308K(35352K)
[2026-10-07T08:31:27.231+0000][759.020s][info][gc,metaspace   ] GC(285) Metaspace: 74964K(75776K)->74964K(75776K) NonClass: 65580K(66048K)->65580K(66048K) Class: 9384K(9728K)->9384K(9728K)
[2026-10-07T08:31:27.231+0000][759.020s][info][gc             ] GC(285) Pause Young (Allocation Failure) 48M->34M(50M) 8.063ms
[2026-10-07T08:31:27.231+0000][759.020s][info][gc,cpu         ] GC(285) User=0.01s Sys=0.00s Real=0.01s
[2026-10-07T08:31:30.200+0000][761.989s][info][gc,start       ] GC(286) Pause Young (Allocation Failure)
[2026-10-07T08:31:30.207+0000][761.996s][info][gc,heap        ] GC(286) DefNew: 15253K(16064K)->831K(16064K) Eden: 14336K(14336K)->0K(14336K) From: 917K(1728K)->831K(1728K)
[2026-10-07T08:31:30.208+0000][761.996s][info][gc,heap        ] GC(286) Tenured: 34308K(35352K)->34376K(35352K)
[2026-10-07T08:31:30.208+0000][761.996s][info][gc,metaspace   ] GC(286) Metaspace: 74964K(75776K)->74964K(75776K) NonClass: 65580K(66048K)->65580K(66048K) Class: 9384K(9728K)->9384K(9728K)
[2026-10-07T08:31:30.208+0000][761.996s][info][gc             ] GC(286) Pause Young (Allocation Failure) 48M->34M(50M) 7.286ms
[2026-10-07T08:31:30.208+0000][761.996s][info][gc,cpu         ] GC(286) User=0.00s Sys=0.00s Real=0.01s
[2026-10-07T08:31:32.852+0000][764.641s][info][gc,start       ] GC(287) Pause Young (Allocation Failure)
[2026-10-07T08:31:32.862+0000][764.651s][info][gc,heap        ] GC(287) DefNew: 15167K(16064K)->965K(16064K) Eden: 14336K(14336K)->0K(14336K) From: 831K(1728K)->965K(1728K)
[2026-10-07T08:31:32.862+0000][764.651s][info][gc,heap        ] GC(287) Tenured: 34376K(35352K)->34376K(35352K)
[2026-10-07T08:31:32.862+0000][764.651s][info][gc,metaspace   ] GC(287) Metaspace: 74964K(75776K)->74964K(75776K) NonClass: 65580K(66048K)->65580K(66048K) Class: 9384K(9728K)->9384K(9728K)
[2026-10-07T08:31:32.862+0000][764.651s][info][gc             ] GC(287) Pause Young (Allocation Failure) 48M->34M(50M) 10.249ms
[2026-10-07T08:31:32.862+0000][764.651s][info][gc,cpu         ] GC(287) User=0.00s Sys=0.00s Real=0.01s
[2026-10-07T08:31:35.398+0000][767.186s][info][gc,start       ] GC(288) Pause Young (Allocation Failure)
[2026-10-07T08:31:35.405+0000][767.194s][info][gc,heap        ] GC(288) DefNew: 15301K(16064K)->867K(16064K) Eden: 14336K(14336K)->0K(14336K) From: 965K(1728K)->867K(1728K)
[2026-10-07T08:31:35.405+0000][767.194s][info][gc,heap        ] GC(288) Tenured: 34376K(35352K)->34488K(35352K)
[2026-10-07T08:31:35.405+0000][767.194s][info][gc,metaspace   ] GC(288) Metaspace: 74968K(75776K)->74968K(75776K) NonClass: 65584K(66048K)->65584K(66048K) Class: 9384K(9728K)->9384K(9728K)
[2026-10-07T08:31:35.405+0000][767.194s][info][gc             ] GC(288) Pause Young (Allocation Failure) 48M->34M(50M) 7.485ms
[2026-10-07T08:31:35.405+0000][767.194s][info][gc,cpu         ] GC(288) User=0.00s Sys=0.00s Real=0.01s
[2026-10-07T08:31:38.075+0000][769.864s][info][gc,start       ] GC(289) Pause Young (Allocation Failure)
[2026-10-07T08:31:38.083+0000][769.872s][info][gc,heap        ] GC(289) DefNew: 15203K(16064K)->883K(16064K) Eden: 14336K(14336K)->0K(14336K) From: 867K(1728K)->883K(1728K)
[2026-10-07T08:31:38.083+0000][769.872s][info][gc,heap        ] GC(289) Tenured: 34488K(35352K)->34521K(35352K)
[2026-10-07T08:31:38.083+0000][769.872s][info][gc,metaspace   ] GC(289) Metaspace: 74970K(75776K)->74970K(75776K) NonClass: 65586K(66048K)->65586K(66048K) Class: 9384K(9728K)->9384K(9728K)
[2026-10-07T08:31:38.083+0000][769.872s][info][gc             ] GC(289) Pause Young (Allocation Failure) 48M->34M(50M) 8.312ms
[2026-10-07T08:31:38.084+0000][769.872s][info][gc,cpu         ] GC(289) User=0.01s Sys=0.00s Real=0.01s
[2026-10-07T08:31:40.944+0000][772.733s][info][gc,start       ] GC(290) Pause Young (Allocation Failure)
[2026-10-07T08:31:40.952+0000][772.741s][info][gc,heap        ] GC(290) DefNew: 15219K(16064K)->823K(16064K) Eden: 14336K(14336K)->0K(14336K) From: 883K(1728K)->823K(1728K)
[2026-10-07T08:31:40.952+0000][772.741s][info][gc,heap        ] GC(290) Tenured: 34521K(35352K)->34554K(35352K)
[2026-10-07T08:31:40.952+0000][772.741s][info][gc,metaspace   ] GC(290) Metaspace: 74972K(75776K)->74972K(75776K) NonClass: 65588K(66048K)->65588K(66048K) Class: 9384K(9728K)->9384K(9728K)
[2026-10-07T08:31:40.952+0000][772.741s][info][gc             ] GC(290) Pause Young (Allocation Failure) 48M->34M(50M) 8.073ms
[2026-10-07T08:31:40.952+0000][772.741s][info][gc,cpu         ] GC(290) User=0.00s Sys=0.01s Real=0.00s
[2026-10-07T08:31:43.590+0000][775.378s][info][gc,start       ] GC(291) Pause Young (Allocation Failure)
[2026-10-07T08:31:43.596+0000][775.385s][info][gc,heap        ] GC(291) DefNew: 15159K(16064K)->905K(16064K) Eden: 14336K(14336K)->0K(14336K) From: 823K(1728K)->905K(1728K)
[2026-10-07T08:31:43.596+0000][775.385s][info][gc,heap        ] GC(291) Tenured: 34554K(35352K)->34554K(35352K)
[2026-10-07T08:31:43.596+0000][775.385s][info][gc,metaspace   ] GC(291) Metaspace: 74978K(75776K)->74978K(75776K) NonClass: 65594K(66048K)->65594K(66048K) Class: 9384K(9728K)->9384K(9728K)
[2026-10-07T08:31:43.596+0000][775.385s][info][gc             ] GC(291) Pause Young (Allocation Failure) 48M->34M(50M) 6.288ms
[2026-10-07T08:31:43.596+0000][775.385s][info][gc,cpu         ] GC(291) User=0.00s Sys=0.00s Real=0.01s
[2026-10-07T08:31:46.341+0000][778.129s][info][gc,start       ] GC(292) Pause Young (Allocation Failure)
[2026-10-07T08:31:46.350+0000][778.138s][info][gc,heap        ] GC(292) DefNew: 15241K(16064K)->880K(16064K) Eden: 14336K(14336K)->0K(14336K) From: 905K(1728K)->880K(1728K)
[2026-10-07T08:31:46.350+0000][778.138s][info][gc,heap        ] GC(292) Tenured: 34554K(35352K)->34612K(35352K)
[2026-10-07T08:31:46.350+0000][778.138s][info][gc,metaspace   ] GC(292) Metaspace: 74978K(75776K)->74978K(75776K) NonClass: 65594K(66048K)->65594K(66048K) Class: 9384K(9728K)->9384K(9728K)
[2026-10-07T08:31:46.350+0000][778.138s][info][gc             ] GC(292) Pause Young (Allocation Failure) 48M->34M(50M) 9.115ms
[2026-10-07T08:31:46.350+0000][778.138s][info][gc,cpu         ] GC(292) User=0.01s Sys=0.00s Real=0.01s
[2026-10-07T08:31:48.837+0000][780.626s][info][gc,start       ] GC(293) Pause Young (Allocation Failure)
[2026-10-07T08:31:48.850+0000][780.639s][info][gc,heap        ] GC(293) DefNew: 15216K(16064K)->940K(16064K) Eden: 14336K(14336K)->0K(14336K) From: 880K(1728K)->940K(1728K)
[2026-10-07T08:31:48.851+0000][780.640s][info][gc,heap        ] GC(293) Tenured: 34612K(35352K)->34641K(35352K)
[2026-10-07T08:31:48.851+0000][780.640s][info][gc,metaspace   ] GC(293) Metaspace: 74978K(75776K)->74978K(75776K) NonClass: 65594K(66048K)->65594K(66048K) Class: 9384K(9728K)->9384K(9728K)
[2026-10-07T08:31:48.851+0000][780.640s][info][gc             ] GC(293) Pause Young (Allocation Failure) 48M->34M(50M) 13.974ms
[2026-10-07T08:31:48.851+0000][780.640s][info][gc,cpu         ] GC(293) User=0.01s Sys=0.00s Real=0.01s
[2026-10-07T08:31:51.461+0000][783.250s][info][gc,start       ] GC(294) Pause Young (Allocation Failure)
[2026-10-07T08:31:51.470+0000][783.258s][info][gc,heap        ] GC(294) DefNew: 15276K(16064K)->834K(16064K) Eden: 14336K(14336K)->0K(14336K) From: 940K(1728K)->834K(1728K)
[2026-10-07T08:31:51.470+0000][783.258s][info][gc,heap        ] GC(294) Tenured: 34641K(35352K)->34737K(35352K)
[2026-10-07T08:31:51.470+0000][783.258s][info][gc,metaspace   ] GC(294) Metaspace: 74978K(75776K)->74978K(75776K) NonClass: 65594K(66048K)->65594K(66048K) Class: 9384K(9728K)->9384K(9728K)
[2026-10-07T08:31:51.470+0000][783.258s][info][gc             ] GC(294) Pause Young (Allocation Failure) 48M->34M(50M) 8.465ms
[2026-10-07T08:31:51.470+0000][783.259s][info][gc,cpu         ] GC(294) User=0.00s Sys=0.00s Real=0.01s
[2026-10-07T08:31:54.167+0000][785.956s][info][gc,start       ] GC(295) Pause Young (Allocation Failure)
[2026-10-07T08:31:54.174+0000][785.963s][info][gc,heap        ] GC(295) DefNew: 15170K(16064K)->881K(16064K) Eden: 14336K(14336K)->0K(14336K) From: 834K(1728K)->881K(1728K)
[2026-10-07T08:31:54.174+0000][785.963s][info][gc,heap        ] GC(295) Tenured: 34737K(35352K)->34737K(35352K)
[2026-10-07T08:31:54.174+0000][785.963s][info][gc,metaspace   ] GC(295) Metaspace: 74980K(75776K)->74980K(75776K) NonClass: 65596K(66048K)->65596K(66048K) Class: 9384K(9728K)->9384K(9728K)
[2026-10-07T08:31:54.174+0000][785.963s][info][gc             ] GC(295) Pause Young (Allocation Failure) 48M->34M(50M) 6.560ms
[2026-10-07T08:31:54.174+0000][785.963s][info][gc,cpu         ] GC(295) User=0.01s Sys=0.00s Real=0.01s
[2026-10-07T08:31:56.847+0000][788.636s][info][gc,start       ] GC(296) Pause Young (Allocation Failure)
[2026-10-07T08:31:56.856+0000][788.644s][info][gc,heap        ] GC(296) DefNew: 15217K(16064K)->897K(16064K) Eden: 14336K(14336K)->0K(14336K) From: 881K(1728K)->897K(1728K)
[2026-10-07T08:31:56.856+0000][788.644s][info][gc,heap        ] GC(296) Tenured: 34737K(35352K)->34774K(35352K)
[2026-10-07T08:31:56.856+0000][788.644s][info][gc,metaspace   ] GC(296) Metaspace: 74982K(75776K)->74982K(75776K) NonClass: 65598K(66048K)->65598K(66048K) Class: 9384K(9728K)->9384K(9728K)
[2026-10-07T08:31:56.856+0000][788.645s][info][gc             ] GC(296) Pause Young (Allocation Failure) 48M->34M(50M) 9.145ms
[2026-10-07T08:31:56.856+0000][788.645s][info][gc,cpu         ] GC(296) User=0.01s Sys=0.00s Real=0.01s
[2026-10-07T08:31:59.243+0000][791.032s][info][gc,start       ] GC(297) Pause Young (Allocation Failure)
[2026-10-07T08:31:59.252+0000][791.041s][info][gc,heap        ] GC(297) DefNew: 15233K(16064K)->1055K(16064K) Eden: 14336K(14336K)->0K(14336K) From: 897K(1728K)->1055K(1728K)
[2026-10-07T08:31:59.252+0000][791.041s][info][gc,heap        ] GC(297) Tenured: 34774K(35352K)->34813K(35352K)
[2026-10-07T08:31:59.252+0000][791.041s][info][gc,metaspace   ] GC(297) Metaspace: 74983K(75776K)->74983K(75776K) NonClass: 65599K(66048K)->65599K(66048K) Class: 9384K(9728K)->9384K(9728K)
[2026-10-07T08:31:59.252+0000][791.041s][info][gc             ] GC(297) Pause Young (Allocation Failure) 48M->35M(50M) 9.511ms
[2026-10-07T08:31:59.253+0000][791.042s][info][gc,cpu         ] GC(297) User=0.01s Sys=0.00s Real=0.01s
[2026-10-07T08:32:01.916+0000][793.705s][info][gc,start       ] GC(298) Pause Young (Allocation Failure)
[2026-10-07T08:32:01.924+0000][793.712s][info][gc,heap        ] GC(298) DefNew: 15391K(16064K)->747K(16064K) Eden: 14336K(14336K)->0K(14336K) From: 1055K(1728K)->747K(1728K)
[2026-10-07T08:32:01.924+0000][793.712s][info][gc,heap        ] GC(298) Tenured: 34813K(35352K)->35010K(35352K)
[2026-10-07T08:32:01.924+0000][793.712s][info][gc,metaspace   ] GC(298) Metaspace: 74984K(75776K)->74984K(75776K) NonClass: 65600K(66048K)->65600K(66048K) Class: 9384K(9728K)->9384K(9728K)
[2026-10-07T08:32:01.924+0000][793.712s][info][gc             ] GC(298) Pause Young (Allocation Failure) 49M->34M(50M) 7.324ms
[2026-10-07T08:32:01.924+0000][793.712s][info][gc,cpu         ] GC(298) User=0.00s Sys=0.00s Real=0.01s
[2026-10-07T08:32:04.630+0000][796.419s][info][gc,start       ] GC(299) Pause Young (Allocation Failure)
[2026-10-07T08:32:04.638+0000][796.426s][info][gc,heap        ] GC(299) DefNew: 15083K(16064K)->718K(16064K) Eden: 14336K(14336K)->0K(14336K) From: 747K(1728K)->718K(1728K)
[2026-10-07T08:32:04.638+0000][796.427s][info][gc,heap        ] GC(299) Tenured: 35010K(35352K)->35010K(35352K)
[2026-10-07T08:32:04.638+0000][796.427s][info][gc,metaspace   ] GC(299) Metaspace: 74984K(75776K)->74984K(75776K) NonClass: 65600K(66048K)->65600K(66048K) Class: 9384K(9728K)->9384K(9728K)
[2026-10-07T08:32:04.638+0000][796.427s][info][gc             ] GC(299) Pause Young (Allocation Failure) 48M->34M(50M) 7.831ms
[2026-10-07T08:32:04.638+0000][796.427s][info][gc,cpu         ] GC(299) User=0.00s Sys=0.00s Real=0.01s
[2026-10-07T08:32:07.287+0000][799.076s][info][gc,start       ] GC(300) Pause Young (Allocation Failure)
[2026-10-07T08:32:07.294+0000][799.083s][info][gc,heap        ] GC(300) DefNew: 15054K(16064K)->842K(16064K) Eden: 14336K(14336K)->0K(14336K) From: 718K(1728K)->842K(1728K)
[2026-10-07T08:32:07.294+0000][799.083s][info][gc,heap        ] GC(300) Tenured: 35010K(35352K)->35010K(35352K)
[2026-10-07T08:32:07.294+0000][799.083s][info][gc,metaspace   ] GC(300) Metaspace: 74984K(75776K)->74984K(75776K) NonClass: 65600K(66048K)->65600K(66048K) Class: 9384K(9728K)->9384K(9728K)
[2026-10-07T08:32:07.294+0000][799.083s][info][gc             ] GC(300) Pause Young (Allocation Failure) 48M->35M(50M) 7.357ms
[2026-10-07T08:32:07.294+0000][799.083s][info][gc,cpu         ] GC(300) User=0.00s Sys=0.00s Real=0.01s
[2026-10-07T08:32:09.932+0000][801.721s][info][gc,start       ] GC(301) Pause Young (Allocation Failure)
[2026-10-07T08:32:09.938+0000][801.727s][info][gc,heap        ] GC(301) DefNew: 15178K(16064K)->866K(16064K) Eden: 14336K(14336K)->0K(14336K) From: 842K(1728K)->866K(1728K)
[2026-10-07T08:32:09.938+0000][801.727s][info][gc,heap        ] GC(301) Tenured: 35010K(35352K)->35010K(35352K)
[2026-10-07T08:32:09.938+0000][801.727s][info][gc,metaspace   ] GC(301) Metaspace: 74986K(75776K)->74986K(75776K) NonClass: 65602K(66048K)->65602K(66048K) Class: 9384K(9728K)->9384K(9728K)
[2026-10-07T08:32:09.938+0000][801.727s][info][gc             ] GC(301) Pause Young (Allocation Failure) 49M->35M(50M) 6.342ms
[2026-10-07T08:32:09.938+0000][801.727s][info][gc,cpu         ] GC(301) User=0.00s Sys=0.00s Real=0.01s
[2026-10-07T08:32:12.720+0000][804.508s][info][gc,start       ] GC(302) Pause Young (Allocation Failure)
[2026-10-07T08:32:12.726+0000][804.515s][info][gc,heap        ] GC(302) DefNew: 15202K(16064K)->925K(16064K) Eden: 14336K(14336K)->0K(14336K) From: 866K(1728K)->925K(1728K)
[2026-10-07T08:32:12.727+0000][804.515s][info][gc,heap        ] GC(302) Tenured: 35010K(35352K)->35042K(35352K)
[2026-10-07T08:32:12.727+0000][804.515s][info][gc,metaspace   ] GC(302) Metaspace: 74986K(75776K)->74986K(75776K) NonClass: 65602K(66048K)->65602K(66048K) Class: 9384K(9728K)->9384K(9728K)
[2026-10-07T08:32:12.727+0000][804.515s][info][gc             ] GC(302) Pause Young (Allocation Failure) 49M->35M(50M) 6.880ms
[2026-10-07T08:32:12.727+0000][804.515s][info][gc,cpu         ] GC(302) User=0.00s Sys=0.00s Real=0.01s
[2026-10-07T08:32:15.313+0000][807.102s][info][gc,start       ] GC(303) Pause Young (Allocation Failure)
[2026-10-07T08:32:15.322+0000][807.110s][info][gc,heap        ] GC(303) DefNew: 15261K(16064K)->869K(16064K) Eden: 14336K(14336K)->0K(14336K) From: 925K(1728K)->869K(1728K)
[2026-10-07T08:32:15.322+0000][807.111s][info][gc,heap        ] GC(303) Tenured: 35042K(35352K)->35123K(35352K)
[2026-10-07T08:32:15.322+0000][807.111s][info][gc,metaspace   ] GC(303) Metaspace: 74986K(75776K)->74986K(75776K) NonClass: 65602K(66048K)->65602K(66048K) Class: 9384K(9728K)->9384K(9728K)
[2026-10-07T08:32:15.322+0000][807.111s][info][gc             ] GC(303) Pause Young (Allocation Failure) 49M->35M(50M) 9.192ms
[2026-10-07T08:32:15.322+0000][807.111s][info][gc,cpu         ] GC(303) User=0.00s Sys=0.00s Real=0.01s
[2026-10-07T08:32:18.028+0000][809.817s][info][gc,start       ] GC(304) Pause Young (Allocation Failure)
[2026-10-07T08:32:18.035+0000][809.823s][info][gc,heap        ] GC(304) DefNew: 15205K(16064K)->952K(16064K) Eden: 14336K(14336K)->0K(14336K) From: 869K(1728K)->952K(1728K)
[2026-10-07T08:32:18.035+0000][809.824s][info][gc,heap        ] GC(304) Tenured: 35123K(35352K)->35158K(35352K)
[2026-10-07T08:32:18.035+0000][809.824s][info][gc,metaspace   ] GC(304) Metaspace: 74986K(75776K)->74986K(75776K) NonClass: 65602K(66048K)->65602K(66048K) Class: 9384K(9728K)->9384K(9728K)
[2026-10-07T08:32:18.035+0000][809.824s][info][gc             ] GC(304) Pause Young (Allocation Failure) 49M->35M(50M) 6.613ms
[2026-10-07T08:32:18.035+0000][809.824s][info][gc,cpu         ] GC(304) User=0.01s Sys=0.00s Real=0.01s
[2026-10-07T08:32:20.668+0000][812.457s][info][gc,start       ] GC(305) Pause Young (Allocation Failure)
[2026-10-07T08:32:20.679+0000][812.467s][info][gc,heap        ] GC(305) DefNew: 15288K(16064K)->871K(16064K) Eden: 14336K(14336K)->0K(14336K) From: 952K(1728K)->871K(1728K)
[2026-10-07T08:32:20.679+0000][812.468s][info][gc,heap        ] GC(305) Tenured: 35158K(35352K)->35269K(35352K)
[2026-10-07T08:32:20.679+0000][812.468s][info][gc,metaspace   ] GC(305) Metaspace: 74987K(75776K)->74987K(75776K) NonClass: 65603K(66048K)->65603K(66048K) Class: 9384K(9728K)->9384K(9728K)
[2026-10-07T08:32:20.679+0000][812.468s][info][gc             ] GC(305) Pause Young (Allocation Failure) 49M->35M(50M) 10.999ms
[2026-10-07T08:32:20.680+0000][812.468s][info][gc,cpu         ] GC(305) User=0.00s Sys=0.00s Real=0.01s
[2026-10-07T08:32:23.248+0000][815.036s][info][gc,start       ] GC(306) Pause Young (Allocation Failure)
[2026-10-07T08:32:23.257+0000][815.046s][info][gc,heap        ] GC(306) DefNew: 15207K(16064K)->862K(16064K) Eden: 14336K(14336K)->0K(14336K) From: 871K(1728K)->862K(1728K)
[2026-10-07T08:32:23.257+0000][815.046s][info][gc,heap        ] GC(306) Tenured: 35269K(35352K)->35318K(35352K)
[2026-10-07T08:32:23.257+0000][815.046s][info][gc,metaspace   ] GC(306) Metaspace: 74987K(75776K)->74987K(75776K) NonClass: 65603K(66048K)->65603K(66048K) Class: 9384K(9728K)->9384K(9728K)
[2026-10-07T08:32:23.257+0000][815.046s][info][gc             ] GC(306) Pause Young (Allocation Failure) 49M->35M(50M) 9.386ms
[2026-10-07T08:32:23.257+0000][815.046s][info][gc,cpu         ] GC(306) User=0.00s Sys=0.01s Real=0.01s
[2026-10-07T08:32:25.711+0000][817.500s][info][gc,start       ] GC(307) Pause Young (Allocation Failure)
[2026-10-07T08:32:25.717+0000][817.506s][info][gc,heap        ] GC(307) DefNew: 15198K(16064K)->922K(16064K) Eden: 14336K(14336K)->0K(14336K) From: 862K(1728K)->922K(1728K)
[2026-10-07T08:32:25.717+0000][817.506s][info][gc,heap        ] GC(307) Tenured: 35318K(35352K)->35318K(35352K)
[2026-10-07T08:32:25.717+0000][817.506s][info][gc,metaspace   ] GC(307) Metaspace: 74989K(75776K)->74989K(75776K) NonClass: 65605K(66048K)->65605K(66048K) Class: 9384K(9728K)->9384K(9728K)
[2026-10-07T08:32:25.717+0000][817.506s][info][gc             ] GC(307) Pause Young (Allocation Failure) 49M->35M(50M) 6.442ms
[2026-10-07T08:32:25.717+0000][817.506s][info][gc,cpu         ] GC(307) User=0.00s Sys=0.00s Real=0.01s
[2026-10-07T08:32:28.309+0000][820.098s][info][gc,start       ] GC(308) Pause Young (Allocation Failure)
[2026-10-07T08:32:28.317+0000][820.106s][info][gc             ] GC(308) Pause Young (Allocation Failure) 49M->35M(50M) 7.573ms
[2026-10-07T08:32:28.317+0000][820.106s][info][gc,cpu         ] GC(308) User=0.00s Sys=0.01s Real=0.01s
[2026-10-07T08:32:28.317+0000][820.106s][info][gc,start       ] GC(309) Pause Full (Allocation Failure)
[2026-10-07T08:32:28.317+0000][820.106s][info][gc,phases,start] GC(309) Phase 1: Mark live objects
[2026-10-07T08:32:28.450+0000][820.239s][info][gc,phases      ] GC(309) Phase 1: Mark live objects 132.806ms
[2026-10-07T08:32:28.450+0000][820.239s][info][gc,phases,start] GC(309) Phase 2: Compute new object addresses
[2026-10-07T08:32:28.464+0000][820.252s][info][gc,phases      ] GC(309) Phase 2: Compute new object addresses 13.661ms
[2026-10-07T08:32:28.464+0000][820.252s][info][gc,phases,start] GC(309) Phase 3: Adjust pointers
[2026-10-07T08:32:28.505+0000][820.294s][info][gc,phases      ] GC(309) Phase 3: Adjust pointers 41.356ms
[2026-10-07T08:32:28.505+0000][820.294s][info][gc,phases,start] GC(309) Phase 4: Move objects
[2026-10-07T08:32:28.509+0000][820.298s][info][gc,phases      ] GC(309) Phase 4: Move objects 4.217ms
[2026-10-07T08:32:28.511+0000][820.300s][info][gc,heap        ] GC(309) DefNew: 15258K(16064K)->0K(21824K) Eden: 14336K(14336K)->0K(19456K) From: 922K(1728K)->0K(2368K)
[2026-10-07T08:32:28.511+0000][820.300s][info][gc,heap        ] GC(309) Tenured: 35318K(35352K)->28831K(48056K)
[2026-10-07T08:32:28.511+0000][820.300s][info][gc,metaspace   ] GC(309) Metaspace: 74989K(75776K)->74741K(75776K) NonClass: 65605K(66048K)->65427K(66048K) Class: 9384K(9728K)->9314K(9728K)
[2026-10-07T08:32:28.511+0000][820.300s][info][gc             ] GC(309) Pause Full (Allocation Failure) 35M->28M(68M) 193.980ms
[2026-10-07T08:32:28.511+0000][820.300s][info][gc,cpu         ] GC(309) User=0.19s Sys=0.00s Real=0.19s
[2026-10-07T08:32:31.742+0000][823.530s][info][gc,start       ] GC(310) Pause Young (Allocation Failure)
[2026-10-07T08:32:31.751+0000][823.540s][info][gc,heap        ] GC(310) DefNew: 19456K(21824K)->681K(21824K) Eden: 19456K(19456K)->0K(19456K) From: 0K(2368K)->681K(2368K)
[2026-10-07T08:32:31.752+0000][823.540s][info][gc,heap        ] GC(310) Tenured: 28831K(48056K)->28831K(48056K)
[2026-10-07T08:32:31.752+0000][823.540s][info][gc,metaspace   ] GC(310) Metaspace: 74746K(75776K)->74746K(75776K) NonClass: 65429K(66048K)->65429K(66048K) Class: 9316K(9728K)->9316K(9728K)
[2026-10-07T08:32:31.752+0000][823.540s][info][gc             ] GC(310) Pause Young (Allocation Failure) 47M->28M(68M) 10.082ms
[2026-10-07T08:32:31.752+0000][823.540s][info][gc,cpu         ] GC(310) User=0.00s Sys=0.00s Real=0.01s
[2026-10-07T08:32:35.377+0000][827.166s][info][gc,start       ] GC(311) Pause Young (Allocation Failure)
[2026-10-07T08:32:35.386+0000][827.174s][info][gc,heap        ] GC(311) DefNew: 20137K(21824K)->702K(21824K) Eden: 19456K(19456K)->0K(19456K) From: 681K(2368K)->702K(2368K)
[2026-10-07T08:32:35.386+0000][827.174s][info][gc,heap        ] GC(311) Tenured: 28831K(48056K)->28831K(48056K)
[2026-10-07T08:32:35.386+0000][827.174s][info][gc,metaspace   ] GC(311) Metaspace: 74746K(75776K)->74746K(75776K) NonClass: 65429K(66048K)->65429K(66048K) Class: 9316K(9728K)->9316K(9728K)
[2026-10-07T08:32:35.386+0000][827.175s][info][gc             ] GC(311) Pause Young (Allocation Failure) 47M->28M(68M) 8.585ms
[2026-10-07T08:32:35.386+0000][827.175s][info][gc,cpu         ] GC(311) User=0.01s Sys=0.00s Real=0.01s
[2026-10-07T08:32:38.823+0000][830.612s][info][gc,start       ] GC(312) Pause Young (Allocation Failure)
[2026-10-07T08:32:38.833+0000][830.622s][info][gc,heap        ] GC(312) DefNew: 20158K(21824K)->897K(21824K) Eden: 19456K(19456K)->0K(19456K) From: 702K(2368K)->897K(2368K)
[2026-10-07T08:32:38.833+0000][830.622s][info][gc,heap        ] GC(312) Tenured: 28831K(48056K)->28831K(48056K)
[2026-10-07T08:32:38.833+0000][830.622s][info][gc,metaspace   ] GC(312) Metaspace: 74746K(75776K)->74746K(75776K) NonClass: 65429K(66048K)->65429K(66048K) Class: 9316K(9728K)->9316K(9728K)
[2026-10-07T08:32:38.833+0000][830.622s][info][gc             ] GC(312) Pause Young (Allocation Failure) 47M->29M(68M) 10.334ms
[2026-10-07T08:32:38.834+0000][830.622s][info][gc,cpu         ] GC(312) User=0.00s Sys=0.00s Real=0.02s
[2026-10-07T08:32:42.505+0000][834.294s][info][gc,start       ] GC(313) Pause Young (Allocation Failure)
[2026-10-07T08:32:42.512+0000][834.301s][info][gc,heap        ] GC(313) DefNew: 20353K(21824K)->913K(21824K) Eden: 19456K(19456K)->0K(19456K) From: 897K(2368K)->913K(2368K)
[2026-10-07T08:32:42.513+0000][834.301s][info][gc,heap        ] GC(313) Tenured: 28831K(48056K)->28831K(48056K)
[2026-10-07T08:32:42.513+0000][834.301s][info][gc,metaspace   ] GC(313) Metaspace: 74746K(75776K)->74746K(75776K) NonClass: 65429K(66048K)->65429K(66048K) Class: 9316K(9728K)->9316K(9728K)
[2026-10-07T08:32:42.513+0000][834.301s][info][gc             ] GC(313) Pause Young (Allocation Failure) 48M->29M(68M) 7.405ms
[2026-10-07T08:32:42.513+0000][834.301s][info][gc,cpu         ] GC(313) User=0.00s Sys=0.00s Real=0.00s
[2026-10-07T08:32:46.086+0000][837.875s][info][gc,start       ] GC(314) Pause Young (Allocation Failure)
[2026-10-07T08:32:46.098+0000][837.886s][info][gc,heap        ] GC(314) DefNew: 20369K(21824K)->1018K(21824K) Eden: 19456K(19456K)->0K(19456K) From: 913K(2368K)->1018K(2368K)
[2026-10-07T08:32:46.098+0000][837.887s][info][gc,heap        ] GC(314) Tenured: 28831K(48056K)->28831K(48056K)
[2026-10-07T08:32:46.098+0000][837.887s][info][gc,metaspace   ] GC(314) Metaspace: 74746K(75776K)->74746K(75776K) NonClass: 65429K(66048K)->65429K(66048K) Class: 9316K(9728K)->9316K(9728K)
[2026-10-07T08:32:46.098+0000][837.887s][info][gc             ] GC(314) Pause Young (Allocation Failure) 48M->29M(68M) 11.804ms
[2026-10-07T08:32:46.098+0000][837.887s][info][gc,cpu         ] GC(314) User=0.01s Sys=0.00s Real=0.01s
[2026-10-07T08:32:49.413+0000][841.202s][info][gc,start       ] GC(315) Pause Young (Allocation Failure)
[2026-10-07T08:32:49.421+0000][841.210s][info][gc,heap        ] GC(315) DefNew: 20474K(21824K)->1086K(21824K) Eden: 19456K(19456K)->0K(19456K) From: 1018K(2368K)->1086K(2368K)
[2026-10-07T08:32:49.421+0000][841.210s][info][gc,heap        ] GC(315) Tenured: 28831K(48056K)->28831K(48056K)
[2026-10-07T08:32:49.421+0000][841.210s][info][gc,metaspace   ] GC(315) Metaspace: 74747K(75776K)->74747K(75776K) NonClass: 65430K(66048K)->65430K(66048K) Class: 9316K(9728K)->9316K(9728K)
[2026-10-07T08:32:49.421+0000][841.210s][info][gc             ] GC(315) Pause Young (Allocation Failure) 48M->29M(68M) 7.639ms
[2026-10-07T08:32:49.421+0000][841.210s][info][gc,cpu         ] GC(315) User=0.01s Sys=0.00s Real=0.01s
[2026-10-07T08:32:52.849+0000][844.637s][info][gc,start       ] GC(316) Pause Young (Allocation Failure)
[2026-10-07T08:32:52.863+0000][844.652s][info][gc,heap        ] GC(316) DefNew: 20542K(21824K)->1165K(21824K) Eden: 19456K(19456K)->0K(19456K) From: 1086K(2368K)->1165K(2368K)
[2026-10-07T08:32:52.863+0000][844.652s][info][gc,heap        ] GC(316) Tenured: 28831K(48056K)->28831K(48056K)
[2026-10-07T08:32:52.863+0000][844.652s][info][gc,metaspace   ] GC(316) Metaspace: 74747K(75776K)->74747K(75776K) NonClass: 65430K(66048K)->65430K(66048K) Class: 9316K(9728K)->9316K(9728K)
[2026-10-07T08:32:52.864+0000][844.652s][info][gc             ] GC(316) Pause Young (Allocation Failure) 48M->29M(68M) 15.036ms
[2026-10-07T08:32:52.864+0000][844.652s][info][gc,cpu         ] GC(316) User=0.01s Sys=0.00s Real=0.02s
[2026-10-07T08:32:56.570+0000][848.359s][info][gc,start       ] GC(317) Pause Young (Allocation Failure)
[2026-10-07T08:32:56.578+0000][848.367s][info][gc,heap        ] GC(317) DefNew: 20621K(21824K)->1251K(21824K) Eden: 19456K(19456K)->0K(19456K) From: 1165K(2368K)->1251K(2368K)
[2026-10-07T08:32:56.578+0000][848.367s][info][gc,heap        ] GC(317) Tenured: 28831K(48056K)->28831K(48056K)
[2026-10-07T08:32:56.578+0000][848.367s][info][gc,metaspace   ] GC(317) Metaspace: 74747K(75776K)->74747K(75776K) NonClass: 65430K(66048K)->65430K(66048K) Class: 9316K(9728K)->9316K(9728K)
[2026-10-07T08:32:56.578+0000][848.367s][info][gc             ] GC(317) Pause Young (Allocation Failure) 48M->29M(68M) 8.038ms
[2026-10-07T08:32:56.579+0000][848.367s][info][gc,cpu         ] GC(317) User=0.01s Sys=0.00s Real=0.01s
[2026-10-07T08:32:59.928+0000][851.716s][info][gc,start       ] GC(318) Pause Young (Allocation Failure)
[2026-10-07T08:32:59.938+0000][851.727s][info][gc,heap        ] GC(318) DefNew: 20707K(21824K)->1145K(21824K) Eden: 19455K(19456K)->0K(19456K) From: 1251K(2368K)->1145K(2368K)
[2026-10-07T08:32:59.938+0000][851.727s][info][gc,heap        ] GC(318) Tenured: 28831K(48056K)->28997K(48056K)
[2026-10-07T08:32:59.938+0000][851.727s][info][gc,metaspace   ] GC(318) Metaspace: 74748K(75776K)->74748K(75776K) NonClass: 65431K(66048K)->65431K(66048K) Class: 9316K(9728K)->9316K(9728K)
[2026-10-07T08:32:59.938+0000][851.727s][info][gc             ] GC(318) Pause Young (Allocation Failure) 48M->29M(68M) 10.522ms
[2026-10-07T08:32:59.938+0000][851.727s][info][gc,cpu         ] GC(318) User=0.01s Sys=0.01s Real=0.01s
[2026-10-07T08:33:03.428+0000][855.217s][info][gc,start       ] GC(319) Pause Young (Allocation Failure)
[2026-10-07T08:33:03.435+0000][855.223s][info][gc,heap        ] GC(319) DefNew: 20601K(21824K)->1290K(21824K) Eden: 19456K(19456K)->0K(19456K) From: 1145K(2368K)->1290K(2368K)
[2026-10-07T08:33:03.435+0000][855.223s][info][gc,heap        ] GC(319) Tenured: 28997K(48056K)->28997K(48056K)
[2026-10-07T08:33:03.435+0000][855.223s][info][gc,metaspace   ] GC(319) Metaspace: 74749K(75776K)->74749K(75776K) NonClass: 65432K(66048K)->65432K(66048K) Class: 9316K(9728K)->9316K(9728K)
[2026-10-07T08:33:03.435+0000][855.224s][info][gc             ] GC(319) Pause Young (Allocation Failure) 48M->29M(68M) 7.019ms
[2026-10-07T08:33:03.435+0000][855.224s][info][gc,cpu         ] GC(319) User=0.01s Sys=0.00s Real=0.01s
[2026-10-07T08:33:07.173+0000][858.961s][info][gc,start       ] GC(320) Pause Young (Allocation Failure)
[2026-10-07T08:33:07.180+0000][858.968s][info][gc,heap        ] GC(320) DefNew: 20746K(21824K)->1054K(21824K) Eden: 19456K(19456K)->0K(19456K) From: 1290K(2368K)->1054K(2368K)
[2026-10-07T08:33:07.180+0000][858.968s][info][gc,heap        ] GC(320) Tenured: 28997K(48056K)->29183K(48056K)
[2026-10-07T08:33:07.180+0000][858.968s][info][gc,metaspace   ] GC(320) Metaspace: 74753K(75776K)->74753K(75776K) NonClass: 65436K(66048K)->65436K(66048K) Class: 9316K(9728K)->9316K(9728K)
[2026-10-07T08:33:07.180+0000][858.968s][info][gc             ] GC(320) Pause Young (Allocation Failure) 48M->29M(68M) 7.021ms
[2026-10-07T08:33:07.180+0000][858.968s][info][gc,cpu         ] GC(320) User=0.01s Sys=0.01s Real=0.01s
[2026-10-07T08:33:10.602+0000][862.391s][info][gc,start       ] GC(321) Pause Young (Allocation Failure)
[2026-10-07T08:33:10.610+0000][862.399s][info][gc,heap        ] GC(321) DefNew: 20510K(21824K)->1183K(21824K) Eden: 19456K(19456K)->0K(19456K) From: 1054K(2368K)->1183K(2368K)
[2026-10-07T08:33:10.610+0000][862.399s][info][gc,heap        ] GC(321) Tenured: 29183K(48056K)->29183K(48056K)
[2026-10-07T08:33:10.610+0000][862.399s][info][gc,metaspace   ] GC(321) Metaspace: 74770K(75776K)->74770K(75776K) NonClass: 65453K(66048K)->65453K(66048K) Class: 9316K(9728K)->9316K(9728K)
[2026-10-07T08:33:10.610+0000][862.399s][info][gc             ] GC(321) Pause Young (Allocation Failure) 48M->29M(68M) 8.099ms
[2026-10-07T08:33:10.611+0000][862.399s][info][gc,cpu         ] GC(321) User=0.00s Sys=0.00s Real=0.01s
[2026-10-07T08:33:14.317+0000][866.106s][info][gc,start       ] GC(322) Pause Young (Allocation Failure)
[2026-10-07T08:33:14.324+0000][866.113s][info][gc,heap        ] GC(322) DefNew: 20639K(21824K)->1307K(21824K) Eden: 19456K(19456K)->0K(19456K) From: 1183K(2368K)->1307K(2368K)
[2026-10-07T08:33:14.325+0000][866.113s][info][gc,heap        ] GC(322) Tenured: 29183K(48056K)->29183K(48056K)
[2026-10-07T08:33:14.325+0000][866.113s][info][gc,metaspace   ] GC(322) Metaspace: 74770K(75776K)->74770K(75776K) NonClass: 65453K(66048K)->65453K(66048K) Class: 9316K(9728K)->9316K(9728K)
[2026-10-07T08:33:14.325+0000][866.113s][info][gc             ] GC(322) Pause Young (Allocation Failure) 48M->29M(68M) 7.545ms
[2026-10-07T08:33:14.325+0000][866.114s][info][gc,cpu         ] GC(322) User=0.00s Sys=0.00s Real=0.01s
[2026-10-07T08:33:18.010+0000][869.799s][info][gc,start       ] GC(323) Pause Young (Allocation Failure)
[2026-10-07T08:33:18.019+0000][869.807s][info][gc,heap        ] GC(323) DefNew: 20763K(21824K)->1238K(21824K) Eden: 19456K(19456K)->0K(19456K) From: 1307K(2368K)->1238K(2368K)
[2026-10-07T08:33:18.019+0000][869.807s][info][gc,heap        ] GC(323) Tenured: 29183K(48056K)->29326K(48056K)
[2026-10-07T08:33:18.019+0000][869.807s][info][gc,metaspace   ] GC(323) Metaspace: 74770K(75776K)->74770K(75776K) NonClass: 65453K(66048K)->65453K(66048K) Class: 9316K(9728K)->9316K(9728K)
[2026-10-07T08:33:18.019+0000][869.807s][info][gc             ] GC(323) Pause Young (Allocation Failure) 48M->29M(68M) 8.317ms
[2026-10-07T08:33:18.019+0000][869.808s][info][gc,cpu         ] GC(323) User=0.00s Sys=0.00s Real=0.01s
[2026-10-07T08:33:21.828+0000][873.617s][info][gc,start       ] GC(324) Pause Young (Allocation Failure)
[2026-10-07T08:33:21.842+0000][873.630s][info][gc,heap        ] GC(324) DefNew: 20694K(21824K)->1209K(21824K) Eden: 19456K(19456K)->0K(19456K) From: 1238K(2368K)->1209K(2368K)
[2026-10-07T08:33:21.842+0000][873.630s][info][gc,heap        ] GC(324) Tenured: 29326K(48056K)->29399K(48056K)
[2026-10-07T08:33:21.842+0000][873.630s][info][gc,metaspace   ] GC(324) Metaspace: 74770K(75776K)->74770K(75776K) NonClass: 65453K(66048K)->65453K(66048K) Class: 9316K(9728K)->9316K(9728K)
[2026-10-07T08:33:21.842+0000][873.630s][info][gc             ] GC(324) Pause Young (Allocation Failure) 48M->29M(68M) 13.748ms
[2026-10-07T08:33:21.842+0000][873.631s][info][gc,cpu         ] GC(324) User=0.01s Sys=0.00s Real=0.01s
[2026-10-07T08:33:25.200+0000][876.989s][info][gc,start       ] GC(325) Pause Young (Allocation Failure)
[2026-10-07T08:33:25.209+0000][876.998s][info][gc,heap        ] GC(325) DefNew: 20665K(21824K)->1164K(21824K) Eden: 19456K(19456K)->0K(19456K) From: 1209K(2368K)->1164K(2368K)
[2026-10-07T08:33:25.209+0000][876.998s][info][gc,heap        ] GC(325) Tenured: 29399K(48056K)->29471K(48056K)
[2026-10-07T08:33:25.209+0000][876.998s][info][gc,metaspace   ] GC(325) Metaspace: 74776K(75776K)->74776K(75776K) NonClass: 65460K(66048K)->65460K(66048K) Class: 9316K(9728K)->9316K(9728K)
[2026-10-07T08:33:25.209+0000][876.998s][info][gc             ] GC(325) Pause Young (Allocation Failure) 48M->29M(68M) 9.246ms
[2026-10-07T08:33:25.209+0000][876.998s][info][gc,cpu         ] GC(325) User=0.01s Sys=0.01s Real=0.01s
[2026-10-07T08:33:28.938+0000][880.727s][info][gc,start       ] GC(326) Pause Young (Allocation Failure)
[2026-10-07T08:33:28.957+0000][880.746s][info][gc,heap        ] GC(326) DefNew: 20620K(21824K)->1321K(21824K) Eden: 19456K(19456K)->0K(19456K) From: 1164K(2368K)->1321K(2368K)
[2026-10-07T08:33:28.957+0000][880.746s][info][gc,heap        ] GC(326) Tenured: 29471K(48056K)->29471K(48056K)
[2026-10-07T08:33:28.957+0000][880.746s][info][gc,metaspace   ] GC(326) Metaspace: 74784K(75776K)->74784K(75776K) NonClass: 65468K(66048K)->65468K(66048K) Class: 9316K(9728K)->9316K(9728K)
[2026-10-07T08:33:28.957+0000][880.746s][info][gc             ] GC(326) Pause Young (Allocation Failure) 48M->30M(68M) 19.026ms
[2026-10-07T08:33:28.957+0000][880.746s][info][gc,cpu         ] GC(326) User=0.02s Sys=0.00s Real=0.02s
