[2026-10-07T06:33:02.865+0000][177.922s][info][gc,start       ] GC(53) Pause Young (Allocation Failure)
[2026-10-07T06:33:02.868+0000][177.925s][info][gc,heap        ] GC(53) DefNew: 10679K(11328K)->586K(11328K) Eden: 10112K(10112K)->0K(10112K) From: 567K(1216K)->586K(1216K)
[2026-10-07T06:33:02.868+0000][177.925s][info][gc,heap        ] GC(53) Tenured: 21280K(25008K)->21280K(25008K)
[2026-10-07T06:33:02.868+0000][177.925s][info][gc,metaspace   ] GC(53) Metaspace: 72167K(72896K)->72167K(72896K) NonClass: 62927K(63296K)->62927K(63296K) Class: 9240K(9600K)->9240K(9600K)
[2026-10-07T06:33:02.869+0000][177.925s][info][gc             ] GC(53) Pause Young (Allocation Failure) 31M->21M(35M) 3.476ms
[2026-10-07T06:33:02.869+0000][177.926s][info][gc,cpu         ] GC(53) User=0.00s Sys=0.00s Real=0.01s
[2026-10-07T06:33:06.488+0000][181.545s][info][gc,start       ] GC(54) Pause Young (Allocation Failure)
[2026-10-07T06:33:06.499+0000][181.556s][info][gc,heap        ] GC(54) DefNew: 10698K(11328K)->1216K(11328K) Eden: 10112K(10112K)->0K(10112K) From: 586K(1216K)->1216K(1216K)
[2026-10-07T06:33:06.500+0000][181.556s][info][gc,heap        ] GC(54) Tenured: 21280K(25008K)->21325K(25008K)
[2026-10-07T06:33:06.500+0000][181.557s][info][gc,metaspace   ] GC(54) Metaspace: 72954K(73728K)->72954K(73728K) NonClass: 63604K(64064K)->63604K(64064K) Class: 9349K(9664K)->9349K(9664K)
[2026-10-07T06:33:06.500+0000][181.557s][info][gc             ] GC(54) Pause Young (Allocation Failure) 31M->22M(35M) 12.296ms
[2026-10-07T06:33:06.500+0000][181.557s][info][gc,cpu         ] GC(54) User=0.01s Sys=0.01s Real=0.01s
[2026-10-07T06:33:07.832+0000][182.889s][info][gc,start       ] GC(55) Pause Young (Allocation Failure)
[2026-10-07T06:33:07.844+0000][182.901s][info][gc,heap        ] GC(55) DefNew: 11328K(11328K)->904K(11328K) Eden: 10112K(10112K)->0K(10112K) From: 1216K(1216K)->904K(1216K)
[2026-10-07T06:33:07.844+0000][182.901s][info][gc,heap        ] GC(55) Tenured: 21325K(25008K)->22376K(25008K)
[2026-10-07T06:33:07.844+0000][182.901s][info][gc,metaspace   ] GC(55) Metaspace: 73133K(73920K)->73133K(73920K) NonClass: 63777K(64192K)->63777K(64192K) Class: 9356K(9728K)->9356K(9728K)
[2026-10-07T06:33:07.844+0000][182.901s][info][gc             ] GC(55) Pause Young (Allocation Failure) 31M->22M(35M) 12.760ms
[2026-10-07T06:33:07.845+0000][182.901s][info][gc,cpu         ] GC(55) User=0.00s Sys=0.00s Real=0.01s
[2026-10-07T06:33:09.344+0000][184.401s][info][gc,start       ] GC(56) Pause Young (Allocation Failure)
[2026-10-07T06:33:09.360+0000][184.417s][info][gc,heap        ] GC(56) DefNew: 11016K(11328K)->852K(11328K) Eden: 10112K(10112K)->0K(10112K) From: 904K(1216K)->852K(1216K)
[2026-10-07T06:33:09.363+0000][184.420s][info][gc,heap        ] GC(56) Tenured: 22376K(25008K)->23111K(25008K)
[2026-10-07T06:33:09.363+0000][184.420s][info][gc,metaspace   ] GC(56) Metaspace: 73222K(74048K)->73222K(74048K) NonClass: 63864K(64320K)->63864K(64320K) Class: 9358K(9728K)->9358K(9728K)
[2026-10-07T06:33:09.364+0000][184.421s][info][gc             ] GC(56) Pause Young (Allocation Failure) 32M->23M(35M) 19.267ms
[2026-10-07T06:33:09.364+0000][184.421s][info][gc,cpu         ] GC(56) User=0.02s Sys=0.00s Real=0.02s
[2026-10-07T06:33:10.737+0000][185.794s][info][gc,start       ] GC(57) Pause Young (Allocation Failure)
[2026-10-07T06:33:10.749+0000][185.806s][info][gc,heap        ] GC(57) DefNew: 10964K(11328K)->822K(11328K) Eden: 10112K(10112K)->0K(10112K) From: 852K(1216K)->822K(1216K)
[2026-10-07T06:33:10.750+0000][185.806s][info][gc,heap        ] GC(57) Tenured: 23111K(25008K)->23831K(25008K)
[2026-10-07T06:33:10.750+0000][185.806s][info][gc,metaspace   ] GC(57) Metaspace: 73310K(74112K)->73310K(74112K) NonClass: 63950K(64384K)->63950K(64384K) Class: 9359K(9728K)->9359K(9728K)
[2026-10-07T06:33:10.750+0000][185.807s][info][gc             ] GC(57) Pause Young (Allocation Failure) 33M->24M(35M) 13.023ms
[2026-10-07T06:33:10.750+0000][185.807s][info][gc,cpu         ] GC(57) User=0.01s Sys=0.00s Real=0.02s
[2026-10-07T06:33:12.272+0000][187.329s][info][gc,start       ] GC(58) Pause Young (Allocation Failure)
[2026-10-07T06:33:12.282+0000][187.339s][info][gc,heap        ] GC(58) DefNew: 10934K(11328K)->476K(11328K) Eden: 10112K(10112K)->0K(10112K) From: 822K(1216K)->476K(1216K)
[2026-10-07T06:33:12.283+0000][187.340s][info][gc,heap        ] GC(58) Tenured: 23831K(25008K)->24553K(25008K)
[2026-10-07T06:33:12.283+0000][187.340s][info][gc,metaspace   ] GC(58) Metaspace: 73376K(74176K)->73376K(74176K) NonClass: 64016K(64448K)->64016K(64448K) Class: 9359K(9728K)->9359K(9728K)
[2026-10-07T06:33:12.283+0000][187.340s][info][gc             ] GC(58) Pause Young (Allocation Failure) 33M->24M(35M) 10.488ms
[2026-10-07T06:33:12.283+0000][187.340s][info][gc,cpu         ] GC(58) User=0.01s Sys=0.00s Real=0.01s
[2026-10-07T06:33:14.159+0000][189.216s][info][gc,start       ] GC(59) Pause Young (Allocation Failure)
[2026-10-07T06:33:14.168+0000][189.225s][info][gc,heap        ] GC(59) DefNew: 10588K(11328K)->738K(11328K) Eden: 10112K(10112K)->0K(10112K) From: 476K(1216K)->738K(1216K)
[2026-10-07T06:33:14.168+0000][189.225s][info][gc,heap        ] GC(59) Tenured: 24553K(25008K)->24553K(25008K)
[2026-10-07T06:33:14.168+0000][189.225s][info][gc,metaspace   ] GC(59) Metaspace: 73404K(74176K)->73404K(74176K) NonClass: 64044K(64448K)->64044K(64448K) Class: 9359K(9728K)->9359K(9728K)
[2026-10-07T06:33:14.168+0000][189.225s][info][gc             ] GC(59) Pause Young (Allocation Failure) 34M->24M(35M) 8.834ms
[2026-10-07T06:33:14.168+0000][189.225s][info][gc,cpu         ] GC(59) User=0.00s Sys=0.00s Real=0.01s
[2026-10-07T06:33:15.766+0000][190.823s][info][gc,start       ] GC(60) Pause Young (Allocation Failure)
[2026-10-07T06:33:15.775+0000][190.832s][info][gc,heap        ] GC(60) DefNew: 10850K(11328K)->729K(11328K) Eden: 10112K(10112K)->0K(10112K) From: 738K(1216K)->729K(1216K)
[2026-10-07T06:33:15.775+0000][190.832s][info][gc,heap        ] GC(60) Tenured: 24553K(25008K)->24783K(25008K)
[2026-10-07T06:33:15.775+0000][190.832s][info][gc,metaspace   ] GC(60) Metaspace: 73432K(74176K)->73432K(74176K) NonClass: 64072K(64448K)->64072K(64448K) Class: 9360K(9728K)->9360K(9728K)
[2026-10-07T06:33:15.775+0000][190.832s][info][gc             ] GC(60) Pause Young (Allocation Failure) 34M->24M(35M) 9.154ms
[2026-10-07T06:33:15.775+0000][190.832s][info][gc,cpu         ] GC(60) User=0.00s Sys=0.00s Real=0.01s
[2026-10-07T06:33:17.545+0000][192.602s][info][gc,start       ] GC(61) Pause Young (Allocation Failure)
[2026-10-07T06:33:17.553+0000][192.609s][info][gc             ] GC(61) Pause Young (Allocation Failure) 34M->25M(35M) 7.353ms
[2026-10-07T06:33:17.553+0000][192.610s][info][gc,cpu         ] GC(61) User=0.00s Sys=0.01s Real=0.01s
[2026-10-07T06:33:17.553+0000][192.610s][info][gc,start       ] GC(62) Pause Full (Allocation Failure)
[2026-10-07T06:33:17.553+0000][192.610s][info][gc,phases,start] GC(62) Phase 1: Mark live objects
[2026-10-07T06:33:17.642+0000][192.699s][info][gc,phases      ] GC(62) Phase 1: Mark live objects 89.498ms
[2026-10-07T06:33:17.642+0000][192.699s][info][gc,phases,start] GC(62) Phase 2: Compute new object addresses
[2026-10-07T06:33:17.657+0000][192.714s][info][gc,phases      ] GC(62) Phase 2: Compute new object addresses 14.827ms
[2026-10-07T06:33:17.657+0000][192.714s][info][gc,phases,start] GC(62) Phase 3: Adjust pointers
[2026-10-07T06:33:17.718+0000][192.775s][info][gc,phases      ] GC(62) Phase 3: Adjust pointers 60.476ms
[2026-10-07T06:33:17.718+0000][192.775s][info][gc,phases,start] GC(62) Phase 4: Move objects
[2026-10-07T06:33:17.729+0000][192.786s][info][gc,phases      ] GC(62) Phase 4: Move objects 11.406ms
[2026-10-07T06:33:17.734+0000][192.791s][info][gc,heap        ] GC(62) DefNew: 10841K(11328K)->0K(16064K) Eden: 10112K(10112K)->0K(14336K) From: 729K(1216K)->0K(1728K)
[2026-10-07T06:33:17.734+0000][192.791s][info][gc,heap        ] GC(62) Tenured: 24783K(25008K)->21145K(35244K)
[2026-10-07T06:33:17.734+0000][192.791s][info][gc,metaspace   ] GC(62) Metaspace: 73456K(74240K)->73452K(74240K) NonClass: 64095K(64512K)->64093K(64512K) Class: 9360K(9728K)->9359K(9728K)
[2026-10-07T06:33:17.734+0000][192.791s][info][gc             ] GC(62) Pause Full (Allocation Failure) 25M->20M(50M) 181.181ms
[2026-10-07T06:33:17.734+0000][192.791s][info][gc,cpu         ] GC(62) User=0.16s Sys=0.00s Real=0.18s
[2026-10-07T06:33:19.941+0000][194.998s][info][gc,start       ] GC(63) Pause Young (Allocation Failure)
[2026-10-07T06:33:19.949+0000][195.006s][info][gc,heap        ] GC(63) DefNew: 14336K(16064K)->500K(16064K) Eden: 14336K(14336K)->0K(14336K) From: 0K(1728K)->500K(1728K)
[2026-10-07T06:33:19.949+0000][195.006s][info][gc,heap        ] GC(63) Tenured: 21145K(35244K)->21145K(35244K)
[2026-10-07T06:33:19.949+0000][195.006s][info][gc,metaspace   ] GC(63) Metaspace: 73459K(74240K)->73459K(74240K) NonClass: 64098K(64512K)->64098K(64512K) Class: 9360K(9728K)->9360K(9728K)
[2026-10-07T06:33:19.949+0000][195.006s][info][gc             ] GC(63) Pause Young (Allocation Failure) 34M->21M(50M) 8.390ms
[2026-10-07T06:33:19.949+0000][195.006s][info][gc,cpu         ] GC(63) User=0.01s Sys=0.01s Real=0.01s
[2026-10-07T06:33:22.361+0000][197.418s][info][gc,start       ] GC(64) Pause Young (Allocation Failure)
[2026-10-07T06:33:22.374+0000][197.431s][info][gc,heap        ] GC(64) DefNew: 14836K(16064K)->711K(16064K) Eden: 14336K(14336K)->0K(14336K) From: 500K(1728K)->711K(1728K)
[2026-10-07T06:33:22.374+0000][197.431s][info][gc,heap        ] GC(64) Tenured: 21145K(35244K)->21145K(35244K)
[2026-10-07T06:33:22.374+0000][197.431s][info][gc,metaspace   ] GC(64) Metaspace: 73475K(74240K)->73475K(74240K) NonClass: 64114K(64512K)->64114K(64512K) Class: 9361K(9728K)->9361K(9728K)
[2026-10-07T06:33:22.375+0000][197.432s][info][gc             ] GC(64) Pause Young (Allocation Failure) 35M->21M(50M) 14.410ms
[2026-10-07T06:33:22.375+0000][197.432s][info][gc,cpu         ] GC(64) User=0.02s Sys=0.00s Real=0.01s
[2026-10-07T06:33:24.954+0000][200.011s][info][gc,start       ] GC(65) Pause Young (Allocation Failure)
[2026-10-07T06:33:24.965+0000][200.022s][info][gc,heap        ] GC(65) DefNew: 15047K(16064K)->841K(16064K) Eden: 14336K(14336K)->0K(14336K) From: 711K(1728K)->841K(1728K)
[2026-10-07T06:33:24.965+0000][200.022s][info][gc,heap        ] GC(65) Tenured: 21145K(35244K)->21145K(35244K)
[2026-10-07T06:33:24.965+0000][200.022s][info][gc,metaspace   ] GC(65) Metaspace: 73509K(74240K)->73509K(74240K) NonClass: 64148K(64512K)->64148K(64512K) Class: 9361K(9728K)->9361K(9728K)
[2026-10-07T06:33:24.965+0000][200.022s][info][gc             ] GC(65) Pause Young (Allocation Failure) 35M->21M(50M) 11.029ms
[2026-10-07T06:33:24.965+0000][200.022s][info][gc,cpu         ] GC(65) User=0.01s Sys=0.00s Real=0.01s
[2026-10-07T06:33:27.401+0000][202.458s][info][gc,start       ] GC(66) Pause Young (Allocation Failure)
[2026-10-07T06:33:27.409+0000][202.465s][info][gc,heap        ] GC(66) DefNew: 15177K(16064K)->992K(16064K) Eden: 14336K(14336K)->0K(14336K) From: 841K(1728K)->992K(1728K)
[2026-10-07T06:33:27.409+0000][202.466s][info][gc,heap        ] GC(66) Tenured: 21145K(35244K)->21145K(35244K)
[2026-10-07T06:33:27.409+0000][202.466s][info][gc,metaspace   ] GC(66) Metaspace: 73538K(74368K)->73538K(74368K) NonClass: 64176K(64640K)->64176K(64640K) Class: 9361K(9728K)->9361K(9728K)
[2026-10-07T06:33:27.409+0000][202.466s][info][gc             ] GC(66) Pause Young (Allocation Failure) 35M->21M(50M) 7.331ms
[2026-10-07T06:33:27.409+0000][202.466s][info][gc,cpu         ] GC(66) User=0.01s Sys=0.01s Real=0.01s
[2026-10-07T06:33:29.946+0000][205.003s][info][gc,start       ] GC(67) Pause Young (Allocation Failure)
[2026-10-07T06:33:29.953+0000][205.010s][info][gc,heap        ] GC(67) DefNew: 15328K(16064K)->900K(16064K) Eden: 14336K(14336K)->0K(14336K) From: 992K(1728K)->900K(1728K)
[2026-10-07T06:33:29.953+0000][205.010s][info][gc,heap        ] GC(67) Tenured: 21145K(35244K)->21333K(35244K)
[2026-10-07T06:33:29.953+0000][205.010s][info][gc,metaspace   ] GC(67) Metaspace: 73562K(74368K)->73562K(74368K) NonClass: 64201K(64640K)->64201K(64640K) Class: 9361K(9728K)->9361K(9728K)
[2026-10-07T06:33:29.953+0000][205.010s][info][gc             ] GC(67) Pause Young (Allocation Failure) 35M->21M(50M) 6.605ms
[2026-10-07T06:33:29.953+0000][205.010s][info][gc,cpu         ] GC(67) User=0.00s Sys=0.00s Real=0.01s
[2026-10-07T06:33:32.438+0000][207.495s][info][gc,start       ] GC(68) Pause Young (Allocation Failure)
[2026-10-07T06:33:32.449+0000][207.506s][info][gc,heap        ] GC(68) DefNew: 15236K(16064K)->745K(16064K) Eden: 14336K(14336K)->0K(14336K) From: 900K(1728K)->745K(1728K)
[2026-10-07T06:33:32.449+0000][207.506s][info][gc,heap        ] GC(68) Tenured: 21333K(35244K)->21514K(35244K)
[2026-10-07T06:33:32.449+0000][207.506s][info][gc,metaspace   ] GC(68) Metaspace: 73629K(74432K)->73629K(74432K) NonClass: 64267K(64704K)->64267K(64704K) Class: 9361K(9728K)->9361K(9728K)
[2026-10-07T06:33:32.449+0000][207.506s][info][gc             ] GC(68) Pause Young (Allocation Failure) 35M->21M(50M) 10.895ms
[2026-10-07T06:33:32.449+0000][207.506s][info][gc,cpu         ] GC(68) User=0.01s Sys=0.00s Real=0.01s
[2026-10-07T06:33:35.334+0000][210.391s][info][gc,start       ] GC(69) Pause Young (Allocation Failure)
[2026-10-07T06:33:35.342+0000][210.399s][info][gc,heap        ] GC(69) DefNew: 15081K(16064K)->869K(16064K) Eden: 14336K(14336K)->0K(14336K) From: 745K(1728K)->869K(1728K)
[2026-10-07T06:33:35.342+0000][210.399s][info][gc,heap        ] GC(69) Tenured: 21514K(35244K)->21514K(35244K)
[2026-10-07T06:33:35.342+0000][210.399s][info][gc,metaspace   ] GC(69) Metaspace: 73633K(74432K)->73633K(74432K) NonClass: 64272K(64704K)->64272K(64704K) Class: 9361K(9728K)->9361K(9728K)
[2026-10-07T06:33:35.342+0000][210.399s][info][gc             ] GC(69) Pause Young (Allocation Failure) 35M->21M(50M) 8.158ms
[2026-10-07T06:33:35.343+0000][210.400s][info][gc,cpu         ] GC(69) User=0.01s Sys=0.00s Real=0.01s
[2026-10-07T06:33:37.895+0000][212.952s][info][gc,start       ] GC(70) Pause Young (Allocation Failure)
[2026-10-07T06:33:37.902+0000][212.959s][info][gc,heap        ] GC(70) DefNew: 15205K(16064K)->804K(16064K) Eden: 14336K(14336K)->0K(14336K) From: 869K(1728K)->804K(1728K)
[2026-10-07T06:33:37.902+0000][212.959s][info][gc,heap        ] GC(70) Tenured: 21514K(35244K)->21617K(35244K)
[2026-10-07T06:33:37.902+0000][212.959s][info][gc,metaspace   ] GC(70) Metaspace: 73690K(74496K)->73690K(74496K) NonClass: 64329K(64768K)->64329K(64768K) Class: 9361K(9728K)->9361K(9728K)
[2026-10-07T06:33:37.902+0000][212.959s][info][gc             ] GC(70) Pause Young (Allocation Failure) 35M->21M(50M) 6.906ms
[2026-10-07T06:33:37.902+0000][212.959s][info][gc,cpu         ] GC(70) User=0.01s Sys=0.01s Real=0.01s
[2026-10-07T06:33:40.426+0000][215.483s][info][gc,start       ] GC(71) Pause Young (Allocation Failure)
[2026-10-07T06:33:40.438+0000][215.495s][info][gc,heap        ] GC(71) DefNew: 15140K(16064K)->851K(16064K) Eden: 14336K(14336K)->0K(14336K) From: 804K(1728K)->851K(1728K)
[2026-10-07T06:33:40.438+0000][215.495s][info][gc,heap        ] GC(71) Tenured: 21617K(35244K)->21617K(35244K)
[2026-10-07T06:33:40.438+0000][215.495s][info][gc,metaspace   ] GC(71) Metaspace: 73691K(74496K)->73691K(74496K) NonClass: 64330K(64768K)->64330K(64768K) Class: 9361K(9728K)->9361K(9728K)
[2026-10-07T06:33:40.441+0000][215.498s][info][gc             ] GC(71) Pause Young (Allocation Failure) 35M->21M(50M) 14.986ms
[2026-10-07T06:33:40.442+0000][215.499s][info][gc,cpu         ] GC(71) User=0.01s Sys=0.00s Real=0.02s
[2026-10-07T06:33:42.991+0000][218.048s][info][gc,start       ] GC(72) Pause Young (Allocation Failure)
[2026-10-07T06:33:42.998+0000][218.055s][info][gc,heap        ] GC(72) DefNew: 15187K(16064K)->897K(16064K) Eden: 14336K(14336K)->0K(14336K) From: 851K(1728K)->897K(1728K)
[2026-10-07T06:33:42.998+0000][218.055s][info][gc,heap        ] GC(72) Tenured: 21617K(35244K)->21617K(35244K)
[2026-10-07T06:33:42.998+0000][218.055s][info][gc,metaspace   ] GC(72) Metaspace: 73703K(74496K)->73703K(74496K) NonClass: 64342K(64768K)->64342K(64768K) Class: 9361K(9728K)->9361K(9728K)
[2026-10-07T06:33:42.998+0000][218.055s][info][gc             ] GC(72) Pause Young (Allocation Failure) 35M->21M(50M) 7.245ms
[2026-10-07T06:33:42.998+0000][218.055s][info][gc,cpu         ] GC(72) User=0.01s Sys=0.00s Real=0.01s
[2026-10-07T06:33:45.582+0000][220.639s][info][gc,start       ] GC(73) Pause Young (Allocation Failure)
[2026-10-07T06:33:45.589+0000][220.646s][info][gc,heap        ] GC(73) DefNew: 15233K(16064K)->858K(16064K) Eden: 14336K(14336K)->0K(14336K) From: 897K(1728K)->858K(1728K)
[2026-10-07T06:33:45.589+0000][220.646s][info][gc,heap        ] GC(73) Tenured: 21617K(35244K)->21728K(35244K)
[2026-10-07T06:33:45.589+0000][220.646s][info][gc,metaspace   ] GC(73) Metaspace: 73741K(74496K)->73741K(74496K) NonClass: 64380K(64768K)->64380K(64768K) Class: 9361K(9728K)->9361K(9728K)
[2026-10-07T06:33:45.590+0000][220.647s][info][gc             ] GC(73) Pause Young (Allocation Failure) 35M->22M(50M) 8.234ms
[2026-10-07T06:33:45.590+0000][220.647s][info][gc,cpu         ] GC(73) User=0.00s Sys=0.00s Real=0.01s
[2026-10-07T06:33:48.110+0000][223.166s][info][gc,start       ] GC(74) Pause Young (Allocation Failure)
[2026-10-07T06:33:48.117+0000][223.174s][info][gc,heap        ] GC(74) DefNew: 15194K(16064K)->955K(16064K) Eden: 14336K(14336K)->0K(14336K) From: 858K(1728K)->955K(1728K)
[2026-10-07T06:33:48.117+0000][223.174s][info][gc,heap        ] GC(74) Tenured: 21728K(35244K)->21728K(35244K)
[2026-10-07T06:33:48.117+0000][223.174s][info][gc,metaspace   ] GC(74) Metaspace: 73765K(74560K)->73765K(74560K) NonClass: 64404K(64832K)->64404K(64832K) Class: 9361K(9728K)->9361K(9728K)
[2026-10-07T06:33:48.117+0000][223.174s][info][gc             ] GC(74) Pause Young (Allocation Failure) 36M->22M(50M) 7.553ms
[2026-10-07T06:33:48.117+0000][223.174s][info][gc,cpu         ] GC(74) User=0.00s Sys=0.00s Real=0.01s
[2026-10-07T06:33:50.600+0000][225.657s][info][gc,start       ] GC(75) Pause Young (Allocation Failure)
[2026-10-07T06:33:50.608+0000][225.665s][info][gc,heap        ] GC(75) DefNew: 15291K(16064K)->911K(16064K) Eden: 14336K(14336K)->0K(14336K) From: 955K(1728K)->911K(1728K)
[2026-10-07T06:33:50.608+0000][225.665s][info][gc,heap        ] GC(75) Tenured: 21728K(35244K)->21902K(35244K)
[2026-10-07T06:33:50.608+0000][225.665s][info][gc,metaspace   ] GC(75) Metaspace: 73766K(74560K)->73766K(74560K) NonClass: 64405K(64832K)->64405K(64832K) Class: 9361K(9728K)->9361K(9728K)
[2026-10-07T06:33:50.608+0000][225.665s][info][gc             ] GC(75) Pause Young (Allocation Failure) 36M->22M(50M) 8.521ms
[2026-10-07T06:33:50.608+0000][225.665s][info][gc,cpu         ] GC(75) User=0.01s Sys=0.00s Real=0.01s
[2026-10-07T06:33:53.699+0000][228.756s][info][gc,start       ] GC(76) Pause Young (Allocation Failure)
[2026-10-07T06:33:53.706+0000][228.763s][info][gc,heap        ] GC(76) DefNew: 15247K(16064K)->782K(16064K) Eden: 14336K(14336K)->0K(14336K) From: 911K(1728K)->782K(1728K)
[2026-10-07T06:33:53.706+0000][228.763s][info][gc,heap        ] GC(76) Tenured: 21902K(35244K)->22008K(35244K)
[2026-10-07T06:33:53.706+0000][228.763s][info][gc,metaspace   ] GC(76) Metaspace: 73803K(74560K)->73803K(74560K) NonClass: 64441K(64832K)->64441K(64832K) Class: 9361K(9728K)->9361K(9728K)
[2026-10-07T06:33:53.706+0000][228.763s][info][gc             ] GC(76) Pause Young (Allocation Failure) 36M->22M(50M) 7.694ms
[2026-10-07T06:33:53.707+0000][228.763s][info][gc,cpu         ] GC(76) User=0.00s Sys=0.00s Real=0.00s
[2026-10-07T06:33:56.016+0000][231.073s][info][gc,start       ] GC(77) Pause Young (Allocation Failure)
[2026-10-07T06:33:56.025+0000][231.082s][info][gc,heap        ] GC(77) DefNew: 15118K(16064K)->877K(16064K) Eden: 14336K(14336K)->0K(14336K) From: 782K(1728K)->877K(1728K)
[2026-10-07T06:33:56.025+0000][231.082s][info][gc,heap        ] GC(77) Tenured: 22008K(35244K)->22008K(35244K)
[2026-10-07T06:33:56.025+0000][231.082s][info][gc,metaspace   ] GC(77) Metaspace: 73816K(74560K)->73816K(74560K) NonClass: 64455K(64832K)->64455K(64832K) Class: 9361K(9728K)->9361K(9728K)
[2026-10-07T06:33:56.025+0000][231.082s][info][gc             ] GC(77) Pause Young (Allocation Failure) 36M->22M(50M) 8.808ms
[2026-10-07T06:33:56.025+0000][231.082s][info][gc,cpu         ] GC(77) User=0.00s Sys=0.00s Real=0.01s
[2026-10-07T06:33:58.752+0000][233.809s][info][gc,start       ] GC(78) Pause Young (Allocation Failure)
[2026-10-07T06:33:58.761+0000][233.818s][info][gc,heap        ] GC(78) DefNew: 15213K(16064K)->966K(16064K) Eden: 14336K(14336K)->0K(14336K) From: 877K(1728K)->966K(1728K)
[2026-10-07T06:33:58.761+0000][233.818s][info][gc,heap        ] GC(78) Tenured: 22008K(35244K)->22054K(35244K)
[2026-10-07T06:33:58.762+0000][233.819s][info][gc,metaspace   ] GC(78) Metaspace: 73870K(74624K)->73870K(74624K) NonClass: 64508K(64896K)->64508K(64896K) Class: 9361K(9728K)->9361K(9728K)
[2026-10-07T06:33:58.762+0000][233.819s][info][gc             ] GC(78) Pause Young (Allocation Failure) 36M->22M(50M) 9.408ms
[2026-10-07T06:33:58.762+0000][233.819s][info][gc,cpu         ] GC(78) User=0.01s Sys=0.00s Real=0.01s
[2026-10-07T06:34:01.228+0000][236.285s][info][gc,start       ] GC(79) Pause Young (Allocation Failure)
[2026-10-07T06:34:01.237+0000][236.294s][info][gc,heap        ] GC(79) DefNew: 15302K(16064K)->788K(16064K) Eden: 14336K(14336K)->0K(14336K) From: 966K(1728K)->788K(1728K)
[2026-10-07T06:34:01.237+0000][236.294s][info][gc,heap        ] GC(79) Tenured: 22054K(35244K)->22251K(35244K)
[2026-10-07T06:34:01.237+0000][236.294s][info][gc,metaspace   ] GC(79) Metaspace: 73887K(74624K)->73887K(74624K) NonClass: 64526K(64896K)->64526K(64896K) Class: 9361K(9728K)->9361K(9728K)
[2026-10-07T06:34:01.237+0000][236.294s][info][gc             ] GC(79) Pause Young (Allocation Failure) 36M->22M(50M) 9.379ms
[2026-10-07T06:34:01.237+0000][236.294s][info][gc,cpu         ] GC(79) User=0.01s Sys=0.00s Real=0.01s
[2026-10-07T06:34:03.823+0000][238.880s][info][gc,start       ] GC(80) Pause Young (Allocation Failure)
[2026-10-07T06:34:03.835+0000][238.892s][info][gc,heap        ] GC(80) DefNew: 15124K(16064K)->943K(16064K) Eden: 14336K(14336K)->0K(14336K) From: 788K(1728K)->943K(1728K)
[2026-10-07T06:34:03.835+0000][238.892s][info][gc,heap        ] GC(80) Tenured: 22251K(35244K)->22251K(35244K)
[2026-10-07T06:34:03.836+0000][238.892s][info][gc,metaspace   ] GC(80) Metaspace: 73892K(74624K)->73892K(74624K) NonClass: 64531K(64896K)->64531K(64896K) Class: 9361K(9728K)->9361K(9728K)
[2026-10-07T06:34:03.836+0000][238.892s][info][gc             ] GC(80) Pause Young (Allocation Failure) 36M->22M(50M) 12.953ms
[2026-10-07T06:34:03.836+0000][238.893s][info][gc,cpu         ] GC(80) User=0.00s Sys=0.00s Real=0.01s
[2026-10-07T06:34:06.357+0000][241.414s][info][gc,start       ] GC(81) Pause Young (Allocation Failure)
[2026-10-07T06:34:06.369+0000][241.426s][info][gc,heap        ] GC(81) DefNew: 15279K(16064K)->892K(16064K) Eden: 14335K(14336K)->0K(14336K) From: 943K(1728K)->892K(1728K)
[2026-10-07T06:34:06.370+0000][241.427s][info][gc,heap        ] GC(81) Tenured: 22251K(35244K)->22340K(35244K)
[2026-10-07T06:34:06.370+0000][241.427s][info][gc,metaspace   ] GC(81) Metaspace: 73905K(74624K)->73905K(74624K) NonClass: 64541K(64896K)->64541K(64896K) Class: 9363K(9728K)->9363K(9728K)
[2026-10-07T06:34:06.371+0000][241.428s][info][gc             ] GC(81) Pause Young (Allocation Failure) 36M->22M(50M) 13.566ms
[2026-10-07T06:34:06.371+0000][241.428s][info][gc,cpu         ] GC(81) User=0.01s Sys=0.00s Real=0.02s
[2026-10-07T06:34:08.996+0000][244.053s][info][gc,start       ] GC(82) Pause Young (Allocation Failure)
[2026-10-07T06:34:09.003+0000][244.060s][info][gc,heap        ] GC(82) DefNew: 15228K(16064K)->995K(16064K) Eden: 14336K(14336K)->0K(14336K) From: 892K(1728K)->995K(1728K)
[2026-10-07T06:34:09.004+0000][244.061s][info][gc,heap        ] GC(82) Tenured: 22340K(35244K)->22384K(35244K)
[2026-10-07T06:34:09.004+0000][244.061s][info][gc,metaspace   ] GC(82) Metaspace: 73908K(74688K)->73908K(74688K) NonClass: 64544K(64960K)->64544K(64960K) Class: 9363K(9728K)->9363K(9728K)
[2026-10-07T06:34:09.004+0000][244.061s][info][gc             ] GC(82) Pause Young (Allocation Failure) 36M->22M(50M) 7.731ms
[2026-10-07T06:34:09.004+0000][244.061s][info][gc,cpu         ] GC(82) User=0.01s Sys=0.00s Real=0.01s
[2026-10-07T06:34:11.273+0000][246.330s][info][gc,start       ] GC(83) Pause Young (Allocation Failure)
[2026-10-07T06:34:11.280+0000][246.337s][info][gc,heap        ] GC(83) DefNew: 15331K(16064K)->809K(16064K) Eden: 14336K(14336K)->0K(14336K) From: 995K(1728K)->809K(1728K)
[2026-10-07T06:34:11.280+0000][246.337s][info][gc,heap        ] GC(83) Tenured: 22384K(35244K)->22534K(35244K)
[2026-10-07T06:34:11.280+0000][246.337s][info][gc,metaspace   ] GC(83) Metaspace: 73937K(74752K)->73937K(74752K) NonClass: 64572K(65024K)->64572K(65024K) Class: 9364K(9728K)->9364K(9728K)
[2026-10-07T06:34:11.280+0000][246.337s][info][gc             ] GC(83) Pause Young (Allocation Failure) 36M->22M(50M) 7.761ms
[2026-10-07T06:34:11.280+0000][246.337s][info][gc,cpu         ] GC(83) User=0.00s Sys=0.00s Real=0.01s
[2026-10-07T06:34:13.894+0000][248.951s][info][gc,start       ] GC(84) Pause Young (Allocation Failure)
[2026-10-07T06:34:13.905+0000][248.962s][info][gc,heap        ] GC(84) DefNew: 15145K(16064K)->939K(16064K) Eden: 14336K(14336K)->0K(14336K) From: 809K(1728K)->939K(1728K)
[2026-10-07T06:34:13.905+0000][248.962s][info][gc,heap        ] GC(84) Tenured: 22534K(35244K)->22534K(35244K)
[2026-10-07T06:34:13.905+0000][248.962s][info][gc,metaspace   ] GC(84) Metaspace: 73942K(74752K)->73942K(74752K) NonClass: 64577K(65024K)->64577K(65024K) Class: 9364K(9728K)->9364K(9728K)
[2026-10-07T06:34:13.905+0000][248.962s][info][gc             ] GC(84) Pause Young (Allocation Failure) 36M->22M(50M) 10.376ms
[2026-10-07T06:34:13.905+0000][248.962s][info][gc,cpu         ] GC(84) User=0.00s Sys=0.01s Real=0.01s
[2026-10-07T06:34:16.230+0000][251.287s][info][gc,start       ] GC(85) Pause Young (Allocation Failure)
[2026-10-07T06:34:16.239+0000][251.296s][info][gc,heap        ] GC(85) DefNew: 15275K(16064K)->883K(16064K) Eden: 14336K(14336K)->0K(14336K) From: 939K(1728K)->883K(1728K)
[2026-10-07T06:34:16.239+0000][251.296s][info][gc,heap        ] GC(85) Tenured: 22534K(35244K)->22612K(35244K)
[2026-10-07T06:34:16.239+0000][251.296s][info][gc,metaspace   ] GC(85) Metaspace: 73944K(74752K)->73944K(74752K) NonClass: 64579K(65024K)->64579K(65024K) Class: 9364K(9728K)->9364K(9728K)
[2026-10-07T06:34:16.239+0000][251.296s][info][gc             ] GC(85) Pause Young (Allocation Failure) 36M->22M(50M) 9.325ms
[2026-10-07T06:34:16.239+0000][251.296s][info][gc,cpu         ] GC(85) User=0.01s Sys=0.00s Real=0.01s
[2026-10-07T06:34:19.351+0000][254.408s][info][gc,start       ] GC(86) Pause Young (Allocation Failure)
[2026-10-07T06:34:19.359+0000][254.416s][info][gc,heap        ] GC(86) DefNew: 15219K(16064K)->883K(16064K) Eden: 14336K(14336K)->0K(14336K) From: 883K(1728K)->883K(1728K)
[2026-10-07T06:34:19.359+0000][254.416s][info][gc,heap        ] GC(86) Tenured: 22612K(35244K)->22686K(35244K)
[2026-10-07T06:34:19.359+0000][254.416s][info][gc,metaspace   ] GC(86) Metaspace: 73954K(74752K)->73954K(74752K) NonClass: 64589K(65024K)->64589K(65024K) Class: 9364K(9728K)->9364K(9728K)
[2026-10-07T06:34:19.359+0000][254.416s][info][gc             ] GC(86) Pause Young (Allocation Failure) 36M->23M(50M) 8.118ms
[2026-10-07T06:34:19.359+0000][254.416s][info][gc,cpu         ] GC(86) User=0.00s Sys=0.00s Real=0.01s
[2026-10-07T06:34:21.852+0000][256.909s][info][gc,start       ] GC(87) Pause Young (Allocation Failure)
[2026-10-07T06:34:21.860+0000][256.917s][info][gc,heap        ] GC(87) DefNew: 15219K(16064K)->855K(16064K) Eden: 14336K(14336K)->0K(14336K) From: 883K(1728K)->855K(1728K)
[2026-10-07T06:34:21.860+0000][256.917s][info][gc,heap        ] GC(87) Tenured: 22686K(35244K)->22731K(35244K)
[2026-10-07T06:34:21.860+0000][256.917s][info][gc,metaspace   ] GC(87) Metaspace: 73961K(74752K)->73961K(74752K) NonClass: 64596K(65024K)->64596K(65024K) Class: 9364K(9728K)->9364K(9728K)
[2026-10-07T06:34:21.860+0000][256.917s][info][gc             ] GC(87) Pause Young (Allocation Failure) 37M->23M(50M) 8.305ms
[2026-10-07T06:34:21.860+0000][256.917s][info][gc,cpu         ] GC(87) User=0.01s Sys=0.00s Real=0.01s
[2026-10-07T06:34:24.642+0000][259.699s][info][gc,start       ] GC(88) Pause Young (Allocation Failure)
[2026-10-07T06:34:24.649+0000][259.706s][info][gc,heap        ] GC(88) DefNew: 15191K(16064K)->939K(16064K) Eden: 14336K(14336K)->0K(14336K) From: 855K(1728K)->939K(1728K)
[2026-10-07T06:34:24.649+0000][259.706s][info][gc,heap        ] GC(88) Tenured: 22731K(35244K)->22731K(35244K)
[2026-10-07T06:34:24.649+0000][259.706s][info][gc,metaspace   ] GC(88) Metaspace: 73969K(74752K)->73969K(74752K) NonClass: 64604K(65024K)->64604K(65024K) Class: 9365K(9728K)->9365K(9728K)
[2026-10-07T06:34:24.650+0000][259.706s][info][gc             ] GC(88) Pause Young (Allocation Failure) 37M->23M(50M) 7.835ms
[2026-10-07T06:34:24.650+0000][259.706s][info][gc,cpu         ] GC(88) User=0.00s Sys=0.00s Real=0.01s
[2026-10-07T06:34:26.884+0000][261.941s][info][gc,start       ] GC(89) Pause Young (Allocation Failure)
[2026-10-07T06:34:26.894+0000][261.951s][info][gc,heap        ] GC(89) DefNew: 15275K(16064K)->1055K(16064K) Eden: 14336K(14336K)->0K(14336K) From: 939K(1728K)->1055K(1728K)
[2026-10-07T06:34:26.895+0000][261.952s][info][gc,heap        ] GC(89) Tenured: 22731K(35244K)->22857K(35244K)
[2026-10-07T06:34:26.895+0000][261.952s][info][gc,metaspace   ] GC(89) Metaspace: 73985K(74752K)->73985K(74752K) NonClass: 64619K(65024K)->64619K(65024K) Class: 9365K(9728K)->9365K(9728K)
[2026-10-07T06:34:26.895+0000][261.952s][info][gc             ] GC(89) Pause Young (Allocation Failure) 37M->23M(50M) 10.415ms
[2026-10-07T06:34:26.895+0000][261.952s][info][gc,cpu         ] GC(89) User=0.01s Sys=0.00s Real=0.01s
[2026-10-07T06:34:29.644+0000][264.701s][info][gc,start       ] GC(90) Pause Young (Allocation Failure)
[2026-10-07T06:34:29.651+0000][264.708s][info][gc,heap        ] GC(90) DefNew: 15385K(16064K)->928K(16064K) Eden: 14329K(14336K)->0K(14336K) From: 1055K(1728K)->928K(1728K)
[2026-10-07T06:34:29.652+0000][264.708s][info][gc,heap        ] GC(90) Tenured: 22857K(35244K)->23109K(35244K)
[2026-10-07T06:34:29.652+0000][264.708s][info][gc,metaspace   ] GC(90) Metaspace: 73996K(74752K)->73996K(74752K) NonClass: 64630K(65024K)->64630K(65024K) Class: 9365K(9728K)->9365K(9728K)
[2026-10-07T06:34:29.652+0000][264.708s][info][gc             ] GC(90) Pause Young (Allocation Failure) 37M->23M(50M) 7.737ms
[2026-10-07T06:34:29.652+0000][264.709s][info][gc,cpu         ] GC(90) User=0.01s Sys=0.00s Real=0.01s
[2026-10-07T06:34:32.446+0000][267.503s][info][gc,start       ] GC(91) Pause Young (Allocation Failure)
[2026-10-07T06:34:32.454+0000][267.510s][info][gc,heap        ] GC(91) DefNew: 15264K(16064K)->814K(16064K) Eden: 14336K(14336K)->0K(14336K) From: 928K(1728K)->814K(1728K)
[2026-10-07T06:34:32.454+0000][267.510s][info][gc,heap        ] GC(91) Tenured: 23109K(35244K)->23209K(35244K)
[2026-10-07T06:34:32.454+0000][267.511s][info][gc,metaspace   ] GC(91) Metaspace: 74004K(74752K)->74004K(74752K) NonClass: 64639K(65024K)->64639K(65024K) Class: 9365K(9728K)->9365K(9728K)
[2026-10-07T06:34:32.454+0000][267.511s][info][gc             ] GC(91) Pause Young (Allocation Failure) 37M->23M(50M) 7.233ms
[2026-10-07T06:34:32.454+0000][267.511s][info][gc,cpu         ] GC(91) User=0.01s Sys=0.00s Real=0.01s
[2026-10-07T06:34:35.044+0000][270.101s][info][gc,start       ] GC(92) Pause Young (Allocation Failure)
[2026-10-07T06:34:35.051+0000][270.108s][info][gc,heap        ] GC(92) DefNew: 15150K(16064K)->1035K(16064K) Eden: 14336K(14336K)->0K(14336K) From: 814K(1728K)->1035K(1728K)
[2026-10-07T06:34:35.051+0000][270.108s][info][gc,heap        ] GC(92) Tenured: 23209K(35244K)->23209K(35244K)
[2026-10-07T06:34:35.051+0000][270.108s][info][gc,metaspace   ] GC(92) Metaspace: 74009K(74816K)->74009K(74816K) NonClass: 64643K(65088K)->64643K(65088K) Class: 9365K(9728K)->9365K(9728K)
[2026-10-07T06:34:35.051+0000][270.108s][info][gc             ] GC(92) Pause Young (Allocation Failure) 37M->23M(50M) 7.555ms
[2026-10-07T06:34:35.051+0000][270.108s][info][gc,cpu         ] GC(92) User=0.00s Sys=0.00s Real=0.01s
[2026-10-07T06:34:37.740+0000][272.797s][info][gc,start       ] GC(93) Pause Young (Allocation Failure)
[2026-10-07T06:34:37.751+0000][272.808s][info][gc,heap        ] GC(93) DefNew: 15371K(16064K)->709K(16064K) Eden: 14336K(14336K)->0K(14336K) From: 1035K(1728K)->709K(1728K)
[2026-10-07T06:34:37.751+0000][272.808s][info][gc,heap        ] GC(93) Tenured: 23209K(35244K)->23525K(35244K)
[2026-10-07T06:34:37.751+0000][272.808s][info][gc,metaspace   ] GC(93) Metaspace: 74010K(74816K)->74010K(74816K) NonClass: 64644K(65088K)->64644K(65088K) Class: 9365K(9728K)->9365K(9728K)
[2026-10-07T06:34:37.751+0000][272.808s][info][gc             ] GC(93) Pause Young (Allocation Failure) 37M->23M(50M) 11.330ms
[2026-10-07T06:34:37.751+0000][272.808s][info][gc,cpu         ] GC(93) User=0.00s Sys=0.00s Real=0.01s
[2026-10-07T06:34:40.196+0000][275.252s][info][gc,start       ] GC(94) Pause Young (Allocation Failure)
[2026-10-07T06:34:40.204+0000][275.261s][info][gc,heap        ] GC(94) DefNew: 15045K(16064K)->846K(16064K) Eden: 14336K(14336K)->0K(14336K) From: 709K(1728K)->846K(1728K)
[2026-10-07T06:34:40.204+0000][275.261s][info][gc,heap        ] GC(94) Tenured: 23525K(35244K)->23525K(35244K)
[2026-10-07T06:34:40.204+0000][275.261s][info][gc,metaspace   ] GC(94) Metaspace: 74018K(74816K)->74018K(74816K) NonClass: 64652K(65088K)->64652K(65088K) Class: 9365K(9728K)->9365K(9728K)
[2026-10-07T06:34:40.204+0000][275.261s][info][gc             ] GC(94) Pause Young (Allocation Failure) 37M->23M(50M) 8.780ms
[2026-10-07T06:34:40.204+0000][275.261s][info][gc,cpu         ] GC(94) User=0.01s Sys=0.00s Real=0.01s
[2026-10-07T06:34:42.848+0000][277.905s][info][gc,start       ] GC(95) Pause Young (Allocation Failure)
[2026-10-07T06:34:42.860+0000][277.917s][info][gc,heap        ] GC(95) DefNew: 15182K(16064K)->853K(16064K) Eden: 14336K(14336K)->0K(14336K) From: 846K(1728K)->853K(1728K)
[2026-10-07T06:34:42.860+0000][277.917s][info][gc,heap        ] GC(95) Tenured: 23525K(35244K)->23525K(35244K)
[2026-10-07T06:34:42.860+0000][277.917s][info][gc,metaspace   ] GC(95) Metaspace: 74023K(74816K)->74023K(74816K) NonClass: 64657K(65088K)->64657K(65088K) Class: 9365K(9728K)->9365K(9728K)
[2026-10-07T06:34:42.860+0000][277.917s][info][gc             ] GC(95) Pause Young (Allocation Failure) 37M->23M(50M) 11.952ms
[2026-10-07T06:34:42.860+0000][277.917s][info][gc,cpu         ] GC(95) User=0.01s Sys=0.00s Real=0.01s
[2026-10-07T06:34:45.535+0000][280.592s][info][gc,start       ] GC(96) Pause Young (Allocation Failure)
[2026-10-07T06:34:45.543+0000][280.600s][info][gc,heap        ] GC(96) DefNew: 15189K(16064K)->983K(16064K) Eden: 14336K(14336K)->0K(14336K) From: 853K(1728K)->983K(1728K)
[2026-10-07T06:34:45.543+0000][280.600s][info][gc,heap        ] GC(96) Tenured: 23525K(35244K)->23525K(35244K)
[2026-10-07T06:34:45.543+0000][280.600s][info][gc,metaspace   ] GC(96) Metaspace: 74026K(74816K)->74026K(74816K) NonClass: 64660K(65088K)->64660K(65088K) Class: 9365K(9728K)->9365K(9728K)
[2026-10-07T06:34:45.543+0000][280.600s][info][gc             ] GC(96) Pause Young (Allocation Failure) 37M->23M(50M) 8.067ms
[2026-10-07T06:34:45.543+0000][280.600s][info][gc,cpu         ] GC(96) User=0.00s Sys=0.00s Real=0.01s
[2026-10-07T06:34:48.145+0000][283.202s][info][gc,start       ] GC(97) Pause Young (Allocation Failure)
[2026-10-07T06:34:48.153+0000][283.210s][info][gc,heap        ] GC(97) DefNew: 15319K(16064K)->814K(16064K) Eden: 14336K(14336K)->0K(14336K) From: 983K(1728K)->814K(1728K)
[2026-10-07T06:34:48.153+0000][283.210s][info][gc,heap        ] GC(97) Tenured: 23525K(35244K)->23656K(35244K)
[2026-10-07T06:34:48.153+0000][283.210s][info][gc,metaspace   ] GC(97) Metaspace: 74033K(74816K)->74033K(74816K) NonClass: 64667K(65088K)->64667K(65088K) Class: 9365K(9728K)->9365K(9728K)
[2026-10-07T06:34:48.154+0000][283.210s][info][gc             ] GC(97) Pause Young (Allocation Failure) 37M->23M(50M) 8.706ms
[2026-10-07T06:34:48.154+0000][283.210s][info][gc,cpu         ] GC(97) User=0.01s Sys=0.00s Real=0.01s
[2026-10-07T06:34:51.048+0000][286.105s][info][gc,start       ] GC(98) Pause Young (Allocation Failure)
[2026-10-07T06:34:51.056+0000][286.113s][info][gc,heap        ] GC(98) DefNew: 15150K(16064K)->837K(16064K) Eden: 14336K(14336K)->0K(14336K) From: 814K(1728K)->837K(1728K)
[2026-10-07T06:34:51.056+0000][286.113s][info][gc,heap        ] GC(98) Tenured: 23656K(35244K)->23656K(35244K)
[2026-10-07T06:34:51.056+0000][286.113s][info][gc,metaspace   ] GC(98) Metaspace: 74042K(74816K)->74042K(74816K) NonClass: 64676K(65088K)->64676K(65088K) Class: 9365K(9728K)->9365K(9728K)
[2026-10-07T06:34:51.056+0000][286.113s][info][gc             ] GC(98) Pause Young (Allocation Failure) 37M->23M(50M) 7.695ms
[2026-10-07T06:34:51.057+0000][286.114s][info][gc,cpu         ] GC(98) User=0.00s Sys=0.00s Real=0.00s
[2026-10-07T06:34:53.637+0000][288.694s][info][gc,start       ] GC(99) Pause Young (Allocation Failure)
[2026-10-07T06:34:53.650+0000][288.707s][info][gc,heap        ] GC(99) DefNew: 15173K(16064K)->970K(16064K) Eden: 14336K(14336K)->0K(14336K) From: 837K(1728K)->970K(1728K)
[2026-10-07T06:34:53.650+0000][288.707s][info][gc,heap        ] GC(99) Tenured: 23656K(35244K)->23656K(35244K)
[2026-10-07T06:34:53.650+0000][288.707s][info][gc,metaspace   ] GC(99) Metaspace: 74051K(74816K)->74051K(74816K) NonClass: 64685K(65088K)->64685K(65088K) Class: 9365K(9728K)->9365K(9728K)
[2026-10-07T06:34:53.650+0000][288.707s][info][gc             ] GC(99) Pause Young (Allocation Failure) 37M->24M(50M) 13.750ms
[2026-10-07T06:34:53.650+0000][288.707s][info][gc,cpu         ] GC(99) User=0.01s Sys=0.00s Real=0.02s
[2026-10-07T06:34:55.907+0000][290.964s][info][gc,start       ] GC(100) Pause Young (Allocation Failure)
[2026-10-07T06:34:55.917+0000][290.974s][info][gc,heap        ] GC(100) DefNew: 15306K(16064K)->997K(16064K) Eden: 14336K(14336K)->0K(14336K) From: 970K(1728K)->997K(1728K)
[2026-10-07T06:34:55.917+0000][290.974s][info][gc,heap        ] GC(100) Tenured: 23656K(35244K)->23813K(35244K)
[2026-10-07T06:34:55.917+0000][290.974s][info][gc,metaspace   ] GC(100) Metaspace: 74056K(74816K)->74056K(74816K) NonClass: 64688K(65088K)->64688K(65088K) Class: 9367K(9728K)->9367K(9728K)
[2026-10-07T06:34:55.917+0000][290.974s][info][gc             ] GC(100) Pause Young (Allocation Failure) 38M->24M(50M) 9.485ms
[2026-10-07T06:34:55.917+0000][290.974s][info][gc,cpu         ] GC(100) User=0.01s Sys=0.00s Real=0.00s
[2026-10-07T06:34:58.530+0000][293.587s][info][gc,start       ] GC(101) Pause Young (Allocation Failure)
[2026-10-07T06:34:58.548+0000][293.605s][info][gc,heap        ] GC(101) DefNew: 15333K(16064K)->1026K(16064K) Eden: 14336K(14336K)->0K(14336K) From: 997K(1728K)->1026K(1728K)
[2026-10-07T06:34:58.548+0000][293.605s][info][gc,heap        ] GC(101) Tenured: 23813K(35244K)->23961K(35244K)
[2026-10-07T06:34:58.548+0000][293.605s][info][gc,metaspace   ] GC(101) Metaspace: 74101K(74880K)->74101K(74880K) NonClass: 64733K(65152K)->64733K(65152K) Class: 9367K(9728K)->9367K(9728K)
[2026-10-07T06:34:58.548+0000][293.605s][info][gc             ] GC(101) Pause Young (Allocation Failure) 38M->24M(50M) 17.385ms
[2026-10-07T06:34:58.548+0000][293.605s][info][gc,cpu         ] GC(101) User=0.01s Sys=0.00s Real=0.02s
[2026-10-07T06:35:00.988+0000][296.045s][info][gc,start       ] GC(102) Pause Young (Allocation Failure)
[2026-10-07T06:35:00.995+0000][296.052s][info][gc,heap        ] GC(102) DefNew: 15362K(16064K)->829K(16064K) Eden: 14336K(14336K)->0K(14336K) From: 1026K(1728K)->829K(1728K)
[2026-10-07T06:35:00.995+0000][296.052s][info][gc,heap        ] GC(102) Tenured: 23961K(35244K)->24159K(35244K)
[2026-10-07T06:35:00.995+0000][296.052s][info][gc,metaspace   ] GC(102) Metaspace: 74102K(74880K)->74102K(74880K) NonClass: 64734K(65152K)->64734K(65152K) Class: 9367K(9728K)->9367K(9728K)
[2026-10-07T06:35:00.995+0000][296.052s][info][gc             ] GC(102) Pause Young (Allocation Failure) 38M->24M(50M) 7.484ms
[2026-10-07T06:35:00.995+0000][296.052s][info][gc,cpu         ] GC(102) User=0.00s Sys=0.00s Real=0.00s
[2026-10-07T06:35:03.514+0000][298.571s][info][gc,start       ] GC(103) Pause Young (Allocation Failure)
[2026-10-07T06:35:03.527+0000][298.584s][info][gc,heap        ] GC(103) DefNew: 15165K(16064K)->1003K(16064K) Eden: 14336K(14336K)->0K(14336K) From: 829K(1728K)->1003K(1728K)
[2026-10-07T06:35:03.527+0000][298.584s][info][gc,heap        ] GC(103) Tenured: 24159K(35244K)->24159K(35244K)
[2026-10-07T06:35:03.527+0000][298.584s][info][gc,metaspace   ] GC(103) Metaspace: 74103K(74880K)->74103K(74880K) NonClass: 64735K(65152K)->64735K(65152K) Class: 9367K(9728K)->9367K(9728K)
[2026-10-07T06:35:03.527+0000][298.584s][info][gc             ] GC(103) Pause Young (Allocation Failure) 38M->24M(50M) 13.281ms
[2026-10-07T06:35:03.527+0000][298.584s][info][gc,cpu         ] GC(103) User=0.01s Sys=0.00s Real=0.02s
[2026-10-07T06:35:06.060+0000][301.117s][info][gc,start       ] GC(104) Pause Young (Allocation Failure)
[2026-10-07T06:35:06.070+0000][301.127s][info][gc,heap        ] GC(104) DefNew: 15339K(16064K)->804K(16064K) Eden: 14336K(14336K)->0K(14336K) From: 1003K(1728K)->804K(1728K)
[2026-10-07T06:35:06.070+0000][301.127s][info][gc,heap        ] GC(104) Tenured: 24159K(35244K)->24464K(35244K)
[2026-10-07T06:35:06.070+0000][301.127s][info][gc,metaspace   ] GC(104) Metaspace: 74109K(74880K)->74109K(74880K) NonClass: 64741K(65152K)->64741K(65152K) Class: 9367K(9728K)->9367K(9728K)
[2026-10-07T06:35:06.070+0000][301.127s][info][gc             ] GC(104) Pause Young (Allocation Failure) 38M->24M(50M) 9.963ms
[2026-10-07T06:35:06.070+0000][301.127s][info][gc,cpu         ] GC(104) User=0.01s Sys=0.00s Real=0.01s
[2026-10-07T06:35:08.292+0000][303.349s][info][gc,start       ] GC(105) Pause Young (Allocation Failure)
[2026-10-07T06:35:08.304+0000][303.361s][info][gc,heap        ] GC(105) DefNew: 15140K(16064K)->1728K(16064K) Eden: 14336K(14336K)->0K(14336K) From: 804K(1728K)->1728K(1728K)
[2026-10-07T06:35:08.304+0000][303.361s][info][gc,heap        ] GC(105) Tenured: 24464K(35244K)->24464K(35244K)
[2026-10-07T06:35:08.304+0000][303.361s][info][gc,metaspace   ] GC(105) Metaspace: 74261K(75008K)->74261K(75008K) NonClass: 64893K(65280K)->64893K(65280K) Class: 9367K(9728K)->9367K(9728K)
[2026-10-07T06:35:08.305+0000][303.362s][info][gc             ] GC(105) Pause Young (Allocation Failure) 38M->25M(50M) 13.107ms
[2026-10-07T06:35:08.305+0000][303.362s][info][gc,cpu         ] GC(105) User=0.01s Sys=0.00s Real=0.01s
[2026-10-07T06:35:10.371+0000][305.428s][info][gc,start       ] GC(106) Pause Young (Allocation Failure)
[2026-10-07T06:35:10.386+0000][305.443s][info][gc,heap        ] GC(106) DefNew: 16064K(16064K)->1207K(16064K) Eden: 14336K(14336K)->0K(14336K) From: 1728K(1728K)->1207K(1728K)
[2026-10-07T06:35:10.386+0000][305.443s][info][gc,heap        ] GC(106) Tenured: 24464K(35244K)->25892K(35244K)
[2026-10-07T06:35:10.386+0000][305.443s][info][gc,metaspace   ] GC(106) Metaspace: 74282K(75008K)->74282K(75008K) NonClass: 64913K(65280K)->64913K(65280K) Class: 9368K(9728K)->9368K(9728K)
[2026-10-07T06:35:10.386+0000][305.443s][info][gc             ] GC(106) Pause Young (Allocation Failure) 39M->26M(50M) 15.094ms
[2026-10-07T06:35:10.386+0000][305.443s][info][gc,cpu         ] GC(106) User=0.01s Sys=0.00s Real=0.01s
[2026-10-07T06:35:12.772+0000][307.829s][info][gc,start       ] GC(107) Pause Young (Allocation Failure)
[2026-10-07T06:35:12.781+0000][307.838s][info][gc,heap        ] GC(107) DefNew: 15543K(16064K)->848K(16064K) Eden: 14335K(14336K)->0K(14336K) From: 1207K(1728K)->848K(1728K)
[2026-10-07T06:35:12.782+0000][307.838s][info][gc,heap        ] GC(107) Tenured: 25892K(35244K)->26793K(35244K)
[2026-10-07T06:35:12.782+0000][307.838s][info][gc,metaspace   ] GC(107) Metaspace: 74300K(75072K)->74300K(75072K) NonClass: 64931K(65344K)->64931K(65344K) Class: 9369K(9728K)->9369K(9728K)
[2026-10-07T06:35:12.782+0000][307.839s][info][gc             ] GC(107) Pause Young (Allocation Failure) 40M->26M(50M) 9.970ms
[2026-10-07T06:35:12.782+0000][307.839s][info][gc,cpu         ] GC(107) User=0.01s Sys=0.00s Real=0.01s
[2026-10-07T06:35:15.350+0000][310.407s][info][gc,start       ] GC(108) Pause Young (Allocation Failure)
[2026-10-07T06:35:15.358+0000][310.415s][info][gc,heap        ] GC(108) DefNew: 15184K(16064K)->1259K(16064K) Eden: 14336K(14336K)->0K(14336K) From: 848K(1728K)->1259K(1728K)
[2026-10-07T06:35:15.358+0000][310.415s][info][gc,heap        ] GC(108) Tenured: 26793K(35244K)->26793K(35244K)
[2026-10-07T06:35:15.358+0000][310.415s][info][gc,metaspace   ] GC(108) Metaspace: 74308K(75072K)->74308K(75072K) NonClass: 64939K(65344K)->64939K(65344K) Class: 9369K(9728K)->9369K(9728K)
[2026-10-07T06:35:15.359+0000][310.416s][info][gc             ] GC(108) Pause Young (Allocation Failure) 40M->27M(50M) 9.296ms
[2026-10-07T06:35:15.359+0000][310.416s][info][gc,cpu         ] GC(108) User=0.01s Sys=0.00s Real=0.01s
[2026-10-07T06:35:17.808+0000][312.865s][info][gc,start       ] GC(109) Pause Young (Allocation Failure)
[2026-10-07T06:35:17.817+0000][312.873s][info][gc,heap        ] GC(109) DefNew: 15595K(16064K)->969K(16064K) Eden: 14336K(14336K)->0K(14336K) From: 1259K(1728K)->969K(1728K)
[2026-10-07T06:35:17.817+0000][312.874s][info][gc,heap        ] GC(109) Tenured: 26793K(35244K)->27331K(35244K)
[2026-10-07T06:35:17.817+0000][312.874s][info][gc,metaspace   ] GC(109) Metaspace: 74328K(75072K)->74328K(75072K) NonClass: 64958K(65344K)->64958K(65344K) Class: 9369K(9728K)->9369K(9728K)
[2026-10-07T06:35:17.817+0000][312.874s][info][gc             ] GC(109) Pause Young (Allocation Failure) 41M->27M(50M) 9.698ms
[2026-10-07T06:35:17.818+0000][312.874s][info][gc,cpu         ] GC(109) User=0.00s Sys=0.00s Real=0.01s
[2026-10-07T06:35:20.365+0000][315.422s][info][gc,start       ] GC(110) Pause Young (Allocation Failure)
[2026-10-07T06:35:20.414+0000][315.471s][info][gc,heap        ] GC(110) DefNew: 15305K(16064K)->841K(16064K) Eden: 14336K(14336K)->0K(14336K) From: 969K(1728K)->841K(1728K)
[2026-10-07T06:35:20.415+0000][315.471s][info][gc,heap        ] GC(110) Tenured: 27331K(35244K)->27685K(35244K)
[2026-10-07T06:35:20.415+0000][315.471s][info][gc,metaspace   ] GC(110) Metaspace: 74329K(75072K)->74329K(75072K) NonClass: 64959K(65344K)->64959K(65344K) Class: 9369K(9728K)->9369K(9728K)
[2026-10-07T06:35:20.415+0000][315.472s][info][gc             ] GC(110) Pause Young (Allocation Failure) 41M->27M(50M) 50.010ms
[2026-10-07T06:35:20.415+0000][315.472s][info][gc,cpu         ] GC(110) User=0.02s Sys=0.00s Real=0.05s
[2026-10-07T06:35:22.889+0000][317.946s][info][gc,start       ] GC(111) Pause Young (Allocation Failure)
[2026-10-07T06:35:22.898+0000][317.955s][info][gc,heap        ] GC(111) DefNew: 15177K(16064K)->872K(16064K) Eden: 14336K(14336K)->0K(14336K) From: 841K(1728K)->872K(1728K)
[2026-10-07T06:35:22.898+0000][317.955s][info][gc,heap        ] GC(111) Tenured: 27685K(35244K)->27685K(35244K)
[2026-10-07T06:35:22.898+0000][317.955s][info][gc,metaspace   ] GC(111) Metaspace: 74329K(75072K)->74329K(75072K) NonClass: 64960K(65344K)->64960K(65344K) Class: 9369K(9728K)->9369K(9728K)
[2026-10-07T06:35:22.898+0000][317.955s][info][gc             ] GC(111) Pause Young (Allocation Failure) 41M->27M(50M) 9.213ms
[2026-10-07T06:35:22.898+0000][317.955s][info][gc,cpu         ] GC(111) User=0.01s Sys=0.00s Real=0.01s
[2026-10-07T06:35:25.392+0000][320.449s][info][gc,start       ] GC(112) Pause Young (Allocation Failure)
[2026-10-07T06:35:25.404+0000][320.461s][info][gc,heap        ] GC(112) DefNew: 15208K(16064K)->897K(16064K) Eden: 14336K(14336K)->0K(14336K) From: 872K(1728K)->897K(1728K)
[2026-10-07T06:35:25.404+0000][320.461s][info][gc,heap        ] GC(112) Tenured: 27685K(35244K)->27901K(35244K)
[2026-10-07T06:35:25.404+0000][320.461s][info][gc,metaspace   ] GC(112) Metaspace: 74330K(75072K)->74330K(75072K) NonClass: 64960K(65344K)->64960K(65344K) Class: 9369K(9728K)->9369K(9728K)
[2026-10-07T06:35:25.404+0000][320.461s][info][gc             ] GC(112) Pause Young (Allocation Failure) 41M->28M(50M) 12.675ms
[2026-10-07T06:35:25.404+0000][320.461s][info][gc,cpu         ] GC(112) User=0.01s Sys=0.00s Real=0.01s
[2026-10-07T06:35:28.029+0000][323.086s][info][gc,start       ] GC(113) Pause Young (Allocation Failure)
[2026-10-07T06:35:28.039+0000][323.096s][info][gc,heap        ] GC(113) DefNew: 15233K(16064K)->792K(16064K) Eden: 14336K(14336K)->0K(14336K) From: 897K(1728K)->792K(1728K)
[2026-10-07T06:35:28.039+0000][323.096s][info][gc,heap        ] GC(113) Tenured: 27901K(35244K)->28102K(35244K)
[2026-10-07T06:35:28.039+0000][323.096s][info][gc,metaspace   ] GC(113) Metaspace: 74330K(75072K)->74330K(75072K) NonClass: 64960K(65344K)->64960K(65344K) Class: 9369K(9728K)->9369K(9728K)
[2026-10-07T06:35:28.039+0000][323.096s][info][gc             ] GC(113) Pause Young (Allocation Failure) 42M->28M(50M) 10.117ms
[2026-10-07T06:35:28.039+0000][323.096s][info][gc,cpu         ] GC(113) User=0.00s Sys=0.00s Real=0.01s
[2026-10-07T06:35:30.575+0000][325.632s][info][gc,start       ] GC(114) Pause Young (Allocation Failure)
[2026-10-07T06:35:30.589+0000][325.646s][info][gc,heap        ] GC(114) DefNew: 15128K(16064K)->896K(16064K) Eden: 14336K(14336K)->0K(14336K) From: 792K(1728K)->896K(1728K)
[2026-10-07T06:35:30.589+0000][325.646s][info][gc,heap        ] GC(114) Tenured: 28102K(35244K)->28102K(35244K)
[2026-10-07T06:35:30.589+0000][325.646s][info][gc,metaspace   ] GC(114) Metaspace: 74373K(75136K)->74373K(75136K) NonClass: 64997K(65408K)->64997K(65408K) Class: 9375K(9728K)->9375K(9728K)
[2026-10-07T06:35:30.589+0000][325.646s][info][gc             ] GC(114) Pause Young (Allocation Failure) 42M->28M(50M) 14.313ms
[2026-10-07T06:35:30.589+0000][325.646s][info][gc,cpu         ] GC(114) User=0.01s Sys=0.00s Real=0.02s
[2026-10-07T06:35:33.293+0000][328.350s][info][gc,start       ] GC(115) Pause Young (Allocation Failure)
[2026-10-07T06:35:33.300+0000][328.357s][info][gc,heap        ] GC(115) DefNew: 15232K(16064K)->770K(16064K) Eden: 14336K(14336K)->0K(14336K) From: 896K(1728K)->770K(1728K)
[2026-10-07T06:35:33.300+0000][328.357s][info][gc,heap        ] GC(115) Tenured: 28102K(35244K)->28219K(35244K)
[2026-10-07T06:35:33.300+0000][328.357s][info][gc,metaspace   ] GC(115) Metaspace: 74384K(75136K)->74384K(75136K) NonClass: 65009K(65408K)->65009K(65408K) Class: 9375K(9728K)->9375K(9728K)
[2026-10-07T06:35:33.301+0000][328.357s][info][gc             ] GC(115) Pause Young (Allocation Failure) 42M->28M(50M) 7.262ms
[2026-10-07T06:35:33.301+0000][328.358s][info][gc,cpu         ] GC(115) User=0.01s Sys=0.00s Real=0.01s
[2026-10-07T06:35:35.911+0000][330.968s][info][gc,start       ] GC(116) Pause Young (Allocation Failure)
[2026-10-07T06:35:35.919+0000][330.976s][info][gc,heap        ] GC(116) DefNew: 15106K(16064K)->829K(16064K) Eden: 14336K(14336K)->0K(14336K) From: 770K(1728K)->829K(1728K)
[2026-10-07T06:35:35.919+0000][330.976s][info][gc,heap        ] GC(116) Tenured: 28219K(35244K)->28219K(35244K)
[2026-10-07T06:35:35.919+0000][330.976s][info][gc,metaspace   ] GC(116) Metaspace: 74384K(75136K)->74384K(75136K) NonClass: 65009K(65408K)->65009K(65408K) Class: 9375K(9728K)->9375K(9728K)
[2026-10-07T06:35:35.919+0000][330.976s][info][gc             ] GC(116) Pause Young (Allocation Failure) 42M->28M(50M) 8.302ms
[2026-10-07T06:35:35.919+0000][330.976s][info][gc,cpu         ] GC(116) User=0.01s Sys=0.00s Real=0.01s
[2026-10-07T06:35:38.567+0000][333.624s][info][gc,start       ] GC(117) Pause Young (Allocation Failure)
[2026-10-07T06:35:38.583+0000][333.640s][info][gc,heap        ] GC(117) DefNew: 15165K(16064K)->788K(16064K) Eden: 14336K(14336K)->0K(14336K) From: 829K(1728K)->788K(1728K)
[2026-10-07T06:35:38.583+0000][333.640s][info][gc,heap        ] GC(117) Tenured: 28219K(35244K)->28219K(35244K)
[2026-10-07T06:35:38.583+0000][333.640s][info][gc,metaspace   ] GC(117) Metaspace: 74391K(75200K)->74391K(75200K) NonClass: 65016K(65472K)->65016K(65472K) Class: 9375K(9728K)->9375K(9728K)
[2026-10-07T06:35:38.583+0000][333.640s][info][gc             ] GC(117) Pause Young (Allocation Failure) 42M->28M(50M) 15.412ms
[2026-10-07T06:35:38.583+0000][333.640s][info][gc,cpu         ] GC(117) User=0.00s Sys=0.00s Real=0.01s
[2026-10-07T06:35:40.986+0000][336.043s][info][gc,start       ] GC(118) Pause Young (Allocation Failure)
[2026-10-07T06:35:40.995+0000][336.052s][info][gc,heap        ] GC(118) DefNew: 15124K(16064K)->780K(16064K) Eden: 14336K(14336K)->0K(14336K) From: 788K(1728K)->780K(1728K)
[2026-10-07T06:35:40.996+0000][336.052s][info][gc,heap        ] GC(118) Tenured: 28219K(35244K)->28219K(35244K)
[2026-10-07T06:35:40.996+0000][336.052s][info][gc,metaspace   ] GC(118) Metaspace: 74402K(75200K)->74402K(75200K) NonClass: 65026K(65472K)->65026K(65472K) Class: 9375K(9728K)->9375K(9728K)
[2026-10-07T06:35:40.997+0000][336.053s][info][gc             ] GC(118) Pause Young (Allocation Failure) 42M->28M(50M) 9.834ms
[2026-10-07T06:35:40.997+0000][336.054s][info][gc,cpu         ] GC(118) User=0.01s Sys=0.00s Real=0.01s
[2026-10-07T06:35:43.700+0000][338.757s][info][gc,start       ] GC(119) Pause Young (Allocation Failure)
[2026-10-07T06:35:43.708+0000][338.765s][info][gc,heap        ] GC(119) DefNew: 15116K(16064K)->864K(16064K) Eden: 14336K(14336K)->0K(14336K) From: 780K(1728K)->864K(1728K)
[2026-10-07T06:35:43.708+0000][338.765s][info][gc,heap        ] GC(119) Tenured: 28219K(35244K)->28219K(35244K)
[2026-10-07T06:35:43.708+0000][338.765s][info][gc,metaspace   ] GC(119) Metaspace: 74407K(75200K)->74407K(75200K) NonClass: 65031K(65472K)->65031K(65472K) Class: 9375K(9728K)->9375K(9728K)
[2026-10-07T06:35:43.708+0000][338.765s][info][gc             ] GC(119) Pause Young (Allocation Failure) 42M->28M(50M) 7.722ms
[2026-10-07T06:35:43.708+0000][338.765s][info][gc,cpu         ] GC(119) User=0.01s Sys=0.00s Real=0.01s
[2026-10-07T06:35:46.359+0000][341.416s][info][gc,start       ] GC(120) Pause Young (Allocation Failure)
[2026-10-07T06:35:46.369+0000][341.426s][info][gc,heap        ] GC(120) DefNew: 15200K(16064K)->648K(16064K) Eden: 14336K(14336K)->0K(14336K) From: 864K(1728K)->648K(1728K)
[2026-10-07T06:35:46.370+0000][341.426s][info][gc,heap        ] GC(120) Tenured: 28219K(35244K)->28441K(35244K)
[2026-10-07T06:35:46.370+0000][341.426s][info][gc,metaspace   ] GC(120) Metaspace: 74411K(75200K)->74411K(75200K) NonClass: 65036K(65472K)->65036K(65472K) Class: 9375K(9728K)->9375K(9728K)
[2026-10-07T06:35:46.370+0000][341.427s][info][gc             ] GC(120) Pause Young (Allocation Failure) 42M->28M(50M) 10.123ms
[2026-10-07T06:35:46.370+0000][341.427s][info][gc,cpu         ] GC(120) User=0.01s Sys=0.01s Real=0.01s
[2026-10-07T06:35:48.985+0000][344.042s][info][gc,start       ] GC(121) Pause Young (Allocation Failure)
[2026-10-07T06:35:48.992+0000][344.049s][info][gc,heap        ] GC(121) DefNew: 14984K(16064K)->777K(16064K) Eden: 14336K(14336K)->0K(14336K) From: 648K(1728K)->777K(1728K)
[2026-10-07T06:35:48.992+0000][344.049s][info][gc,heap        ] GC(121) Tenured: 28441K(35244K)->28441K(35244K)
[2026-10-07T06:35:48.992+0000][344.049s][info][gc,metaspace   ] GC(121) Metaspace: 74411K(75200K)->74411K(75200K) NonClass: 65036K(65472K)->65036K(65472K) Class: 9375K(9728K)->9375K(9728K)
[2026-10-07T06:35:48.992+0000][344.049s][info][gc             ] GC(121) Pause Young (Allocation Failure) 42M->28M(50M) 7.055ms
[2026-10-07T06:35:48.992+0000][344.049s][info][gc,cpu         ] GC(121) User=0.01s Sys=0.00s Real=0.01s
[2026-10-07T06:35:51.781+0000][346.838s][info][gc,start       ] GC(122) Pause Young (Allocation Failure)
[2026-10-07T06:35:51.796+0000][346.853s][info][gc,heap        ] GC(122) DefNew: 15113K(16064K)->731K(16064K) Eden: 14336K(14336K)->0K(14336K) From: 777K(1728K)->731K(1728K)
[2026-10-07T06:35:51.796+0000][346.853s][info][gc,heap        ] GC(122) Tenured: 28441K(35244K)->28441K(35244K)
[2026-10-07T06:35:51.796+0000][346.853s][info][gc,metaspace   ] GC(122) Metaspace: 74413K(75200K)->74413K(75200K) NonClass: 65038K(65472K)->65038K(65472K) Class: 9375K(9728K)->9375K(9728K)
[2026-10-07T06:35:51.796+0000][346.853s][info][gc             ] GC(122) Pause Young (Allocation Failure) 42M->28M(50M) 15.177ms
[2026-10-07T06:35:51.797+0000][346.853s][info][gc,cpu         ] GC(122) User=0.01s Sys=0.00s Real=0.01s
[2026-10-07T06:35:54.441+0000][349.498s][info][gc,start       ] GC(123) Pause Young (Allocation Failure)
[2026-10-07T06:35:54.448+0000][349.505s][info][gc,heap        ] GC(123) DefNew: 15067K(16064K)->826K(16064K) Eden: 14336K(14336K)->0K(14336K) From: 731K(1728K)->826K(1728K)
[2026-10-07T06:35:54.448+0000][349.505s][info][gc,heap        ] GC(123) Tenured: 28441K(35244K)->28441K(35244K)
[2026-10-07T06:35:54.448+0000][349.505s][info][gc,metaspace   ] GC(123) Metaspace: 74414K(75200K)->74414K(75200K) NonClass: 65039K(65472K)->65039K(65472K) Class: 9375K(9728K)->9375K(9728K)
[2026-10-07T06:35:54.448+0000][349.505s][info][gc             ] GC(123) Pause Young (Allocation Failure) 42M->28M(50M) 7.349ms
[2026-10-07T06:35:54.448+0000][349.505s][info][gc,cpu         ] GC(123) User=0.01s Sys=0.00s Real=0.01s
[2026-10-07T06:35:56.748+0000][351.805s][info][gc,start       ] GC(124) Pause Young (Allocation Failure)
[2026-10-07T06:35:56.757+0000][351.814s][info][gc,heap        ] GC(124) DefNew: 15162K(16064K)->844K(16064K) Eden: 14336K(14336K)->0K(14336K) From: 826K(1728K)->844K(1728K)
[2026-10-07T06:35:56.757+0000][351.814s][info][gc,heap        ] GC(124) Tenured: 28441K(35244K)->28441K(35244K)
[2026-10-07T06:35:56.757+0000][351.814s][info][gc,metaspace   ] GC(124) Metaspace: 74420K(75200K)->74420K(75200K) NonClass: 65044K(65472K)->65044K(65472K) Class: 9375K(9728K)->9375K(9728K)
[2026-10-07T06:35:56.757+0000][351.814s][info][gc             ] GC(124) Pause Young (Allocation Failure) 42M->28M(50M) 8.673ms
[2026-10-07T06:35:56.757+0000][351.814s][info][gc,cpu         ] GC(124) User=0.01s Sys=0.00s Real=0.01s
[2026-10-07T06:35:59.373+0000][354.430s][info][gc,start       ] GC(125) Pause Young (Allocation Failure)
[2026-10-07T06:35:59.383+0000][354.440s][info][gc,heap        ] GC(125) DefNew: 15180K(16064K)->941K(16064K) Eden: 14336K(14336K)->0K(14336K) From: 844K(1728K)->941K(1728K)
[2026-10-07T06:35:59.383+0000][354.440s][info][gc,heap        ] GC(125) Tenured: 28441K(35244K)->28441K(35244K)
[2026-10-07T06:35:59.383+0000][354.440s][info][gc,metaspace   ] GC(125) Metaspace: 74420K(75200K)->74420K(75200K) NonClass: 65044K(65472K)->65044K(65472K) Class: 9375K(9728K)->9375K(9728K)
[2026-10-07T06:35:59.384+0000][354.441s][info][gc             ] GC(125) Pause Young (Allocation Failure) 42M->28M(50M) 10.063ms
[2026-10-07T06:35:59.384+0000][354.441s][info][gc,cpu         ] GC(125) User=0.00s Sys=0.00s Real=0.01s
[2026-10-07T06:36:02.154+0000][357.211s][info][gc,start       ] GC(126) Pause Young (Allocation Failure)
[2026-10-07T06:36:02.165+0000][357.222s][info][gc,heap        ] GC(126) DefNew: 15277K(16064K)->762K(16064K) Eden: 14336K(14336K)->0K(14336K) From: 941K(1728K)->762K(1728K)
[2026-10-07T06:36:02.165+0000][357.222s][info][gc,heap        ] GC(126) Tenured: 28441K(35244K)->28526K(35244K)
[2026-10-07T06:36:02.165+0000][357.222s][info][gc,metaspace   ] GC(126) Metaspace: 74421K(75200K)->74421K(75200K) NonClass: 65046K(65472K)->65046K(65472K) Class: 9375K(9728K)->9375K(9728K)
[2026-10-07T06:36:02.165+0000][357.222s][info][gc             ] GC(126) Pause Young (Allocation Failure) 42M->28M(50M) 11.198ms
[2026-10-07T06:36:02.165+0000][357.222s][info][gc,cpu         ] GC(126) User=0.01s Sys=0.00s Real=0.01s
[2026-10-07T06:36:04.772+0000][359.829s][info][gc,start       ] GC(127) Pause Young (Allocation Failure)
[2026-10-07T06:36:04.780+0000][359.837s][info][gc,heap        ] GC(127) DefNew: 15098K(16064K)->893K(16064K) Eden: 14336K(14336K)->0K(14336K) From: 762K(1728K)->893K(1728K)
[2026-10-07T06:36:04.780+0000][359.837s][info][gc,heap        ] GC(127) Tenured: 28526K(35244K)->28526K(35244K)
[2026-10-07T06:36:04.780+0000][359.837s][info][gc,metaspace   ] GC(127) Metaspace: 74421K(75200K)->74421K(75200K) NonClass: 65046K(65472K)->65046K(65472K) Class: 9375K(9728K)->9375K(9728K)
[2026-10-07T06:36:04.780+0000][359.837s][info][gc             ] GC(127) Pause Young (Allocation Failure) 42M->28M(50M) 8.253ms
[2026-10-07T06:36:04.780+0000][359.837s][info][gc,cpu         ] GC(127) User=0.01s Sys=0.00s Real=0.01s
[2026-10-07T06:36:07.443+0000][362.500s][info][gc,start       ] GC(128) Pause Young (Allocation Failure)
[2026-10-07T06:36:07.450+0000][362.507s][info][gc,heap        ] GC(128) DefNew: 15229K(16064K)->834K(16064K) Eden: 14336K(14336K)->0K(14336K) From: 893K(1728K)->834K(1728K)
[2026-10-07T06:36:07.450+0000][362.507s][info][gc,heap        ] GC(128) Tenured: 28526K(35244K)->28562K(35244K)
[2026-10-07T06:36:07.450+0000][362.507s][info][gc,metaspace   ] GC(128) Metaspace: 74433K(75200K)->74433K(75200K) NonClass: 65057K(65472K)->65057K(65472K) Class: 9375K(9728K)->9375K(9728K)
[2026-10-07T06:36:07.451+0000][362.508s][info][gc             ] GC(128) Pause Young (Allocation Failure) 42M->28M(50M) 6.807ms
[2026-10-07T06:36:07.451+0000][362.508s][info][gc,cpu         ] GC(128) User=0.00s Sys=0.00s Real=0.01s
[2026-10-07T06:36:10.168+0000][365.225s][info][gc,start       ] GC(129) Pause Young (Allocation Failure)
[2026-10-07T06:36:10.174+0000][365.231s][info][gc,heap        ] GC(129) DefNew: 15170K(16064K)->851K(16064K) Eden: 14336K(14336K)->0K(14336K) From: 834K(1728K)->851K(1728K)
[2026-10-07T06:36:10.174+0000][365.231s][info][gc,heap        ] GC(129) Tenured: 28562K(35244K)->28562K(35244K)
[2026-10-07T06:36:10.174+0000][365.231s][info][gc,metaspace   ] GC(129) Metaspace: 74436K(75200K)->74436K(75200K) NonClass: 65060K(65472K)->65060K(65472K) Class: 9375K(9728K)->9375K(9728K)
[2026-10-07T06:36:10.174+0000][365.231s][info][gc             ] GC(129) Pause Young (Allocation Failure) 42M->28M(50M) 6.514ms
[2026-10-07T06:36:10.174+0000][365.231s][info][gc,cpu         ] GC(129) User=0.00s Sys=0.00s Real=0.00s
[2026-10-07T06:36:12.739+0000][367.796s][info][gc,start       ] GC(130) Pause Young (Allocation Failure)
[2026-10-07T06:36:12.746+0000][367.803s][info][gc,heap        ] GC(130) DefNew: 15187K(16064K)->900K(16064K) Eden: 14336K(14336K)->0K(14336K) From: 851K(1728K)->900K(1728K)
[2026-10-07T06:36:12.746+0000][367.803s][info][gc,heap        ] GC(130) Tenured: 28562K(35244K)->28562K(35244K)
[2026-10-07T06:36:12.746+0000][367.803s][info][gc,metaspace   ] GC(130) Metaspace: 74438K(75200K)->74438K(75200K) NonClass: 65062K(65472K)->65062K(65472K) Class: 9375K(9728K)->9375K(9728K)
[2026-10-07T06:36:12.747+0000][367.803s][info][gc             ] GC(130) Pause Young (Allocation Failure) 42M->28M(50M) 7.405ms
[2026-10-07T06:36:12.747+0000][367.803s][info][gc,cpu         ] GC(130) User=0.01s Sys=0.00s Real=0.00s
[2026-10-07T06:36:15.491+0000][370.548s][info][gc,start       ] GC(131) Pause Young (Allocation Failure)
[2026-10-07T06:36:15.498+0000][370.555s][info][gc,heap        ] GC(131) DefNew: 15236K(16064K)->894K(16064K) Eden: 14336K(14336K)->0K(14336K) From: 900K(1728K)->894K(1728K)
[2026-10-07T06:36:15.498+0000][370.555s][info][gc,heap        ] GC(131) Tenured: 28562K(35244K)->28617K(35244K)
[2026-10-07T06:36:15.498+0000][370.555s][info][gc,metaspace   ] GC(131) Metaspace: 74438K(75200K)->74438K(75200K) NonClass: 65062K(65472K)->65062K(65472K) Class: 9375K(9728K)->9375K(9728K)
[2026-10-07T06:36:15.498+0000][370.555s][info][gc             ] GC(131) Pause Young (Allocation Failure) 42M->28M(50M) 7.479ms
[2026-10-07T06:36:15.498+0000][370.555s][info][gc,cpu         ] GC(131) User=0.00s Sys=0.00s Real=0.01s
[2026-10-07T06:36:18.251+0000][373.308s][info][gc,start       ] GC(132) Pause Young (Allocation Failure)
[2026-10-07T06:36:18.259+0000][373.316s][info][gc,heap        ] GC(132) DefNew: 15230K(16064K)->837K(16064K) Eden: 14336K(14336K)->0K(14336K) From: 894K(1728K)->837K(1728K)
[2026-10-07T06:36:18.259+0000][373.316s][info][gc,heap        ] GC(132) Tenured: 28617K(35244K)->28689K(35244K)
[2026-10-07T06:36:18.259+0000][373.316s][info][gc,metaspace   ] GC(132) Metaspace: 74442K(75200K)->74442K(75200K) NonClass: 65067K(65472K)->65067K(65472K) Class: 9375K(9728K)->9375K(9728K)
[2026-10-07T06:36:18.259+0000][373.316s][info][gc             ] GC(132) Pause Young (Allocation Failure) 42M->28M(50M) 8.689ms
[2026-10-07T06:36:18.260+0000][373.317s][info][gc,cpu         ] GC(132) User=0.01s Sys=0.00s Real=0.01s
[2026-10-07T06:36:21.363+0000][376.420s][info][gc,start       ] GC(133) Pause Young (Allocation Failure)
[2026-10-07T06:36:21.372+0000][376.428s][info][gc,heap        ] GC(133) DefNew: 15173K(16064K)->792K(16064K) Eden: 14336K(14336K)->0K(14336K) From: 837K(1728K)->792K(1728K)
[2026-10-07T06:36:21.372+0000][376.429s][info][gc,heap        ] GC(133) Tenured: 28689K(35244K)->28689K(35244K)
[2026-10-07T06:36:21.372+0000][376.429s][info][gc,metaspace   ] GC(133) Metaspace: 74445K(75200K)->74445K(75200K) NonClass: 65069K(65472K)->65069K(65472K) Class: 9375K(9728K)->9375K(9728K)
[2026-10-07T06:36:21.372+0000][376.429s][info][gc             ] GC(133) Pause Young (Allocation Failure) 42M->28M(50M) 8.613ms
[2026-10-07T06:36:21.372+0000][376.429s][info][gc,cpu         ] GC(133) User=0.01s Sys=0.00s Real=0.01s
[2026-10-07T06:36:24.202+0000][379.259s][info][gc,start       ] GC(134) Pause Young (Allocation Failure)
[2026-10-07T06:36:24.210+0000][379.266s][info][gc,heap        ] GC(134) DefNew: 15128K(16064K)->953K(16064K) Eden: 14336K(14336K)->0K(14336K) From: 792K(1728K)->953K(1728K)
[2026-10-07T06:36:24.210+0000][379.267s][info][gc,heap        ] GC(134) Tenured: 28689K(35244K)->28689K(35244K)
[2026-10-07T06:36:24.210+0000][379.267s][info][gc,metaspace   ] GC(134) Metaspace: 74445K(75200K)->74445K(75200K) NonClass: 65069K(65472K)->65069K(65472K) Class: 9375K(9728K)->9375K(9728K)
[2026-10-07T06:36:24.210+0000][379.267s][info][gc             ] GC(134) Pause Young (Allocation Failure) 42M->28M(50M) 7.953ms
[2026-10-07T06:36:24.210+0000][379.267s][info][gc,cpu         ] GC(134) User=0.01s Sys=0.00s Real=0.01s
[2026-10-07T06:36:26.505+0000][381.562s][info][gc,start       ] GC(135) Pause Young (Allocation Failure)
[2026-10-07T06:36:26.515+0000][381.572s][info][gc,heap        ] GC(135) DefNew: 15289K(16064K)->807K(16064K) Eden: 14336K(14336K)->0K(14336K) From: 953K(1728K)->807K(1728K)
[2026-10-07T06:36:26.515+0000][381.572s][info][gc,heap        ] GC(135) Tenured: 28689K(35244K)->28807K(35244K)
[2026-10-07T06:36:26.515+0000][381.572s][info][gc,metaspace   ] GC(135) Metaspace: 74447K(75200K)->74447K(75200K) NonClass: 65071K(65472K)->65071K(65472K) Class: 9375K(9728K)->9375K(9728K)
[2026-10-07T06:36:26.515+0000][381.572s][info][gc             ] GC(135) Pause Young (Allocation Failure) 42M->28M(50M) 10.243ms
[2026-10-07T06:36:26.516+0000][381.573s][info][gc,cpu         ] GC(135) User=0.00s Sys=0.00s Real=0.01s
[2026-10-07T06:36:29.346+0000][384.403s][info][gc,start       ] GC(136) Pause Young (Allocation Failure)
[2026-10-07T06:36:29.355+0000][384.412s][info][gc,heap        ] GC(136) DefNew: 15143K(16064K)->897K(16064K) Eden: 14336K(14336K)->0K(14336K) From: 807K(1728K)->897K(1728K)
[2026-10-07T06:36:29.356+0000][384.413s][info][gc,heap        ] GC(136) Tenured: 28807K(35244K)->28807K(35244K)
[2026-10-07T06:36:29.356+0000][384.413s][info][gc,metaspace   ] GC(136) Metaspace: 74448K(75200K)->74448K(75200K) NonClass: 65072K(65472K)->65072K(65472K) Class: 9375K(9728K)->9375K(9728K)
[2026-10-07T06:36:29.356+0000][384.413s][info][gc             ] GC(136) Pause Young (Allocation Failure) 42M->29M(50M) 10.461ms
[2026-10-07T06:36:29.358+0000][384.415s][info][gc,cpu         ] GC(136) User=0.00s Sys=0.00s Real=0.02s
[2026-10-07T06:36:31.836+0000][386.893s][info][gc,start       ] GC(137) Pause Young (Allocation Failure)
[2026-10-07T06:36:31.846+0000][386.903s][info][gc,heap        ] GC(137) DefNew: 15233K(16064K)->827K(16064K) Eden: 14336K(14336K)->0K(14336K) From: 897K(1728K)->827K(1728K)
[2026-10-07T06:36:31.848+0000][386.905s][info][gc,heap        ] GC(137) Tenured: 28807K(35244K)->28863K(35244K)
[2026-10-07T06:36:31.848+0000][386.905s][info][gc,metaspace   ] GC(137) Metaspace: 74448K(75200K)->74448K(75200K) NonClass: 65072K(65472K)->65072K(65472K) Class: 9375K(9728K)->9375K(9728K)
[2026-10-07T06:36:31.848+0000][386.905s][info][gc             ] GC(137) Pause Young (Allocation Failure) 43M->28M(50M) 11.736ms
[2026-10-07T06:36:31.848+0000][386.905s][info][gc,cpu         ] GC(137) User=0.01s Sys=0.00s Real=0.02s
[2026-10-07T06:36:34.581+0000][389.638s][info][gc,start       ] GC(138) Pause Young (Allocation Failure)
[2026-10-07T06:36:34.590+0000][389.647s][info][gc,heap        ] GC(138) DefNew: 15163K(16064K)->901K(16064K) Eden: 14336K(14336K)->0K(14336K) From: 827K(1728K)->901K(1728K)
[2026-10-07T06:36:34.590+0000][389.647s][info][gc,heap        ] GC(138) Tenured: 28863K(35244K)->28863K(35244K)
[2026-10-07T06:36:34.590+0000][389.647s][info][gc,metaspace   ] GC(138) Metaspace: 74448K(75200K)->74448K(75200K) NonClass: 65073K(65472K)->65073K(65472K) Class: 9375K(9728K)->9375K(9728K)
[2026-10-07T06:36:34.590+0000][389.647s][info][gc             ] GC(138) Pause Young (Allocation Failure) 42M->29M(50M) 9.138ms
[2026-10-07T06:36:34.590+0000][389.647s][info][gc,cpu         ] GC(138) User=0.01s Sys=0.00s Real=0.01s
[2026-10-07T06:36:37.171+0000][392.228s][info][gc,start       ] GC(139) Pause Young (Allocation Failure)
[2026-10-07T06:36:37.180+0000][392.237s][info][gc,heap        ] GC(139) DefNew: 15237K(16064K)->889K(16064K) Eden: 14336K(14336K)->0K(14336K) From: 901K(1728K)->889K(1728K)
[2026-10-07T06:36:37.180+0000][392.237s][info][gc,heap        ] GC(139) Tenured: 28863K(35244K)->28917K(35244K)
[2026-10-07T06:36:37.180+0000][392.237s][info][gc,metaspace   ] GC(139) Metaspace: 74448K(75200K)->74448K(75200K) NonClass: 65073K(65472K)->65073K(65472K) Class: 9375K(9728K)->9375K(9728K)
[2026-10-07T06:36:37.180+0000][392.237s][info][gc             ] GC(139) Pause Young (Allocation Failure) 43M->29M(50M) 9.407ms
[2026-10-07T06:36:37.180+0000][392.237s][info][gc,cpu         ] GC(139) User=0.00s Sys=0.00s Real=0.01s
[2026-10-07T06:36:39.845+0000][394.902s][info][gc,start       ] GC(140) Pause Young (Allocation Failure)
[2026-10-07T06:36:39.855+0000][394.912s][info][gc,heap        ] GC(140) DefNew: 15225K(16064K)->943K(16064K) Eden: 14336K(14336K)->0K(14336K) From: 889K(1728K)->943K(1728K)
[2026-10-07T06:36:39.855+0000][394.912s][info][gc,heap        ] GC(140) Tenured: 28917K(35244K)->28951K(35244K)
[2026-10-07T06:36:39.855+0000][394.912s][info][gc,metaspace   ] GC(140) Metaspace: 74450K(75200K)->74450K(75200K) NonClass: 65074K(65472K)->65074K(65472K) Class: 9375K(9728K)->9375K(9728K)
[2026-10-07T06:36:39.856+0000][394.913s][info][gc             ] GC(140) Pause Young (Allocation Failure) 43M->29M(50M) 10.379ms
[2026-10-07T06:36:39.856+0000][394.913s][info][gc,cpu         ] GC(140) User=0.00s Sys=0.00s Real=0.01s
[2026-10-07T06:36:42.328+0000][397.385s][info][gc,start       ] GC(141) Pause Young (Allocation Failure)
[2026-10-07T06:36:42.336+0000][397.392s][info][gc,heap        ] GC(141) DefNew: 15279K(16064K)->813K(16064K) Eden: 14336K(14336K)->0K(14336K) From: 943K(1728K)->813K(1728K)
[2026-10-07T06:36:42.336+0000][397.393s][info][gc,heap        ] GC(141) Tenured: 28951K(35244K)->29038K(35244K)
[2026-10-07T06:36:42.336+0000][397.393s][info][gc,metaspace   ] GC(141) Metaspace: 74451K(75200K)->74451K(75200K) NonClass: 65075K(65472K)->65075K(65472K) Class: 9375K(9728K)->9375K(9728K)
[2026-10-07T06:36:42.336+0000][397.393s][info][gc             ] GC(141) Pause Young (Allocation Failure) 43M->29M(50M) 8.103ms
[2026-10-07T06:36:42.336+0000][397.393s][info][gc,cpu         ] GC(141) User=0.00s Sys=0.00s Real=0.00s
[2026-10-07T06:36:45.158+0000][400.215s][info][gc,start       ] GC(142) Pause Young (Allocation Failure)
[2026-10-07T06:36:45.165+0000][400.222s][info][gc,heap        ] GC(142) DefNew: 15149K(16064K)->891K(16064K) Eden: 14336K(14336K)->0K(14336K) From: 813K(1728K)->891K(1728K)
[2026-10-07T06:36:45.165+0000][400.222s][info][gc,heap        ] GC(142) Tenured: 29038K(35244K)->29038K(35244K)
[2026-10-07T06:36:45.165+0000][400.222s][info][gc,metaspace   ] GC(142) Metaspace: 74451K(75200K)->74451K(75200K) NonClass: 65075K(65472K)->65075K(65472K) Class: 9375K(9728K)->9375K(9728K)
[2026-10-07T06:36:45.166+0000][400.223s][info][gc             ] GC(142) Pause Young (Allocation Failure) 43M->29M(50M) 7.561ms
[2026-10-07T06:36:45.166+0000][400.223s][info][gc,cpu         ] GC(142) User=0.00s Sys=0.00s Real=0.00s
[2026-10-07T06:36:47.733+0000][402.790s][info][gc,start       ] GC(143) Pause Young (Allocation Failure)
[2026-10-07T06:36:47.741+0000][402.798s][info][gc,heap        ] GC(143) DefNew: 15227K(16064K)->919K(16064K) Eden: 14336K(14336K)->0K(14336K) From: 891K(1728K)->919K(1728K)
[2026-10-07T06:36:47.741+0000][402.798s][info][gc,heap        ] GC(143) Tenured: 29038K(35244K)->29075K(35244K)
[2026-10-07T06:36:47.741+0000][402.798s][info][gc,metaspace   ] GC(143) Metaspace: 74451K(75200K)->74451K(75200K) NonClass: 65075K(65472K)->65075K(65472K) Class: 9375K(9728K)->9375K(9728K)
[2026-10-07T06:36:47.741+0000][402.798s][info][gc             ] GC(143) Pause Young (Allocation Failure) 43M->29M(50M) 8.000ms
[2026-10-07T06:36:47.741+0000][402.798s][info][gc,cpu         ] GC(143) User=0.00s Sys=0.00s Real=0.01s
[2026-10-07T06:36:50.349+0000][405.406s][info][gc,start       ] GC(144) Pause Young (Allocation Failure)
[2026-10-07T06:36:50.357+0000][405.414s][info][gc,heap        ] GC(144) DefNew: 15255K(16064K)->886K(16064K) Eden: 14336K(14336K)->0K(14336K) From: 919K(1728K)->886K(1728K)
[2026-10-07T06:36:50.357+0000][405.414s][info][gc,heap        ] GC(144) Tenured: 29075K(35244K)->29149K(35244K)
[2026-10-07T06:36:50.357+0000][405.414s][info][gc,metaspace   ] GC(144) Metaspace: 74451K(75200K)->74451K(75200K) NonClass: 65075K(65472K)->65075K(65472K) Class: 9375K(9728K)->9375K(9728K)
[2026-10-07T06:36:50.357+0000][405.414s][info][gc             ] GC(144) Pause Young (Allocation Failure) 43M->29M(50M) 8.509ms
[2026-10-07T06:36:50.357+0000][405.414s][info][gc,cpu         ] GC(144) User=0.01s Sys=0.00s Real=0.01s
[2026-10-07T06:36:52.947+0000][408.004s][info][gc,start       ] GC(145) Pause Young (Allocation Failure)
[2026-10-07T06:36:52.955+0000][408.012s][info][gc,heap        ] GC(145) DefNew: 15222K(16064K)->791K(16064K) Eden: 14336K(14336K)->0K(14336K) From: 886K(1728K)->791K(1728K)
[2026-10-07T06:36:52.955+0000][408.012s][info][gc,heap        ] GC(145) Tenured: 29149K(35244K)->29231K(35244K)
[2026-10-07T06:36:52.955+0000][408.012s][info][gc,metaspace   ] GC(145) Metaspace: 74451K(75200K)->74451K(75200K) NonClass: 65075K(65472K)->65075K(65472K) Class: 9375K(9728K)->9375K(9728K)
[2026-10-07T06:36:52.955+0000][408.012s][info][gc             ] GC(145) Pause Young (Allocation Failure) 43M->29M(50M) 8.467ms
[2026-10-07T06:36:52.955+0000][408.012s][info][gc,cpu         ] GC(145) User=0.01s Sys=0.00s Real=0.01s
[2026-10-07T06:36:55.307+0000][410.364s][info][gc,start       ] GC(146) Pause Young (Allocation Failure)
[2026-10-07T06:36:55.315+0000][410.372s][info][gc,heap        ] GC(146) DefNew: 15127K(16064K)->905K(16064K) Eden: 14336K(14336K)->0K(14336K) From: 791K(1728K)->905K(1728K)
[2026-10-07T06:36:55.315+0000][410.372s][info][gc,heap        ] GC(146) Tenured: 29231K(35244K)->29231K(35244K)
[2026-10-07T06:36:55.315+0000][410.372s][info][gc,metaspace   ] GC(146) Metaspace: 74455K(75200K)->74455K(75200K) NonClass: 65079K(65472K)->65079K(65472K) Class: 9375K(9728K)->9375K(9728K)
[2026-10-07T06:36:55.315+0000][410.372s][info][gc             ] GC(146) Pause Young (Allocation Failure) 43M->29M(50M) 7.898ms
[2026-10-07T06:36:55.315+0000][410.372s][info][gc,cpu         ] GC(146) User=0.01s Sys=0.00s Real=0.00s
[2026-10-07T06:36:57.881+0000][412.938s][info][gc,start       ] GC(147) Pause Young (Allocation Failure)
[2026-10-07T06:36:57.890+0000][412.947s][info][gc,heap        ] GC(147) DefNew: 15241K(16064K)->832K(16064K) Eden: 14336K(14336K)->0K(14336K) From: 905K(1728K)->832K(1728K)
[2026-10-07T06:36:57.890+0000][412.947s][info][gc,heap        ] GC(147) Tenured: 29231K(35244K)->29296K(35244K)
[2026-10-07T06:36:57.890+0000][412.947s][info][gc,metaspace   ] GC(147) Metaspace: 74456K(75200K)->74456K(75200K) NonClass: 65080K(65472K)->65080K(65472K) Class: 9375K(9728K)->9375K(9728K)
[2026-10-07T06:36:57.890+0000][412.947s][info][gc             ] GC(147) Pause Young (Allocation Failure) 43M->29M(50M) 8.706ms
[2026-10-07T06:36:57.890+0000][412.947s][info][gc,cpu         ] GC(147) User=0.01s Sys=0.00s Real=0.01s
[2026-10-07T06:37:00.610+0000][415.667s][info][gc,start       ] GC(148) Pause Young (Allocation Failure)
[2026-10-07T06:37:00.618+0000][415.675s][info][gc,heap        ] GC(148) DefNew: 15168K(16064K)->909K(16064K) Eden: 14336K(14336K)->0K(14336K) From: 832K(1728K)->909K(1728K)
[2026-10-07T06:37:00.618+0000][415.675s][info][gc,heap        ] GC(148) Tenured: 29296K(35244K)->29296K(35244K)
[2026-10-07T06:37:00.618+0000][415.675s][info][gc,metaspace   ] GC(148) Metaspace: 74456K(75200K)->74456K(75200K) NonClass: 65080K(65472K)->65080K(65472K) Class: 9375K(9728K)->9375K(9728K)
[2026-10-07T06:37:00.618+0000][415.675s][info][gc             ] GC(148) Pause Young (Allocation Failure) 43M->29M(50M) 7.974ms
[2026-10-07T06:37:00.619+0000][415.675s][info][gc,cpu         ] GC(148) User=0.00s Sys=0.00s Real=0.01s
[2026-10-07T06:37:03.007+0000][418.064s][info][gc,start       ] GC(149) Pause Young (Allocation Failure)
[2026-10-07T06:37:03.015+0000][418.072s][info][gc,heap        ] GC(149) DefNew: 15245K(16064K)->861K(16064K) Eden: 14336K(14336K)->0K(14336K) From: 909K(1728K)->861K(1728K)
[2026-10-07T06:37:03.015+0000][418.072s][info][gc,heap        ] GC(149) Tenured: 29296K(35244K)->29353K(35244K)
[2026-10-07T06:37:03.015+0000][418.072s][info][gc,metaspace   ] GC(149) Metaspace: 74457K(75200K)->74457K(75200K) NonClass: 65082K(65472K)->65082K(65472K) Class: 9375K(9728K)->9375K(9728K)
[2026-10-07T06:37:03.015+0000][418.072s][info][gc             ] GC(149) Pause Young (Allocation Failure) 43M->29M(50M) 8.464ms
[2026-10-07T06:37:03.015+0000][418.072s][info][gc,cpu         ] GC(149) User=0.01s Sys=0.01s Real=0.00s
[2026-10-07T06:37:05.675+0000][420.731s][info][gc,start       ] GC(150) Pause Young (Allocation Failure)
[2026-10-07T06:37:05.681+0000][420.738s][info][gc,heap        ] GC(150) DefNew: 15197K(16064K)->886K(16064K) Eden: 14336K(14336K)->0K(14336K) From: 861K(1728K)->886K(1728K)
[2026-10-07T06:37:05.681+0000][420.738s][info][gc,heap        ] GC(150) Tenured: 29353K(35244K)->29353K(35244K)
[2026-10-07T06:37:05.681+0000][420.738s][info][gc,metaspace   ] GC(150) Metaspace: 74471K(75264K)->74471K(75264K) NonClass: 65095K(65536K)->65095K(65536K) Class: 9375K(9728K)->9375K(9728K)
[2026-10-07T06:37:05.681+0000][420.738s][info][gc             ] GC(150) Pause Young (Allocation Failure) 43M->29M(50M) 6.613ms
[2026-10-07T06:37:05.681+0000][420.738s][info][gc,cpu         ] GC(150) User=0.00s Sys=0.00s Real=0.01s
[2026-10-07T06:37:08.474+0000][423.531s][info][gc,start       ] GC(151) Pause Young (Allocation Failure)
[2026-10-07T06:37:08.483+0000][423.540s][info][gc,heap        ] GC(151) DefNew: 15222K(16064K)->842K(16064K) Eden: 14336K(14336K)->0K(14336K) From: 886K(1728K)->842K(1728K)
[2026-10-07T06:37:08.483+0000][423.540s][info][gc,heap        ] GC(151) Tenured: 29353K(35244K)->29380K(35244K)
[2026-10-07T06:37:08.483+0000][423.540s][info][gc,metaspace   ] GC(151) Metaspace: 74479K(75264K)->74479K(75264K) NonClass: 65103K(65536K)->65103K(65536K) Class: 9375K(9728K)->9375K(9728K)
[2026-10-07T06:37:08.483+0000][423.540s][info][gc             ] GC(151) Pause Young (Allocation Failure) 43M->29M(50M) 8.357ms
[2026-10-07T06:37:08.483+0000][423.540s][info][gc,cpu         ] GC(151) User=0.01s Sys=0.00s Real=0.01s
[2026-10-07T06:37:10.934+0000][425.991s][info][gc,start       ] GC(152) Pause Young (Allocation Failure)
[2026-10-07T06:37:10.942+0000][425.999s][info][gc,heap        ] GC(152) DefNew: 15178K(16064K)->913K(16064K) Eden: 14336K(14336K)->0K(14336K) From: 842K(1728K)->913K(1728K)
[2026-10-07T06:37:10.942+0000][425.999s][info][gc,heap        ] GC(152) Tenured: 29380K(35244K)->29380K(35244K)
[2026-10-07T06:37:10.942+0000][425.999s][info][gc,metaspace   ] GC(152) Metaspace: 74489K(75264K)->74489K(75264K) NonClass: 65113K(65536K)->65113K(65536K) Class: 9376K(9728K)->9376K(9728K)
[2026-10-07T06:37:10.942+0000][425.999s][info][gc             ] GC(152) Pause Young (Allocation Failure) 43M->29M(50M) 8.614ms
[2026-10-07T06:37:10.942+0000][425.999s][info][gc,cpu         ] GC(152) User=0.00s Sys=0.00s Real=0.01s
[2026-10-07T06:37:13.600+0000][428.657s][info][gc,start       ] GC(153) Pause Young (Allocation Failure)
[2026-10-07T06:37:13.611+0000][428.668s][info][gc,heap        ] GC(153) DefNew: 15249K(16064K)->872K(16064K) Eden: 14336K(14336K)->0K(14336K) From: 913K(1728K)->872K(1728K)
[2026-10-07T06:37:13.611+0000][428.668s][info][gc,heap        ] GC(153) Tenured: 29380K(35244K)->29435K(35244K)
[2026-10-07T06:37:13.612+0000][428.668s][info][gc,metaspace   ] GC(153) Metaspace: 74501K(75264K)->74501K(75264K) NonClass: 65125K(65536K)->65125K(65536K) Class: 9376K(9728K)->9376K(9728K)
[2026-10-07T06:37:13.612+0000][428.669s][info][gc             ] GC(153) Pause Young (Allocation Failure) 43M->29M(50M) 11.854ms
[2026-10-07T06:37:13.612+0000][428.669s][info][gc,cpu         ] GC(153) User=0.01s Sys=0.00s Real=0.01s
[2026-10-07T06:37:16.048+0000][431.105s][info][gc,start       ] GC(154) Pause Young (Allocation Failure)
[2026-10-07T06:37:16.056+0000][431.113s][info][gc,heap        ] GC(154) DefNew: 15208K(16064K)->1043K(16064K) Eden: 14336K(14336K)->0K(14336K) From: 872K(1728K)->1043K(1728K)
[2026-10-07T06:37:16.056+0000][431.113s][info][gc,heap        ] GC(154) Tenured: 29435K(35244K)->29465K(35244K)
[2026-10-07T06:37:16.056+0000][431.113s][info][gc,metaspace   ] GC(154) Metaspace: 74502K(75264K)->74502K(75264K) NonClass: 65125K(65536K)->65125K(65536K) Class: 9376K(9728K)->9376K(9728K)
[2026-10-07T06:37:16.056+0000][431.113s][info][gc             ] GC(154) Pause Young (Allocation Failure) 43M->29M(50M) 8.098ms
[2026-10-07T06:37:16.058+0000][431.115s][info][gc,cpu         ] GC(154) User=0.00s Sys=0.00s Real=0.00s
[2026-10-07T06:37:18.778+0000][433.835s][info][gc,start       ] GC(155) Pause Young (Allocation Failure)
[2026-10-07T06:37:18.787+0000][433.844s][info][gc,heap        ] GC(155) DefNew: 15379K(16064K)->811K(16064K) Eden: 14336K(14336K)->0K(14336K) From: 1043K(1728K)->811K(1728K)
[2026-10-07T06:37:18.787+0000][433.844s][info][gc,heap        ] GC(155) Tenured: 29465K(35244K)->29656K(35244K)
[2026-10-07T06:37:18.787+0000][433.844s][info][gc,metaspace   ] GC(155) Metaspace: 74510K(75264K)->74510K(75264K) NonClass: 65133K(65536K)->65133K(65536K) Class: 9376K(9728K)->9376K(9728K)
[2026-10-07T06:37:18.787+0000][433.844s][info][gc             ] GC(155) Pause Young (Allocation Failure) 43M->29M(50M) 9.225ms
[2026-10-07T06:37:18.787+0000][433.844s][info][gc,cpu         ] GC(155) User=0.01s Sys=0.00s Real=0.01s
[2026-10-07T06:37:21.367+0000][436.424s][info][gc,start       ] GC(156) Pause Young (Allocation Failure)
[2026-10-07T06:37:21.382+0000][436.439s][info][gc,heap        ] GC(156) DefNew: 15147K(16064K)->826K(16064K) Eden: 14336K(14336K)->0K(14336K) From: 811K(1728K)->826K(1728K)
[2026-10-07T06:37:21.382+0000][436.439s][info][gc,heap        ] GC(156) Tenured: 29656K(35244K)->29656K(35244K)
[2026-10-07T06:37:21.382+0000][436.439s][info][gc,metaspace   ] GC(156) Metaspace: 74523K(75264K)->74523K(75264K) NonClass: 65147K(65536K)->65147K(65536K) Class: 9376K(9728K)->9376K(9728K)
[2026-10-07T06:37:21.382+0000][436.439s][info][gc             ] GC(156) Pause Young (Allocation Failure) 43M->29M(50M) 15.529ms
[2026-10-07T06:37:21.382+0000][436.439s][info][gc,cpu         ] GC(156) User=0.01s Sys=0.00s Real=0.02s
[2026-10-07T06:37:23.908+0000][438.965s][info][gc,start       ] GC(157) Pause Young (Allocation Failure)
[2026-10-07T06:37:23.916+0000][438.973s][info][gc,heap        ] GC(157) DefNew: 15162K(16064K)->911K(16064K) Eden: 14336K(14336K)->0K(14336K) From: 826K(1728K)->911K(1728K)
[2026-10-07T06:37:23.917+0000][438.974s][info][gc,heap        ] GC(157) Tenured: 29656K(35244K)->29656K(35244K)
[2026-10-07T06:37:23.917+0000][438.974s][info][gc,metaspace   ] GC(157) Metaspace: 74524K(75264K)->74524K(75264K) NonClass: 65148K(65536K)->65148K(65536K) Class: 9376K(9728K)->9376K(9728K)
[2026-10-07T06:37:23.917+0000][438.974s][info][gc             ] GC(157) Pause Young (Allocation Failure) 43M->29M(50M) 8.361ms
[2026-10-07T06:37:23.917+0000][438.974s][info][gc,cpu         ] GC(157) User=0.01s Sys=0.00s Real=0.00s
[2026-10-07T06:37:26.261+0000][441.318s][info][gc,start       ] GC(158) Pause Young (Allocation Failure)
[2026-10-07T06:37:26.269+0000][441.326s][info][gc,heap        ] GC(158) DefNew: 15247K(16064K)->831K(16064K) Eden: 14336K(14336K)->0K(14336K) From: 911K(1728K)->831K(1728K)
[2026-10-07T06:37:26.269+0000][441.326s][info][gc,heap        ] GC(158) Tenured: 29656K(35244K)->29773K(35244K)
[2026-10-07T06:37:26.269+0000][441.326s][info][gc,metaspace   ] GC(158) Metaspace: 74526K(75264K)->74526K(75264K) NonClass: 65150K(65536K)->65150K(65536K) Class: 9376K(9728K)->9376K(9728K)
[2026-10-07T06:37:26.269+0000][441.326s][info][gc             ] GC(158) Pause Young (Allocation Failure) 43M->29M(50M) 8.314ms
[2026-10-07T06:37:26.269+0000][441.326s][info][gc,cpu         ] GC(158) User=0.01s Sys=0.00s Real=0.01s
[2026-10-07T06:37:28.889+0000][443.946s][info][gc,start       ] GC(159) Pause Young (Allocation Failure)
[2026-10-07T06:37:28.897+0000][443.954s][info][gc,heap        ] GC(159) DefNew: 15167K(16064K)->916K(16064K) Eden: 14336K(14336K)->0K(14336K) From: 831K(1728K)->916K(1728K)
[2026-10-07T06:37:28.897+0000][443.954s][info][gc,heap        ] GC(159) Tenured: 29773K(35244K)->29773K(35244K)
[2026-10-07T06:37:28.897+0000][443.954s][info][gc,metaspace   ] GC(159) Metaspace: 74526K(75264K)->74526K(75264K) NonClass: 65150K(65536K)->65150K(65536K) Class: 9376K(9728K)->9376K(9728K)
[2026-10-07T06:37:28.898+0000][443.954s][info][gc             ] GC(159) Pause Young (Allocation Failure) 43M->29M(50M) 8.233ms
[2026-10-07T06:37:28.898+0000][443.955s][info][gc,cpu         ] GC(159) User=0.00s Sys=0.00s Real=0.01s
[2026-10-07T06:37:31.456+0000][446.513s][info][gc,start       ] GC(160) Pause Young (Allocation Failure)
[2026-10-07T06:37:31.464+0000][446.521s][info][gc,heap        ] GC(160) DefNew: 15252K(16064K)->888K(16064K) Eden: 14336K(14336K)->0K(14336K) From: 916K(1728K)->888K(1728K)
[2026-10-07T06:37:31.464+0000][446.521s][info][gc,heap        ] GC(160) Tenured: 29773K(35244K)->29834K(35244K)
[2026-10-07T06:37:31.464+0000][446.521s][info][gc,metaspace   ] GC(160) Metaspace: 74529K(75264K)->74529K(75264K) NonClass: 65152K(65536K)->65152K(65536K) Class: 9377K(9728K)->9377K(9728K)
[2026-10-07T06:37:31.465+0000][446.521s][info][gc             ] GC(160) Pause Young (Allocation Failure) 43M->30M(50M) 8.434ms
[2026-10-07T06:37:31.465+0000][446.522s][info][gc,cpu         ] GC(160) User=0.01s Sys=0.00s Real=0.01s
[2026-10-07T06:37:34.077+0000][449.134s][info][gc,start       ] GC(161) Pause Young (Allocation Failure)
[2026-10-07T06:37:34.085+0000][449.142s][info][gc,heap        ] GC(161) DefNew: 15224K(16064K)->974K(16064K) Eden: 14336K(14336K)->0K(14336K) From: 888K(1728K)->974K(1728K)
[2026-10-07T06:37:34.085+0000][449.142s][info][gc,heap        ] GC(161) Tenured: 29834K(35244K)->29865K(35244K)
[2026-10-07T06:37:34.085+0000][449.142s][info][gc,metaspace   ] GC(161) Metaspace: 74529K(75264K)->74529K(75264K) NonClass: 65152K(65536K)->65152K(65536K) Class: 9377K(9728K)->9377K(9728K)
[2026-10-07T06:37:34.085+0000][449.142s][info][gc             ] GC(161) Pause Young (Allocation Failure) 44M->30M(50M) 8.417ms
[2026-10-07T06:37:34.085+0000][449.142s][info][gc,cpu         ] GC(161) User=0.00s Sys=0.00s Real=0.01s
[2026-10-07T06:37:36.617+0000][451.673s][info][gc,start       ] GC(162) Pause Young (Allocation Failure)
[2026-10-07T06:37:36.623+0000][451.680s][info][gc,heap        ] GC(162) DefNew: 15310K(16064K)->845K(16064K) Eden: 14336K(14336K)->0K(14336K) From: 974K(1728K)->845K(1728K)
[2026-10-07T06:37:36.623+0000][451.680s][info][gc,heap        ] GC(162) Tenured: 29865K(35244K)->30017K(35244K)
[2026-10-07T06:37:36.623+0000][451.680s][info][gc,metaspace   ] GC(162) Metaspace: 74534K(75264K)->74534K(75264K) NonClass: 65156K(65536K)->65156K(65536K) Class: 9377K(9728K)->9377K(9728K)
[2026-10-07T06:37:36.623+0000][451.680s][info][gc             ] GC(162) Pause Young (Allocation Failure) 44M->30M(50M) 6.859ms
[2026-10-07T06:37:36.623+0000][451.680s][info][gc,cpu         ] GC(162) User=0.01s Sys=0.00s Real=0.01s
[2026-10-07T06:37:39.506+0000][454.563s][info][gc,start       ] GC(163) Pause Young (Allocation Failure)
[2026-10-07T06:37:39.515+0000][454.572s][info][gc,heap        ] GC(163) DefNew: 15181K(16064K)->885K(16064K) Eden: 14336K(14336K)->0K(14336K) From: 845K(1728K)->885K(1728K)
[2026-10-07T06:37:39.516+0000][454.572s][info][gc,heap        ] GC(163) Tenured: 30017K(35244K)->30017K(35244K)
[2026-10-07T06:37:39.516+0000][454.572s][info][gc,metaspace   ] GC(163) Metaspace: 74534K(75264K)->74534K(75264K) NonClass: 65156K(65536K)->65156K(65536K) Class: 9377K(9728K)->9377K(9728K)
[2026-10-07T06:37:39.516+0000][454.573s][info][gc             ] GC(163) Pause Young (Allocation Failure) 44M->30M(50M) 9.114ms
[2026-10-07T06:37:39.516+0000][454.573s][info][gc,cpu         ] GC(163) User=0.00s Sys=0.00s Real=0.01s
[2026-10-07T06:37:42.005+0000][457.062s][info][gc,start       ] GC(164) Pause Young (Allocation Failure)
[2026-10-07T06:37:42.017+0000][457.074s][info][gc,heap        ] GC(164) DefNew: 15221K(16064K)->810K(16064K) Eden: 14335K(14336K)->0K(14336K) From: 885K(1728K)->810K(1728K)
[2026-10-07T06:37:42.018+0000][457.075s][info][gc,heap        ] GC(164) Tenured: 30017K(35244K)->30047K(35244K)
[2026-10-07T06:37:42.018+0000][457.075s][info][gc,metaspace   ] GC(164) Metaspace: 74540K(75264K)->74540K(75264K) NonClass: 65163K(65536K)->65163K(65536K) Class: 9377K(9728K)->9377K(9728K)
[2026-10-07T06:37:42.018+0000][457.075s][info][gc             ] GC(164) Pause Young (Allocation Failure) 44M->30M(50M) 12.701ms
[2026-10-07T06:37:42.018+0000][457.075s][info][gc,cpu         ] GC(164) User=0.01s Sys=0.00s Real=0.02s
[2026-10-07T06:37:44.679+0000][459.736s][info][gc,start       ] GC(165) Pause Young (Allocation Failure)
[2026-10-07T06:37:44.687+0000][459.744s][info][gc,heap        ] GC(165) DefNew: 15146K(16064K)->933K(16064K) Eden: 14336K(14336K)->0K(14336K) From: 810K(1728K)->933K(1728K)
[2026-10-07T06:37:44.687+0000][459.744s][info][gc,heap        ] GC(165) Tenured: 30047K(35244K)->30047K(35244K)
[2026-10-07T06:37:44.687+0000][459.744s][info][gc,metaspace   ] GC(165) Metaspace: 74540K(75264K)->74540K(75264K) NonClass: 65163K(65536K)->65163K(65536K) Class: 9377K(9728K)->9377K(9728K)
[2026-10-07T06:37:44.688+0000][459.744s][info][gc             ] GC(165) Pause Young (Allocation Failure) 44M->30M(50M) 8.337ms
[2026-10-07T06:37:44.688+0000][459.745s][info][gc,cpu         ] GC(165) User=0.00s Sys=0.00s Real=0.01s
[2026-10-07T06:37:47.332+0000][462.389s][info][gc,start       ] GC(166) Pause Young (Allocation Failure)
[2026-10-07T06:37:47.348+0000][462.404s][info][gc,heap        ] GC(166) DefNew: 15269K(16064K)->824K(16064K) Eden: 14336K(14336K)->0K(14336K) From: 933K(1728K)->824K(1728K)
[2026-10-07T06:37:47.348+0000][462.405s][info][gc,heap        ] GC(166) Tenured: 30047K(35244K)->30135K(35244K)
[2026-10-07T06:37:47.348+0000][462.405s][info][gc,metaspace   ] GC(166) Metaspace: 74542K(75264K)->74542K(75264K) NonClass: 65165K(65536K)->65165K(65536K) Class: 9377K(9728K)->9377K(9728K)
[2026-10-07T06:37:47.348+0000][462.405s][info][gc             ] GC(166) Pause Young (Allocation Failure) 44M->30M(50M) 16.207ms
[2026-10-07T06:37:47.348+0000][462.405s][info][gc,cpu         ] GC(166) User=0.01s Sys=0.00s Real=0.02s
[2026-10-07T06:37:50.115+0000][465.172s][info][gc,start       ] GC(167) Pause Young (Allocation Failure)
[2026-10-07T06:37:50.122+0000][465.179s][info][gc,heap        ] GC(167) DefNew: 15160K(16064K)->903K(16064K) Eden: 14336K(14336K)->0K(14336K) From: 824K(1728K)->903K(1728K)
[2026-10-07T06:37:50.122+0000][465.179s][info][gc,heap        ] GC(167) Tenured: 30135K(35244K)->30135K(35244K)
[2026-10-07T06:37:50.122+0000][465.179s][info][gc,metaspace   ] GC(167) Metaspace: 74542K(75264K)->74542K(75264K) NonClass: 65165K(65536K)->65165K(65536K) Class: 9377K(9728K)->9377K(9728K)
[2026-10-07T06:37:50.122+0000][465.179s][info][gc             ] GC(167) Pause Young (Allocation Failure) 44M->30M(50M) 7.267ms
[2026-10-07T06:37:50.122+0000][465.179s][info][gc,cpu         ] GC(167) User=0.01s Sys=0.00s Real=0.01s
[2026-10-07T06:37:52.759+0000][467.816s][info][gc,start       ] GC(168) Pause Young (Allocation Failure)
[2026-10-07T06:37:52.766+0000][467.823s][info][gc,heap        ] GC(168) DefNew: 15239K(16064K)->818K(16064K) Eden: 14336K(14336K)->0K(14336K) From: 903K(1728K)->818K(1728K)
[2026-10-07T06:37:52.766+0000][467.823s][info][gc,heap        ] GC(168) Tenured: 30135K(35244K)->30226K(35244K)
[2026-10-07T06:37:52.766+0000][467.823s][info][gc,metaspace   ] GC(168) Metaspace: 74554K(75328K)->74554K(75328K) NonClass: 65176K(65600K)->65176K(65600K) Class: 9377K(9728K)->9377K(9728K)
[2026-10-07T06:37:52.767+0000][467.823s][info][gc             ] GC(168) Pause Young (Allocation Failure) 44M->30M(50M) 7.763ms
[2026-10-07T06:37:52.767+0000][467.823s][info][gc,cpu         ] GC(168) User=0.01s Sys=0.00s Real=0.00s
[2026-10-07T06:37:55.322+0000][470.379s][info][gc,start       ] GC(169) Pause Young (Allocation Failure)
[2026-10-07T06:37:55.330+0000][470.386s][info][gc,heap        ] GC(169) DefNew: 15154K(16064K)->940K(16064K) Eden: 14336K(14336K)->0K(14336K) From: 818K(1728K)->940K(1728K)
[2026-10-07T06:37:55.330+0000][470.386s][info][gc,heap        ] GC(169) Tenured: 30226K(35244K)->30226K(35244K)
[2026-10-07T06:37:55.330+0000][470.386s][info][gc,metaspace   ] GC(169) Metaspace: 74555K(75328K)->74555K(75328K) NonClass: 65177K(65600K)->65177K(65600K) Class: 9377K(9728K)->9377K(9728K)
[2026-10-07T06:37:55.330+0000][470.387s][info][gc             ] GC(169) Pause Young (Allocation Failure) 44M->30M(50M) 7.632ms
[2026-10-07T06:37:55.330+0000][470.387s][info][gc,cpu         ] GC(169) User=0.01s Sys=0.00s Real=0.01s
[2026-10-07T06:37:57.999+0000][473.056s][info][gc,start       ] GC(170) Pause Young (Allocation Failure)
[2026-10-07T06:37:58.008+0000][473.065s][info][gc,heap        ] GC(170) DefNew: 15276K(16064K)->820K(16064K) Eden: 14336K(14336K)->0K(14336K) From: 940K(1728K)->820K(1728K)
[2026-10-07T06:37:58.008+0000][473.065s][info][gc,heap        ] GC(170) Tenured: 30226K(35244K)->30324K(35244K)
[2026-10-07T06:37:58.008+0000][473.065s][info][gc,metaspace   ] GC(170) Metaspace: 74558K(75328K)->74558K(75328K) NonClass: 65181K(65600K)->65181K(65600K) Class: 9377K(9728K)->9377K(9728K)
[2026-10-07T06:37:58.008+0000][473.065s][info][gc             ] GC(170) Pause Young (Allocation Failure) 44M->30M(50M) 8.943ms
[2026-10-07T06:37:58.008+0000][473.065s][info][gc,cpu         ] GC(170) User=0.01s Sys=0.00s Real=0.01s
[2026-10-07T06:38:00.590+0000][475.647s][info][gc,start       ] GC(171) Pause Young (Allocation Failure)
[2026-10-07T06:38:00.599+0000][475.656s][info][gc,heap        ] GC(171) DefNew: 15156K(16064K)->948K(16064K) Eden: 14336K(14336K)->0K(14336K) From: 820K(1728K)->948K(1728K)
[2026-10-07T06:38:00.599+0000][475.656s][info][gc,heap        ] GC(171) Tenured: 30324K(35244K)->30324K(35244K)
[2026-10-07T06:38:00.600+0000][475.656s][info][gc,metaspace   ] GC(171) Metaspace: 74559K(75328K)->74559K(75328K) NonClass: 65182K(65600K)->65182K(65600K) Class: 9377K(9728K)->9377K(9728K)
[2026-10-07T06:38:00.600+0000][475.657s][info][gc             ] GC(171) Pause Young (Allocation Failure) 44M->30M(50M) 9.598ms
[2026-10-07T06:38:00.601+0000][475.657s][info][gc,cpu         ] GC(171) User=0.01s Sys=0.00s Real=0.01s
[2026-10-07T06:38:03.117+0000][478.174s][info][gc,start       ] GC(172) Pause Young (Allocation Failure)
[2026-10-07T06:38:03.125+0000][478.182s][info][gc,heap        ] GC(172) DefNew: 15284K(16064K)->855K(16064K) Eden: 14335K(14336K)->0K(14336K) From: 948K(1728K)->855K(1728K)
[2026-10-07T06:38:03.125+0000][478.182s][info][gc,heap        ] GC(172) Tenured: 30324K(35244K)->30429K(35244K)
[2026-10-07T06:38:03.125+0000][478.182s][info][gc,metaspace   ] GC(172) Metaspace: 74561K(75328K)->74561K(75328K) NonClass: 65184K(65600K)->65184K(65600K) Class: 9377K(9728K)->9377K(9728K)
[2026-10-07T06:38:03.125+0000][478.182s][info][gc             ] GC(172) Pause Young (Allocation Failure) 44M->30M(50M) 7.994ms
[2026-10-07T06:38:03.125+0000][478.182s][info][gc,cpu         ] GC(172) User=0.00s Sys=0.00s Real=0.01s
[2026-10-07T06:38:05.706+0000][480.763s][info][gc,start       ] GC(173) Pause Young (Allocation Failure)
[2026-10-07T06:38:05.714+0000][480.771s][info][gc,heap        ] GC(173) DefNew: 15191K(16064K)->982K(16064K) Eden: 14336K(14336K)->0K(14336K) From: 855K(1728K)->982K(1728K)
[2026-10-07T06:38:05.714+0000][480.771s][info][gc,heap        ] GC(173) Tenured: 30429K(35244K)->30429K(35244K)
[2026-10-07T06:38:05.714+0000][480.771s][info][gc,metaspace   ] GC(173) Metaspace: 74568K(75328K)->74568K(75328K) NonClass: 65190K(65600K)->65190K(65600K) Class: 9377K(9728K)->9377K(9728K)
[2026-10-07T06:38:05.714+0000][480.771s][info][gc             ] GC(173) Pause Young (Allocation Failure) 44M->30M(50M) 7.844ms
[2026-10-07T06:38:05.714+0000][480.771s][info][gc,cpu         ] GC(173) User=0.00s Sys=0.00s Real=0.01s
[2026-10-07T06:38:08.312+0000][483.369s][info][gc,start       ] GC(174) Pause Young (Allocation Failure)
[2026-10-07T06:38:08.322+0000][483.379s][info][gc,heap        ] GC(174) DefNew: 15318K(16064K)->752K(16064K) Eden: 14336K(14336K)->0K(14336K) From: 982K(1728K)->752K(1728K)
[2026-10-07T06:38:08.322+0000][483.379s][info][gc,heap        ] GC(174) Tenured: 30429K(35244K)->30637K(35244K)
[2026-10-07T06:38:08.322+0000][483.379s][info][gc,metaspace   ] GC(174) Metaspace: 74580K(75328K)->74580K(75328K) NonClass: 65202K(65600K)->65202K(65600K) Class: 9377K(9728K)->9377K(9728K)
[2026-10-07T06:38:08.322+0000][483.379s][info][gc             ] GC(174) Pause Young (Allocation Failure) 44M->30M(50M) 10.000ms
[2026-10-07T06:38:08.322+0000][483.379s][info][gc,cpu         ] GC(174) User=0.01s Sys=0.00s Real=0.01s
[2026-10-07T06:38:10.746+0000][485.803s][info][gc,start       ] GC(175) Pause Young (Allocation Failure)
[2026-10-07T06:38:10.753+0000][485.810s][info][gc,heap        ] GC(175) DefNew: 15088K(16064K)->827K(16064K) Eden: 14336K(14336K)->0K(14336K) From: 752K(1728K)->827K(1728K)
[2026-10-07T06:38:10.754+0000][485.810s][info][gc,heap        ] GC(175) Tenured: 30637K(35244K)->30637K(35244K)
[2026-10-07T06:38:10.754+0000][485.810s][info][gc,metaspace   ] GC(175) Metaspace: 74588K(75328K)->74588K(75328K) NonClass: 65211K(65600K)->65211K(65600K) Class: 9377K(9728K)->9377K(9728K)
[2026-10-07T06:38:10.754+0000][485.811s][info][gc             ] GC(175) Pause Young (Allocation Failure) 44M->30M(50M) 7.600ms
[2026-10-07T06:38:10.754+0000][485.811s][info][gc,cpu         ] GC(175) User=0.01s Sys=0.00s Real=0.01s
[2026-10-07T06:38:13.387+0000][488.444s][info][gc,start       ] GC(176) Pause Young (Allocation Failure)
[2026-10-07T06:38:13.393+0000][488.450s][info][gc,heap        ] GC(176) DefNew: 15163K(16064K)->810K(16064K) Eden: 14336K(14336K)->0K(14336K) From: 827K(1728K)->810K(1728K)
[2026-10-07T06:38:13.393+0000][488.450s][info][gc,heap        ] GC(176) Tenured: 30637K(35244K)->30637K(35244K)
[2026-10-07T06:38:13.393+0000][488.450s][info][gc,metaspace   ] GC(176) Metaspace: 74592K(75328K)->74592K(75328K) NonClass: 65214K(65600K)->65214K(65600K) Class: 9377K(9728K)->9377K(9728K)
[2026-10-07T06:38:13.393+0000][488.450s][info][gc             ] GC(176) Pause Young (Allocation Failure) 44M->30M(50M) 6.272ms
[2026-10-07T06:38:13.393+0000][488.450s][info][gc,cpu         ] GC(176) User=0.01s Sys=0.00s Real=0.00s
[2026-10-07T06:38:15.996+0000][491.053s][info][gc,start       ] GC(177) Pause Young (Allocation Failure)
[2026-10-07T06:38:16.003+0000][491.060s][info][gc,heap        ] GC(177) DefNew: 15146K(16064K)->882K(16064K) Eden: 14336K(14336K)->0K(14336K) From: 810K(1728K)->882K(1728K)
[2026-10-07T06:38:16.003+0000][491.060s][info][gc,heap        ] GC(177) Tenured: 30637K(35244K)->30637K(35244K)
[2026-10-07T06:38:16.003+0000][491.060s][info][gc,metaspace   ] GC(177) Metaspace: 74592K(75328K)->74592K(75328K) NonClass: 65214K(65600K)->65214K(65600K) Class: 9377K(9728K)->9377K(9728K)
[2026-10-07T06:38:16.003+0000][491.060s][info][gc             ] GC(177) Pause Young (Allocation Failure) 44M->30M(50M) 7.299ms
[2026-10-07T06:38:16.003+0000][491.060s][info][gc,cpu         ] GC(177) User=0.00s Sys=0.00s Real=0.01s
[2026-10-07T06:38:18.524+0000][493.581s][info][gc,start       ] GC(178) Pause Young (Allocation Failure)
[2026-10-07T06:38:18.545+0000][493.602s][info][gc,heap        ] GC(178) DefNew: 15218K(16064K)->808K(16064K) Eden: 14336K(14336K)->0K(14336K) From: 882K(1728K)->808K(1728K)
[2026-10-07T06:38:18.545+0000][493.602s][info][gc,heap        ] GC(178) Tenured: 30637K(35244K)->30721K(35244K)
[2026-10-07T06:38:18.545+0000][493.602s][info][gc,metaspace   ] GC(178) Metaspace: 74600K(75328K)->74600K(75328K) NonClass: 65222K(65600K)->65222K(65600K) Class: 9377K(9728K)->9377K(9728K)
[2026-10-07T06:38:18.547+0000][493.603s][info][gc             ] GC(178) Pause Young (Allocation Failure) 44M->30M(50M) 22.175ms
[2026-10-07T06:38:18.547+0000][493.604s][info][gc,cpu         ] GC(178) User=0.00s Sys=0.00s Real=0.02s
[2026-10-07T06:38:21.240+0000][496.297s][info][gc,start       ] GC(179) Pause Young (Allocation Failure)
[2026-10-07T06:38:21.249+0000][496.306s][info][gc,heap        ] GC(179) DefNew: 15144K(16064K)->902K(16064K) Eden: 14336K(14336K)->0K(14336K) From: 808K(1728K)->902K(1728K)
[2026-10-07T06:38:21.249+0000][496.306s][info][gc,heap        ] GC(179) Tenured: 30721K(35244K)->30721K(35244K)
[2026-10-07T06:38:21.249+0000][496.306s][info][gc,metaspace   ] GC(179) Metaspace: 74600K(75328K)->74600K(75328K) NonClass: 65223K(65600K)->65223K(65600K) Class: 9377K(9728K)->9377K(9728K)
[2026-10-07T06:38:21.249+0000][496.306s][info][gc             ] GC(179) Pause Young (Allocation Failure) 44M->30M(50M) 8.892ms
[2026-10-07T06:38:21.249+0000][496.306s][info][gc,cpu         ] GC(179) User=0.01s Sys=0.00s Real=0.01s
[2026-10-07T06:38:24.074+0000][499.131s][info][gc,start       ] GC(180) Pause Young (Allocation Failure)
[2026-10-07T06:38:24.085+0000][499.142s][info][gc,heap        ] GC(180) DefNew: 15238K(16064K)->863K(16064K) Eden: 14336K(14336K)->0K(14336K) From: 902K(1728K)->863K(1728K)
[2026-10-07T06:38:24.087+0000][499.144s][info][gc,heap        ] GC(180) Tenured: 30721K(35244K)->30766K(35244K)
[2026-10-07T06:38:24.087+0000][499.144s][info][gc,metaspace   ] GC(180) Metaspace: 74603K(75328K)->74603K(75328K) NonClass: 65225K(65600K)->65225K(65600K) Class: 9377K(9728K)->9377K(9728K)
[2026-10-07T06:38:24.087+0000][499.144s][info][gc             ] GC(180) Pause Young (Allocation Failure) 44M->30M(50M) 12.688ms
[2026-10-07T06:38:24.087+0000][499.144s][info][gc,cpu         ] GC(180) User=0.01s Sys=0.00s Real=0.02s
[2026-10-07T06:38:26.444+0000][501.501s][info][gc,start       ] GC(181) Pause Young (Allocation Failure)
[2026-10-07T06:38:26.451+0000][501.508s][info][gc,heap        ] GC(181) DefNew: 15199K(16064K)->931K(16064K) Eden: 14336K(14336K)->0K(14336K) From: 863K(1728K)->931K(1728K)
[2026-10-07T06:38:26.451+0000][501.508s][info][gc,heap        ] GC(181) Tenured: 30766K(35244K)->30766K(35244K)
[2026-10-07T06:38:26.451+0000][501.508s][info][gc,metaspace   ] GC(181) Metaspace: 74607K(75328K)->74607K(75328K) NonClass: 65229K(65600K)->65229K(65600K) Class: 9377K(9728K)->9377K(9728K)
[2026-10-07T06:38:26.452+0000][501.508s][info][gc             ] GC(181) Pause Young (Allocation Failure) 44M->30M(50M) 7.348ms
[2026-10-07T06:38:26.452+0000][501.509s][info][gc,cpu         ] GC(181) User=0.01s Sys=0.00s Real=0.01s
[2026-10-07T06:38:29.196+0000][504.253s][info][gc,start       ] GC(182) Pause Young (Allocation Failure)
[2026-10-07T06:38:29.204+0000][504.261s][info][gc,heap        ] GC(182) DefNew: 15267K(16064K)->924K(16064K) Eden: 14336K(14336K)->0K(14336K) From: 931K(1728K)->924K(1728K)
[2026-10-07T06:38:29.204+0000][504.261s][info][gc,heap        ] GC(182) Tenured: 30766K(35244K)->30867K(35244K)
[2026-10-07T06:38:29.204+0000][504.261s][info][gc,metaspace   ] GC(182) Metaspace: 74607K(75328K)->74607K(75328K) NonClass: 65229K(65600K)->65229K(65600K) Class: 9377K(9728K)->9377K(9728K)
[2026-10-07T06:38:29.204+0000][504.261s][info][gc             ] GC(182) Pause Young (Allocation Failure) 44M->31M(50M) 8.160ms
[2026-10-07T06:38:29.206+0000][504.263s][info][gc,cpu         ] GC(182) User=0.00s Sys=0.00s Real=0.01s
[2026-10-07T06:38:31.631+0000][506.688s][info][gc,start       ] GC(183) Pause Young (Allocation Failure)
[2026-10-07T06:38:31.638+0000][506.695s][info][gc,heap        ] GC(183) DefNew: 15260K(16064K)->874K(16064K) Eden: 14336K(14336K)->0K(14336K) From: 924K(1728K)->874K(1728K)
[2026-10-07T06:38:31.639+0000][506.695s][info][gc,heap        ] GC(183) Tenured: 30867K(35244K)->30960K(35244K)
[2026-10-07T06:38:31.639+0000][506.695s][info][gc,metaspace   ] GC(183) Metaspace: 74612K(75328K)->74612K(75328K) NonClass: 65235K(65600K)->65235K(65600K) Class: 9377K(9728K)->9377K(9728K)
[2026-10-07T06:38:31.639+0000][506.696s][info][gc             ] GC(183) Pause Young (Allocation Failure) 45M->31M(50M) 7.524ms
[2026-10-07T06:38:31.639+0000][506.696s][info][gc,cpu         ] GC(183) User=0.00s Sys=0.00s Real=0.01s
[2026-10-07T06:38:34.643+0000][509.700s][info][gc,start       ] GC(184) Pause Young (Allocation Failure)
[2026-10-07T06:38:34.652+0000][509.709s][info][gc,heap        ] GC(184) DefNew: 15200K(16064K)->879K(16064K) Eden: 14325K(14336K)->0K(14336K) From: 874K(1728K)->879K(1728K)
[2026-10-07T06:38:34.652+0000][509.709s][info][gc,heap        ] GC(184) Tenured: 30960K(35244K)->31000K(35244K)
[2026-10-07T06:38:34.652+0000][509.709s][info][gc,metaspace   ] GC(184) Metaspace: 74612K(75328K)->74612K(75328K) NonClass: 65235K(65600K)->65235K(65600K) Class: 9377K(9728K)->9377K(9728K)
[2026-10-07T06:38:34.652+0000][509.709s][info][gc             ] GC(184) Pause Young (Allocation Failure) 45M->31M(50M) 9.376ms
[2026-10-07T06:38:34.652+0000][509.709s][info][gc,cpu         ] GC(184) User=0.00s Sys=0.00s Real=0.01s
[2026-10-07T06:38:37.350+0000][512.407s][info][gc,start       ] GC(185) Pause Young (Allocation Failure)
[2026-10-07T06:38:37.357+0000][512.414s][info][gc,heap        ] GC(185) DefNew: 15215K(16064K)->861K(16064K) Eden: 14336K(14336K)->0K(14336K) From: 879K(1728K)->861K(1728K)
[2026-10-07T06:38:37.357+0000][512.414s][info][gc,heap        ] GC(185) Tenured: 31000K(35244K)->31035K(35244K)
[2026-10-07T06:38:37.357+0000][512.414s][info][gc,metaspace   ] GC(185) Metaspace: 74614K(75328K)->74614K(75328K) NonClass: 65236K(65600K)->65236K(65600K) Class: 9377K(9728K)->9377K(9728K)
[2026-10-07T06:38:37.357+0000][512.414s][info][gc             ] GC(185) Pause Young (Allocation Failure) 45M->31M(50M) 6.775ms
[2026-10-07T06:38:37.357+0000][512.414s][info][gc,cpu         ] GC(185) User=0.00s Sys=0.01s Real=0.01s
[2026-10-07T06:38:40.024+0000][515.081s][info][gc,start       ] GC(186) Pause Young (Allocation Failure)
[2026-10-07T06:38:40.032+0000][515.089s][info][gc,heap        ] GC(186) DefNew: 15194K(16064K)->958K(16064K) Eden: 14332K(14336K)->0K(14336K) From: 861K(1728K)->958K(1728K)
[2026-10-07T06:38:40.032+0000][515.089s][info][gc,heap        ] GC(186) Tenured: 31035K(35244K)->31035K(35244K)
[2026-10-07T06:38:40.032+0000][515.089s][info][gc,metaspace   ] GC(186) Metaspace: 74617K(75328K)->74617K(75328K) NonClass: 65239K(65600K)->65239K(65600K) Class: 9377K(9728K)->9377K(9728K)
[2026-10-07T06:38:40.032+0000][515.089s][info][gc             ] GC(186) Pause Young (Allocation Failure) 45M->31M(50M) 8.374ms
[2026-10-07T06:38:40.032+0000][515.089s][info][gc,cpu         ] GC(186) User=0.01s Sys=0.00s Real=0.01s
[2026-10-07T06:38:42.665+0000][517.722s][info][gc,start       ] GC(187) Pause Young (Allocation Failure)
[2026-10-07T06:38:42.672+0000][517.729s][info][gc,heap        ] GC(187) DefNew: 15294K(16064K)->812K(16064K) Eden: 14336K(14336K)->0K(14336K) From: 958K(1728K)->812K(1728K)
[2026-10-07T06:38:42.672+0000][517.729s][info][gc,heap        ] GC(187) Tenured: 31035K(35244K)->31141K(35244K)
[2026-10-07T06:38:42.672+0000][517.729s][info][gc,metaspace   ] GC(187) Metaspace: 74621K(75328K)->74621K(75328K) NonClass: 65244K(65600K)->65244K(65600K) Class: 9377K(9728K)->9377K(9728K)
[2026-10-07T06:38:42.672+0000][517.729s][info][gc             ] GC(187) Pause Young (Allocation Failure) 45M->31M(50M) 6.721ms
[2026-10-07T06:38:42.673+0000][517.730s][info][gc,cpu         ] GC(187) User=0.01s Sys=0.00s Real=0.01s
[2026-10-07T06:38:45.237+0000][520.294s][info][gc,start       ] GC(188) Pause Young (Allocation Failure)
[2026-10-07T06:38:45.245+0000][520.302s][info][gc,heap        ] GC(188) DefNew: 15148K(16064K)->920K(16064K) Eden: 14336K(14336K)->0K(14336K) From: 812K(1728K)->920K(1728K)
[2026-10-07T06:38:45.245+0000][520.302s][info][gc,heap        ] GC(188) Tenured: 31141K(35244K)->31141K(35244K)
[2026-10-07T06:38:45.245+0000][520.302s][info][gc,metaspace   ] GC(188) Metaspace: 74621K(75328K)->74621K(75328K) NonClass: 65244K(65600K)->65244K(65600K) Class: 9377K(9728K)->9377K(9728K)
[2026-10-07T06:38:45.245+0000][520.302s][info][gc             ] GC(188) Pause Young (Allocation Failure) 45M->31M(50M) 8.255ms
[2026-10-07T06:38:45.245+0000][520.302s][info][gc,cpu         ] GC(188) User=0.01s Sys=0.00s Real=0.00s
[2026-10-07T06:38:48.152+0000][523.209s][info][gc,start       ] GC(189) Pause Young (Allocation Failure)
[2026-10-07T06:38:48.160+0000][523.217s][info][gc,heap        ] GC(189) DefNew: 15256K(16064K)->667K(16064K) Eden: 14336K(14336K)->0K(14336K) From: 920K(1728K)->667K(1728K)
[2026-10-07T06:38:48.160+0000][523.217s][info][gc,heap        ] GC(189) Tenured: 31141K(35244K)->31339K(35244K)
[2026-10-07T06:38:48.160+0000][523.217s][info][gc,metaspace   ] GC(189) Metaspace: 74622K(75328K)->74622K(75328K) NonClass: 65244K(65600K)->65244K(65600K) Class: 9377K(9728K)->9377K(9728K)
[2026-10-07T06:38:48.160+0000][523.217s][info][gc             ] GC(189) Pause Young (Allocation Failure) 45M->31M(50M) 7.765ms
[2026-10-07T06:38:48.160+0000][523.217s][info][gc,cpu         ] GC(189) User=0.00s Sys=0.00s Real=0.01s
[2026-10-07T06:38:51.036+0000][526.093s][info][gc,start       ] GC(190) Pause Young (Allocation Failure)
[2026-10-07T06:38:51.046+0000][526.103s][info][gc,heap        ] GC(190) DefNew: 15003K(16064K)->752K(16064K) Eden: 14336K(14336K)->0K(14336K) From: 667K(1728K)->752K(1728K)
[2026-10-07T06:38:51.046+0000][526.103s][info][gc,heap        ] GC(190) Tenured: 31339K(35244K)->31339K(35244K)
[2026-10-07T06:38:51.046+0000][526.103s][info][gc,metaspace   ] GC(190) Metaspace: 74622K(75328K)->74622K(75328K) NonClass: 65244K(65600K)->65244K(65600K) Class: 9377K(9728K)->9377K(9728K)
[2026-10-07T06:38:51.047+0000][526.103s][info][gc             ] GC(190) Pause Young (Allocation Failure) 45M->31M(50M) 10.756ms
[2026-10-07T06:38:51.047+0000][526.104s][info][gc,cpu         ] GC(190) User=0.00s Sys=0.00s Real=0.01s
[2026-10-07T06:38:53.528+0000][528.585s][info][gc,start       ] GC(191) Pause Young (Allocation Failure)
[2026-10-07T06:38:53.543+0000][528.600s][info][gc,heap        ] GC(191) DefNew: 15088K(16064K)->819K(16064K) Eden: 14336K(14336K)->0K(14336K) From: 752K(1728K)->819K(1728K)
[2026-10-07T06:38:53.543+0000][528.600s][info][gc,heap        ] GC(191) Tenured: 31339K(35244K)->31339K(35244K)
[2026-10-07T06:38:53.543+0000][528.600s][info][gc,metaspace   ] GC(191) Metaspace: 74622K(75328K)->74622K(75328K) NonClass: 65245K(65600K)->65245K(65600K) Class: 9377K(9728K)->9377K(9728K)
[2026-10-07T06:38:53.543+0000][528.600s][info][gc             ] GC(191) Pause Young (Allocation Failure) 45M->31M(50M) 14.807ms
[2026-10-07T06:38:53.543+0000][528.600s][info][gc,cpu         ] GC(191) User=0.00s Sys=0.00s Real=0.01s
[2026-10-07T06:38:55.982+0000][531.039s][info][gc,start       ] GC(192) Pause Young (Allocation Failure)
[2026-10-07T06:38:55.989+0000][531.046s][info][gc,heap        ] GC(192) DefNew: 15155K(16064K)->916K(16064K) Eden: 14336K(14336K)->0K(14336K) From: 819K(1728K)->916K(1728K)
[2026-10-07T06:38:55.989+0000][531.046s][info][gc,heap        ] GC(192) Tenured: 31339K(35244K)->31339K(35244K)
[2026-10-07T06:38:55.989+0000][531.046s][info][gc,metaspace   ] GC(192) Metaspace: 74623K(75328K)->74623K(75328K) NonClass: 65245K(65600K)->65245K(65600K) Class: 9377K(9728K)->9377K(9728K)
[2026-10-07T06:38:55.989+0000][531.046s][info][gc             ] GC(192) Pause Young (Allocation Failure) 45M->31M(50M) 7.352ms
[2026-10-07T06:38:55.989+0000][531.046s][info][gc,cpu         ] GC(192) User=0.01s Sys=0.00s Real=0.01s
[2026-10-07T06:38:58.426+0000][533.483s][info][gc,start       ] GC(193) Pause Young (Allocation Failure)
[2026-10-07T06:38:58.432+0000][533.489s][info][gc,heap        ] GC(193) DefNew: 15252K(16064K)->834K(16064K) Eden: 14336K(14336K)->0K(14336K) From: 916K(1728K)->834K(1728K)
[2026-10-07T06:38:58.432+0000][533.489s][info][gc,heap        ] GC(193) Tenured: 31339K(35244K)->31430K(35244K)
[2026-10-07T06:38:58.432+0000][533.489s][info][gc,metaspace   ] GC(193) Metaspace: 74623K(75328K)->74623K(75328K) NonClass: 65245K(65600K)->65245K(65600K) Class: 9377K(9728K)->9377K(9728K)
[2026-10-07T06:38:58.432+0000][533.489s][info][gc             ] GC(193) Pause Young (Allocation Failure) 45M->31M(50M) 6.898ms
[2026-10-07T06:38:58.433+0000][533.489s][info][gc,cpu         ] GC(193) User=0.01s Sys=0.00s Real=0.01s
[2026-10-07T06:39:00.932+0000][535.989s][info][gc,start       ] GC(194) Pause Young (Allocation Failure)
[2026-10-07T06:39:00.940+0000][535.997s][info][gc,heap        ] GC(194) DefNew: 15170K(16064K)->929K(16064K) Eden: 14336K(14336K)->0K(14336K) From: 834K(1728K)->929K(1728K)
[2026-10-07T06:39:00.940+0000][535.997s][info][gc,heap        ] GC(194) Tenured: 31430K(35244K)->31430K(35244K)
[2026-10-07T06:39:00.940+0000][535.997s][info][gc,metaspace   ] GC(194) Metaspace: 74625K(75392K)->74625K(75392K) NonClass: 65248K(65664K)->65248K(65664K) Class: 9377K(9728K)->9377K(9728K)
[2026-10-07T06:39:00.940+0000][535.997s][info][gc             ] GC(194) Pause Young (Allocation Failure) 45M->31M(50M) 8.305ms
[2026-10-07T06:39:00.940+0000][535.997s][info][gc,cpu         ] GC(194) User=0.01s Sys=0.00s Real=0.01s
[2026-10-07T06:39:03.407+0000][538.464s][info][gc,start       ] GC(195) Pause Young (Allocation Failure)
[2026-10-07T06:39:03.415+0000][538.472s][info][gc,heap        ] GC(195) DefNew: 15265K(16064K)->845K(16064K) Eden: 14336K(14336K)->0K(14336K) From: 929K(1728K)->845K(1728K)
[2026-10-07T06:39:03.415+0000][538.472s][info][gc,heap        ] GC(195) Tenured: 31430K(35244K)->31508K(35244K)
[2026-10-07T06:39:03.415+0000][538.472s][info][gc,metaspace   ] GC(195) Metaspace: 74625K(75392K)->74625K(75392K) NonClass: 65248K(65664K)->65248K(65664K) Class: 9377K(9728K)->9377K(9728K)
[2026-10-07T06:39:03.415+0000][538.472s][info][gc             ] GC(195) Pause Young (Allocation Failure) 45M->31M(50M) 7.347ms
[2026-10-07T06:39:03.415+0000][538.472s][info][gc,cpu         ] GC(195) User=0.00s Sys=0.00s Real=0.00s
[2026-10-07T06:39:06.110+0000][541.167s][info][gc,start       ] GC(196) Pause Young (Allocation Failure)
[2026-10-07T06:39:06.118+0000][541.175s][info][gc,heap        ] GC(196) DefNew: 15181K(16064K)->902K(16064K) Eden: 14336K(14336K)->0K(14336K) From: 845K(1728K)->902K(1728K)
[2026-10-07T06:39:06.118+0000][541.175s][info][gc,heap        ] GC(196) Tenured: 31508K(35244K)->31508K(35244K)
[2026-10-07T06:39:06.118+0000][541.175s][info][gc,metaspace   ] GC(196) Metaspace: 74625K(75392K)->74625K(75392K) NonClass: 65248K(65664K)->65248K(65664K) Class: 9377K(9728K)->9377K(9728K)
[2026-10-07T06:39:06.118+0000][541.175s][info][gc             ] GC(196) Pause Young (Allocation Failure) 45M->31M(50M) 8.490ms
[2026-10-07T06:39:06.118+0000][541.175s][info][gc,cpu         ] GC(196) User=0.00s Sys=0.00s Real=0.01s
[2026-10-07T06:39:08.732+0000][543.789s][info][gc,start       ] GC(197) Pause Young (Allocation Failure)
[2026-10-07T06:39:08.741+0000][543.798s][info][gc,heap        ] GC(197) DefNew: 15238K(16064K)->854K(16064K) Eden: 14336K(14336K)->0K(14336K) From: 902K(1728K)->854K(1728K)
[2026-10-07T06:39:08.741+0000][543.798s][info][gc,heap        ] GC(197) Tenured: 31508K(35244K)->31581K(35244K)
[2026-10-07T06:39:08.741+0000][543.798s][info][gc,metaspace   ] GC(197) Metaspace: 74626K(75392K)->74626K(75392K) NonClass: 65248K(65664K)->65248K(65664K) Class: 9377K(9728K)->9377K(9728K)
[2026-10-07T06:39:08.741+0000][543.798s][info][gc             ] GC(197) Pause Young (Allocation Failure) 45M->31M(50M) 8.854ms
[2026-10-07T06:39:08.741+0000][543.798s][info][gc,cpu         ] GC(197) User=0.01s Sys=0.00s Real=0.01s
[2026-10-07T06:39:11.251+0000][546.308s][info][gc,start       ] GC(198) Pause Young (Allocation Failure)
[2026-10-07T06:39:11.258+0000][546.315s][info][gc,heap        ] GC(198) DefNew: 15190K(16064K)->852K(16064K) Eden: 14336K(14336K)->0K(14336K) From: 854K(1728K)->852K(1728K)
[2026-10-07T06:39:11.258+0000][546.315s][info][gc,heap        ] GC(198) Tenured: 31581K(35244K)->31581K(35244K)
[2026-10-07T06:39:11.258+0000][546.315s][info][gc,metaspace   ] GC(198) Metaspace: 74626K(75392K)->74626K(75392K) NonClass: 65248K(65664K)->65248K(65664K) Class: 9377K(9728K)->9377K(9728K)
[2026-10-07T06:39:11.258+0000][546.315s][info][gc             ] GC(198) Pause Young (Allocation Failure) 45M->31M(50M) 7.768ms
[2026-10-07T06:39:11.259+0000][546.316s][info][gc,cpu         ] GC(198) User=0.01s Sys=0.01s Real=0.01s
[2026-10-07T06:39:13.893+0000][548.950s][info][gc,start       ] GC(199) Pause Young (Allocation Failure)
[2026-10-07T06:39:13.906+0000][548.963s][info][gc,heap        ] GC(199) DefNew: 15188K(16064K)->888K(16064K) Eden: 14336K(14336K)->0K(14336K) From: 852K(1728K)->888K(1728K)
[2026-10-07T06:39:13.906+0000][548.963s][info][gc,heap        ] GC(199) Tenured: 31581K(35244K)->31581K(35244K)
[2026-10-07T06:39:13.906+0000][548.963s][info][gc,metaspace   ] GC(199) Metaspace: 74626K(75392K)->74626K(75392K) NonClass: 65248K(65664K)->65248K(65664K) Class: 9377K(9728K)->9377K(9728K)
[2026-10-07T06:39:13.906+0000][548.963s][info][gc             ] GC(199) Pause Young (Allocation Failure) 45M->31M(50M) 13.293ms
[2026-10-07T06:39:13.906+0000][548.963s][info][gc,cpu         ] GC(199) User=0.01s Sys=0.00s Real=0.01s
[2026-10-07T06:39:16.477+0000][551.534s][info][gc,start       ] GC(200) Pause Young (Allocation Failure)
[2026-10-07T06:39:16.485+0000][551.542s][info][gc,heap        ] GC(200) DefNew: 15224K(16064K)->927K(16064K) Eden: 14336K(14336K)->0K(14336K) From: 888K(1728K)->927K(1728K)
[2026-10-07T06:39:16.485+0000][551.542s][info][gc,heap        ] GC(200) Tenured: 31581K(35244K)->31618K(35244K)
[2026-10-07T06:39:16.485+0000][551.542s][info][gc,metaspace   ] GC(200) Metaspace: 74634K(75392K)->74634K(75392K) NonClass: 65256K(65664K)->65256K(65664K) Class: 9377K(9728K)->9377K(9728K)
[2026-10-07T06:39:16.485+0000][551.542s][info][gc             ] GC(200) Pause Young (Allocation Failure) 45M->31M(50M) 7.529ms
[2026-10-07T06:39:16.485+0000][551.542s][info][gc,cpu         ] GC(200) User=0.01s Sys=0.00s Real=0.00s
[2026-10-07T06:39:19.370+0000][554.426s][info][gc,start       ] GC(201) Pause Young (Allocation Failure)
[2026-10-07T06:39:19.382+0000][554.439s][info][gc,heap        ] GC(201) DefNew: 15263K(16064K)->868K(16064K) Eden: 14336K(14336K)->0K(14336K) From: 927K(1728K)->868K(1728K)
[2026-10-07T06:39:19.382+0000][554.439s][info][gc,heap        ] GC(201) Tenured: 31618K(35244K)->31685K(35244K)
[2026-10-07T06:39:19.382+0000][554.439s][info][gc,metaspace   ] GC(201) Metaspace: 74635K(75392K)->74635K(75392K) NonClass: 65257K(65664K)->65257K(65664K) Class: 9377K(9728K)->9377K(9728K)
[2026-10-07T06:39:19.382+0000][554.439s][info][gc             ] GC(201) Pause Young (Allocation Failure) 45M->31M(50M) 12.356ms
[2026-10-07T06:39:19.382+0000][554.439s][info][gc,cpu         ] GC(201) User=0.00s Sys=0.00s Real=0.01s
[2026-10-07T06:39:22.006+0000][557.063s][info][gc,start       ] GC(202) Pause Young (Allocation Failure)
[2026-10-07T06:39:22.012+0000][557.069s][info][gc,heap        ] GC(202) DefNew: 15204K(16064K)->817K(16064K) Eden: 14336K(14336K)->0K(14336K) From: 868K(1728K)->817K(1728K)
[2026-10-07T06:39:22.012+0000][557.069s][info][gc,heap        ] GC(202) Tenured: 31685K(35244K)->31717K(35244K)
[2026-10-07T06:39:22.012+0000][557.069s][info][gc,metaspace   ] GC(202) Metaspace: 74654K(75392K)->74654K(75392K) NonClass: 65276K(65664K)->65276K(65664K) Class: 9377K(9728K)->9377K(9728K)
[2026-10-07T06:39:22.012+0000][557.069s][info][gc             ] GC(202) Pause Young (Allocation Failure) 45M->31M(50M) 5.959ms
[2026-10-07T06:39:22.012+0000][557.069s][info][gc,cpu         ] GC(202) User=0.00s Sys=0.00s Real=0.01s
[2026-10-07T06:39:24.587+0000][559.644s][info][gc,start       ] GC(203) Pause Young (Allocation Failure)
[2026-10-07T06:39:24.596+0000][559.653s][info][gc,heap        ] GC(203) DefNew: 15153K(16064K)->956K(16064K) Eden: 14336K(14336K)->0K(14336K) From: 817K(1728K)->956K(1728K)
[2026-10-07T06:39:24.596+0000][559.653s][info][gc,heap        ] GC(203) Tenured: 31717K(35244K)->31717K(35244K)
[2026-10-07T06:39:24.596+0000][559.653s][info][gc,metaspace   ] GC(203) Metaspace: 74654K(75392K)->74654K(75392K) NonClass: 65276K(65664K)->65276K(65664K) Class: 9377K(9728K)->9377K(9728K)
[2026-10-07T06:39:24.596+0000][559.653s][info][gc             ] GC(203) Pause Young (Allocation Failure) 45M->31M(50M) 9.136ms
[2026-10-07T06:39:24.596+0000][559.653s][info][gc,cpu         ] GC(203) User=0.01s Sys=0.00s Real=0.01s
[2026-10-07T06:39:27.008+0000][562.065s][info][gc,start       ] GC(204) Pause Young (Allocation Failure)
[2026-10-07T06:39:27.018+0000][562.075s][info][gc,heap        ] GC(204) DefNew: 15292K(16064K)->801K(16064K) Eden: 14336K(14336K)->0K(14336K) From: 956K(1728K)->801K(1728K)
[2026-10-07T06:39:27.018+0000][562.075s][info][gc,heap        ] GC(204) Tenured: 31717K(35244K)->31790K(35244K)
[2026-10-07T06:39:27.018+0000][562.075s][info][gc,metaspace   ] GC(204) Metaspace: 74655K(75392K)->74655K(75392K) NonClass: 65277K(65664K)->65277K(65664K) Class: 9377K(9728K)->9377K(9728K)
[2026-10-07T06:39:27.018+0000][562.075s][info][gc             ] GC(204) Pause Young (Allocation Failure) 45M->31M(50M) 9.892ms
[2026-10-07T06:39:27.018+0000][562.075s][info][gc,cpu         ] GC(204) User=0.01s Sys=0.00s Real=0.01s
[2026-10-07T06:39:29.766+0000][564.823s][info][gc,start       ] GC(205) Pause Young (Allocation Failure)
[2026-10-07T06:39:29.773+0000][564.830s][info][gc,heap        ] GC(205) DefNew: 15137K(16064K)->870K(16064K) Eden: 14336K(14336K)->0K(14336K) From: 801K(1728K)->870K(1728K)
[2026-10-07T06:39:29.773+0000][564.830s][info][gc,heap        ] GC(205) Tenured: 31790K(35244K)->31790K(35244K)
[2026-10-07T06:39:29.773+0000][564.830s][info][gc,metaspace   ] GC(205) Metaspace: 74655K(75392K)->74655K(75392K) NonClass: 65277K(65664K)->65277K(65664K) Class: 9377K(9728K)->9377K(9728K)
[2026-10-07T06:39:29.773+0000][564.830s][info][gc             ] GC(205) Pause Young (Allocation Failure) 45M->31M(50M) 7.201ms
[2026-10-07T06:39:29.773+0000][564.830s][info][gc,cpu         ] GC(205) User=0.01s Sys=0.00s Real=0.01s
[2026-10-07T06:39:32.540+0000][567.597s][info][gc,start       ] GC(206) Pause Young (Allocation Failure)
[2026-10-07T06:39:32.549+0000][567.606s][info][gc,heap        ] GC(206) DefNew: 15206K(16064K)->844K(16064K) Eden: 14336K(14336K)->0K(14336K) From: 870K(1728K)->844K(1728K)
[2026-10-07T06:39:32.549+0000][567.606s][info][gc,heap        ] GC(206) Tenured: 31790K(35244K)->31831K(35244K)
[2026-10-07T06:39:32.549+0000][567.606s][info][gc,metaspace   ] GC(206) Metaspace: 74655K(75392K)->74655K(75392K) NonClass: 65277K(65664K)->65277K(65664K) Class: 9377K(9728K)->9377K(9728K)
[2026-10-07T06:39:32.549+0000][567.606s][info][gc             ] GC(206) Pause Young (Allocation Failure) 45M->31M(50M) 9.404ms
[2026-10-07T06:39:32.550+0000][567.606s][info][gc,cpu         ] GC(206) User=0.01s Sys=0.00s Real=0.01s
[2026-10-07T06:39:34.987+0000][570.043s][info][gc,start       ] GC(207) Pause Young (Allocation Failure)
[2026-10-07T06:39:34.994+0000][570.051s][info][gc,heap        ] GC(207) DefNew: 15180K(16064K)->972K(16064K) Eden: 14336K(14336K)->0K(14336K) From: 844K(1728K)->972K(1728K)
[2026-10-07T06:39:34.994+0000][570.051s][info][gc,heap        ] GC(207) Tenured: 31831K(35244K)->31831K(35244K)
[2026-10-07T06:39:34.994+0000][570.051s][info][gc,metaspace   ] GC(207) Metaspace: 74655K(75392K)->74655K(75392K) NonClass: 65277K(65664K)->65277K(65664K) Class: 9377K(9728K)->9377K(9728K)
[2026-10-07T06:39:34.994+0000][570.051s][info][gc             ] GC(207) Pause Young (Allocation Failure) 45M->32M(50M) 7.891ms
[2026-10-07T06:39:34.994+0000][570.051s][info][gc,cpu         ] GC(207) User=0.00s Sys=0.00s Real=0.01s
[2026-10-07T06:39:37.664+0000][572.721s][info][gc,start       ] GC(208) Pause Young (Allocation Failure)
[2026-10-07T06:39:37.671+0000][572.728s][info][gc,heap        ] GC(208) DefNew: 15308K(16064K)->831K(16064K) Eden: 14336K(14336K)->0K(14336K) From: 972K(1728K)->831K(1728K)
[2026-10-07T06:39:37.671+0000][572.728s][info][gc,heap        ] GC(208) Tenured: 31831K(35244K)->31954K(35244K)
[2026-10-07T06:39:37.671+0000][572.728s][info][gc,metaspace   ] GC(208) Metaspace: 74655K(75392K)->74655K(75392K) NonClass: 65277K(65664K)->65277K(65664K) Class: 9377K(9728K)->9377K(9728K)
[2026-10-07T06:39:37.671+0000][572.728s][info][gc             ] GC(208) Pause Young (Allocation Failure) 46M->32M(50M) 6.786ms
[2026-10-07T06:39:37.671+0000][572.728s][info][gc,cpu         ] GC(208) User=0.01s Sys=0.00s Real=0.01s
[2026-10-07T06:39:40.087+0000][575.144s][info][gc,start       ] GC(209) Pause Young (Allocation Failure)
[2026-10-07T06:39:40.097+0000][575.154s][info][gc,heap        ] GC(209) DefNew: 15167K(16064K)->918K(16064K) Eden: 14336K(14336K)->0K(14336K) From: 831K(1728K)->918K(1728K)
[2026-10-07T06:39:40.097+0000][575.154s][info][gc,heap        ] GC(209) Tenured: 31954K(35244K)->31954K(35244K)
[2026-10-07T06:39:40.097+0000][575.154s][info][gc,metaspace   ] GC(209) Metaspace: 74656K(75392K)->74656K(75392K) NonClass: 65278K(65664K)->65278K(65664K) Class: 9377K(9728K)->9377K(9728K)
[2026-10-07T06:39:40.097+0000][575.154s][info][gc             ] GC(209) Pause Young (Allocation Failure) 46M->32M(50M) 10.585ms
[2026-10-07T06:39:40.097+0000][575.154s][info][gc,cpu         ] GC(209) User=0.00s Sys=0.00s Real=0.02s
[2026-10-07T06:39:42.740+0000][577.797s][info][gc,start       ] GC(210) Pause Young (Allocation Failure)
[2026-10-07T06:39:42.748+0000][577.805s][info][gc,heap        ] GC(210) DefNew: 15254K(16064K)->790K(16064K) Eden: 14336K(14336K)->0K(14336K) From: 918K(1728K)->790K(1728K)
[2026-10-07T06:39:42.748+0000][577.805s][info][gc,heap        ] GC(210) Tenured: 31954K(35244K)->32032K(35244K)
[2026-10-07T06:39:42.748+0000][577.805s][info][gc,metaspace   ] GC(210) Metaspace: 74834K(75584K)->74834K(75584K) NonClass: 65456K(65856K)->65456K(65856K) Class: 9377K(9728K)->9377K(9728K)
[2026-10-07T06:39:42.748+0000][577.805s][info][gc             ] GC(210) Pause Young (Allocation Failure) 46M->32M(50M) 7.193ms
[2026-10-07T06:39:42.748+0000][577.805s][info][gc,cpu         ] GC(210) User=0.00s Sys=0.00s Real=0.01s
[2026-10-07T06:39:45.453+0000][580.509s][info][gc,start       ] GC(211) Pause Young (Allocation Failure)
[2026-10-07T06:39:45.459+0000][580.516s][info][gc,heap        ] GC(211) DefNew: 15126K(16064K)->892K(16064K) Eden: 14336K(14336K)->0K(14336K) From: 790K(1728K)->892K(1728K)
[2026-10-07T06:39:45.459+0000][580.516s][info][gc,heap        ] GC(211) Tenured: 32032K(35244K)->32032K(35244K)
[2026-10-07T06:39:45.459+0000][580.516s][info][gc,metaspace   ] GC(211) Metaspace: 74834K(75584K)->74834K(75584K) NonClass: 65456K(65856K)->65456K(65856K) Class: 9377K(9728K)->9377K(9728K)
[2026-10-07T06:39:45.460+0000][580.517s][info][gc             ] GC(211) Pause Young (Allocation Failure) 46M->32M(50M) 7.114ms
[2026-10-07T06:39:45.460+0000][580.517s][info][gc,cpu         ] GC(211) User=0.01s Sys=0.00s Real=0.01s
[2026-10-07T06:39:48.027+0000][583.084s][info][gc,start       ] GC(212) Pause Young (Allocation Failure)
[2026-10-07T06:39:48.035+0000][583.091s][info][gc,heap        ] GC(212) DefNew: 15228K(16064K)->834K(16064K) Eden: 14336K(14336K)->0K(14336K) From: 892K(1728K)->834K(1728K)
[2026-10-07T06:39:48.035+0000][583.092s][info][gc,heap        ] GC(212) Tenured: 32032K(35244K)->32068K(35244K)
[2026-10-07T06:39:48.035+0000][583.092s][info][gc,metaspace   ] GC(212) Metaspace: 74834K(75584K)->74834K(75584K) NonClass: 65456K(65856K)->65456K(65856K) Class: 9377K(9728K)->9377K(9728K)
[2026-10-07T06:39:48.035+0000][583.092s][info][gc             ] GC(212) Pause Young (Allocation Failure) 46M->32M(50M) 7.776ms
[2026-10-07T06:39:48.035+0000][583.092s][info][gc,cpu         ] GC(212) User=0.00s Sys=0.00s Real=0.01s
[2026-10-07T06:39:50.712+0000][585.769s][info][gc,start       ] GC(213) Pause Young (Allocation Failure)
[2026-10-07T06:39:50.720+0000][585.777s][info][gc,heap        ] GC(213) DefNew: 15170K(16064K)->927K(16064K) Eden: 14336K(14336K)->0K(14336K) From: 834K(1728K)->927K(1728K)
[2026-10-07T06:39:50.720+0000][585.777s][info][gc,heap        ] GC(213) Tenured: 32068K(35244K)->32068K(35244K)
[2026-10-07T06:39:50.720+0000][585.777s][info][gc,metaspace   ] GC(213) Metaspace: 74834K(75584K)->74834K(75584K) NonClass: 65456K(65856K)->65456K(65856K) Class: 9377K(9728K)->9377K(9728K)
[2026-10-07T06:39:50.720+0000][585.777s][info][gc             ] GC(213) Pause Young (Allocation Failure) 46M->32M(50M) 8.502ms
[2026-10-07T06:39:50.720+0000][585.777s][info][gc,cpu         ] GC(213) User=0.01s Sys=0.00s Real=0.01s
[2026-10-07T06:39:53.387+0000][588.444s][info][gc,start       ] GC(214) Pause Young (Allocation Failure)
[2026-10-07T06:39:53.395+0000][588.452s][info][gc,heap        ] GC(214) DefNew: 15263K(16064K)->837K(16064K) Eden: 14336K(14336K)->0K(14336K) From: 927K(1728K)->837K(1728K)
[2026-10-07T06:39:53.395+0000][588.452s][info][gc,heap        ] GC(214) Tenured: 32068K(35244K)->32132K(35244K)
[2026-10-07T06:39:53.395+0000][588.452s][info][gc,metaspace   ] GC(214) Metaspace: 74834K(75584K)->74834K(75584K) NonClass: 65456K(65856K)->65456K(65856K) Class: 9377K(9728K)->9377K(9728K)
[2026-10-07T06:39:53.395+0000][588.452s][info][gc             ] GC(214) Pause Young (Allocation Failure) 46M->32M(50M) 8.395ms
[2026-10-07T06:39:53.395+0000][588.452s][info][gc,cpu         ] GC(214) User=0.01s Sys=0.00s Real=0.01s
[2026-10-07T06:39:55.936+0000][590.993s][info][gc,start       ] GC(215) Pause Young (Allocation Failure)
[2026-10-07T06:39:55.944+0000][591.001s][info][gc,heap        ] GC(215) DefNew: 15173K(16064K)->913K(16064K) Eden: 14336K(14336K)->0K(14336K) From: 837K(1728K)->913K(1728K)
[2026-10-07T06:39:55.944+0000][591.001s][info][gc,heap        ] GC(215) Tenured: 32132K(35244K)->32132K(35244K)
[2026-10-07T06:39:55.944+0000][591.001s][info][gc,metaspace   ] GC(215) Metaspace: 74837K(75584K)->74837K(75584K) NonClass: 65459K(65856K)->65459K(65856K) Class: 9377K(9728K)->9377K(9728K)
[2026-10-07T06:39:55.944+0000][591.001s][info][gc             ] GC(215) Pause Young (Allocation Failure) 46M->32M(50M) 8.188ms
[2026-10-07T06:39:55.944+0000][591.001s][info][gc,cpu         ] GC(215) User=0.00s Sys=0.00s Real=0.01s
[2026-10-07T06:39:58.725+0000][593.782s][info][gc,start       ] GC(216) Pause Young (Allocation Failure)
[2026-10-07T06:39:58.734+0000][593.791s][info][gc,heap        ] GC(216) DefNew: 15249K(16064K)->801K(16064K) Eden: 14336K(14336K)->0K(14336K) From: 913K(1728K)->801K(1728K)
[2026-10-07T06:39:58.734+0000][593.791s][info][gc,heap        ] GC(216) Tenured: 32132K(35244K)->32212K(35244K)
[2026-10-07T06:39:58.734+0000][593.791s][info][gc,metaspace   ] GC(216) Metaspace: 74844K(75648K)->74844K(75648K) NonClass: 65467K(65920K)->65467K(65920K) Class: 9377K(9728K)->9377K(9728K)
[2026-10-07T06:39:58.734+0000][593.791s][info][gc             ] GC(216) Pause Young (Allocation Failure) 46M->32M(50M) 8.418ms
[2026-10-07T06:39:58.734+0000][593.791s][info][gc,cpu         ] GC(216) User=0.01s Sys=0.00s Real=0.01s
[2026-10-07T06:40:01.453+0000][596.510s][info][gc,start       ] GC(217) Pause Young (Allocation Failure)
[2026-10-07T06:40:01.463+0000][596.520s][info][gc,heap        ] GC(217) DefNew: 15137K(16064K)->902K(16064K) Eden: 14336K(14336K)->0K(14336K) From: 801K(1728K)->902K(1728K)
[2026-10-07T06:40:01.463+0000][596.520s][info][gc,heap        ] GC(217) Tenured: 32212K(35244K)->32212K(35244K)
[2026-10-07T06:40:01.463+0000][596.520s][info][gc,metaspace   ] GC(217) Metaspace: 74844K(75648K)->74844K(75648K) NonClass: 65467K(65920K)->65467K(65920K) Class: 9377K(9728K)->9377K(9728K)
[2026-10-07T06:40:01.463+0000][596.520s][info][gc             ] GC(217) Pause Young (Allocation Failure) 46M->32M(50M) 10.258ms
[2026-10-07T06:40:01.463+0000][596.520s][info][gc,cpu         ] GC(217) User=0.01s Sys=0.00s Real=0.01s
[2026-10-07T06:40:04.084+0000][599.141s][info][gc,start       ] GC(218) Pause Young (Allocation Failure)
[2026-10-07T06:40:04.093+0000][599.150s][info][gc,heap        ] GC(218) DefNew: 15238K(16064K)->966K(16064K) Eden: 14336K(14336K)->0K(14336K) From: 902K(1728K)->966K(1728K)
[2026-10-07T06:40:04.093+0000][599.150s][info][gc,heap        ] GC(218) Tenured: 32212K(35244K)->32254K(35244K)
[2026-10-07T06:40:04.093+0000][599.150s][info][gc,metaspace   ] GC(218) Metaspace: 74844K(75648K)->74844K(75648K) NonClass: 65467K(65920K)->65467K(65920K) Class: 9377K(9728K)->9377K(9728K)
[2026-10-07T06:40:04.095+0000][599.152s][info][gc             ] GC(218) Pause Young (Allocation Failure) 46M->32M(50M) 10.884ms
[2026-10-07T06:40:04.095+0000][599.152s][info][gc,cpu         ] GC(218) User=0.00s Sys=0.00s Real=0.01s
[2026-10-07T06:40:06.943+0000][602.000s][info][gc,start       ] GC(219) Pause Young (Allocation Failure)
[2026-10-07T06:40:06.949+0000][602.006s][info][gc,heap        ] GC(219) DefNew: 15302K(16064K)->753K(16064K) Eden: 14336K(14336K)->0K(14336K) From: 966K(1728K)->753K(1728K)
[2026-10-07T06:40:06.950+0000][602.006s][info][gc,heap        ] GC(219) Tenured: 32254K(35244K)->32386K(35244K)
[2026-10-07T06:40:06.950+0000][602.007s][info][gc,metaspace   ] GC(219) Metaspace: 74845K(75648K)->74845K(75648K) NonClass: 65467K(65920K)->65467K(65920K) Class: 9377K(9728K)->9377K(9728K)
[2026-10-07T06:40:06.950+0000][602.007s][info][gc             ] GC(219) Pause Young (Allocation Failure) 46M->32M(50M) 6.927ms
[2026-10-07T06:40:06.950+0000][602.007s][info][gc,cpu         ] GC(219) User=0.01s Sys=0.00s Real=0.01s
[2026-10-07T06:40:09.645+0000][604.702s][info][gc,start       ] GC(220) Pause Young (Allocation Failure)
[2026-10-07T06:40:09.652+0000][604.708s][info][gc,heap        ] GC(220) DefNew: 15089K(16064K)->833K(16064K) Eden: 14336K(14336K)->0K(14336K) From: 753K(1728K)->833K(1728K)
[2026-10-07T06:40:09.652+0000][604.709s][info][gc,heap        ] GC(220) Tenured: 32386K(35244K)->32386K(35244K)
[2026-10-07T06:40:09.652+0000][604.709s][info][gc,metaspace   ] GC(220) Metaspace: 74847K(75648K)->74847K(75648K) NonClass: 65469K(65920K)->65469K(65920K) Class: 9377K(9728K)->9377K(9728K)
[2026-10-07T06:40:09.652+0000][604.709s][info][gc             ] GC(220) Pause Young (Allocation Failure) 46M->32M(50M) 6.658ms
[2026-10-07T06:40:09.652+0000][604.709s][info][gc,cpu         ] GC(220) User=0.00s Sys=0.00s Real=0.01s
[2026-10-07T06:40:12.071+0000][607.128s][info][gc,start       ] GC(221) Pause Young (Allocation Failure)
[2026-10-07T06:40:12.077+0000][607.134s][info][gc,heap        ] GC(221) DefNew: 15169K(16064K)->855K(16064K) Eden: 14336K(14336K)->0K(14336K) From: 833K(1728K)->855K(1728K)
[2026-10-07T06:40:12.077+0000][607.134s][info][gc,heap        ] GC(221) Tenured: 32386K(35244K)->32386K(35244K)
[2026-10-07T06:40:12.078+0000][607.134s][info][gc,metaspace   ] GC(221) Metaspace: 74847K(75648K)->74847K(75648K) NonClass: 65469K(65920K)->65469K(65920K) Class: 9377K(9728K)->9377K(9728K)
[2026-10-07T06:40:12.078+0000][607.135s][info][gc             ] GC(221) Pause Young (Allocation Failure) 46M->32M(50M) 6.947ms
[2026-10-07T06:40:12.078+0000][607.135s][info][gc,cpu         ] GC(221) User=0.01s Sys=0.00s Real=0.01s
[2026-10-07T06:40:14.809+0000][609.866s][info][gc,start       ] GC(222) Pause Young (Allocation Failure)
[2026-10-07T06:40:14.817+0000][609.874s][info][gc,heap        ] GC(222) DefNew: 15191K(16064K)->900K(16064K) Eden: 14336K(14336K)->0K(14336K) From: 855K(1728K)->900K(1728K)
[2026-10-07T06:40:14.817+0000][609.874s][info][gc,heap        ] GC(222) Tenured: 32386K(35244K)->32386K(35244K)
[2026-10-07T06:40:14.817+0000][609.874s][info][gc,metaspace   ] GC(222) Metaspace: 74847K(75648K)->74847K(75648K) NonClass: 65469K(65920K)->65469K(65920K) Class: 9377K(9728K)->9377K(9728K)
[2026-10-07T06:40:14.818+0000][609.875s][info][gc             ] GC(222) Pause Young (Allocation Failure) 46M->32M(50M) 8.547ms
[2026-10-07T06:40:14.818+0000][609.875s][info][gc,cpu         ] GC(222) User=0.00s Sys=0.00s Real=0.01s
[2026-10-07T06:40:17.588+0000][612.645s][info][gc,start       ] GC(223) Pause Young (Allocation Failure)
[2026-10-07T06:40:17.597+0000][612.654s][info][gc,heap        ] GC(223) DefNew: 15236K(16064K)->868K(16064K) Eden: 14336K(14336K)->0K(14336K) From: 900K(1728K)->868K(1728K)
[2026-10-07T06:40:17.597+0000][612.654s][info][gc,heap        ] GC(223) Tenured: 32386K(35244K)->32426K(35244K)
[2026-10-07T06:40:17.597+0000][612.654s][info][gc,metaspace   ] GC(223) Metaspace: 74849K(75648K)->74849K(75648K) NonClass: 65472K(65920K)->65472K(65920K) Class: 9377K(9728K)->9377K(9728K)
[2026-10-07T06:40:17.597+0000][612.654s][info][gc             ] GC(223) Pause Young (Allocation Failure) 46M->32M(50M) 8.794ms
[2026-10-07T06:40:17.597+0000][612.654s][info][gc,cpu         ] GC(223) User=0.00s Sys=0.00s Real=0.01s
[2026-10-07T06:40:20.184+0000][615.241s][info][gc,start       ] GC(224) Pause Young (Allocation Failure)
[2026-10-07T06:40:20.192+0000][615.249s][info][gc,heap        ] GC(224) DefNew: 15204K(16064K)->930K(16064K) Eden: 14336K(14336K)->0K(14336K) From: 868K(1728K)->930K(1728K)
[2026-10-07T06:40:20.192+0000][615.249s][info][gc,heap        ] GC(224) Tenured: 32426K(35244K)->32455K(35244K)
[2026-10-07T06:40:20.192+0000][615.249s][info][gc,metaspace   ] GC(224) Metaspace: 74849K(75648K)->74849K(75648K) NonClass: 65472K(65920K)->65472K(65920K) Class: 9377K(9728K)->9377K(9728K)
[2026-10-07T06:40:20.192+0000][615.249s][info][gc             ] GC(224) Pause Young (Allocation Failure) 46M->32M(50M) 8.558ms
[2026-10-07T06:40:20.192+0000][615.249s][info][gc,cpu         ] GC(224) User=0.01s Sys=0.00s Real=0.01s
[2026-10-07T06:40:22.786+0000][617.843s][info][gc,start       ] GC(225) Pause Young (Allocation Failure)
[2026-10-07T06:40:22.793+0000][617.850s][info][gc,heap        ] GC(225) DefNew: 15266K(16064K)->838K(16064K) Eden: 14336K(14336K)->0K(14336K) From: 930K(1728K)->838K(1728K)
[2026-10-07T06:40:22.793+0000][617.850s][info][gc,heap        ] GC(225) Tenured: 32455K(35244K)->32597K(35244K)
[2026-10-07T06:40:22.793+0000][617.850s][info][gc,metaspace   ] GC(225) Metaspace: 74850K(75648K)->74850K(75648K) NonClass: 65473K(65920K)->65473K(65920K) Class: 9377K(9728K)->9377K(9728K)
[2026-10-07T06:40:22.793+0000][617.850s][info][gc             ] GC(225) Pause Young (Allocation Failure) 46M->32M(50M) 7.182ms
[2026-10-07T06:40:22.793+0000][617.850s][info][gc,cpu         ] GC(225) User=0.00s Sys=0.00s Real=0.01s
[2026-10-07T06:40:25.442+0000][620.499s][info][gc,start       ] GC(226) Pause Young (Allocation Failure)
[2026-10-07T06:40:25.450+0000][620.507s][info][gc,heap        ] GC(226) DefNew: 15174K(16064K)->932K(16064K) Eden: 14336K(14336K)->0K(14336K) From: 838K(1728K)->932K(1728K)
[2026-10-07T06:40:25.450+0000][620.507s][info][gc,heap        ] GC(226) Tenured: 32597K(35244K)->32597K(35244K)
[2026-10-07T06:40:25.450+0000][620.507s][info][gc,metaspace   ] GC(226) Metaspace: 74851K(75648K)->74851K(75648K) NonClass: 65473K(65920K)->65473K(65920K) Class: 9377K(9728K)->9377K(9728K)
[2026-10-07T06:40:25.450+0000][620.507s][info][gc             ] GC(226) Pause Young (Allocation Failure) 46M->32M(50M) 7.897ms
[2026-10-07T06:40:25.450+0000][620.507s][info][gc,cpu         ] GC(226) User=0.01s Sys=0.00s Real=0.01s
[2026-10-07T06:40:28.420+0000][623.477s][info][gc,start       ] GC(227) Pause Young (Allocation Failure)
[2026-10-07T06:40:28.428+0000][623.485s][info][gc,heap        ] GC(227) DefNew: 15268K(16064K)->761K(16064K) Eden: 14336K(14336K)->0K(14336K) From: 932K(1728K)->761K(1728K)
[2026-10-07T06:40:28.428+0000][623.485s][info][gc,heap        ] GC(227) Tenured: 32597K(35244K)->32748K(35244K)
[2026-10-07T06:40:28.428+0000][623.485s][info][gc,metaspace   ] GC(227) Metaspace: 74851K(75648K)->74851K(75648K) NonClass: 65474K(65920K)->65474K(65920K) Class: 9377K(9728K)->9377K(9728K)
[2026-10-07T06:40:28.428+0000][623.485s][info][gc             ] GC(227) Pause Young (Allocation Failure) 46M->32M(50M) 7.686ms
[2026-10-07T06:40:28.428+0000][623.485s][info][gc,cpu         ] GC(227) User=0.00s Sys=0.00s Real=0.01s
[2026-10-07T06:40:31.092+0000][626.149s][info][gc,start       ] GC(228) Pause Young (Allocation Failure)
[2026-10-07T06:40:31.099+0000][626.156s][info][gc,heap        ] GC(228) DefNew: 15097K(16064K)->878K(16064K) Eden: 14336K(14336K)->0K(14336K) From: 761K(1728K)->878K(1728K)
[2026-10-07T06:40:31.099+0000][626.156s][info][gc,heap        ] GC(228) Tenured: 32748K(35244K)->32748K(35244K)
[2026-10-07T06:40:31.099+0000][626.156s][info][gc,metaspace   ] GC(228) Metaspace: 74851K(75648K)->74851K(75648K) NonClass: 65474K(65920K)->65474K(65920K) Class: 9377K(9728K)->9377K(9728K)
[2026-10-07T06:40:31.099+0000][626.156s][info][gc             ] GC(228) Pause Young (Allocation Failure) 46M->32M(50M) 7.118ms
[2026-10-07T06:40:31.099+0000][626.156s][info][gc,cpu         ] GC(228) User=0.00s Sys=0.00s Real=0.01s
[2026-10-07T06:40:33.615+0000][628.672s][info][gc,start       ] GC(229) Pause Young (Allocation Failure)
[2026-10-07T06:40:33.623+0000][628.680s][info][gc,heap        ] GC(229) DefNew: 15214K(16064K)->854K(16064K) Eden: 14336K(14336K)->0K(14336K) From: 878K(1728K)->854K(1728K)
[2026-10-07T06:40:33.623+0000][628.680s][info][gc,heap        ] GC(229) Tenured: 32748K(35244K)->32780K(35244K)
[2026-10-07T06:40:33.623+0000][628.680s][info][gc,metaspace   ] GC(229) Metaspace: 74852K(75648K)->74852K(75648K) NonClass: 65475K(65920K)->65475K(65920K) Class: 9377K(9728K)->9377K(9728K)
[2026-10-07T06:40:33.624+0000][628.680s][info][gc             ] GC(229) Pause Young (Allocation Failure) 46M->32M(50M) 8.418ms
[2026-10-07T06:40:33.624+0000][628.681s][info][gc,cpu         ] GC(229) User=0.00s Sys=0.00s Real=0.01s
[2026-10-07T06:40:36.225+0000][631.282s][info][gc,start       ] GC(230) Pause Young (Allocation Failure)
[2026-10-07T06:40:36.232+0000][631.289s][info][gc,heap        ] GC(230) DefNew: 15190K(16064K)->914K(16064K) Eden: 14336K(14336K)->0K(14336K) From: 854K(1728K)->914K(1728K)
[2026-10-07T06:40:36.232+0000][631.289s][info][gc,heap        ] GC(230) Tenured: 32780K(35244K)->32780K(35244K)
[2026-10-07T06:40:36.232+0000][631.289s][info][gc,metaspace   ] GC(230) Metaspace: 74852K(75648K)->74852K(75648K) NonClass: 65475K(65920K)->65475K(65920K) Class: 9377K(9728K)->9377K(9728K)
[2026-10-07T06:40:36.232+0000][631.289s][info][gc             ] GC(230) Pause Young (Allocation Failure) 46M->32M(50M) 7.562ms
[2026-10-07T06:40:36.232+0000][631.289s][info][gc,cpu         ] GC(230) User=0.00s Sys=0.00s Real=0.01s
[2026-10-07T06:40:38.918+0000][633.975s][info][gc,start       ] GC(231) Pause Young (Allocation Failure)
[2026-10-07T06:40:38.927+0000][633.984s][info][gc,heap        ] GC(231) DefNew: 15250K(16064K)->834K(16064K) Eden: 14336K(14336K)->0K(14336K) From: 914K(1728K)->834K(1728K)
[2026-10-07T06:40:38.927+0000][633.984s][info][gc,heap        ] GC(231) Tenured: 32780K(35244K)->32840K(35244K)
[2026-10-07T06:40:38.927+0000][633.984s][info][gc,metaspace   ] GC(231) Metaspace: 74852K(75648K)->74852K(75648K) NonClass: 65475K(65920K)->65475K(65920K) Class: 9377K(9728K)->9377K(9728K)
[2026-10-07T06:40:38.927+0000][633.984s][info][gc             ] GC(231) Pause Young (Allocation Failure) 46M->32M(50M) 9.673ms
[2026-10-07T06:40:38.927+0000][633.984s][info][gc,cpu         ] GC(231) User=0.00s Sys=0.00s Real=0.01s
[2026-10-07T06:40:41.272+0000][636.329s][info][gc,start       ] GC(232) Pause Young (Allocation Failure)
[2026-10-07T06:40:41.280+0000][636.337s][info][gc,heap        ] GC(232) DefNew: 15170K(16064K)->921K(16064K) Eden: 14336K(14336K)->0K(14336K) From: 834K(1728K)->921K(1728K)
[2026-10-07T06:40:41.280+0000][636.337s][info][gc,heap        ] GC(232) Tenured: 32840K(35244K)->32840K(35244K)
[2026-10-07T06:40:41.280+0000][636.337s][info][gc,metaspace   ] GC(232) Metaspace: 74854K(75648K)->74854K(75648K) NonClass: 65476K(65920K)->65476K(65920K) Class: 9377K(9728K)->9377K(9728K)
[2026-10-07T06:40:41.280+0000][636.337s][info][gc             ] GC(232) Pause Young (Allocation Failure) 46M->32M(50M) 8.416ms
[2026-10-07T06:40:41.280+0000][636.337s][info][gc,cpu         ] GC(232) User=0.00s Sys=0.00s Real=0.01s
[2026-10-07T06:40:43.774+0000][638.831s][info][gc,start       ] GC(233) Pause Young (Allocation Failure)
[2026-10-07T06:40:43.786+0000][638.843s][info][gc,heap        ] GC(233) DefNew: 15257K(16064K)->865K(16064K) Eden: 14336K(14336K)->0K(14336K) From: 921K(1728K)->865K(1728K)
[2026-10-07T06:40:43.786+0000][638.843s][info][gc,heap        ] GC(233) Tenured: 32840K(35244K)->32909K(35244K)
[2026-10-07T06:40:43.786+0000][638.843s][info][gc,metaspace   ] GC(233) Metaspace: 74854K(75648K)->74854K(75648K) NonClass: 65477K(65920K)->65477K(65920K) Class: 9377K(9728K)->9377K(9728K)
[2026-10-07T06:40:43.786+0000][638.843s][info][gc             ] GC(233) Pause Young (Allocation Failure) 46M->32M(50M) 12.085ms
[2026-10-07T06:40:43.786+0000][638.843s][info][gc,cpu         ] GC(233) User=0.00s Sys=0.00s Real=0.01s
[2026-10-07T06:40:46.548+0000][641.605s][info][gc,start       ] GC(234) Pause Young (Allocation Failure)
[2026-10-07T06:40:46.556+0000][641.613s][info][gc,heap        ] GC(234) DefNew: 15201K(16064K)->923K(16064K) Eden: 14336K(14336K)->0K(14336K) From: 865K(1728K)->923K(1728K)
[2026-10-07T06:40:46.556+0000][641.613s][info][gc,heap        ] GC(234) Tenured: 32909K(35244K)->32945K(35244K)
[2026-10-07T06:40:46.556+0000][641.613s][info][gc,metaspace   ] GC(234) Metaspace: 74854K(75648K)->74854K(75648K) NonClass: 65477K(65920K)->65477K(65920K) Class: 9377K(9728K)->9377K(9728K)
[2026-10-07T06:40:46.556+0000][641.613s][info][gc             ] GC(234) Pause Young (Allocation Failure) 46M->33M(50M) 7.834ms
[2026-10-07T06:40:46.556+0000][641.613s][info][gc,cpu         ] GC(234) User=0.00s Sys=0.00s Real=0.00s
[2026-10-07T06:40:49.372+0000][644.429s][info][gc,start       ] GC(235) Pause Young (Allocation Failure)
[2026-10-07T06:40:49.382+0000][644.439s][info][gc,heap        ] GC(235) DefNew: 15259K(16064K)->726K(16064K) Eden: 14336K(14336K)->0K(14336K) From: 923K(1728K)->726K(1728K)
[2026-10-07T06:40:49.382+0000][644.439s][info][gc,heap        ] GC(235) Tenured: 32945K(35244K)->33078K(35244K)
[2026-10-07T06:40:49.382+0000][644.439s][info][gc,metaspace   ] GC(235) Metaspace: 74854K(75648K)->74854K(75648K) NonClass: 65477K(65920K)->65477K(65920K) Class: 9377K(9728K)->9377K(9728K)
[2026-10-07T06:40:49.382+0000][644.439s][info][gc             ] GC(235) Pause Young (Allocation Failure) 47M->33M(50M) 10.349ms
[2026-10-07T06:40:49.382+0000][644.439s][info][gc,cpu         ] GC(235) User=0.01s Sys=0.00s Real=0.01s
[2026-10-07T06:40:51.773+0000][646.830s][info][gc,start       ] GC(236) Pause Young (Allocation Failure)
[2026-10-07T06:40:51.782+0000][646.839s][info][gc,heap        ] GC(236) DefNew: 15027K(16064K)->929K(16064K) Eden: 14300K(14336K)->0K(14336K) From: 726K(1728K)->929K(1728K)
[2026-10-07T06:40:51.783+0000][646.840s][info][gc,heap        ] GC(236) Tenured: 33078K(35244K)->33078K(35244K)
[2026-10-07T06:40:51.783+0000][646.840s][info][gc,metaspace   ] GC(236) Metaspace: 74918K(75776K)->74918K(75776K) NonClass: 65527K(65984K)->65527K(65984K) Class: 9391K(9792K)->9391K(9792K)
[2026-10-07T06:40:51.784+0000][646.840s][info][gc             ] GC(236) Pause Young (Allocation Failure) 46M->33M(50M) 10.609ms
[2026-10-07T06:40:51.784+0000][646.841s][info][gc,cpu         ] GC(236) User=0.01s Sys=0.00s Real=0.01s
[2026-10-07T06:40:54.547+0000][649.604s][info][gc,start       ] GC(237) Pause Young (Allocation Failure)
[2026-10-07T06:40:54.554+0000][649.611s][info][gc,heap        ] GC(237) DefNew: 15265K(16064K)->826K(16064K) Eden: 14336K(14336K)->0K(14336K) From: 929K(1728K)->826K(1728K)
[2026-10-07T06:40:54.554+0000][649.611s][info][gc,heap        ] GC(237) Tenured: 33078K(35244K)->33164K(35244K)
[2026-10-07T06:40:54.554+0000][649.611s][info][gc,metaspace   ] GC(237) Metaspace: 74918K(75776K)->74918K(75776K) NonClass: 65527K(65984K)->65527K(65984K) Class: 9391K(9792K)->9391K(9792K)
[2026-10-07T06:40:54.554+0000][649.611s][info][gc             ] GC(237) Pause Young (Allocation Failure) 47M->33M(50M) 7.410ms
[2026-10-07T06:40:54.555+0000][649.611s][info][gc,cpu         ] GC(237) User=0.01s Sys=0.00s Real=0.01s
[2026-10-07T06:40:56.865+0000][651.922s][info][gc,start       ] GC(238) Pause Young (Allocation Failure)
[2026-10-07T06:40:56.872+0000][651.929s][info][gc,heap        ] GC(238) DefNew: 15162K(16064K)->850K(16064K) Eden: 14336K(14336K)->0K(14336K) From: 826K(1728K)->850K(1728K)
[2026-10-07T06:40:56.872+0000][651.929s][info][gc,heap        ] GC(238) Tenured: 33164K(35244K)->33164K(35244K)
[2026-10-07T06:40:56.872+0000][651.929s][info][gc,metaspace   ] GC(238) Metaspace: 74932K(75776K)->74932K(75776K) NonClass: 65541K(65984K)->65541K(65984K) Class: 9391K(9792K)->9391K(9792K)
[2026-10-07T06:40:56.873+0000][651.930s][info][gc             ] GC(238) Pause Young (Allocation Failure) 47M->33M(50M) 7.477ms
[2026-10-07T06:40:56.873+0000][651.930s][info][gc,cpu         ] GC(238) User=0.00s Sys=0.00s Real=0.01s
[2026-10-07T06:40:59.297+0000][654.354s][info][gc,start       ] GC(239) Pause Young (Allocation Failure)
[2026-10-07T06:40:59.305+0000][654.362s][info][gc,heap        ] GC(239) DefNew: 15186K(16064K)->965K(16064K) Eden: 14336K(14336K)->0K(14336K) From: 850K(1728K)->965K(1728K)
[2026-10-07T06:40:59.305+0000][654.362s][info][gc,heap        ] GC(239) Tenured: 33164K(35244K)->33164K(35244K)
[2026-10-07T06:40:59.305+0000][654.362s][info][gc,metaspace   ] GC(239) Metaspace: 74933K(75776K)->74933K(75776K) NonClass: 65541K(65984K)->65541K(65984K) Class: 9391K(9792K)->9391K(9792K)
[2026-10-07T06:40:59.306+0000][654.362s][info][gc             ] GC(239) Pause Young (Allocation Failure) 47M->33M(50M) 8.292ms
[2026-10-07T06:40:59.306+0000][654.362s][info][gc,cpu         ] GC(239) User=0.00s Sys=0.00s Real=0.00s
[2026-10-07T06:41:01.800+0000][656.857s][info][gc,start       ] GC(240) Pause Young (Allocation Failure)
[2026-10-07T06:41:01.808+0000][656.865s][info][gc,heap        ] GC(240) DefNew: 15301K(16064K)->929K(16064K) Eden: 14336K(14336K)->0K(14336K) From: 965K(1728K)->929K(1728K)
[2026-10-07T06:41:01.808+0000][656.865s][info][gc,heap        ] GC(240) Tenured: 33164K(35244K)->33273K(35244K)
[2026-10-07T06:41:01.808+0000][656.865s][info][gc,metaspace   ] GC(240) Metaspace: 74933K(75776K)->74933K(75776K) NonClass: 65541K(65984K)->65541K(65984K) Class: 9391K(9792K)->9391K(9792K)
[2026-10-07T06:41:01.808+0000][656.865s][info][gc             ] GC(240) Pause Young (Allocation Failure) 47M->33M(50M) 7.986ms
[2026-10-07T06:41:01.808+0000][656.865s][info][gc,cpu         ] GC(240) User=0.01s Sys=0.01s Real=0.01s
[2026-10-07T06:41:04.408+0000][659.465s][info][gc,start       ] GC(241) Pause Young (Allocation Failure)
[2026-10-07T06:41:04.417+0000][659.474s][info][gc,heap        ] GC(241) DefNew: 15265K(16064K)->775K(16064K) Eden: 14336K(14336K)->0K(14336K) From: 929K(1728K)->775K(1728K)
[2026-10-07T06:41:04.417+0000][659.474s][info][gc,heap        ] GC(241) Tenured: 33273K(35244K)->33375K(35244K)
[2026-10-07T06:41:04.417+0000][659.474s][info][gc,metaspace   ] GC(241) Metaspace: 74933K(75776K)->74933K(75776K) NonClass: 65541K(65984K)->65541K(65984K) Class: 9391K(9792K)->9391K(9792K)
[2026-10-07T06:41:04.418+0000][659.475s][info][gc             ] GC(241) Pause Young (Allocation Failure) 47M->33M(50M) 9.420ms
[2026-10-07T06:41:04.418+0000][659.475s][info][gc,cpu         ] GC(241) User=0.01s Sys=0.00s Real=0.01s
[2026-10-07T06:41:07.038+0000][662.095s][info][gc,start       ] GC(242) Pause Young (Allocation Failure)
[2026-10-07T06:41:07.046+0000][662.103s][info][gc,heap        ] GC(242) DefNew: 15111K(16064K)->720K(16064K) Eden: 14336K(14336K)->0K(14336K) From: 775K(1728K)->720K(1728K)
[2026-10-07T06:41:07.046+0000][662.103s][info][gc,heap        ] GC(242) Tenured: 33375K(35244K)->33375K(35244K)
[2026-10-07T06:41:07.046+0000][662.103s][info][gc,metaspace   ] GC(242) Metaspace: 74933K(75776K)->74933K(75776K) NonClass: 65541K(65984K)->65541K(65984K) Class: 9391K(9792K)->9391K(9792K)
[2026-10-07T06:41:07.047+0000][662.104s][info][gc             ] GC(242) Pause Young (Allocation Failure) 47M->33M(50M) 8.569ms
[2026-10-07T06:41:07.047+0000][662.104s][info][gc,cpu         ] GC(242) User=0.01s Sys=0.00s Real=0.01s
[2026-10-07T06:41:09.629+0000][664.685s][info][gc,start       ] GC(243) Pause Young (Allocation Failure)
[2026-10-07T06:41:09.637+0000][664.694s][info][gc,heap        ] GC(243) DefNew: 15056K(16064K)->866K(16064K) Eden: 14335K(14336K)->0K(14336K) From: 720K(1728K)->866K(1728K)
[2026-10-07T06:41:09.637+0000][664.694s][info][gc,heap        ] GC(243) Tenured: 33375K(35244K)->33375K(35244K)
[2026-10-07T06:41:09.637+0000][664.694s][info][gc,metaspace   ] GC(243) Metaspace: 74933K(75776K)->74933K(75776K) NonClass: 65541K(65984K)->65541K(65984K) Class: 9391K(9792K)->9391K(9792K)
[2026-10-07T06:41:09.637+0000][664.694s][info][gc             ] GC(243) Pause Young (Allocation Failure) 47M->33M(50M) 8.866ms
[2026-10-07T06:41:09.637+0000][664.694s][info][gc,cpu         ] GC(243) User=0.00s Sys=0.00s Real=0.01s
[2026-10-07T06:41:11.928+0000][666.984s][info][gc,start       ] GC(244) Pause Young (Allocation Failure)
[2026-10-07T06:41:11.935+0000][666.992s][info][gc,heap        ] GC(244) DefNew: 15202K(16064K)->823K(16064K) Eden: 14336K(14336K)->0K(14336K) From: 866K(1728K)->823K(1728K)
[2026-10-07T06:41:11.935+0000][666.992s][info][gc,heap        ] GC(244) Tenured: 33375K(35244K)->33406K(35244K)
[2026-10-07T06:41:11.935+0000][666.992s][info][gc,metaspace   ] GC(244) Metaspace: 74937K(75776K)->74937K(75776K) NonClass: 65546K(65984K)->65546K(65984K) Class: 9391K(9792K)->9391K(9792K)
[2026-10-07T06:41:11.935+0000][666.992s][info][gc             ] GC(244) Pause Young (Allocation Failure) 47M->33M(50M) 7.716ms
[2026-10-07T06:41:11.935+0000][666.992s][info][gc,cpu         ] GC(244) User=0.01s Sys=0.00s Real=0.00s
[2026-10-07T06:41:14.565+0000][669.622s][info][gc,start       ] GC(245) Pause Young (Allocation Failure)
[2026-10-07T06:41:14.571+0000][669.628s][info][gc,heap        ] GC(245) DefNew: 15159K(16064K)->927K(16064K) Eden: 14336K(14336K)->0K(14336K) From: 823K(1728K)->927K(1728K)
[2026-10-07T06:41:14.571+0000][669.628s][info][gc,heap        ] GC(245) Tenured: 33406K(35244K)->33406K(35244K)
[2026-10-07T06:41:14.571+0000][669.628s][info][gc,metaspace   ] GC(245) Metaspace: 74937K(75776K)->74937K(75776K) NonClass: 65546K(65984K)->65546K(65984K) Class: 9391K(9792K)->9391K(9792K)
[2026-10-07T06:41:14.571+0000][669.628s][info][gc             ] GC(245) Pause Young (Allocation Failure) 47M->33M(50M) 6.316ms
[2026-10-07T06:41:14.571+0000][669.628s][info][gc,cpu         ] GC(245) User=0.00s Sys=0.00s Real=0.01s
[2026-10-07T06:41:17.369+0000][672.426s][info][gc,start       ] GC(246) Pause Young (Allocation Failure)
[2026-10-07T06:41:17.379+0000][672.436s][info][gc,heap        ] GC(246) DefNew: 15263K(16064K)->699K(16064K) Eden: 14336K(14336K)->0K(14336K) From: 927K(1728K)->699K(1728K)
[2026-10-07T06:41:17.379+0000][672.436s][info][gc,heap        ] GC(246) Tenured: 33406K(35244K)->33529K(35244K)
[2026-10-07T06:41:17.379+0000][672.436s][info][gc,metaspace   ] GC(246) Metaspace: 74937K(75776K)->74937K(75776K) NonClass: 65546K(65984K)->65546K(65984K) Class: 9391K(9792K)->9391K(9792K)
[2026-10-07T06:41:17.379+0000][672.436s][info][gc             ] GC(246) Pause Young (Allocation Failure) 47M->33M(50M) 10.334ms
[2026-10-07T06:41:17.380+0000][672.436s][info][gc,cpu         ] GC(246) User=0.00s Sys=0.00s Real=0.01s
[2026-10-07T06:41:20.145+0000][675.202s][info][gc,start       ] GC(247) Pause Young (Allocation Failure)
[2026-10-07T06:41:20.152+0000][675.209s][info][gc,heap        ] GC(247) DefNew: 15035K(16064K)->803K(16064K) Eden: 14336K(14336K)->0K(14336K) From: 699K(1728K)->803K(1728K)
[2026-10-07T06:41:20.152+0000][675.209s][info][gc,heap        ] GC(247) Tenured: 33529K(35244K)->33529K(35244K)
[2026-10-07T06:41:20.152+0000][675.209s][info][gc,metaspace   ] GC(247) Metaspace: 74937K(75776K)->74937K(75776K) NonClass: 65546K(65984K)->65546K(65984K) Class: 9391K(9792K)->9391K(9792K)
[2026-10-07T06:41:20.152+0000][675.209s][info][gc             ] GC(247) Pause Young (Allocation Failure) 47M->33M(50M) 6.699ms
[2026-10-07T06:41:20.152+0000][675.209s][info][gc,cpu         ] GC(247) User=0.00s Sys=0.00s Real=0.01s
[2026-10-07T06:41:22.525+0000][677.582s][info][gc,start       ] GC(248) Pause Young (Allocation Failure)
[2026-10-07T06:41:22.534+0000][677.591s][info][gc,heap        ] GC(248) DefNew: 15139K(16064K)->860K(16064K) Eden: 14336K(14336K)->0K(14336K) From: 803K(1728K)->860K(1728K)
[2026-10-07T06:41:22.534+0000][677.591s][info][gc,heap        ] GC(248) Tenured: 33529K(35244K)->33529K(35244K)
[2026-10-07T06:41:22.535+0000][677.591s][info][gc,metaspace   ] GC(248) Metaspace: 74937K(75776K)->74937K(75776K) NonClass: 65546K(65984K)->65546K(65984K) Class: 9391K(9792K)->9391K(9792K)
[2026-10-07T06:41:22.535+0000][677.591s][info][gc             ] GC(248) Pause Young (Allocation Failure) 47M->33M(50M) 9.097ms
[2026-10-07T06:41:22.535+0000][677.592s][info][gc,cpu         ] GC(248) User=0.01s Sys=0.00s Real=0.01s
[2026-10-07T06:41:25.024+0000][680.081s][info][gc,start       ] GC(249) Pause Young (Allocation Failure)
[2026-10-07T06:41:25.033+0000][680.090s][info][gc,heap        ] GC(249) DefNew: 15187K(16064K)->909K(16064K) Eden: 14326K(14336K)->0K(14336K) From: 860K(1728K)->909K(1728K)
[2026-10-07T06:41:25.033+0000][680.090s][info][gc,heap        ] GC(249) Tenured: 33529K(35244K)->33529K(35244K)
[2026-10-07T06:41:25.033+0000][680.090s][info][gc,metaspace   ] GC(249) Metaspace: 74937K(75776K)->74937K(75776K) NonClass: 65546K(65984K)->65546K(65984K) Class: 9391K(9792K)->9391K(9792K)
[2026-10-07T06:41:25.033+0000][680.090s][info][gc             ] GC(249) Pause Young (Allocation Failure) 47M->33M(50M) 8.971ms
[2026-10-07T06:41:25.033+0000][680.090s][info][gc,cpu         ] GC(249) User=0.01s Sys=0.00s Real=0.01s
[2026-10-07T06:41:27.769+0000][682.826s][info][gc,start       ] GC(250) Pause Young (Allocation Failure)
[2026-10-07T06:41:27.777+0000][682.834s][info][gc,heap        ] GC(250) DefNew: 15245K(16064K)->835K(16064K) Eden: 14336K(14336K)->0K(14336K) From: 909K(1728K)->835K(1728K)
[2026-10-07T06:41:27.777+0000][682.834s][info][gc,heap        ] GC(250) Tenured: 33529K(35244K)->33563K(35244K)
[2026-10-07T06:41:27.777+0000][682.834s][info][gc,metaspace   ] GC(250) Metaspace: 74943K(75776K)->74943K(75776K) NonClass: 65552K(65984K)->65552K(65984K) Class: 9391K(9792K)->9391K(9792K)
[2026-10-07T06:41:27.777+0000][682.834s][info][gc             ] GC(250) Pause Young (Allocation Failure) 47M->33M(50M) 7.582ms
[2026-10-07T06:41:27.777+0000][682.834s][info][gc,cpu         ] GC(250) User=0.00s Sys=0.00s Real=0.00s
[2026-10-07T06:41:30.458+0000][685.515s][info][gc,start       ] GC(251) Pause Young (Allocation Failure)
[2026-10-07T06:41:30.473+0000][685.530s][info][gc,heap        ] GC(251) DefNew: 15171K(16064K)->963K(16064K) Eden: 14336K(14336K)->0K(14336K) From: 835K(1728K)->963K(1728K)
[2026-10-07T06:41:30.474+0000][685.531s][info][gc,heap        ] GC(251) Tenured: 33563K(35244K)->33563K(35244K)
[2026-10-07T06:41:30.474+0000][685.531s][info][gc,metaspace   ] GC(251) Metaspace: 74943K(75776K)->74943K(75776K) NonClass: 65552K(65984K)->65552K(65984K) Class: 9391K(9792K)->9391K(9792K)
[2026-10-07T06:41:30.474+0000][685.531s][info][gc             ] GC(251) Pause Young (Allocation Failure) 47M->33M(50M) 15.962ms
[2026-10-07T06:41:30.474+0000][685.531s][info][gc,cpu         ] GC(251) User=0.00s Sys=0.00s Real=0.01s
[2026-10-07T06:41:33.145+0000][688.202s][info][gc,start       ] GC(252) Pause Young (Allocation Failure)
[2026-10-07T06:41:33.152+0000][688.209s][info][gc,heap        ] GC(252) DefNew: 15299K(16064K)->840K(16064K) Eden: 14336K(14336K)->0K(14336K) From: 963K(1728K)->840K(1728K)
[2026-10-07T06:41:33.152+0000][688.209s][info][gc,heap        ] GC(252) Tenured: 33563K(35244K)->33663K(35244K)
[2026-10-07T06:41:33.152+0000][688.209s][info][gc,metaspace   ] GC(252) Metaspace: 74946K(75776K)->74946K(75776K) NonClass: 65554K(65984K)->65554K(65984K) Class: 9391K(9792K)->9391K(9792K)
[2026-10-07T06:41:33.152+0000][688.209s][info][gc             ] GC(252) Pause Young (Allocation Failure) 47M->33M(50M) 7.049ms
[2026-10-07T06:41:33.153+0000][688.210s][info][gc,cpu         ] GC(252) User=0.01s Sys=0.00s Real=0.01s
[2026-10-07T06:41:35.765+0000][690.821s][info][gc,start       ] GC(253) Pause Young (Allocation Failure)
[2026-10-07T06:41:35.773+0000][690.830s][info][gc,heap        ] GC(253) DefNew: 15176K(16064K)->952K(16064K) Eden: 14336K(14336K)->0K(14336K) From: 840K(1728K)->952K(1728K)
[2026-10-07T06:41:35.773+0000][690.830s][info][gc,heap        ] GC(253) Tenured: 33663K(35244K)->33663K(35244K)
[2026-10-07T06:41:35.773+0000][690.830s][info][gc,metaspace   ] GC(253) Metaspace: 74952K(75776K)->74952K(75776K) NonClass: 65561K(65984K)->65561K(65984K) Class: 9391K(9792K)->9391K(9792K)
[2026-10-07T06:41:35.773+0000][690.830s][info][gc             ] GC(253) Pause Young (Allocation Failure) 47M->33M(50M) 8.842ms
[2026-10-07T06:41:35.773+0000][690.830s][info][gc,cpu         ] GC(253) User=0.00s Sys=0.00s Real=0.01s
[2026-10-07T06:41:38.257+0000][693.314s][info][gc,start       ] GC(254) Pause Young (Allocation Failure)
[2026-10-07T06:41:38.263+0000][693.320s][info][gc,heap        ] GC(254) DefNew: 15288K(16064K)->844K(16064K) Eden: 14336K(14336K)->0K(14336K) From: 952K(1728K)->844K(1728K)
[2026-10-07T06:41:38.263+0000][693.320s][info][gc,heap        ] GC(254) Tenured: 33663K(35244K)->33767K(35244K)
[2026-10-07T06:41:38.263+0000][693.320s][info][gc,metaspace   ] GC(254) Metaspace: 74952K(75776K)->74952K(75776K) NonClass: 65561K(65984K)->65561K(65984K) Class: 9391K(9792K)->9391K(9792K)
[2026-10-07T06:41:38.264+0000][693.320s][info][gc             ] GC(254) Pause Young (Allocation Failure) 47M->33M(50M) 6.713ms
[2026-10-07T06:41:38.264+0000][693.321s][info][gc,cpu         ] GC(254) User=0.01s Sys=0.00s Real=0.01s
[2026-10-07T06:41:40.906+0000][695.963s][info][gc,start       ] GC(255) Pause Young (Allocation Failure)
[2026-10-07T06:41:40.913+0000][695.969s][info][gc,heap        ] GC(255) DefNew: 15180K(16064K)->880K(16064K) Eden: 14336K(14336K)->0K(14336K) From: 844K(1728K)->880K(1728K)
[2026-10-07T06:41:40.913+0000][695.970s][info][gc,heap        ] GC(255) Tenured: 33767K(35244K)->33767K(35244K)
[2026-10-07T06:41:40.913+0000][695.970s][info][gc,metaspace   ] GC(255) Metaspace: 74956K(75776K)->74956K(75776K) NonClass: 65565K(65984K)->65565K(65984K) Class: 9391K(9792K)->9391K(9792K)
[2026-10-07T06:41:40.913+0000][695.970s][info][gc             ] GC(255) Pause Young (Allocation Failure) 47M->33M(50M) 6.324ms
[2026-10-07T06:41:40.913+0000][695.970s][info][gc,cpu         ] GC(255) User=0.01s Sys=0.00s Real=0.01s
[2026-10-07T06:41:43.550+0000][698.607s][info][gc,start       ] GC(256) Pause Young (Allocation Failure)
[2026-10-07T06:41:43.564+0000][698.621s][info][gc,heap        ] GC(256) DefNew: 15216K(16064K)->847K(16064K) Eden: 14336K(14336K)->0K(14336K) From: 880K(1728K)->847K(1728K)
[2026-10-07T06:41:43.564+0000][698.621s][info][gc,heap        ] GC(256) Tenured: 33767K(35244K)->33805K(35244K)
[2026-10-07T06:41:43.564+0000][698.621s][info][gc,metaspace   ] GC(256) Metaspace: 74956K(75776K)->74956K(75776K) NonClass: 65565K(65984K)->65565K(65984K) Class: 9391K(9792K)->9391K(9792K)
[2026-10-07T06:41:43.564+0000][698.621s][info][gc             ] GC(256) Pause Young (Allocation Failure) 47M->33M(50M) 14.164ms
[2026-10-07T06:41:43.564+0000][698.621s][info][gc,cpu         ] GC(256) User=0.00s Sys=0.00s Real=0.01s
[2026-10-07T06:41:46.111+0000][701.168s][info][gc,start       ] GC(257) Pause Young (Allocation Failure)
[2026-10-07T06:41:46.120+0000][701.177s][info][gc,heap        ] GC(257) DefNew: 15183K(16064K)->959K(16064K) Eden: 14336K(14336K)->0K(14336K) From: 847K(1728K)->959K(1728K)
[2026-10-07T06:41:46.120+0000][701.177s][info][gc,heap        ] GC(257) Tenured: 33805K(35244K)->33805K(35244K)
[2026-10-07T06:41:46.120+0000][701.177s][info][gc,metaspace   ] GC(257) Metaspace: 74957K(75776K)->74957K(75776K) NonClass: 65565K(65984K)->65565K(65984K) Class: 9391K(9792K)->9391K(9792K)
[2026-10-07T06:41:46.121+0000][701.177s][info][gc             ] GC(257) Pause Young (Allocation Failure) 47M->33M(50M) 9.196ms
[2026-10-07T06:41:46.121+0000][701.177s][info][gc,cpu         ] GC(257) User=0.00s Sys=0.00s Real=0.01s
[2026-10-07T06:41:48.844+0000][703.901s][info][gc,start       ] GC(258) Pause Young (Allocation Failure)
[2026-10-07T06:41:48.856+0000][703.913s][info][gc,heap        ] GC(258) DefNew: 15295K(16064K)->824K(16064K) Eden: 14336K(14336K)->0K(14336K) From: 959K(1728K)->824K(1728K)
[2026-10-07T06:41:48.856+0000][703.913s][info][gc,heap        ] GC(258) Tenured: 33805K(35244K)->33925K(35244K)
[2026-10-07T06:41:48.856+0000][703.913s][info][gc,metaspace   ] GC(258) Metaspace: 74957K(75776K)->74957K(75776K) NonClass: 65565K(65984K)->65565K(65984K) Class: 9391K(9792K)->9391K(9792K)
[2026-10-07T06:41:48.857+0000][703.914s][info][gc             ] GC(258) Pause Young (Allocation Failure) 47M->33M(50M) 12.181ms
[2026-10-07T06:41:48.857+0000][703.914s][info][gc,cpu         ] GC(258) User=0.00s Sys=0.00s Real=0.01s
[2026-10-07T06:41:51.770+0000][706.827s][info][gc,start       ] GC(259) Pause Young (Allocation Failure)
[2026-10-07T06:41:51.779+0000][706.836s][info][gc,heap        ] GC(259) DefNew: 15160K(16064K)->874K(16064K) Eden: 14336K(14336K)->0K(14336K) From: 824K(1728K)->874K(1728K)
[2026-10-07T06:41:51.780+0000][706.836s][info][gc,heap        ] GC(259) Tenured: 33925K(35244K)->33925K(35244K)
[2026-10-07T06:41:51.780+0000][706.836s][info][gc,metaspace   ] GC(259) Metaspace: 74957K(75776K)->74957K(75776K) NonClass: 65565K(65984K)->65565K(65984K) Class: 9391K(9792K)->9391K(9792K)
[2026-10-07T06:41:51.780+0000][706.837s][info][gc             ] GC(259) Pause Young (Allocation Failure) 47M->33M(50M) 9.504ms
[2026-10-07T06:41:51.781+0000][706.837s][info][gc,cpu         ] GC(259) User=0.01s Sys=0.00s Real=0.01s
[2026-10-07T06:41:54.488+0000][709.545s][info][gc,start       ] GC(260) Pause Young (Allocation Failure)
[2026-10-07T06:41:54.495+0000][709.551s][info][gc,heap        ] GC(260) DefNew: 15210K(16064K)->863K(16064K) Eden: 14336K(14336K)->0K(14336K) From: 874K(1728K)->863K(1728K)
[2026-10-07T06:41:54.495+0000][709.552s][info][gc,heap        ] GC(260) Tenured: 33925K(35244K)->33964K(35244K)
[2026-10-07T06:41:54.495+0000][709.552s][info][gc,metaspace   ] GC(260) Metaspace: 74957K(75776K)->74957K(75776K) NonClass: 65565K(65984K)->65565K(65984K) Class: 9391K(9792K)->9391K(9792K)
[2026-10-07T06:41:54.495+0000][709.552s][info][gc             ] GC(260) Pause Young (Allocation Failure) 47M->34M(50M) 6.512ms
[2026-10-07T06:41:54.495+0000][709.552s][info][gc,cpu         ] GC(260) User=0.00s Sys=0.00s Real=0.00s
[2026-10-07T06:41:57.110+0000][712.167s][info][gc,start       ] GC(261) Pause Young (Allocation Failure)
[2026-10-07T06:41:57.117+0000][712.174s][info][gc,heap        ] GC(261) DefNew: 15199K(16064K)->847K(16064K) Eden: 14336K(14336K)->0K(14336K) From: 863K(1728K)->847K(1728K)
[2026-10-07T06:41:57.117+0000][712.174s][info][gc,heap        ] GC(261) Tenured: 33964K(35244K)->33964K(35244K)
[2026-10-07T06:41:57.117+0000][712.174s][info][gc,metaspace   ] GC(261) Metaspace: 74957K(75776K)->74957K(75776K) NonClass: 65565K(65984K)->65565K(65984K) Class: 9391K(9792K)->9391K(9792K)
[2026-10-07T06:41:57.117+0000][712.174s][info][gc             ] GC(261) Pause Young (Allocation Failure) 48M->33M(50M) 6.765ms
[2026-10-07T06:41:57.117+0000][712.174s][info][gc,cpu         ] GC(261) User=0.00s Sys=0.00s Real=0.01s
[2026-10-07T06:41:59.761+0000][714.818s][info][gc,start       ] GC(262) Pause Young (Allocation Failure)
[2026-10-07T06:41:59.770+0000][714.827s][info][gc,heap        ] GC(262) DefNew: 15183K(16064K)->910K(16064K) Eden: 14336K(14336K)->0K(14336K) From: 847K(1728K)->910K(1728K)
[2026-10-07T06:41:59.770+0000][714.827s][info][gc,heap        ] GC(262) Tenured: 33964K(35244K)->33964K(35244K)
[2026-10-07T06:41:59.770+0000][714.827s][info][gc,metaspace   ] GC(262) Metaspace: 74957K(75776K)->74957K(75776K) NonClass: 65565K(65984K)->65565K(65984K) Class: 9391K(9792K)->9391K(9792K)
[2026-10-07T06:41:59.771+0000][714.827s][info][gc             ] GC(262) Pause Young (Allocation Failure) 47M->34M(50M) 9.242ms
[2026-10-07T06:41:59.771+0000][714.827s][info][gc,cpu         ] GC(262) User=0.00s Sys=0.00s Real=0.01s
[2026-10-07T06:42:02.273+0000][717.330s][info][gc,start       ] GC(263) Pause Young (Allocation Failure)
[2026-10-07T06:42:02.283+0000][717.340s][info][gc,heap        ] GC(263) DefNew: 15246K(16064K)->878K(16064K) Eden: 14336K(14336K)->0K(14336K) From: 910K(1728K)->878K(1728K)
[2026-10-07T06:42:02.283+0000][717.340s][info][gc,heap        ] GC(263) Tenured: 33964K(35244K)->34042K(35244K)
[2026-10-07T06:42:02.283+0000][717.340s][info][gc,metaspace   ] GC(263) Metaspace: 74965K(75776K)->74965K(75776K) NonClass: 65573K(65984K)->65573K(65984K) Class: 9391K(9792K)->9391K(9792K)
[2026-10-07T06:42:02.283+0000][717.340s][info][gc             ] GC(263) Pause Young (Allocation Failure) 48M->34M(50M) 10.148ms
[2026-10-07T06:42:02.284+0000][717.340s][info][gc,cpu         ] GC(263) User=0.01s Sys=0.00s Real=0.01s
[2026-10-07T06:42:04.990+0000][720.047s][info][gc,start       ] GC(264) Pause Young (Allocation Failure)
[2026-10-07T06:42:04.999+0000][720.056s][info][gc,heap        ] GC(264) DefNew: 15214K(16064K)->898K(16064K) Eden: 14336K(14336K)->0K(14336K) From: 878K(1728K)->898K(1728K)
[2026-10-07T06:42:04.999+0000][720.056s][info][gc,heap        ] GC(264) Tenured: 34042K(35244K)->34076K(35244K)
[2026-10-07T06:42:04.999+0000][720.056s][info][gc,metaspace   ] GC(264) Metaspace: 74965K(75776K)->74965K(75776K) NonClass: 65573K(65984K)->65573K(65984K) Class: 9391K(9792K)->9391K(9792K)
[2026-10-07T06:42:04.999+0000][720.056s][info][gc             ] GC(264) Pause Young (Allocation Failure) 48M->34M(50M) 8.436ms
[2026-10-07T06:42:04.999+0000][720.056s][info][gc,cpu         ] GC(264) User=0.01s Sys=0.00s Real=0.01s
[2026-10-07T06:42:07.515+0000][722.572s][info][gc,start       ] GC(265) Pause Young (Allocation Failure)
[2026-10-07T06:42:07.522+0000][722.579s][info][gc,heap        ] GC(265) DefNew: 15234K(16064K)->836K(16064K) Eden: 14336K(14336K)->0K(14336K) From: 898K(1728K)->836K(1728K)
[2026-10-07T06:42:07.522+0000][722.579s][info][gc,heap        ] GC(265) Tenured: 34076K(35244K)->34118K(35244K)
[2026-10-07T06:42:07.522+0000][722.579s][info][gc,metaspace   ] GC(265) Metaspace: 74965K(75776K)->74965K(75776K) NonClass: 65573K(65984K)->65573K(65984K) Class: 9391K(9792K)->9391K(9792K)
[2026-10-07T06:42:07.522+0000][722.579s][info][gc             ] GC(265) Pause Young (Allocation Failure) 48M->34M(50M) 7.183ms
[2026-10-07T06:42:07.522+0000][722.579s][info][gc,cpu         ] GC(265) User=0.00s Sys=0.00s Real=0.01s
[2026-10-07T06:42:10.048+0000][725.105s][info][gc,start       ] GC(266) Pause Young (Allocation Failure)
[2026-10-07T06:42:10.059+0000][725.116s][info][gc,heap        ] GC(266) DefNew: 15172K(16064K)->893K(16064K) Eden: 14336K(14336K)->0K(14336K) From: 836K(1728K)->893K(1728K)
[2026-10-07T06:42:10.059+0000][725.116s][info][gc,heap        ] GC(266) Tenured: 34118K(35244K)->34118K(35244K)
[2026-10-07T06:42:10.059+0000][725.116s][info][gc,metaspace   ] GC(266) Metaspace: 74970K(75776K)->74970K(75776K) NonClass: 65578K(65984K)->65578K(65984K) Class: 9391K(9792K)->9391K(9792K)
[2026-10-07T06:42:10.059+0000][725.116s][info][gc             ] GC(266) Pause Young (Allocation Failure) 48M->34M(50M) 10.398ms
[2026-10-07T06:42:10.059+0000][725.116s][info][gc,cpu         ] GC(266) User=0.01s Sys=0.00s Real=0.01s
[2026-10-07T06:42:12.911+0000][727.968s][info][gc,start       ] GC(267) Pause Young (Allocation Failure)
[2026-10-07T06:42:12.918+0000][727.975s][info][gc,heap        ] GC(267) DefNew: 15229K(16064K)->842K(16064K) Eden: 14336K(14336K)->0K(14336K) From: 893K(1728K)->842K(1728K)
[2026-10-07T06:42:12.918+0000][727.975s][info][gc,heap        ] GC(267) Tenured: 34118K(35244K)->34148K(35244K)
[2026-10-07T06:42:12.918+0000][727.975s][info][gc,metaspace   ] GC(267) Metaspace: 74973K(75776K)->74973K(75776K) NonClass: 65581K(65984K)->65581K(65984K) Class: 9391K(9792K)->9391K(9792K)
[2026-10-07T06:42:12.918+0000][727.975s][info][gc             ] GC(267) Pause Young (Allocation Failure) 48M->34M(50M) 6.801ms
[2026-10-07T06:42:12.918+0000][727.975s][info][gc,cpu         ] GC(267) User=0.01s Sys=0.00s Real=0.01s
[2026-10-07T06:42:15.630+0000][730.687s][info][gc,start       ] GC(268) Pause Young (Allocation Failure)
[2026-10-07T06:42:15.639+0000][730.696s][info][gc,heap        ] GC(268) DefNew: 15177K(16064K)->951K(16064K) Eden: 14335K(14336K)->0K(14336K) From: 842K(1728K)->951K(1728K)
[2026-10-07T06:42:15.639+0000][730.696s][info][gc,heap        ] GC(268) Tenured: 34148K(35244K)->34148K(35244K)
[2026-10-07T06:42:15.639+0000][730.696s][info][gc,metaspace   ] GC(268) Metaspace: 74973K(75776K)->74973K(75776K) NonClass: 65581K(65984K)->65581K(65984K) Class: 9391K(9792K)->9391K(9792K)
[2026-10-07T06:42:15.640+0000][730.697s][info][gc             ] GC(268) Pause Young (Allocation Failure) 48M->34M(50M) 9.242ms
[2026-10-07T06:42:15.640+0000][730.697s][info][gc,cpu         ] GC(268) User=0.00s Sys=0.00s Real=0.01s
[2026-10-07T06:42:18.176+0000][733.233s][info][gc,start       ] GC(269) Pause Young (Allocation Failure)
[2026-10-07T06:42:18.185+0000][733.242s][info][gc,heap        ] GC(269) DefNew: 15287K(16064K)->870K(16064K) Eden: 14336K(14336K)->0K(14336K) From: 951K(1728K)->870K(1728K)
[2026-10-07T06:42:18.185+0000][733.242s][info][gc,heap        ] GC(269) Tenured: 34148K(35244K)->34251K(35244K)
[2026-10-07T06:42:18.185+0000][733.242s][info][gc,metaspace   ] GC(269) Metaspace: 74973K(75776K)->74973K(75776K) NonClass: 65581K(65984K)->65581K(65984K) Class: 9391K(9792K)->9391K(9792K)
[2026-10-07T06:42:18.185+0000][733.242s][info][gc             ] GC(269) Pause Young (Allocation Failure) 48M->34M(50M) 8.543ms
[2026-10-07T06:42:18.185+0000][733.242s][info][gc,cpu         ] GC(269) User=0.00s Sys=0.00s Real=0.01s
[2026-10-07T06:42:20.803+0000][735.860s][info][gc,start       ] GC(270) Pause Young (Allocation Failure)
[2026-10-07T06:42:20.814+0000][735.871s][info][gc,heap        ] GC(270) DefNew: 15206K(16064K)->921K(16064K) Eden: 14336K(14336K)->0K(14336K) From: 870K(1728K)->921K(1728K)
[2026-10-07T06:42:20.814+0000][735.871s][info][gc,heap        ] GC(270) Tenured: 34251K(35244K)->34283K(35244K)
[2026-10-07T06:42:20.814+0000][735.871s][info][gc,metaspace   ] GC(270) Metaspace: 74973K(75776K)->74973K(75776K) NonClass: 65581K(65984K)->65581K(65984K) Class: 9391K(9792K)->9391K(9792K)
[2026-10-07T06:42:20.815+0000][735.871s][info][gc             ] GC(270) Pause Young (Allocation Failure) 48M->34M(50M) 11.282ms
[2026-10-07T06:42:20.815+0000][735.871s][info][gc,cpu         ] GC(270) User=0.01s Sys=0.00s Real=0.01s
[2026-10-07T06:42:23.807+0000][738.864s][info][gc,start       ] GC(271) Pause Young (Allocation Failure)
[2026-10-07T06:42:23.813+0000][738.870s][info][gc,heap        ] GC(271) DefNew: 15257K(16064K)->803K(16064K) Eden: 14336K(14336K)->0K(14336K) From: 921K(1728K)->803K(1728K)
[2026-10-07T06:42:23.813+0000][738.870s][info][gc,heap        ] GC(271) Tenured: 34283K(35244K)->34344K(35244K)
[2026-10-07T06:42:23.813+0000][738.870s][info][gc,metaspace   ] GC(271) Metaspace: 74973K(75776K)->74973K(75776K) NonClass: 65581K(65984K)->65581K(65984K) Class: 9391K(9792K)->9391K(9792K)
[2026-10-07T06:42:23.813+0000][738.870s][info][gc             ] GC(271) Pause Young (Allocation Failure) 48M->34M(50M) 6.781ms
[2026-10-07T06:42:23.813+0000][738.870s][info][gc,cpu         ] GC(271) User=0.01s Sys=0.00s Real=0.01s
[2026-10-07T06:42:26.309+0000][741.366s][info][gc,start       ] GC(272) Pause Young (Allocation Failure)
[2026-10-07T06:42:26.317+0000][741.374s][info][gc,heap        ] GC(272) DefNew: 15139K(16064K)->905K(16064K) Eden: 14336K(14336K)->0K(14336K) From: 803K(1728K)->905K(1728K)
[2026-10-07T06:42:26.317+0000][741.374s][info][gc,heap        ] GC(272) Tenured: 34344K(35244K)->34344K(35244K)
[2026-10-07T06:42:26.317+0000][741.374s][info][gc,metaspace   ] GC(272) Metaspace: 74973K(75776K)->74973K(75776K) NonClass: 65581K(65984K)->65581K(65984K) Class: 9391K(9792K)->9391K(9792K)
[2026-10-07T06:42:26.317+0000][741.374s][info][gc             ] GC(272) Pause Young (Allocation Failure) 48M->34M(50M) 7.615ms
[2026-10-07T06:42:26.317+0000][741.374s][info][gc,cpu         ] GC(272) User=0.01s Sys=0.00s Real=0.01s
[2026-10-07T06:42:28.967+0000][744.024s][info][gc,start       ] GC(273) Pause Young (Allocation Failure)
[2026-10-07T06:42:28.976+0000][744.033s][info][gc,heap        ] GC(273) DefNew: 15241K(16064K)->857K(16064K) Eden: 14336K(14336K)->0K(14336K) From: 905K(1728K)->857K(1728K)
[2026-10-07T06:42:28.976+0000][744.033s][info][gc,heap        ] GC(273) Tenured: 34344K(35244K)->34406K(35244K)
[2026-10-07T06:42:28.976+0000][744.033s][info][gc,metaspace   ] GC(273) Metaspace: 74978K(75776K)->74978K(75776K) NonClass: 65586K(65984K)->65586K(65984K) Class: 9391K(9792K)->9391K(9792K)
[2026-10-07T06:42:28.976+0000][744.033s][info][gc             ] GC(273) Pause Young (Allocation Failure) 48M->34M(50M) 8.338ms
[2026-10-07T06:42:28.976+0000][744.033s][info][gc,cpu         ] GC(273) User=0.01s Sys=0.00s Real=0.00s
[2026-10-07T06:42:31.594+0000][746.651s][info][gc,start       ] GC(274) Pause Young (Allocation Failure)
[2026-10-07T06:42:31.613+0000][746.670s][info][gc,heap        ] GC(274) DefNew: 15193K(16064K)->949K(16064K) Eden: 14336K(14336K)->0K(14336K) From: 857K(1728K)->949K(1728K)
[2026-10-07T06:42:31.613+0000][746.670s][info][gc,heap        ] GC(274) Tenured: 34406K(35244K)->34406K(35244K)
[2026-10-07T06:42:31.613+0000][746.670s][info][gc,metaspace   ] GC(274) Metaspace: 74978K(75776K)->74978K(75776K) NonClass: 65587K(65984K)->65587K(65984K) Class: 9391K(9792K)->9391K(9792K)
[2026-10-07T06:42:31.613+0000][746.670s][info][gc             ] GC(274) Pause Young (Allocation Failure) 48M->34M(50M) 18.585ms
[2026-10-07T06:42:31.613+0000][746.670s][info][gc,cpu         ] GC(274) User=0.01s Sys=0.01s Real=0.02s
[2026-10-07T06:42:34.117+0000][749.174s][info][gc,start       ] GC(275) Pause Young (Allocation Failure)
[2026-10-07T06:42:34.125+0000][749.182s][info][gc,heap        ] GC(275) DefNew: 15285K(16064K)->893K(16064K) Eden: 14336K(14336K)->0K(14336K) From: 949K(1728K)->893K(1728K)
[2026-10-07T06:42:34.125+0000][749.182s][info][gc,heap        ] GC(275) Tenured: 34406K(35244K)->34507K(35244K)
[2026-10-07T06:42:34.125+0000][749.182s][info][gc,metaspace   ] GC(275) Metaspace: 74979K(75776K)->74979K(75776K) NonClass: 65587K(65984K)->65587K(65984K) Class: 9391K(9792K)->9391K(9792K)
[2026-10-07T06:42:34.125+0000][749.182s][info][gc             ] GC(275) Pause Young (Allocation Failure) 48M->34M(50M) 8.339ms
[2026-10-07T06:42:34.125+0000][749.182s][info][gc,cpu         ] GC(275) User=0.01s Sys=0.00s Real=0.00s
[2026-10-07T06:42:36.630+0000][751.687s][info][gc,start       ] GC(276) Pause Young (Allocation Failure)
[2026-10-07T06:42:36.638+0000][751.695s][info][gc,heap        ] GC(276) DefNew: 15229K(16064K)->901K(16064K) Eden: 14336K(14336K)->0K(14336K) From: 893K(1728K)->901K(1728K)
[2026-10-07T06:42:36.638+0000][751.695s][info][gc,heap        ] GC(276) Tenured: 34507K(35244K)->34545K(35244K)
[2026-10-07T06:42:36.638+0000][751.695s][info][gc,metaspace   ] GC(276) Metaspace: 74980K(75776K)->74980K(75776K) NonClass: 65588K(65984K)->65588K(65984K) Class: 9391K(9792K)->9391K(9792K)
[2026-10-07T06:42:36.638+0000][751.695s][info][gc             ] GC(276) Pause Young (Allocation Failure) 48M->34M(50M) 8.078ms
[2026-10-07T06:42:36.638+0000][751.695s][info][gc,cpu         ] GC(276) User=0.00s Sys=0.00s Real=0.01s
[2026-10-07T06:42:39.372+0000][754.429s][info][gc,start       ] GC(277) Pause Young (Allocation Failure)
[2026-10-07T06:42:39.392+0000][754.449s][info][gc,heap        ] GC(277) DefNew: 15237K(16064K)->823K(16064K) Eden: 14336K(14336K)->0K(14336K) From: 901K(1728K)->823K(1728K)
[2026-10-07T06:42:39.392+0000][754.449s][info][gc,heap        ] GC(277) Tenured: 34545K(35244K)->34588K(35244K)
[2026-10-07T06:42:39.392+0000][754.449s][info][gc,metaspace   ] GC(277) Metaspace: 74980K(75776K)->74980K(75776K) NonClass: 65589K(65984K)->65589K(65984K) Class: 9391K(9792K)->9391K(9792K)
[2026-10-07T06:42:39.392+0000][754.449s][info][gc             ] GC(277) Pause Young (Allocation Failure) 48M->34M(50M) 20.380ms
[2026-10-07T06:42:39.392+0000][754.449s][info][gc,cpu         ] GC(277) User=0.01s Sys=0.00s Real=0.02s
[2026-10-07T06:42:41.789+0000][756.846s][info][gc,start       ] GC(278) Pause Young (Allocation Failure)
[2026-10-07T06:42:41.797+0000][756.853s][info][gc,heap        ] GC(278) DefNew: 15159K(16064K)->873K(16064K) Eden: 14336K(14336K)->0K(14336K) From: 823K(1728K)->873K(1728K)
[2026-10-07T06:42:41.797+0000][756.854s][info][gc,heap        ] GC(278) Tenured: 34588K(35244K)->34588K(35244K)
[2026-10-07T06:42:41.797+0000][756.854s][info][gc,metaspace   ] GC(278) Metaspace: 74986K(75840K)->74986K(75840K) NonClass: 65594K(66048K)->65594K(66048K) Class: 9391K(9792K)->9391K(9792K)
[2026-10-07T06:42:41.797+0000][756.854s][info][gc             ] GC(278) Pause Young (Allocation Failure) 48M->34M(50M) 8.033ms
[2026-10-07T06:42:41.797+0000][756.854s][info][gc,cpu         ] GC(278) User=0.01s Sys=0.00s Real=0.00s
[2026-10-07T06:42:44.343+0000][759.400s][info][gc,start       ] GC(279) Pause Young (Allocation Failure)
[2026-10-07T06:42:44.351+0000][759.408s][info][gc,heap        ] GC(279) DefNew: 15209K(16064K)->866K(16064K) Eden: 14336K(14336K)->0K(14336K) From: 873K(1728K)->866K(1728K)
[2026-10-07T06:42:44.351+0000][759.408s][info][gc,heap        ] GC(279) Tenured: 34588K(35244K)->34621K(35244K)
[2026-10-07T06:42:44.352+0000][759.408s][info][gc,metaspace   ] GC(279) Metaspace: 75006K(75840K)->75006K(75840K) NonClass: 65614K(66048K)->65614K(66048K) Class: 9391K(9792K)->9391K(9792K)
[2026-10-07T06:42:44.352+0000][759.409s][info][gc             ] GC(279) Pause Young (Allocation Failure) 48M->34M(50M) 8.552ms
[2026-10-07T06:42:44.352+0000][759.409s][info][gc,cpu         ] GC(279) User=0.00s Sys=0.00s Real=0.01s
[2026-10-07T06:42:46.946+0000][762.003s][info][gc,start       ] GC(280) Pause Young (Allocation Failure)
[2026-10-07T06:42:46.955+0000][762.012s][info][gc,heap        ] GC(280) DefNew: 15202K(16064K)->900K(16064K) Eden: 14336K(14336K)->0K(14336K) From: 866K(1728K)->900K(1728K)
[2026-10-07T06:42:46.955+0000][762.012s][info][gc,heap        ] GC(280) Tenured: 34621K(35244K)->34663K(35244K)
[2026-10-07T06:42:46.955+0000][762.012s][info][gc,metaspace   ] GC(280) Metaspace: 75019K(75840K)->75019K(75840K) NonClass: 65627K(66048K)->65627K(66048K) Class: 9391K(9792K)->9391K(9792K)
[2026-10-07T06:42:46.955+0000][762.012s][info][gc             ] GC(280) Pause Young (Allocation Failure) 48M->34M(50M) 8.628ms
[2026-10-07T06:42:46.955+0000][762.012s][info][gc,cpu         ] GC(280) User=0.01s Sys=0.00s Real=0.01s
[2026-10-07T06:42:49.667+0000][764.724s][info][gc,start       ] GC(281) Pause Young (Allocation Failure)
[2026-10-07T06:42:49.675+0000][764.732s][info][gc,heap        ] GC(281) DefNew: 15236K(16064K)->803K(16064K) Eden: 14336K(14336K)->0K(14336K) From: 900K(1728K)->803K(1728K)
[2026-10-07T06:42:49.675+0000][764.732s][info][gc,heap        ] GC(281) Tenured: 34663K(35244K)->34729K(35244K)
[2026-10-07T06:42:49.675+0000][764.732s][info][gc,metaspace   ] GC(281) Metaspace: 75021K(75840K)->75021K(75840K) NonClass: 65630K(66048K)->65630K(66048K) Class: 9391K(9792K)->9391K(9792K)
[2026-10-07T06:42:49.675+0000][764.732s][info][gc             ] GC(281) Pause Young (Allocation Failure) 48M->34M(50M) 7.893ms
[2026-10-07T06:42:49.675+0000][764.732s][info][gc,cpu         ] GC(281) User=0.00s Sys=0.01s Real=0.00s
[2026-10-07T06:42:52.330+0000][767.387s][info][gc,start       ] GC(282) Pause Young (Allocation Failure)
[2026-10-07T06:42:52.338+0000][767.395s][info][gc,heap        ] GC(282) DefNew: 15139K(16064K)->805K(16064K) Eden: 14336K(14336K)->0K(14336K) From: 803K(1728K)->805K(1728K)
[2026-10-07T06:42:52.338+0000][767.395s][info][gc,heap        ] GC(282) Tenured: 34729K(35244K)->34729K(35244K)
[2026-10-07T06:42:52.338+0000][767.395s][info][gc,metaspace   ] GC(282) Metaspace: 75024K(75840K)->75024K(75840K) NonClass: 65632K(66048K)->65632K(66048K) Class: 9391K(9792K)->9391K(9792K)
[2026-10-07T06:42:52.338+0000][767.395s][info][gc             ] GC(282) Pause Young (Allocation Failure) 48M->34M(50M) 8.293ms
[2026-10-07T06:42:52.338+0000][767.395s][info][gc,cpu         ] GC(282) User=0.01s Sys=0.00s Real=0.01s
[2026-10-07T06:42:54.982+0000][770.039s][info][gc,start       ] GC(283) Pause Young (Allocation Failure)
[2026-10-07T06:42:54.990+0000][770.047s][info][gc,heap        ] GC(283) DefNew: 15141K(16064K)->875K(16064K) Eden: 14336K(14336K)->0K(14336K) From: 805K(1728K)->875K(1728K)
[2026-10-07T06:42:54.990+0000][770.047s][info][gc,heap        ] GC(283) Tenured: 34729K(35244K)->34729K(35244K)
[2026-10-07T06:42:54.990+0000][770.047s][info][gc,metaspace   ] GC(283) Metaspace: 75024K(75840K)->75024K(75840K) NonClass: 65632K(66048K)->65632K(66048K) Class: 9391K(9792K)->9391K(9792K)
[2026-10-07T06:42:54.990+0000][770.047s][info][gc             ] GC(283) Pause Young (Allocation Failure) 48M->34M(50M) 7.374ms
[2026-10-07T06:42:54.990+0000][770.047s][info][gc,cpu         ] GC(283) User=0.00s Sys=0.00s Real=0.01s
[2026-10-07T06:42:57.478+0000][772.534s][info][gc,start       ] GC(284) Pause Young (Allocation Failure)
[2026-10-07T06:42:57.485+0000][772.542s][info][gc,heap        ] GC(284) DefNew: 15211K(16064K)->843K(16064K) Eden: 14336K(14336K)->0K(14336K) From: 875K(1728K)->843K(1728K)
[2026-10-07T06:42:57.485+0000][772.542s][info][gc,heap        ] GC(284) Tenured: 34729K(35244K)->34763K(35244K)
[2026-10-07T06:42:57.485+0000][772.542s][info][gc,metaspace   ] GC(284) Metaspace: 75026K(75840K)->75026K(75840K) NonClass: 65635K(66048K)->65635K(66048K) Class: 9391K(9792K)->9391K(9792K)
[2026-10-07T06:42:57.485+0000][772.542s][info][gc             ] GC(284) Pause Young (Allocation Failure) 48M->34M(50M) 7.239ms
[2026-10-07T06:42:57.485+0000][772.542s][info][gc,cpu         ] GC(284) User=0.01s Sys=0.00s Real=0.00s
[2026-10-07T06:43:00.040+0000][775.097s][info][gc,start       ] GC(285) Pause Young (Allocation Failure)
[2026-10-07T06:43:00.049+0000][775.105s][info][gc,heap        ] GC(285) DefNew: 15179K(16064K)->967K(16064K) Eden: 14336K(14336K)->0K(14336K) From: 843K(1728K)->967K(1728K)
[2026-10-07T06:43:00.049+0000][775.106s][info][gc,heap        ] GC(285) Tenured: 34763K(35244K)->34763K(35244K)
[2026-10-07T06:43:00.049+0000][775.106s][info][gc,metaspace   ] GC(285) Metaspace: 75031K(75840K)->75031K(75840K) NonClass: 65639K(66048K)->65639K(66048K) Class: 9391K(9792K)->9391K(9792K)
[2026-10-07T06:43:00.049+0000][775.106s][info][gc             ] GC(285) Pause Young (Allocation Failure) 48M->34M(50M) 9.389ms
[2026-10-07T06:43:00.049+0000][775.106s][info][gc,cpu         ] GC(285) User=0.00s Sys=0.00s Real=0.01s
[2026-10-07T06:43:02.804+0000][777.861s][info][gc,start       ] GC(286) Pause Young (Allocation Failure)
[2026-10-07T06:43:02.812+0000][777.869s][info][gc,heap        ] GC(286) DefNew: 15303K(16064K)->819K(16064K) Eden: 14336K(14336K)->0K(14336K) From: 967K(1728K)->819K(1728K)
[2026-10-07T06:43:02.812+0000][777.869s][info][gc,heap        ] GC(286) Tenured: 34763K(35244K)->34872K(35244K)
[2026-10-07T06:43:02.812+0000][777.869s][info][gc,metaspace   ] GC(286) Metaspace: 75031K(75840K)->75031K(75840K) NonClass: 65640K(66048K)->65640K(66048K) Class: 9391K(9792K)->9391K(9792K)
[2026-10-07T06:43:02.812+0000][777.869s][info][gc             ] GC(286) Pause Young (Allocation Failure) 48M->34M(50M) 8.147ms
[2026-10-07T06:43:02.812+0000][777.869s][info][gc,cpu         ] GC(286) User=0.00s Sys=0.00s Real=0.01s
[2026-10-07T06:43:05.419+0000][780.476s][info][gc,start       ] GC(287) Pause Young (Allocation Failure)
[2026-10-07T06:43:05.429+0000][780.486s][info][gc,heap        ] GC(287) DefNew: 15155K(16064K)->914K(16064K) Eden: 14336K(14336K)->0K(14336K) From: 819K(1728K)->914K(1728K)
[2026-10-07T06:43:05.429+0000][780.486s][info][gc,heap        ] GC(287) Tenured: 34872K(35244K)->34872K(35244K)
[2026-10-07T06:43:05.429+0000][780.486s][info][gc,metaspace   ] GC(287) Metaspace: 75031K(75840K)->75031K(75840K) NonClass: 65640K(66048K)->65640K(66048K) Class: 9391K(9792K)->9391K(9792K)
[2026-10-07T06:43:05.429+0000][780.486s][info][gc             ] GC(287) Pause Young (Allocation Failure) 48M->34M(50M) 9.932ms
[2026-10-07T06:43:05.430+0000][780.487s][info][gc,cpu         ] GC(287) User=0.01s Sys=0.00s Real=0.01s
[2026-10-07T06:43:08.162+0000][783.219s][info][gc,start       ] GC(288) Pause Young (Allocation Failure)
[2026-10-07T06:43:08.169+0000][783.226s][info][gc,heap        ] GC(288) DefNew: 15250K(16064K)->936K(16064K) Eden: 14336K(14336K)->0K(14336K) From: 914K(1728K)->936K(1728K)
[2026-10-07T06:43:08.169+0000][783.226s][info][gc,heap        ] GC(288) Tenured: 34872K(35244K)->34939K(35244K)
[2026-10-07T06:43:08.169+0000][783.226s][info][gc,metaspace   ] GC(288) Metaspace: 75031K(75840K)->75031K(75840K) NonClass: 65640K(66048K)->65640K(66048K) Class: 9391K(9792K)->9391K(9792K)
[2026-10-07T06:43:08.169+0000][783.226s][info][gc             ] GC(288) Pause Young (Allocation Failure) 48M->35M(50M) 7.432ms
[2026-10-07T06:43:08.169+0000][783.226s][info][gc,cpu         ] GC(288) User=0.00s Sys=0.00s Real=0.01s
[2026-10-07T06:43:10.931+0000][785.988s][info][gc,start       ] GC(289) Pause Young (Allocation Failure)
[2026-10-07T06:43:10.940+0000][785.996s][info][gc,heap        ] GC(289) DefNew: 15272K(16064K)->835K(16064K) Eden: 14336K(14336K)->0K(14336K) From: 936K(1728K)->835K(1728K)
[2026-10-07T06:43:10.940+0000][785.996s][info][gc,heap        ] GC(289) Tenured: 34939K(35244K)->35039K(35244K)
[2026-10-07T06:43:10.940+0000][785.997s][info][gc,metaspace   ] GC(289) Metaspace: 75034K(75840K)->75034K(75840K) NonClass: 65642K(66048K)->65642K(66048K) Class: 9391K(9792K)->9391K(9792K)
[2026-10-07T06:43:10.940+0000][785.997s][info][gc             ] GC(289) Pause Young (Allocation Failure) 49M->35M(50M) 8.458ms
[2026-10-07T06:43:10.940+0000][785.997s][info][gc,cpu         ] GC(289) User=0.01s Sys=0.01s Real=0.01s
[2026-10-07T06:43:13.659+0000][788.716s][info][gc,start       ] GC(290) Pause Young (Allocation Failure)
[2026-10-07T06:43:13.667+0000][788.724s][info][gc,heap        ] GC(290) DefNew: 15171K(16064K)->881K(16064K) Eden: 14336K(14336K)->0K(14336K) From: 835K(1728K)->881K(1728K)
[2026-10-07T06:43:13.667+0000][788.724s][info][gc,heap        ] GC(290) Tenured: 35039K(35244K)->35039K(35244K)
[2026-10-07T06:43:13.667+0000][788.724s][info][gc,metaspace   ] GC(290) Metaspace: 75034K(75840K)->75034K(75840K) NonClass: 65642K(66048K)->65642K(66048K) Class: 9391K(9792K)->9391K(9792K)
[2026-10-07T06:43:13.667+0000][788.724s][info][gc             ] GC(290) Pause Young (Allocation Failure) 49M->35M(50M) 7.317ms
[2026-10-07T06:43:13.667+0000][788.724s][info][gc,cpu         ] GC(290) User=0.01s Sys=0.00s Real=0.00s
[2026-10-07T06:43:16.240+0000][791.297s][info][gc,start       ] GC(291) Pause Young (Allocation Failure)
[2026-10-07T06:43:16.253+0000][791.310s][info][gc,heap        ] GC(291) DefNew: 15217K(16064K)->948K(16064K) Eden: 14336K(14336K)->0K(14336K) From: 881K(1728K)->948K(1728K)
[2026-10-07T06:43:16.253+0000][791.310s][info][gc,heap        ] GC(291) Tenured: 35039K(35244K)->35074K(35244K)
[2026-10-07T06:43:16.253+0000][791.310s][info][gc,metaspace   ] GC(291) Metaspace: 75034K(75840K)->75034K(75840K) NonClass: 65642K(66048K)->65642K(66048K) Class: 9391K(9792K)->9391K(9792K)
[2026-10-07T06:43:16.255+0000][791.312s][info][gc             ] GC(291) Pause Young (Allocation Failure) 49M->35M(50M) 14.430ms
[2026-10-07T06:43:16.255+0000][791.312s][info][gc,cpu         ] GC(291) User=0.01s Sys=0.00s Real=0.01s
[2026-10-07T06:43:18.887+0000][793.944s][info][gc,start       ] GC(292) Pause Young (Allocation Failure)
[2026-10-07T06:43:18.894+0000][793.951s][info][gc,heap        ] GC(292) DefNew: 15284K(16064K)->788K(16064K) Eden: 14336K(14336K)->0K(14336K) From: 948K(1728K)->788K(1728K)
[2026-10-07T06:43:18.894+0000][793.951s][info][gc,heap        ] GC(292) Tenured: 35074K(35244K)->35226K(35244K)
[2026-10-07T06:43:18.894+0000][793.951s][info][gc,metaspace   ] GC(292) Metaspace: 75034K(75840K)->75034K(75840K) NonClass: 65642K(66048K)->65642K(66048K) Class: 9391K(9792K)->9391K(9792K)
[2026-10-07T06:43:18.894+0000][793.951s][info][gc             ] GC(292) Pause Young (Allocation Failure) 49M->35M(50M) 7.267ms
[2026-10-07T06:43:18.894+0000][793.951s][info][gc,cpu         ] GC(292) User=0.01s Sys=0.00s Real=0.00s
[2026-10-07T06:43:21.462+0000][796.519s][info][gc,start       ] GC(293) Pause Young (Allocation Failure)
[2026-10-07T06:43:21.469+0000][796.526s][info][gc,heap        ] GC(293) DefNew: 15124K(16064K)->871K(16064K) Eden: 14336K(14336K)->0K(14336K) From: 788K(1728K)->871K(1728K)
[2026-10-07T06:43:21.469+0000][796.526s][info][gc,heap        ] GC(293) Tenured: 35226K(35244K)->35226K(35244K)
[2026-10-07T06:43:21.469+0000][796.526s][info][gc,metaspace   ] GC(293) Metaspace: 75034K(75840K)->75034K(75840K) NonClass: 65642K(66048K)->65642K(66048K) Class: 9391K(9792K)->9391K(9792K)
[2026-10-07T06:43:21.469+0000][796.526s][info][gc             ] GC(293) Pause Young (Allocation Failure) 49M->35M(50M) 6.678ms
[2026-10-07T06:43:21.469+0000][796.526s][info][gc,cpu         ] GC(293) User=0.01s Sys=0.00s Real=0.01s
[2026-10-07T06:43:24.011+0000][799.068s][info][gc,start       ] GC(294) Pause Young (Allocation Failure)
[2026-10-07T06:43:24.022+0000][799.078s][info][gc             ] GC(294) Pause Young (Allocation Failure) 49M->35M(50M) 10.265ms
[2026-10-07T06:43:24.022+0000][799.079s][info][gc,cpu         ] GC(294) User=0.01s Sys=0.00s Real=0.01s
[2026-10-07T06:43:24.022+0000][799.079s][info][gc,start       ] GC(295) Pause Full (Allocation Failure)
[2026-10-07T06:43:24.022+0000][799.079s][info][gc,phases,start] GC(295) Phase 1: Mark live objects
[2026-10-07T06:43:24.236+0000][799.293s][info][gc,phases      ] GC(295) Phase 1: Mark live objects 214.387ms
[2026-10-07T06:43:24.236+0000][799.293s][info][gc,phases,start] GC(295) Phase 2: Compute new object addresses
[2026-10-07T06:43:24.256+0000][799.313s][info][gc,phases      ] GC(295) Phase 2: Compute new object addresses 19.837ms
[2026-10-07T06:43:24.256+0000][799.313s][info][gc,phases,start] GC(295) Phase 3: Adjust pointers
[2026-10-07T06:43:24.313+0000][799.370s][info][gc,phases      ] GC(295) Phase 3: Adjust pointers 56.936ms
[2026-10-07T06:43:24.313+0000][799.370s][info][gc,phases,start] GC(295) Phase 4: Move objects
[2026-10-07T06:43:24.318+0000][799.375s][info][gc,phases      ] GC(295) Phase 4: Move objects 5.431ms
[2026-10-07T06:43:24.321+0000][799.378s][info][gc,heap        ] GC(295) DefNew: 15207K(16064K)->0K(22080K) Eden: 14336K(14336K)->0K(19648K) From: 871K(1728K)->0K(2432K)
[2026-10-07T06:43:24.321+0000][799.378s][info][gc,heap        ] GC(295) Tenured: 35226K(35244K)->29263K(48776K)
[2026-10-07T06:43:24.321+0000][799.378s][info][gc,metaspace   ] GC(295) Metaspace: 75035K(75840K)->74788K(75840K) NonClass: 65643K(66048K)->65466K(66048K) Class: 9391K(9792K)->9322K(9792K)
[2026-10-07T06:43:24.321+0000][799.378s][info][gc             ] GC(295) Pause Full (Allocation Failure) 35M->28M(69M) 299.453ms
[2026-10-07T06:43:24.321+0000][799.378s][info][gc,cpu         ] GC(295) User=0.27s Sys=0.00s Real=0.30s
[2026-10-07T06:43:27.649+0000][802.706s][info][gc,start       ] GC(296) Pause Young (Allocation Failure)
[2026-10-07T06:43:27.657+0000][802.714s][info][gc,heap        ] GC(296) DefNew: 19648K(22080K)->525K(22080K) Eden: 19648K(19648K)->0K(19648K) From: 0K(2432K)->525K(2432K)
[2026-10-07T06:43:27.657+0000][802.714s][info][gc,heap        ] GC(296) Tenured: 29263K(48776K)->29263K(48776K)
[2026-10-07T06:43:27.657+0000][802.714s][info][gc,metaspace   ] GC(296) Metaspace: 74791K(75840K)->74791K(75840K) NonClass: 65468K(66048K)->65468K(66048K) Class: 9322K(9792K)->9322K(9792K)
[2026-10-07T06:43:27.657+0000][802.714s][info][gc             ] GC(296) Pause Young (Allocation Failure) 47M->29M(69M) 7.896ms
[2026-10-07T06:43:27.657+0000][802.714s][info][gc,cpu         ] GC(296) User=0.00s Sys=0.00s Real=0.01s
[2026-10-07T06:43:31.325+0000][806.382s][info][gc,start       ] GC(297) Pause Young (Allocation Failure)
[2026-10-07T06:43:31.338+0000][806.394s][info][gc,heap        ] GC(297) DefNew: 20173K(22080K)->679K(22080K) Eden: 19648K(19648K)->0K(19648K) From: 525K(2432K)->679K(2432K)
[2026-10-07T06:43:31.338+0000][806.395s][info][gc,heap        ] GC(297) Tenured: 29263K(48776K)->29263K(48776K)
[2026-10-07T06:43:31.338+0000][806.395s][info][gc,metaspace   ] GC(297) Metaspace: 74791K(75840K)->74791K(75840K) NonClass: 65468K(66048K)->65468K(66048K) Class: 9322K(9792K)->9322K(9792K)
[2026-10-07T06:43:31.338+0000][806.395s][info][gc             ] GC(297) Pause Young (Allocation Failure) 48M->29M(69M) 12.648ms
[2026-10-07T06:43:31.338+0000][806.395s][info][gc,cpu         ] GC(297) User=0.01s Sys=0.00s Real=0.02s
[2026-10-07T06:43:35.154+0000][810.211s][info][gc,start       ] GC(298) Pause Young (Allocation Failure)
[2026-10-07T06:43:35.162+0000][810.219s][info][gc,heap        ] GC(298) DefNew: 20327K(22080K)->660K(22080K) Eden: 19648K(19648K)->0K(19648K) From: 679K(2432K)->660K(2432K)
[2026-10-07T06:43:35.163+0000][810.219s][info][gc,heap        ] GC(298) Tenured: 29263K(48776K)->29263K(48776K)
[2026-10-07T06:43:35.163+0000][810.220s][info][gc,metaspace   ] GC(298) Metaspace: 74791K(75840K)->74791K(75840K) NonClass: 65468K(66048K)->65468K(66048K) Class: 9322K(9792K)->9322K(9792K)
[2026-10-07T06:43:35.163+0000][810.220s][info][gc             ] GC(298) Pause Young (Allocation Failure) 48M->29M(69M) 8.272ms
[2026-10-07T06:43:35.163+0000][810.220s][info][gc,cpu         ] GC(298) User=0.00s Sys=0.00s Real=0.01s
[2026-10-07T06:43:38.758+0000][813.814s][info][gc,start       ] GC(299) Pause Young (Allocation Failure)
[2026-10-07T06:43:38.768+0000][813.825s][info][gc,heap        ] GC(299) DefNew: 20308K(22080K)->831K(22080K) Eden: 19648K(19648K)->0K(19648K) From: 660K(2432K)->831K(2432K)
[2026-10-07T06:43:38.768+0000][813.825s][info][gc,heap        ] GC(299) Tenured: 29263K(48776K)->29263K(48776K)
[2026-10-07T06:43:38.768+0000][813.825s][info][gc,metaspace   ] GC(299) Metaspace: 74791K(75840K)->74791K(75840K) NonClass: 65468K(66048K)->65468K(66048K) Class: 9322K(9792K)->9322K(9792K)
[2026-10-07T06:43:38.768+0000][813.825s][info][gc             ] GC(299) Pause Young (Allocation Failure) 48M->29M(69M) 10.506ms
[2026-10-07T06:43:38.768+0000][813.825s][info][gc,cpu         ] GC(299) User=0.00s Sys=0.00s Real=0.01s
[2026-10-07T06:43:42.100+0000][817.157s][info][gc,start       ] GC(300) Pause Young (Allocation Failure)
[2026-10-07T06:43:42.109+0000][817.166s][info][gc,heap        ] GC(300) DefNew: 20449K(22080K)->1037K(22080K) Eden: 19618K(19648K)->0K(19648K) From: 831K(2432K)->1037K(2432K)
[2026-10-07T06:43:42.109+0000][817.166s][info][gc,heap        ] GC(300) Tenured: 29263K(48776K)->29263K(48776K)
[2026-10-07T06:43:42.109+0000][817.166s][info][gc,metaspace   ] GC(300) Metaspace: 74794K(75840K)->74794K(75840K) NonClass: 65472K(66048K)->65472K(66048K) Class: 9322K(9792K)->9322K(9792K)
[2026-10-07T06:43:42.109+0000][817.166s][info][gc             ] GC(300) Pause Young (Allocation Failure) 48M->29M(69M) 9.713ms
[2026-10-07T06:43:42.109+0000][817.166s][info][gc,cpu         ] GC(300) User=0.00s Sys=0.00s Real=0.01s
[2026-10-07T06:43:45.715+0000][820.772s][info][gc,start       ] GC(301) Pause Young (Allocation Failure)
[2026-10-07T06:43:45.725+0000][820.782s][info][gc,heap        ] GC(301) DefNew: 20685K(22080K)->976K(22080K) Eden: 19648K(19648K)->0K(19648K) From: 1037K(2432K)->976K(2432K)
[2026-10-07T06:43:45.727+0000][820.784s][info][gc,heap        ] GC(301) Tenured: 29263K(48776K)->29263K(48776K)
[2026-10-07T06:43:45.727+0000][820.784s][info][gc,metaspace   ] GC(301) Metaspace: 74794K(75840K)->74794K(75840K) NonClass: 65472K(66048K)->65472K(66048K) Class: 9322K(9792K)->9322K(9792K)
[2026-10-07T06:43:45.727+0000][820.784s][info][gc             ] GC(301) Pause Young (Allocation Failure) 48M->29M(69M) 11.812ms
[2026-10-07T06:43:45.727+0000][820.784s][info][gc,cpu         ] GC(301) User=0.01s Sys=0.00s Real=0.02s
[2026-10-07T06:43:49.254+0000][824.311s][info][gc,start       ] GC(302) Pause Young (Allocation Failure)
[2026-10-07T06:43:49.262+0000][824.319s][info][gc,heap        ] GC(302) DefNew: 20624K(22080K)->1036K(22080K) Eden: 19648K(19648K)->0K(19648K) From: 976K(2432K)->1036K(2432K)
[2026-10-07T06:43:49.262+0000][824.319s][info][gc,heap        ] GC(302) Tenured: 29263K(48776K)->29263K(48776K)
[2026-10-07T06:43:49.262+0000][824.319s][info][gc,metaspace   ] GC(302) Metaspace: 74795K(75840K)->74795K(75840K) NonClass: 65472K(66048K)->65472K(66048K) Class: 9322K(9792K)->9322K(9792K)
[2026-10-07T06:43:49.262+0000][824.319s][info][gc             ] GC(302) Pause Young (Allocation Failure) 48M->29M(69M) 7.852ms
[2026-10-07T06:43:49.262+0000][824.319s][info][gc,cpu         ] GC(302) User=0.01s Sys=0.00s Real=0.01s
[2026-10-07T06:43:52.909+0000][827.966s][info][gc,start       ] GC(303) Pause Young (Allocation Failure)
[2026-10-07T06:43:52.916+0000][827.973s][info][gc,heap        ] GC(303) DefNew: 20684K(22080K)->1065K(22080K) Eden: 19648K(19648K)->0K(19648K) From: 1036K(2432K)->1065K(2432K)
[2026-10-07T06:43:52.916+0000][827.973s][info][gc,heap        ] GC(303) Tenured: 29263K(48776K)->29263K(48776K)
[2026-10-07T06:43:52.916+0000][827.973s][info][gc,metaspace   ] GC(303) Metaspace: 74795K(75840K)->74795K(75840K) NonClass: 65472K(66048K)->65472K(66048K) Class: 9322K(9792K)->9322K(9792K)
[2026-10-07T06:43:52.916+0000][827.973s][info][gc             ] GC(303) Pause Young (Allocation Failure) 48M->29M(69M) 7.156ms
[2026-10-07T06:43:52.916+0000][827.973s][info][gc,cpu         ] GC(303) User=0.00s Sys=0.01s Real=0.00s
[2026-10-07T06:43:56.197+0000][831.254s][info][gc,start       ] GC(304) Pause Young (Allocation Failure)
[2026-10-07T06:43:56.206+0000][831.263s][info][gc,heap        ] GC(304) DefNew: 20713K(22080K)->1199K(22080K) Eden: 19648K(19648K)->0K(19648K) From: 1065K(2432K)->1199K(2432K)
[2026-10-07T06:43:56.206+0000][831.263s][info][gc,heap        ] GC(304) Tenured: 29263K(48776K)->29263K(48776K)
[2026-10-07T06:43:56.206+0000][831.263s][info][gc,metaspace   ] GC(304) Metaspace: 74795K(75840K)->74795K(75840K) NonClass: 65472K(66048K)->65472K(66048K) Class: 9322K(9792K)->9322K(9792K)
[2026-10-07T06:43:56.206+0000][831.263s][info][gc             ] GC(304) Pause Young (Allocation Failure) 48M->29M(69M) 9.018ms
[2026-10-07T06:43:56.206+0000][831.263s][info][gc,cpu         ] GC(304) User=0.01s Sys=0.00s Real=0.01s
[2026-10-07T06:43:59.849+0000][834.906s][info][gc,start       ] GC(305) Pause Young (Allocation Failure)
[2026-10-07T06:43:59.858+0000][834.915s][info][gc,heap        ] GC(305) DefNew: 20847K(22080K)->1273K(22080K) Eden: 19648K(19648K)->0K(19648K) From: 1199K(2432K)->1273K(2432K)
[2026-10-07T06:43:59.858+0000][834.915s][info][gc,heap        ] GC(305) Tenured: 29263K(48776K)->29263K(48776K)
[2026-10-07T06:43:59.858+0000][834.915s][info][gc,metaspace   ] GC(305) Metaspace: 74796K(75840K)->74796K(75840K) NonClass: 65474K(66048K)->65474K(66048K) Class: 9322K(9792K)->9322K(9792K)
[2026-10-07T06:43:59.858+0000][834.915s][info][gc             ] GC(305) Pause Young (Allocation Failure) 48M->29M(69M) 9.203ms
[2026-10-07T06:43:59.858+0000][834.915s][info][gc,cpu         ] GC(305) User=0.00s Sys=0.00s Real=0.01s
[2026-10-07T06:44:03.380+0000][838.437s][info][gc,start       ] GC(306) Pause Young (Allocation Failure)
[2026-10-07T06:44:03.389+0000][838.446s][info][gc,heap        ] GC(306) DefNew: 20921K(22080K)->1245K(22080K) Eden: 19648K(19648K)->0K(19648K) From: 1273K(2432K)->1245K(2432K)
[2026-10-07T06:44:03.389+0000][838.446s][info][gc,heap        ] GC(306) Tenured: 29263K(48776K)->29361K(48776K)
[2026-10-07T06:44:03.389+0000][838.446s][info][gc,metaspace   ] GC(306) Metaspace: 74798K(75840K)->74798K(75840K) NonClass: 65475K(66048K)->65475K(66048K) Class: 9322K(9792K)->9322K(9792K)
[2026-10-07T06:44:03.389+0000][838.446s][info][gc             ] GC(306) Pause Young (Allocation Failure) 49M->29M(69M) 9.192ms
[2026-10-07T06:44:03.389+0000][838.446s][info][gc,cpu         ] GC(306) User=0.00s Sys=0.00s Real=0.01s
[2026-10-07T06:44:06.929+0000][841.986s][info][gc,start       ] GC(307) Pause Young (Allocation Failure)
[2026-10-07T06:44:06.940+0000][841.997s][info][gc,heap        ] GC(307) DefNew: 20893K(22080K)->1334K(22080K) Eden: 19648K(19648K)->0K(19648K) From: 1245K(2432K)->1334K(2432K)
[2026-10-07T06:44:06.940+0000][841.997s][info][gc,heap        ] GC(307) Tenured: 29361K(48776K)->29401K(48776K)
[2026-10-07T06:44:06.940+0000][841.997s][info][gc,metaspace   ] GC(307) Metaspace: 74799K(75840K)->74799K(75840K) NonClass: 65476K(66048K)->65476K(66048K) Class: 9322K(9792K)->9322K(9792K)
[2026-10-07T06:44:06.940+0000][841.997s][info][gc             ] GC(307) Pause Young (Allocation Failure) 49M->30M(69M) 10.741ms
[2026-10-07T06:44:06.940+0000][841.997s][info][gc,cpu         ] GC(307) User=0.01s Sys=0.00s Real=0.01s
[2026-10-07T06:44:10.417+0000][845.474s][info][gc,start       ] GC(308) Pause Young (Allocation Failure)
[2026-10-07T06:44:10.429+0000][845.486s][info][gc,heap        ] GC(308) DefNew: 20982K(22080K)->1174K(22080K) Eden: 19648K(19648K)->0K(19648K) From: 1334K(2432K)->1174K(2432K)
[2026-10-07T06:44:10.429+0000][845.486s][info][gc,heap        ] GC(308) Tenured: 29401K(48776K)->29531K(48776K)
[2026-10-07T06:44:10.429+0000][845.486s][info][gc,metaspace   ] GC(308) Metaspace: 74801K(75840K)->74801K(75840K) NonClass: 65479K(66048K)->65479K(66048K) Class: 9322K(9792K)->9322K(9792K)
[2026-10-07T06:44:10.429+0000][845.486s][info][gc             ] GC(308) Pause Young (Allocation Failure) 49M->29M(69M) 11.551ms
[2026-10-07T06:44:10.429+0000][845.486s][info][gc,cpu         ] GC(308) User=0.01s Sys=0.01s Real=0.01s
[2026-10-07T06:44:14.147+0000][849.204s][info][gc,start       ] GC(309) Pause Young (Allocation Failure)
[2026-10-07T06:44:14.156+0000][849.213s][info][gc,heap        ] GC(309) DefNew: 20822K(22080K)->1254K(22080K) Eden: 19648K(19648K)->0K(19648K) From: 1174K(2432K)->1254K(2432K)
[2026-10-07T06:44:14.156+0000][849.213s][info][gc,heap        ] GC(309) Tenured: 29531K(48776K)->29531K(48776K)
[2026-10-07T06:44:14.157+0000][849.214s][info][gc,metaspace   ] GC(309) Metaspace: 74801K(75840K)->74801K(75840K) NonClass: 65479K(66048K)->65479K(66048K) Class: 9322K(9792K)->9322K(9792K)
[2026-10-07T06:44:14.157+0000][849.214s][info][gc             ] GC(309) Pause Young (Allocation Failure) 49M->30M(69M) 9.724ms
[2026-10-07T06:44:14.158+0000][849.214s][info][gc,cpu         ] GC(309) User=0.01s Sys=0.00s Real=0.01s
[2026-10-07T06:44:17.562+0000][852.619s][info][gc,start       ] GC(310) Pause Young (Allocation Failure)
[2026-10-07T06:44:17.572+0000][852.629s][info][gc,heap        ] GC(310) DefNew: 20902K(22080K)->1275K(22080K) Eden: 19648K(19648K)->0K(19648K) From: 1254K(2432K)->1275K(2432K)
[2026-10-07T06:44:17.572+0000][852.629s][info][gc,heap        ] GC(310) Tenured: 29531K(48776K)->29595K(48776K)
[2026-10-07T06:44:17.572+0000][852.629s][info][gc,metaspace   ] GC(310) Metaspace: 74801K(75840K)->74801K(75840K) NonClass: 65479K(66048K)->65479K(66048K) Class: 9322K(9792K)->9322K(9792K)
[2026-10-07T06:44:17.572+0000][852.629s][info][gc             ] GC(310) Pause Young (Allocation Failure) 49M->30M(69M) 10.243ms
[2026-10-07T06:44:17.572+0000][852.629s][info][gc,cpu         ] GC(310) User=0.00s Sys=0.00s Real=0.01s
[2026-10-07T06:44:21.068+0000][856.125s][info][gc,start       ] GC(311) Pause Young (Allocation Failure)
[2026-10-07T06:44:21.083+0000][856.140s][info][gc,heap        ] GC(311) DefNew: 20923K(22080K)->1349K(22080K) Eden: 19648K(19648K)->0K(19648K) From: 1275K(2432K)->1349K(2432K)
[2026-10-07T06:44:21.083+0000][856.140s][info][gc,heap        ] GC(311) Tenured: 29595K(48776K)->29665K(48776K)
[2026-10-07T06:44:21.083+0000][856.140s][info][gc,metaspace   ] GC(311) Metaspace: 74805K(75840K)->74805K(75840K) NonClass: 65482K(66048K)->65482K(66048K) Class: 9322K(9792K)->9322K(9792K)
[2026-10-07T06:44:21.083+0000][856.140s][info][gc             ] GC(311) Pause Young (Allocation Failure) 49M->30M(69M) 14.612ms
[2026-10-07T06:44:21.083+0000][856.140s][info][gc,cpu         ] GC(311) User=0.01s Sys=0.00s Real=0.01s
[2026-10-07T06:44:24.646+0000][859.703s][info][gc,start       ] GC(312) Pause Young (Allocation Failure)
[2026-10-07T06:44:24.658+0000][859.715s][info][gc,heap        ] GC(312) DefNew: 20987K(22080K)->1267K(22080K) Eden: 19638K(19648K)->0K(19648K) From: 1349K(2432K)->1267K(2432K)
[2026-10-07T06:44:24.658+0000][859.715s][info][gc,heap        ] GC(312) Tenured: 29665K(48776K)->29808K(48776K)
[2026-10-07T06:44:24.658+0000][859.715s][info][gc,metaspace   ] GC(312) Metaspace: 74807K(75840K)->74807K(75840K) NonClass: 65484K(66048K)->65484K(66048K) Class: 9322K(9792K)->9322K(9792K)
[2026-10-07T06:44:24.658+0000][859.715s][info][gc             ] GC(312) Pause Young (Allocation Failure) 49M->30M(69M) 11.956ms
[2026-10-07T06:44:24.658+0000][859.715s][info][gc,cpu         ] GC(312) User=0.01s Sys=0.00s Real=0.02s
[2026-10-07T06:44:28.071+0000][863.128s][info][gc,start       ] GC(313) Pause Young (Allocation Failure)
[2026-10-07T06:44:28.079+0000][863.136s][info][gc,heap        ] GC(313) DefNew: 20915K(22080K)->1218K(22080K) Eden: 19648K(19648K)->0K(19648K) From: 1267K(2432K)->1218K(2432K)
[2026-10-07T06:44:28.079+0000][863.136s][info][gc,heap        ] GC(313) Tenured: 29808K(48776K)->29884K(48776K)
[2026-10-07T06:44:28.080+0000][863.136s][info][gc,metaspace   ] GC(313) Metaspace: 74822K(75840K)->74822K(75840K) NonClass: 65499K(66048K)->65499K(66048K) Class: 9322K(9792K)->9322K(9792K)
[2026-10-07T06:44:28.080+0000][863.137s][info][gc             ] GC(313) Pause Young (Allocation Failure) 49M->30M(69M) 8.299ms
[2026-10-07T06:44:28.080+0000][863.137s][info][gc,cpu         ] GC(313) User=0.01s Sys=0.00s Real=0.01s
[2026-10-07T06:44:32.117+0000][867.174s][info][gc,start       ] GC(314) Pause Young (Allocation Failure)
[2026-10-07T06:44:32.126+0000][867.183s][info][gc,heap        ] GC(314) DefNew: 20866K(22080K)->1253K(22080K) Eden: 19648K(19648K)->0K(19648K) From: 1218K(2432K)->1253K(2432K)
[2026-10-07T06:44:32.126+0000][867.183s][info][gc,heap        ] GC(314) Tenured: 29884K(48776K)->29960K(48776K)
[2026-10-07T06:44:32.126+0000][867.183s][info][gc,metaspace   ] GC(314) Metaspace: 74822K(75840K)->74822K(75840K) NonClass: 65499K(66048K)->65499K(66048K) Class: 9322K(9792K)->9322K(9792K)
[2026-10-07T06:44:32.126+0000][867.183s][info][gc             ] GC(314) Pause Young (Allocation Failure) 49M->30M(69M) 8.786ms
[2026-10-07T06:44:32.126+0000][867.183s][info][gc,cpu         ] GC(314) User=0.00s Sys=0.00s Real=0.00s
[2026-10-07T06:44:35.701+0000][870.758s][info][gc,start       ] GC(315) Pause Young (Allocation Failure)
[2026-10-07T06:44:35.710+0000][870.767s][info][gc,heap        ] GC(315) DefNew: 20901K(22080K)->1279K(22080K) Eden: 19648K(19648K)->0K(19648K) From: 1253K(2432K)->1279K(2432K)
[2026-10-07T06:44:35.710+0000][870.767s][info][gc,heap        ] GC(315) Tenured: 29960K(48776K)->30031K(48776K)
[2026-10-07T06:44:35.710+0000][870.767s][info][gc,metaspace   ] GC(315) Metaspace: 74822K(75840K)->74822K(75840K) NonClass: 65499K(66048K)->65499K(66048K) Class: 9322K(9792K)->9322K(9792K)
[2026-10-07T06:44:35.710+0000][870.767s][info][gc             ] GC(315) Pause Young (Allocation Failure) 49M->30M(69M) 8.467ms
[2026-10-07T06:44:35.710+0000][870.767s][info][gc,cpu         ] GC(315) User=0.00s Sys=0.00s Real=0.01s
[2026-10-07T06:44:39.152+0000][874.209s][info][gc,start       ] GC(316) Pause Young (Allocation Failure)
[2026-10-07T06:44:39.160+0000][874.217s][info][gc,heap        ] GC(316) DefNew: 20927K(22080K)->1263K(22080K) Eden: 19648K(19648K)->0K(19648K) From: 1279K(2432K)->1263K(2432K)
[2026-10-07T06:44:39.160+0000][874.217s][info][gc,heap        ] GC(316) Tenured: 30031K(48776K)->30099K(48776K)
[2026-10-07T06:44:39.160+0000][874.217s][info][gc,metaspace   ] GC(316) Metaspace: 74822K(75840K)->74822K(75840K) NonClass: 65499K(66048K)->65499K(66048K) Class: 9322K(9792K)->9322K(9792K)
[2026-10-07T06:44:39.160+0000][874.217s][info][gc             ] GC(316) Pause Young (Allocation Failure) 49M->30M(69M) 7.983ms
[2026-10-07T06:44:39.160+0000][874.217s][info][gc,cpu         ] GC(316) User=0.01s Sys=0.00s Real=0.01s
[2026-10-07T06:44:42.514+0000][877.571s][info][gc,start       ] GC(317) Pause Young (Allocation Failure)
[2026-10-07T06:44:42.528+0000][877.585s][info][gc,heap        ] GC(317) DefNew: 20911K(22080K)->1211K(22080K) Eden: 19648K(19648K)->0K(19648K) From: 1263K(2432K)->1211K(2432K)
[2026-10-07T06:44:42.528+0000][877.585s][info][gc,heap        ] GC(317) Tenured: 30099K(48776K)->30176K(48776K)
[2026-10-07T06:44:42.528+0000][877.585s][info][gc,metaspace   ] GC(317) Metaspace: 74824K(75840K)->74824K(75840K) NonClass: 65501K(66048K)->65501K(66048K) Class: 9322K(9792K)->9322K(9792K)
[2026-10-07T06:44:42.528+0000][877.585s][info][gc             ] GC(317) Pause Young (Allocation Failure) 49M->30M(69M) 14.285ms
[2026-10-07T06:44:42.528+0000][877.585s][info][gc,cpu         ] GC(317) User=0.01s Sys=0.00s Real=0.02s
[2026-10-07T06:44:46.098+0000][881.154s][info][gc,start       ] GC(318) Pause Young (Allocation Failure)
[2026-10-07T06:44:46.106+0000][881.163s][info][gc,heap        ] GC(318) DefNew: 20859K(22080K)->1406K(22080K) Eden: 19648K(19648K)->0K(19648K) From: 1211K(2432K)->1406K(2432K)
[2026-10-07T06:44:46.106+0000][881.163s][info][gc,heap        ] GC(318) Tenured: 30176K(48776K)->30176K(48776K)
[2026-10-07T06:44:46.106+0000][881.163s][info][gc,metaspace   ] GC(318) Metaspace: 74824K(75840K)->74824K(75840K) NonClass: 65501K(66048K)->65501K(66048K) Class: 9322K(9792K)->9322K(9792K)
[2026-10-07T06:44:46.106+0000][881.163s][info][gc             ] GC(318) Pause Young (Allocation Failure) 49M->30M(69M) 8.953ms
[2026-10-07T06:44:46.107+0000][881.163s][info][gc,cpu         ] GC(318) User=0.01s Sys=0.00s Real=0.00s
[2026-10-07T06:44:49.865+0000][884.922s][info][gc,start       ] GC(319) Pause Young (Allocation Failure)
[2026-10-07T06:44:49.875+0000][884.932s][info][gc,heap        ] GC(319) DefNew: 21054K(22080K)->1163K(22080K) Eden: 19648K(19648K)->0K(19648K) From: 1406K(2432K)->1163K(2432K)
[2026-10-07T06:44:49.876+0000][884.933s][info][gc,heap        ] GC(319) Tenured: 30176K(48776K)->30408K(48776K)
[2026-10-07T06:44:49.876+0000][884.933s][info][gc,metaspace   ] GC(319) Metaspace: 74824K(75840K)->74824K(75840K) NonClass: 65502K(66048K)->65502K(66048K) Class: 9322K(9792K)->9322K(9792K)
[2026-10-07T06:44:49.876+0000][884.933s][info][gc             ] GC(319) Pause Young (Allocation Failure) 50M->30M(69M) 11.275ms
[2026-10-07T06:44:49.876+0000][884.933s][info][gc,cpu         ] GC(319) User=0.01s Sys=0.00s Real=0.01s
[2026-10-07T06:44:53.480+0000][888.537s][info][gc,start       ] GC(320) Pause Young (Allocation Failure)
[2026-10-07T06:44:53.491+0000][888.548s][info][gc,heap        ] GC(320) DefNew: 20811K(22080K)->1250K(22080K) Eden: 19648K(19648K)->0K(19648K) From: 1163K(2432K)->1250K(2432K)
[2026-10-07T06:44:53.491+0000][888.548s][info][gc,heap        ] GC(320) Tenured: 30408K(48776K)->30408K(48776K)
[2026-10-07T06:44:53.491+0000][888.548s][info][gc,metaspace   ] GC(320) Metaspace: 74831K(75840K)->74831K(75840K) NonClass: 65508K(66048K)->65508K(66048K) Class: 9322K(9792K)->9322K(9792K)
[2026-10-07T06:44:53.491+0000][888.548s][info][gc             ] GC(320) Pause Young (Allocation Failure) 50M->30M(69M) 10.419ms
[2026-10-07T06:44:53.492+0000][888.549s][info][gc,cpu         ] GC(320) User=0.01s Sys=0.00s Real=0.01s
[2026-10-07T06:44:57.202+0000][892.259s][info][gc,start       ] GC(321) Pause Young (Allocation Failure)
[2026-10-07T06:44:57.212+0000][892.269s][info][gc,heap        ] GC(321) DefNew: 20898K(22080K)->1244K(22080K) Eden: 19648K(19648K)->0K(19648K) From: 1250K(2432K)->1244K(2432K)
[2026-10-07T06:44:57.212+0000][892.269s][info][gc,heap        ] GC(321) Tenured: 30408K(48776K)->30499K(48776K)
[2026-10-07T06:44:57.212+0000][892.269s][info][gc,metaspace   ] GC(321) Metaspace: 74833K(75840K)->74833K(75840K) NonClass: 65510K(66048K)->65510K(66048K) Class: 9322K(9792K)->9322K(9792K)
[2026-10-07T06:44:57.212+0000][892.269s][info][gc             ] GC(321) Pause Young (Allocation Failure) 50M->30M(69M) 9.566ms
[2026-10-07T06:44:57.212+0000][892.269s][info][gc,cpu         ] GC(321) User=0.00s Sys=0.00s Real=0.01s
[2026-10-07T06:45:00.812+0000][895.869s][info][gc,start       ] GC(322) Pause Young (Allocation Failure)
[2026-10-07T06:45:00.820+0000][895.877s][info][gc,heap        ] GC(322) DefNew: 20892K(22080K)->1229K(22080K) Eden: 19648K(19648K)->0K(19648K) From: 1244K(2432K)->1229K(2432K)
[2026-10-07T06:45:00.820+0000][895.877s][info][gc,heap        ] GC(322) Tenured: 30499K(48776K)->30571K(48776K)
[2026-10-07T06:45:00.821+0000][895.877s][info][gc,metaspace   ] GC(322) Metaspace: 74835K(75840K)->74835K(75840K) NonClass: 65512K(66048K)->65512K(66048K) Class: 9322K(9792K)->9322K(9792K)
[2026-10-07T06:45:00.821+0000][895.878s][info][gc             ] GC(322) Pause Young (Allocation Failure) 50M->31M(69M) 9.023ms
[2026-10-07T06:45:00.821+0000][895.878s][info][gc,cpu         ] GC(322) User=0.01s Sys=0.01s Real=0.01s
[2026-10-07T06:45:04.356+0000][899.413s][info][gc,start       ] GC(323) Pause Young (Allocation Failure)
[2026-10-07T06:45:04.371+0000][899.428s][info][gc,heap        ] GC(323) DefNew: 20877K(22080K)->1222K(22080K) Eden: 19648K(19648K)->0K(19648K) From: 1229K(2432K)->1222K(2432K)
[2026-10-07T06:45:04.371+0000][899.428s][info][gc,heap        ] GC(323) Tenured: 30571K(48776K)->30641K(48776K)
[2026-10-07T06:45:04.371+0000][899.428s][info][gc,metaspace   ] GC(323) Metaspace: 74842K(75840K)->74842K(75840K) NonClass: 65519K(66048K)->65519K(66048K) Class: 9322K(9792K)->9322K(9792K)
[2026-10-07T06:45:04.371+0000][899.428s][info][gc             ] GC(323) Pause Young (Allocation Failure) 50M->31M(69M) 15.222ms
[2026-10-07T06:45:04.371+0000][899.428s][info][gc,cpu         ] GC(323) User=0.01s Sys=0.00s Real=0.02s
