[2026-10-07T05:00:17.821+0000][159.053s][info][gc,start    ] GC(53) Pause Young (Prepare Mixed) (G1 Evacuation Pause)
[2026-10-07T05:00:17.821+0000][159.053s][info][gc,task     ] GC(53) Using 2 workers of 2 for evacuation
[2026-10-07T05:00:17.825+0000][159.057s][info][gc,phases   ] GC(53)   Pre Evacuate Collection Set: 0.32ms
[2026-10-07T05:00:17.825+0000][159.057s][info][gc,phases   ] GC(53)   Merge Heap Roots: 0.26ms
[2026-10-07T05:00:17.825+0000][159.057s][info][gc,phases   ] GC(53)   Evacuate Collection Set: 2.69ms
[2026-10-07T05:00:17.825+0000][159.057s][info][gc,phases   ] GC(53)   Post Evacuate Collection Set: 0.95ms
[2026-10-07T05:00:17.825+0000][159.057s][info][gc,phases   ] GC(53)   Other: 0.08ms
[2026-10-07T05:00:17.825+0000][159.057s][info][gc,heap     ] GC(53) Eden regions: 15->0(15)
[2026-10-07T05:00:17.825+0000][159.057s][info][gc,heap     ] GC(53) Survivor regions: 1->1(2)
[2026-10-07T05:00:17.826+0000][159.058s][info][gc,heap     ] GC(53) Old regions: 18->18
[2026-10-07T05:00:17.826+0000][159.058s][info][gc,heap     ] GC(53) Humongous regions: 2->2
[2026-10-07T05:00:17.826+0000][159.058s][info][gc,metaspace] GC(53) Metaspace: 71810K(72512K)->71810K(72512K) NonClass: 62588K(62976K)->62588K(62976K) Class: 9221K(9536K)->9221K(9536K)
[2026-10-07T05:00:17.826+0000][159.058s][info][gc          ] GC(53) Pause Young (Prepare Mixed) (G1 Evacuation Pause) 35M->20M(39M) 5.011ms
[2026-10-07T05:00:17.826+0000][159.058s][info][gc,cpu      ] GC(53) User=0.00s Sys=0.00s Real=0.01s
[2026-10-07T05:00:23.037+0000][164.270s][info][gc,start    ] GC(54) Pause Young (Mixed) (G1 Evacuation Pause)
[2026-10-07T05:00:23.038+0000][164.270s][info][gc,task     ] GC(54) Using 2 workers of 2 for evacuation
[2026-10-07T05:00:23.053+0000][164.285s][info][gc,phases   ] GC(54)   Pre Evacuate Collection Set: 1.63ms
[2026-10-07T05:00:23.053+0000][164.285s][info][gc,phases   ] GC(54)   Merge Heap Roots: 0.20ms
[2026-10-07T05:00:23.053+0000][164.285s][info][gc,phases   ] GC(54)   Evacuate Collection Set: 11.72ms
[2026-10-07T05:00:23.053+0000][164.285s][info][gc,phases   ] GC(54)   Post Evacuate Collection Set: 1.86ms
[2026-10-07T05:00:23.053+0000][164.286s][info][gc,phases   ] GC(54)   Other: 0.14ms
[2026-10-07T05:00:23.053+0000][164.286s][info][gc,heap     ] GC(54) Eden regions: 15->0(14)
[2026-10-07T05:00:23.053+0000][164.286s][info][gc,heap     ] GC(54) Survivor regions: 1->2(2)
[2026-10-07T05:00:23.053+0000][164.286s][info][gc,heap     ] GC(54) Old regions: 18->18
[2026-10-07T05:00:23.053+0000][164.286s][info][gc,heap     ] GC(54) Humongous regions: 2->2
[2026-10-07T05:00:23.053+0000][164.286s][info][gc,metaspace] GC(54) Metaspace: 72839K(73600K)->72839K(73600K) NonClass: 63484K(63872K)->63484K(63872K) Class: 9355K(9728K)->9355K(9728K)
[2026-10-07T05:00:23.054+0000][164.286s][info][gc          ] GC(54) Pause Young (Mixed) (G1 Evacuation Pause) 35M->21M(39M) 16.566ms
[2026-10-07T05:00:23.054+0000][164.286s][info][gc,cpu      ] GC(54) User=0.02s Sys=0.00s Real=0.02s
[2026-10-07T05:00:24.919+0000][166.152s][info][gc,start    ] GC(55) Pause Young (Concurrent Start) (G1 Evacuation Pause)
[2026-10-07T05:00:24.920+0000][166.152s][info][gc,task     ] GC(55) Using 2 workers of 2 for evacuation
[2026-10-07T05:00:24.933+0000][166.165s][info][gc,phases   ] GC(55)   Pre Evacuate Collection Set: 1.83ms
[2026-10-07T05:00:24.933+0000][166.165s][info][gc,phases   ] GC(55)   Merge Heap Roots: 0.32ms
[2026-10-07T05:00:24.933+0000][166.165s][info][gc,phases   ] GC(55)   Evacuate Collection Set: 9.93ms
[2026-10-07T05:00:24.933+0000][166.165s][info][gc,phases   ] GC(55)   Post Evacuate Collection Set: 0.73ms
[2026-10-07T05:00:24.933+0000][166.165s][info][gc,phases   ] GC(55)   Other: 0.22ms
[2026-10-07T05:00:24.933+0000][166.165s][info][gc,heap     ] GC(55) Eden regions: 14->0(13)
[2026-10-07T05:00:24.933+0000][166.165s][info][gc,heap     ] GC(55) Survivor regions: 2->2(2)
[2026-10-07T05:00:24.933+0000][166.165s][info][gc,heap     ] GC(55) Old regions: 18->19
[2026-10-07T05:00:24.934+0000][166.166s][info][gc,heap     ] GC(55) Humongous regions: 2->2
[2026-10-07T05:00:24.934+0000][166.167s][info][gc,metaspace] GC(55) Metaspace: 73015K(73792K)->73015K(73792K) NonClass: 63652K(64064K)->63652K(64064K) Class: 9362K(9728K)->9362K(9728K)
[2026-10-07T05:00:24.934+0000][166.167s][info][gc          ] GC(55) Pause Young (Concurrent Start) (G1 Evacuation Pause) 35M->22M(39M) 14.950ms
[2026-10-07T05:00:24.934+0000][166.167s][info][gc          ] GC(56) Concurrent Mark Cycle
[2026-10-07T05:00:24.934+0000][166.167s][info][gc,marking  ] GC(56) Concurrent Scan Root Regions
[2026-10-07T05:00:24.935+0000][166.167s][info][gc,cpu      ] GC(55) User=0.02s Sys=0.00s Real=0.02s
[2026-10-07T05:00:24.993+0000][166.225s][info][gc,marking  ] GC(56) Concurrent Scan Root Regions 58.303ms
[2026-10-07T05:00:24.993+0000][166.225s][info][gc,marking  ] GC(56) Concurrent Mark
[2026-10-07T05:00:24.993+0000][166.225s][info][gc,marking  ] GC(56) Concurrent Mark From Roots
[2026-10-07T05:00:24.993+0000][166.225s][info][gc,task     ] GC(56) Using 1 workers of 1 for marking
[2026-10-07T05:00:25.081+0000][166.313s][info][gc,marking  ] GC(56) Concurrent Mark From Roots 88.415ms
[2026-10-07T05:00:25.081+0000][166.314s][info][gc,marking  ] GC(56) Concurrent Preclean
[2026-10-07T05:00:25.082+0000][166.314s][info][gc,marking  ] GC(56) Concurrent Preclean 0.767ms
[2026-10-07T05:00:25.083+0000][166.316s][info][gc,start    ] GC(56) Pause Remark
[2026-10-07T05:00:25.113+0000][166.345s][info][gc          ] GC(56) Pause Remark 22M->22M(39M) 29.670ms
[2026-10-07T05:00:25.113+0000][166.345s][info][gc,cpu      ] GC(56) User=0.03s Sys=0.00s Real=0.03s
[2026-10-07T05:00:25.116+0000][166.348s][info][gc,marking  ] GC(56) Concurrent Mark 122.682ms
[2026-10-07T05:00:25.116+0000][166.348s][info][gc,marking  ] GC(56) Concurrent Rebuild Remembered Sets and Scrub Regions
[2026-10-07T05:00:25.181+0000][166.414s][info][gc,marking  ] GC(56) Concurrent Rebuild Remembered Sets and Scrub Regions 65.757ms
[2026-10-07T05:00:25.182+0000][166.414s][info][gc,start    ] GC(56) Pause Cleanup
[2026-10-07T05:00:25.182+0000][166.414s][info][gc          ] GC(56) Pause Cleanup 23M->23M(39M) 0.383ms
[2026-10-07T05:00:25.182+0000][166.415s][info][gc,cpu      ] GC(56) User=0.00s Sys=0.00s Real=0.00s
[2026-10-07T05:00:25.183+0000][166.415s][info][gc,marking  ] GC(56) Concurrent Clear Claimed Marks
[2026-10-07T05:00:25.184+0000][166.416s][info][gc,marking  ] GC(56) Concurrent Clear Claimed Marks 0.417ms
[2026-10-07T05:00:25.184+0000][166.416s][info][gc,marking  ] GC(56) Concurrent Cleanup for Next Mark
[2026-10-07T05:00:25.195+0000][166.428s][info][gc,marking  ] GC(56) Concurrent Cleanup for Next Mark 11.907ms
[2026-10-07T05:00:25.196+0000][166.429s][info][gc          ] GC(56) Concurrent Mark Cycle 261.831ms
[2026-10-07T05:00:26.835+0000][168.067s][info][gc,start    ] GC(57) Pause Young (Prepare Mixed) (G1 Evacuation Pause)
[2026-10-07T05:00:26.835+0000][168.068s][info][gc,task     ] GC(57) Using 2 workers of 2 for evacuation
[2026-10-07T05:00:26.849+0000][168.082s][info][gc,phases   ] GC(57)   Pre Evacuate Collection Set: 0.42ms
[2026-10-07T05:00:26.850+0000][168.082s][info][gc,phases   ] GC(57)   Merge Heap Roots: 0.40ms
[2026-10-07T05:00:26.850+0000][168.082s][info][gc,phases   ] GC(57)   Evacuate Collection Set: 11.14ms
[2026-10-07T05:00:26.850+0000][168.082s][info][gc,phases   ] GC(57)   Post Evacuate Collection Set: 1.87ms
[2026-10-07T05:00:26.850+0000][168.082s][info][gc,phases   ] GC(57)   Other: 0.26ms
[2026-10-07T05:00:26.850+0000][168.082s][info][gc,heap     ] GC(57) Eden regions: 13->0(12)
[2026-10-07T05:00:26.850+0000][168.082s][info][gc,heap     ] GC(57) Survivor regions: 2->2(2)
[2026-10-07T05:00:26.850+0000][168.082s][info][gc,heap     ] GC(57) Old regions: 19->20
[2026-10-07T05:00:26.850+0000][168.082s][info][gc,heap     ] GC(57) Humongous regions: 2->2
[2026-10-07T05:00:26.850+0000][168.082s][info][gc,metaspace] GC(57) Metaspace: 73181K(73920K)->73181K(73920K) NonClass: 63817K(64192K)->63817K(64192K) Class: 9364K(9728K)->9364K(9728K)
[2026-10-07T05:00:26.850+0000][168.082s][info][gc          ] GC(57) Pause Young (Prepare Mixed) (G1 Evacuation Pause) 35M->23M(39M) 14.894ms
[2026-10-07T05:00:26.851+0000][168.083s][info][gc,cpu      ] GC(57) User=0.02s Sys=0.00s Real=0.01s
[2026-10-07T05:00:28.570+0000][169.802s][info][gc,start    ] GC(58) Pause Young (Mixed) (G1 Evacuation Pause)
[2026-10-07T05:00:28.570+0000][169.802s][info][gc,task     ] GC(58) Using 2 workers of 2 for evacuation
[2026-10-07T05:00:28.585+0000][169.817s][info][gc,phases   ] GC(58)   Pre Evacuate Collection Set: 0.16ms
[2026-10-07T05:00:28.585+0000][169.817s][info][gc,phases   ] GC(58)   Merge Heap Roots: 0.18ms
[2026-10-07T05:00:28.585+0000][169.817s][info][gc,phases   ] GC(58)   Evacuate Collection Set: 13.52ms
[2026-10-07T05:00:28.585+0000][169.817s][info][gc,phases   ] GC(58)   Post Evacuate Collection Set: 1.13ms
[2026-10-07T05:00:28.585+0000][169.817s][info][gc,phases   ] GC(58)   Other: 0.07ms
[2026-10-07T05:00:28.585+0000][169.817s][info][gc,heap     ] GC(58) Eden regions: 12->0(12)
[2026-10-07T05:00:28.585+0000][169.817s][info][gc,heap     ] GC(58) Survivor regions: 2->1(2)
[2026-10-07T05:00:28.585+0000][169.817s][info][gc,heap     ] GC(58) Old regions: 20->21
[2026-10-07T05:00:28.585+0000][169.817s][info][gc,heap     ] GC(58) Humongous regions: 2->2
[2026-10-07T05:00:28.585+0000][169.817s][info][gc,metaspace] GC(58) Metaspace: 73208K(73984K)->73208K(73984K) NonClass: 63844K(64256K)->63844K(64256K) Class: 9364K(9728K)->9364K(9728K)
[2026-10-07T05:00:28.585+0000][169.818s][info][gc          ] GC(58) Pause Young (Mixed) (G1 Evacuation Pause) 35M->23M(39M) 15.515ms
[2026-10-07T05:00:28.585+0000][169.818s][info][gc,cpu      ] GC(58) User=0.01s Sys=0.01s Real=0.02s
[2026-10-07T05:00:30.480+0000][171.712s][info][gc,start    ] GC(59) Pause Young (Concurrent Start) (G1 Evacuation Pause)
[2026-10-07T05:00:30.480+0000][171.712s][info][gc,task     ] GC(59) Using 2 workers of 2 for evacuation
[2026-10-07T05:00:30.488+0000][171.720s][info][gc,phases   ] GC(59)   Pre Evacuate Collection Set: 0.77ms
[2026-10-07T05:00:30.488+0000][171.720s][info][gc,phases   ] GC(59)   Merge Heap Roots: 0.14ms
[2026-10-07T05:00:30.488+0000][171.720s][info][gc,phases   ] GC(59)   Evacuate Collection Set: 5.56ms
[2026-10-07T05:00:30.488+0000][171.720s][info][gc,phases   ] GC(59)   Post Evacuate Collection Set: 0.75ms
[2026-10-07T05:00:30.488+0000][171.720s][info][gc,phases   ] GC(59)   Other: 0.45ms
[2026-10-07T05:00:30.488+0000][171.720s][info][gc,heap     ] GC(59) Eden regions: 12->0(11)
[2026-10-07T05:00:30.488+0000][171.720s][info][gc,heap     ] GC(59) Survivor regions: 1->2(2)
[2026-10-07T05:00:30.488+0000][171.720s][info][gc,heap     ] GC(59) Old regions: 21->21
[2026-10-07T05:00:30.488+0000][171.720s][info][gc,heap     ] GC(59) Humongous regions: 2->2
[2026-10-07T05:00:30.488+0000][171.720s][info][gc,metaspace] GC(59) Metaspace: 73236K(73984K)->73236K(73984K) NonClass: 63872K(64256K)->63872K(64256K) Class: 9364K(9728K)->9364K(9728K)
[2026-10-07T05:00:30.488+0000][171.720s][info][gc          ] GC(59) Pause Young (Concurrent Start) (G1 Evacuation Pause) 35M->24M(39M) 7.879ms
[2026-10-07T05:00:30.488+0000][171.720s][info][gc          ] GC(60) Concurrent Mark Cycle
[2026-10-07T05:00:30.488+0000][171.720s][info][gc,marking  ] GC(60) Concurrent Scan Root Regions
[2026-10-07T05:00:30.488+0000][171.720s][info][gc,cpu      ] GC(59) User=0.01s Sys=0.00s Real=0.01s
[2026-10-07T05:00:30.503+0000][171.735s][info][gc,marking  ] GC(60) Concurrent Scan Root Regions 15.402ms
[2026-10-07T05:00:30.503+0000][171.736s][info][gc,marking  ] GC(60) Concurrent Mark
[2026-10-07T05:00:30.503+0000][171.736s][info][gc,marking  ] GC(60) Concurrent Mark From Roots
[2026-10-07T05:00:30.503+0000][171.736s][info][gc,task     ] GC(60) Using 1 workers of 1 for marking
[2026-10-07T05:00:30.593+0000][171.825s][info][gc,marking  ] GC(60) Concurrent Mark From Roots 89.248ms
[2026-10-07T05:00:30.593+0000][171.825s][info][gc,marking  ] GC(60) Concurrent Preclean
[2026-10-07T05:00:30.593+0000][171.825s][info][gc,marking  ] GC(60) Concurrent Preclean 0.206ms
[2026-10-07T05:00:30.594+0000][171.826s][info][gc,start    ] GC(60) Pause Remark
[2026-10-07T05:00:30.626+0000][171.858s][info][gc          ] GC(60) Pause Remark 24M->24M(42M) 32.514ms
[2026-10-07T05:00:30.626+0000][171.858s][info][gc,cpu      ] GC(60) User=0.05s Sys=0.00s Real=0.03s
[2026-10-07T05:00:30.632+0000][171.864s][info][gc,marking  ] GC(60) Concurrent Mark 128.371ms
[2026-10-07T05:00:30.632+0000][171.864s][info][gc,marking  ] GC(60) Concurrent Rebuild Remembered Sets and Scrub Regions
[2026-10-07T05:00:30.703+0000][171.935s][info][gc,marking  ] GC(60) Concurrent Rebuild Remembered Sets and Scrub Regions 71.335ms
[2026-10-07T05:00:30.708+0000][171.940s][info][gc,start    ] GC(60) Pause Cleanup
[2026-10-07T05:00:30.708+0000][171.940s][info][gc          ] GC(60) Pause Cleanup 25M->25M(42M) 0.404ms
[2026-10-07T05:00:30.708+0000][171.940s][info][gc,cpu      ] GC(60) User=0.00s Sys=0.00s Real=0.00s
[2026-10-07T05:00:30.709+0000][171.942s][info][gc,marking  ] GC(60) Concurrent Clear Claimed Marks
[2026-10-07T05:00:30.710+0000][171.942s][info][gc,marking  ] GC(60) Concurrent Clear Claimed Marks 0.597ms
[2026-10-07T05:00:30.710+0000][171.942s][info][gc,marking  ] GC(60) Concurrent Cleanup for Next Mark
[2026-10-07T05:00:30.711+0000][171.943s][info][gc,marking  ] GC(60) Concurrent Cleanup for Next Mark 0.827ms
[2026-10-07T05:00:30.711+0000][171.943s][info][gc          ] GC(60) Concurrent Mark Cycle 223.093ms
[2026-10-07T05:00:32.422+0000][173.654s][info][gc,start    ] GC(61) Pause Young (Prepare Mixed) (G1 Evacuation Pause)
[2026-10-07T05:00:32.422+0000][173.655s][info][gc,task     ] GC(61) Using 2 workers of 2 for evacuation
[2026-10-07T05:00:32.433+0000][173.665s][info][gc,phases   ] GC(61)   Pre Evacuate Collection Set: 0.98ms
[2026-10-07T05:00:32.433+0000][173.666s][info][gc,phases   ] GC(61)   Merge Heap Roots: 0.11ms
[2026-10-07T05:00:32.433+0000][173.666s][info][gc,phases   ] GC(61)   Evacuate Collection Set: 8.70ms
[2026-10-07T05:00:32.433+0000][173.666s][info][gc,phases   ] GC(61)   Post Evacuate Collection Set: 0.83ms
[2026-10-07T05:00:32.433+0000][173.666s][info][gc,phases   ] GC(61)   Other: 0.71ms
[2026-10-07T05:00:32.433+0000][173.666s][info][gc,heap     ] GC(61) Eden regions: 11->0(14)
[2026-10-07T05:00:32.433+0000][173.666s][info][gc,heap     ] GC(61) Survivor regions: 2->1(2)
[2026-10-07T05:00:32.433+0000][173.666s][info][gc,heap     ] GC(61) Old regions: 21->22
[2026-10-07T05:00:32.433+0000][173.666s][info][gc,heap     ] GC(61) Humongous regions: 2->2
[2026-10-07T05:00:32.433+0000][173.666s][info][gc,metaspace] GC(61) Metaspace: 73284K(74048K)->73284K(74048K) NonClass: 63923K(64320K)->63923K(64320K) Class: 9361K(9728K)->9361K(9728K)
[2026-10-07T05:00:32.434+0000][173.666s][info][gc          ] GC(61) Pause Young (Prepare Mixed) (G1 Evacuation Pause) 35M->24M(42M) 11.726ms
[2026-10-07T05:00:32.434+0000][173.667s][info][gc,cpu      ] GC(61) User=0.02s Sys=0.01s Real=0.02s
[2026-10-07T05:00:35.148+0000][176.381s][info][gc,start    ] GC(62) Pause Young (Mixed) (G1 Evacuation Pause)
[2026-10-07T05:00:35.148+0000][176.381s][info][gc,task     ] GC(62) Using 2 workers of 2 for evacuation
[2026-10-07T05:00:35.165+0000][176.397s][info][gc,phases   ] GC(62)   Pre Evacuate Collection Set: 0.18ms
[2026-10-07T05:00:35.165+0000][176.397s][info][gc,phases   ] GC(62)   Merge Heap Roots: 0.97ms
[2026-10-07T05:00:35.165+0000][176.397s][info][gc,phases   ] GC(62)   Evacuate Collection Set: 13.60ms
[2026-10-07T05:00:35.165+0000][176.397s][info][gc,phases   ] GC(62)   Post Evacuate Collection Set: 1.39ms
[2026-10-07T05:00:35.165+0000][176.397s][info][gc,phases   ] GC(62)   Other: 0.07ms
[2026-10-07T05:00:35.165+0000][176.397s][info][gc,heap     ] GC(62) Eden regions: 14->0(13)
[2026-10-07T05:00:35.165+0000][176.397s][info][gc,heap     ] GC(62) Survivor regions: 1->2(2)
[2026-10-07T05:00:35.165+0000][176.397s][info][gc,heap     ] GC(62) Old regions: 22->22
[2026-10-07T05:00:35.165+0000][176.397s][info][gc,heap     ] GC(62) Humongous regions: 2->2
[2026-10-07T05:00:35.165+0000][176.397s][info][gc,metaspace] GC(62) Metaspace: 73346K(74112K)->73346K(74112K) NonClass: 63984K(64384K)->63984K(64384K) Class: 9361K(9728K)->9361K(9728K)
[2026-10-07T05:00:35.165+0000][176.397s][info][gc          ] GC(62) Pause Young (Mixed) (G1 Evacuation Pause) 38M->24M(42M) 16.443ms
[2026-10-07T05:00:35.165+0000][176.397s][info][gc,cpu      ] GC(62) User=0.02s Sys=0.00s Real=0.02s
[2026-10-07T05:00:37.627+0000][178.859s][info][gc,start    ] GC(63) Pause Young (Concurrent Start) (G1 Evacuation Pause)
[2026-10-07T05:00:37.627+0000][178.859s][info][gc,task     ] GC(63) Using 2 workers of 2 for evacuation
[2026-10-07T05:00:37.634+0000][178.867s][info][gc,phases   ] GC(63)   Pre Evacuate Collection Set: 0.24ms
[2026-10-07T05:00:37.635+0000][178.867s][info][gc,phases   ] GC(63)   Merge Heap Roots: 0.07ms
[2026-10-07T05:00:37.635+0000][178.867s][info][gc,phases   ] GC(63)   Evacuate Collection Set: 6.48ms
[2026-10-07T05:00:37.635+0000][178.867s][info][gc,phases   ] GC(63)   Post Evacuate Collection Set: 0.67ms
[2026-10-07T05:00:37.635+0000][178.867s][info][gc,phases   ] GC(63)   Other: 0.12ms
[2026-10-07T05:00:37.635+0000][178.867s][info][gc,heap     ] GC(63) Eden regions: 13->0(14)
[2026-10-07T05:00:37.635+0000][178.867s][info][gc,heap     ] GC(63) Survivor regions: 2->1(2)
[2026-10-07T05:00:37.635+0000][178.867s][info][gc,heap     ] GC(63) Old regions: 22->22
[2026-10-07T05:00:37.635+0000][178.867s][info][gc,heap     ] GC(63) Humongous regions: 2->2
[2026-10-07T05:00:37.635+0000][178.867s][info][gc,metaspace] GC(63) Metaspace: 73361K(74176K)->73361K(74176K) NonClass: 63999K(64448K)->63999K(64448K) Class: 9362K(9728K)->9362K(9728K)
[2026-10-07T05:00:37.635+0000][178.867s][info][gc          ] GC(63) Pause Young (Concurrent Start) (G1 Evacuation Pause) 37M->24M(42M) 7.811ms
[2026-10-07T05:00:37.635+0000][178.867s][info][gc,cpu      ] GC(63) User=0.01s Sys=0.00s Real=0.01s
[2026-10-07T05:00:37.635+0000][178.867s][info][gc          ] GC(64) Concurrent Mark Cycle
[2026-10-07T05:00:37.635+0000][178.867s][info][gc,marking  ] GC(64) Concurrent Scan Root Regions
[2026-10-07T05:00:37.648+0000][178.880s][info][gc,marking  ] GC(64) Concurrent Scan Root Regions 12.598ms
[2026-10-07T05:00:37.648+0000][178.880s][info][gc,marking  ] GC(64) Concurrent Mark
[2026-10-07T05:00:37.648+0000][178.880s][info][gc,marking  ] GC(64) Concurrent Mark From Roots
[2026-10-07T05:00:37.648+0000][178.880s][info][gc,task     ] GC(64) Using 1 workers of 1 for marking
[2026-10-07T05:00:37.717+0000][178.949s][info][gc,marking  ] GC(64) Concurrent Mark From Roots 68.965ms
[2026-10-07T05:00:37.717+0000][178.949s][info][gc,marking  ] GC(64) Concurrent Preclean
[2026-10-07T05:00:37.717+0000][178.949s][info][gc,marking  ] GC(64) Concurrent Preclean 0.353ms
[2026-10-07T05:00:37.718+0000][178.950s][info][gc,start    ] GC(64) Pause Remark
[2026-10-07T05:00:37.743+0000][178.975s][info][gc          ] GC(64) Pause Remark 25M->25M(42M) 24.645ms
[2026-10-07T05:00:37.743+0000][178.975s][info][gc,cpu      ] GC(64) User=0.03s Sys=0.00s Real=0.02s
[2026-10-07T05:00:37.743+0000][178.975s][info][gc,marking  ] GC(64) Concurrent Mark 95.311ms
[2026-10-07T05:00:37.743+0000][178.975s][info][gc,marking  ] GC(64) Concurrent Rebuild Remembered Sets and Scrub Regions
[2026-10-07T05:00:37.788+0000][179.020s][info][gc,marking  ] GC(64) Concurrent Rebuild Remembered Sets and Scrub Regions 44.794ms
[2026-10-07T05:00:37.788+0000][179.020s][info][gc,start    ] GC(64) Pause Cleanup
[2026-10-07T05:00:37.789+0000][179.021s][info][gc          ] GC(64) Pause Cleanup 25M->25M(42M) 0.789ms
[2026-10-07T05:00:37.789+0000][179.021s][info][gc,cpu      ] GC(64) User=0.00s Sys=0.00s Real=0.00s
[2026-10-07T05:00:37.790+0000][179.022s][info][gc,marking  ] GC(64) Concurrent Clear Claimed Marks
[2026-10-07T05:00:37.790+0000][179.022s][info][gc,marking  ] GC(64) Concurrent Clear Claimed Marks 0.225ms
[2026-10-07T05:00:37.790+0000][179.022s][info][gc,marking  ] GC(64) Concurrent Cleanup for Next Mark
[2026-10-07T05:00:37.792+0000][179.024s][info][gc,marking  ] GC(64) Concurrent Cleanup for Next Mark 1.682ms
[2026-10-07T05:00:37.792+0000][179.024s][info][gc          ] GC(64) Concurrent Mark Cycle 156.959ms
[2026-10-07T05:00:40.266+0000][181.498s][info][gc,start    ] GC(65) Pause Young (Prepare Mixed) (G1 Evacuation Pause)
[2026-10-07T05:00:40.266+0000][181.498s][info][gc,task     ] GC(65) Using 2 workers of 2 for evacuation
[2026-10-07T05:00:40.273+0000][181.505s][info][gc,phases   ] GC(65)   Pre Evacuate Collection Set: 0.90ms
[2026-10-07T05:00:40.273+0000][181.506s][info][gc,phases   ] GC(65)   Merge Heap Roots: 0.15ms
[2026-10-07T05:00:40.273+0000][181.506s][info][gc,phases   ] GC(65)   Evacuate Collection Set: 4.27ms
[2026-10-07T05:00:40.273+0000][181.506s][info][gc,phases   ] GC(65)   Post Evacuate Collection Set: 1.04ms
[2026-10-07T05:00:40.273+0000][181.506s][info][gc,phases   ] GC(65)   Other: 1.20ms
[2026-10-07T05:00:40.273+0000][181.506s][info][gc,heap     ] GC(65) Eden regions: 14->0(13)
[2026-10-07T05:00:40.273+0000][181.506s][info][gc,heap     ] GC(65) Survivor regions: 1->2(2)
[2026-10-07T05:00:40.273+0000][181.506s][info][gc,heap     ] GC(65) Old regions: 22->22
[2026-10-07T05:00:40.273+0000][181.506s][info][gc,heap     ] GC(65) Humongous regions: 2->2
[2026-10-07T05:00:40.274+0000][181.506s][info][gc,metaspace] GC(65) Metaspace: 73381K(74176K)->73381K(74176K) NonClass: 64019K(64448K)->64019K(64448K) Class: 9362K(9728K)->9362K(9728K)
[2026-10-07T05:00:40.274+0000][181.506s][info][gc          ] GC(65) Pause Young (Prepare Mixed) (G1 Evacuation Pause) 38M->24M(42M) 8.317ms
[2026-10-07T05:00:40.274+0000][181.506s][info][gc,cpu      ] GC(65) User=0.01s Sys=0.00s Real=0.01s
[2026-10-07T05:00:42.668+0000][183.900s][info][gc,start    ] GC(66) Pause Young (Mixed) (G1 Evacuation Pause)
[2026-10-07T05:00:42.668+0000][183.900s][info][gc,task     ] GC(66) Using 2 workers of 2 for evacuation
[2026-10-07T05:00:42.679+0000][183.911s][info][gc,phases   ] GC(66)   Pre Evacuate Collection Set: 0.27ms
[2026-10-07T05:00:42.679+0000][183.911s][info][gc,phases   ] GC(66)   Merge Heap Roots: 0.49ms
[2026-10-07T05:00:42.679+0000][183.911s][info][gc,phases   ] GC(66)   Evacuate Collection Set: 9.28ms
[2026-10-07T05:00:42.679+0000][183.911s][info][gc,phases   ] GC(66)   Post Evacuate Collection Set: 0.74ms
[2026-10-07T05:00:42.679+0000][183.911s][info][gc,phases   ] GC(66)   Other: 0.22ms
[2026-10-07T05:00:42.679+0000][183.911s][info][gc,heap     ] GC(66) Eden regions: 13->0(14)
[2026-10-07T05:00:42.679+0000][183.911s][info][gc,heap     ] GC(66) Survivor regions: 2->1(2)
[2026-10-07T05:00:42.679+0000][183.911s][info][gc,heap     ] GC(66) Old regions: 22->22
[2026-10-07T05:00:42.679+0000][183.911s][info][gc,heap     ] GC(66) Humongous regions: 2->2
[2026-10-07T05:00:42.679+0000][183.911s][info][gc,metaspace] GC(66) Metaspace: 73406K(74176K)->73406K(74176K) NonClass: 64044K(64448K)->64044K(64448K) Class: 9362K(9728K)->9362K(9728K)
[2026-10-07T05:00:42.679+0000][183.911s][info][gc          ] GC(66) Pause Young (Mixed) (G1 Evacuation Pause) 37M->24M(42M) 11.448ms
[2026-10-07T05:00:42.679+0000][183.911s][info][gc,cpu      ] GC(66) User=0.01s Sys=0.01s Real=0.01s
[2026-10-07T05:00:45.236+0000][186.469s][info][gc,start    ] GC(67) Pause Young (Concurrent Start) (G1 Evacuation Pause)
[2026-10-07T05:00:45.236+0000][186.469s][info][gc,task     ] GC(67) Using 2 workers of 2 for evacuation
[2026-10-07T05:00:45.246+0000][186.478s][info][gc,phases   ] GC(67)   Pre Evacuate Collection Set: 0.43ms
[2026-10-07T05:00:45.246+0000][186.478s][info][gc,phases   ] GC(67)   Merge Heap Roots: 0.11ms
[2026-10-07T05:00:45.246+0000][186.478s][info][gc,phases   ] GC(67)   Evacuate Collection Set: 7.80ms
[2026-10-07T05:00:45.246+0000][186.478s][info][gc,phases   ] GC(67)   Post Evacuate Collection Set: 0.70ms
[2026-10-07T05:00:45.246+0000][186.478s][info][gc,phases   ] GC(67)   Other: 0.23ms
[2026-10-07T05:00:45.246+0000][186.478s][info][gc,heap     ] GC(67) Eden regions: 14->0(14)
[2026-10-07T05:00:45.246+0000][186.478s][info][gc,heap     ] GC(67) Survivor regions: 1->1(2)
[2026-10-07T05:00:45.246+0000][186.478s][info][gc,heap     ] GC(67) Old regions: 22->22
[2026-10-07T05:00:45.246+0000][186.478s][info][gc,heap     ] GC(67) Humongous regions: 2->2
[2026-10-07T05:00:45.246+0000][186.478s][info][gc,metaspace] GC(67) Metaspace: 73425K(74240K)->73425K(74240K) NonClass: 64062K(64512K)->64062K(64512K) Class: 9362K(9728K)->9362K(9728K)
[2026-10-07T05:00:45.246+0000][186.478s][info][gc          ] GC(67) Pause Young (Concurrent Start) (G1 Evacuation Pause) 38M->24M(42M) 9.615ms
[2026-10-07T05:00:45.246+0000][186.478s][info][gc          ] GC(68) Concurrent Mark Cycle
[2026-10-07T05:00:45.246+0000][186.478s][info][gc,marking  ] GC(68) Concurrent Scan Root Regions
[2026-10-07T05:00:45.246+0000][186.478s][info][gc,cpu      ] GC(67) User=0.00s Sys=0.00s Real=0.01s
[2026-10-07T05:00:45.260+0000][186.492s][info][gc,marking  ] GC(68) Concurrent Scan Root Regions 13.699ms
[2026-10-07T05:00:45.260+0000][186.492s][info][gc,marking  ] GC(68) Concurrent Mark
[2026-10-07T05:00:45.260+0000][186.492s][info][gc,marking  ] GC(68) Concurrent Mark From Roots
[2026-10-07T05:00:45.260+0000][186.492s][info][gc,task     ] GC(68) Using 1 workers of 1 for marking
[2026-10-07T05:00:45.343+0000][186.575s][info][gc,marking  ] GC(68) Concurrent Mark From Roots 82.829ms
[2026-10-07T05:00:45.343+0000][186.575s][info][gc,marking  ] GC(68) Concurrent Preclean
[2026-10-07T05:00:45.343+0000][186.575s][info][gc,marking  ] GC(68) Concurrent Preclean 0.193ms
[2026-10-07T05:00:45.343+0000][186.575s][info][gc,start    ] GC(68) Pause Remark
[2026-10-07T05:00:45.371+0000][186.603s][info][gc          ] GC(68) Pause Remark 25M->25M(42M) 27.663ms
[2026-10-07T05:00:45.371+0000][186.603s][info][gc,cpu      ] GC(68) User=0.04s Sys=0.00s Real=0.03s
[2026-10-07T05:00:45.375+0000][186.607s][info][gc,marking  ] GC(68) Concurrent Mark 114.869ms
[2026-10-07T05:00:45.375+0000][186.607s][info][gc,marking  ] GC(68) Concurrent Rebuild Remembered Sets and Scrub Regions
[2026-10-07T05:00:45.417+0000][186.650s][info][gc,marking  ] GC(68) Concurrent Rebuild Remembered Sets and Scrub Regions 42.623ms
[2026-10-07T05:00:45.417+0000][186.650s][info][gc,start    ] GC(68) Pause Cleanup
[2026-10-07T05:00:45.418+0000][186.651s][info][gc          ] GC(68) Pause Cleanup 25M->25M(42M) 0.806ms
[2026-10-07T05:00:45.418+0000][186.651s][info][gc,cpu      ] GC(68) User=0.00s Sys=0.00s Real=0.00s
[2026-10-07T05:00:45.420+0000][186.652s][info][gc,marking  ] GC(68) Concurrent Clear Claimed Marks
[2026-10-07T05:00:45.420+0000][186.652s][info][gc,marking  ] GC(68) Concurrent Clear Claimed Marks 0.138ms
[2026-10-07T05:00:45.420+0000][186.652s][info][gc,marking  ] GC(68) Concurrent Cleanup for Next Mark
[2026-10-07T05:00:45.424+0000][186.656s][info][gc,marking  ] GC(68) Concurrent Cleanup for Next Mark 3.950ms
[2026-10-07T05:00:45.424+0000][186.656s][info][gc          ] GC(68) Concurrent Mark Cycle 177.733ms
[2026-10-07T05:00:47.897+0000][189.129s][info][gc,start    ] GC(69) Pause Young (Prepare Mixed) (G1 Evacuation Pause)
[2026-10-07T05:00:47.897+0000][189.129s][info][gc,task     ] GC(69) Using 2 workers of 2 for evacuation
[2026-10-07T05:00:47.905+0000][189.137s][info][gc,phases   ] GC(69)   Pre Evacuate Collection Set: 0.27ms
[2026-10-07T05:00:47.905+0000][189.137s][info][gc,phases   ] GC(69)   Merge Heap Roots: 1.01ms
[2026-10-07T05:00:47.905+0000][189.137s][info][gc,phases   ] GC(69)   Evacuate Collection Set: 6.29ms
[2026-10-07T05:00:47.905+0000][189.137s][info][gc,phases   ] GC(69)   Post Evacuate Collection Set: 0.75ms
[2026-10-07T05:00:47.905+0000][189.137s][info][gc,phases   ] GC(69)   Other: 0.08ms
[2026-10-07T05:00:47.905+0000][189.138s][info][gc,heap     ] GC(69) Eden regions: 14->0(13)
[2026-10-07T05:00:47.905+0000][189.138s][info][gc,heap     ] GC(69) Survivor regions: 1->2(2)
[2026-10-07T05:00:47.905+0000][189.138s][info][gc,heap     ] GC(69) Old regions: 22->22
[2026-10-07T05:00:47.905+0000][189.138s][info][gc,heap     ] GC(69) Humongous regions: 2->2
[2026-10-07T05:00:47.905+0000][189.138s][info][gc,metaspace] GC(69) Metaspace: 73508K(74304K)->73508K(74304K) NonClass: 64145K(64576K)->64145K(64576K) Class: 9362K(9728K)->9362K(9728K)
[2026-10-07T05:00:47.906+0000][189.138s][info][gc          ] GC(69) Pause Young (Prepare Mixed) (G1 Evacuation Pause) 38M->24M(42M) 8.938ms
[2026-10-07T05:00:47.906+0000][189.138s][info][gc,cpu      ] GC(69) User=0.00s Sys=0.00s Real=0.01s
[2026-10-07T05:00:50.098+0000][191.330s][info][gc,start    ] GC(70) Pause Young (Mixed) (G1 Evacuation Pause)
[2026-10-07T05:00:50.098+0000][191.330s][info][gc,task     ] GC(70) Using 2 workers of 2 for evacuation
[2026-10-07T05:00:50.110+0000][191.343s][info][gc,phases   ] GC(70)   Pre Evacuate Collection Set: 0.33ms
[2026-10-07T05:00:50.110+0000][191.343s][info][gc,phases   ] GC(70)   Merge Heap Roots: 0.11ms
[2026-10-07T05:00:50.110+0000][191.343s][info][gc,phases   ] GC(70)   Evacuate Collection Set: 10.79ms
[2026-10-07T05:00:50.110+0000][191.343s][info][gc,phases   ] GC(70)   Post Evacuate Collection Set: 1.12ms
[2026-10-07T05:00:50.110+0000][191.343s][info][gc,phases   ] GC(70)   Other: 0.20ms
[2026-10-07T05:00:50.110+0000][191.343s][info][gc,heap     ] GC(70) Eden regions: 13->0(14)
[2026-10-07T05:00:50.110+0000][191.343s][info][gc,heap     ] GC(70) Survivor regions: 2->1(2)
[2026-10-07T05:00:50.110+0000][191.343s][info][gc,heap     ] GC(70) Old regions: 22->22
[2026-10-07T05:00:50.110+0000][191.343s][info][gc,heap     ] GC(70) Humongous regions: 2->2
[2026-10-07T05:00:50.110+0000][191.343s][info][gc,metaspace] GC(70) Metaspace: 73513K(74304K)->73513K(74304K) NonClass: 64151K(64576K)->64151K(64576K) Class: 9362K(9728K)->9362K(9728K)
[2026-10-07T05:00:50.110+0000][191.343s][info][gc          ] GC(70) Pause Young (Mixed) (G1 Evacuation Pause) 37M->24M(42M) 12.874ms
[2026-10-07T05:00:50.111+0000][191.343s][info][gc,cpu      ] GC(70) User=0.02s Sys=0.00s Real=0.01s
[2026-10-07T05:00:52.747+0000][193.979s][info][gc,start    ] GC(71) Pause Young (Concurrent Start) (G1 Evacuation Pause)
[2026-10-07T05:00:52.747+0000][193.979s][info][gc,task     ] GC(71) Using 2 workers of 2 for evacuation
[2026-10-07T05:00:52.754+0000][193.986s][info][gc,phases   ] GC(71)   Pre Evacuate Collection Set: 0.46ms
[2026-10-07T05:00:52.754+0000][193.986s][info][gc,phases   ] GC(71)   Merge Heap Roots: 0.51ms
[2026-10-07T05:00:52.754+0000][193.986s][info][gc,phases   ] GC(71)   Evacuate Collection Set: 4.74ms
[2026-10-07T05:00:52.754+0000][193.986s][info][gc,phases   ] GC(71)   Post Evacuate Collection Set: 0.74ms
[2026-10-07T05:00:52.754+0000][193.986s][info][gc,phases   ] GC(71)   Other: 0.13ms
[2026-10-07T05:00:52.754+0000][193.986s][info][gc,heap     ] GC(71) Eden regions: 14->0(13)
[2026-10-07T05:00:52.754+0000][193.986s][info][gc,heap     ] GC(71) Survivor regions: 1->2(2)
[2026-10-07T05:00:52.754+0000][193.986s][info][gc,heap     ] GC(71) Old regions: 22->22
[2026-10-07T05:00:52.754+0000][193.986s][info][gc,heap     ] GC(71) Humongous regions: 2->2
[2026-10-07T05:00:52.754+0000][193.986s][info][gc,metaspace] GC(71) Metaspace: 73526K(74304K)->73526K(74304K) NonClass: 64164K(64576K)->64164K(64576K) Class: 9362K(9728K)->9362K(9728K)
[2026-10-07T05:00:52.754+0000][193.986s][info][gc          ] GC(71) Pause Young (Concurrent Start) (G1 Evacuation Pause) 38M->24M(42M) 6.953ms
[2026-10-07T05:00:52.754+0000][193.986s][info][gc          ] GC(72) Concurrent Mark Cycle
[2026-10-07T05:00:52.754+0000][193.986s][info][gc,marking  ] GC(72) Concurrent Scan Root Regions
[2026-10-07T05:00:52.754+0000][193.986s][info][gc,cpu      ] GC(71) User=0.01s Sys=0.00s Real=0.01s
[2026-10-07T05:00:52.762+0000][193.994s][info][gc,marking  ] GC(72) Concurrent Scan Root Regions 7.631ms
[2026-10-07T05:00:52.762+0000][193.994s][info][gc,marking  ] GC(72) Concurrent Mark
[2026-10-07T05:00:52.762+0000][193.994s][info][gc,marking  ] GC(72) Concurrent Mark From Roots
[2026-10-07T05:00:52.762+0000][193.994s][info][gc,task     ] GC(72) Using 1 workers of 1 for marking
[2026-10-07T05:00:52.842+0000][194.074s][info][gc,marking  ] GC(72) Concurrent Mark From Roots 80.106ms
[2026-10-07T05:00:52.842+0000][194.074s][info][gc,marking  ] GC(72) Concurrent Preclean
[2026-10-07T05:00:52.845+0000][194.077s][info][gc,marking  ] GC(72) Concurrent Preclean 2.705ms
[2026-10-07T05:00:52.845+0000][194.077s][info][gc,start    ] GC(72) Pause Remark
[2026-10-07T05:00:52.902+0000][194.134s][info][gc          ] GC(72) Pause Remark 25M->25M(44M) 57.128ms
[2026-10-07T05:00:52.902+0000][194.134s][info][gc,cpu      ] GC(72) User=0.04s Sys=0.01s Real=0.05s
[2026-10-07T05:00:52.904+0000][194.136s][info][gc,marking  ] GC(72) Concurrent Mark 141.848ms
[2026-10-07T05:00:52.904+0000][194.136s][info][gc,marking  ] GC(72) Concurrent Rebuild Remembered Sets and Scrub Regions
[2026-10-07T05:00:52.948+0000][194.180s][info][gc,marking  ] GC(72) Concurrent Rebuild Remembered Sets and Scrub Regions 43.977ms
[2026-10-07T05:00:52.948+0000][194.180s][info][gc,start    ] GC(72) Pause Cleanup
[2026-10-07T05:00:52.949+0000][194.181s][info][gc          ] GC(72) Pause Cleanup 25M->25M(44M) 1.119ms
[2026-10-07T05:00:52.949+0000][194.181s][info][gc,cpu      ] GC(72) User=0.00s Sys=0.00s Real=0.00s
[2026-10-07T05:00:52.949+0000][194.182s][info][gc,marking  ] GC(72) Concurrent Clear Claimed Marks
[2026-10-07T05:00:52.949+0000][194.182s][info][gc,marking  ] GC(72) Concurrent Clear Claimed Marks 0.151ms
[2026-10-07T05:00:52.949+0000][194.182s][info][gc,marking  ] GC(72) Concurrent Cleanup for Next Mark
[2026-10-07T05:00:52.950+0000][194.182s][info][gc,marking  ] GC(72) Concurrent Cleanup for Next Mark 0.345ms
[2026-10-07T05:00:52.950+0000][194.182s][info][gc          ] GC(72) Concurrent Mark Cycle 195.878ms
[2026-10-07T05:00:55.022+0000][196.254s][info][gc,start    ] GC(73) Pause Young (Prepare Mixed) (G1 Evacuation Pause)
[2026-10-07T05:00:55.022+0000][196.254s][info][gc,task     ] GC(73) Using 2 workers of 2 for evacuation
[2026-10-07T05:00:55.028+0000][196.261s][info][gc,phases   ] GC(73)   Pre Evacuate Collection Set: 1.77ms
[2026-10-07T05:00:55.028+0000][196.261s][info][gc,phases   ] GC(73)   Merge Heap Roots: 0.27ms
[2026-10-07T05:00:55.028+0000][196.261s][info][gc,phases   ] GC(73)   Evacuate Collection Set: 3.85ms
[2026-10-07T05:00:55.028+0000][196.261s][info][gc,phases   ] GC(73)   Post Evacuate Collection Set: 0.69ms
[2026-10-07T05:00:55.028+0000][196.261s][info][gc,phases   ] GC(73)   Other: 0.13ms
[2026-10-07T05:00:55.028+0000][196.261s][info][gc,heap     ] GC(73) Eden regions: 13->0(16)
[2026-10-07T05:00:55.029+0000][196.261s][info][gc,heap     ] GC(73) Survivor regions: 2->1(2)
[2026-10-07T05:00:55.029+0000][196.261s][info][gc,heap     ] GC(73) Old regions: 22->22
[2026-10-07T05:00:55.029+0000][196.261s][info][gc,heap     ] GC(73) Humongous regions: 2->2
[2026-10-07T05:00:55.029+0000][196.261s][info][gc,metaspace] GC(73) Metaspace: 73619K(74368K)->73619K(74368K) NonClass: 64257K(64640K)->64257K(64640K) Class: 9362K(9728K)->9362K(9728K)
[2026-10-07T05:00:55.029+0000][196.261s][info][gc          ] GC(73) Pause Young (Prepare Mixed) (G1 Evacuation Pause) 37M->24M(44M) 7.055ms
[2026-10-07T05:00:55.029+0000][196.261s][info][gc,cpu      ] GC(73) User=0.01s Sys=0.00s Real=0.01s
[2026-10-07T05:00:58.113+0000][199.345s][info][gc,start    ] GC(74) Pause Young (Mixed) (G1 Evacuation Pause)
[2026-10-07T05:00:58.113+0000][199.345s][info][gc,task     ] GC(74) Using 2 workers of 2 for evacuation
[2026-10-07T05:00:58.149+0000][199.381s][info][gc,phases   ] GC(74)   Pre Evacuate Collection Set: 0.41ms
[2026-10-07T05:00:58.150+0000][199.382s][info][gc,phases   ] GC(74)   Merge Heap Roots: 0.65ms
[2026-10-07T05:00:58.150+0000][199.382s][info][gc,phases   ] GC(74)   Evacuate Collection Set: 29.66ms
[2026-10-07T05:00:58.150+0000][199.382s][info][gc,phases   ] GC(74)   Post Evacuate Collection Set: 4.21ms
[2026-10-07T05:00:58.150+0000][199.383s][info][gc,phases   ] GC(74)   Other: 0.96ms
[2026-10-07T05:00:58.152+0000][199.384s][info][gc,heap     ] GC(74) Eden regions: 16->0(15)
[2026-10-07T05:00:58.152+0000][199.384s][info][gc,heap     ] GC(74) Survivor regions: 1->2(3)
[2026-10-07T05:00:58.152+0000][199.384s][info][gc,heap     ] GC(74) Old regions: 22->22
[2026-10-07T05:00:58.152+0000][199.384s][info][gc,heap     ] GC(74) Humongous regions: 2->2
[2026-10-07T05:00:58.152+0000][199.384s][info][gc,metaspace] GC(74) Metaspace: 73628K(74368K)->73628K(74368K) NonClass: 64265K(64640K)->64265K(64640K) Class: 9362K(9728K)->9362K(9728K)
[2026-10-07T05:00:58.152+0000][199.384s][info][gc          ] GC(74) Pause Young (Mixed) (G1 Evacuation Pause) 40M->24M(44M) 38.920ms
[2026-10-07T05:00:58.152+0000][199.384s][info][gc,cpu      ] GC(74) User=0.05s Sys=0.00s Real=0.04s
[2026-10-07T05:01:00.719+0000][201.951s][info][gc,start    ] GC(75) Pause Young (Concurrent Start) (G1 Evacuation Pause)
[2026-10-07T05:01:00.719+0000][201.951s][info][gc,task     ] GC(75) Using 2 workers of 2 for evacuation
[2026-10-07T05:01:00.728+0000][201.960s][info][gc,phases   ] GC(75)   Pre Evacuate Collection Set: 0.80ms
[2026-10-07T05:01:00.728+0000][201.960s][info][gc,phases   ] GC(75)   Merge Heap Roots: 0.17ms
[2026-10-07T05:01:00.728+0000][201.960s][info][gc,phases   ] GC(75)   Evacuate Collection Set: 7.31ms
[2026-10-07T05:01:00.728+0000][201.960s][info][gc,phases   ] GC(75)   Post Evacuate Collection Set: 0.79ms
[2026-10-07T05:01:00.728+0000][201.960s][info][gc,phases   ] GC(75)   Other: 0.12ms
[2026-10-07T05:01:00.728+0000][201.960s][info][gc,heap     ] GC(75) Eden regions: 15->0(15)
[2026-10-07T05:01:00.728+0000][201.960s][info][gc,heap     ] GC(75) Survivor regions: 2->2(3)
[2026-10-07T05:01:00.728+0000][201.960s][info][gc,heap     ] GC(75) Old regions: 22->22
[2026-10-07T05:01:00.728+0000][201.960s][info][gc,heap     ] GC(75) Humongous regions: 2->2
[2026-10-07T05:01:00.728+0000][201.960s][info][gc,metaspace] GC(75) Metaspace: 73677K(74496K)->73677K(74496K) NonClass: 64314K(64768K)->64314K(64768K) Class: 9362K(9728K)->9362K(9728K)
[2026-10-07T05:01:00.729+0000][201.961s][info][gc          ] GC(75) Pause Young (Concurrent Start) (G1 Evacuation Pause) 39M->24M(44M) 9.696ms
[2026-10-07T05:01:00.729+0000][201.961s][info][gc,cpu      ] GC(75) User=0.01s Sys=0.00s Real=0.01s
[2026-10-07T05:01:00.730+0000][201.962s][info][gc          ] GC(76) Concurrent Mark Cycle
[2026-10-07T05:01:00.730+0000][201.962s][info][gc,marking  ] GC(76) Concurrent Scan Root Regions
[2026-10-07T05:01:00.741+0000][201.974s][info][gc,marking  ] GC(76) Concurrent Scan Root Regions 11.740ms
[2026-10-07T05:01:00.742+0000][201.974s][info][gc,marking  ] GC(76) Concurrent Mark
[2026-10-07T05:01:00.742+0000][201.974s][info][gc,marking  ] GC(76) Concurrent Mark From Roots
[2026-10-07T05:01:00.742+0000][201.974s][info][gc,task     ] GC(76) Using 1 workers of 1 for marking
[2026-10-07T05:01:00.859+0000][202.091s][info][gc,marking  ] GC(76) Concurrent Mark From Roots 116.978ms
[2026-10-07T05:01:00.859+0000][202.091s][info][gc,marking  ] GC(76) Concurrent Preclean
[2026-10-07T05:01:00.859+0000][202.091s][info][gc,marking  ] GC(76) Concurrent Preclean 0.500ms
[2026-10-07T05:01:00.860+0000][202.092s][info][gc,start    ] GC(76) Pause Remark
[2026-10-07T05:01:00.885+0000][202.118s][info][gc          ] GC(76) Pause Remark 25M->25M(44M) 25.921ms
[2026-10-07T05:01:00.885+0000][202.118s][info][gc,cpu      ] GC(76) User=0.04s Sys=0.00s Real=0.03s
[2026-10-07T05:01:00.889+0000][202.121s][info][gc,marking  ] GC(76) Concurrent Mark 147.449ms
[2026-10-07T05:01:00.889+0000][202.121s][info][gc,marking  ] GC(76) Concurrent Rebuild Remembered Sets and Scrub Regions
[2026-10-07T05:01:00.952+0000][202.184s][info][gc,marking  ] GC(76) Concurrent Rebuild Remembered Sets and Scrub Regions 63.093ms
[2026-10-07T05:01:00.952+0000][202.185s][info][gc,start    ] GC(76) Pause Cleanup
[2026-10-07T05:01:00.954+0000][202.186s][info][gc          ] GC(76) Pause Cleanup 26M->26M(44M) 1.521ms
[2026-10-07T05:01:00.954+0000][202.186s][info][gc,cpu      ] GC(76) User=0.00s Sys=0.00s Real=0.01s
[2026-10-07T05:01:00.954+0000][202.186s][info][gc,marking  ] GC(76) Concurrent Clear Claimed Marks
[2026-10-07T05:01:00.954+0000][202.186s][info][gc,marking  ] GC(76) Concurrent Clear Claimed Marks 0.132ms
[2026-10-07T05:01:00.954+0000][202.186s][info][gc,marking  ] GC(76) Concurrent Cleanup for Next Mark
[2026-10-07T05:01:00.958+0000][202.190s][info][gc,marking  ] GC(76) Concurrent Cleanup for Next Mark 3.283ms
[2026-10-07T05:01:00.958+0000][202.190s][info][gc          ] GC(76) Concurrent Mark Cycle 227.930ms
[2026-10-07T05:01:03.435+0000][204.667s][info][gc,start    ] GC(77) Pause Young (Prepare Mixed) (G1 Evacuation Pause)
[2026-10-07T05:01:03.435+0000][204.667s][info][gc,task     ] GC(77) Using 2 workers of 2 for evacuation
[2026-10-07T05:01:03.443+0000][204.675s][info][gc,phases   ] GC(77)   Pre Evacuate Collection Set: 0.61ms
[2026-10-07T05:01:03.443+0000][204.675s][info][gc,phases   ] GC(77)   Merge Heap Roots: 0.50ms
[2026-10-07T05:01:03.443+0000][204.675s][info][gc,phases   ] GC(77)   Evacuate Collection Set: 5.49ms
[2026-10-07T05:01:03.443+0000][204.675s][info][gc,phases   ] GC(77)   Post Evacuate Collection Set: 0.77ms
[2026-10-07T05:01:03.443+0000][204.675s][info][gc,phases   ] GC(77)   Other: 0.54ms
[2026-10-07T05:01:03.443+0000][204.675s][info][gc,heap     ] GC(77) Eden regions: 15->0(15)
[2026-10-07T05:01:03.443+0000][204.675s][info][gc,heap     ] GC(77) Survivor regions: 2->2(3)
[2026-10-07T05:01:03.443+0000][204.675s][info][gc,heap     ] GC(77) Old regions: 22->22
[2026-10-07T05:01:03.443+0000][204.675s][info][gc,heap     ] GC(77) Humongous regions: 2->2
[2026-10-07T05:01:03.443+0000][204.675s][info][gc,metaspace] GC(77) Metaspace: 73683K(74496K)->73683K(74496K) NonClass: 64320K(64768K)->64320K(64768K) Class: 9362K(9728K)->9362K(9728K)
[2026-10-07T05:01:03.443+0000][204.675s][info][gc          ] GC(77) Pause Young (Prepare Mixed) (G1 Evacuation Pause) 39M->25M(44M) 8.115ms
[2026-10-07T05:01:03.443+0000][204.676s][info][gc,cpu      ] GC(77) User=0.01s Sys=0.00s Real=0.00s
[2026-10-07T05:01:06.199+0000][207.431s][info][gc,start    ] GC(78) Pause Young (Mixed) (G1 Evacuation Pause)
[2026-10-07T05:01:06.199+0000][207.431s][info][gc,task     ] GC(78) Using 2 workers of 2 for evacuation
[2026-10-07T05:01:06.226+0000][207.458s][info][gc,phases   ] GC(78)   Pre Evacuate Collection Set: 0.55ms
[2026-10-07T05:01:06.226+0000][207.458s][info][gc,phases   ] GC(78)   Merge Heap Roots: 0.25ms
[2026-10-07T05:01:06.226+0000][207.458s][info][gc,phases   ] GC(78)   Evacuate Collection Set: 22.13ms
[2026-10-07T05:01:06.226+0000][207.458s][info][gc,phases   ] GC(78)   Post Evacuate Collection Set: 3.94ms
[2026-10-07T05:01:06.226+0000][207.459s][info][gc,phases   ] GC(78)   Other: 0.08ms
[2026-10-07T05:01:06.226+0000][207.459s][info][gc,heap     ] GC(78) Eden regions: 15->0(15)
[2026-10-07T05:01:06.226+0000][207.459s][info][gc,heap     ] GC(78) Survivor regions: 2->2(3)
[2026-10-07T05:01:06.226+0000][207.459s][info][gc,heap     ] GC(78) Old regions: 22->22
[2026-10-07T05:01:06.226+0000][207.459s][info][gc,heap     ] GC(78) Humongous regions: 2->2
[2026-10-07T05:01:06.226+0000][207.459s][info][gc,metaspace] GC(78) Metaspace: 73686K(74496K)->73686K(74496K) NonClass: 64324K(64768K)->64324K(64768K) Class: 9362K(9728K)->9362K(9728K)
[2026-10-07T05:01:06.226+0000][207.459s][info][gc          ] GC(78) Pause Young (Mixed) (G1 Evacuation Pause) 40M->24M(44M) 27.186ms
[2026-10-07T05:01:06.226+0000][207.459s][info][gc,cpu      ] GC(78) User=0.04s Sys=0.00s Real=0.03s
[2026-10-07T05:01:09.012+0000][210.244s][info][gc,start    ] GC(79) Pause Young (Concurrent Start) (G1 Evacuation Pause)
[2026-10-07T05:01:09.012+0000][210.244s][info][gc,task     ] GC(79) Using 2 workers of 2 for evacuation
[2026-10-07T05:01:09.028+0000][210.260s][info][gc,phases   ] GC(79)   Pre Evacuate Collection Set: 2.01ms
[2026-10-07T05:01:09.028+0000][210.260s][info][gc,phases   ] GC(79)   Merge Heap Roots: 0.11ms
[2026-10-07T05:01:09.028+0000][210.260s][info][gc,phases   ] GC(79)   Evacuate Collection Set: 12.71ms
[2026-10-07T05:01:09.028+0000][210.260s][info][gc,phases   ] GC(79)   Post Evacuate Collection Set: 1.07ms
[2026-10-07T05:01:09.028+0000][210.260s][info][gc,phases   ] GC(79)   Other: 0.16ms
[2026-10-07T05:01:09.028+0000][210.260s][info][gc,heap     ] GC(79) Eden regions: 15->0(15)
[2026-10-07T05:01:09.028+0000][210.260s][info][gc,heap     ] GC(79) Survivor regions: 2->2(3)
[2026-10-07T05:01:09.028+0000][210.260s][info][gc,heap     ] GC(79) Old regions: 22->22
[2026-10-07T05:01:09.028+0000][210.260s][info][gc,heap     ] GC(79) Humongous regions: 2->2
[2026-10-07T05:01:09.028+0000][210.260s][info][gc,metaspace] GC(79) Metaspace: 73689K(74496K)->73689K(74496K) NonClass: 64327K(64768K)->64327K(64768K) Class: 9362K(9728K)->9362K(9728K)
[2026-10-07T05:01:09.028+0000][210.260s][info][gc          ] GC(79) Pause Young (Concurrent Start) (G1 Evacuation Pause) 39M->25M(44M) 16.647ms
[2026-10-07T05:01:09.033+0000][210.265s][info][gc          ] GC(80) Concurrent Mark Cycle
[2026-10-07T05:01:09.033+0000][210.265s][info][gc,marking  ] GC(80) Concurrent Scan Root Regions
[2026-10-07T05:01:09.033+0000][210.265s][info][gc,cpu      ] GC(79) User=0.01s Sys=0.01s Real=0.02s
[2026-10-07T05:01:09.052+0000][210.284s][info][gc,marking  ] GC(80) Concurrent Scan Root Regions 19.011ms
[2026-10-07T05:01:09.052+0000][210.284s][info][gc,marking  ] GC(80) Concurrent Mark
[2026-10-07T05:01:09.052+0000][210.284s][info][gc,marking  ] GC(80) Concurrent Mark From Roots
[2026-10-07T05:01:09.052+0000][210.284s][info][gc,task     ] GC(80) Using 1 workers of 1 for marking
[2026-10-07T05:01:09.152+0000][210.384s][info][gc,marking  ] GC(80) Concurrent Mark From Roots 99.959ms
[2026-10-07T05:01:09.152+0000][210.384s][info][gc,marking  ] GC(80) Concurrent Preclean
[2026-10-07T05:01:09.152+0000][210.385s][info][gc,marking  ] GC(80) Concurrent Preclean 0.230ms
[2026-10-07T05:01:09.153+0000][210.385s][info][gc,start    ] GC(80) Pause Remark
[2026-10-07T05:01:09.177+0000][210.409s][info][gc          ] GC(80) Pause Remark 25M->25M(44M) 24.009ms
[2026-10-07T05:01:09.177+0000][210.410s][info][gc,cpu      ] GC(80) User=0.03s Sys=0.00s Real=0.03s
[2026-10-07T05:01:09.177+0000][210.410s][info][gc,marking  ] GC(80) Concurrent Mark 125.314ms
[2026-10-07T05:01:09.177+0000][210.410s][info][gc,marking  ] GC(80) Concurrent Rebuild Remembered Sets and Scrub Regions
[2026-10-07T05:01:09.227+0000][210.459s][info][gc,marking  ] GC(80) Concurrent Rebuild Remembered Sets and Scrub Regions 49.461ms
[2026-10-07T05:01:09.227+0000][210.459s][info][gc,start    ] GC(80) Pause Cleanup
[2026-10-07T05:01:09.228+0000][210.460s][info][gc          ] GC(80) Pause Cleanup 26M->26M(44M) 0.636ms
[2026-10-07T05:01:09.228+0000][210.460s][info][gc,cpu      ] GC(80) User=0.00s Sys=0.00s Real=0.00s
[2026-10-07T05:01:09.228+0000][210.460s][info][gc,marking  ] GC(80) Concurrent Clear Claimed Marks
[2026-10-07T05:01:09.229+0000][210.461s][info][gc,marking  ] GC(80) Concurrent Clear Claimed Marks 0.449ms
[2026-10-07T05:01:09.229+0000][210.461s][info][gc,marking  ] GC(80) Concurrent Cleanup for Next Mark
[2026-10-07T05:01:09.230+0000][210.462s][info][gc,marking  ] GC(80) Concurrent Cleanup for Next Mark 1.128ms
[2026-10-07T05:01:09.230+0000][210.462s][info][gc          ] GC(80) Concurrent Mark Cycle 197.086ms
[2026-10-07T05:01:11.682+0000][212.914s][info][gc,start    ] GC(81) Pause Young (Prepare Mixed) (G1 Evacuation Pause)
[2026-10-07T05:01:11.682+0000][212.914s][info][gc,task     ] GC(81) Using 2 workers of 2 for evacuation
[2026-10-07T05:01:11.699+0000][212.931s][info][gc,phases   ] GC(81)   Pre Evacuate Collection Set: 0.16ms
[2026-10-07T05:01:11.699+0000][212.931s][info][gc,phases   ] GC(81)   Merge Heap Roots: 0.38ms
[2026-10-07T05:01:11.699+0000][212.931s][info][gc,phases   ] GC(81)   Evacuate Collection Set: 13.81ms
[2026-10-07T05:01:11.699+0000][212.931s][info][gc,phases   ] GC(81)   Post Evacuate Collection Set: 1.13ms
[2026-10-07T05:01:11.699+0000][212.931s][info][gc,phases   ] GC(81)   Other: 1.43ms
[2026-10-07T05:01:11.699+0000][212.931s][info][gc,heap     ] GC(81) Eden regions: 15->0(15)
[2026-10-07T05:01:11.699+0000][212.931s][info][gc,heap     ] GC(81) Survivor regions: 2->2(3)
[2026-10-07T05:01:11.699+0000][212.931s][info][gc,heap     ] GC(81) Old regions: 22->22
[2026-10-07T05:01:11.699+0000][212.931s][info][gc,heap     ] GC(81) Humongous regions: 2->2
[2026-10-07T05:01:11.699+0000][212.931s][info][gc,metaspace] GC(81) Metaspace: 73715K(74496K)->73715K(74496K) NonClass: 64352K(64768K)->64352K(64768K) Class: 9363K(9728K)->9363K(9728K)
[2026-10-07T05:01:11.699+0000][212.931s][info][gc          ] GC(81) Pause Young (Prepare Mixed) (G1 Evacuation Pause) 40M->25M(44M) 17.231ms
[2026-10-07T05:01:11.699+0000][212.931s][info][gc,cpu      ] GC(81) User=0.01s Sys=0.00s Real=0.02s
[2026-10-07T05:01:14.244+0000][215.476s][info][gc,start    ] GC(82) Pause Young (Mixed) (G1 Evacuation Pause)
[2026-10-07T05:01:14.244+0000][215.476s][info][gc,task     ] GC(82) Using 2 workers of 2 for evacuation
[2026-10-07T05:01:14.258+0000][215.490s][info][gc,phases   ] GC(82)   Pre Evacuate Collection Set: 0.72ms
[2026-10-07T05:01:14.258+0000][215.490s][info][gc,phases   ] GC(82)   Merge Heap Roots: 1.40ms
[2026-10-07T05:01:14.258+0000][215.490s][info][gc,phases   ] GC(82)   Evacuate Collection Set: 9.97ms
[2026-10-07T05:01:14.258+0000][215.490s][info][gc,phases   ] GC(82)   Post Evacuate Collection Set: 1.18ms
[2026-10-07T05:01:14.258+0000][215.490s][info][gc,phases   ] GC(82)   Other: 0.21ms
[2026-10-07T05:01:14.258+0000][215.490s][info][gc,heap     ] GC(82) Eden regions: 15->0(15)
[2026-10-07T05:01:14.258+0000][215.490s][info][gc,heap     ] GC(82) Survivor regions: 2->2(3)
[2026-10-07T05:01:14.258+0000][215.490s][info][gc,heap     ] GC(82) Old regions: 22->22
[2026-10-07T05:01:14.258+0000][215.490s][info][gc,heap     ] GC(82) Humongous regions: 2->2
[2026-10-07T05:01:14.258+0000][215.490s][info][gc,metaspace] GC(82) Metaspace: 73776K(74560K)->73776K(74560K) NonClass: 64412K(64832K)->64412K(64832K) Class: 9363K(9728K)->9363K(9728K)
[2026-10-07T05:01:14.258+0000][215.490s][info][gc          ] GC(82) Pause Young (Mixed) (G1 Evacuation Pause) 40M->24M(44M) 13.849ms
[2026-10-07T05:01:14.258+0000][215.490s][info][gc,cpu      ] GC(82) User=0.02s Sys=0.01s Real=0.01s
[2026-10-07T05:01:16.958+0000][218.190s][info][gc,start    ] GC(83) Pause Young (Concurrent Start) (G1 Evacuation Pause)
[2026-10-07T05:01:16.958+0000][218.190s][info][gc,task     ] GC(83) Using 2 workers of 2 for evacuation
[2026-10-07T05:01:16.966+0000][218.198s][info][gc,phases   ] GC(83)   Pre Evacuate Collection Set: 0.55ms
[2026-10-07T05:01:16.966+0000][218.198s][info][gc,phases   ] GC(83)   Merge Heap Roots: 0.38ms
[2026-10-07T05:01:16.966+0000][218.199s][info][gc,phases   ] GC(83)   Evacuate Collection Set: 5.86ms
[2026-10-07T05:01:16.966+0000][218.199s][info][gc,phases   ] GC(83)   Post Evacuate Collection Set: 0.89ms
[2026-10-07T05:01:16.966+0000][218.199s][info][gc,phases   ] GC(83)   Other: 0.16ms
[2026-10-07T05:01:16.966+0000][218.199s][info][gc,heap     ] GC(83) Eden regions: 15->0(15)
[2026-10-07T05:01:16.966+0000][218.199s][info][gc,heap     ] GC(83) Survivor regions: 2->2(3)
[2026-10-07T05:01:16.966+0000][218.199s][info][gc,heap     ] GC(83) Old regions: 22->22
[2026-10-07T05:01:16.966+0000][218.199s][info][gc,heap     ] GC(83) Humongous regions: 2->2
[2026-10-07T05:01:16.966+0000][218.199s][info][gc,metaspace] GC(83) Metaspace: 73779K(74560K)->73779K(74560K) NonClass: 64416K(64832K)->64416K(64832K) Class: 9363K(9728K)->9363K(9728K)
[2026-10-07T05:01:16.967+0000][218.200s][info][gc          ] GC(83) Pause Young (Concurrent Start) (G1 Evacuation Pause) 39M->25M(44M) 9.299ms
[2026-10-07T05:01:16.967+0000][218.200s][info][gc,cpu      ] GC(83) User=0.01s Sys=0.00s Real=0.01s
[2026-10-07T05:01:16.971+0000][218.203s][info][gc          ] GC(84) Concurrent Mark Cycle
[2026-10-07T05:01:16.971+0000][218.204s][info][gc,marking  ] GC(84) Concurrent Scan Root Regions
[2026-10-07T05:01:16.983+0000][218.215s][info][gc,marking  ] GC(84) Concurrent Scan Root Regions 11.229ms
[2026-10-07T05:01:16.983+0000][218.215s][info][gc,marking  ] GC(84) Concurrent Mark
[2026-10-07T05:01:16.983+0000][218.215s][info][gc,marking  ] GC(84) Concurrent Mark From Roots
[2026-10-07T05:01:16.983+0000][218.215s][info][gc,task     ] GC(84) Using 1 workers of 1 for marking
[2026-10-07T05:01:17.068+0000][218.300s][info][gc,marking  ] GC(84) Concurrent Mark From Roots 85.291ms
[2026-10-07T05:01:17.068+0000][218.300s][info][gc,marking  ] GC(84) Concurrent Preclean
[2026-10-07T05:01:17.068+0000][218.301s][info][gc,marking  ] GC(84) Concurrent Preclean 0.155ms
[2026-10-07T05:01:17.069+0000][218.301s][info][gc,start    ] GC(84) Pause Remark
[2026-10-07T05:01:17.107+0000][218.340s][info][gc          ] GC(84) Pause Remark 25M->25M(44M) 38.520ms
[2026-10-07T05:01:17.108+0000][218.340s][info][gc,cpu      ] GC(84) User=0.04s Sys=0.00s Real=0.04s
[2026-10-07T05:01:17.114+0000][218.346s][info][gc,marking  ] GC(84) Concurrent Mark 131.470ms
[2026-10-07T05:01:17.114+0000][218.346s][info][gc,marking  ] GC(84) Concurrent Rebuild Remembered Sets and Scrub Regions
[2026-10-07T05:01:17.168+0000][218.400s][info][gc,marking  ] GC(84) Concurrent Rebuild Remembered Sets and Scrub Regions 53.681ms
[2026-10-07T05:01:17.168+0000][218.400s][info][gc,start    ] GC(84) Pause Cleanup
[2026-10-07T05:01:17.170+0000][218.402s][info][gc          ] GC(84) Pause Cleanup 26M->26M(44M) 1.407ms
[2026-10-07T05:01:17.170+0000][218.402s][info][gc,cpu      ] GC(84) User=0.00s Sys=0.00s Real=0.00s
[2026-10-07T05:01:17.171+0000][218.403s][info][gc,marking  ] GC(84) Concurrent Clear Claimed Marks
[2026-10-07T05:01:17.171+0000][218.403s][info][gc,marking  ] GC(84) Concurrent Clear Claimed Marks 0.142ms
[2026-10-07T05:01:17.171+0000][218.403s][info][gc,marking  ] GC(84) Concurrent Cleanup for Next Mark
[2026-10-07T05:01:17.175+0000][218.407s][info][gc,marking  ] GC(84) Concurrent Cleanup for Next Mark 3.840ms
[2026-10-07T05:01:17.175+0000][218.407s][info][gc          ] GC(84) Concurrent Mark Cycle 203.358ms
[2026-10-07T05:01:19.705+0000][220.937s][info][gc,start    ] GC(85) Pause Young (Normal) (G1 Evacuation Pause)
[2026-10-07T05:01:19.705+0000][220.938s][info][gc,task     ] GC(85) Using 2 workers of 2 for evacuation
[2026-10-07T05:01:19.712+0000][220.944s][info][gc,phases   ] GC(85)   Pre Evacuate Collection Set: 0.38ms
[2026-10-07T05:01:19.712+0000][220.944s][info][gc,phases   ] GC(85)   Merge Heap Roots: 0.12ms
[2026-10-07T05:01:19.712+0000][220.944s][info][gc,phases   ] GC(85)   Evacuate Collection Set: 5.41ms
[2026-10-07T05:01:19.712+0000][220.944s][info][gc,phases   ] GC(85)   Post Evacuate Collection Set: 0.72ms
[2026-10-07T05:01:19.712+0000][220.944s][info][gc,phases   ] GC(85)   Other: 0.14ms
[2026-10-07T05:01:19.712+0000][220.944s][info][gc,heap     ] GC(85) Eden regions: 15->0(15)
[2026-10-07T05:01:19.712+0000][220.944s][info][gc,heap     ] GC(85) Survivor regions: 2->2(3)
[2026-10-07T05:01:19.712+0000][220.944s][info][gc,heap     ] GC(85) Old regions: 22->22
[2026-10-07T05:01:19.712+0000][220.944s][info][gc,heap     ] GC(85) Humongous regions: 2->2
[2026-10-07T05:01:19.712+0000][220.944s][info][gc,metaspace] GC(85) Metaspace: 73801K(74560K)->73801K(74560K) NonClass: 64437K(64832K)->64437K(64832K) Class: 9363K(9728K)->9363K(9728K)
[2026-10-07T05:01:19.712+0000][220.944s][info][gc          ] GC(85) Pause Young (Normal) (G1 Evacuation Pause) 40M->25M(44M) 7.078ms
[2026-10-07T05:01:19.712+0000][220.945s][info][gc,cpu      ] GC(85) User=0.01s Sys=0.01s Real=0.00s
[2026-10-07T05:01:22.787+0000][224.019s][info][gc,start    ] GC(86) Pause Young (Concurrent Start) (G1 Evacuation Pause)
[2026-10-07T05:01:22.787+0000][224.019s][info][gc,task     ] GC(86) Using 2 workers of 2 for evacuation
[2026-10-07T05:01:22.795+0000][224.028s][info][gc,phases   ] GC(86)   Pre Evacuate Collection Set: 0.40ms
[2026-10-07T05:01:22.795+0000][224.028s][info][gc,phases   ] GC(86)   Merge Heap Roots: 0.23ms
[2026-10-07T05:01:22.795+0000][224.028s][info][gc,phases   ] GC(86)   Evacuate Collection Set: 6.73ms
[2026-10-07T05:01:22.795+0000][224.028s][info][gc,phases   ] GC(86)   Post Evacuate Collection Set: 0.69ms
[2026-10-07T05:01:22.795+0000][224.028s][info][gc,phases   ] GC(86)   Other: 0.15ms
[2026-10-07T05:01:22.796+0000][224.028s][info][gc,heap     ] GC(86) Eden regions: 15->0(15)
[2026-10-07T05:01:22.796+0000][224.028s][info][gc,heap     ] GC(86) Survivor regions: 2->2(3)
[2026-10-07T05:01:22.796+0000][224.028s][info][gc,heap     ] GC(86) Old regions: 22->22
[2026-10-07T05:01:22.796+0000][224.028s][info][gc,heap     ] GC(86) Humongous regions: 2->2
[2026-10-07T05:01:22.796+0000][224.028s][info][gc,metaspace] GC(86) Metaspace: 73810K(74624K)->73810K(74624K) NonClass: 64446K(64896K)->64446K(64896K) Class: 9363K(9728K)->9363K(9728K)
[2026-10-07T05:01:22.796+0000][224.029s][info][gc          ] GC(86) Pause Young (Concurrent Start) (G1 Evacuation Pause) 40M->25M(44M) 9.283ms
[2026-10-07T05:01:22.797+0000][224.029s][info][gc          ] GC(87) Concurrent Mark Cycle
[2026-10-07T05:01:22.797+0000][224.029s][info][gc,marking  ] GC(87) Concurrent Scan Root Regions
[2026-10-07T05:01:22.800+0000][224.032s][info][gc,cpu      ] GC(86) User=0.01s Sys=0.00s Real=0.01s
[2026-10-07T05:01:22.807+0000][224.040s][info][gc,marking  ] GC(87) Concurrent Scan Root Regions 10.608ms
[2026-10-07T05:01:22.807+0000][224.040s][info][gc,marking  ] GC(87) Concurrent Mark
[2026-10-07T05:01:22.807+0000][224.040s][info][gc,marking  ] GC(87) Concurrent Mark From Roots
[2026-10-07T05:01:22.807+0000][224.040s][info][gc,task     ] GC(87) Using 1 workers of 1 for marking
[2026-10-07T05:01:22.904+0000][224.136s][info][gc,marking  ] GC(87) Concurrent Mark From Roots 96.260ms
[2026-10-07T05:01:22.904+0000][224.136s][info][gc,marking  ] GC(87) Concurrent Preclean
[2026-10-07T05:01:22.905+0000][224.137s][info][gc,marking  ] GC(87) Concurrent Preclean 1.188ms
[2026-10-07T05:01:22.906+0000][224.138s][info][gc,start    ] GC(87) Pause Remark
[2026-10-07T05:01:22.931+0000][224.163s][info][gc          ] GC(87) Pause Remark 25M->25M(44M) 25.083ms
[2026-10-07T05:01:22.931+0000][224.163s][info][gc,cpu      ] GC(87) User=0.04s Sys=0.00s Real=0.02s
[2026-10-07T05:01:22.932+0000][224.165s][info][gc,marking  ] GC(87) Concurrent Mark 124.870ms
[2026-10-07T05:01:22.932+0000][224.165s][info][gc,marking  ] GC(87) Concurrent Rebuild Remembered Sets and Scrub Regions
[2026-10-07T05:01:22.974+0000][224.206s][info][gc,marking  ] GC(87) Concurrent Rebuild Remembered Sets and Scrub Regions 41.313ms
[2026-10-07T05:01:22.975+0000][224.207s][info][gc,start    ] GC(87) Pause Cleanup
[2026-10-07T05:01:22.976+0000][224.208s][info][gc          ] GC(87) Pause Cleanup 26M->26M(44M) 0.904ms
[2026-10-07T05:01:22.976+0000][224.209s][info][gc,cpu      ] GC(87) User=0.00s Sys=0.00s Real=0.00s
[2026-10-07T05:01:22.976+0000][224.209s][info][gc,marking  ] GC(87) Concurrent Clear Claimed Marks
[2026-10-07T05:01:22.977+0000][224.209s][info][gc,marking  ] GC(87) Concurrent Clear Claimed Marks 0.569ms
[2026-10-07T05:01:22.977+0000][224.209s][info][gc,marking  ] GC(87) Concurrent Cleanup for Next Mark
[2026-10-07T05:01:22.979+0000][224.211s][info][gc,marking  ] GC(87) Concurrent Cleanup for Next Mark 1.708ms
[2026-10-07T05:01:22.979+0000][224.211s][info][gc          ] GC(87) Concurrent Mark Cycle 182.173ms
[2026-10-07T05:01:25.327+0000][226.560s][info][gc,start    ] GC(88) Pause Young (Normal) (G1 Evacuation Pause)
[2026-10-07T05:01:25.328+0000][226.560s][info][gc,task     ] GC(88) Using 2 workers of 2 for evacuation
[2026-10-07T05:01:25.339+0000][226.571s][info][gc,phases   ] GC(88)   Pre Evacuate Collection Set: 0.77ms
[2026-10-07T05:01:25.341+0000][226.573s][info][gc,phases   ] GC(88)   Merge Heap Roots: 0.12ms
[2026-10-07T05:01:25.342+0000][226.574s][info][gc,phases   ] GC(88)   Evacuate Collection Set: 7.77ms
[2026-10-07T05:01:25.342+0000][226.574s][info][gc,phases   ] GC(88)   Post Evacuate Collection Set: 0.77ms
[2026-10-07T05:01:25.343+0000][226.575s][info][gc,phases   ] GC(88)   Other: 1.28ms
[2026-10-07T05:01:25.343+0000][226.575s][info][gc,heap     ] GC(88) Eden regions: 15->0(15)
[2026-10-07T05:01:25.343+0000][226.575s][info][gc,heap     ] GC(88) Survivor regions: 2->2(3)
[2026-10-07T05:01:25.343+0000][226.575s][info][gc,heap     ] GC(88) Old regions: 22->22
[2026-10-07T05:01:25.343+0000][226.575s][info][gc,heap     ] GC(88) Humongous regions: 2->2
[2026-10-07T05:01:25.343+0000][226.575s][info][gc,metaspace] GC(88) Metaspace: 73825K(74624K)->73825K(74624K) NonClass: 64461K(64896K)->64461K(64896K) Class: 9364K(9728K)->9364K(9728K)
[2026-10-07T05:01:25.343+0000][226.575s][info][gc          ] GC(88) Pause Young (Normal) (G1 Evacuation Pause) 40M->25M(44M) 15.187ms
[2026-10-07T05:01:25.343+0000][226.575s][info][gc,cpu      ] GC(88) User=0.01s Sys=0.00s Real=0.01s
[2026-10-07T05:01:28.054+0000][229.287s][info][gc,start    ] GC(89) Pause Young (Concurrent Start) (G1 Evacuation Pause)
[2026-10-07T05:01:28.054+0000][229.287s][info][gc,task     ] GC(89) Using 2 workers of 2 for evacuation
[2026-10-07T05:01:28.064+0000][229.296s][info][gc,phases   ] GC(89)   Pre Evacuate Collection Set: 0.57ms
[2026-10-07T05:01:28.064+0000][229.296s][info][gc,phases   ] GC(89)   Merge Heap Roots: 0.22ms
[2026-10-07T05:01:28.064+0000][229.296s][info][gc,phases   ] GC(89)   Evacuate Collection Set: 7.28ms
[2026-10-07T05:01:28.064+0000][229.296s][info][gc,phases   ] GC(89)   Post Evacuate Collection Set: 1.27ms
[2026-10-07T05:01:28.064+0000][229.296s][info][gc,phases   ] GC(89)   Other: 0.33ms
[2026-10-07T05:01:28.064+0000][229.296s][info][gc,heap     ] GC(89) Eden regions: 15->0(14)
[2026-10-07T05:01:28.064+0000][229.296s][info][gc,heap     ] GC(89) Survivor regions: 2->2(3)
[2026-10-07T05:01:28.064+0000][229.296s][info][gc,heap     ] GC(89) Old regions: 22->23
[2026-10-07T05:01:28.064+0000][229.296s][info][gc,heap     ] GC(89) Humongous regions: 2->2
[2026-10-07T05:01:28.067+0000][229.299s][info][gc,metaspace] GC(89) Metaspace: 73849K(74624K)->73849K(74624K) NonClass: 64484K(64896K)->64484K(64896K) Class: 9364K(9728K)->9364K(9728K)
[2026-10-07T05:01:28.067+0000][229.299s][info][gc          ] GC(89) Pause Young (Concurrent Start) (G1 Evacuation Pause) 40M->25M(44M) 12.935ms
[2026-10-07T05:01:28.067+0000][229.300s][info][gc          ] GC(90) Concurrent Mark Cycle
[2026-10-07T05:01:28.068+0000][229.300s][info][gc,marking  ] GC(90) Concurrent Scan Root Regions
[2026-10-07T05:01:28.068+0000][229.300s][info][gc,cpu      ] GC(89) User=0.01s Sys=0.00s Real=0.01s
[2026-10-07T05:01:28.085+0000][229.317s][info][gc,marking  ] GC(90) Concurrent Scan Root Regions 17.519ms
[2026-10-07T05:01:28.085+0000][229.317s][info][gc,marking  ] GC(90) Concurrent Mark
[2026-10-07T05:01:28.085+0000][229.317s][info][gc,marking  ] GC(90) Concurrent Mark From Roots
[2026-10-07T05:01:28.085+0000][229.317s][info][gc,task     ] GC(90) Using 1 workers of 1 for marking
[2026-10-07T05:01:28.191+0000][229.423s][info][gc,marking  ] GC(90) Concurrent Mark From Roots 105.908ms
[2026-10-07T05:01:28.193+0000][229.425s][info][gc,marking  ] GC(90) Concurrent Preclean
[2026-10-07T05:01:28.194+0000][229.426s][info][gc,marking  ] GC(90) Concurrent Preclean 1.308ms
[2026-10-07T05:01:28.195+0000][229.427s][info][gc,start    ] GC(90) Pause Remark
[2026-10-07T05:01:28.217+0000][229.449s][info][gc          ] GC(90) Pause Remark 26M->26M(45M) 22.294ms
[2026-10-07T05:01:28.217+0000][229.449s][info][gc,cpu      ] GC(90) User=0.03s Sys=0.00s Real=0.02s
[2026-10-07T05:01:28.220+0000][229.452s][info][gc,marking  ] GC(90) Concurrent Mark 134.472ms
[2026-10-07T05:01:28.220+0000][229.452s][info][gc,marking  ] GC(90) Concurrent Rebuild Remembered Sets and Scrub Regions
[2026-10-07T05:01:28.254+0000][229.487s][info][gc,marking  ] GC(90) Concurrent Rebuild Remembered Sets and Scrub Regions 34.536ms
[2026-10-07T05:01:28.255+0000][229.487s][info][gc,start    ] GC(90) Pause Cleanup
[2026-10-07T05:01:28.255+0000][229.487s][info][gc          ] GC(90) Pause Cleanup 27M->27M(45M) 0.186ms
[2026-10-07T05:01:28.255+0000][229.487s][info][gc,cpu      ] GC(90) User=0.00s Sys=0.00s Real=0.00s
[2026-10-07T05:01:28.255+0000][229.487s][info][gc,marking  ] GC(90) Concurrent Clear Claimed Marks
[2026-10-07T05:01:28.256+0000][229.488s][info][gc,marking  ] GC(90) Concurrent Clear Claimed Marks 0.945ms
[2026-10-07T05:01:28.257+0000][229.489s][info][gc,marking  ] GC(90) Concurrent Cleanup for Next Mark
[2026-10-07T05:01:28.258+0000][229.490s][info][gc,marking  ] GC(90) Concurrent Cleanup for Next Mark 1.046ms
[2026-10-07T05:01:28.259+0000][229.491s][info][gc          ] GC(90) Concurrent Mark Cycle 191.090ms
[2026-10-07T05:01:30.385+0000][231.618s][info][gc,start    ] GC(91) Pause Young (Normal) (G1 Evacuation Pause)
[2026-10-07T05:01:30.386+0000][231.618s][info][gc,task     ] GC(91) Using 2 workers of 2 for evacuation
[2026-10-07T05:01:30.393+0000][231.625s][info][gc,phases   ] GC(91)   Pre Evacuate Collection Set: 0.53ms
[2026-10-07T05:01:30.393+0000][231.625s][info][gc,phases   ] GC(91)   Merge Heap Roots: 0.16ms
[2026-10-07T05:01:30.393+0000][231.625s][info][gc,phases   ] GC(91)   Evacuate Collection Set: 6.06ms
[2026-10-07T05:01:30.393+0000][231.625s][info][gc,phases   ] GC(91)   Post Evacuate Collection Set: 0.71ms
[2026-10-07T05:01:30.393+0000][231.625s][info][gc,phases   ] GC(91)   Other: 0.12ms
[2026-10-07T05:01:30.393+0000][231.625s][info][gc,heap     ] GC(91) Eden regions: 14->0(16)
[2026-10-07T05:01:30.393+0000][231.625s][info][gc,heap     ] GC(91) Survivor regions: 2->1(2)
[2026-10-07T05:01:30.393+0000][231.625s][info][gc,heap     ] GC(91) Old regions: 23->23
[2026-10-07T05:01:30.393+0000][231.625s][info][gc,heap     ] GC(91) Humongous regions: 2->2
[2026-10-07T05:01:30.393+0000][231.625s][info][gc,metaspace] GC(91) Metaspace: 73862K(74624K)->73862K(74624K) NonClass: 64498K(64896K)->64498K(64896K) Class: 9364K(9728K)->9364K(9728K)
[2026-10-07T05:01:30.393+0000][231.626s][info][gc          ] GC(91) Pause Young (Normal) (G1 Evacuation Pause) 39M->25M(45M) 7.803ms
[2026-10-07T05:01:30.393+0000][231.626s][info][gc,cpu      ] GC(91) User=0.01s Sys=0.00s Real=0.00s
[2026-10-07T05:01:33.478+0000][234.710s][info][gc,start    ] GC(92) Pause Young (Concurrent Start) (G1 Evacuation Pause)
[2026-10-07T05:01:33.478+0000][234.710s][info][gc,task     ] GC(92) Using 2 workers of 2 for evacuation
[2026-10-07T05:01:33.485+0000][234.717s][info][gc,phases   ] GC(92)   Pre Evacuate Collection Set: 0.49ms
[2026-10-07T05:01:33.485+0000][234.717s][info][gc,phases   ] GC(92)   Merge Heap Roots: 0.06ms
[2026-10-07T05:01:33.485+0000][234.717s][info][gc,phases   ] GC(92)   Evacuate Collection Set: 5.20ms
[2026-10-07T05:01:33.485+0000][234.717s][info][gc,phases   ] GC(92)   Post Evacuate Collection Set: 0.76ms
[2026-10-07T05:01:33.485+0000][234.717s][info][gc,phases   ] GC(92)   Other: 0.12ms
[2026-10-07T05:01:33.485+0000][234.717s][info][gc,heap     ] GC(92) Eden regions: 16->0(15)
[2026-10-07T05:01:33.485+0000][234.717s][info][gc,heap     ] GC(92) Survivor regions: 1->2(3)
[2026-10-07T05:01:33.485+0000][234.717s][info][gc,heap     ] GC(92) Old regions: 23->23
[2026-10-07T05:01:33.485+0000][234.717s][info][gc,heap     ] GC(92) Humongous regions: 2->2
[2026-10-07T05:01:33.485+0000][234.717s][info][gc,metaspace] GC(92) Metaspace: 73863K(74624K)->73863K(74624K) NonClass: 64499K(64896K)->64499K(64896K) Class: 9364K(9728K)->9364K(9728K)
[2026-10-07T05:01:33.485+0000][234.717s][info][gc          ] GC(92) Pause Young (Concurrent Start) (G1 Evacuation Pause) 41M->25M(45M) 7.022ms
[2026-10-07T05:01:33.485+0000][234.717s][info][gc          ] GC(93) Concurrent Mark Cycle
[2026-10-07T05:01:33.485+0000][234.717s][info][gc,marking  ] GC(93) Concurrent Scan Root Regions
[2026-10-07T05:01:33.485+0000][234.718s][info][gc,cpu      ] GC(92) User=0.01s Sys=0.00s Real=0.01s
[2026-10-07T05:01:33.499+0000][234.731s][info][gc,marking  ] GC(93) Concurrent Scan Root Regions 13.711ms
[2026-10-07T05:01:33.499+0000][234.731s][info][gc,marking  ] GC(93) Concurrent Mark
[2026-10-07T05:01:33.499+0000][234.731s][info][gc,marking  ] GC(93) Concurrent Mark From Roots
[2026-10-07T05:01:33.499+0000][234.731s][info][gc,task     ] GC(93) Using 1 workers of 1 for marking
[2026-10-07T05:01:33.600+0000][234.832s][info][gc,marking  ] GC(93) Concurrent Mark From Roots 100.659ms
[2026-10-07T05:01:33.600+0000][234.832s][info][gc,marking  ] GC(93) Concurrent Preclean
[2026-10-07T05:01:33.601+0000][234.834s][info][gc,marking  ] GC(93) Concurrent Preclean 1.524ms
[2026-10-07T05:01:33.602+0000][234.835s][info][gc,start    ] GC(93) Pause Remark
[2026-10-07T05:01:33.647+0000][234.879s][info][gc          ] GC(93) Pause Remark 26M->26M(45M) 44.680ms
[2026-10-07T05:01:33.647+0000][234.879s][info][gc,cpu      ] GC(93) User=0.04s Sys=0.00s Real=0.05s
[2026-10-07T05:01:33.651+0000][234.883s][info][gc,marking  ] GC(93) Concurrent Mark 151.733ms
[2026-10-07T05:01:33.651+0000][234.883s][info][gc,marking  ] GC(93) Concurrent Rebuild Remembered Sets and Scrub Regions
[2026-10-07T05:01:33.743+0000][234.976s][info][gc,marking  ] GC(93) Concurrent Rebuild Remembered Sets and Scrub Regions 92.475ms
[2026-10-07T05:01:33.745+0000][234.977s][info][gc,start    ] GC(93) Pause Cleanup
[2026-10-07T05:01:33.745+0000][234.977s][info][gc          ] GC(93) Pause Cleanup 27M->27M(45M) 0.681ms
[2026-10-07T05:01:33.745+0000][234.978s][info][gc,cpu      ] GC(93) User=0.00s Sys=0.00s Real=0.00s
[2026-10-07T05:01:33.745+0000][234.978s][info][gc,marking  ] GC(93) Concurrent Clear Claimed Marks
[2026-10-07T05:01:33.745+0000][234.978s][info][gc,marking  ] GC(93) Concurrent Clear Claimed Marks 0.111ms
[2026-10-07T05:01:33.746+0000][234.978s][info][gc,marking  ] GC(93) Concurrent Cleanup for Next Mark
[2026-10-07T05:01:33.746+0000][234.978s][info][gc,marking  ] GC(93) Concurrent Cleanup for Next Mark 0.187ms
[2026-10-07T05:01:33.746+0000][234.978s][info][gc          ] GC(93) Concurrent Mark Cycle 260.545ms
[2026-10-07T05:01:36.148+0000][237.380s][info][gc,start    ] GC(94) Pause Young (Normal) (G1 Evacuation Pause)
[2026-10-07T05:01:36.148+0000][237.380s][info][gc,task     ] GC(94) Using 2 workers of 2 for evacuation
[2026-10-07T05:01:36.156+0000][237.388s][info][gc,phases   ] GC(94)   Pre Evacuate Collection Set: 0.76ms
[2026-10-07T05:01:36.156+0000][237.388s][info][gc,phases   ] GC(94)   Merge Heap Roots: 0.11ms
[2026-10-07T05:01:36.156+0000][237.388s][info][gc,phases   ] GC(94)   Evacuate Collection Set: 5.73ms
[2026-10-07T05:01:36.156+0000][237.388s][info][gc,phases   ] GC(94)   Post Evacuate Collection Set: 0.91ms
[2026-10-07T05:01:36.156+0000][237.388s][info][gc,phases   ] GC(94)   Other: 0.10ms
[2026-10-07T05:01:36.156+0000][237.388s][info][gc,heap     ] GC(94) Eden regions: 15->0(15)
[2026-10-07T05:01:36.156+0000][237.388s][info][gc,heap     ] GC(94) Survivor regions: 2->2(3)
[2026-10-07T05:01:36.156+0000][237.388s][info][gc,heap     ] GC(94) Old regions: 23->23
[2026-10-07T05:01:36.156+0000][237.388s][info][gc,heap     ] GC(94) Humongous regions: 2->2
[2026-10-07T05:01:36.156+0000][237.388s][info][gc,metaspace] GC(94) Metaspace: 73881K(74688K)->73881K(74688K) NonClass: 64516K(64960K)->64516K(64960K) Class: 9364K(9728K)->9364K(9728K)
[2026-10-07T05:01:36.156+0000][237.388s][info][gc          ] GC(94) Pause Young (Normal) (G1 Evacuation Pause) 40M->25M(45M) 8.071ms
[2026-10-07T05:01:36.156+0000][237.388s][info][gc,cpu      ] GC(94) User=0.01s Sys=0.00s Real=0.01s
[2026-10-07T05:01:38.878+0000][240.110s][info][gc,start    ] GC(95) Pause Young (Concurrent Start) (G1 Evacuation Pause)
[2026-10-07T05:01:38.878+0000][240.110s][info][gc,task     ] GC(95) Using 2 workers of 2 for evacuation
[2026-10-07T05:01:38.896+0000][240.128s][info][gc,phases   ] GC(95)   Pre Evacuate Collection Set: 0.62ms
[2026-10-07T05:01:38.896+0000][240.128s][info][gc,phases   ] GC(95)   Merge Heap Roots: 0.08ms
[2026-10-07T05:01:38.896+0000][240.128s][info][gc,phases   ] GC(95)   Evacuate Collection Set: 15.81ms
[2026-10-07T05:01:38.896+0000][240.128s][info][gc,phases   ] GC(95)   Post Evacuate Collection Set: 1.42ms
[2026-10-07T05:01:38.896+0000][240.128s][info][gc,phases   ] GC(95)   Other: 0.22ms
[2026-10-07T05:01:38.896+0000][240.128s][info][gc,heap     ] GC(95) Eden regions: 15->0(15)
[2026-10-07T05:01:38.896+0000][240.129s][info][gc,heap     ] GC(95) Survivor regions: 2->2(3)
[2026-10-07T05:01:38.896+0000][240.129s][info][gc,heap     ] GC(95) Old regions: 23->23
[2026-10-07T05:01:38.896+0000][240.129s][info][gc,heap     ] GC(95) Humongous regions: 2->2
[2026-10-07T05:01:38.896+0000][240.129s][info][gc,metaspace] GC(95) Metaspace: 73881K(74688K)->73881K(74688K) NonClass: 64517K(64960K)->64517K(64960K) Class: 9364K(9728K)->9364K(9728K)
[2026-10-07T05:01:38.898+0000][240.130s][info][gc          ] GC(95) Pause Young (Concurrent Start) (G1 Evacuation Pause) 40M->25M(45M) 19.865ms
[2026-10-07T05:01:38.898+0000][240.130s][info][gc,cpu      ] GC(95) User=0.01s Sys=0.00s Real=0.02s
[2026-10-07T05:01:38.898+0000][240.130s][info][gc          ] GC(96) Concurrent Mark Cycle
[2026-10-07T05:01:38.898+0000][240.131s][info][gc,marking  ] GC(96) Concurrent Scan Root Regions
[2026-10-07T05:01:38.914+0000][240.146s][info][gc,marking  ] GC(96) Concurrent Scan Root Regions 15.858ms
[2026-10-07T05:01:38.914+0000][240.147s][info][gc,marking  ] GC(96) Concurrent Mark
[2026-10-07T05:01:38.914+0000][240.147s][info][gc,marking  ] GC(96) Concurrent Mark From Roots
[2026-10-07T05:01:38.914+0000][240.147s][info][gc,task     ] GC(96) Using 1 workers of 1 for marking
[2026-10-07T05:01:39.008+0000][240.240s][info][gc,marking  ] GC(96) Concurrent Mark From Roots 93.163ms
[2026-10-07T05:01:39.008+0000][240.240s][info][gc,marking  ] GC(96) Concurrent Preclean
[2026-10-07T05:01:39.008+0000][240.240s][info][gc,marking  ] GC(96) Concurrent Preclean 0.457ms
[2026-10-07T05:01:39.009+0000][240.241s][info][gc,start    ] GC(96) Pause Remark
[2026-10-07T05:01:39.037+0000][240.270s][info][gc          ] GC(96) Pause Remark 26M->26M(45M) 28.851ms
[2026-10-07T05:01:39.038+0000][240.271s][info][gc,cpu      ] GC(96) User=0.04s Sys=0.00s Real=0.03s
[2026-10-07T05:01:39.039+0000][240.271s][info][gc,marking  ] GC(96) Concurrent Mark 124.834ms
[2026-10-07T05:01:39.039+0000][240.272s][info][gc,marking  ] GC(96) Concurrent Rebuild Remembered Sets and Scrub Regions
[2026-10-07T05:01:39.079+0000][240.311s][info][gc,marking  ] GC(96) Concurrent Rebuild Remembered Sets and Scrub Regions 39.363ms
[2026-10-07T05:01:39.080+0000][240.312s][info][gc,start    ] GC(96) Pause Cleanup
[2026-10-07T05:01:39.080+0000][240.312s][info][gc          ] GC(96) Pause Cleanup 26M->26M(45M) 0.208ms
[2026-10-07T05:01:39.080+0000][240.312s][info][gc,cpu      ] GC(96) User=0.00s Sys=0.00s Real=0.00s
[2026-10-07T05:01:39.081+0000][240.313s][info][gc,marking  ] GC(96) Concurrent Clear Claimed Marks
[2026-10-07T05:01:39.081+0000][240.313s][info][gc,marking  ] GC(96) Concurrent Clear Claimed Marks 0.126ms
[2026-10-07T05:01:39.081+0000][240.313s][info][gc,marking  ] GC(96) Concurrent Cleanup for Next Mark
[2026-10-07T05:01:39.081+0000][240.313s][info][gc,marking  ] GC(96) Concurrent Cleanup for Next Mark 0.193ms
[2026-10-07T05:01:39.081+0000][240.313s][info][gc          ] GC(96) Concurrent Mark Cycle 182.905ms
[2026-10-07T05:01:41.685+0000][242.917s][info][gc,start    ] GC(97) Pause Young (Normal) (G1 Evacuation Pause)
[2026-10-07T05:01:41.685+0000][242.917s][info][gc,task     ] GC(97) Using 2 workers of 2 for evacuation
[2026-10-07T05:01:41.697+0000][242.930s][info][gc,phases   ] GC(97)   Pre Evacuate Collection Set: 0.49ms
[2026-10-07T05:01:41.698+0000][242.930s][info][gc,phases   ] GC(97)   Merge Heap Roots: 0.49ms
[2026-10-07T05:01:41.698+0000][242.930s][info][gc,phases   ] GC(97)   Evacuate Collection Set: 9.97ms
[2026-10-07T05:01:41.698+0000][242.930s][info][gc,phases   ] GC(97)   Post Evacuate Collection Set: 1.29ms
[2026-10-07T05:01:41.698+0000][242.930s][info][gc,phases   ] GC(97)   Other: 0.23ms
[2026-10-07T05:01:41.698+0000][242.930s][info][gc,heap     ] GC(97) Eden regions: 15->0(15)
[2026-10-07T05:01:41.698+0000][242.930s][info][gc,heap     ] GC(97) Survivor regions: 2->2(3)
[2026-10-07T05:01:41.698+0000][242.930s][info][gc,heap     ] GC(97) Old regions: 23->23
[2026-10-07T05:01:41.698+0000][242.930s][info][gc,heap     ] GC(97) Humongous regions: 2->2
[2026-10-07T05:01:41.698+0000][242.930s][info][gc,metaspace] GC(97) Metaspace: 73883K(74688K)->73883K(74688K) NonClass: 64519K(64960K)->64519K(64960K) Class: 9364K(9728K)->9364K(9728K)
[2026-10-07T05:01:41.698+0000][242.930s][info][gc          ] GC(97) Pause Young (Normal) (G1 Evacuation Pause) 40M->25M(45M) 12.923ms
[2026-10-07T05:01:41.698+0000][242.930s][info][gc,cpu      ] GC(97) User=0.00s Sys=0.00s Real=0.01s
[2026-10-07T05:01:44.354+0000][245.586s][info][gc,start    ] GC(98) Pause Young (Concurrent Start) (G1 Evacuation Pause)
[2026-10-07T05:01:44.354+0000][245.586s][info][gc,task     ] GC(98) Using 2 workers of 2 for evacuation
[2026-10-07T05:01:44.377+0000][245.609s][info][gc,phases   ] GC(98)   Pre Evacuate Collection Set: 0.19ms
[2026-10-07T05:01:44.377+0000][245.610s][info][gc,phases   ] GC(98)   Merge Heap Roots: 0.27ms
[2026-10-07T05:01:44.377+0000][245.610s][info][gc,phases   ] GC(98)   Evacuate Collection Set: 20.51ms
[2026-10-07T05:01:44.377+0000][245.610s][info][gc,phases   ] GC(98)   Post Evacuate Collection Set: 2.25ms
[2026-10-07T05:01:44.377+0000][245.610s][info][gc,phases   ] GC(98)   Other: 0.26ms
[2026-10-07T05:01:44.377+0000][245.610s][info][gc,heap     ] GC(98) Eden regions: 15->0(15)
[2026-10-07T05:01:44.377+0000][245.610s][info][gc,heap     ] GC(98) Survivor regions: 2->2(3)
[2026-10-07T05:01:44.377+0000][245.610s][info][gc,heap     ] GC(98) Old regions: 23->23
[2026-10-07T05:01:44.377+0000][245.610s][info][gc,heap     ] GC(98) Humongous regions: 2->2
[2026-10-07T05:01:44.377+0000][245.610s][info][gc,metaspace] GC(98) Metaspace: 73896K(74688K)->73896K(74688K) NonClass: 64532K(64960K)->64532K(64960K) Class: 9364K(9728K)->9364K(9728K)
[2026-10-07T05:01:44.378+0000][245.610s][info][gc          ] GC(98) Pause Young (Concurrent Start) (G1 Evacuation Pause) 40M->25M(45M) 23.924ms
[2026-10-07T05:01:44.378+0000][245.610s][info][gc          ] GC(99) Concurrent Mark Cycle
[2026-10-07T05:01:44.378+0000][245.610s][info][gc,marking  ] GC(99) Concurrent Scan Root Regions
[2026-10-07T05:01:44.380+0000][245.612s][info][gc,cpu      ] GC(98) User=0.02s Sys=0.00s Real=0.02s
[2026-10-07T05:01:44.401+0000][245.633s][info][gc,marking  ] GC(99) Concurrent Scan Root Regions 22.832ms
[2026-10-07T05:01:44.401+0000][245.633s][info][gc,marking  ] GC(99) Concurrent Mark
[2026-10-07T05:01:44.401+0000][245.633s][info][gc,marking  ] GC(99) Concurrent Mark From Roots
[2026-10-07T05:01:44.401+0000][245.633s][info][gc,task     ] GC(99) Using 1 workers of 1 for marking
[2026-10-07T05:01:44.673+0000][245.905s][info][gc,marking  ] GC(99) Concurrent Mark From Roots 272.203ms
[2026-10-07T05:01:44.673+0000][245.905s][info][gc,marking  ] GC(99) Concurrent Preclean
[2026-10-07T05:01:44.674+0000][245.906s][info][gc,marking  ] GC(99) Concurrent Preclean 0.691ms
[2026-10-07T05:01:44.674+0000][245.906s][info][gc,start    ] GC(99) Pause Remark
[2026-10-07T05:01:44.719+0000][245.951s][info][gc          ] GC(99) Pause Remark 27M->27M(45M) 44.671ms
[2026-10-07T05:01:44.719+0000][245.951s][info][gc,cpu      ] GC(99) User=0.04s Sys=0.00s Real=0.04s
[2026-10-07T05:01:44.724+0000][245.956s][info][gc,marking  ] GC(99) Concurrent Mark 322.801ms
[2026-10-07T05:01:44.724+0000][245.956s][info][gc,marking  ] GC(99) Concurrent Rebuild Remembered Sets and Scrub Regions
[2026-10-07T05:01:44.777+0000][246.009s][info][gc,marking  ] GC(99) Concurrent Rebuild Remembered Sets and Scrub Regions 53.022ms
[2026-10-07T05:01:44.777+0000][246.009s][info][gc,start    ] GC(99) Pause Cleanup
[2026-10-07T05:01:44.777+0000][246.010s][info][gc          ] GC(99) Pause Cleanup 28M->28M(45M) 0.407ms
[2026-10-07T05:01:44.777+0000][246.010s][info][gc,cpu      ] GC(99) User=0.00s Sys=0.00s Real=0.00s
[2026-10-07T05:01:44.778+0000][246.010s][info][gc,marking  ] GC(99) Concurrent Clear Claimed Marks
[2026-10-07T05:01:44.779+0000][246.011s][info][gc,marking  ] GC(99) Concurrent Clear Claimed Marks 0.584ms
[2026-10-07T05:01:44.779+0000][246.011s][info][gc,marking  ] GC(99) Concurrent Cleanup for Next Mark
[2026-10-07T05:01:44.779+0000][246.011s][info][gc,marking  ] GC(99) Concurrent Cleanup for Next Mark 0.276ms
[2026-10-07T05:01:44.779+0000][246.011s][info][gc          ] GC(99) Concurrent Mark Cycle 401.194ms
[2026-10-07T05:01:47.055+0000][248.287s][info][gc,start    ] GC(100) Pause Young (Normal) (G1 Evacuation Pause)
[2026-10-07T05:01:47.055+0000][248.287s][info][gc,task     ] GC(100) Using 2 workers of 2 for evacuation
[2026-10-07T05:01:47.078+0000][248.310s][info][gc,phases   ] GC(100)   Pre Evacuate Collection Set: 2.12ms
[2026-10-07T05:01:47.081+0000][248.313s][info][gc,phases   ] GC(100)   Merge Heap Roots: 0.17ms
[2026-10-07T05:01:47.081+0000][248.314s][info][gc,phases   ] GC(100)   Evacuate Collection Set: 17.16ms
[2026-10-07T05:01:47.082+0000][248.314s][info][gc,phases   ] GC(100)   Post Evacuate Collection Set: 2.80ms
[2026-10-07T05:01:47.082+0000][248.314s][info][gc,phases   ] GC(100)   Other: 0.52ms
[2026-10-07T05:01:47.082+0000][248.314s][info][gc,heap     ] GC(100) Eden regions: 15->0(23)
[2026-10-07T05:01:47.082+0000][248.314s][info][gc,heap     ] GC(100) Survivor regions: 2->2(3)
[2026-10-07T05:01:47.082+0000][248.314s][info][gc,heap     ] GC(100) Old regions: 23->23
[2026-10-07T05:01:47.082+0000][248.314s][info][gc,heap     ] GC(100) Humongous regions: 2->2
[2026-10-07T05:01:47.082+0000][248.314s][info][gc,metaspace] GC(100) Metaspace: 73899K(74688K)->73899K(74688K) NonClass: 64535K(64960K)->64535K(64960K) Class: 9364K(9728K)->9364K(9728K)
[2026-10-07T05:01:47.082+0000][248.314s][info][gc          ] GC(100) Pause Young (Normal) (G1 Evacuation Pause) 40M->25M(54M) 27.418ms
[2026-10-07T05:01:47.082+0000][248.314s][info][gc,cpu      ] GC(100) User=0.03s Sys=0.00s Real=0.02s
[2026-10-07T05:01:51.272+0000][252.504s][info][gc,start    ] GC(101) Pause Young (Normal) (G1 Evacuation Pause)
[2026-10-07T05:01:51.272+0000][252.505s][info][gc,task     ] GC(101) Using 2 workers of 2 for evacuation
[2026-10-07T05:01:51.291+0000][252.523s][info][gc,phases   ] GC(101)   Pre Evacuate Collection Set: 0.35ms
[2026-10-07T05:01:51.292+0000][252.524s][info][gc,phases   ] GC(101)   Merge Heap Roots: 0.20ms
[2026-10-07T05:01:51.292+0000][252.524s][info][gc,phases   ] GC(101)   Evacuate Collection Set: 16.00ms
[2026-10-07T05:01:51.292+0000][252.524s][info][gc,phases   ] GC(101)   Post Evacuate Collection Set: 1.27ms
[2026-10-07T05:01:51.292+0000][252.524s][info][gc,phases   ] GC(101)   Other: 0.68ms
[2026-10-07T05:01:51.292+0000][252.524s][info][gc,heap     ] GC(101) Eden regions: 23->0(23)
[2026-10-07T05:01:51.292+0000][252.524s][info][gc,heap     ] GC(101) Survivor regions: 2->2(4)
[2026-10-07T05:01:51.292+0000][252.524s][info][gc,heap     ] GC(101) Old regions: 23->23
[2026-10-07T05:01:51.292+0000][252.524s][info][gc,heap     ] GC(101) Humongous regions: 2->2
[2026-10-07T05:01:51.292+0000][252.524s][info][gc,metaspace] GC(101) Metaspace: 73904K(74688K)->73904K(74688K) NonClass: 64540K(64960K)->64540K(64960K) Class: 9364K(9728K)->9364K(9728K)
[2026-10-07T05:01:51.293+0000][252.525s][info][gc          ] GC(101) Pause Young (Normal) (G1 Evacuation Pause) 48M->26M(54M) 20.640ms
[2026-10-07T05:01:51.293+0000][252.525s][info][gc,cpu      ] GC(101) User=0.03s Sys=0.00s Real=0.02s
[2026-10-07T05:01:55.548+0000][256.780s][info][gc,start    ] GC(102) Pause Young (Concurrent Start) (G1 Evacuation Pause)
[2026-10-07T05:01:55.548+0000][256.780s][info][gc,task     ] GC(102) Using 2 workers of 2 for evacuation
[2026-10-07T05:01:55.556+0000][256.788s][info][gc,phases   ] GC(102)   Pre Evacuate Collection Set: 0.33ms
[2026-10-07T05:01:55.556+0000][256.788s][info][gc,phases   ] GC(102)   Merge Heap Roots: 0.12ms
[2026-10-07T05:01:55.556+0000][256.788s][info][gc,phases   ] GC(102)   Evacuate Collection Set: 6.16ms
[2026-10-07T05:01:55.556+0000][256.788s][info][gc,phases   ] GC(102)   Post Evacuate Collection Set: 0.99ms
[2026-10-07T05:01:55.556+0000][256.788s][info][gc,phases   ] GC(102)   Other: 0.14ms
[2026-10-07T05:01:55.556+0000][256.788s][info][gc,heap     ] GC(102) Eden regions: 23->0(23)
[2026-10-07T05:01:55.556+0000][256.788s][info][gc,heap     ] GC(102) Survivor regions: 2->2(4)
[2026-10-07T05:01:55.556+0000][256.788s][info][gc,heap     ] GC(102) Old regions: 23->23
[2026-10-07T05:01:55.556+0000][256.788s][info][gc,heap     ] GC(102) Humongous regions: 2->2
[2026-10-07T05:01:55.556+0000][256.788s][info][gc,metaspace] GC(102) Metaspace: 73921K(74688K)->73921K(74688K) NonClass: 64556K(64960K)->64556K(64960K) Class: 9364K(9728K)->9364K(9728K)
[2026-10-07T05:01:55.556+0000][256.788s][info][gc          ] GC(102) Pause Young (Concurrent Start) (G1 Evacuation Pause) 49M->26M(54M) 8.427ms
[2026-10-07T05:01:55.556+0000][256.789s][info][gc          ] GC(103) Concurrent Mark Cycle
[2026-10-07T05:01:55.556+0000][256.789s][info][gc,marking  ] GC(103) Concurrent Scan Root Regions
[2026-10-07T05:01:55.557+0000][256.789s][info][gc,cpu      ] GC(102) User=0.00s Sys=0.00s Real=0.01s
[2026-10-07T05:01:55.573+0000][256.805s][info][gc,marking  ] GC(103) Concurrent Scan Root Regions 16.049ms
[2026-10-07T05:01:55.573+0000][256.805s][info][gc,marking  ] GC(103) Concurrent Mark
[2026-10-07T05:01:55.573+0000][256.805s][info][gc,marking  ] GC(103) Concurrent Mark From Roots
[2026-10-07T05:01:55.573+0000][256.805s][info][gc,task     ] GC(103) Using 1 workers of 1 for marking
[2026-10-07T05:01:55.655+0000][256.888s][info][gc,marking  ] GC(103) Concurrent Mark From Roots 82.779ms
[2026-10-07T05:01:55.655+0000][256.888s][info][gc,marking  ] GC(103) Concurrent Preclean
[2026-10-07T05:01:55.656+0000][256.888s][info][gc,marking  ] GC(103) Concurrent Preclean 0.377ms
[2026-10-07T05:01:55.657+0000][256.889s][info][gc,start    ] GC(103) Pause Remark
[2026-10-07T05:01:55.681+0000][256.913s][info][gc          ] GC(103) Pause Remark 26M->26M(54M) 24.546ms
[2026-10-07T05:01:55.681+0000][256.913s][info][gc,cpu      ] GC(103) User=0.03s Sys=0.00s Real=0.02s
[2026-10-07T05:01:55.684+0000][256.916s][info][gc,marking  ] GC(103) Concurrent Mark 111.130ms
[2026-10-07T05:01:55.684+0000][256.916s][info][gc,marking  ] GC(103) Concurrent Rebuild Remembered Sets and Scrub Regions
[2026-10-07T05:01:55.718+0000][256.950s][info][gc,marking  ] GC(103) Concurrent Rebuild Remembered Sets and Scrub Regions 34.000ms
[2026-10-07T05:01:55.718+0000][256.951s][info][gc,start    ] GC(103) Pause Cleanup
[2026-10-07T05:01:55.719+0000][256.951s][info][gc          ] GC(103) Pause Cleanup 27M->27M(54M) 0.233ms
[2026-10-07T05:01:55.719+0000][256.951s][info][gc,cpu      ] GC(103) User=0.00s Sys=0.00s Real=0.00s
[2026-10-07T05:01:55.720+0000][256.952s][info][gc,marking  ] GC(103) Concurrent Clear Claimed Marks
[2026-10-07T05:01:55.720+0000][256.952s][info][gc,marking  ] GC(103) Concurrent Clear Claimed Marks 0.291ms
[2026-10-07T05:01:55.720+0000][256.952s][info][gc,marking  ] GC(103) Concurrent Cleanup for Next Mark
[2026-10-07T05:01:55.721+0000][256.953s][info][gc,marking  ] GC(103) Concurrent Cleanup for Next Mark 0.447ms
[2026-10-07T05:01:55.721+0000][256.953s][info][gc          ] GC(103) Concurrent Mark Cycle 164.359ms
[2026-10-07T05:01:59.777+0000][261.009s][info][gc,start    ] GC(104) Pause Young (Normal) (G1 Evacuation Pause)
[2026-10-07T05:01:59.777+0000][261.009s][info][gc,task     ] GC(104) Using 2 workers of 2 for evacuation
[2026-10-07T05:01:59.792+0000][261.024s][info][gc,phases   ] GC(104)   Pre Evacuate Collection Set: 0.45ms
[2026-10-07T05:01:59.792+0000][261.025s][info][gc,phases   ] GC(104)   Merge Heap Roots: 0.34ms
[2026-10-07T05:01:59.792+0000][261.025s][info][gc,phases   ] GC(104)   Evacuate Collection Set: 13.54ms
[2026-10-07T05:01:59.792+0000][261.025s][info][gc,phases   ] GC(104)   Post Evacuate Collection Set: 0.90ms
[2026-10-07T05:01:59.793+0000][261.026s][info][gc,phases   ] GC(104)   Other: 0.08ms
[2026-10-07T05:01:59.794+0000][261.026s][info][gc,heap     ] GC(104) Eden regions: 23->0(23)
[2026-10-07T05:01:59.794+0000][261.026s][info][gc,heap     ] GC(104) Survivor regions: 2->2(4)
[2026-10-07T05:01:59.794+0000][261.026s][info][gc,heap     ] GC(104) Old regions: 23->23
[2026-10-07T05:01:59.794+0000][261.026s][info][gc,heap     ] GC(104) Humongous regions: 2->2
[2026-10-07T05:01:59.794+0000][261.026s][info][gc,metaspace] GC(104) Metaspace: 73945K(74688K)->73945K(74688K) NonClass: 64580K(64960K)->64580K(64960K) Class: 9365K(9728K)->9365K(9728K)
[2026-10-07T05:01:59.794+0000][261.026s][info][gc          ] GC(104) Pause Young (Normal) (G1 Evacuation Pause) 49M->26M(54M) 16.791ms
[2026-10-07T05:01:59.794+0000][261.026s][info][gc,cpu      ] GC(104) User=0.01s Sys=0.00s Real=0.02s
[2026-10-07T05:02:03.963+0000][265.196s][info][gc,start    ] GC(105) Pause Young (Concurrent Start) (G1 Evacuation Pause)
[2026-10-07T05:02:03.963+0000][265.196s][info][gc,task     ] GC(105) Using 2 workers of 2 for evacuation
[2026-10-07T05:02:03.972+0000][265.204s][info][gc,phases   ] GC(105)   Pre Evacuate Collection Set: 0.42ms
[2026-10-07T05:02:03.972+0000][265.204s][info][gc,phases   ] GC(105)   Merge Heap Roots: 0.24ms
[2026-10-07T05:02:03.972+0000][265.204s][info][gc,phases   ] GC(105)   Evacuate Collection Set: 6.38ms
[2026-10-07T05:02:03.972+0000][265.204s][info][gc,phases   ] GC(105)   Post Evacuate Collection Set: 0.70ms
[2026-10-07T05:02:03.972+0000][265.204s][info][gc,phases   ] GC(105)   Other: 0.48ms
[2026-10-07T05:02:03.972+0000][265.204s][info][gc,heap     ] GC(105) Eden regions: 23->0(23)
[2026-10-07T05:02:03.973+0000][265.205s][info][gc,heap     ] GC(105) Survivor regions: 2->2(4)
[2026-10-07T05:02:03.973+0000][265.205s][info][gc,heap     ] GC(105) Old regions: 23->23
[2026-10-07T05:02:03.973+0000][265.205s][info][gc,heap     ] GC(105) Humongous regions: 2->2
[2026-10-07T05:02:03.973+0000][265.205s][info][gc,metaspace] GC(105) Metaspace: 73959K(74688K)->73959K(74688K) NonClass: 64594K(64960K)->64594K(64960K) Class: 9365K(9728K)->9365K(9728K)
[2026-10-07T05:02:03.973+0000][265.205s][info][gc          ] GC(105) Pause Young (Concurrent Start) (G1 Evacuation Pause) 49M->26M(54M) 9.458ms
[2026-10-07T05:02:03.973+0000][265.205s][info][gc,cpu      ] GC(105) User=0.01s Sys=0.00s Real=0.01s
[2026-10-07T05:02:03.973+0000][265.205s][info][gc          ] GC(106) Concurrent Mark Cycle
[2026-10-07T05:02:03.975+0000][265.208s][info][gc,marking  ] GC(106) Concurrent Scan Root Regions
[2026-10-07T05:02:03.987+0000][265.220s][info][gc,marking  ] GC(106) Concurrent Scan Root Regions 11.907ms
[2026-10-07T05:02:03.987+0000][265.220s][info][gc,marking  ] GC(106) Concurrent Mark
[2026-10-07T05:02:03.987+0000][265.220s][info][gc,marking  ] GC(106) Concurrent Mark From Roots
[2026-10-07T05:02:03.987+0000][265.220s][info][gc,task     ] GC(106) Using 1 workers of 1 for marking
[2026-10-07T05:02:04.088+0000][265.320s][info][gc,marking  ] GC(106) Concurrent Mark From Roots 100.484ms
[2026-10-07T05:02:04.088+0000][265.320s][info][gc,marking  ] GC(106) Concurrent Preclean
[2026-10-07T05:02:04.089+0000][265.322s][info][gc,marking  ] GC(106) Concurrent Preclean 1.602ms
[2026-10-07T05:02:04.090+0000][265.323s][info][gc,start    ] GC(106) Pause Remark
[2026-10-07T05:02:04.117+0000][265.350s][info][gc          ] GC(106) Pause Remark 27M->27M(54M) 26.938ms
[2026-10-07T05:02:04.119+0000][265.351s][info][gc,cpu      ] GC(106) User=0.03s Sys=0.00s Real=0.03s
[2026-10-07T05:02:04.119+0000][265.351s][info][gc,marking  ] GC(106) Concurrent Mark 131.358ms
[2026-10-07T05:02:04.119+0000][265.351s][info][gc,marking  ] GC(106) Concurrent Rebuild Remembered Sets and Scrub Regions
[2026-10-07T05:02:04.162+0000][265.394s][info][gc,marking  ] GC(106) Concurrent Rebuild Remembered Sets and Scrub Regions 43.443ms
[2026-10-07T05:02:04.162+0000][265.394s][info][gc,start    ] GC(106) Pause Cleanup
[2026-10-07T05:02:04.163+0000][265.395s][info][gc          ] GC(106) Pause Cleanup 27M->27M(54M) 0.440ms
[2026-10-07T05:02:04.163+0000][265.395s][info][gc,cpu      ] GC(106) User=0.00s Sys=0.00s Real=0.00s
[2026-10-07T05:02:04.163+0000][265.396s][info][gc,marking  ] GC(106) Concurrent Clear Claimed Marks
[2026-10-07T05:02:04.163+0000][265.396s][info][gc,marking  ] GC(106) Concurrent Clear Claimed Marks 0.133ms
[2026-10-07T05:02:04.163+0000][265.396s][info][gc,marking  ] GC(106) Concurrent Cleanup for Next Mark
[2026-10-07T05:02:04.165+0000][265.397s][info][gc,marking  ] GC(106) Concurrent Cleanup for Next Mark 1.673ms
[2026-10-07T05:02:04.165+0000][265.397s][info][gc          ] GC(106) Concurrent Mark Cycle 192.020ms
[2026-10-07T05:02:08.213+0000][269.445s][info][gc,start    ] GC(107) Pause Young (Prepare Mixed) (G1 Evacuation Pause)
[2026-10-07T05:02:08.213+0000][269.445s][info][gc,task     ] GC(107) Using 2 workers of 2 for evacuation
[2026-10-07T05:02:08.221+0000][269.453s][info][gc,phases   ] GC(107)   Pre Evacuate Collection Set: 0.43ms
[2026-10-07T05:02:08.221+0000][269.453s][info][gc,phases   ] GC(107)   Merge Heap Roots: 0.59ms
[2026-10-07T05:02:08.221+0000][269.453s][info][gc,phases   ] GC(107)   Evacuate Collection Set: 5.60ms
[2026-10-07T05:02:08.221+0000][269.453s][info][gc,phases   ] GC(107)   Post Evacuate Collection Set: 0.91ms
[2026-10-07T05:02:08.221+0000][269.453s][info][gc,phases   ] GC(107)   Other: 0.08ms
[2026-10-07T05:02:08.221+0000][269.453s][info][gc,heap     ] GC(107) Eden regions: 23->0(23)
[2026-10-07T05:02:08.221+0000][269.453s][info][gc,heap     ] GC(107) Survivor regions: 2->2(4)
[2026-10-07T05:02:08.221+0000][269.453s][info][gc,heap     ] GC(107) Old regions: 23->23
[2026-10-07T05:02:08.221+0000][269.453s][info][gc,heap     ] GC(107) Humongous regions: 2->2
[2026-10-07T05:02:08.221+0000][269.453s][info][gc,metaspace] GC(107) Metaspace: 73965K(74752K)->73965K(74752K) NonClass: 64600K(65024K)->64600K(65024K) Class: 9365K(9728K)->9365K(9728K)
[2026-10-07T05:02:08.221+0000][269.453s][info][gc          ] GC(107) Pause Young (Prepare Mixed) (G1 Evacuation Pause) 49M->26M(54M) 7.889ms
[2026-10-07T05:02:08.221+0000][269.454s][info][gc,cpu      ] GC(107) User=0.01s Sys=0.00s Real=0.01s
[2026-10-07T05:02:12.305+0000][273.537s][info][gc,start    ] GC(108) Pause Young (Mixed) (G1 Evacuation Pause)
[2026-10-07T05:02:12.305+0000][273.537s][info][gc,task     ] GC(108) Using 2 workers of 2 for evacuation
[2026-10-07T05:02:12.320+0000][273.552s][info][gc,phases   ] GC(108)   Pre Evacuate Collection Set: 0.80ms
[2026-10-07T05:02:12.320+0000][273.552s][info][gc,phases   ] GC(108)   Merge Heap Roots: 0.23ms
[2026-10-07T05:02:12.320+0000][273.552s][info][gc,phases   ] GC(108)   Evacuate Collection Set: 12.74ms
[2026-10-07T05:02:12.320+0000][273.552s][info][gc,phases   ] GC(108)   Post Evacuate Collection Set: 0.87ms
[2026-10-07T05:02:12.320+0000][273.552s][info][gc,phases   ] GC(108)   Other: 0.11ms
[2026-10-07T05:02:12.320+0000][273.552s][info][gc,heap     ] GC(108) Eden regions: 23->0(23)
[2026-10-07T05:02:12.320+0000][273.552s][info][gc,heap     ] GC(108) Survivor regions: 2->2(4)
[2026-10-07T05:02:12.320+0000][273.552s][info][gc,heap     ] GC(108) Old regions: 23->23
[2026-10-07T05:02:12.320+0000][273.552s][info][gc,heap     ] GC(108) Humongous regions: 2->2
[2026-10-07T05:02:12.320+0000][273.552s][info][gc,metaspace] GC(108) Metaspace: 73971K(74752K)->73971K(74752K) NonClass: 64606K(65024K)->64606K(65024K) Class: 9365K(9728K)->9365K(9728K)
[2026-10-07T05:02:12.320+0000][273.552s][info][gc          ] GC(108) Pause Young (Mixed) (G1 Evacuation Pause) 49M->26M(54M) 15.017ms
[2026-10-07T05:02:12.320+0000][273.552s][info][gc,cpu      ] GC(108) User=0.02s Sys=0.00s Real=0.01s
[2026-10-07T05:02:16.583+0000][277.815s][info][gc,start    ] GC(109) Pause Young (Concurrent Start) (G1 Evacuation Pause)
[2026-10-07T05:02:16.583+0000][277.816s][info][gc,task     ] GC(109) Using 2 workers of 2 for evacuation
[2026-10-07T05:02:16.593+0000][277.826s][info][gc,phases   ] GC(109)   Pre Evacuate Collection Set: 0.29ms
[2026-10-07T05:02:16.593+0000][277.826s][info][gc,phases   ] GC(109)   Merge Heap Roots: 0.11ms
[2026-10-07T05:02:16.593+0000][277.826s][info][gc,phases   ] GC(109)   Evacuate Collection Set: 8.72ms
[2026-10-07T05:02:16.593+0000][277.826s][info][gc,phases   ] GC(109)   Post Evacuate Collection Set: 0.75ms
[2026-10-07T05:02:16.593+0000][277.826s][info][gc,phases   ] GC(109)   Other: 0.14ms
[2026-10-07T05:02:16.593+0000][277.826s][info][gc,heap     ] GC(109) Eden regions: 23->0(23)
[2026-10-07T05:02:16.593+0000][277.826s][info][gc,heap     ] GC(109) Survivor regions: 2->2(4)
[2026-10-07T05:02:16.593+0000][277.826s][info][gc,heap     ] GC(109) Old regions: 23->23
[2026-10-07T05:02:16.593+0000][277.826s][info][gc,heap     ] GC(109) Humongous regions: 2->2
[2026-10-07T05:02:16.593+0000][277.826s][info][gc,metaspace] GC(109) Metaspace: 73980K(74752K)->73980K(74752K) NonClass: 64614K(65024K)->64614K(65024K) Class: 9365K(9728K)->9365K(9728K)
[2026-10-07T05:02:16.593+0000][277.826s][info][gc          ] GC(109) Pause Young (Concurrent Start) (G1 Evacuation Pause) 49M->26M(54M) 10.273ms
[2026-10-07T05:02:16.594+0000][277.826s][info][gc,cpu      ] GC(109) User=0.01s Sys=0.00s Real=0.02s
[2026-10-07T05:02:16.594+0000][277.826s][info][gc          ] GC(110) Concurrent Mark Cycle
[2026-10-07T05:02:16.594+0000][277.826s][info][gc,marking  ] GC(110) Concurrent Scan Root Regions
[2026-10-07T05:02:16.605+0000][277.837s][info][gc,marking  ] GC(110) Concurrent Scan Root Regions 11.171ms
[2026-10-07T05:02:16.605+0000][277.837s][info][gc,marking  ] GC(110) Concurrent Mark
[2026-10-07T05:02:16.605+0000][277.837s][info][gc,marking  ] GC(110) Concurrent Mark From Roots
[2026-10-07T05:02:16.605+0000][277.837s][info][gc,task     ] GC(110) Using 1 workers of 1 for marking
[2026-10-07T05:02:16.674+0000][277.906s][info][gc,marking  ] GC(110) Concurrent Mark From Roots 68.504ms
[2026-10-07T05:02:16.674+0000][277.906s][info][gc,marking  ] GC(110) Concurrent Preclean
[2026-10-07T05:02:16.674+0000][277.906s][info][gc,marking  ] GC(110) Concurrent Preclean 0.157ms
[2026-10-07T05:02:16.674+0000][277.906s][info][gc,start    ] GC(110) Pause Remark
[2026-10-07T05:02:16.696+0000][277.929s][info][gc          ] GC(110) Pause Remark 27M->27M(54M) 22.249ms
[2026-10-07T05:02:16.696+0000][277.929s][info][gc,cpu      ] GC(110) User=0.03s Sys=0.00s Real=0.02s
[2026-10-07T05:02:16.698+0000][277.930s][info][gc,marking  ] GC(110) Concurrent Mark 92.672ms
[2026-10-07T05:02:16.698+0000][277.930s][info][gc,marking  ] GC(110) Concurrent Rebuild Remembered Sets and Scrub Regions
[2026-10-07T05:02:16.741+0000][277.973s][info][gc,marking  ] GC(110) Concurrent Rebuild Remembered Sets and Scrub Regions 42.633ms
[2026-10-07T05:02:16.741+0000][277.973s][info][gc,start    ] GC(110) Pause Cleanup
[2026-10-07T05:02:16.741+0000][277.974s][info][gc          ] GC(110) Pause Cleanup 27M->27M(54M) 0.389ms
[2026-10-07T05:02:16.741+0000][277.974s][info][gc,cpu      ] GC(110) User=0.00s Sys=0.00s Real=0.00s
[2026-10-07T05:02:16.742+0000][277.974s][info][gc,marking  ] GC(110) Concurrent Clear Claimed Marks
[2026-10-07T05:02:16.742+0000][277.974s][info][gc,marking  ] GC(110) Concurrent Clear Claimed Marks 0.119ms
[2026-10-07T05:02:16.742+0000][277.974s][info][gc,marking  ] GC(110) Concurrent Cleanup for Next Mark
[2026-10-07T05:02:16.742+0000][277.975s][info][gc,marking  ] GC(110) Concurrent Cleanup for Next Mark 0.574ms
[2026-10-07T05:02:16.742+0000][277.975s][info][gc          ] GC(110) Concurrent Mark Cycle 148.496ms
[2026-10-07T05:02:21.124+0000][282.356s][info][gc,start    ] GC(111) Pause Young (Normal) (G1 Evacuation Pause)
[2026-10-07T05:02:21.124+0000][282.356s][info][gc,task     ] GC(111) Using 2 workers of 2 for evacuation
[2026-10-07T05:02:21.132+0000][282.365s][info][gc,phases   ] GC(111)   Pre Evacuate Collection Set: 0.71ms
[2026-10-07T05:02:21.133+0000][282.365s][info][gc,phases   ] GC(111)   Merge Heap Roots: 0.59ms
[2026-10-07T05:02:21.133+0000][282.365s][info][gc,phases   ] GC(111)   Evacuate Collection Set: 6.45ms
[2026-10-07T05:02:21.133+0000][282.365s][info][gc,phases   ] GC(111)   Post Evacuate Collection Set: 0.73ms
[2026-10-07T05:02:21.133+0000][282.365s][info][gc,phases   ] GC(111)   Other: 0.30ms
[2026-10-07T05:02:21.133+0000][282.365s][info][gc,heap     ] GC(111) Eden regions: 23->0(23)
[2026-10-07T05:02:21.133+0000][282.365s][info][gc,heap     ] GC(111) Survivor regions: 2->2(4)
[2026-10-07T05:02:21.133+0000][282.365s][info][gc,heap     ] GC(111) Old regions: 23->23
[2026-10-07T05:02:21.133+0000][282.365s][info][gc,heap     ] GC(111) Humongous regions: 2->2
[2026-10-07T05:02:21.133+0000][282.365s][info][gc,metaspace] GC(111) Metaspace: 73987K(74752K)->73987K(74752K) NonClass: 64621K(65024K)->64621K(65024K) Class: 9365K(9728K)->9365K(9728K)
[2026-10-07T05:02:21.134+0000][282.366s][info][gc          ] GC(111) Pause Young (Normal) (G1 Evacuation Pause) 49M->26M(54M) 9.893ms
[2026-10-07T05:02:21.135+0000][282.367s][info][gc,cpu      ] GC(111) User=0.01s Sys=0.00s Real=0.01s
[2026-10-07T05:02:24.925+0000][286.157s][info][gc,start    ] GC(112) Pause Young (Concurrent Start) (G1 Evacuation Pause)
[2026-10-07T05:02:24.926+0000][286.158s][info][gc,task     ] GC(112) Using 2 workers of 2 for evacuation
[2026-10-07T05:02:24.937+0000][286.170s][info][gc,phases   ] GC(112)   Pre Evacuate Collection Set: 0.36ms
[2026-10-07T05:02:24.937+0000][286.170s][info][gc,phases   ] GC(112)   Merge Heap Roots: 0.53ms
[2026-10-07T05:02:24.937+0000][286.170s][info][gc,phases   ] GC(112)   Evacuate Collection Set: 9.30ms
[2026-10-07T05:02:24.937+0000][286.170s][info][gc,phases   ] GC(112)   Post Evacuate Collection Set: 0.89ms
[2026-10-07T05:02:24.937+0000][286.170s][info][gc,phases   ] GC(112)   Other: 0.22ms
[2026-10-07T05:02:24.939+0000][286.171s][info][gc,heap     ] GC(112) Eden regions: 23->0(22)
[2026-10-07T05:02:24.939+0000][286.171s][info][gc,heap     ] GC(112) Survivor regions: 2->3(4)
[2026-10-07T05:02:24.939+0000][286.171s][info][gc,heap     ] GC(112) Old regions: 23->23
[2026-10-07T05:02:24.939+0000][286.171s][info][gc,heap     ] GC(112) Humongous regions: 2->2
[2026-10-07T05:02:24.939+0000][286.171s][info][gc,metaspace] GC(112) Metaspace: 74168K(74944K)->74168K(74944K) NonClass: 64802K(65216K)->64802K(65216K) Class: 9365K(9728K)->9365K(9728K)
[2026-10-07T05:02:24.939+0000][286.172s][info][gc          ] GC(112) Pause Young (Concurrent Start) (G1 Evacuation Pause) 49M->27M(54M) 14.493ms
[2026-10-07T05:02:24.940+0000][286.172s][info][gc          ] GC(113) Concurrent Mark Cycle
[2026-10-07T05:02:24.940+0000][286.172s][info][gc,marking  ] GC(113) Concurrent Scan Root Regions
[2026-10-07T05:02:24.941+0000][286.173s][info][gc,cpu      ] GC(112) User=0.01s Sys=0.01s Real=0.01s
[2026-10-07T05:02:24.960+0000][286.193s][info][gc,marking  ] GC(113) Concurrent Scan Root Regions 20.210ms
[2026-10-07T05:02:24.960+0000][286.193s][info][gc,marking  ] GC(113) Concurrent Mark
[2026-10-07T05:02:24.960+0000][286.193s][info][gc,marking  ] GC(113) Concurrent Mark From Roots
[2026-10-07T05:02:24.960+0000][286.193s][info][gc,task     ] GC(113) Using 1 workers of 1 for marking
[2026-10-07T05:02:25.077+0000][286.309s][info][gc,marking  ] GC(113) Concurrent Mark From Roots 116.564ms
[2026-10-07T05:02:25.077+0000][286.309s][info][gc,marking  ] GC(113) Concurrent Preclean
[2026-10-07T05:02:25.082+0000][286.314s][info][gc,marking  ] GC(113) Concurrent Preclean 4.710ms
[2026-10-07T05:02:25.083+0000][286.315s][info][gc,start    ] GC(113) Pause Remark
[2026-10-07T05:02:25.113+0000][286.345s][info][gc          ] GC(113) Pause Remark 28M->28M(54M) 30.449ms
[2026-10-07T05:02:25.113+0000][286.345s][info][gc,cpu      ] GC(113) User=0.04s Sys=0.00s Real=0.03s
[2026-10-07T05:02:25.118+0000][286.351s][info][gc,marking  ] GC(113) Concurrent Mark 157.966ms
[2026-10-07T05:02:25.119+0000][286.351s][info][gc,marking  ] GC(113) Concurrent Rebuild Remembered Sets and Scrub Regions
[2026-10-07T05:02:25.161+0000][286.393s][info][gc,marking  ] GC(113) Concurrent Rebuild Remembered Sets and Scrub Regions 42.537ms
[2026-10-07T05:02:25.162+0000][286.394s][info][gc,start    ] GC(113) Pause Cleanup
[2026-10-07T05:02:25.162+0000][286.395s][info][gc          ] GC(113) Pause Cleanup 29M->29M(54M) 0.766ms
[2026-10-07T05:02:25.163+0000][286.395s][info][gc,cpu      ] GC(113) User=0.00s Sys=0.00s Real=0.00s
[2026-10-07T05:02:25.163+0000][286.396s][info][gc,marking  ] GC(113) Concurrent Clear Claimed Marks
[2026-10-07T05:02:25.164+0000][286.396s][info][gc,marking  ] GC(113) Concurrent Clear Claimed Marks 0.761ms
[2026-10-07T05:02:25.164+0000][286.397s][info][gc,marking  ] GC(113) Concurrent Cleanup for Next Mark
[2026-10-07T05:02:25.166+0000][286.398s][info][gc,marking  ] GC(113) Concurrent Cleanup for Next Mark 1.528ms
[2026-10-07T05:02:25.166+0000][286.398s][info][gc          ] GC(113) Concurrent Mark Cycle 225.985ms
[2026-10-07T05:02:28.535+0000][289.767s][info][gc,start    ] GC(114) Pause Young (Normal) (G1 Evacuation Pause)
[2026-10-07T05:02:28.535+0000][289.767s][info][gc,task     ] GC(114) Using 2 workers of 2 for evacuation
[2026-10-07T05:02:28.547+0000][289.780s][info][gc,phases   ] GC(114)   Pre Evacuate Collection Set: 0.17ms
[2026-10-07T05:02:28.547+0000][289.780s][info][gc,phases   ] GC(114)   Merge Heap Roots: 0.77ms
[2026-10-07T05:02:28.547+0000][289.780s][info][gc,phases   ] GC(114)   Evacuate Collection Set: 10.85ms
[2026-10-07T05:02:28.548+0000][289.780s][info][gc,phases   ] GC(114)   Post Evacuate Collection Set: 0.92ms
[2026-10-07T05:02:28.548+0000][289.780s][info][gc,phases   ] GC(114)   Other: 0.08ms
[2026-10-07T05:02:28.548+0000][289.780s][info][gc,heap     ] GC(114) Eden regions: 22->0(21)
[2026-10-07T05:02:28.548+0000][289.780s][info][gc,heap     ] GC(114) Survivor regions: 3->4(4)
[2026-10-07T05:02:28.548+0000][289.780s][info][gc,heap     ] GC(114) Old regions: 23->24
[2026-10-07T05:02:28.548+0000][289.780s][info][gc,heap     ] GC(114) Humongous regions: 2->2
[2026-10-07T05:02:28.548+0000][289.780s][info][gc,metaspace] GC(114) Metaspace: 74210K(74944K)->74210K(74944K) NonClass: 64843K(65216K)->64843K(65216K) Class: 9366K(9728K)->9366K(9728K)
[2026-10-07T05:02:28.548+0000][289.780s][info][gc          ] GC(114) Pause Young (Normal) (G1 Evacuation Pause) 49M->29M(55M) 13.332ms
[2026-10-07T05:02:28.548+0000][289.781s][info][gc,cpu      ] GC(114) User=0.02s Sys=0.00s Real=0.01s
[2026-10-07T05:02:32.126+0000][293.358s][info][gc,start    ] GC(115) Pause Young (Concurrent Start) (G1 Evacuation Pause)
[2026-10-07T05:02:32.126+0000][293.359s][info][gc,task     ] GC(115) Using 2 workers of 2 for evacuation
[2026-10-07T05:02:32.140+0000][293.372s][info][gc,phases   ] GC(115)   Pre Evacuate Collection Set: 0.75ms
[2026-10-07T05:02:32.140+0000][293.372s][info][gc,phases   ] GC(115)   Merge Heap Roots: 0.34ms
[2026-10-07T05:02:32.140+0000][293.372s][info][gc,phases   ] GC(115)   Evacuate Collection Set: 11.06ms
[2026-10-07T05:02:32.140+0000][293.372s][info][gc,phases   ] GC(115)   Post Evacuate Collection Set: 0.82ms
[2026-10-07T05:02:32.140+0000][293.372s][info][gc,phases   ] GC(115)   Other: 0.27ms
[2026-10-07T05:02:32.140+0000][293.372s][info][gc,heap     ] GC(115) Eden regions: 21->0(21)
[2026-10-07T05:02:32.140+0000][293.373s][info][gc,heap     ] GC(115) Survivor regions: 4->3(4)
[2026-10-07T05:02:32.140+0000][293.373s][info][gc,heap     ] GC(115) Old regions: 24->26
[2026-10-07T05:02:32.140+0000][293.373s][info][gc,heap     ] GC(115) Humongous regions: 2->2
[2026-10-07T05:02:32.140+0000][293.373s][info][gc,metaspace] GC(115) Metaspace: 74251K(75072K)->74251K(75072K) NonClass: 64884K(65344K)->64884K(65344K) Class: 9366K(9728K)->9366K(9728K)
[2026-10-07T05:02:32.141+0000][293.373s][info][gc          ] GC(115) Pause Young (Concurrent Start) (G1 Evacuation Pause) 50M->30M(56M) 14.455ms
[2026-10-07T05:02:32.141+0000][293.374s][info][gc          ] GC(116) Concurrent Mark Cycle
[2026-10-07T05:02:32.141+0000][293.374s][info][gc,marking  ] GC(116) Concurrent Scan Root Regions
[2026-10-07T05:02:32.142+0000][293.374s][info][gc,cpu      ] GC(115) User=0.01s Sys=0.00s Real=0.01s
[2026-10-07T05:02:32.156+0000][293.388s][info][gc,marking  ] GC(116) Concurrent Scan Root Regions 14.501ms
[2026-10-07T05:02:32.156+0000][293.389s][info][gc,marking  ] GC(116) Concurrent Mark
[2026-10-07T05:02:32.156+0000][293.389s][info][gc,marking  ] GC(116) Concurrent Mark From Roots
[2026-10-07T05:02:32.156+0000][293.389s][info][gc,task     ] GC(116) Using 1 workers of 1 for marking
[2026-10-07T05:02:32.282+0000][293.514s][info][gc,marking  ] GC(116) Concurrent Mark From Roots 125.735ms
[2026-10-07T05:02:32.282+0000][293.514s][info][gc,marking  ] GC(116) Concurrent Preclean
[2026-10-07T05:02:32.282+0000][293.515s][info][gc,marking  ] GC(116) Concurrent Preclean 0.250ms
[2026-10-07T05:02:32.283+0000][293.515s][info][gc,start    ] GC(116) Pause Remark
[2026-10-07T05:02:32.312+0000][293.544s][info][gc          ] GC(116) Pause Remark 31M->31M(56M) 28.957ms
[2026-10-07T05:02:32.312+0000][293.544s][info][gc,cpu      ] GC(116) User=0.04s Sys=0.00s Real=0.03s
[2026-10-07T05:02:32.312+0000][293.544s][info][gc,marking  ] GC(116) Concurrent Mark 155.875ms
[2026-10-07T05:02:32.312+0000][293.544s][info][gc,marking  ] GC(116) Concurrent Rebuild Remembered Sets and Scrub Regions
[2026-10-07T05:02:32.370+0000][293.602s][info][gc,marking  ] GC(116) Concurrent Rebuild Remembered Sets and Scrub Regions 57.509ms
[2026-10-07T05:02:32.371+0000][293.603s][info][gc,start    ] GC(116) Pause Cleanup
[2026-10-07T05:02:32.371+0000][293.603s][info][gc          ] GC(116) Pause Cleanup 31M->31M(56M) 0.388ms
[2026-10-07T05:02:32.371+0000][293.603s][info][gc,cpu      ] GC(116) User=0.00s Sys=0.00s Real=0.00s
[2026-10-07T05:02:32.372+0000][293.604s][info][gc,marking  ] GC(116) Concurrent Clear Claimed Marks
[2026-10-07T05:02:32.372+0000][293.604s][info][gc,marking  ] GC(116) Concurrent Clear Claimed Marks 0.185ms
[2026-10-07T05:02:32.373+0000][293.605s][info][gc,marking  ] GC(116) Concurrent Cleanup for Next Mark
[2026-10-07T05:02:32.376+0000][293.608s][info][gc,marking  ] GC(116) Concurrent Cleanup for Next Mark 3.128ms
[2026-10-07T05:02:32.376+0000][293.609s][info][gc          ] GC(116) Concurrent Mark Cycle 235.121ms
[2026-10-07T05:02:36.026+0000][297.258s][info][gc,start    ] GC(117) Pause Young (Prepare Mixed) (G1 Evacuation Pause)
[2026-10-07T05:02:36.026+0000][297.258s][info][gc,task     ] GC(117) Using 2 workers of 2 for evacuation
[2026-10-07T05:02:36.044+0000][297.276s][info][gc,phases   ] GC(117)   Pre Evacuate Collection Set: 1.13ms
[2026-10-07T05:02:36.044+0000][297.276s][info][gc,phases   ] GC(117)   Merge Heap Roots: 0.11ms
[2026-10-07T05:02:36.044+0000][297.276s][info][gc,phases   ] GC(117)   Evacuate Collection Set: 15.07ms
[2026-10-07T05:02:36.044+0000][297.276s][info][gc,phases   ] GC(117)   Post Evacuate Collection Set: 1.35ms
[2026-10-07T05:02:36.044+0000][297.276s][info][gc,phases   ] GC(117)   Other: 0.11ms
[2026-10-07T05:02:36.044+0000][297.276s][info][gc,heap     ] GC(117) Eden regions: 21->0(21)
[2026-10-07T05:02:36.044+0000][297.276s][info][gc,heap     ] GC(117) Survivor regions: 3->2(3)
[2026-10-07T05:02:36.044+0000][297.276s][info][gc,heap     ] GC(117) Old regions: 26->27
[2026-10-07T05:02:36.044+0000][297.276s][info][gc,heap     ] GC(117) Humongous regions: 2->2
[2026-10-07T05:02:36.044+0000][297.276s][info][gc,metaspace] GC(117) Metaspace: 74258K(75072K)->74258K(75072K) NonClass: 64891K(65344K)->64891K(65344K) Class: 9366K(9728K)->9366K(9728K)
[2026-10-07T05:02:36.044+0000][297.276s][info][gc          ] GC(117) Pause Young (Prepare Mixed) (G1 Evacuation Pause) 51M->30M(56M) 18.247ms
[2026-10-07T05:02:36.044+0000][297.276s][info][gc,cpu      ] GC(117) User=0.01s Sys=0.00s Real=0.02s
[2026-10-07T05:02:40.010+0000][301.243s][info][gc,start    ] GC(118) Pause Young (Mixed) (G1 Evacuation Pause)
[2026-10-07T05:02:40.010+0000][301.243s][info][gc,task     ] GC(118) Using 2 workers of 2 for evacuation
[2026-10-07T05:02:40.022+0000][301.254s][info][gc,phases   ] GC(118)   Pre Evacuate Collection Set: 0.66ms
[2026-10-07T05:02:40.022+0000][301.254s][info][gc,phases   ] GC(118)   Merge Heap Roots: 0.45ms
[2026-10-07T05:02:40.022+0000][301.254s][info][gc,phases   ] GC(118)   Evacuate Collection Set: 9.00ms
[2026-10-07T05:02:40.022+0000][301.254s][info][gc,phases   ] GC(118)   Post Evacuate Collection Set: 0.92ms
[2026-10-07T05:02:40.022+0000][301.254s][info][gc,phases   ] GC(118)   Other: 0.10ms
[2026-10-07T05:02:40.022+0000][301.254s][info][gc,heap     ] GC(118) Eden regions: 21->0(21)
[2026-10-07T05:02:40.022+0000][301.254s][info][gc,heap     ] GC(118) Survivor regions: 2->2(3)
[2026-10-07T05:02:40.022+0000][301.254s][info][gc,heap     ] GC(118) Old regions: 27->27
[2026-10-07T05:02:40.022+0000][301.254s][info][gc,heap     ] GC(118) Humongous regions: 2->2
[2026-10-07T05:02:40.022+0000][301.254s][info][gc,metaspace] GC(118) Metaspace: 74258K(75072K)->74258K(75072K) NonClass: 64891K(65344K)->64891K(65344K) Class: 9366K(9728K)->9366K(9728K)
[2026-10-07T05:02:40.022+0000][301.254s][info][gc          ] GC(118) Pause Young (Mixed) (G1 Evacuation Pause) 51M->30M(56M) 11.412ms
[2026-10-07T05:02:40.022+0000][301.254s][info][gc,cpu      ] GC(118) User=0.02s Sys=0.00s Real=0.01s
[2026-10-07T05:02:43.668+0000][304.900s][info][gc,start    ] GC(119) Pause Young (Concurrent Start) (G1 Evacuation Pause)
[2026-10-07T05:02:43.668+0000][304.901s][info][gc,task     ] GC(119) Using 2 workers of 2 for evacuation
[2026-10-07T05:02:43.680+0000][304.912s][info][gc,phases   ] GC(119)   Pre Evacuate Collection Set: 0.48ms
[2026-10-07T05:02:43.680+0000][304.912s][info][gc,phases   ] GC(119)   Merge Heap Roots: 0.11ms
[2026-10-07T05:02:43.680+0000][304.912s][info][gc,phases   ] GC(119)   Evacuate Collection Set: 9.17ms
[2026-10-07T05:02:43.680+0000][304.912s][info][gc,phases   ] GC(119)   Post Evacuate Collection Set: 1.07ms
[2026-10-07T05:02:43.680+0000][304.912s][info][gc,phases   ] GC(119)   Other: 0.53ms
[2026-10-07T05:02:43.680+0000][304.912s][info][gc,heap     ] GC(119) Eden regions: 21->0(20)
[2026-10-07T05:02:43.680+0000][304.912s][info][gc,heap     ] GC(119) Survivor regions: 2->2(3)
[2026-10-07T05:02:43.680+0000][304.912s][info][gc,heap     ] GC(119) Old regions: 27->28
[2026-10-07T05:02:43.680+0000][304.912s][info][gc,heap     ] GC(119) Humongous regions: 2->2
[2026-10-07T05:02:43.680+0000][304.912s][info][gc,metaspace] GC(119) Metaspace: 74263K(75072K)->74263K(75072K) NonClass: 64896K(65344K)->64896K(65344K) Class: 9367K(9728K)->9367K(9728K)
[2026-10-07T05:02:43.680+0000][304.912s][info][gc          ] GC(119) Pause Young (Concurrent Start) (G1 Evacuation Pause) 51M->30M(56M) 11.603ms
[2026-10-07T05:02:43.680+0000][304.912s][info][gc,cpu      ] GC(119) User=0.01s Sys=0.00s Real=0.01s
[2026-10-07T05:02:43.680+0000][304.912s][info][gc          ] GC(120) Concurrent Mark Cycle
[2026-10-07T05:02:43.681+0000][304.913s][info][gc,marking  ] GC(120) Concurrent Scan Root Regions
[2026-10-07T05:02:43.697+0000][304.929s][info][gc,marking  ] GC(120) Concurrent Scan Root Regions 15.997ms
[2026-10-07T05:02:43.697+0000][304.929s][info][gc,marking  ] GC(120) Concurrent Mark
[2026-10-07T05:02:43.697+0000][304.929s][info][gc,marking  ] GC(120) Concurrent Mark From Roots
[2026-10-07T05:02:43.697+0000][304.929s][info][gc,task     ] GC(120) Using 1 workers of 1 for marking
[2026-10-07T05:02:43.862+0000][305.094s][info][gc,marking  ] GC(120) Concurrent Mark From Roots 165.039ms
[2026-10-07T05:02:43.862+0000][305.094s][info][gc,marking  ] GC(120) Concurrent Preclean
[2026-10-07T05:02:43.862+0000][305.095s][info][gc,marking  ] GC(120) Concurrent Preclean 0.195ms
[2026-10-07T05:02:43.863+0000][305.095s][info][gc,start    ] GC(120) Pause Remark
[2026-10-07T05:02:43.904+0000][305.136s][info][gc          ] GC(120) Pause Remark 31M->31M(56M) 41.234ms
[2026-10-07T05:02:43.904+0000][305.136s][info][gc,cpu      ] GC(120) User=0.04s Sys=0.00s Real=0.05s
[2026-10-07T05:02:43.904+0000][305.136s][info][gc,marking  ] GC(120) Concurrent Mark 207.230ms
[2026-10-07T05:02:43.904+0000][305.137s][info][gc,marking  ] GC(120) Concurrent Rebuild Remembered Sets and Scrub Regions
[2026-10-07T05:02:44.029+0000][305.261s][info][gc,marking  ] GC(120) Concurrent Rebuild Remembered Sets and Scrub Regions 124.750ms
[2026-10-07T05:02:44.031+0000][305.263s][info][gc,start    ] GC(120) Pause Cleanup
[2026-10-07T05:02:44.031+0000][305.264s][info][gc          ] GC(120) Pause Cleanup 32M->32M(56M) 0.808ms
[2026-10-07T05:02:44.031+0000][305.264s][info][gc,cpu      ] GC(120) User=0.00s Sys=0.00s Real=0.00s
[2026-10-07T05:02:44.033+0000][305.266s][info][gc,marking  ] GC(120) Concurrent Clear Claimed Marks
[2026-10-07T05:02:44.033+0000][305.266s][info][gc,marking  ] GC(120) Concurrent Clear Claimed Marks 0.144ms
[2026-10-07T05:02:44.034+0000][305.266s][info][gc,marking  ] GC(120) Concurrent Cleanup for Next Mark
[2026-10-07T05:02:44.036+0000][305.268s][info][gc,marking  ] GC(120) Concurrent Cleanup for Next Mark 2.285ms
[2026-10-07T05:02:44.036+0000][305.268s][info][gc          ] GC(120) Concurrent Mark Cycle 356.046ms
[2026-10-07T05:02:47.629+0000][308.861s][info][gc,start    ] GC(121) Pause Young (Prepare Mixed) (G1 Evacuation Pause)
[2026-10-07T05:02:47.629+0000][308.861s][info][gc,task     ] GC(121) Using 2 workers of 2 for evacuation
[2026-10-07T05:02:47.639+0000][308.871s][info][gc,phases   ] GC(121)   Pre Evacuate Collection Set: 0.36ms
[2026-10-07T05:02:47.639+0000][308.871s][info][gc,phases   ] GC(121)   Merge Heap Roots: 0.40ms
[2026-10-07T05:02:47.639+0000][308.871s][info][gc,phases   ] GC(121)   Evacuate Collection Set: 7.53ms
[2026-10-07T05:02:47.639+0000][308.871s][info][gc,phases   ] GC(121)   Post Evacuate Collection Set: 1.14ms
[2026-10-07T05:02:47.639+0000][308.871s][info][gc,phases   ] GC(121)   Other: 0.08ms
[2026-10-07T05:02:47.639+0000][308.871s][info][gc,heap     ] GC(121) Eden regions: 20->0(20)
[2026-10-07T05:02:47.639+0000][308.871s][info][gc,heap     ] GC(121) Survivor regions: 2->2(3)
[2026-10-07T05:02:47.639+0000][308.871s][info][gc,heap     ] GC(121) Old regions: 28->28
[2026-10-07T05:02:47.639+0000][308.871s][info][gc,heap     ] GC(121) Humongous regions: 2->2
[2026-10-07T05:02:47.639+0000][308.871s][info][gc,metaspace] GC(121) Metaspace: 74276K(75072K)->74276K(75072K) NonClass: 64908K(65344K)->64908K(65344K) Class: 9367K(9728K)->9367K(9728K)
[2026-10-07T05:02:47.639+0000][308.871s][info][gc          ] GC(121) Pause Young (Prepare Mixed) (G1 Evacuation Pause) 50M->30M(56M) 9.873ms
[2026-10-07T05:02:47.639+0000][308.871s][info][gc,cpu      ] GC(121) User=0.01s Sys=0.01s Real=0.01s
[2026-10-07T05:02:51.016+0000][312.248s][info][gc,start    ] GC(122) Pause Young (Mixed) (G1 Evacuation Pause)
[2026-10-07T05:02:51.016+0000][312.248s][info][gc,task     ] GC(122) Using 2 workers of 2 for evacuation
[2026-10-07T05:02:51.029+0000][312.261s][info][gc,phases   ] GC(122)   Pre Evacuate Collection Set: 1.10ms
[2026-10-07T05:02:51.029+0000][312.261s][info][gc,phases   ] GC(122)   Merge Heap Roots: 0.50ms
[2026-10-07T05:02:51.029+0000][312.261s][info][gc,phases   ] GC(122)   Evacuate Collection Set: 10.16ms
[2026-10-07T05:02:51.029+0000][312.261s][info][gc,phases   ] GC(122)   Post Evacuate Collection Set: 0.89ms
[2026-10-07T05:02:51.029+0000][312.261s][info][gc,phases   ] GC(122)   Other: 0.12ms
[2026-10-07T05:02:51.029+0000][312.261s][info][gc,heap     ] GC(122) Eden regions: 20->0(20)
[2026-10-07T05:02:51.029+0000][312.261s][info][gc,heap     ] GC(122) Survivor regions: 2->2(3)
[2026-10-07T05:02:51.029+0000][312.261s][info][gc,heap     ] GC(122) Old regions: 28->28
[2026-10-07T05:02:51.029+0000][312.261s][info][gc,heap     ] GC(122) Humongous regions: 2->2
[2026-10-07T05:02:51.029+0000][312.261s][info][gc,metaspace] GC(122) Metaspace: 74296K(75072K)->74296K(75072K) NonClass: 64928K(65344K)->64928K(65344K) Class: 9367K(9728K)->9367K(9728K)
[2026-10-07T05:02:51.030+0000][312.262s][info][gc          ] GC(122) Pause Young (Mixed) (G1 Evacuation Pause) 50M->30M(56M) 13.755ms
[2026-10-07T05:02:51.030+0000][312.262s][info][gc,cpu      ] GC(122) User=0.02s Sys=0.00s Real=0.01s
[2026-10-07T05:02:54.727+0000][315.960s][info][gc,start    ] GC(123) Pause Young (Concurrent Start) (G1 Evacuation Pause)
[2026-10-07T05:02:54.728+0000][315.960s][info][gc,task     ] GC(123) Using 2 workers of 2 for evacuation
[2026-10-07T05:02:54.735+0000][315.968s][info][gc,phases   ] GC(123)   Pre Evacuate Collection Set: 0.50ms
[2026-10-07T05:02:54.735+0000][315.968s][info][gc,phases   ] GC(123)   Merge Heap Roots: 0.13ms
[2026-10-07T05:02:54.735+0000][315.968s][info][gc,phases   ] GC(123)   Evacuate Collection Set: 6.08ms
[2026-10-07T05:02:54.735+0000][315.968s][info][gc,phases   ] GC(123)   Post Evacuate Collection Set: 0.68ms
[2026-10-07T05:02:54.735+0000][315.968s][info][gc,phases   ] GC(123)   Other: 0.13ms
[2026-10-07T05:02:54.735+0000][315.968s][info][gc,heap     ] GC(123) Eden regions: 20->0(20)
[2026-10-07T05:02:54.735+0000][315.968s][info][gc,heap     ] GC(123) Survivor regions: 2->2(3)
[2026-10-07T05:02:54.735+0000][315.968s][info][gc,heap     ] GC(123) Old regions: 28->28
[2026-10-07T05:02:54.735+0000][315.968s][info][gc,heap     ] GC(123) Humongous regions: 2->2
[2026-10-07T05:02:54.735+0000][315.968s][info][gc,metaspace] GC(123) Metaspace: 74296K(75072K)->74296K(75072K) NonClass: 64928K(65344K)->64928K(65344K) Class: 9367K(9728K)->9367K(9728K)
[2026-10-07T05:02:54.736+0000][315.968s][info][gc          ] GC(123) Pause Young (Concurrent Start) (G1 Evacuation Pause) 50M->30M(56M) 8.138ms
[2026-10-07T05:02:54.736+0000][315.968s][info][gc          ] GC(124) Concurrent Mark Cycle
[2026-10-07T05:02:54.736+0000][315.968s][info][gc,marking  ] GC(124) Concurrent Scan Root Regions
[2026-10-07T05:02:54.736+0000][315.968s][info][gc,cpu      ] GC(123) User=0.01s Sys=0.00s Real=0.01s
[2026-10-07T05:02:54.744+0000][315.976s][info][gc,marking  ] GC(124) Concurrent Scan Root Regions 8.582ms
[2026-10-07T05:02:54.744+0000][315.976s][info][gc,marking  ] GC(124) Concurrent Mark
[2026-10-07T05:02:54.744+0000][315.976s][info][gc,marking  ] GC(124) Concurrent Mark From Roots
[2026-10-07T05:02:54.744+0000][315.976s][info][gc,task     ] GC(124) Using 1 workers of 1 for marking
[2026-10-07T05:02:54.846+0000][316.078s][info][gc,marking  ] GC(124) Concurrent Mark From Roots 101.471ms
[2026-10-07T05:02:54.846+0000][316.078s][info][gc,marking  ] GC(124) Concurrent Preclean
[2026-10-07T05:02:54.846+0000][316.078s][info][gc,marking  ] GC(124) Concurrent Preclean 0.439ms
[2026-10-07T05:02:54.847+0000][316.079s][info][gc,start    ] GC(124) Pause Remark
[2026-10-07T05:02:54.876+0000][316.108s][info][gc          ] GC(124) Pause Remark 31M->31M(56M) 28.549ms
[2026-10-07T05:02:54.876+0000][316.108s][info][gc,cpu      ] GC(124) User=0.03s Sys=0.00s Real=0.03s
[2026-10-07T05:02:54.878+0000][316.110s][info][gc,marking  ] GC(124) Concurrent Mark 133.502ms
[2026-10-07T05:02:54.878+0000][316.110s][info][gc,marking  ] GC(124) Concurrent Rebuild Remembered Sets and Scrub Regions
[2026-10-07T05:02:54.917+0000][316.149s][info][gc,marking  ] GC(124) Concurrent Rebuild Remembered Sets and Scrub Regions 38.971ms
[2026-10-07T05:02:54.917+0000][316.149s][info][gc,start    ] GC(124) Pause Cleanup
[2026-10-07T05:02:54.918+0000][316.150s][info][gc          ] GC(124) Pause Cleanup 31M->31M(56M) 0.552ms
[2026-10-07T05:02:54.918+0000][316.150s][info][gc,cpu      ] GC(124) User=0.00s Sys=0.00s Real=0.00s
[2026-10-07T05:02:54.919+0000][316.152s][info][gc,marking  ] GC(124) Concurrent Clear Claimed Marks
[2026-10-07T05:02:54.920+0000][316.152s][info][gc,marking  ] GC(124) Concurrent Clear Claimed Marks 0.767ms
[2026-10-07T05:02:54.920+0000][316.152s][info][gc,marking  ] GC(124) Concurrent Cleanup for Next Mark
[2026-10-07T05:02:54.921+0000][316.153s][info][gc,marking  ] GC(124) Concurrent Cleanup for Next Mark 0.286ms
[2026-10-07T05:02:54.921+0000][316.153s][info][gc          ] GC(124) Concurrent Mark Cycle 185.008ms
[2026-10-07T05:02:58.251+0000][319.483s][info][gc,start    ] GC(125) Pause Young (Prepare Mixed) (G1 Evacuation Pause)
[2026-10-07T05:02:58.251+0000][319.483s][info][gc,task     ] GC(125) Using 2 workers of 2 for evacuation
[2026-10-07T05:02:58.262+0000][319.494s][info][gc,phases   ] GC(125)   Pre Evacuate Collection Set: 0.46ms
[2026-10-07T05:02:58.263+0000][319.495s][info][gc,phases   ] GC(125)   Merge Heap Roots: 1.42ms
[2026-10-07T05:02:58.263+0000][319.495s][info][gc,phases   ] GC(125)   Evacuate Collection Set: 8.20ms
[2026-10-07T05:02:58.263+0000][319.495s][info][gc,phases   ] GC(125)   Post Evacuate Collection Set: 0.83ms
[2026-10-07T05:02:58.263+0000][319.495s][info][gc,phases   ] GC(125)   Other: 0.07ms
[2026-10-07T05:02:58.263+0000][319.495s][info][gc,heap     ] GC(125) Eden regions: 20->0(20)
[2026-10-07T05:02:58.263+0000][319.495s][info][gc,heap     ] GC(125) Survivor regions: 2->2(3)
[2026-10-07T05:02:58.263+0000][319.495s][info][gc,heap     ] GC(125) Old regions: 28->28
[2026-10-07T05:02:58.263+0000][319.495s][info][gc,heap     ] GC(125) Humongous regions: 2->2
[2026-10-07T05:02:58.263+0000][319.495s][info][gc,metaspace] GC(125) Metaspace: 74299K(75072K)->74299K(75072K) NonClass: 64931K(65344K)->64931K(65344K) Class: 9367K(9728K)->9367K(9728K)
[2026-10-07T05:02:58.263+0000][319.495s][info][gc          ] GC(125) Pause Young (Prepare Mixed) (G1 Evacuation Pause) 50M->30M(56M) 12.459ms
[2026-10-07T05:02:58.263+0000][319.495s][info][gc,cpu      ] GC(125) User=0.01s Sys=0.00s Real=0.01s
[2026-10-07T05:03:02.207+0000][323.439s][info][gc,start    ] GC(126) Pause Young (Mixed) (G1 Evacuation Pause)
[2026-10-07T05:03:02.207+0000][323.439s][info][gc,task     ] GC(126) Using 2 workers of 2 for evacuation
[2026-10-07T05:03:02.217+0000][323.449s][info][gc,phases   ] GC(126)   Pre Evacuate Collection Set: 0.51ms
[2026-10-07T05:03:02.217+0000][323.449s][info][gc,phases   ] GC(126)   Merge Heap Roots: 0.09ms
[2026-10-07T05:03:02.217+0000][323.449s][info][gc,phases   ] GC(126)   Evacuate Collection Set: 8.35ms
[2026-10-07T05:03:02.217+0000][323.449s][info][gc,phases   ] GC(126)   Post Evacuate Collection Set: 0.80ms
[2026-10-07T05:03:02.217+0000][323.449s][info][gc,phases   ] GC(126)   Other: 0.07ms
[2026-10-07T05:03:02.217+0000][323.449s][info][gc,heap     ] GC(126) Eden regions: 20->0(20)
[2026-10-07T05:03:02.217+0000][323.449s][info][gc,heap     ] GC(126) Survivor regions: 2->2(3)
[2026-10-07T05:03:02.217+0000][323.449s][info][gc,heap     ] GC(126) Old regions: 28->28
[2026-10-07T05:03:02.217+0000][323.449s][info][gc,heap     ] GC(126) Humongous regions: 2->2
[2026-10-07T05:03:02.217+0000][323.449s][info][gc,metaspace] GC(126) Metaspace: 74304K(75072K)->74304K(75072K) NonClass: 64936K(65344K)->64936K(65344K) Class: 9367K(9728K)->9367K(9728K)
[2026-10-07T05:03:02.217+0000][323.450s][info][gc          ] GC(126) Pause Young (Mixed) (G1 Evacuation Pause) 50M->30M(56M) 10.050ms
[2026-10-07T05:03:02.217+0000][323.450s][info][gc,cpu      ] GC(126) User=0.01s Sys=0.00s Real=0.01s
[2026-10-07T05:03:05.683+0000][326.915s][info][gc,start    ] GC(127) Pause Young (Concurrent Start) (G1 Evacuation Pause)
[2026-10-07T05:03:05.683+0000][326.915s][info][gc,task     ] GC(127) Using 2 workers of 2 for evacuation
[2026-10-07T05:03:05.701+0000][326.933s][info][gc,phases   ] GC(127)   Pre Evacuate Collection Set: 0.89ms
[2026-10-07T05:03:05.701+0000][326.933s][info][gc,phases   ] GC(127)   Merge Heap Roots: 0.14ms
[2026-10-07T05:03:05.701+0000][326.933s][info][gc,phases   ] GC(127)   Evacuate Collection Set: 13.89ms
[2026-10-07T05:03:05.701+0000][326.933s][info][gc,phases   ] GC(127)   Post Evacuate Collection Set: 2.49ms
[2026-10-07T05:03:05.701+0000][326.933s][info][gc,phases   ] GC(127)   Other: 0.14ms
[2026-10-07T05:03:05.701+0000][326.933s][info][gc,heap     ] GC(127) Eden regions: 20->0(20)
[2026-10-07T05:03:05.701+0000][326.933s][info][gc,heap     ] GC(127) Survivor regions: 2->2(3)
[2026-10-07T05:03:05.701+0000][326.933s][info][gc,heap     ] GC(127) Old regions: 28->28
[2026-10-07T05:03:05.701+0000][326.933s][info][gc,heap     ] GC(127) Humongous regions: 2->2
[2026-10-07T05:03:05.701+0000][326.933s][info][gc,metaspace] GC(127) Metaspace: 74361K(75136K)->74361K(75136K) NonClass: 64987K(65408K)->64987K(65408K) Class: 9373K(9728K)->9373K(9728K)
[2026-10-07T05:03:05.701+0000][326.933s][info][gc          ] GC(127) Pause Young (Concurrent Start) (G1 Evacuation Pause) 50M->30M(56M) 17.894ms
[2026-10-07T05:03:05.701+0000][326.933s][info][gc          ] GC(128) Concurrent Mark Cycle
[2026-10-07T05:03:05.701+0000][326.933s][info][gc,marking  ] GC(128) Concurrent Scan Root Regions
[2026-10-07T05:03:05.701+0000][326.933s][info][gc,cpu      ] GC(127) User=0.01s Sys=0.00s Real=0.02s
[2026-10-07T05:03:05.719+0000][326.952s][info][gc,marking  ] GC(128) Concurrent Scan Root Regions 18.223ms
[2026-10-07T05:03:05.719+0000][326.952s][info][gc,marking  ] GC(128) Concurrent Mark
[2026-10-07T05:03:05.719+0000][326.952s][info][gc,marking  ] GC(128) Concurrent Mark From Roots
[2026-10-07T05:03:05.719+0000][326.952s][info][gc,task     ] GC(128) Using 1 workers of 1 for marking
[2026-10-07T05:03:05.912+0000][327.144s][info][gc,marking  ] GC(128) Concurrent Mark From Roots 192.729ms
[2026-10-07T05:03:05.912+0000][327.144s][info][gc,marking  ] GC(128) Concurrent Preclean
[2026-10-07T05:03:05.914+0000][327.146s][info][gc,marking  ] GC(128) Concurrent Preclean 2.109ms
[2026-10-07T05:03:05.915+0000][327.147s][info][gc,start    ] GC(128) Pause Remark
[2026-10-07T05:03:05.958+0000][327.190s][info][gc          ] GC(128) Pause Remark 31M->31M(56M) 43.286ms
[2026-10-07T05:03:05.958+0000][327.190s][info][gc,cpu      ] GC(128) User=0.04s Sys=0.01s Real=0.04s
[2026-10-07T05:03:05.960+0000][327.193s][info][gc,marking  ] GC(128) Concurrent Mark 241.141ms
[2026-10-07T05:03:05.961+0000][327.193s][info][gc,marking  ] GC(128) Concurrent Rebuild Remembered Sets and Scrub Regions
[2026-10-07T05:03:06.055+0000][327.287s][info][gc,marking  ] GC(128) Concurrent Rebuild Remembered Sets and Scrub Regions 93.729ms
[2026-10-07T05:03:06.056+0000][327.288s][info][gc,start    ] GC(128) Pause Cleanup
[2026-10-07T05:03:06.057+0000][327.289s][info][gc          ] GC(128) Pause Cleanup 32M->32M(56M) 1.152ms
[2026-10-07T05:03:06.057+0000][327.289s][info][gc,cpu      ] GC(128) User=0.00s Sys=0.00s Real=0.00s
[2026-10-07T05:03:06.057+0000][327.290s][info][gc,marking  ] GC(128) Concurrent Clear Claimed Marks
[2026-10-07T05:03:06.058+0000][327.290s][info][gc,marking  ] GC(128) Concurrent Clear Claimed Marks 0.214ms
[2026-10-07T05:03:06.058+0000][327.290s][info][gc,marking  ] GC(128) Concurrent Cleanup for Next Mark
[2026-10-07T05:03:06.060+0000][327.292s][info][gc,marking  ] GC(128) Concurrent Cleanup for Next Mark 1.978ms
[2026-10-07T05:03:06.060+0000][327.292s][info][gc          ] GC(128) Concurrent Mark Cycle 358.908ms
[2026-10-07T05:03:09.215+0000][330.448s][info][gc,start    ] GC(129) Pause Young (Prepare Mixed) (G1 Evacuation Pause)
[2026-10-07T05:03:09.216+0000][330.448s][info][gc,task     ] GC(129) Using 2 workers of 2 for evacuation
[2026-10-07T05:03:09.223+0000][330.455s][info][gc,phases   ] GC(129)   Pre Evacuate Collection Set: 0.51ms
[2026-10-07T05:03:09.223+0000][330.455s][info][gc,phases   ] GC(129)   Merge Heap Roots: 0.36ms
[2026-10-07T05:03:09.223+0000][330.455s][info][gc,phases   ] GC(129)   Evacuate Collection Set: 5.93ms
[2026-10-07T05:03:09.223+0000][330.455s][info][gc,phases   ] GC(129)   Post Evacuate Collection Set: 0.70ms
[2026-10-07T05:03:09.223+0000][330.455s][info][gc,phases   ] GC(129)   Other: 0.08ms
[2026-10-07T05:03:09.223+0000][330.455s][info][gc,heap     ] GC(129) Eden regions: 20->0(20)
[2026-10-07T05:03:09.223+0000][330.456s][info][gc,heap     ] GC(129) Survivor regions: 2->2(3)
[2026-10-07T05:03:09.223+0000][330.456s][info][gc,heap     ] GC(129) Old regions: 28->28
[2026-10-07T05:03:09.223+0000][330.456s][info][gc,heap     ] GC(129) Humongous regions: 2->2
[2026-10-07T05:03:09.223+0000][330.456s][info][gc,metaspace] GC(129) Metaspace: 74372K(75136K)->74372K(75136K) NonClass: 64998K(65408K)->64998K(65408K) Class: 9374K(9728K)->9374K(9728K)
[2026-10-07T05:03:09.224+0000][330.456s][info][gc          ] GC(129) Pause Young (Prepare Mixed) (G1 Evacuation Pause) 50M->30M(56M) 8.534ms
[2026-10-07T05:03:09.224+0000][330.456s][info][gc,cpu      ] GC(129) User=0.01s Sys=0.00s Real=0.01s
[2026-10-07T05:03:12.929+0000][334.161s][info][gc,start    ] GC(130) Pause Young (Mixed) (G1 Evacuation Pause)
[2026-10-07T05:03:12.929+0000][334.161s][info][gc,task     ] GC(130) Using 2 workers of 2 for evacuation
[2026-10-07T05:03:12.938+0000][334.171s][info][gc,phases   ] GC(130)   Pre Evacuate Collection Set: 0.21ms
[2026-10-07T05:03:12.939+0000][334.171s][info][gc,phases   ] GC(130)   Merge Heap Roots: 1.09ms
[2026-10-07T05:03:12.939+0000][334.171s][info][gc,phases   ] GC(130)   Evacuate Collection Set: 7.18ms
[2026-10-07T05:03:12.939+0000][334.171s][info][gc,phases   ] GC(130)   Post Evacuate Collection Set: 0.82ms
[2026-10-07T05:03:12.939+0000][334.171s][info][gc,phases   ] GC(130)   Other: 0.08ms
[2026-10-07T05:03:12.939+0000][334.171s][info][gc,heap     ] GC(130) Eden regions: 20->0(20)
[2026-10-07T05:03:12.939+0000][334.171s][info][gc,heap     ] GC(130) Survivor regions: 2->2(3)
[2026-10-07T05:03:12.939+0000][334.171s][info][gc,heap     ] GC(130) Old regions: 28->28
[2026-10-07T05:03:12.939+0000][334.172s][info][gc,heap     ] GC(130) Humongous regions: 2->2
[2026-10-07T05:03:12.939+0000][334.172s][info][gc,metaspace] GC(130) Metaspace: 74372K(75136K)->74372K(75136K) NonClass: 64998K(65408K)->64998K(65408K) Class: 9374K(9728K)->9374K(9728K)
[2026-10-07T05:03:12.940+0000][334.172s][info][gc          ] GC(130) Pause Young (Mixed) (G1 Evacuation Pause) 50M->30M(56M) 10.556ms
[2026-10-07T05:03:12.941+0000][334.173s][info][gc,cpu      ] GC(130) User=0.01s Sys=0.00s Real=0.01s
[2026-10-07T05:03:16.532+0000][337.764s][info][gc,start    ] GC(131) Pause Young (Concurrent Start) (G1 Evacuation Pause)
[2026-10-07T05:03:16.533+0000][337.765s][info][gc,task     ] GC(131) Using 2 workers of 2 for evacuation
[2026-10-07T05:03:16.543+0000][337.776s][info][gc,phases   ] GC(131)   Pre Evacuate Collection Set: 1.44ms
[2026-10-07T05:03:16.543+0000][337.776s][info][gc,phases   ] GC(131)   Merge Heap Roots: 0.22ms
[2026-10-07T05:03:16.543+0000][337.776s][info][gc,phases   ] GC(131)   Evacuate Collection Set: 7.51ms
[2026-10-07T05:03:16.543+0000][337.776s][info][gc,phases   ] GC(131)   Post Evacuate Collection Set: 0.75ms
[2026-10-07T05:03:16.543+0000][337.776s][info][gc,phases   ] GC(131)   Other: 0.58ms
[2026-10-07T05:03:16.544+0000][337.776s][info][gc,heap     ] GC(131) Eden regions: 20->0(20)
[2026-10-07T05:03:16.544+0000][337.776s][info][gc,heap     ] GC(131) Survivor regions: 2->2(3)
[2026-10-07T05:03:16.544+0000][337.776s][info][gc,heap     ] GC(131) Old regions: 28->28
[2026-10-07T05:03:16.544+0000][337.776s][info][gc,heap     ] GC(131) Humongous regions: 2->2
[2026-10-07T05:03:16.544+0000][337.776s][info][gc,metaspace] GC(131) Metaspace: 74387K(75136K)->74387K(75136K) NonClass: 65013K(65408K)->65013K(65408K) Class: 9374K(9728K)->9374K(9728K)
[2026-10-07T05:03:16.544+0000][337.776s][info][gc          ] GC(131) Pause Young (Concurrent Start) (G1 Evacuation Pause) 50M->30M(56M) 12.268ms
[2026-10-07T05:03:16.544+0000][337.776s][info][gc          ] GC(132) Concurrent Mark Cycle
[2026-10-07T05:03:16.544+0000][337.776s][info][gc,marking  ] GC(132) Concurrent Scan Root Regions
[2026-10-07T05:03:16.546+0000][337.778s][info][gc,cpu      ] GC(131) User=0.01s Sys=0.00s Real=0.02s
[2026-10-07T05:03:16.561+0000][337.793s][info][gc,marking  ] GC(132) Concurrent Scan Root Regions 16.480ms
[2026-10-07T05:03:16.561+0000][337.793s][info][gc,marking  ] GC(132) Concurrent Mark
[2026-10-07T05:03:16.561+0000][337.793s][info][gc,marking  ] GC(132) Concurrent Mark From Roots
[2026-10-07T05:03:16.561+0000][337.793s][info][gc,task     ] GC(132) Using 1 workers of 1 for marking
[2026-10-07T05:03:16.662+0000][337.894s][info][gc,marking  ] GC(132) Concurrent Mark From Roots 100.998ms
[2026-10-07T05:03:16.662+0000][337.894s][info][gc,marking  ] GC(132) Concurrent Preclean
[2026-10-07T05:03:16.663+0000][337.895s][info][gc,marking  ] GC(132) Concurrent Preclean 0.786ms
[2026-10-07T05:03:16.665+0000][337.897s][info][gc,start    ] GC(132) Pause Remark
[2026-10-07T05:03:16.690+0000][337.923s][info][gc          ] GC(132) Pause Remark 31M->31M(56M) 25.724ms
[2026-10-07T05:03:16.690+0000][337.923s][info][gc,cpu      ] GC(132) User=0.03s Sys=0.00s Real=0.02s
[2026-10-07T05:03:16.694+0000][337.927s][info][gc,marking  ] GC(132) Concurrent Mark 133.588ms
[2026-10-07T05:03:16.694+0000][337.927s][info][gc,marking  ] GC(132) Concurrent Rebuild Remembered Sets and Scrub Regions
[2026-10-07T05:03:16.736+0000][337.968s][info][gc,marking  ] GC(132) Concurrent Rebuild Remembered Sets and Scrub Regions 41.546ms
[2026-10-07T05:03:16.736+0000][337.969s][info][gc,start    ] GC(132) Pause Cleanup
[2026-10-07T05:03:16.737+0000][337.969s][info][gc          ] GC(132) Pause Cleanup 31M->31M(56M) 0.216ms
[2026-10-07T05:03:16.737+0000][337.969s][info][gc,cpu      ] GC(132) User=0.00s Sys=0.00s Real=0.00s
[2026-10-07T05:03:16.737+0000][337.969s][info][gc,marking  ] GC(132) Concurrent Clear Claimed Marks
[2026-10-07T05:03:16.738+0000][337.970s][info][gc,marking  ] GC(132) Concurrent Clear Claimed Marks 0.716ms
[2026-10-07T05:03:16.739+0000][337.971s][info][gc,marking  ] GC(132) Concurrent Cleanup for Next Mark
[2026-10-07T05:03:16.740+0000][337.973s][info][gc,marking  ] GC(132) Concurrent Cleanup for Next Mark 1.784ms
[2026-10-07T05:03:16.741+0000][337.973s][info][gc          ] GC(132) Concurrent Mark Cycle 196.775ms
[2026-10-07T05:03:20.213+0000][341.445s][info][gc,start    ] GC(133) Pause Young (Prepare Mixed) (G1 Evacuation Pause)
[2026-10-07T05:03:20.213+0000][341.445s][info][gc,task     ] GC(133) Using 2 workers of 2 for evacuation
[2026-10-07T05:03:20.222+0000][341.455s][info][gc,phases   ] GC(133)   Pre Evacuate Collection Set: 0.58ms
[2026-10-07T05:03:20.222+0000][341.455s][info][gc,phases   ] GC(133)   Merge Heap Roots: 0.17ms
[2026-10-07T05:03:20.222+0000][341.455s][info][gc,phases   ] GC(133)   Evacuate Collection Set: 7.66ms
[2026-10-07T05:03:20.222+0000][341.455s][info][gc,phases   ] GC(133)   Post Evacuate Collection Set: 0.67ms
[2026-10-07T05:03:20.222+0000][341.455s][info][gc,phases   ] GC(133)   Other: 0.09ms
[2026-10-07T05:03:20.222+0000][341.455s][info][gc,heap     ] GC(133) Eden regions: 20->0(20)
[2026-10-07T05:03:20.222+0000][341.455s][info][gc,heap     ] GC(133) Survivor regions: 2->2(3)
[2026-10-07T05:03:20.223+0000][341.455s][info][gc,heap     ] GC(133) Old regions: 28->28
[2026-10-07T05:03:20.223+0000][341.455s][info][gc,heap     ] GC(133) Humongous regions: 2->2
[2026-10-07T05:03:20.223+0000][341.455s][info][gc,metaspace] GC(133) Metaspace: 74391K(75136K)->74391K(75136K) NonClass: 65017K(65408K)->65017K(65408K) Class: 9374K(9728K)->9374K(9728K)
[2026-10-07T05:03:20.223+0000][341.455s][info][gc          ] GC(133) Pause Young (Prepare Mixed) (G1 Evacuation Pause) 50M->30M(56M) 9.883ms
[2026-10-07T05:03:20.223+0000][341.455s][info][gc,cpu      ] GC(133) User=0.01s Sys=0.00s Real=0.01s
[2026-10-07T05:03:23.872+0000][345.104s][info][gc,start    ] GC(134) Pause Young (Mixed) (G1 Evacuation Pause)
[2026-10-07T05:03:23.872+0000][345.104s][info][gc,task     ] GC(134) Using 2 workers of 2 for evacuation
[2026-10-07T05:03:23.892+0000][345.124s][info][gc,phases   ] GC(134)   Pre Evacuate Collection Set: 1.49ms
[2026-10-07T05:03:23.892+0000][345.124s][info][gc,phases   ] GC(134)   Merge Heap Roots: 1.21ms
[2026-10-07T05:03:23.892+0000][345.124s][info][gc,phases   ] GC(134)   Evacuate Collection Set: 15.40ms
[2026-10-07T05:03:23.892+0000][345.124s][info][gc,phases   ] GC(134)   Post Evacuate Collection Set: 1.58ms
[2026-10-07T05:03:23.892+0000][345.124s][info][gc,phases   ] GC(134)   Other: 0.09ms
[2026-10-07T05:03:23.892+0000][345.124s][info][gc,heap     ] GC(134) Eden regions: 20->0(20)
[2026-10-07T05:03:23.892+0000][345.124s][info][gc,heap     ] GC(134) Survivor regions: 2->2(3)
[2026-10-07T05:03:23.892+0000][345.124s][info][gc,heap     ] GC(134) Old regions: 28->28
[2026-10-07T05:03:23.892+0000][345.124s][info][gc,heap     ] GC(134) Humongous regions: 2->2
[2026-10-07T05:03:23.892+0000][345.124s][info][gc,metaspace] GC(134) Metaspace: 74391K(75136K)->74391K(75136K) NonClass: 65017K(65408K)->65017K(65408K) Class: 9374K(9728K)->9374K(9728K)
[2026-10-07T05:03:23.892+0000][345.124s][info][gc          ] GC(134) Pause Young (Mixed) (G1 Evacuation Pause) 50M->30M(56M) 20.017ms
[2026-10-07T05:03:23.892+0000][345.124s][info][gc,cpu      ] GC(134) User=0.03s Sys=0.00s Real=0.02s
[2026-10-07T05:03:27.664+0000][348.896s][info][gc,start    ] GC(135) Pause Young (Concurrent Start) (G1 Evacuation Pause)
[2026-10-07T05:03:27.664+0000][348.897s][info][gc,task     ] GC(135) Using 2 workers of 2 for evacuation
[2026-10-07T05:03:27.672+0000][348.905s][info][gc,phases   ] GC(135)   Pre Evacuate Collection Set: 0.83ms
[2026-10-07T05:03:27.673+0000][348.905s][info][gc,phases   ] GC(135)   Merge Heap Roots: 0.37ms
[2026-10-07T05:03:27.673+0000][348.905s][info][gc,phases   ] GC(135)   Evacuate Collection Set: 5.70ms
[2026-10-07T05:03:27.673+0000][348.905s][info][gc,phases   ] GC(135)   Post Evacuate Collection Set: 0.70ms
[2026-10-07T05:03:27.673+0000][348.905s][info][gc,phases   ] GC(135)   Other: 0.55ms
[2026-10-07T05:03:27.673+0000][348.905s][info][gc,heap     ] GC(135) Eden regions: 20->0(20)
[2026-10-07T05:03:27.673+0000][348.905s][info][gc,heap     ] GC(135) Survivor regions: 2->2(3)
[2026-10-07T05:03:27.673+0000][348.905s][info][gc,heap     ] GC(135) Old regions: 28->28
[2026-10-07T05:03:27.673+0000][348.905s][info][gc,heap     ] GC(135) Humongous regions: 2->2
[2026-10-07T05:03:27.673+0000][348.905s][info][gc,metaspace] GC(135) Metaspace: 74392K(75136K)->74392K(75136K) NonClass: 65018K(65408K)->65018K(65408K) Class: 9374K(9728K)->9374K(9728K)
[2026-10-07T05:03:27.673+0000][348.905s][info][gc          ] GC(135) Pause Young (Concurrent Start) (G1 Evacuation Pause) 50M->30M(56M) 8.596ms
[2026-10-07T05:03:27.673+0000][348.905s][info][gc,cpu      ] GC(135) User=0.01s Sys=0.00s Real=0.00s
[2026-10-07T05:03:27.676+0000][348.908s][info][gc          ] GC(136) Concurrent Mark Cycle
[2026-10-07T05:03:27.676+0000][348.908s][info][gc,marking  ] GC(136) Concurrent Scan Root Regions
[2026-10-07T05:03:27.685+0000][348.918s][info][gc,marking  ] GC(136) Concurrent Scan Root Regions 9.332ms
[2026-10-07T05:03:27.685+0000][348.918s][info][gc,marking  ] GC(136) Concurrent Mark
[2026-10-07T05:03:27.685+0000][348.918s][info][gc,marking  ] GC(136) Concurrent Mark From Roots
[2026-10-07T05:03:27.685+0000][348.918s][info][gc,task     ] GC(136) Using 1 workers of 1 for marking
[2026-10-07T05:03:27.767+0000][348.999s][info][gc,marking  ] GC(136) Concurrent Mark From Roots 81.448ms
[2026-10-07T05:03:27.767+0000][348.999s][info][gc,marking  ] GC(136) Concurrent Preclean
[2026-10-07T05:03:27.767+0000][349.000s][info][gc,marking  ] GC(136) Concurrent Preclean 0.358ms
[2026-10-07T05:03:27.769+0000][349.001s][info][gc,start    ] GC(136) Pause Remark
[2026-10-07T05:03:27.793+0000][349.025s][info][gc          ] GC(136) Pause Remark 31M->31M(56M) 24.206ms
[2026-10-07T05:03:27.793+0000][349.025s][info][gc,cpu      ] GC(136) User=0.03s Sys=0.01s Real=0.02s
[2026-10-07T05:03:27.796+0000][349.029s][info][gc,marking  ] GC(136) Concurrent Mark 110.953ms
[2026-10-07T05:03:27.798+0000][349.030s][info][gc,marking  ] GC(136) Concurrent Rebuild Remembered Sets and Scrub Regions
[2026-10-07T05:03:27.831+0000][349.064s][info][gc,marking  ] GC(136) Concurrent Rebuild Remembered Sets and Scrub Regions 33.893ms
[2026-10-07T05:03:27.832+0000][349.064s][info][gc,start    ] GC(136) Pause Cleanup
[2026-10-07T05:03:27.832+0000][349.064s][info][gc          ] GC(136) Pause Cleanup 31M->31M(56M) 0.387ms
[2026-10-07T05:03:27.833+0000][349.065s][info][gc,cpu      ] GC(136) User=0.00s Sys=0.00s Real=0.00s
[2026-10-07T05:03:27.837+0000][349.069s][info][gc,marking  ] GC(136) Concurrent Clear Claimed Marks
[2026-10-07T05:03:27.837+0000][349.069s][info][gc,marking  ] GC(136) Concurrent Clear Claimed Marks 0.576ms
[2026-10-07T05:03:27.838+0000][349.070s][info][gc,marking  ] GC(136) Concurrent Cleanup for Next Mark
[2026-10-07T05:03:27.843+0000][349.075s][info][gc,marking  ] GC(136) Concurrent Cleanup for Next Mark 5.215ms
[2026-10-07T05:03:27.843+0000][349.075s][info][gc          ] GC(136) Concurrent Mark Cycle 167.014ms
[2026-10-07T05:03:31.110+0000][352.342s][info][gc,start    ] GC(137) Pause Young (Normal) (G1 Evacuation Pause)
[2026-10-07T05:03:31.110+0000][352.342s][info][gc,task     ] GC(137) Using 2 workers of 2 for evacuation
[2026-10-07T05:03:31.119+0000][352.351s][info][gc,phases   ] GC(137)   Pre Evacuate Collection Set: 0.64ms
[2026-10-07T05:03:31.119+0000][352.351s][info][gc,phases   ] GC(137)   Merge Heap Roots: 0.32ms
[2026-10-07T05:03:31.119+0000][352.351s][info][gc,phases   ] GC(137)   Evacuate Collection Set: 7.41ms
[2026-10-07T05:03:31.119+0000][352.351s][info][gc,phases   ] GC(137)   Post Evacuate Collection Set: 0.83ms
[2026-10-07T05:03:31.119+0000][352.351s][info][gc,phases   ] GC(137)   Other: 0.09ms
[2026-10-07T05:03:31.119+0000][352.351s][info][gc,heap     ] GC(137) Eden regions: 20->0(20)
[2026-10-07T05:03:31.119+0000][352.351s][info][gc,heap     ] GC(137) Survivor regions: 2->2(3)
[2026-10-07T05:03:31.121+0000][352.353s][info][gc,heap     ] GC(137) Old regions: 28->28
[2026-10-07T05:03:31.121+0000][352.353s][info][gc,heap     ] GC(137) Humongous regions: 2->2
[2026-10-07T05:03:31.121+0000][352.353s][info][gc,metaspace] GC(137) Metaspace: 74403K(75136K)->74403K(75136K) NonClass: 65029K(65408K)->65029K(65408K) Class: 9374K(9728K)->9374K(9728K)
[2026-10-07T05:03:31.121+0000][352.353s][info][gc          ] GC(137) Pause Young (Normal) (G1 Evacuation Pause) 50M->30M(56M) 10.901ms
[2026-10-07T05:03:31.121+0000][352.353s][info][gc,cpu      ] GC(137) User=0.01s Sys=0.00s Real=0.01s
[2026-10-07T05:03:34.918+0000][356.150s][info][gc,start    ] GC(138) Pause Young (Concurrent Start) (G1 Evacuation Pause)
[2026-10-07T05:03:34.918+0000][356.150s][info][gc,task     ] GC(138) Using 2 workers of 2 for evacuation
[2026-10-07T05:03:34.926+0000][356.158s][info][gc,phases   ] GC(138)   Pre Evacuate Collection Set: 0.19ms
[2026-10-07T05:03:34.926+0000][356.158s][info][gc,phases   ] GC(138)   Merge Heap Roots: 0.10ms
[2026-10-07T05:03:34.926+0000][356.158s][info][gc,phases   ] GC(138)   Evacuate Collection Set: 5.95ms
[2026-10-07T05:03:34.926+0000][356.158s][info][gc,phases   ] GC(138)   Post Evacuate Collection Set: 1.23ms
[2026-10-07T05:03:34.926+0000][356.158s][info][gc,phases   ] GC(138)   Other: 0.11ms
[2026-10-07T05:03:34.926+0000][356.158s][info][gc,heap     ] GC(138) Eden regions: 20->0(20)
[2026-10-07T05:03:34.926+0000][356.158s][info][gc,heap     ] GC(138) Survivor regions: 2->2(3)
[2026-10-07T05:03:34.926+0000][356.158s][info][gc,heap     ] GC(138) Old regions: 28->28
[2026-10-07T05:03:34.926+0000][356.158s][info][gc,heap     ] GC(138) Humongous regions: 2->2
[2026-10-07T05:03:34.926+0000][356.158s][info][gc,metaspace] GC(138) Metaspace: 74404K(75136K)->74404K(75136K) NonClass: 65030K(65408K)->65030K(65408K) Class: 9374K(9728K)->9374K(9728K)
[2026-10-07T05:03:34.927+0000][356.159s][info][gc          ] GC(138) Pause Young (Concurrent Start) (G1 Evacuation Pause) 50M->30M(56M) 8.452ms
[2026-10-07T05:03:34.927+0000][356.159s][info][gc,cpu      ] GC(138) User=0.00s Sys=0.01s Real=0.01s
[2026-10-07T05:03:34.927+0000][356.159s][info][gc          ] GC(139) Concurrent Mark Cycle
[2026-10-07T05:03:34.928+0000][356.160s][info][gc,marking  ] GC(139) Concurrent Scan Root Regions
[2026-10-07T05:03:34.938+0000][356.170s][info][gc,marking  ] GC(139) Concurrent Scan Root Regions 10.491ms
[2026-10-07T05:03:34.939+0000][356.171s][info][gc,marking  ] GC(139) Concurrent Mark
[2026-10-07T05:03:34.939+0000][356.171s][info][gc,marking  ] GC(139) Concurrent Mark From Roots
[2026-10-07T05:03:34.939+0000][356.171s][info][gc,task     ] GC(139) Using 1 workers of 1 for marking
[2026-10-07T05:03:35.063+0000][356.295s][info][gc,marking  ] GC(139) Concurrent Mark From Roots 123.681ms
[2026-10-07T05:03:35.065+0000][356.297s][info][gc,marking  ] GC(139) Concurrent Preclean
[2026-10-07T05:03:35.068+0000][356.300s][info][gc,marking  ] GC(139) Concurrent Preclean 3.003ms
[2026-10-07T05:03:35.070+0000][356.303s][info][gc,start    ] GC(139) Pause Remark
[2026-10-07T05:03:35.107+0000][356.339s][info][gc          ] GC(139) Pause Remark 31M->31M(56M) 36.300ms
[2026-10-07T05:03:35.107+0000][356.339s][info][gc,cpu      ] GC(139) User=0.04s Sys=0.00s Real=0.04s
[2026-10-07T05:03:35.112+0000][356.344s][info][gc,marking  ] GC(139) Concurrent Mark 172.745ms
[2026-10-07T05:03:35.112+0000][356.344s][info][gc,marking  ] GC(139) Concurrent Rebuild Remembered Sets and Scrub Regions
[2026-10-07T05:03:35.166+0000][356.399s][info][gc,marking  ] GC(139) Concurrent Rebuild Remembered Sets and Scrub Regions 54.686ms
[2026-10-07T05:03:35.169+0000][356.401s][info][gc,start    ] GC(139) Pause Cleanup
[2026-10-07T05:03:35.170+0000][356.402s][info][gc          ] GC(139) Pause Cleanup 32M->32M(56M) 0.662ms
[2026-10-07T05:03:35.171+0000][356.403s][info][gc,cpu      ] GC(139) User=0.00s Sys=0.00s Real=0.00s
[2026-10-07T05:03:35.172+0000][356.404s][info][gc,marking  ] GC(139) Concurrent Clear Claimed Marks
[2026-10-07T05:03:35.172+0000][356.404s][info][gc,marking  ] GC(139) Concurrent Clear Claimed Marks 0.546ms
[2026-10-07T05:03:35.172+0000][356.404s][info][gc,marking  ] GC(139) Concurrent Cleanup for Next Mark
[2026-10-07T05:03:35.175+0000][356.407s][info][gc,marking  ] GC(139) Concurrent Cleanup for Next Mark 2.434ms
[2026-10-07T05:03:35.175+0000][356.407s][info][gc          ] GC(139) Concurrent Mark Cycle 248.052ms
[2026-10-07T05:03:38.602+0000][359.834s][info][gc,start    ] GC(140) Pause Young (Normal) (G1 Evacuation Pause)
[2026-10-07T05:03:38.602+0000][359.834s][info][gc,task     ] GC(140) Using 2 workers of 2 for evacuation
[2026-10-07T05:03:38.609+0000][359.841s][info][gc,phases   ] GC(140)   Pre Evacuate Collection Set: 0.53ms
[2026-10-07T05:03:38.609+0000][359.841s][info][gc,phases   ] GC(140)   Merge Heap Roots: 0.25ms
[2026-10-07T05:03:38.609+0000][359.841s][info][gc,phases   ] GC(140)   Evacuate Collection Set: 5.20ms
[2026-10-07T05:03:38.609+0000][359.841s][info][gc,phases   ] GC(140)   Post Evacuate Collection Set: 1.00ms
[2026-10-07T05:03:38.609+0000][359.841s][info][gc,phases   ] GC(140)   Other: 0.09ms
[2026-10-07T05:03:38.609+0000][359.841s][info][gc,heap     ] GC(140) Eden regions: 20->0(20)
[2026-10-07T05:03:38.609+0000][359.841s][info][gc,heap     ] GC(140) Survivor regions: 2->2(3)
[2026-10-07T05:03:38.610+0000][359.842s][info][gc,heap     ] GC(140) Old regions: 28->28
[2026-10-07T05:03:38.610+0000][359.842s][info][gc,heap     ] GC(140) Humongous regions: 2->2
[2026-10-07T05:03:38.610+0000][359.842s][info][gc,metaspace] GC(140) Metaspace: 74404K(75136K)->74404K(75136K) NonClass: 65030K(65408K)->65030K(65408K) Class: 9374K(9728K)->9374K(9728K)
[2026-10-07T05:03:38.610+0000][359.842s][info][gc          ] GC(140) Pause Young (Normal) (G1 Evacuation Pause) 50M->30M(56M) 7.923ms
[2026-10-07T05:03:38.610+0000][359.842s][info][gc,cpu      ] GC(140) User=0.00s Sys=0.01s Real=0.01s
[2026-10-07T05:03:42.335+0000][363.567s][info][gc,start    ] GC(141) Pause Young (Concurrent Start) (G1 Evacuation Pause)
[2026-10-07T05:03:42.335+0000][363.567s][info][gc,task     ] GC(141) Using 2 workers of 2 for evacuation
[2026-10-07T05:03:42.346+0000][363.579s][info][gc,phases   ] GC(141)   Pre Evacuate Collection Set: 0.98ms
[2026-10-07T05:03:42.346+0000][363.579s][info][gc,phases   ] GC(141)   Merge Heap Roots: 0.90ms
[2026-10-07T05:03:42.346+0000][363.579s][info][gc,phases   ] GC(141)   Evacuate Collection Set: 7.98ms
[2026-10-07T05:03:42.346+0000][363.579s][info][gc,phases   ] GC(141)   Post Evacuate Collection Set: 1.14ms
[2026-10-07T05:03:42.346+0000][363.579s][info][gc,phases   ] GC(141)   Other: 0.17ms
[2026-10-07T05:03:42.348+0000][363.581s][info][gc,heap     ] GC(141) Eden regions: 20->0(20)
[2026-10-07T05:03:42.348+0000][363.581s][info][gc,heap     ] GC(141) Survivor regions: 2->2(3)
[2026-10-07T05:03:42.348+0000][363.581s][info][gc,heap     ] GC(141) Old regions: 28->28
[2026-10-07T05:03:42.348+0000][363.581s][info][gc,heap     ] GC(141) Humongous regions: 2->2
[2026-10-07T05:03:42.348+0000][363.581s][info][gc,metaspace] GC(141) Metaspace: 74412K(75136K)->74412K(75136K) NonClass: 65038K(65408K)->65038K(65408K) Class: 9374K(9728K)->9374K(9728K)
[2026-10-07T05:03:42.349+0000][363.581s][info][gc          ] GC(141) Pause Young (Concurrent Start) (G1 Evacuation Pause) 50M->31M(56M) 13.478ms
[2026-10-07T05:03:42.349+0000][363.581s][info][gc          ] GC(142) Concurrent Mark Cycle
[2026-10-07T05:03:42.349+0000][363.581s][info][gc,marking  ] GC(142) Concurrent Scan Root Regions
[2026-10-07T05:03:42.353+0000][363.585s][info][gc,cpu      ] GC(141) User=0.02s Sys=0.00s Real=0.01s
[2026-10-07T05:03:42.368+0000][363.600s][info][gc,marking  ] GC(142) Concurrent Scan Root Regions 19.166ms
[2026-10-07T05:03:42.368+0000][363.600s][info][gc,marking  ] GC(142) Concurrent Mark
[2026-10-07T05:03:42.368+0000][363.600s][info][gc,marking  ] GC(142) Concurrent Mark From Roots
[2026-10-07T05:03:42.368+0000][363.600s][info][gc,task     ] GC(142) Using 1 workers of 1 for marking
[2026-10-07T05:03:42.470+0000][363.702s][info][gc,marking  ] GC(142) Concurrent Mark From Roots 101.853ms
[2026-10-07T05:03:42.470+0000][363.702s][info][gc,marking  ] GC(142) Concurrent Preclean
[2026-10-07T05:03:42.470+0000][363.702s][info][gc,marking  ] GC(142) Concurrent Preclean 0.291ms
[2026-10-07T05:03:42.471+0000][363.703s][info][gc,start    ] GC(142) Pause Remark
[2026-10-07T05:03:42.494+0000][363.726s][info][gc          ] GC(142) Pause Remark 32M->32M(56M) 22.772ms
[2026-10-07T05:03:42.494+0000][363.726s][info][gc,cpu      ] GC(142) User=0.03s Sys=0.00s Real=0.03s
[2026-10-07T05:03:42.494+0000][363.726s][info][gc,marking  ] GC(142) Concurrent Mark 126.029ms
[2026-10-07T05:03:42.494+0000][363.726s][info][gc,marking  ] GC(142) Concurrent Rebuild Remembered Sets and Scrub Regions
[2026-10-07T05:03:42.529+0000][363.762s][info][gc,marking  ] GC(142) Concurrent Rebuild Remembered Sets and Scrub Regions 35.559ms
[2026-10-07T05:03:42.530+0000][363.762s][info][gc,start    ] GC(142) Pause Cleanup
[2026-10-07T05:03:42.530+0000][363.762s][info][gc          ] GC(142) Pause Cleanup 32M->32M(56M) 0.413ms
[2026-10-07T05:03:42.530+0000][363.762s][info][gc,cpu      ] GC(142) User=0.00s Sys=0.00s Real=0.00s
[2026-10-07T05:03:42.531+0000][363.763s][info][gc,marking  ] GC(142) Concurrent Clear Claimed Marks
[2026-10-07T05:03:42.531+0000][363.763s][info][gc,marking  ] GC(142) Concurrent Clear Claimed Marks 0.401ms
[2026-10-07T05:03:42.532+0000][363.764s][info][gc,marking  ] GC(142) Concurrent Cleanup for Next Mark
[2026-10-07T05:03:42.533+0000][363.766s][info][gc,marking  ] GC(142) Concurrent Cleanup for Next Mark 1.111ms
[2026-10-07T05:03:42.533+0000][363.766s][info][gc          ] GC(142) Concurrent Mark Cycle 184.790ms
[2026-10-07T05:03:46.013+0000][367.245s][info][gc,start    ] GC(143) Pause Young (Normal) (G1 Evacuation Pause)
[2026-10-07T05:03:46.013+0000][367.245s][info][gc,task     ] GC(143) Using 2 workers of 2 for evacuation
[2026-10-07T05:03:46.024+0000][367.256s][info][gc,phases   ] GC(143)   Pre Evacuate Collection Set: 0.32ms
[2026-10-07T05:03:46.024+0000][367.256s][info][gc,phases   ] GC(143)   Merge Heap Roots: 0.49ms
[2026-10-07T05:03:46.024+0000][367.256s][info][gc,phases   ] GC(143)   Evacuate Collection Set: 9.13ms
[2026-10-07T05:03:46.024+0000][367.256s][info][gc,phases   ] GC(143)   Post Evacuate Collection Set: 1.04ms
[2026-10-07T05:03:46.024+0000][367.257s][info][gc,phases   ] GC(143)   Other: 0.09ms
[2026-10-07T05:03:46.024+0000][367.257s][info][gc,heap     ] GC(143) Eden regions: 20->0(20)
[2026-10-07T05:03:46.024+0000][367.257s][info][gc,heap     ] GC(143) Survivor regions: 2->2(3)
[2026-10-07T05:03:46.024+0000][367.257s][info][gc,heap     ] GC(143) Old regions: 28->28
[2026-10-07T05:03:46.024+0000][367.257s][info][gc,heap     ] GC(143) Humongous regions: 2->2
[2026-10-07T05:03:46.024+0000][367.257s][info][gc,metaspace] GC(143) Metaspace: 74423K(75200K)->74423K(75200K) NonClass: 65048K(65472K)->65048K(65472K) Class: 9374K(9728K)->9374K(9728K)
[2026-10-07T05:03:46.024+0000][367.257s][info][gc          ] GC(143) Pause Young (Normal) (G1 Evacuation Pause) 51M->31M(56M) 11.480ms
[2026-10-07T05:03:46.024+0000][367.257s][info][gc,cpu      ] GC(143) User=0.02s Sys=0.00s Real=0.02s
[2026-10-07T05:03:49.761+0000][370.993s][info][gc,start    ] GC(144) Pause Young (Concurrent Start) (G1 Evacuation Pause)
[2026-10-07T05:03:49.761+0000][370.994s][info][gc,task     ] GC(144) Using 2 workers of 2 for evacuation
[2026-10-07T05:03:49.771+0000][371.003s][info][gc,phases   ] GC(144)   Pre Evacuate Collection Set: 0.65ms
[2026-10-07T05:03:49.771+0000][371.003s][info][gc,phases   ] GC(144)   Merge Heap Roots: 0.48ms
[2026-10-07T05:03:49.771+0000][371.003s][info][gc,phases   ] GC(144)   Evacuate Collection Set: 6.66ms
[2026-10-07T05:03:49.771+0000][371.003s][info][gc,phases   ] GC(144)   Post Evacuate Collection Set: 1.27ms
[2026-10-07T05:03:49.771+0000][371.003s][info][gc,phases   ] GC(144)   Other: 0.61ms
[2026-10-07T05:03:49.771+0000][371.003s][info][gc,heap     ] GC(144) Eden regions: 20->0(20)
[2026-10-07T05:03:49.771+0000][371.004s][info][gc,heap     ] GC(144) Survivor regions: 2->2(3)
[2026-10-07T05:03:49.771+0000][371.004s][info][gc,heap     ] GC(144) Old regions: 28->28
[2026-10-07T05:03:49.771+0000][371.004s][info][gc,heap     ] GC(144) Humongous regions: 2->2
[2026-10-07T05:03:49.771+0000][371.004s][info][gc,metaspace] GC(144) Metaspace: 74423K(75200K)->74423K(75200K) NonClass: 65048K(65472K)->65048K(65472K) Class: 9374K(9728K)->9374K(9728K)
[2026-10-07T05:03:49.771+0000][371.004s][info][gc          ] GC(144) Pause Young (Concurrent Start) (G1 Evacuation Pause) 51M->31M(56M) 10.113ms
[2026-10-07T05:03:49.772+0000][371.004s][info][gc          ] GC(145) Concurrent Mark Cycle
[2026-10-07T05:03:49.772+0000][371.004s][info][gc,marking  ] GC(145) Concurrent Scan Root Regions
[2026-10-07T05:03:49.774+0000][371.007s][info][gc,cpu      ] GC(144) User=0.01s Sys=0.00s Real=0.02s
[2026-10-07T05:03:49.785+0000][371.018s][info][gc,marking  ] GC(145) Concurrent Scan Root Regions 13.673ms
[2026-10-07T05:03:49.785+0000][371.018s][info][gc,marking  ] GC(145) Concurrent Mark
[2026-10-07T05:03:49.785+0000][371.018s][info][gc,marking  ] GC(145) Concurrent Mark From Roots
[2026-10-07T05:03:49.785+0000][371.018s][info][gc,task     ] GC(145) Using 1 workers of 1 for marking
[2026-10-07T05:03:49.910+0000][371.142s][info][gc,marking  ] GC(145) Concurrent Mark From Roots 124.656ms
[2026-10-07T05:03:49.910+0000][371.142s][info][gc,marking  ] GC(145) Concurrent Preclean
[2026-10-07T05:03:49.910+0000][371.143s][info][gc,marking  ] GC(145) Concurrent Preclean 0.228ms
[2026-10-07T05:03:49.910+0000][371.143s][info][gc,start    ] GC(145) Pause Remark
[2026-10-07T05:03:49.934+0000][371.166s][info][gc          ] GC(145) Pause Remark 31M->31M(56M) 23.566ms
[2026-10-07T05:03:49.934+0000][371.166s][info][gc,cpu      ] GC(145) User=0.04s Sys=0.00s Real=0.03s
[2026-10-07T05:03:49.939+0000][371.171s][info][gc,marking  ] GC(145) Concurrent Mark 153.119ms
[2026-10-07T05:03:49.939+0000][371.171s][info][gc,marking  ] GC(145) Concurrent Rebuild Remembered Sets and Scrub Regions
[2026-10-07T05:03:49.988+0000][371.220s][info][gc,marking  ] GC(145) Concurrent Rebuild Remembered Sets and Scrub Regions 49.612ms
[2026-10-07T05:03:49.988+0000][371.221s][info][gc,start    ] GC(145) Pause Cleanup
[2026-10-07T05:03:49.989+0000][371.221s][info][gc          ] GC(145) Pause Cleanup 32M->32M(56M) 0.315ms
[2026-10-07T05:03:49.989+0000][371.221s][info][gc,cpu      ] GC(145) User=0.00s Sys=0.00s Real=0.00s
[2026-10-07T05:03:49.989+0000][371.222s][info][gc,marking  ] GC(145) Concurrent Clear Claimed Marks
[2026-10-07T05:03:49.991+0000][371.223s][info][gc,marking  ] GC(145) Concurrent Clear Claimed Marks 1.276ms
[2026-10-07T05:03:49.991+0000][371.223s][info][gc,marking  ] GC(145) Concurrent Cleanup for Next Mark
[2026-10-07T05:03:49.992+0000][371.224s][info][gc,marking  ] GC(145) Concurrent Cleanup for Next Mark 0.904ms
[2026-10-07T05:03:49.992+0000][371.224s][info][gc          ] GC(145) Concurrent Mark Cycle 219.944ms
[2026-10-07T05:03:53.365+0000][374.597s][info][gc,start    ] GC(146) Pause Young (Normal) (G1 Evacuation Pause)
[2026-10-07T05:03:53.365+0000][374.598s][info][gc,task     ] GC(146) Using 2 workers of 2 for evacuation
[2026-10-07T05:03:53.376+0000][374.608s][info][gc,phases   ] GC(146)   Pre Evacuate Collection Set: 0.61ms
[2026-10-07T05:03:53.376+0000][374.608s][info][gc,phases   ] GC(146)   Merge Heap Roots: 0.17ms
[2026-10-07T05:03:53.376+0000][374.608s][info][gc,phases   ] GC(146)   Evacuate Collection Set: 8.12ms
[2026-10-07T05:03:53.376+0000][374.608s][info][gc,phases   ] GC(146)   Post Evacuate Collection Set: 0.82ms
[2026-10-07T05:03:53.376+0000][374.608s][info][gc,phases   ] GC(146)   Other: 0.51ms
[2026-10-07T05:03:53.376+0000][374.608s][info][gc,heap     ] GC(146) Eden regions: 20->0(20)
[2026-10-07T05:03:53.376+0000][374.608s][info][gc,heap     ] GC(146) Survivor regions: 2->2(3)
[2026-10-07T05:03:53.376+0000][374.608s][info][gc,heap     ] GC(146) Old regions: 28->28
[2026-10-07T05:03:53.376+0000][374.608s][info][gc,heap     ] GC(146) Humongous regions: 2->2
[2026-10-07T05:03:53.376+0000][374.608s][info][gc,metaspace] GC(146) Metaspace: 74423K(75200K)->74423K(75200K) NonClass: 65048K(65472K)->65048K(65472K) Class: 9374K(9728K)->9374K(9728K)
[2026-10-07T05:03:53.376+0000][374.608s][info][gc          ] GC(146) Pause Young (Normal) (G1 Evacuation Pause) 51M->31M(56M) 10.927ms
[2026-10-07T05:03:53.376+0000][374.608s][info][gc,cpu      ] GC(146) User=0.01s Sys=0.00s Real=0.01s
[2026-10-07T05:03:57.111+0000][378.343s][info][gc,start    ] GC(147) Pause Young (Concurrent Start) (G1 Evacuation Pause)
[2026-10-07T05:03:57.111+0000][378.343s][info][gc,task     ] GC(147) Using 2 workers of 2 for evacuation
[2026-10-07T05:03:57.120+0000][378.352s][info][gc,phases   ] GC(147)   Pre Evacuate Collection Set: 0.70ms
[2026-10-07T05:03:57.120+0000][378.352s][info][gc,phases   ] GC(147)   Merge Heap Roots: 0.25ms
[2026-10-07T05:03:57.120+0000][378.352s][info][gc,phases   ] GC(147)   Evacuate Collection Set: 6.72ms
[2026-10-07T05:03:57.120+0000][378.352s][info][gc,phases   ] GC(147)   Post Evacuate Collection Set: 0.95ms
[2026-10-07T05:03:57.120+0000][378.352s][info][gc,phases   ] GC(147)   Other: 0.22ms
[2026-10-07T05:03:57.120+0000][378.353s][info][gc,heap     ] GC(147) Eden regions: 20->0(20)
[2026-10-07T05:03:57.121+0000][378.353s][info][gc,heap     ] GC(147) Survivor regions: 2->2(3)
[2026-10-07T05:03:57.121+0000][378.353s][info][gc,heap     ] GC(147) Old regions: 28->28
[2026-10-07T05:03:57.121+0000][378.353s][info][gc,heap     ] GC(147) Humongous regions: 2->2
[2026-10-07T05:03:57.121+0000][378.353s][info][gc,metaspace] GC(147) Metaspace: 74424K(75200K)->74424K(75200K) NonClass: 65049K(65472K)->65049K(65472K) Class: 9374K(9728K)->9374K(9728K)
[2026-10-07T05:03:57.121+0000][378.353s][info][gc          ] GC(147) Pause Young (Concurrent Start) (G1 Evacuation Pause) 51M->31M(56M) 10.352ms
[2026-10-07T05:03:57.121+0000][378.354s][info][gc          ] GC(148) Concurrent Mark Cycle
[2026-10-07T05:03:57.122+0000][378.354s][info][gc,cpu      ] GC(147) User=0.01s Sys=0.00s Real=0.01s
[2026-10-07T05:03:57.122+0000][378.354s][info][gc,marking  ] GC(148) Concurrent Scan Root Regions
[2026-10-07T05:03:57.137+0000][378.369s][info][gc,marking  ] GC(148) Concurrent Scan Root Regions 15.058ms
[2026-10-07T05:03:57.137+0000][378.369s][info][gc,marking  ] GC(148) Concurrent Mark
[2026-10-07T05:03:57.137+0000][378.369s][info][gc,marking  ] GC(148) Concurrent Mark From Roots
[2026-10-07T05:03:57.137+0000][378.370s][info][gc,task     ] GC(148) Using 1 workers of 1 for marking
[2026-10-07T05:03:57.245+0000][378.478s][info][gc,marking  ] GC(148) Concurrent Mark From Roots 108.377ms
[2026-10-07T05:03:57.246+0000][378.478s][info][gc,marking  ] GC(148) Concurrent Preclean
[2026-10-07T05:03:57.247+0000][378.480s][info][gc,marking  ] GC(148) Concurrent Preclean 1.761ms
[2026-10-07T05:03:57.252+0000][378.484s][info][gc,start    ] GC(148) Pause Remark
[2026-10-07T05:03:57.290+0000][378.522s][info][gc          ] GC(148) Pause Remark 32M->32M(56M) 38.156ms
[2026-10-07T05:03:57.292+0000][378.525s][info][gc,cpu      ] GC(148) User=0.03s Sys=0.00s Real=0.04s
[2026-10-07T05:03:57.296+0000][378.528s][info][gc,marking  ] GC(148) Concurrent Mark 159.415ms
[2026-10-07T05:03:57.296+0000][378.529s][info][gc,marking  ] GC(148) Concurrent Rebuild Remembered Sets and Scrub Regions
[2026-10-07T05:03:57.344+0000][378.577s][info][gc,marking  ] GC(148) Concurrent Rebuild Remembered Sets and Scrub Regions 47.929ms
[2026-10-07T05:03:57.345+0000][378.577s][info][gc,start    ] GC(148) Pause Cleanup
[2026-10-07T05:03:57.346+0000][378.578s][info][gc          ] GC(148) Pause Cleanup 32M->32M(56M) 1.039ms
[2026-10-07T05:03:57.346+0000][378.578s][info][gc,cpu      ] GC(148) User=0.00s Sys=0.00s Real=0.00s
[2026-10-07T05:03:57.346+0000][378.578s][info][gc,marking  ] GC(148) Concurrent Clear Claimed Marks
[2026-10-07T05:03:57.347+0000][378.580s][info][gc,marking  ] GC(148) Concurrent Clear Claimed Marks 1.403ms
[2026-10-07T05:03:57.348+0000][378.580s][info][gc,marking  ] GC(148) Concurrent Cleanup for Next Mark
[2026-10-07T05:03:57.350+0000][378.582s][info][gc,marking  ] GC(148) Concurrent Cleanup for Next Mark 1.730ms
[2026-10-07T05:03:57.350+0000][378.582s][info][gc          ] GC(148) Concurrent Mark Cycle 228.498ms
[2026-10-07T05:04:00.828+0000][382.060s][info][gc,start    ] GC(149) Pause Young (Normal) (G1 Evacuation Pause)
[2026-10-07T05:04:00.828+0000][382.060s][info][gc,task     ] GC(149) Using 2 workers of 2 for evacuation
[2026-10-07T05:04:00.836+0000][382.068s][info][gc,phases   ] GC(149)   Pre Evacuate Collection Set: 0.52ms
[2026-10-07T05:04:00.836+0000][382.068s][info][gc,phases   ] GC(149)   Merge Heap Roots: 0.51ms
[2026-10-07T05:04:00.836+0000][382.068s][info][gc,phases   ] GC(149)   Evacuate Collection Set: 5.77ms
[2026-10-07T05:04:00.836+0000][382.068s][info][gc,phases   ] GC(149)   Post Evacuate Collection Set: 0.80ms
[2026-10-07T05:04:00.836+0000][382.068s][info][gc,phases   ] GC(149)   Other: 0.10ms
[2026-10-07T05:04:00.836+0000][382.068s][info][gc,heap     ] GC(149) Eden regions: 20->0(20)
[2026-10-07T05:04:00.836+0000][382.069s][info][gc,heap     ] GC(149) Survivor regions: 2->2(3)
[2026-10-07T05:04:00.836+0000][382.069s][info][gc,heap     ] GC(149) Old regions: 28->28
[2026-10-07T05:04:00.837+0000][382.069s][info][gc,heap     ] GC(149) Humongous regions: 2->2
[2026-10-07T05:04:00.837+0000][382.069s][info][gc,metaspace] GC(149) Metaspace: 74427K(75200K)->74427K(75200K) NonClass: 65053K(65472K)->65053K(65472K) Class: 9374K(9728K)->9374K(9728K)
[2026-10-07T05:04:00.837+0000][382.069s][info][gc          ] GC(149) Pause Young (Normal) (G1 Evacuation Pause) 51M->31M(56M) 8.569ms
[2026-10-07T05:04:00.837+0000][382.069s][info][gc,cpu      ] GC(149) User=0.01s Sys=0.00s Real=0.01s
[2026-10-07T05:04:04.705+0000][385.937s][info][gc,start    ] GC(150) Pause Young (Concurrent Start) (G1 Evacuation Pause)
[2026-10-07T05:04:04.705+0000][385.937s][info][gc,task     ] GC(150) Using 2 workers of 2 for evacuation
[2026-10-07T05:04:04.713+0000][385.945s][info][gc,phases   ] GC(150)   Pre Evacuate Collection Set: 0.31ms
[2026-10-07T05:04:04.713+0000][385.945s][info][gc,phases   ] GC(150)   Merge Heap Roots: 0.10ms
[2026-10-07T05:04:04.713+0000][385.945s][info][gc,phases   ] GC(150)   Evacuate Collection Set: 6.10ms
[2026-10-07T05:04:04.713+0000][385.945s][info][gc,phases   ] GC(150)   Post Evacuate Collection Set: 1.01ms
[2026-10-07T05:04:04.713+0000][385.945s][info][gc,phases   ] GC(150)   Other: 0.15ms
[2026-10-07T05:04:04.713+0000][385.945s][info][gc,heap     ] GC(150) Eden regions: 20->0(20)
[2026-10-07T05:04:04.713+0000][385.945s][info][gc,heap     ] GC(150) Survivor regions: 2->2(3)
[2026-10-07T05:04:04.713+0000][385.945s][info][gc,heap     ] GC(150) Old regions: 28->28
[2026-10-07T05:04:04.713+0000][385.945s][info][gc,heap     ] GC(150) Humongous regions: 2->2
[2026-10-07T05:04:04.713+0000][385.945s][info][gc,metaspace] GC(150) Metaspace: 74428K(75200K)->74428K(75200K) NonClass: 65053K(65472K)->65053K(65472K) Class: 9374K(9728K)->9374K(9728K)
[2026-10-07T05:04:04.713+0000][385.946s][info][gc          ] GC(150) Pause Young (Concurrent Start) (G1 Evacuation Pause) 51M->31M(56M) 8.290ms
[2026-10-07T05:04:04.714+0000][385.946s][info][gc          ] GC(151) Concurrent Mark Cycle
[2026-10-07T05:04:04.714+0000][385.946s][info][gc,cpu      ] GC(150) User=0.01s Sys=0.00s Real=0.01s
[2026-10-07T05:04:04.715+0000][385.947s][info][gc,marking  ] GC(151) Concurrent Scan Root Regions
[2026-10-07T05:04:04.731+0000][385.963s][info][gc,marking  ] GC(151) Concurrent Scan Root Regions 17.034ms
[2026-10-07T05:04:04.731+0000][385.964s][info][gc,marking  ] GC(151) Concurrent Mark
[2026-10-07T05:04:04.732+0000][385.964s][info][gc,marking  ] GC(151) Concurrent Mark From Roots
[2026-10-07T05:04:04.732+0000][385.964s][info][gc,task     ] GC(151) Using 1 workers of 1 for marking
[2026-10-07T05:04:04.832+0000][386.064s][info][gc,marking  ] GC(151) Concurrent Mark From Roots 100.446ms
[2026-10-07T05:04:04.832+0000][386.064s][info][gc,marking  ] GC(151) Concurrent Preclean
[2026-10-07T05:04:04.832+0000][386.064s][info][gc,marking  ] GC(151) Concurrent Preclean 0.173ms
[2026-10-07T05:04:04.832+0000][386.065s][info][gc,start    ] GC(151) Pause Remark
[2026-10-07T05:04:04.857+0000][386.089s][info][gc          ] GC(151) Pause Remark 32M->32M(56M) 24.564ms
[2026-10-07T05:04:04.857+0000][386.089s][info][gc,cpu      ] GC(151) User=0.04s Sys=0.00s Real=0.03s
[2026-10-07T05:04:04.858+0000][386.091s][info][gc,marking  ] GC(151) Concurrent Mark 127.105ms
[2026-10-07T05:04:04.859+0000][386.091s][info][gc,marking  ] GC(151) Concurrent Rebuild Remembered Sets and Scrub Regions
[2026-10-07T05:04:04.918+0000][386.151s][info][gc,marking  ] GC(151) Concurrent Rebuild Remembered Sets and Scrub Regions 59.832ms
[2026-10-07T05:04:04.918+0000][386.151s][info][gc,start    ] GC(151) Pause Cleanup
[2026-10-07T05:04:04.919+0000][386.151s][info][gc          ] GC(151) Pause Cleanup 32M->32M(56M) 0.206ms
[2026-10-07T05:04:04.919+0000][386.151s][info][gc,cpu      ] GC(151) User=0.00s Sys=0.00s Real=0.00s
[2026-10-07T05:04:04.919+0000][386.151s][info][gc,marking  ] GC(151) Concurrent Clear Claimed Marks
[2026-10-07T05:04:04.920+0000][386.152s][info][gc,marking  ] GC(151) Concurrent Clear Claimed Marks 0.743ms
[2026-10-07T05:04:04.920+0000][386.152s][info][gc,marking  ] GC(151) Concurrent Cleanup for Next Mark
[2026-10-07T05:04:04.920+0000][386.152s][info][gc,marking  ] GC(151) Concurrent Cleanup for Next Mark 0.225ms
[2026-10-07T05:04:04.920+0000][386.152s][info][gc          ] GC(151) Concurrent Mark Cycle 206.283ms
[2026-10-07T05:04:08.629+0000][389.862s][info][gc,start    ] GC(152) Pause Young (Normal) (G1 Evacuation Pause)
[2026-10-07T05:04:08.629+0000][389.862s][info][gc,task     ] GC(152) Using 2 workers of 2 for evacuation
[2026-10-07T05:04:08.637+0000][389.869s][info][gc,phases   ] GC(152)   Pre Evacuate Collection Set: 0.40ms
[2026-10-07T05:04:08.637+0000][389.869s][info][gc,phases   ] GC(152)   Merge Heap Roots: 0.15ms
[2026-10-07T05:04:08.637+0000][389.869s][info][gc,phases   ] GC(152)   Evacuate Collection Set: 5.61ms
[2026-10-07T05:04:08.637+0000][389.869s][info][gc,phases   ] GC(152)   Post Evacuate Collection Set: 0.84ms
[2026-10-07T05:04:08.637+0000][389.869s][info][gc,phases   ] GC(152)   Other: 0.10ms
[2026-10-07T05:04:08.637+0000][389.869s][info][gc,heap     ] GC(152) Eden regions: 20->0(20)
[2026-10-07T05:04:08.637+0000][389.869s][info][gc,heap     ] GC(152) Survivor regions: 2->2(3)
[2026-10-07T05:04:08.637+0000][389.869s][info][gc,heap     ] GC(152) Old regions: 28->28
[2026-10-07T05:04:08.637+0000][389.869s][info][gc,heap     ] GC(152) Humongous regions: 2->2
[2026-10-07T05:04:08.637+0000][389.869s][info][gc,metaspace] GC(152) Metaspace: 74428K(75200K)->74428K(75200K) NonClass: 65053K(65472K)->65053K(65472K) Class: 9374K(9728K)->9374K(9728K)
[2026-10-07T05:04:08.637+0000][389.869s][info][gc          ] GC(152) Pause Young (Normal) (G1 Evacuation Pause) 51M->31M(56M) 7.845ms
[2026-10-07T05:04:08.637+0000][389.870s][info][gc,cpu      ] GC(152) User=0.01s Sys=0.00s Real=0.01s
[2026-10-07T05:04:12.326+0000][393.558s][info][gc,start    ] GC(153) Pause Young (Concurrent Start) (G1 Evacuation Pause)
[2026-10-07T05:04:12.326+0000][393.558s][info][gc,task     ] GC(153) Using 2 workers of 2 for evacuation
[2026-10-07T05:04:12.332+0000][393.565s][info][gc,phases   ] GC(153)   Pre Evacuate Collection Set: 0.26ms
[2026-10-07T05:04:12.332+0000][393.565s][info][gc,phases   ] GC(153)   Merge Heap Roots: 0.10ms
[2026-10-07T05:04:12.333+0000][393.565s][info][gc,phases   ] GC(153)   Evacuate Collection Set: 5.65ms
[2026-10-07T05:04:12.333+0000][393.565s][info][gc,phases   ] GC(153)   Post Evacuate Collection Set: 0.73ms
[2026-10-07T05:04:12.333+0000][393.565s][info][gc,phases   ] GC(153)   Other: 0.11ms
[2026-10-07T05:04:12.333+0000][393.565s][info][gc,heap     ] GC(153) Eden regions: 20->0(20)
[2026-10-07T05:04:12.333+0000][393.565s][info][gc,heap     ] GC(153) Survivor regions: 2->2(3)
[2026-10-07T05:04:12.333+0000][393.565s][info][gc,heap     ] GC(153) Old regions: 28->28
[2026-10-07T05:04:12.333+0000][393.565s][info][gc,heap     ] GC(153) Humongous regions: 2->2
[2026-10-07T05:04:12.333+0000][393.565s][info][gc,metaspace] GC(153) Metaspace: 74430K(75200K)->74430K(75200K) NonClass: 65056K(65472K)->65056K(65472K) Class: 9374K(9728K)->9374K(9728K)
[2026-10-07T05:04:12.334+0000][393.566s][info][gc          ] GC(153) Pause Young (Concurrent Start) (G1 Evacuation Pause) 51M->31M(56M) 7.999ms
[2026-10-07T05:04:12.334+0000][393.566s][info][gc,cpu      ] GC(153) User=0.01s Sys=0.00s Real=0.01s
[2026-10-07T05:04:12.336+0000][393.568s][info][gc          ] GC(154) Concurrent Mark Cycle
[2026-10-07T05:04:12.336+0000][393.568s][info][gc,marking  ] GC(154) Concurrent Scan Root Regions
[2026-10-07T05:04:12.348+0000][393.581s][info][gc,marking  ] GC(154) Concurrent Scan Root Regions 12.421ms
[2026-10-07T05:04:12.349+0000][393.581s][info][gc,marking  ] GC(154) Concurrent Mark
[2026-10-07T05:04:12.349+0000][393.581s][info][gc,marking  ] GC(154) Concurrent Mark From Roots
[2026-10-07T05:04:12.349+0000][393.581s][info][gc,task     ] GC(154) Using 1 workers of 1 for marking
[2026-10-07T05:04:12.549+0000][393.781s][info][gc,marking  ] GC(154) Concurrent Mark From Roots 199.875ms
[2026-10-07T05:04:12.549+0000][393.781s][info][gc,marking  ] GC(154) Concurrent Preclean
[2026-10-07T05:04:12.549+0000][393.781s][info][gc,marking  ] GC(154) Concurrent Preclean 0.163ms
[2026-10-07T05:04:12.550+0000][393.782s][info][gc,start    ] GC(154) Pause Remark
[2026-10-07T05:04:12.586+0000][393.818s][info][gc          ] GC(154) Pause Remark 32M->32M(56M) 36.106ms
[2026-10-07T05:04:12.586+0000][393.818s][info][gc,cpu      ] GC(154) User=0.04s Sys=0.00s Real=0.04s
[2026-10-07T05:04:12.590+0000][393.822s][info][gc,marking  ] GC(154) Concurrent Mark 241.622ms
[2026-10-07T05:04:12.590+0000][393.822s][info][gc,marking  ] GC(154) Concurrent Rebuild Remembered Sets and Scrub Regions
[2026-10-07T05:04:12.630+0000][393.862s][info][gc,marking  ] GC(154) Concurrent Rebuild Remembered Sets and Scrub Regions 39.367ms
[2026-10-07T05:04:12.630+0000][393.862s][info][gc,start    ] GC(154) Pause Cleanup
[2026-10-07T05:04:12.630+0000][393.862s][info][gc          ] GC(154) Pause Cleanup 32M->32M(56M) 0.117ms
[2026-10-07T05:04:12.630+0000][393.862s][info][gc,cpu      ] GC(154) User=0.00s Sys=0.00s Real=0.00s
[2026-10-07T05:04:12.630+0000][393.863s][info][gc,marking  ] GC(154) Concurrent Clear Claimed Marks
[2026-10-07T05:04:12.631+0000][393.863s][info][gc,marking  ] GC(154) Concurrent Clear Claimed Marks 0.215ms
[2026-10-07T05:04:12.632+0000][393.864s][info][gc,marking  ] GC(154) Concurrent Cleanup for Next Mark
[2026-10-07T05:04:12.634+0000][393.866s][info][gc,marking  ] GC(154) Concurrent Cleanup for Next Mark 2.040ms
[2026-10-07T05:04:12.634+0000][393.866s][info][gc          ] GC(154) Concurrent Mark Cycle 297.778ms
[2026-10-07T05:04:15.984+0000][397.216s][info][gc,start    ] GC(155) Pause Young (Normal) (G1 Evacuation Pause)
[2026-10-07T05:04:15.984+0000][397.216s][info][gc,task     ] GC(155) Using 2 workers of 2 for evacuation
[2026-10-07T05:04:15.994+0000][397.226s][info][gc,phases   ] GC(155)   Pre Evacuate Collection Set: 0.73ms
[2026-10-07T05:04:15.994+0000][397.226s][info][gc,phases   ] GC(155)   Merge Heap Roots: 0.48ms
[2026-10-07T05:04:15.994+0000][397.226s][info][gc,phases   ] GC(155)   Evacuate Collection Set: 7.90ms
[2026-10-07T05:04:15.994+0000][397.226s][info][gc,phases   ] GC(155)   Post Evacuate Collection Set: 0.73ms
[2026-10-07T05:04:15.994+0000][397.226s][info][gc,phases   ] GC(155)   Other: 0.16ms
[2026-10-07T05:04:15.994+0000][397.227s][info][gc,heap     ] GC(155) Eden regions: 20->0(19)
[2026-10-07T05:04:15.994+0000][397.227s][info][gc,heap     ] GC(155) Survivor regions: 2->2(3)
[2026-10-07T05:04:15.995+0000][397.227s][info][gc,heap     ] GC(155) Old regions: 28->29
[2026-10-07T05:04:15.995+0000][397.227s][info][gc,heap     ] GC(155) Humongous regions: 2->2
[2026-10-07T05:04:15.995+0000][397.227s][info][gc,metaspace] GC(155) Metaspace: 74433K(75200K)->74433K(75200K) NonClass: 65059K(65472K)->65059K(65472K) Class: 9374K(9728K)->9374K(9728K)
[2026-10-07T05:04:15.995+0000][397.227s][info][gc          ] GC(155) Pause Young (Normal) (G1 Evacuation Pause) 51M->31M(56M) 11.047ms
[2026-10-07T05:04:15.995+0000][397.227s][info][gc,cpu      ] GC(155) User=0.01s Sys=0.00s Real=0.01s
[2026-10-07T05:04:19.428+0000][400.660s][info][gc,start    ] GC(156) Pause Young (Concurrent Start) (G1 Evacuation Pause)
[2026-10-07T05:04:19.428+0000][400.661s][info][gc,task     ] GC(156) Using 2 workers of 2 for evacuation
[2026-10-07T05:04:19.435+0000][400.668s][info][gc,phases   ] GC(156)   Pre Evacuate Collection Set: 0.60ms
[2026-10-07T05:04:19.435+0000][400.668s][info][gc,phases   ] GC(156)   Merge Heap Roots: 0.22ms
[2026-10-07T05:04:19.435+0000][400.668s][info][gc,phases   ] GC(156)   Evacuate Collection Set: 5.18ms
[2026-10-07T05:04:19.435+0000][400.668s][info][gc,phases   ] GC(156)   Post Evacuate Collection Set: 0.91ms
[2026-10-07T05:04:19.435+0000][400.668s][info][gc,phases   ] GC(156)   Other: 0.16ms
[2026-10-07T05:04:19.435+0000][400.668s][info][gc,heap     ] GC(156) Eden regions: 19->0(19)
[2026-10-07T05:04:19.436+0000][400.668s][info][gc,heap     ] GC(156) Survivor regions: 2->2(3)
[2026-10-07T05:04:19.436+0000][400.668s][info][gc,heap     ] GC(156) Old regions: 29->29
[2026-10-07T05:04:19.436+0000][400.668s][info][gc,heap     ] GC(156) Humongous regions: 2->2
[2026-10-07T05:04:19.436+0000][400.668s][info][gc,metaspace] GC(156) Metaspace: 74433K(75200K)->74433K(75200K) NonClass: 65059K(65472K)->65059K(65472K) Class: 9374K(9728K)->9374K(9728K)
[2026-10-07T05:04:19.436+0000][400.668s][info][gc          ] GC(156) Pause Young (Concurrent Start) (G1 Evacuation Pause) 50M->31M(56M) 7.409ms
[2026-10-07T05:04:19.436+0000][400.668s][info][gc          ] GC(157) Concurrent Mark Cycle
[2026-10-07T05:04:19.436+0000][400.668s][info][gc,marking  ] GC(157) Concurrent Scan Root Regions
[2026-10-07T05:04:19.436+0000][400.668s][info][gc,cpu      ] GC(156) User=0.00s Sys=0.01s Real=0.01s
[2026-10-07T05:04:19.442+0000][400.674s][info][gc,marking  ] GC(157) Concurrent Scan Root Regions 6.337ms
[2026-10-07T05:04:19.442+0000][400.674s][info][gc,marking  ] GC(157) Concurrent Mark
[2026-10-07T05:04:19.442+0000][400.674s][info][gc,marking  ] GC(157) Concurrent Mark From Roots
[2026-10-07T05:04:19.442+0000][400.674s][info][gc,task     ] GC(157) Using 1 workers of 1 for marking
[2026-10-07T05:04:19.540+0000][400.772s][info][gc,marking  ] GC(157) Concurrent Mark From Roots 98.019ms
[2026-10-07T05:04:19.541+0000][400.774s][info][gc,marking  ] GC(157) Concurrent Preclean
[2026-10-07T05:04:19.542+0000][400.774s][info][gc,marking  ] GC(157) Concurrent Preclean 0.342ms
[2026-10-07T05:04:19.542+0000][400.774s][info][gc,start    ] GC(157) Pause Remark
[2026-10-07T05:04:19.565+0000][400.798s][info][gc          ] GC(157) Pause Remark 32M->32M(56M) 23.528ms
[2026-10-07T05:04:19.565+0000][400.798s][info][gc,cpu      ] GC(157) User=0.04s Sys=0.00s Real=0.03s
[2026-10-07T05:04:19.567+0000][400.799s][info][gc,marking  ] GC(157) Concurrent Mark 124.735ms
[2026-10-07T05:04:19.567+0000][400.800s][info][gc,marking  ] GC(157) Concurrent Rebuild Remembered Sets and Scrub Regions
[2026-10-07T05:04:19.625+0000][400.857s][info][gc,marking  ] GC(157) Concurrent Rebuild Remembered Sets and Scrub Regions 57.279ms
[2026-10-07T05:04:19.625+0000][400.857s][info][gc,start    ] GC(157) Pause Cleanup
[2026-10-07T05:04:19.626+0000][400.858s][info][gc          ] GC(157) Pause Cleanup 32M->32M(56M) 1.239ms
[2026-10-07T05:04:19.626+0000][400.858s][info][gc,cpu      ] GC(157) User=0.00s Sys=0.00s Real=0.00s
[2026-10-07T05:04:19.627+0000][400.859s][info][gc,marking  ] GC(157) Concurrent Clear Claimed Marks
[2026-10-07T05:04:19.627+0000][400.860s][info][gc,marking  ] GC(157) Concurrent Clear Claimed Marks 0.544ms
[2026-10-07T05:04:19.627+0000][400.860s][info][gc,marking  ] GC(157) Concurrent Cleanup for Next Mark
[2026-10-07T05:04:19.628+0000][400.860s][info][gc,marking  ] GC(157) Concurrent Cleanup for Next Mark 0.777ms
[2026-10-07T05:04:19.628+0000][400.860s][info][gc          ] GC(157) Concurrent Mark Cycle 192.436ms
[2026-10-07T05:04:23.149+0000][404.382s][info][gc,start    ] GC(158) Pause Young (Prepare Mixed) (G1 Evacuation Pause)
[2026-10-07T05:04:23.149+0000][404.382s][info][gc,task     ] GC(158) Using 2 workers of 2 for evacuation
[2026-10-07T05:04:23.161+0000][404.394s][info][gc,phases   ] GC(158)   Pre Evacuate Collection Set: 0.52ms
[2026-10-07T05:04:23.162+0000][404.394s][info][gc,phases   ] GC(158)   Merge Heap Roots: 0.34ms
[2026-10-07T05:04:23.162+0000][404.394s][info][gc,phases   ] GC(158)   Evacuate Collection Set: 10.36ms
[2026-10-07T05:04:23.162+0000][404.394s][info][gc,phases   ] GC(158)   Post Evacuate Collection Set: 0.67ms
[2026-10-07T05:04:23.162+0000][404.394s][info][gc,phases   ] GC(158)   Other: 0.08ms
[2026-10-07T05:04:23.162+0000][404.394s][info][gc,heap     ] GC(158) Eden regions: 19->0(19)
[2026-10-07T05:04:23.162+0000][404.394s][info][gc,heap     ] GC(158) Survivor regions: 2->2(3)
[2026-10-07T05:04:23.162+0000][404.394s][info][gc,heap     ] GC(158) Old regions: 29->29
[2026-10-07T05:04:23.162+0000][404.394s][info][gc,heap     ] GC(158) Humongous regions: 2->2
[2026-10-07T05:04:23.162+0000][404.394s][info][gc,metaspace] GC(158) Metaspace: 74446K(75200K)->74446K(75200K) NonClass: 65072K(65472K)->65072K(65472K) Class: 9374K(9728K)->9374K(9728K)
[2026-10-07T05:04:23.162+0000][404.394s][info][gc          ] GC(158) Pause Young (Prepare Mixed) (G1 Evacuation Pause) 50M->31M(56M) 12.517ms
[2026-10-07T05:04:23.162+0000][404.394s][info][gc,cpu      ] GC(158) User=0.01s Sys=0.00s Real=0.01s
[2026-10-07T05:04:26.600+0000][407.832s][info][gc,start    ] GC(159) Pause Young (Mixed) (G1 Evacuation Pause)
[2026-10-07T05:04:26.600+0000][407.833s][info][gc,task     ] GC(159) Using 2 workers of 2 for evacuation
[2026-10-07T05:04:26.614+0000][407.846s][info][gc,phases   ] GC(159)   Pre Evacuate Collection Set: 0.35ms
[2026-10-07T05:04:26.614+0000][407.846s][info][gc,phases   ] GC(159)   Merge Heap Roots: 1.41ms
[2026-10-07T05:04:26.614+0000][407.846s][info][gc,phases   ] GC(159)   Evacuate Collection Set: 10.40ms
[2026-10-07T05:04:26.614+0000][407.846s][info][gc,phases   ] GC(159)   Post Evacuate Collection Set: 0.72ms
[2026-10-07T05:04:26.614+0000][407.846s][info][gc,phases   ] GC(159)   Other: 0.52ms
[2026-10-07T05:04:26.614+0000][407.846s][info][gc,heap     ] GC(159) Eden regions: 19->0(19)
[2026-10-07T05:04:26.614+0000][407.846s][info][gc,heap     ] GC(159) Survivor regions: 2->2(3)
[2026-10-07T05:04:26.614+0000][407.846s][info][gc,heap     ] GC(159) Old regions: 29->29
[2026-10-07T05:04:26.614+0000][407.846s][info][gc,heap     ] GC(159) Humongous regions: 2->2
[2026-10-07T05:04:26.614+0000][407.846s][info][gc,metaspace] GC(159) Metaspace: 74446K(75200K)->74446K(75200K) NonClass: 65072K(65472K)->65072K(65472K) Class: 9374K(9728K)->9374K(9728K)
[2026-10-07T05:04:26.614+0000][407.846s][info][gc          ] GC(159) Pause Young (Mixed) (G1 Evacuation Pause) 50M->31M(56M) 13.854ms
[2026-10-07T05:04:26.614+0000][407.846s][info][gc,cpu      ] GC(159) User=0.01s Sys=0.00s Real=0.02s
[2026-10-07T05:04:30.194+0000][411.426s][info][gc,start    ] GC(160) Pause Young (Concurrent Start) (G1 Evacuation Pause)
[2026-10-07T05:04:30.194+0000][411.426s][info][gc,task     ] GC(160) Using 2 workers of 2 for evacuation
[2026-10-07T05:04:30.203+0000][411.435s][info][gc,phases   ] GC(160)   Pre Evacuate Collection Set: 0.31ms
[2026-10-07T05:04:30.203+0000][411.435s][info][gc,phases   ] GC(160)   Merge Heap Roots: 0.30ms
[2026-10-07T05:04:30.203+0000][411.435s][info][gc,phases   ] GC(160)   Evacuate Collection Set: 7.47ms
[2026-10-07T05:04:30.203+0000][411.435s][info][gc,phases   ] GC(160)   Post Evacuate Collection Set: 0.80ms
[2026-10-07T05:04:30.203+0000][411.435s][info][gc,phases   ] GC(160)   Other: 0.52ms
[2026-10-07T05:04:30.203+0000][411.435s][info][gc,heap     ] GC(160) Eden regions: 19->0(19)
[2026-10-07T05:04:30.203+0000][411.435s][info][gc,heap     ] GC(160) Survivor regions: 2->2(3)
[2026-10-07T05:04:30.203+0000][411.436s][info][gc,heap     ] GC(160) Old regions: 29->29
[2026-10-07T05:04:30.203+0000][411.436s][info][gc,heap     ] GC(160) Humongous regions: 2->2
[2026-10-07T05:04:30.203+0000][411.436s][info][gc,metaspace] GC(160) Metaspace: 74453K(75200K)->74453K(75200K) NonClass: 65078K(65472K)->65078K(65472K) Class: 9374K(9728K)->9374K(9728K)
[2026-10-07T05:04:30.204+0000][411.436s][info][gc          ] GC(160) Pause Young (Concurrent Start) (G1 Evacuation Pause) 50M->31M(56M) 10.063ms
[2026-10-07T05:04:30.204+0000][411.436s][info][gc          ] GC(161) Concurrent Mark Cycle
[2026-10-07T05:04:30.204+0000][411.436s][info][gc,marking  ] GC(161) Concurrent Scan Root Regions
[2026-10-07T05:04:30.204+0000][411.436s][info][gc,cpu      ] GC(160) User=0.01s Sys=0.00s Real=0.01s
[2026-10-07T05:04:30.221+0000][411.453s][info][gc,marking  ] GC(161) Concurrent Scan Root Regions 16.935ms
[2026-10-07T05:04:30.221+0000][411.454s][info][gc,marking  ] GC(161) Concurrent Mark
[2026-10-07T05:04:30.221+0000][411.454s][info][gc,marking  ] GC(161) Concurrent Mark From Roots
[2026-10-07T05:04:30.221+0000][411.454s][info][gc,task     ] GC(161) Using 1 workers of 1 for marking
[2026-10-07T05:04:30.314+0000][411.546s][info][gc,marking  ] GC(161) Concurrent Mark From Roots 92.668ms
[2026-10-07T05:04:30.314+0000][411.546s][info][gc,marking  ] GC(161) Concurrent Preclean
[2026-10-07T05:04:30.314+0000][411.546s][info][gc,marking  ] GC(161) Concurrent Preclean 0.179ms
[2026-10-07T05:04:30.315+0000][411.548s][info][gc,start    ] GC(161) Pause Remark
[2026-10-07T05:04:30.338+0000][411.570s][info][gc          ] GC(161) Pause Remark 31M->31M(56M) 22.830ms
[2026-10-07T05:04:30.338+0000][411.570s][info][gc,cpu      ] GC(161) User=0.04s Sys=0.00s Real=0.02s
[2026-10-07T05:04:30.339+0000][411.571s][info][gc,marking  ] GC(161) Concurrent Mark 117.782ms
[2026-10-07T05:04:30.339+0000][411.571s][info][gc,marking  ] GC(161) Concurrent Rebuild Remembered Sets and Scrub Regions
[2026-10-07T05:04:30.382+0000][411.614s][info][gc,marking  ] GC(161) Concurrent Rebuild Remembered Sets and Scrub Regions 42.581ms
[2026-10-07T05:04:30.382+0000][411.614s][info][gc,start    ] GC(161) Pause Cleanup
[2026-10-07T05:04:30.382+0000][411.614s][info][gc          ] GC(161) Pause Cleanup 32M->32M(56M) 0.315ms
[2026-10-07T05:04:30.382+0000][411.614s][info][gc,cpu      ] GC(161) User=0.00s Sys=0.00s Real=0.00s
[2026-10-07T05:04:30.384+0000][411.616s][info][gc,marking  ] GC(161) Concurrent Clear Claimed Marks
[2026-10-07T05:04:30.384+0000][411.616s][info][gc,marking  ] GC(161) Concurrent Clear Claimed Marks 0.165ms
[2026-10-07T05:04:30.385+0000][411.618s][info][gc,marking  ] GC(161) Concurrent Cleanup for Next Mark
[2026-10-07T05:04:30.388+0000][411.620s][info][gc,marking  ] GC(161) Concurrent Cleanup for Next Mark 2.036ms
[2026-10-07T05:04:30.388+0000][411.620s][info][gc          ] GC(161) Concurrent Mark Cycle 183.623ms
[2026-10-07T05:04:33.870+0000][415.103s][info][gc,start    ] GC(162) Pause Young (Normal) (G1 Evacuation Pause)
[2026-10-07T05:04:33.870+0000][415.103s][info][gc,task     ] GC(162) Using 2 workers of 2 for evacuation
[2026-10-07T05:04:33.879+0000][415.111s][info][gc,phases   ] GC(162)   Pre Evacuate Collection Set: 0.43ms
[2026-10-07T05:04:33.879+0000][415.111s][info][gc,phases   ] GC(162)   Merge Heap Roots: 0.43ms
[2026-10-07T05:04:33.879+0000][415.111s][info][gc,phases   ] GC(162)   Evacuate Collection Set: 6.57ms
[2026-10-07T05:04:33.879+0000][415.111s][info][gc,phases   ] GC(162)   Post Evacuate Collection Set: 0.73ms
[2026-10-07T05:04:33.879+0000][415.111s][info][gc,phases   ] GC(162)   Other: 0.09ms
[2026-10-07T05:04:33.879+0000][415.112s][info][gc,heap     ] GC(162) Eden regions: 19->0(19)
[2026-10-07T05:04:33.880+0000][415.112s][info][gc,heap     ] GC(162) Survivor regions: 2->2(3)
[2026-10-07T05:04:33.880+0000][415.112s][info][gc,heap     ] GC(162) Old regions: 29->29
[2026-10-07T05:04:33.880+0000][415.112s][info][gc,heap     ] GC(162) Humongous regions: 2->2
[2026-10-07T05:04:33.880+0000][415.112s][info][gc,metaspace] GC(162) Metaspace: 74453K(75200K)->74453K(75200K) NonClass: 65078K(65472K)->65078K(65472K) Class: 9374K(9728K)->9374K(9728K)
[2026-10-07T05:04:33.880+0000][415.112s][info][gc          ] GC(162) Pause Young (Normal) (G1 Evacuation Pause) 50M->31M(56M) 9.946ms
[2026-10-07T05:04:33.881+0000][415.113s][info][gc,cpu      ] GC(162) User=0.01s Sys=0.00s Real=0.01s
[2026-10-07T05:04:37.349+0000][418.581s][info][gc,start    ] GC(163) Pause Young (Concurrent Start) (G1 Evacuation Pause)
[2026-10-07T05:04:37.349+0000][418.582s][info][gc,task     ] GC(163) Using 2 workers of 2 for evacuation
[2026-10-07T05:04:37.357+0000][418.589s][info][gc,phases   ] GC(163)   Pre Evacuate Collection Set: 0.44ms
[2026-10-07T05:04:37.357+0000][418.589s][info][gc,phases   ] GC(163)   Merge Heap Roots: 0.11ms
[2026-10-07T05:04:37.357+0000][418.589s][info][gc,phases   ] GC(163)   Evacuate Collection Set: 6.30ms
[2026-10-07T05:04:37.357+0000][418.589s][info][gc,phases   ] GC(163)   Post Evacuate Collection Set: 0.86ms
[2026-10-07T05:04:37.357+0000][418.590s][info][gc,phases   ] GC(163)   Other: 0.11ms
[2026-10-07T05:04:37.358+0000][418.590s][info][gc,heap     ] GC(163) Eden regions: 19->0(19)
[2026-10-07T05:04:37.358+0000][418.590s][info][gc,heap     ] GC(163) Survivor regions: 2->2(3)
[2026-10-07T05:04:37.358+0000][418.590s][info][gc,heap     ] GC(163) Old regions: 29->29
[2026-10-07T05:04:37.358+0000][418.590s][info][gc,heap     ] GC(163) Humongous regions: 2->2
[2026-10-07T05:04:37.358+0000][418.590s][info][gc,metaspace] GC(163) Metaspace: 74453K(75200K)->74453K(75200K) NonClass: 65078K(65472K)->65078K(65472K) Class: 9374K(9728K)->9374K(9728K)
[2026-10-07T05:04:37.358+0000][418.590s][info][gc          ] GC(163) Pause Young (Concurrent Start) (G1 Evacuation Pause) 50M->31M(56M) 8.668ms
[2026-10-07T05:04:37.358+0000][418.590s][info][gc          ] GC(164) Concurrent Mark Cycle
[2026-10-07T05:04:37.358+0000][418.590s][info][gc,marking  ] GC(164) Concurrent Scan Root Regions
[2026-10-07T05:04:37.358+0000][418.590s][info][gc,cpu      ] GC(163) User=0.01s Sys=0.00s Real=0.01s
[2026-10-07T05:04:37.376+0000][418.608s][info][gc,marking  ] GC(164) Concurrent Scan Root Regions 17.639ms
[2026-10-07T05:04:37.376+0000][418.608s][info][gc,marking  ] GC(164) Concurrent Mark
[2026-10-07T05:04:37.377+0000][418.609s][info][gc,marking  ] GC(164) Concurrent Mark From Roots
[2026-10-07T05:04:37.377+0000][418.609s][info][gc,task     ] GC(164) Using 1 workers of 1 for marking
[2026-10-07T05:04:37.465+0000][418.697s][info][gc,marking  ] GC(164) Concurrent Mark From Roots 88.671ms
[2026-10-07T05:04:37.465+0000][418.698s][info][gc,marking  ] GC(164) Concurrent Preclean
[2026-10-07T05:04:37.466+0000][418.698s][info][gc,marking  ] GC(164) Concurrent Preclean 0.875ms
[2026-10-07T05:04:37.467+0000][418.699s][info][gc,start    ] GC(164) Pause Remark
[2026-10-07T05:04:37.491+0000][418.724s][info][gc          ] GC(164) Pause Remark 32M->32M(56M) 24.489ms
[2026-10-07T05:04:37.491+0000][418.724s][info][gc,cpu      ] GC(164) User=0.04s Sys=0.00s Real=0.02s
[2026-10-07T05:04:37.492+0000][418.724s][info][gc,marking  ] GC(164) Concurrent Mark 115.699ms
[2026-10-07T05:04:37.492+0000][418.724s][info][gc,marking  ] GC(164) Concurrent Rebuild Remembered Sets and Scrub Regions
[2026-10-07T05:04:37.526+0000][418.759s][info][gc,marking  ] GC(164) Concurrent Rebuild Remembered Sets and Scrub Regions 34.457ms
[2026-10-07T05:04:37.527+0000][418.759s][info][gc,start    ] GC(164) Pause Cleanup
[2026-10-07T05:04:37.528+0000][418.760s][info][gc          ] GC(164) Pause Cleanup 32M->32M(56M) 0.831ms
[2026-10-07T05:04:37.528+0000][418.760s][info][gc,cpu      ] GC(164) User=0.00s Sys=0.00s Real=0.00s
[2026-10-07T05:04:37.528+0000][418.760s][info][gc,marking  ] GC(164) Concurrent Clear Claimed Marks
[2026-10-07T05:04:37.529+0000][418.761s][info][gc,marking  ] GC(164) Concurrent Clear Claimed Marks 1.108ms
[2026-10-07T05:04:37.531+0000][418.763s][info][gc,marking  ] GC(164) Concurrent Cleanup for Next Mark
[2026-10-07T05:04:37.532+0000][418.764s][info][gc,marking  ] GC(164) Concurrent Cleanup for Next Mark 0.861ms
[2026-10-07T05:04:37.532+0000][418.764s][info][gc          ] GC(164) Concurrent Mark Cycle 174.173ms
[2026-10-07T05:04:41.029+0000][422.262s][info][gc,start    ] GC(165) Pause Young (Normal) (G1 Evacuation Pause)
[2026-10-07T05:04:41.029+0000][422.262s][info][gc,task     ] GC(165) Using 2 workers of 2 for evacuation
[2026-10-07T05:04:41.038+0000][422.270s][info][gc,phases   ] GC(165)   Pre Evacuate Collection Set: 0.89ms
[2026-10-07T05:04:41.038+0000][422.270s][info][gc,phases   ] GC(165)   Merge Heap Roots: 0.12ms
[2026-10-07T05:04:41.038+0000][422.270s][info][gc,phases   ] GC(165)   Evacuate Collection Set: 5.99ms
[2026-10-07T05:04:41.038+0000][422.270s][info][gc,phases   ] GC(165)   Post Evacuate Collection Set: 1.18ms
[2026-10-07T05:04:41.038+0000][422.270s][info][gc,phases   ] GC(165)   Other: 0.10ms
[2026-10-07T05:04:41.038+0000][422.270s][info][gc,heap     ] GC(165) Eden regions: 19->0(19)
[2026-10-07T05:04:41.038+0000][422.270s][info][gc,heap     ] GC(165) Survivor regions: 2->2(3)
[2026-10-07T05:04:41.038+0000][422.270s][info][gc,heap     ] GC(165) Old regions: 29->29
[2026-10-07T05:04:41.038+0000][422.270s][info][gc,heap     ] GC(165) Humongous regions: 2->2
[2026-10-07T05:04:41.038+0000][422.270s][info][gc,metaspace] GC(165) Metaspace: 74471K(75200K)->74471K(75200K) NonClass: 65097K(65472K)->65097K(65472K) Class: 9374K(9728K)->9374K(9728K)
[2026-10-07T05:04:41.038+0000][422.270s][info][gc          ] GC(165) Pause Young (Normal) (G1 Evacuation Pause) 50M->31M(56M) 8.671ms
[2026-10-07T05:04:41.038+0000][422.270s][info][gc,cpu      ] GC(165) User=0.01s Sys=0.00s Real=0.01s
[2026-10-07T05:04:44.287+0000][425.519s][info][gc,start    ] GC(166) Pause Young (Concurrent Start) (G1 Evacuation Pause)
[2026-10-07T05:04:44.287+0000][425.519s][info][gc,task     ] GC(166) Using 2 workers of 2 for evacuation
[2026-10-07T05:04:44.300+0000][425.533s][info][gc,phases   ] GC(166)   Pre Evacuate Collection Set: 1.63ms
[2026-10-07T05:04:44.301+0000][425.533s][info][gc,phases   ] GC(166)   Merge Heap Roots: 0.22ms
[2026-10-07T05:04:44.301+0000][425.533s][info][gc,phases   ] GC(166)   Evacuate Collection Set: 8.37ms
[2026-10-07T05:04:44.301+0000][425.533s][info][gc,phases   ] GC(166)   Post Evacuate Collection Set: 3.03ms
[2026-10-07T05:04:44.301+0000][425.533s][info][gc,phases   ] GC(166)   Other: 0.16ms
[2026-10-07T05:04:44.301+0000][425.533s][info][gc,heap     ] GC(166) Eden regions: 19->0(19)
[2026-10-07T05:04:44.301+0000][425.533s][info][gc,heap     ] GC(166) Survivor regions: 2->2(3)
[2026-10-07T05:04:44.301+0000][425.533s][info][gc,heap     ] GC(166) Old regions: 29->29
[2026-10-07T05:04:44.301+0000][425.533s][info][gc,heap     ] GC(166) Humongous regions: 2->2
[2026-10-07T05:04:44.301+0000][425.533s][info][gc,metaspace] GC(166) Metaspace: 74477K(75200K)->74477K(75200K) NonClass: 65102K(65472K)->65102K(65472K) Class: 9374K(9728K)->9374K(9728K)
[2026-10-07T05:04:44.301+0000][425.533s][info][gc          ] GC(166) Pause Young (Concurrent Start) (G1 Evacuation Pause) 50M->31M(56M) 14.264ms
[2026-10-07T05:04:44.301+0000][425.533s][info][gc,cpu      ] GC(166) User=0.01s Sys=0.00s Real=0.01s
[2026-10-07T05:04:44.301+0000][425.533s][info][gc          ] GC(167) Concurrent Mark Cycle
[2026-10-07T05:04:44.301+0000][425.534s][info][gc,marking  ] GC(167) Concurrent Scan Root Regions
[2026-10-07T05:04:44.339+0000][425.572s][info][gc,marking  ] GC(167) Concurrent Scan Root Regions 38.010ms
[2026-10-07T05:04:44.339+0000][425.572s][info][gc,marking  ] GC(167) Concurrent Mark
[2026-10-07T05:04:44.339+0000][425.572s][info][gc,marking  ] GC(167) Concurrent Mark From Roots
[2026-10-07T05:04:44.339+0000][425.572s][info][gc,task     ] GC(167) Using 1 workers of 1 for marking
[2026-10-07T05:04:44.571+0000][425.803s][info][gc,marking  ] GC(167) Concurrent Mark From Roots 231.196ms
[2026-10-07T05:04:44.571+0000][425.803s][info][gc,marking  ] GC(167) Concurrent Preclean
[2026-10-07T05:04:44.571+0000][425.803s][info][gc,marking  ] GC(167) Concurrent Preclean 0.157ms
[2026-10-07T05:04:44.571+0000][425.803s][info][gc,start    ] GC(167) Pause Remark
[2026-10-07T05:04:44.618+0000][425.850s][info][gc          ] GC(167) Pause Remark 33M->33M(56M) 47.218ms
[2026-10-07T05:04:44.618+0000][425.850s][info][gc,cpu      ] GC(167) User=0.04s Sys=0.00s Real=0.05s
[2026-10-07T05:04:44.623+0000][425.855s][info][gc,marking  ] GC(167) Concurrent Mark 283.247ms
[2026-10-07T05:04:44.623+0000][425.855s][info][gc,marking  ] GC(167) Concurrent Rebuild Remembered Sets and Scrub Regions
[2026-10-07T05:04:44.695+0000][425.928s][info][gc,marking  ] GC(167) Concurrent Rebuild Remembered Sets and Scrub Regions 72.684ms
[2026-10-07T05:04:44.695+0000][425.928s][info][gc,start    ] GC(167) Pause Cleanup
[2026-10-07T05:04:44.696+0000][425.929s][info][gc          ] GC(167) Pause Cleanup 33M->33M(56M) 0.873ms
[2026-10-07T05:04:44.696+0000][425.929s][info][gc,cpu      ] GC(167) User=0.01s Sys=0.00s Real=0.00s
[2026-10-07T05:04:44.698+0000][425.931s][info][gc,marking  ] GC(167) Concurrent Clear Claimed Marks
[2026-10-07T05:04:44.699+0000][425.931s][info][gc,marking  ] GC(167) Concurrent Clear Claimed Marks 0.341ms
[2026-10-07T05:04:44.699+0000][425.931s][info][gc,marking  ] GC(167) Concurrent Cleanup for Next Mark
[2026-10-07T05:04:44.699+0000][425.931s][info][gc,marking  ] GC(167) Concurrent Cleanup for Next Mark 0.365ms
[2026-10-07T05:04:44.699+0000][425.931s][info][gc          ] GC(167) Concurrent Mark Cycle 397.974ms
[2026-10-07T05:04:47.971+0000][429.203s][info][gc,start    ] GC(168) Pause Young (Normal) (G1 Evacuation Pause)
[2026-10-07T05:04:47.971+0000][429.203s][info][gc,task     ] GC(168) Using 2 workers of 2 for evacuation
[2026-10-07T05:04:47.979+0000][429.211s][info][gc,phases   ] GC(168)   Pre Evacuate Collection Set: 0.18ms
[2026-10-07T05:04:47.979+0000][429.211s][info][gc,phases   ] GC(168)   Merge Heap Roots: 0.13ms
[2026-10-07T05:04:47.979+0000][429.211s][info][gc,phases   ] GC(168)   Evacuate Collection Set: 7.13ms
[2026-10-07T05:04:47.979+0000][429.211s][info][gc,phases   ] GC(168)   Post Evacuate Collection Set: 0.82ms
[2026-10-07T05:04:47.979+0000][429.211s][info][gc,phases   ] GC(168)   Other: 0.08ms
[2026-10-07T05:04:47.979+0000][429.211s][info][gc,heap     ] GC(168) Eden regions: 19->0(19)
[2026-10-07T05:04:47.979+0000][429.211s][info][gc,heap     ] GC(168) Survivor regions: 2->2(3)
[2026-10-07T05:04:47.979+0000][429.211s][info][gc,heap     ] GC(168) Old regions: 29->29
[2026-10-07T05:04:47.979+0000][429.211s][info][gc,heap     ] GC(168) Humongous regions: 2->2
[2026-10-07T05:04:47.979+0000][429.211s][info][gc,metaspace] GC(168) Metaspace: 74480K(75200K)->74480K(75200K) NonClass: 65105K(65472K)->65105K(65472K) Class: 9374K(9728K)->9374K(9728K)
[2026-10-07T05:04:47.979+0000][429.211s][info][gc          ] GC(168) Pause Young (Normal) (G1 Evacuation Pause) 50M->31M(56M) 8.558ms
[2026-10-07T05:04:47.979+0000][429.211s][info][gc,cpu      ] GC(168) User=0.01s Sys=0.00s Real=0.01s
[2026-10-07T05:04:51.412+0000][432.644s][info][gc,start    ] GC(169) Pause Young (Concurrent Start) (G1 Evacuation Pause)
[2026-10-07T05:04:51.412+0000][432.644s][info][gc,task     ] GC(169) Using 2 workers of 2 for evacuation
[2026-10-07T05:04:51.420+0000][432.652s][info][gc,phases   ] GC(169)   Pre Evacuate Collection Set: 0.42ms
[2026-10-07T05:04:51.420+0000][432.652s][info][gc,phases   ] GC(169)   Merge Heap Roots: 0.28ms
[2026-10-07T05:04:51.420+0000][432.652s][info][gc,phases   ] GC(169)   Evacuate Collection Set: 6.11ms
[2026-10-07T05:04:51.420+0000][432.652s][info][gc,phases   ] GC(169)   Post Evacuate Collection Set: 0.93ms
[2026-10-07T05:04:51.420+0000][432.652s][info][gc,phases   ] GC(169)   Other: 0.16ms
[2026-10-07T05:04:51.420+0000][432.652s][info][gc,heap     ] GC(169) Eden regions: 19->0(19)
[2026-10-07T05:04:51.420+0000][432.652s][info][gc,heap     ] GC(169) Survivor regions: 2->2(3)
[2026-10-07T05:04:51.420+0000][432.652s][info][gc,heap     ] GC(169) Old regions: 29->29
[2026-10-07T05:04:51.420+0000][432.652s][info][gc,heap     ] GC(169) Humongous regions: 2->2
[2026-10-07T05:04:51.420+0000][432.652s][info][gc,metaspace] GC(169) Metaspace: 74487K(75200K)->74487K(75200K) NonClass: 65112K(65472K)->65112K(65472K) Class: 9374K(9728K)->9374K(9728K)
[2026-10-07T05:04:51.420+0000][432.652s][info][gc          ] GC(169) Pause Young (Concurrent Start) (G1 Evacuation Pause) 50M->31M(56M) 8.165ms
[2026-10-07T05:04:51.420+0000][432.652s][info][gc          ] GC(170) Concurrent Mark Cycle
[2026-10-07T05:04:51.420+0000][432.652s][info][gc,marking  ] GC(170) Concurrent Scan Root Regions
[2026-10-07T05:04:51.420+0000][432.653s][info][gc,cpu      ] GC(169) User=0.01s Sys=0.00s Real=0.01s
[2026-10-07T05:04:51.429+0000][432.661s][info][gc,marking  ] GC(170) Concurrent Scan Root Regions 8.949ms
[2026-10-07T05:04:51.429+0000][432.661s][info][gc,marking  ] GC(170) Concurrent Mark
[2026-10-07T05:04:51.429+0000][432.661s][info][gc,marking  ] GC(170) Concurrent Mark From Roots
[2026-10-07T05:04:51.429+0000][432.661s][info][gc,task     ] GC(170) Using 1 workers of 1 for marking
[2026-10-07T05:04:51.528+0000][432.760s][info][gc,marking  ] GC(170) Concurrent Mark From Roots 98.398ms
[2026-10-07T05:04:51.528+0000][432.760s][info][gc,marking  ] GC(170) Concurrent Preclean
[2026-10-07T05:04:51.528+0000][432.760s][info][gc,marking  ] GC(170) Concurrent Preclean 0.445ms
[2026-10-07T05:04:51.529+0000][432.761s][info][gc,start    ] GC(170) Pause Remark
[2026-10-07T05:04:51.552+0000][432.785s][info][gc          ] GC(170) Pause Remark 32M->32M(56M) 23.756ms
[2026-10-07T05:04:51.552+0000][432.785s][info][gc,cpu      ] GC(170) User=0.03s Sys=0.00s Real=0.02s
[2026-10-07T05:04:51.555+0000][432.787s][info][gc,marking  ] GC(170) Concurrent Mark 125.506ms
[2026-10-07T05:04:51.555+0000][432.787s][info][gc,marking  ] GC(170) Concurrent Rebuild Remembered Sets and Scrub Regions
[2026-10-07T05:04:51.587+0000][432.819s][info][gc,marking  ] GC(170) Concurrent Rebuild Remembered Sets and Scrub Regions 32.450ms
[2026-10-07T05:04:51.587+0000][432.820s][info][gc,start    ] GC(170) Pause Cleanup
[2026-10-07T05:04:51.590+0000][432.822s][info][gc          ] GC(170) Pause Cleanup 32M->32M(56M) 2.087ms
[2026-10-07T05:04:51.590+0000][432.822s][info][gc,cpu      ] GC(170) User=0.00s Sys=0.00s Real=0.00s
[2026-10-07T05:04:51.590+0000][432.822s][info][gc,marking  ] GC(170) Concurrent Clear Claimed Marks
[2026-10-07T05:04:51.590+0000][432.822s][info][gc,marking  ] GC(170) Concurrent Clear Claimed Marks 0.126ms
[2026-10-07T05:04:51.590+0000][432.822s][info][gc,marking  ] GC(170) Concurrent Cleanup for Next Mark
[2026-10-07T05:04:51.591+0000][432.823s][info][gc,marking  ] GC(170) Concurrent Cleanup for Next Mark 0.744ms
[2026-10-07T05:04:51.591+0000][432.823s][info][gc          ] GC(170) Concurrent Mark Cycle 170.503ms
[2026-10-07T05:04:54.927+0000][436.159s][info][gc,start    ] GC(171) Pause Young (Normal) (G1 Evacuation Pause)
[2026-10-07T05:04:54.927+0000][436.159s][info][gc,task     ] GC(171) Using 2 workers of 2 for evacuation
[2026-10-07T05:04:54.935+0000][436.167s][info][gc,phases   ] GC(171)   Pre Evacuate Collection Set: 0.21ms
[2026-10-07T05:04:54.935+0000][436.167s][info][gc,phases   ] GC(171)   Merge Heap Roots: 0.09ms
[2026-10-07T05:04:54.935+0000][436.167s][info][gc,phases   ] GC(171)   Evacuate Collection Set: 6.43ms
[2026-10-07T05:04:54.935+0000][436.167s][info][gc,phases   ] GC(171)   Post Evacuate Collection Set: 1.14ms
[2026-10-07T05:04:54.935+0000][436.167s][info][gc,phases   ] GC(171)   Other: 0.14ms
[2026-10-07T05:04:54.935+0000][436.167s][info][gc,heap     ] GC(171) Eden regions: 19->0(19)
[2026-10-07T05:04:54.937+0000][436.169s][info][gc,heap     ] GC(171) Survivor regions: 2->2(3)
[2026-10-07T05:04:54.937+0000][436.169s][info][gc,heap     ] GC(171) Old regions: 29->29
[2026-10-07T05:04:54.937+0000][436.169s][info][gc,heap     ] GC(171) Humongous regions: 2->2
[2026-10-07T05:04:54.937+0000][436.169s][info][gc,metaspace] GC(171) Metaspace: 74517K(75264K)->74517K(75264K) NonClass: 65143K(65536K)->65143K(65536K) Class: 9374K(9728K)->9374K(9728K)
[2026-10-07T05:04:54.937+0000][436.169s][info][gc          ] GC(171) Pause Young (Normal) (G1 Evacuation Pause) 50M->31M(56M) 10.211ms
[2026-10-07T05:04:54.937+0000][436.169s][info][gc,cpu      ] GC(171) User=0.01s Sys=0.00s Real=0.01s
[2026-10-07T05:04:58.510+0000][439.743s][info][gc,start    ] GC(172) Pause Young (Concurrent Start) (G1 Evacuation Pause)
[2026-10-07T05:04:58.510+0000][439.743s][info][gc,task     ] GC(172) Using 2 workers of 2 for evacuation
[2026-10-07T05:04:58.520+0000][439.752s][info][gc,phases   ] GC(172)   Pre Evacuate Collection Set: 0.46ms
[2026-10-07T05:04:58.520+0000][439.752s][info][gc,phases   ] GC(172)   Merge Heap Roots: 0.21ms
[2026-10-07T05:04:58.520+0000][439.752s][info][gc,phases   ] GC(172)   Evacuate Collection Set: 7.31ms
[2026-10-07T05:04:58.520+0000][439.752s][info][gc,phases   ] GC(172)   Post Evacuate Collection Set: 0.90ms
[2026-10-07T05:04:58.520+0000][439.752s][info][gc,phases   ] GC(172)   Other: 0.56ms
[2026-10-07T05:04:58.520+0000][439.752s][info][gc,heap     ] GC(172) Eden regions: 19->0(19)
[2026-10-07T05:04:58.520+0000][439.752s][info][gc,heap     ] GC(172) Survivor regions: 2->2(3)
[2026-10-07T05:04:58.520+0000][439.752s][info][gc,heap     ] GC(172) Old regions: 29->29
[2026-10-07T05:04:58.520+0000][439.752s][info][gc,heap     ] GC(172) Humongous regions: 2->2
[2026-10-07T05:04:58.520+0000][439.752s][info][gc,metaspace] GC(172) Metaspace: 74517K(75264K)->74517K(75264K) NonClass: 65143K(65536K)->65143K(65536K) Class: 9374K(9728K)->9374K(9728K)
[2026-10-07T05:04:58.520+0000][439.752s][info][gc          ] GC(172) Pause Young (Concurrent Start) (G1 Evacuation Pause) 50M->31M(56M) 9.811ms
[2026-10-07T05:04:58.520+0000][439.753s][info][gc          ] GC(173) Concurrent Mark Cycle
[2026-10-07T05:04:58.520+0000][439.753s][info][gc,marking  ] GC(173) Concurrent Scan Root Regions
[2026-10-07T05:04:58.520+0000][439.753s][info][gc,cpu      ] GC(172) User=0.01s Sys=0.01s Real=0.01s
[2026-10-07T05:04:58.528+0000][439.760s][info][gc,marking  ] GC(173) Concurrent Scan Root Regions 7.171ms
[2026-10-07T05:04:58.528+0000][439.761s][info][gc,marking  ] GC(173) Concurrent Mark
[2026-10-07T05:04:58.529+0000][439.761s][info][gc,marking  ] GC(173) Concurrent Mark From Roots
[2026-10-07T05:04:58.529+0000][439.761s][info][gc,task     ] GC(173) Using 1 workers of 1 for marking
[2026-10-07T05:04:58.616+0000][439.848s][info][gc,marking  ] GC(173) Concurrent Mark From Roots 87.248ms
[2026-10-07T05:04:58.616+0000][439.848s][info][gc,marking  ] GC(173) Concurrent Preclean
[2026-10-07T05:04:58.616+0000][439.849s][info][gc,marking  ] GC(173) Concurrent Preclean 0.451ms
[2026-10-07T05:04:58.617+0000][439.849s][info][gc,start    ] GC(173) Pause Remark
[2026-10-07T05:04:58.641+0000][439.873s][info][gc          ] GC(173) Pause Remark 32M->32M(56M) 24.251ms
[2026-10-07T05:04:58.641+0000][439.874s][info][gc,cpu      ] GC(173) User=0.03s Sys=0.00s Real=0.02s
[2026-10-07T05:04:58.642+0000][439.874s][info][gc,marking  ] GC(173) Concurrent Mark 113.306ms
[2026-10-07T05:04:58.642+0000][439.874s][info][gc,marking  ] GC(173) Concurrent Rebuild Remembered Sets and Scrub Regions
[2026-10-07T05:04:58.700+0000][439.932s][info][gc,marking  ] GC(173) Concurrent Rebuild Remembered Sets and Scrub Regions 57.810ms
[2026-10-07T05:04:58.700+0000][439.932s][info][gc,start    ] GC(173) Pause Cleanup
[2026-10-07T05:04:58.700+0000][439.932s][info][gc          ] GC(173) Pause Cleanup 33M->33M(56M) 0.294ms
[2026-10-07T05:04:58.700+0000][439.932s][info][gc,cpu      ] GC(173) User=0.00s Sys=0.00s Real=0.00s
[2026-10-07T05:04:58.702+0000][439.934s][info][gc,marking  ] GC(173) Concurrent Clear Claimed Marks
[2026-10-07T05:04:58.702+0000][439.934s][info][gc,marking  ] GC(173) Concurrent Clear Claimed Marks 0.147ms
[2026-10-07T05:04:58.702+0000][439.935s][info][gc,marking  ] GC(173) Concurrent Cleanup for Next Mark
[2026-10-07T05:04:58.705+0000][439.937s][info][gc,marking  ] GC(173) Concurrent Cleanup for Next Mark 2.258ms
[2026-10-07T05:04:58.705+0000][439.937s][info][gc          ] GC(173) Concurrent Mark Cycle 184.160ms
[2026-10-07T05:05:01.983+0000][443.215s][info][gc,start    ] GC(174) Pause Young (Normal) (G1 Evacuation Pause)
[2026-10-07T05:05:01.983+0000][443.215s][info][gc,task     ] GC(174) Using 2 workers of 2 for evacuation
[2026-10-07T05:05:01.993+0000][443.226s][info][gc,phases   ] GC(174)   Pre Evacuate Collection Set: 0.41ms
[2026-10-07T05:05:01.993+0000][443.226s][info][gc,phases   ] GC(174)   Merge Heap Roots: 0.63ms
[2026-10-07T05:05:01.993+0000][443.226s][info][gc,phases   ] GC(174)   Evacuate Collection Set: 7.84ms
[2026-10-07T05:05:01.993+0000][443.226s][info][gc,phases   ] GC(174)   Post Evacuate Collection Set: 1.22ms
[2026-10-07T05:05:01.993+0000][443.226s][info][gc,phases   ] GC(174)   Other: 0.08ms
[2026-10-07T05:05:01.993+0000][443.226s][info][gc,heap     ] GC(174) Eden regions: 19->0(19)
[2026-10-07T05:05:01.993+0000][443.226s][info][gc,heap     ] GC(174) Survivor regions: 2->2(3)
[2026-10-07T05:05:01.993+0000][443.226s][info][gc,heap     ] GC(174) Old regions: 29->29
[2026-10-07T05:05:01.993+0000][443.226s][info][gc,heap     ] GC(174) Humongous regions: 2->2
[2026-10-07T05:05:01.993+0000][443.226s][info][gc,metaspace] GC(174) Metaspace: 74528K(75328K)->74528K(75328K) NonClass: 65154K(65600K)->65154K(65600K) Class: 9374K(9728K)->9374K(9728K)
[2026-10-07T05:05:01.994+0000][443.226s][info][gc          ] GC(174) Pause Young (Normal) (G1 Evacuation Pause) 50M->31M(56M) 10.472ms
[2026-10-07T05:05:01.994+0000][443.226s][info][gc,cpu      ] GC(174) User=0.00s Sys=0.00s Real=0.02s
[2026-10-07T05:05:05.531+0000][446.763s][info][gc,start    ] GC(175) Pause Young (Concurrent Start) (G1 Evacuation Pause)
[2026-10-07T05:05:05.531+0000][446.763s][info][gc,task     ] GC(175) Using 2 workers of 2 for evacuation
[2026-10-07T05:05:05.541+0000][446.773s][info][gc,phases   ] GC(175)   Pre Evacuate Collection Set: 0.24ms
[2026-10-07T05:05:05.541+0000][446.773s][info][gc,phases   ] GC(175)   Merge Heap Roots: 0.14ms
[2026-10-07T05:05:05.541+0000][446.773s][info][gc,phases   ] GC(175)   Evacuate Collection Set: 6.83ms
[2026-10-07T05:05:05.541+0000][446.773s][info][gc,phases   ] GC(175)   Post Evacuate Collection Set: 2.83ms
[2026-10-07T05:05:05.541+0000][446.773s][info][gc,phases   ] GC(175)   Other: 0.16ms
[2026-10-07T05:05:05.541+0000][446.773s][info][gc,heap     ] GC(175) Eden regions: 19->0(19)
[2026-10-07T05:05:05.541+0000][446.774s][info][gc,heap     ] GC(175) Survivor regions: 2->2(3)
[2026-10-07T05:05:05.542+0000][446.774s][info][gc,heap     ] GC(175) Old regions: 29->29
[2026-10-07T05:05:05.542+0000][446.774s][info][gc,heap     ] GC(175) Humongous regions: 2->2
[2026-10-07T05:05:05.542+0000][446.774s][info][gc,metaspace] GC(175) Metaspace: 74533K(75328K)->74533K(75328K) NonClass: 65159K(65600K)->65159K(65600K) Class: 9374K(9728K)->9374K(9728K)
[2026-10-07T05:05:05.542+0000][446.774s][info][gc          ] GC(175) Pause Young (Concurrent Start) (G1 Evacuation Pause) 50M->31M(56M) 10.754ms
[2026-10-07T05:05:05.542+0000][446.774s][info][gc,cpu      ] GC(175) User=0.01s Sys=0.01s Real=0.01s
[2026-10-07T05:05:05.542+0000][446.774s][info][gc          ] GC(176) Concurrent Mark Cycle
[2026-10-07T05:05:05.542+0000][446.774s][info][gc,marking  ] GC(176) Concurrent Scan Root Regions
[2026-10-07T05:05:05.554+0000][446.786s][info][gc,marking  ] GC(176) Concurrent Scan Root Regions 11.998ms
[2026-10-07T05:05:05.554+0000][446.786s][info][gc,marking  ] GC(176) Concurrent Mark
[2026-10-07T05:05:05.554+0000][446.786s][info][gc,marking  ] GC(176) Concurrent Mark From Roots
[2026-10-07T05:05:05.554+0000][446.786s][info][gc,task     ] GC(176) Using 1 workers of 1 for marking
[2026-10-07T05:05:05.668+0000][446.900s][info][gc,marking  ] GC(176) Concurrent Mark From Roots 113.640ms
[2026-10-07T05:05:05.668+0000][446.900s][info][gc,marking  ] GC(176) Concurrent Preclean
[2026-10-07T05:05:05.668+0000][446.900s][info][gc,marking  ] GC(176) Concurrent Preclean 0.151ms
[2026-10-07T05:05:05.670+0000][446.902s][info][gc,start    ] GC(176) Pause Remark
[2026-10-07T05:05:05.718+0000][446.951s][info][gc          ] GC(176) Pause Remark 32M->32M(56M) 48.670ms
[2026-10-07T05:05:05.718+0000][446.951s][info][gc,cpu      ] GC(176) User=0.04s Sys=0.00s Real=0.05s
[2026-10-07T05:05:05.719+0000][446.951s][info][gc,marking  ] GC(176) Concurrent Mark 164.632ms
[2026-10-07T05:05:05.719+0000][446.951s][info][gc,marking  ] GC(176) Concurrent Rebuild Remembered Sets and Scrub Regions
[2026-10-07T05:05:05.782+0000][447.015s][info][gc,marking  ] GC(176) Concurrent Rebuild Remembered Sets and Scrub Regions 63.706ms
[2026-10-07T05:05:05.784+0000][447.016s][info][gc,start    ] GC(176) Pause Cleanup
[2026-10-07T05:05:05.784+0000][447.017s][info][gc          ] GC(176) Pause Cleanup 33M->33M(56M) 0.833ms
[2026-10-07T05:05:05.784+0000][447.017s][info][gc,cpu      ] GC(176) User=0.00s Sys=0.00s Real=0.00s
[2026-10-07T05:05:05.785+0000][447.017s][info][gc,marking  ] GC(176) Concurrent Clear Claimed Marks
[2026-10-07T05:05:05.785+0000][447.017s][info][gc,marking  ] GC(176) Concurrent Clear Claimed Marks 0.153ms
[2026-10-07T05:05:05.786+0000][447.018s][info][gc,marking  ] GC(176) Concurrent Cleanup for Next Mark
[2026-10-07T05:05:05.786+0000][447.018s][info][gc,marking  ] GC(176) Concurrent Cleanup for Next Mark 0.381ms
[2026-10-07T05:05:05.786+0000][447.018s][info][gc          ] GC(176) Concurrent Mark Cycle 244.465ms
[2026-10-07T05:05:08.969+0000][450.202s][info][gc,start    ] GC(177) Pause Young (Normal) (G1 Evacuation Pause)
[2026-10-07T05:05:08.969+0000][450.202s][info][gc,task     ] GC(177) Using 2 workers of 2 for evacuation
[2026-10-07T05:05:08.980+0000][450.212s][info][gc,phases   ] GC(177)   Pre Evacuate Collection Set: 1.28ms
[2026-10-07T05:05:08.980+0000][450.212s][info][gc,phases   ] GC(177)   Merge Heap Roots: 0.31ms
[2026-10-07T05:05:08.980+0000][450.212s][info][gc,phases   ] GC(177)   Evacuate Collection Set: 7.51ms
[2026-10-07T05:05:08.980+0000][450.212s][info][gc,phases   ] GC(177)   Post Evacuate Collection Set: 0.88ms
[2026-10-07T05:05:08.980+0000][450.212s][info][gc,phases   ] GC(177)   Other: 0.11ms
[2026-10-07T05:05:08.980+0000][450.212s][info][gc,heap     ] GC(177) Eden regions: 19->0(19)
[2026-10-07T05:05:08.980+0000][450.212s][info][gc,heap     ] GC(177) Survivor regions: 2->2(3)
[2026-10-07T05:05:08.980+0000][450.212s][info][gc,heap     ] GC(177) Old regions: 29->29
[2026-10-07T05:05:08.980+0000][450.212s][info][gc,heap     ] GC(177) Humongous regions: 2->2
[2026-10-07T05:05:08.980+0000][450.212s][info][gc,metaspace] GC(177) Metaspace: 74533K(75328K)->74533K(75328K) NonClass: 65159K(65600K)->65159K(65600K) Class: 9374K(9728K)->9374K(9728K)
[2026-10-07T05:05:08.980+0000][450.212s][info][gc          ] GC(177) Pause Young (Normal) (G1 Evacuation Pause) 50M->32M(56M) 10.412ms
[2026-10-07T05:05:08.980+0000][450.212s][info][gc,cpu      ] GC(177) User=0.01s Sys=0.00s Real=0.01s
[2026-10-07T05:05:12.761+0000][453.993s][info][gc,start    ] GC(178) Pause Young (Concurrent Start) (G1 Evacuation Pause)
[2026-10-07T05:05:12.761+0000][453.993s][info][gc,task     ] GC(178) Using 2 workers of 2 for evacuation
[2026-10-07T05:05:12.773+0000][454.005s][info][gc,phases   ] GC(178)   Pre Evacuate Collection Set: 0.88ms
[2026-10-07T05:05:12.773+0000][454.005s][info][gc,phases   ] GC(178)   Merge Heap Roots: 0.51ms
[2026-10-07T05:05:12.773+0000][454.005s][info][gc,phases   ] GC(178)   Evacuate Collection Set: 8.89ms
[2026-10-07T05:05:12.773+0000][454.005s][info][gc,phases   ] GC(178)   Post Evacuate Collection Set: 1.16ms
[2026-10-07T05:05:12.773+0000][454.005s][info][gc,phases   ] GC(178)   Other: 0.42ms
[2026-10-07T05:05:12.773+0000][454.005s][info][gc,heap     ] GC(178) Eden regions: 19->0(19)
[2026-10-07T05:05:12.775+0000][454.007s][info][gc,heap     ] GC(178) Survivor regions: 2->2(3)
[2026-10-07T05:05:12.775+0000][454.007s][info][gc,heap     ] GC(178) Old regions: 29->29
[2026-10-07T05:05:12.775+0000][454.007s][info][gc,heap     ] GC(178) Humongous regions: 2->2
[2026-10-07T05:05:12.775+0000][454.007s][info][gc,metaspace] GC(178) Metaspace: 74541K(75328K)->74541K(75328K) NonClass: 65166K(65600K)->65166K(65600K) Class: 9374K(9728K)->9374K(9728K)
[2026-10-07T05:05:12.775+0000][454.008s][info][gc          ] GC(178) Pause Young (Concurrent Start) (G1 Evacuation Pause) 51M->32M(56M) 14.460ms
[2026-10-07T05:05:12.776+0000][454.008s][info][gc          ] GC(179) Concurrent Mark Cycle
[2026-10-07T05:05:12.776+0000][454.008s][info][gc,marking  ] GC(179) Concurrent Scan Root Regions
[2026-10-07T05:05:12.777+0000][454.009s][info][gc,cpu      ] GC(178) User=0.01s Sys=0.00s Real=0.02s
[2026-10-07T05:05:12.789+0000][454.022s][info][gc,marking  ] GC(179) Concurrent Scan Root Regions 13.860ms
[2026-10-07T05:05:12.790+0000][454.022s][info][gc,marking  ] GC(179) Concurrent Mark
[2026-10-07T05:05:12.790+0000][454.022s][info][gc,marking  ] GC(179) Concurrent Mark From Roots
[2026-10-07T05:05:12.790+0000][454.022s][info][gc,task     ] GC(179) Using 1 workers of 1 for marking
[2026-10-07T05:05:12.926+0000][454.159s][info][gc,marking  ] GC(179) Concurrent Mark From Roots 136.520ms
[2026-10-07T05:05:12.926+0000][454.159s][info][gc,marking  ] GC(179) Concurrent Preclean
[2026-10-07T05:05:12.927+0000][454.159s][info][gc,marking  ] GC(179) Concurrent Preclean 0.416ms
[2026-10-07T05:05:12.927+0000][454.159s][info][gc,start    ] GC(179) Pause Remark
[2026-10-07T05:05:12.973+0000][454.205s][info][gc          ] GC(179) Pause Remark 32M->32M(56M) 45.362ms
[2026-10-07T05:05:12.973+0000][454.205s][info][gc,cpu      ] GC(179) User=0.07s Sys=0.00s Real=0.04s
[2026-10-07T05:05:12.973+0000][454.206s][info][gc,marking  ] GC(179) Concurrent Mark 183.681ms
[2026-10-07T05:05:12.973+0000][454.206s][info][gc,marking  ] GC(179) Concurrent Rebuild Remembered Sets and Scrub Regions
[2026-10-07T05:05:13.019+0000][454.251s][info][gc,marking  ] GC(179) Concurrent Rebuild Remembered Sets and Scrub Regions 45.069ms
[2026-10-07T05:05:13.019+0000][454.251s][info][gc,start    ] GC(179) Pause Cleanup
[2026-10-07T05:05:13.019+0000][454.251s][info][gc          ] GC(179) Pause Cleanup 33M->33M(56M) 0.243ms
[2026-10-07T05:05:13.019+0000][454.251s][info][gc,cpu      ] GC(179) User=0.00s Sys=0.00s Real=0.00s
[2026-10-07T05:05:13.019+0000][454.252s][info][gc,marking  ] GC(179) Concurrent Clear Claimed Marks
[2026-10-07T05:05:13.021+0000][454.253s][info][gc,marking  ] GC(179) Concurrent Clear Claimed Marks 1.287ms
[2026-10-07T05:05:13.021+0000][454.253s][info][gc,marking  ] GC(179) Concurrent Cleanup for Next Mark
[2026-10-07T05:05:13.021+0000][454.254s][info][gc,marking  ] GC(179) Concurrent Cleanup for Next Mark 0.427ms
[2026-10-07T05:05:13.022+0000][454.254s][info][gc          ] GC(179) Concurrent Mark Cycle 246.012ms
[2026-10-07T05:05:16.293+0000][457.525s][info][gc,start    ] GC(180) Pause Young (Normal) (G1 Evacuation Pause)
[2026-10-07T05:05:16.293+0000][457.525s][info][gc,task     ] GC(180) Using 2 workers of 2 for evacuation
[2026-10-07T05:05:16.301+0000][457.533s][info][gc,phases   ] GC(180)   Pre Evacuate Collection Set: 0.36ms
[2026-10-07T05:05:16.301+0000][457.533s][info][gc,phases   ] GC(180)   Merge Heap Roots: 0.18ms
[2026-10-07T05:05:16.301+0000][457.533s][info][gc,phases   ] GC(180)   Evacuate Collection Set: 5.96ms
[2026-10-07T05:05:16.301+0000][457.533s][info][gc,phases   ] GC(180)   Post Evacuate Collection Set: 0.77ms
[2026-10-07T05:05:16.301+0000][457.533s][info][gc,phases   ] GC(180)   Other: 0.07ms
[2026-10-07T05:05:16.301+0000][457.533s][info][gc,heap     ] GC(180) Eden regions: 19->0(19)
[2026-10-07T05:05:16.301+0000][457.533s][info][gc,heap     ] GC(180) Survivor regions: 2->2(3)
[2026-10-07T05:05:16.301+0000][457.533s][info][gc,heap     ] GC(180) Old regions: 29->29
[2026-10-07T05:05:16.301+0000][457.533s][info][gc,heap     ] GC(180) Humongous regions: 2->2
[2026-10-07T05:05:16.301+0000][457.533s][info][gc,metaspace] GC(180) Metaspace: 74547K(75328K)->74547K(75328K) NonClass: 65173K(65600K)->65173K(65600K) Class: 9374K(9728K)->9374K(9728K)
[2026-10-07T05:05:16.301+0000][457.533s][info][gc          ] GC(180) Pause Young (Normal) (G1 Evacuation Pause) 51M->32M(56M) 7.854ms
[2026-10-07T05:05:16.301+0000][457.533s][info][gc,cpu      ] GC(180) User=0.01s Sys=0.00s Real=0.01s
[2026-10-07T05:05:19.773+0000][461.005s][info][gc,start    ] GC(181) Pause Young (Concurrent Start) (G1 Evacuation Pause)
[2026-10-07T05:05:19.773+0000][461.005s][info][gc,task     ] GC(181) Using 2 workers of 2 for evacuation
[2026-10-07T05:05:19.782+0000][461.014s][info][gc,phases   ] GC(181)   Pre Evacuate Collection Set: 0.19ms
[2026-10-07T05:05:19.782+0000][461.014s][info][gc,phases   ] GC(181)   Merge Heap Roots: 0.14ms
[2026-10-07T05:05:19.782+0000][461.014s][info][gc,phases   ] GC(181)   Evacuate Collection Set: 7.64ms
[2026-10-07T05:05:19.782+0000][461.014s][info][gc,phases   ] GC(181)   Post Evacuate Collection Set: 0.87ms
[2026-10-07T05:05:19.782+0000][461.014s][info][gc,phases   ] GC(181)   Other: 0.12ms
[2026-10-07T05:05:19.782+0000][461.014s][info][gc,heap     ] GC(181) Eden regions: 19->0(19)
[2026-10-07T05:05:19.782+0000][461.014s][info][gc,heap     ] GC(181) Survivor regions: 2->2(3)
[2026-10-07T05:05:19.782+0000][461.014s][info][gc,heap     ] GC(181) Old regions: 29->29
[2026-10-07T05:05:19.782+0000][461.014s][info][gc,heap     ] GC(181) Humongous regions: 2->2
[2026-10-07T05:05:19.782+0000][461.014s][info][gc,metaspace] GC(181) Metaspace: 74550K(75328K)->74550K(75328K) NonClass: 65175K(65600K)->65175K(65600K) Class: 9374K(9728K)->9374K(9728K)
[2026-10-07T05:05:19.783+0000][461.015s][info][gc          ] GC(181) Pause Young (Concurrent Start) (G1 Evacuation Pause) 51M->32M(56M) 9.554ms
[2026-10-07T05:05:19.783+0000][461.015s][info][gc          ] GC(182) Concurrent Mark Cycle
[2026-10-07T05:05:19.783+0000][461.015s][info][gc,marking  ] GC(182) Concurrent Scan Root Regions
[2026-10-07T05:05:19.783+0000][461.016s][info][gc,cpu      ] GC(181) User=0.01s Sys=0.00s Real=0.01s
[2026-10-07T05:05:19.793+0000][461.026s][info][gc,marking  ] GC(182) Concurrent Scan Root Regions 10.278ms
[2026-10-07T05:05:19.793+0000][461.026s][info][gc,marking  ] GC(182) Concurrent Mark
[2026-10-07T05:05:19.793+0000][461.026s][info][gc,marking  ] GC(182) Concurrent Mark From Roots
[2026-10-07T05:05:19.793+0000][461.026s][info][gc,task     ] GC(182) Using 1 workers of 1 for marking
[2026-10-07T05:05:19.913+0000][461.145s][info][gc,marking  ] GC(182) Concurrent Mark From Roots 119.396ms
[2026-10-07T05:05:19.913+0000][461.145s][info][gc,marking  ] GC(182) Concurrent Preclean
[2026-10-07T05:05:19.913+0000][461.145s][info][gc,marking  ] GC(182) Concurrent Preclean 0.152ms
[2026-10-07T05:05:19.913+0000][461.145s][info][gc,start    ] GC(182) Pause Remark
[2026-10-07T05:05:19.937+0000][461.169s][info][gc          ] GC(182) Pause Remark 32M->32M(56M) 23.971ms
[2026-10-07T05:05:19.937+0000][461.170s][info][gc,cpu      ] GC(182) User=0.03s Sys=0.00s Real=0.03s
[2026-10-07T05:05:19.940+0000][461.172s][info][gc,marking  ] GC(182) Concurrent Mark 146.199ms
[2026-10-07T05:05:19.940+0000][461.172s][info][gc,marking  ] GC(182) Concurrent Rebuild Remembered Sets and Scrub Regions
[2026-10-07T05:05:19.997+0000][461.229s][info][gc,marking  ] GC(182) Concurrent Rebuild Remembered Sets and Scrub Regions 57.131ms
[2026-10-07T05:05:19.997+0000][461.229s][info][gc,start    ] GC(182) Pause Cleanup
[2026-10-07T05:05:19.997+0000][461.229s][info][gc          ] GC(182) Pause Cleanup 33M->33M(56M) 0.209ms
[2026-10-07T05:05:19.997+0000][461.230s][info][gc,cpu      ] GC(182) User=0.00s Sys=0.00s Real=0.00s
[2026-10-07T05:05:19.997+0000][461.230s][info][gc,marking  ] GC(182) Concurrent Clear Claimed Marks
[2026-10-07T05:05:19.998+0000][461.230s][info][gc,marking  ] GC(182) Concurrent Clear Claimed Marks 0.350ms
[2026-10-07T05:05:19.998+0000][461.230s][info][gc,marking  ] GC(182) Concurrent Cleanup for Next Mark
[2026-10-07T05:05:19.998+0000][461.231s][info][gc,marking  ] GC(182) Concurrent Cleanup for Next Mark 0.733ms
[2026-10-07T05:05:19.999+0000][461.231s][info][gc          ] GC(182) Concurrent Mark Cycle 215.565ms
[2026-10-07T05:05:23.305+0000][464.537s][info][gc,start    ] GC(183) Pause Young (Normal) (G1 Evacuation Pause)
[2026-10-07T05:05:23.305+0000][464.537s][info][gc,task     ] GC(183) Using 2 workers of 2 for evacuation
[2026-10-07T05:05:23.317+0000][464.549s][info][gc,phases   ] GC(183)   Pre Evacuate Collection Set: 0.14ms
[2026-10-07T05:05:23.317+0000][464.549s][info][gc,phases   ] GC(183)   Merge Heap Roots: 0.09ms
[2026-10-07T05:05:23.317+0000][464.549s][info][gc,phases   ] GC(183)   Evacuate Collection Set: 8.23ms
[2026-10-07T05:05:23.317+0000][464.549s][info][gc,phases   ] GC(183)   Post Evacuate Collection Set: 2.58ms
[2026-10-07T05:05:23.317+0000][464.549s][info][gc,phases   ] GC(183)   Other: 0.32ms
[2026-10-07T05:05:23.317+0000][464.549s][info][gc,heap     ] GC(183) Eden regions: 19->0(19)
[2026-10-07T05:05:23.317+0000][464.549s][info][gc,heap     ] GC(183) Survivor regions: 2->2(3)
[2026-10-07T05:05:23.317+0000][464.549s][info][gc,heap     ] GC(183) Old regions: 29->29
[2026-10-07T05:05:23.317+0000][464.549s][info][gc,heap     ] GC(183) Humongous regions: 2->2
[2026-10-07T05:05:23.317+0000][464.549s][info][gc,metaspace] GC(183) Metaspace: 74555K(75328K)->74555K(75328K) NonClass: 65181K(65600K)->65181K(65600K) Class: 9374K(9728K)->9374K(9728K)
[2026-10-07T05:05:23.317+0000][464.549s][info][gc          ] GC(183) Pause Young (Normal) (G1 Evacuation Pause) 51M->32M(56M) 11.596ms
[2026-10-07T05:05:23.317+0000][464.549s][info][gc,cpu      ] GC(183) User=0.01s Sys=0.01s Real=0.01s
[2026-10-07T05:05:26.858+0000][468.090s][info][gc,start    ] GC(184) Pause Young (Concurrent Start) (G1 Evacuation Pause)
[2026-10-07T05:05:26.858+0000][468.091s][info][gc,task     ] GC(184) Using 2 workers of 2 for evacuation
[2026-10-07T05:05:26.867+0000][468.100s][info][gc,phases   ] GC(184)   Pre Evacuate Collection Set: 1.14ms
[2026-10-07T05:05:26.867+0000][468.100s][info][gc,phases   ] GC(184)   Merge Heap Roots: 0.09ms
[2026-10-07T05:05:26.867+0000][468.100s][info][gc,phases   ] GC(184)   Evacuate Collection Set: 6.30ms
[2026-10-07T05:05:26.868+0000][468.100s][info][gc,phases   ] GC(184)   Post Evacuate Collection Set: 0.78ms
[2026-10-07T05:05:26.868+0000][468.100s][info][gc,phases   ] GC(184)   Other: 0.70ms
[2026-10-07T05:05:26.868+0000][468.100s][info][gc,heap     ] GC(184) Eden regions: 19->0(19)
[2026-10-07T05:05:26.868+0000][468.100s][info][gc,heap     ] GC(184) Survivor regions: 2->2(3)
[2026-10-07T05:05:26.868+0000][468.100s][info][gc,heap     ] GC(184) Old regions: 29->29
[2026-10-07T05:05:26.868+0000][468.100s][info][gc,heap     ] GC(184) Humongous regions: 2->2
[2026-10-07T05:05:26.868+0000][468.100s][info][gc,metaspace] GC(184) Metaspace: 74563K(75328K)->74563K(75328K) NonClass: 65188K(65600K)->65188K(65600K) Class: 9374K(9728K)->9374K(9728K)
[2026-10-07T05:05:26.868+0000][468.100s][info][gc          ] GC(184) Pause Young (Concurrent Start) (G1 Evacuation Pause) 51M->32M(56M) 9.495ms
[2026-10-07T05:05:26.868+0000][468.101s][info][gc,cpu      ] GC(184) User=0.01s Sys=0.00s Real=0.01s
[2026-10-07T05:05:26.868+0000][468.101s][info][gc          ] GC(185) Concurrent Mark Cycle
[2026-10-07T05:05:26.869+0000][468.101s][info][gc,marking  ] GC(185) Concurrent Scan Root Regions
[2026-10-07T05:05:26.879+0000][468.111s][info][gc,marking  ] GC(185) Concurrent Scan Root Regions 10.295ms
[2026-10-07T05:05:26.879+0000][468.111s][info][gc,marking  ] GC(185) Concurrent Mark
[2026-10-07T05:05:26.879+0000][468.111s][info][gc,marking  ] GC(185) Concurrent Mark From Roots
[2026-10-07T05:05:26.879+0000][468.111s][info][gc,task     ] GC(185) Using 1 workers of 1 for marking
[2026-10-07T05:05:26.967+0000][468.199s][info][gc,marking  ] GC(185) Concurrent Mark From Roots 87.872ms
[2026-10-07T05:05:26.967+0000][468.199s][info][gc,marking  ] GC(185) Concurrent Preclean
[2026-10-07T05:05:26.967+0000][468.199s][info][gc,marking  ] GC(185) Concurrent Preclean 0.158ms
[2026-10-07T05:05:26.968+0000][468.200s][info][gc,start    ] GC(185) Pause Remark
[2026-10-07T05:05:26.992+0000][468.224s][info][gc          ] GC(185) Pause Remark 32M->32M(56M) 23.995ms
[2026-10-07T05:05:26.992+0000][468.224s][info][gc,cpu      ] GC(185) User=0.03s Sys=0.00s Real=0.02s
[2026-10-07T05:05:26.993+0000][468.225s][info][gc,marking  ] GC(185) Concurrent Mark 114.240ms
[2026-10-07T05:05:26.993+0000][468.225s][info][gc,marking  ] GC(185) Concurrent Rebuild Remembered Sets and Scrub Regions
[2026-10-07T05:05:27.034+0000][468.266s][info][gc,marking  ] GC(185) Concurrent Rebuild Remembered Sets and Scrub Regions 40.549ms
[2026-10-07T05:05:27.035+0000][468.267s][info][gc,start    ] GC(185) Pause Cleanup
[2026-10-07T05:05:27.035+0000][468.267s][info][gc          ] GC(185) Pause Cleanup 33M->33M(56M) 0.188ms
[2026-10-07T05:05:27.035+0000][468.267s][info][gc,cpu      ] GC(185) User=0.00s Sys=0.00s Real=0.00s
[2026-10-07T05:05:27.036+0000][468.268s][info][gc,marking  ] GC(185) Concurrent Clear Claimed Marks
[2026-10-07T05:05:27.036+0000][468.269s][info][gc,marking  ] GC(185) Concurrent Clear Claimed Marks 0.332ms
[2026-10-07T05:05:27.036+0000][468.269s][info][gc,marking  ] GC(185) Concurrent Cleanup for Next Mark
[2026-10-07T05:05:27.038+0000][468.270s][info][gc,marking  ] GC(185) Concurrent Cleanup for Next Mark 1.562ms
[2026-10-07T05:05:27.038+0000][468.270s][info][gc          ] GC(185) Concurrent Mark Cycle 169.825ms
[2026-10-07T05:05:30.082+0000][471.314s][info][gc,start    ] GC(186) Pause Young (Normal) (G1 Evacuation Pause)
[2026-10-07T05:05:30.082+0000][471.314s][info][gc,task     ] GC(186) Using 2 workers of 2 for evacuation
[2026-10-07T05:05:30.090+0000][471.322s][info][gc,phases   ] GC(186)   Pre Evacuate Collection Set: 0.22ms
[2026-10-07T05:05:30.090+0000][471.322s][info][gc,phases   ] GC(186)   Merge Heap Roots: 1.17ms
[2026-10-07T05:05:30.090+0000][471.322s][info][gc,phases   ] GC(186)   Evacuate Collection Set: 5.59ms
[2026-10-07T05:05:30.090+0000][471.322s][info][gc,phases   ] GC(186)   Post Evacuate Collection Set: 0.83ms
[2026-10-07T05:05:30.090+0000][471.322s][info][gc,phases   ] GC(186)   Other: 0.08ms
[2026-10-07T05:05:30.090+0000][471.322s][info][gc,heap     ] GC(186) Eden regions: 19->0(18)
[2026-10-07T05:05:30.090+0000][471.322s][info][gc,heap     ] GC(186) Survivor regions: 2->2(3)
[2026-10-07T05:05:30.090+0000][471.322s][info][gc,heap     ] GC(186) Old regions: 29->30
[2026-10-07T05:05:30.090+0000][471.322s][info][gc,heap     ] GC(186) Humongous regions: 2->2
[2026-10-07T05:05:30.090+0000][471.322s][info][gc,metaspace] GC(186) Metaspace: 74576K(75328K)->74576K(75328K) NonClass: 65202K(65600K)->65202K(65600K) Class: 9374K(9728K)->9374K(9728K)
[2026-10-07T05:05:30.090+0000][471.323s][info][gc          ] GC(186) Pause Young (Normal) (G1 Evacuation Pause) 51M->32M(56M) 8.267ms
[2026-10-07T05:05:30.090+0000][471.323s][info][gc,cpu      ] GC(186) User=0.01s Sys=0.00s Real=0.01s
[2026-10-07T05:05:33.530+0000][474.762s][info][gc,start    ] GC(187) Pause Young (Concurrent Start) (G1 Evacuation Pause)
[2026-10-07T05:05:33.530+0000][474.762s][info][gc,task     ] GC(187) Using 2 workers of 2 for evacuation
[2026-10-07T05:05:33.538+0000][474.771s][info][gc,phases   ] GC(187)   Pre Evacuate Collection Set: 0.25ms
[2026-10-07T05:05:33.539+0000][474.771s][info][gc,phases   ] GC(187)   Merge Heap Roots: 0.24ms
[2026-10-07T05:05:33.539+0000][474.771s][info][gc,phases   ] GC(187)   Evacuate Collection Set: 5.81ms
[2026-10-07T05:05:33.539+0000][474.771s][info][gc,phases   ] GC(187)   Post Evacuate Collection Set: 1.62ms
[2026-10-07T05:05:33.539+0000][474.771s][info][gc,phases   ] GC(187)   Other: 0.39ms
[2026-10-07T05:05:33.539+0000][474.771s][info][gc,heap     ] GC(187) Eden regions: 18->0(18)
[2026-10-07T05:05:33.539+0000][474.772s][info][gc,heap     ] GC(187) Survivor regions: 2->2(3)
[2026-10-07T05:05:33.539+0000][474.772s][info][gc,heap     ] GC(187) Old regions: 30->30
[2026-10-07T05:05:33.539+0000][474.772s][info][gc,heap     ] GC(187) Humongous regions: 2->2
[2026-10-07T05:05:33.539+0000][474.772s][info][gc,metaspace] GC(187) Metaspace: 74576K(75328K)->74576K(75328K) NonClass: 65202K(65600K)->65202K(65600K) Class: 9374K(9728K)->9374K(9728K)
[2026-10-07T05:05:33.539+0000][474.772s][info][gc          ] GC(187) Pause Young (Concurrent Start) (G1 Evacuation Pause) 50M->32M(56M) 9.428ms
[2026-10-07T05:05:33.540+0000][474.772s][info][gc          ] GC(188) Concurrent Mark Cycle
[2026-10-07T05:05:33.540+0000][474.772s][info][gc,marking  ] GC(188) Concurrent Scan Root Regions
[2026-10-07T05:05:33.541+0000][474.773s][info][gc,cpu      ] GC(187) User=0.01s Sys=0.00s Real=0.01s
[2026-10-07T05:05:33.549+0000][474.782s][info][gc,marking  ] GC(188) Concurrent Scan Root Regions 9.767ms
[2026-10-07T05:05:33.550+0000][474.782s][info][gc,marking  ] GC(188) Concurrent Mark
[2026-10-07T05:05:33.550+0000][474.782s][info][gc,marking  ] GC(188) Concurrent Mark From Roots
[2026-10-07T05:05:33.550+0000][474.782s][info][gc,task     ] GC(188) Using 1 workers of 1 for marking
[2026-10-07T05:05:33.654+0000][474.886s][info][gc,marking  ] GC(188) Concurrent Mark From Roots 104.556ms
[2026-10-07T05:05:33.654+0000][474.886s][info][gc,marking  ] GC(188) Concurrent Preclean
[2026-10-07T05:05:33.654+0000][474.887s][info][gc,marking  ] GC(188) Concurrent Preclean 0.218ms
[2026-10-07T05:05:33.655+0000][474.887s][info][gc,start    ] GC(188) Pause Remark
[2026-10-07T05:05:33.682+0000][474.914s][info][gc          ] GC(188) Pause Remark 33M->33M(57M) 27.059ms
[2026-10-07T05:05:33.682+0000][474.914s][info][gc,cpu      ] GC(188) User=0.04s Sys=0.00s Real=0.02s
[2026-10-07T05:05:33.685+0000][474.917s][info][gc,marking  ] GC(188) Concurrent Mark 135.078ms
[2026-10-07T05:05:33.685+0000][474.917s][info][gc,marking  ] GC(188) Concurrent Rebuild Remembered Sets and Scrub Regions
[2026-10-07T05:05:33.722+0000][474.955s][info][gc,marking  ] GC(188) Concurrent Rebuild Remembered Sets and Scrub Regions 37.583ms
[2026-10-07T05:05:33.723+0000][474.955s][info][gc,start    ] GC(188) Pause Cleanup
[2026-10-07T05:05:33.723+0000][474.955s][info][gc          ] GC(188) Pause Cleanup 33M->33M(57M) 0.419ms
[2026-10-07T05:05:33.723+0000][474.956s][info][gc,cpu      ] GC(188) User=0.00s Sys=0.00s Real=0.00s
[2026-10-07T05:05:33.725+0000][474.957s][info][gc,marking  ] GC(188) Concurrent Clear Claimed Marks
[2026-10-07T05:05:33.725+0000][474.957s][info][gc,marking  ] GC(188) Concurrent Clear Claimed Marks 0.448ms
[2026-10-07T05:05:33.725+0000][474.957s][info][gc,marking  ] GC(188) Concurrent Cleanup for Next Mark
[2026-10-07T05:05:33.725+0000][474.958s][info][gc,marking  ] GC(188) Concurrent Cleanup for Next Mark 0.369ms
[2026-10-07T05:05:33.725+0000][474.958s][info][gc          ] GC(188) Concurrent Mark Cycle 185.804ms
[2026-10-07T05:05:36.893+0000][478.125s][info][gc,start    ] GC(189) Pause Young (Prepare Mixed) (G1 Evacuation Pause)
[2026-10-07T05:05:36.893+0000][478.125s][info][gc,task     ] GC(189) Using 2 workers of 2 for evacuation
[2026-10-07T05:05:36.901+0000][478.133s][info][gc,phases   ] GC(189)   Pre Evacuate Collection Set: 0.40ms
[2026-10-07T05:05:36.901+0000][478.133s][info][gc,phases   ] GC(189)   Merge Heap Roots: 0.17ms
[2026-10-07T05:05:36.901+0000][478.133s][info][gc,phases   ] GC(189)   Evacuate Collection Set: 6.29ms
[2026-10-07T05:05:36.901+0000][478.133s][info][gc,phases   ] GC(189)   Post Evacuate Collection Set: 1.21ms
[2026-10-07T05:05:36.904+0000][478.136s][info][gc,phases   ] GC(189)   Other: 0.11ms
[2026-10-07T05:05:36.904+0000][478.136s][info][gc,heap     ] GC(189) Eden regions: 18->0(19)
[2026-10-07T05:05:36.904+0000][478.136s][info][gc,heap     ] GC(189) Survivor regions: 2->2(3)
[2026-10-07T05:05:36.904+0000][478.136s][info][gc,heap     ] GC(189) Old regions: 30->30
[2026-10-07T05:05:36.904+0000][478.136s][info][gc,heap     ] GC(189) Humongous regions: 2->2
[2026-10-07T05:05:36.904+0000][478.136s][info][gc,metaspace] GC(189) Metaspace: 74580K(75328K)->74580K(75328K) NonClass: 65205K(65600K)->65205K(65600K) Class: 9374K(9728K)->9374K(9728K)
[2026-10-07T05:05:36.904+0000][478.136s][info][gc          ] GC(189) Pause Young (Prepare Mixed) (G1 Evacuation Pause) 50M->32M(57M) 11.251ms
[2026-10-07T05:05:36.904+0000][478.136s][info][gc,cpu      ] GC(189) User=0.00s Sys=0.00s Real=0.02s
[2026-10-07T05:05:40.496+0000][481.728s][info][gc,start    ] GC(190) Pause Young (Mixed) (G1 Evacuation Pause)
[2026-10-07T05:05:40.496+0000][481.728s][info][gc,task     ] GC(190) Using 2 workers of 2 for evacuation
[2026-10-07T05:05:40.505+0000][481.737s][info][gc,phases   ] GC(190)   Pre Evacuate Collection Set: 0.45ms
[2026-10-07T05:05:40.505+0000][481.737s][info][gc,phases   ] GC(190)   Merge Heap Roots: 0.16ms
[2026-10-07T05:05:40.505+0000][481.737s][info][gc,phases   ] GC(190)   Evacuate Collection Set: 7.58ms
[2026-10-07T05:05:40.505+0000][481.738s][info][gc,phases   ] GC(190)   Post Evacuate Collection Set: 0.61ms
[2026-10-07T05:05:40.505+0000][481.738s][info][gc,phases   ] GC(190)   Other: 0.15ms
[2026-10-07T05:05:40.505+0000][481.738s][info][gc,heap     ] GC(190) Eden regions: 19->0(20)
[2026-10-07T05:05:40.505+0000][481.738s][info][gc,heap     ] GC(190) Survivor regions: 2->2(3)
[2026-10-07T05:05:40.505+0000][481.738s][info][gc,heap     ] GC(190) Old regions: 30->29
[2026-10-07T05:05:40.505+0000][481.738s][info][gc,heap     ] GC(190) Humongous regions: 2->2
[2026-10-07T05:05:40.505+0000][481.738s][info][gc,metaspace] GC(190) Metaspace: 74580K(75328K)->74580K(75328K) NonClass: 65206K(65600K)->65206K(65600K) Class: 9374K(9728K)->9374K(9728K)
[2026-10-07T05:05:40.505+0000][481.738s][info][gc          ] GC(190) Pause Young (Mixed) (G1 Evacuation Pause) 51M->32M(57M) 9.374ms
[2026-10-07T05:05:40.505+0000][481.738s][info][gc,cpu      ] GC(190) User=0.01s Sys=0.00s Real=0.01s
[2026-10-07T05:05:44.152+0000][485.384s][info][gc,start    ] GC(191) Pause Young (Concurrent Start) (G1 Evacuation Pause)
[2026-10-07T05:05:44.152+0000][485.384s][info][gc,task     ] GC(191) Using 2 workers of 2 for evacuation
[2026-10-07T05:05:44.168+0000][485.400s][info][gc,phases   ] GC(191)   Pre Evacuate Collection Set: 0.14ms
[2026-10-07T05:05:44.168+0000][485.400s][info][gc,phases   ] GC(191)   Merge Heap Roots: 0.19ms
[2026-10-07T05:05:44.168+0000][485.400s][info][gc,phases   ] GC(191)   Evacuate Collection Set: 11.99ms
[2026-10-07T05:05:44.168+0000][485.400s][info][gc,phases   ] GC(191)   Post Evacuate Collection Set: 3.31ms
[2026-10-07T05:05:44.168+0000][485.400s][info][gc,phases   ] GC(191)   Other: 0.21ms
[2026-10-07T05:05:44.168+0000][485.400s][info][gc,heap     ] GC(191) Eden regions: 20->0(20)
[2026-10-07T05:05:44.168+0000][485.400s][info][gc,heap     ] GC(191) Survivor regions: 2->2(3)
[2026-10-07T05:05:44.168+0000][485.400s][info][gc,heap     ] GC(191) Old regions: 29->29
[2026-10-07T05:05:44.168+0000][485.400s][info][gc,heap     ] GC(191) Humongous regions: 2->2
[2026-10-07T05:05:44.168+0000][485.400s][info][gc,metaspace] GC(191) Metaspace: 74591K(75392K)->74591K(75392K) NonClass: 65216K(65664K)->65216K(65664K) Class: 9374K(9728K)->9374K(9728K)
[2026-10-07T05:05:44.168+0000][485.400s][info][gc          ] GC(191) Pause Young (Concurrent Start) (G1 Evacuation Pause) 52M->32M(57M) 16.084ms
[2026-10-07T05:05:44.168+0000][485.400s][info][gc,cpu      ] GC(191) User=0.01s Sys=0.00s Real=0.02s
[2026-10-07T05:05:44.170+0000][485.403s][info][gc          ] GC(192) Concurrent Mark Cycle
[2026-10-07T05:05:44.170+0000][485.403s][info][gc,marking  ] GC(192) Concurrent Scan Root Regions
[2026-10-07T05:05:44.185+0000][485.417s][info][gc,marking  ] GC(192) Concurrent Scan Root Regions 14.211ms
[2026-10-07T05:05:44.185+0000][485.417s][info][gc,marking  ] GC(192) Concurrent Mark
[2026-10-07T05:05:44.185+0000][485.417s][info][gc,marking  ] GC(192) Concurrent Mark From Roots
[2026-10-07T05:05:44.185+0000][485.417s][info][gc,task     ] GC(192) Using 1 workers of 1 for marking
[2026-10-07T05:05:44.515+0000][485.747s][info][gc,marking  ] GC(192) Concurrent Mark From Roots 330.271ms
[2026-10-07T05:05:44.515+0000][485.747s][info][gc,marking  ] GC(192) Concurrent Preclean
[2026-10-07T05:05:44.515+0000][485.747s][info][gc,marking  ] GC(192) Concurrent Preclean 0.166ms
[2026-10-07T05:05:44.516+0000][485.748s][info][gc,start    ] GC(192) Pause Remark
[2026-10-07T05:05:44.594+0000][485.826s][info][gc          ] GC(192) Pause Remark 34M->34M(57M) 77.453ms
[2026-10-07T05:05:44.594+0000][485.826s][info][gc,cpu      ] GC(192) User=0.04s Sys=0.00s Real=0.08s
[2026-10-07T05:05:44.595+0000][485.827s][info][gc,marking  ] GC(192) Concurrent Mark 410.558ms
[2026-10-07T05:05:44.596+0000][485.828s][info][gc,marking  ] GC(192) Concurrent Rebuild Remembered Sets and Scrub Regions
[2026-10-07T05:05:44.655+0000][485.888s][info][gc,marking  ] GC(192) Concurrent Rebuild Remembered Sets and Scrub Regions 59.056ms
[2026-10-07T05:05:44.656+0000][485.888s][info][gc,start    ] GC(192) Pause Cleanup
[2026-10-07T05:05:44.657+0000][485.889s][info][gc          ] GC(192) Pause Cleanup 34M->34M(57M) 0.708ms
[2026-10-07T05:05:44.657+0000][485.889s][info][gc,cpu      ] GC(192) User=0.00s Sys=0.00s Real=0.00s
[2026-10-07T05:05:44.660+0000][485.892s][info][gc,marking  ] GC(192) Concurrent Clear Claimed Marks
[2026-10-07T05:05:44.660+0000][485.892s][info][gc,marking  ] GC(192) Concurrent Clear Claimed Marks 0.280ms
[2026-10-07T05:05:44.660+0000][485.892s][info][gc,marking  ] GC(192) Concurrent Cleanup for Next Mark
[2026-10-07T05:05:44.661+0000][485.893s][info][gc,marking  ] GC(192) Concurrent Cleanup for Next Mark 1.139ms
[2026-10-07T05:05:44.661+0000][485.893s][info][gc          ] GC(192) Concurrent Mark Cycle 490.790ms
[2026-10-07T05:05:47.748+0000][488.980s][info][gc,start    ] GC(193) Pause Young (Prepare Mixed) (G1 Evacuation Pause)
[2026-10-07T05:05:47.748+0000][488.980s][info][gc,task     ] GC(193) Using 2 workers of 2 for evacuation
[2026-10-07T05:05:47.756+0000][488.989s][info][gc,phases   ] GC(193)   Pre Evacuate Collection Set: 0.27ms
[2026-10-07T05:05:47.756+0000][488.989s][info][gc,phases   ] GC(193)   Merge Heap Roots: 0.15ms
[2026-10-07T05:05:47.756+0000][488.989s][info][gc,phases   ] GC(193)   Evacuate Collection Set: 7.30ms
[2026-10-07T05:05:47.756+0000][488.989s][info][gc,phases   ] GC(193)   Post Evacuate Collection Set: 0.96ms
[2026-10-07T05:05:47.756+0000][488.989s][info][gc,phases   ] GC(193)   Other: 0.08ms
[2026-10-07T05:05:47.756+0000][488.989s][info][gc,heap     ] GC(193) Eden regions: 20->0(19)
[2026-10-07T05:05:47.756+0000][488.989s][info][gc,heap     ] GC(193) Survivor regions: 2->2(3)
[2026-10-07T05:05:47.756+0000][488.989s][info][gc,heap     ] GC(193) Old regions: 29->30
[2026-10-07T05:05:47.756+0000][488.989s][info][gc,heap     ] GC(193) Humongous regions: 2->2
[2026-10-07T05:05:47.756+0000][488.989s][info][gc,metaspace] GC(193) Metaspace: 74600K(75392K)->74600K(75392K) NonClass: 65226K(65664K)->65226K(65664K) Class: 9374K(9728K)->9374K(9728K)
[2026-10-07T05:05:47.757+0000][488.989s][info][gc          ] GC(193) Pause Young (Prepare Mixed) (G1 Evacuation Pause) 52M->32M(57M) 9.030ms
[2026-10-07T05:05:47.757+0000][488.989s][info][gc,cpu      ] GC(193) User=0.01s Sys=0.00s Real=0.01s
[2026-10-07T05:05:51.125+0000][492.358s][info][gc,start    ] GC(194) Pause Young (Mixed) (G1 Evacuation Pause)
[2026-10-07T05:05:51.125+0000][492.358s][info][gc,task     ] GC(194) Using 2 workers of 2 for evacuation
[2026-10-07T05:05:51.136+0000][492.368s][info][gc,phases   ] GC(194)   Pre Evacuate Collection Set: 0.34ms
[2026-10-07T05:05:51.136+0000][492.368s][info][gc,phases   ] GC(194)   Merge Heap Roots: 0.29ms
[2026-10-07T05:05:51.136+0000][492.368s][info][gc,phases   ] GC(194)   Evacuate Collection Set: 8.56ms
[2026-10-07T05:05:51.136+0000][492.368s][info][gc,phases   ] GC(194)   Post Evacuate Collection Set: 0.79ms
[2026-10-07T05:05:51.136+0000][492.368s][info][gc,phases   ] GC(194)   Other: 0.14ms
[2026-10-07T05:05:51.137+0000][492.369s][info][gc,heap     ] GC(194) Eden regions: 19->0(20)
[2026-10-07T05:05:51.137+0000][492.369s][info][gc,heap     ] GC(194) Survivor regions: 2->2(3)
[2026-10-07T05:05:51.137+0000][492.369s][info][gc,heap     ] GC(194) Old regions: 30->29
[2026-10-07T05:05:51.137+0000][492.370s][info][gc,heap     ] GC(194) Humongous regions: 2->2
[2026-10-07T05:05:51.137+0000][492.370s][info][gc,metaspace] GC(194) Metaspace: 74601K(75392K)->74601K(75392K) NonClass: 65227K(65664K)->65227K(65664K) Class: 9374K(9728K)->9374K(9728K)
[2026-10-07T05:05:51.137+0000][492.370s][info][gc          ] GC(194) Pause Young (Mixed) (G1 Evacuation Pause) 51M->32M(57M) 12.035ms
[2026-10-07T05:05:51.137+0000][492.370s][info][gc,cpu      ] GC(194) User=0.01s Sys=0.00s Real=0.01s
[2026-10-07T05:05:55.107+0000][496.340s][info][gc,start    ] GC(195) Pause Young (Concurrent Start) (G1 Evacuation Pause)
[2026-10-07T05:05:55.107+0000][496.340s][info][gc,task     ] GC(195) Using 2 workers of 2 for evacuation
[2026-10-07T05:05:55.115+0000][496.347s][info][gc,phases   ] GC(195)   Pre Evacuate Collection Set: 0.22ms
[2026-10-07T05:05:55.115+0000][496.347s][info][gc,phases   ] GC(195)   Merge Heap Roots: 0.12ms
[2026-10-07T05:05:55.115+0000][496.347s][info][gc,phases   ] GC(195)   Evacuate Collection Set: 6.32ms
[2026-10-07T05:05:55.115+0000][496.347s][info][gc,phases   ] GC(195)   Post Evacuate Collection Set: 0.79ms
[2026-10-07T05:05:55.115+0000][496.347s][info][gc,phases   ] GC(195)   Other: 0.11ms
[2026-10-07T05:05:55.115+0000][496.347s][info][gc,heap     ] GC(195) Eden regions: 20->0(19)
[2026-10-07T05:05:55.115+0000][496.347s][info][gc,heap     ] GC(195) Survivor regions: 2->2(3)
[2026-10-07T05:05:55.115+0000][496.347s][info][gc,heap     ] GC(195) Old regions: 29->30
[2026-10-07T05:05:55.115+0000][496.347s][info][gc,heap     ] GC(195) Humongous regions: 2->2
[2026-10-07T05:05:55.117+0000][496.350s][info][gc,metaspace] GC(195) Metaspace: 74606K(75392K)->74606K(75392K) NonClass: 65231K(65664K)->65231K(65664K) Class: 9374K(9728K)->9374K(9728K)
[2026-10-07T05:05:55.117+0000][496.350s][info][gc          ] GC(195) Pause Young (Concurrent Start) (G1 Evacuation Pause) 52M->32M(57M) 10.038ms
[2026-10-07T05:05:55.117+0000][496.350s][info][gc,cpu      ] GC(195) User=0.01s Sys=0.00s Real=0.01s
[2026-10-07T05:05:55.117+0000][496.350s][info][gc          ] GC(196) Concurrent Mark Cycle
[2026-10-07T05:05:55.118+0000][496.350s][info][gc,marking  ] GC(196) Concurrent Scan Root Regions
[2026-10-07T05:05:55.130+0000][496.362s][info][gc,marking  ] GC(196) Concurrent Scan Root Regions 12.595ms
[2026-10-07T05:05:55.130+0000][496.362s][info][gc,marking  ] GC(196) Concurrent Mark
[2026-10-07T05:05:55.130+0000][496.362s][info][gc,marking  ] GC(196) Concurrent Mark From Roots
[2026-10-07T05:05:55.130+0000][496.362s][info][gc,task     ] GC(196) Using 1 workers of 1 for marking
[2026-10-07T05:05:55.228+0000][496.460s][info][gc,marking  ] GC(196) Concurrent Mark From Roots 97.429ms
[2026-10-07T05:05:55.228+0000][496.460s][info][gc,marking  ] GC(196) Concurrent Preclean
[2026-10-07T05:05:55.229+0000][496.461s][info][gc,marking  ] GC(196) Concurrent Preclean 0.962ms
[2026-10-07T05:05:55.231+0000][496.464s][info][gc,start    ] GC(196) Pause Remark
[2026-10-07T05:05:55.256+0000][496.488s][info][gc          ] GC(196) Pause Remark 33M->33M(57M) 24.118ms
[2026-10-07T05:05:55.256+0000][496.488s][info][gc,cpu      ] GC(196) User=0.03s Sys=0.01s Real=0.03s
[2026-10-07T05:05:55.256+0000][496.488s][info][gc,marking  ] GC(196) Concurrent Mark 125.475ms
[2026-10-07T05:05:55.256+0000][496.488s][info][gc,marking  ] GC(196) Concurrent Rebuild Remembered Sets and Scrub Regions
[2026-10-07T05:05:55.298+0000][496.531s][info][gc,marking  ] GC(196) Concurrent Rebuild Remembered Sets and Scrub Regions 42.742ms
[2026-10-07T05:05:55.299+0000][496.531s][info][gc,start    ] GC(196) Pause Cleanup
[2026-10-07T05:05:55.299+0000][496.531s][info][gc          ] GC(196) Pause Cleanup 33M->33M(57M) 0.199ms
[2026-10-07T05:05:55.299+0000][496.531s][info][gc,cpu      ] GC(196) User=0.00s Sys=0.00s Real=0.00s
[2026-10-07T05:05:55.300+0000][496.532s][info][gc,marking  ] GC(196) Concurrent Clear Claimed Marks
[2026-10-07T05:05:55.300+0000][496.533s][info][gc,marking  ] GC(196) Concurrent Clear Claimed Marks 0.285ms
[2026-10-07T05:05:55.300+0000][496.533s][info][gc,marking  ] GC(196) Concurrent Cleanup for Next Mark
[2026-10-07T05:05:55.301+0000][496.533s][info][gc,marking  ] GC(196) Concurrent Cleanup for Next Mark 0.582ms
[2026-10-07T05:05:55.301+0000][496.533s][info][gc          ] GC(196) Concurrent Mark Cycle 183.665ms
[2026-10-07T05:05:58.630+0000][499.863s][info][gc,start    ] GC(197) Pause Young (Prepare Mixed) (G1 Evacuation Pause)
[2026-10-07T05:05:58.630+0000][499.863s][info][gc,task     ] GC(197) Using 2 workers of 2 for evacuation
[2026-10-07T05:05:58.638+0000][499.871s][info][gc,phases   ] GC(197)   Pre Evacuate Collection Set: 0.75ms
[2026-10-07T05:05:58.638+0000][499.871s][info][gc,phases   ] GC(197)   Merge Heap Roots: 0.35ms
[2026-10-07T05:05:58.638+0000][499.871s][info][gc,phases   ] GC(197)   Evacuate Collection Set: 5.85ms
[2026-10-07T05:05:58.638+0000][499.871s][info][gc,phases   ] GC(197)   Post Evacuate Collection Set: 0.85ms
[2026-10-07T05:05:58.638+0000][499.871s][info][gc,phases   ] GC(197)   Other: 0.14ms
[2026-10-07T05:05:58.638+0000][499.871s][info][gc,heap     ] GC(197) Eden regions: 19->0(19)
[2026-10-07T05:05:58.638+0000][499.871s][info][gc,heap     ] GC(197) Survivor regions: 2->2(3)
[2026-10-07T05:05:58.638+0000][499.871s][info][gc,heap     ] GC(197) Old regions: 30->30
[2026-10-07T05:05:58.639+0000][499.871s][info][gc,heap     ] GC(197) Humongous regions: 2->2
[2026-10-07T05:05:58.639+0000][499.871s][info][gc,metaspace] GC(197) Metaspace: 74607K(75392K)->74607K(75392K) NonClass: 65232K(65664K)->65232K(65664K) Class: 9374K(9728K)->9374K(9728K)
[2026-10-07T05:05:58.639+0000][499.871s][info][gc          ] GC(197) Pause Young (Prepare Mixed) (G1 Evacuation Pause) 51M->32M(57M) 8.489ms
[2026-10-07T05:05:58.639+0000][499.871s][info][gc,cpu      ] GC(197) User=0.01s Sys=0.00s Real=0.01s
[2026-10-07T05:06:02.277+0000][503.509s][info][gc,start    ] GC(198) Pause Young (Mixed) (G1 Evacuation Pause)
[2026-10-07T05:06:02.277+0000][503.510s][info][gc,task     ] GC(198) Using 2 workers of 2 for evacuation
[2026-10-07T05:06:02.292+0000][503.525s][info][gc,phases   ] GC(198)   Pre Evacuate Collection Set: 1.37ms
[2026-10-07T05:06:02.292+0000][503.525s][info][gc,phases   ] GC(198)   Merge Heap Roots: 0.28ms
[2026-10-07T05:06:02.292+0000][503.525s][info][gc,phases   ] GC(198)   Evacuate Collection Set: 11.65ms
[2026-10-07T05:06:02.292+0000][503.525s][info][gc,phases   ] GC(198)   Post Evacuate Collection Set: 1.60ms
[2026-10-07T05:06:02.292+0000][503.525s][info][gc,phases   ] GC(198)   Other: 0.08ms
[2026-10-07T05:06:02.292+0000][503.525s][info][gc,heap     ] GC(198) Eden regions: 19->0(20)
[2026-10-07T05:06:02.294+0000][503.526s][info][gc,heap     ] GC(198) Survivor regions: 2->2(3)
[2026-10-07T05:06:02.294+0000][503.526s][info][gc,heap     ] GC(198) Old regions: 30->29
[2026-10-07T05:06:02.294+0000][503.526s][info][gc,heap     ] GC(198) Humongous regions: 2->2
[2026-10-07T05:06:02.294+0000][503.526s][info][gc,metaspace] GC(198) Metaspace: 74611K(75392K)->74611K(75392K) NonClass: 65236K(65664K)->65236K(65664K) Class: 9374K(9728K)->9374K(9728K)
[2026-10-07T05:06:02.294+0000][503.526s][info][gc          ] GC(198) Pause Young (Mixed) (G1 Evacuation Pause) 51M->32M(57M) 16.483ms
[2026-10-07T05:06:02.294+0000][503.526s][info][gc,cpu      ] GC(198) User=0.01s Sys=0.00s Real=0.02s
[2026-10-07T05:06:06.422+0000][507.654s][info][gc,start    ] GC(199) Pause Young (Concurrent Start) (G1 Evacuation Pause)
[2026-10-07T05:06:06.422+0000][507.654s][info][gc,task     ] GC(199) Using 2 workers of 2 for evacuation
[2026-10-07T05:06:06.432+0000][507.664s][info][gc,phases   ] GC(199)   Pre Evacuate Collection Set: 0.90ms
[2026-10-07T05:06:06.432+0000][507.664s][info][gc,phases   ] GC(199)   Merge Heap Roots: 0.11ms
[2026-10-07T05:06:06.432+0000][507.664s][info][gc,phases   ] GC(199)   Evacuate Collection Set: 8.00ms
[2026-10-07T05:06:06.432+0000][507.664s][info][gc,phases   ] GC(199)   Post Evacuate Collection Set: 0.77ms
[2026-10-07T05:06:06.432+0000][507.664s][info][gc,phases   ] GC(199)   Other: 0.52ms
[2026-10-07T05:06:06.432+0000][507.664s][info][gc,heap     ] GC(199) Eden regions: 20->0(19)
[2026-10-07T05:06:06.432+0000][507.664s][info][gc,heap     ] GC(199) Survivor regions: 2->2(3)
[2026-10-07T05:06:06.432+0000][507.664s][info][gc,heap     ] GC(199) Old regions: 29->30
[2026-10-07T05:06:06.432+0000][507.664s][info][gc,heap     ] GC(199) Humongous regions: 2->2
[2026-10-07T05:06:06.432+0000][507.664s][info][gc,metaspace] GC(199) Metaspace: 74616K(75392K)->74616K(75392K) NonClass: 65241K(65664K)->65241K(65664K) Class: 9374K(9728K)->9374K(9728K)
[2026-10-07T05:06:06.432+0000][507.664s][info][gc          ] GC(199) Pause Young (Concurrent Start) (G1 Evacuation Pause) 52M->32M(57M) 10.568ms
[2026-10-07T05:06:06.432+0000][507.664s][info][gc,cpu      ] GC(199) User=0.02s Sys=0.00s Real=0.01s
[2026-10-07T05:06:06.433+0000][507.665s][info][gc          ] GC(200) Concurrent Mark Cycle
[2026-10-07T05:06:06.433+0000][507.665s][info][gc,marking  ] GC(200) Concurrent Scan Root Regions
[2026-10-07T05:06:06.443+0000][507.675s][info][gc,marking  ] GC(200) Concurrent Scan Root Regions 9.596ms
[2026-10-07T05:06:06.443+0000][507.675s][info][gc,marking  ] GC(200) Concurrent Mark
[2026-10-07T05:06:06.443+0000][507.675s][info][gc,marking  ] GC(200) Concurrent Mark From Roots
[2026-10-07T05:06:06.443+0000][507.675s][info][gc,task     ] GC(200) Using 1 workers of 1 for marking
[2026-10-07T05:06:06.531+0000][507.763s][info][gc,marking  ] GC(200) Concurrent Mark From Roots 87.810ms
[2026-10-07T05:06:06.532+0000][507.764s][info][gc,marking  ] GC(200) Concurrent Preclean
[2026-10-07T05:06:06.533+0000][507.766s][info][gc,marking  ] GC(200) Concurrent Preclean 1.820ms
[2026-10-07T05:06:06.534+0000][507.766s][info][gc,start    ] GC(200) Pause Remark
[2026-10-07T05:06:06.561+0000][507.793s][info][gc          ] GC(200) Pause Remark 33M->33M(57M) 27.573ms
[2026-10-07T05:06:06.561+0000][507.794s][info][gc,cpu      ] GC(200) User=0.04s Sys=0.00s Real=0.02s
[2026-10-07T05:06:06.562+0000][507.795s][info][gc,marking  ] GC(200) Concurrent Mark 119.573ms
[2026-10-07T05:06:06.562+0000][507.795s][info][gc,marking  ] GC(200) Concurrent Rebuild Remembered Sets and Scrub Regions
[2026-10-07T05:06:06.622+0000][507.855s][info][gc,marking  ] GC(200) Concurrent Rebuild Remembered Sets and Scrub Regions 59.988ms
[2026-10-07T05:06:06.623+0000][507.855s][info][gc,start    ] GC(200) Pause Cleanup
[2026-10-07T05:06:06.623+0000][507.855s][info][gc          ] GC(200) Pause Cleanup 33M->33M(57M) 0.464ms
[2026-10-07T05:06:06.623+0000][507.855s][info][gc,cpu      ] GC(200) User=0.00s Sys=0.00s Real=0.00s
[2026-10-07T05:06:06.624+0000][507.856s][info][gc,marking  ] GC(200) Concurrent Clear Claimed Marks
[2026-10-07T05:06:06.624+0000][507.857s][info][gc,marking  ] GC(200) Concurrent Clear Claimed Marks 0.194ms
[2026-10-07T05:06:06.624+0000][507.857s][info][gc,marking  ] GC(200) Concurrent Cleanup for Next Mark
[2026-10-07T05:06:06.628+0000][507.860s][info][gc,marking  ] GC(200) Concurrent Cleanup for Next Mark 3.266ms
[2026-10-07T05:06:06.628+0000][507.860s][info][gc          ] GC(200) Concurrent Mark Cycle 194.943ms
[2026-10-07T05:06:09.901+0000][511.133s][info][gc,start    ] GC(201) Pause Young (Prepare Mixed) (G1 Evacuation Pause)
[2026-10-07T05:06:09.901+0000][511.133s][info][gc,task     ] GC(201) Using 2 workers of 2 for evacuation
[2026-10-07T05:06:09.911+0000][511.143s][info][gc,phases   ] GC(201)   Pre Evacuate Collection Set: 0.33ms
[2026-10-07T05:06:09.911+0000][511.143s][info][gc,phases   ] GC(201)   Merge Heap Roots: 0.26ms
[2026-10-07T05:06:09.911+0000][511.143s][info][gc,phases   ] GC(201)   Evacuate Collection Set: 7.78ms
[2026-10-07T05:06:09.911+0000][511.143s][info][gc,phases   ] GC(201)   Post Evacuate Collection Set: 1.09ms
[2026-10-07T05:06:09.911+0000][511.143s][info][gc,phases   ] GC(201)   Other: 0.09ms
[2026-10-07T05:06:09.911+0000][511.143s][info][gc,heap     ] GC(201) Eden regions: 19->0(19)
[2026-10-07T05:06:09.911+0000][511.143s][info][gc,heap     ] GC(201) Survivor regions: 2->2(3)
[2026-10-07T05:06:09.911+0000][511.143s][info][gc,heap     ] GC(201) Old regions: 30->30
[2026-10-07T05:06:09.911+0000][511.143s][info][gc,heap     ] GC(201) Humongous regions: 2->2
[2026-10-07T05:06:09.911+0000][511.143s][info][gc,metaspace] GC(201) Metaspace: 74617K(75392K)->74617K(75392K) NonClass: 65242K(65664K)->65242K(65664K) Class: 9374K(9728K)->9374K(9728K)
[2026-10-07T05:06:09.911+0000][511.143s][info][gc          ] GC(201) Pause Young (Prepare Mixed) (G1 Evacuation Pause) 51M->32M(57M) 9.793ms
[2026-10-07T05:06:09.911+0000][511.143s][info][gc,cpu      ] GC(201) User=0.01s Sys=0.00s Real=0.01s
[2026-10-07T05:06:13.304+0000][514.536s][info][gc,start    ] GC(202) Pause Young (Mixed) (G1 Evacuation Pause)
[2026-10-07T05:06:13.304+0000][514.536s][info][gc,task     ] GC(202) Using 2 workers of 2 for evacuation
[2026-10-07T05:06:13.312+0000][514.544s][info][gc,phases   ] GC(202)   Pre Evacuate Collection Set: 0.98ms
[2026-10-07T05:06:13.312+0000][514.544s][info][gc,phases   ] GC(202)   Merge Heap Roots: 0.13ms
[2026-10-07T05:06:13.312+0000][514.544s][info][gc,phases   ] GC(202)   Evacuate Collection Set: 5.46ms
[2026-10-07T05:06:13.312+0000][514.544s][info][gc,phases   ] GC(202)   Post Evacuate Collection Set: 0.69ms
[2026-10-07T05:06:13.312+0000][514.544s][info][gc,phases   ] GC(202)   Other: 0.10ms
[2026-10-07T05:06:13.312+0000][514.544s][info][gc,heap     ] GC(202) Eden regions: 19->0(19)
[2026-10-07T05:06:13.312+0000][514.544s][info][gc,heap     ] GC(202) Survivor regions: 2->2(3)
[2026-10-07T05:06:13.312+0000][514.544s][info][gc,heap     ] GC(202) Old regions: 30->30
[2026-10-07T05:06:13.312+0000][514.544s][info][gc,heap     ] GC(202) Humongous regions: 2->2
[2026-10-07T05:06:13.312+0000][514.544s][info][gc,metaspace] GC(202) Metaspace: 74621K(75392K)->74621K(75392K) NonClass: 65246K(65664K)->65246K(65664K) Class: 9374K(9728K)->9374K(9728K)
[2026-10-07T05:06:13.312+0000][514.544s][info][gc          ] GC(202) Pause Young (Mixed) (G1 Evacuation Pause) 51M->32M(57M) 7.643ms
[2026-10-07T05:06:13.312+0000][514.544s][info][gc,cpu      ] GC(202) User=0.01s Sys=0.00s Real=0.00s
[2026-10-07T05:06:16.923+0000][518.155s][info][gc,start    ] GC(203) Pause Young (Concurrent Start) (G1 Evacuation Pause)
[2026-10-07T05:06:16.923+0000][518.155s][info][gc,task     ] GC(203) Using 2 workers of 2 for evacuation
[2026-10-07T05:06:16.935+0000][518.167s][info][gc,phases   ] GC(203)   Pre Evacuate Collection Set: 0.25ms
[2026-10-07T05:06:16.935+0000][518.167s][info][gc,phases   ] GC(203)   Merge Heap Roots: 1.29ms
[2026-10-07T05:06:16.935+0000][518.167s][info][gc,phases   ] GC(203)   Evacuate Collection Set: 8.13ms
[2026-10-07T05:06:16.935+0000][518.167s][info][gc,phases   ] GC(203)   Post Evacuate Collection Set: 2.10ms
[2026-10-07T05:06:16.935+0000][518.167s][info][gc,phases   ] GC(203)   Other: 0.20ms
[2026-10-07T05:06:16.935+0000][518.167s][info][gc,heap     ] GC(203) Eden regions: 19->0(19)
[2026-10-07T05:06:16.935+0000][518.167s][info][gc,heap     ] GC(203) Survivor regions: 2->2(3)
[2026-10-07T05:06:16.935+0000][518.167s][info][gc,heap     ] GC(203) Old regions: 30->30
[2026-10-07T05:06:16.935+0000][518.167s][info][gc,heap     ] GC(203) Humongous regions: 2->2
[2026-10-07T05:06:16.935+0000][518.167s][info][gc,metaspace] GC(203) Metaspace: 74624K(75392K)->74624K(75392K) NonClass: 65250K(65664K)->65250K(65664K) Class: 9374K(9728K)->9374K(9728K)
[2026-10-07T05:06:16.935+0000][518.167s][info][gc          ] GC(203) Pause Young (Concurrent Start) (G1 Evacuation Pause) 51M->32M(57M) 12.366ms
[2026-10-07T05:06:16.935+0000][518.167s][info][gc,cpu      ] GC(203) User=0.01s Sys=0.00s Real=0.02s
[2026-10-07T05:06:16.935+0000][518.167s][info][gc          ] GC(204) Concurrent Mark Cycle
[2026-10-07T05:06:16.935+0000][518.167s][info][gc,marking  ] GC(204) Concurrent Scan Root Regions
[2026-10-07T05:06:16.955+0000][518.187s][info][gc,marking  ] GC(204) Concurrent Scan Root Regions 19.451ms
[2026-10-07T05:06:16.955+0000][518.187s][info][gc,marking  ] GC(204) Concurrent Mark
[2026-10-07T05:06:16.955+0000][518.187s][info][gc,marking  ] GC(204) Concurrent Mark From Roots
[2026-10-07T05:06:16.955+0000][518.187s][info][gc,task     ] GC(204) Using 1 workers of 1 for marking
[2026-10-07T05:06:17.079+0000][518.311s][info][gc,marking  ] GC(204) Concurrent Mark From Roots 124.519ms
[2026-10-07T05:06:17.079+0000][518.311s][info][gc,marking  ] GC(204) Concurrent Preclean
[2026-10-07T05:06:17.081+0000][518.313s][info][gc,marking  ] GC(204) Concurrent Preclean 1.999ms
[2026-10-07T05:06:17.082+0000][518.314s][info][gc,start    ] GC(204) Pause Remark
[2026-10-07T05:06:17.129+0000][518.361s][info][gc          ] GC(204) Pause Remark 33M->33M(57M) 46.389ms
[2026-10-07T05:06:17.129+0000][518.361s][info][gc,cpu      ] GC(204) User=0.04s Sys=0.00s Real=0.05s
[2026-10-07T05:06:17.132+0000][518.364s][info][gc,marking  ] GC(204) Concurrent Mark 176.931ms
[2026-10-07T05:06:17.132+0000][518.364s][info][gc,marking  ] GC(204) Concurrent Rebuild Remembered Sets and Scrub Regions
[2026-10-07T05:06:17.175+0000][518.407s][info][gc,marking  ] GC(204) Concurrent Rebuild Remembered Sets and Scrub Regions 42.938ms
[2026-10-07T05:06:17.175+0000][518.407s][info][gc,start    ] GC(204) Pause Cleanup
[2026-10-07T05:06:17.175+0000][518.408s][info][gc          ] GC(204) Pause Cleanup 33M->33M(57M) 0.433ms
[2026-10-07T05:06:17.175+0000][518.408s][info][gc,cpu      ] GC(204) User=0.00s Sys=0.00s Real=0.00s
[2026-10-07T05:06:17.176+0000][518.408s][info][gc,marking  ] GC(204) Concurrent Clear Claimed Marks
[2026-10-07T05:06:17.176+0000][518.409s][info][gc,marking  ] GC(204) Concurrent Clear Claimed Marks 0.438ms
[2026-10-07T05:06:17.176+0000][518.409s][info][gc,marking  ] GC(204) Concurrent Cleanup for Next Mark
[2026-10-07T05:06:17.181+0000][518.413s][info][gc,marking  ] GC(204) Concurrent Cleanup for Next Mark 4.512ms
[2026-10-07T05:06:17.181+0000][518.413s][info][gc          ] GC(204) Concurrent Mark Cycle 245.939ms
[2026-10-07T05:06:20.135+0000][521.367s][info][gc,start    ] GC(205) Pause Young (Prepare Mixed) (G1 Evacuation Pause)
[2026-10-07T05:06:20.135+0000][521.367s][info][gc,task     ] GC(205) Using 2 workers of 2 for evacuation
[2026-10-07T05:06:20.143+0000][521.375s][info][gc,phases   ] GC(205)   Pre Evacuate Collection Set: 0.52ms
[2026-10-07T05:06:20.143+0000][521.375s][info][gc,phases   ] GC(205)   Merge Heap Roots: 0.36ms
[2026-10-07T05:06:20.143+0000][521.375s][info][gc,phases   ] GC(205)   Evacuate Collection Set: 6.36ms
[2026-10-07T05:06:20.143+0000][521.375s][info][gc,phases   ] GC(205)   Post Evacuate Collection Set: 0.92ms
[2026-10-07T05:06:20.143+0000][521.375s][info][gc,phases   ] GC(205)   Other: 0.16ms
[2026-10-07T05:06:20.143+0000][521.375s][info][gc,heap     ] GC(205) Eden regions: 19->0(19)
[2026-10-07T05:06:20.143+0000][521.375s][info][gc,heap     ] GC(205) Survivor regions: 2->2(3)
[2026-10-07T05:06:20.143+0000][521.375s][info][gc,heap     ] GC(205) Old regions: 30->30
[2026-10-07T05:06:20.143+0000][521.375s][info][gc,heap     ] GC(205) Humongous regions: 2->2
[2026-10-07T05:06:20.143+0000][521.375s][info][gc,metaspace] GC(205) Metaspace: 74626K(75392K)->74626K(75392K) NonClass: 65251K(65664K)->65251K(65664K) Class: 9374K(9728K)->9374K(9728K)
[2026-10-07T05:06:20.143+0000][521.376s][info][gc          ] GC(205) Pause Young (Prepare Mixed) (G1 Evacuation Pause) 51M->32M(57M) 8.607ms
[2026-10-07T05:06:20.143+0000][521.376s][info][gc,cpu      ] GC(205) User=0.01s Sys=0.00s Real=0.00s
[2026-10-07T05:06:23.965+0000][525.197s][info][gc,start    ] GC(206) Pause Young (Mixed) (G1 Evacuation Pause)
[2026-10-07T05:06:23.965+0000][525.197s][info][gc,task     ] GC(206) Using 2 workers of 2 for evacuation
[2026-10-07T05:06:23.976+0000][525.208s][info][gc,phases   ] GC(206)   Pre Evacuate Collection Set: 0.26ms
[2026-10-07T05:06:23.976+0000][525.208s][info][gc,phases   ] GC(206)   Merge Heap Roots: 0.12ms
[2026-10-07T05:06:23.976+0000][525.208s][info][gc,phases   ] GC(206)   Evacuate Collection Set: 9.31ms
[2026-10-07T05:06:23.976+0000][525.208s][info][gc,phases   ] GC(206)   Post Evacuate Collection Set: 1.20ms
[2026-10-07T05:06:23.976+0000][525.208s][info][gc,phases   ] GC(206)   Other: 0.08ms
[2026-10-07T05:06:23.976+0000][525.208s][info][gc,heap     ] GC(206) Eden regions: 19->0(19)
[2026-10-07T05:06:23.976+0000][525.208s][info][gc,heap     ] GC(206) Survivor regions: 2->2(3)
[2026-10-07T05:06:23.976+0000][525.208s][info][gc,heap     ] GC(206) Old regions: 30->30
[2026-10-07T05:06:23.976+0000][525.208s][info][gc,heap     ] GC(206) Humongous regions: 2->2
[2026-10-07T05:06:23.976+0000][525.208s][info][gc,metaspace] GC(206) Metaspace: 74626K(75392K)->74626K(75392K) NonClass: 65251K(65664K)->65251K(65664K) Class: 9374K(9728K)->9374K(9728K)
[2026-10-07T05:06:23.976+0000][525.208s][info][gc          ] GC(206) Pause Young (Mixed) (G1 Evacuation Pause) 51M->32M(57M) 11.501ms
[2026-10-07T05:06:23.976+0000][525.208s][info][gc,cpu      ] GC(206) User=0.02s Sys=0.00s Real=0.01s
[2026-10-07T05:06:27.811+0000][529.044s][info][gc,start    ] GC(207) Pause Young (Concurrent Start) (G1 Evacuation Pause)
[2026-10-07T05:06:27.811+0000][529.044s][info][gc,task     ] GC(207) Using 2 workers of 2 for evacuation
[2026-10-07T05:06:27.819+0000][529.052s][info][gc,phases   ] GC(207)   Pre Evacuate Collection Set: 0.99ms
[2026-10-07T05:06:27.819+0000][529.052s][info][gc,phases   ] GC(207)   Merge Heap Roots: 0.12ms
[2026-10-07T05:06:27.819+0000][529.052s][info][gc,phases   ] GC(207)   Evacuate Collection Set: 4.81ms
[2026-10-07T05:06:27.819+0000][529.052s][info][gc,phases   ] GC(207)   Post Evacuate Collection Set: 0.85ms
[2026-10-07T05:06:27.819+0000][529.052s][info][gc,phases   ] GC(207)   Other: 1.13ms
[2026-10-07T05:06:27.819+0000][529.052s][info][gc,heap     ] GC(207) Eden regions: 19->0(19)
[2026-10-07T05:06:27.819+0000][529.052s][info][gc,heap     ] GC(207) Survivor regions: 2->2(3)
[2026-10-07T05:06:27.819+0000][529.052s][info][gc,heap     ] GC(207) Old regions: 30->30
[2026-10-07T05:06:27.820+0000][529.052s][info][gc,heap     ] GC(207) Humongous regions: 2->2
[2026-10-07T05:06:27.820+0000][529.052s][info][gc,metaspace] GC(207) Metaspace: 74626K(75392K)->74626K(75392K) NonClass: 65251K(65664K)->65251K(65664K) Class: 9374K(9728K)->9374K(9728K)
[2026-10-07T05:06:27.820+0000][529.052s][info][gc          ] GC(207) Pause Young (Concurrent Start) (G1 Evacuation Pause) 51M->32M(57M) 8.239ms
[2026-10-07T05:06:27.820+0000][529.052s][info][gc          ] GC(208) Concurrent Mark Cycle
[2026-10-07T05:06:27.820+0000][529.052s][info][gc,marking  ] GC(208) Concurrent Scan Root Regions
[2026-10-07T05:06:27.820+0000][529.052s][info][gc,cpu      ] GC(207) User=0.01s Sys=0.00s Real=0.01s
[2026-10-07T05:06:27.829+0000][529.061s][info][gc,marking  ] GC(208) Concurrent Scan Root Regions 8.957ms
[2026-10-07T05:06:27.829+0000][529.061s][info][gc,marking  ] GC(208) Concurrent Mark
[2026-10-07T05:06:27.829+0000][529.061s][info][gc,marking  ] GC(208) Concurrent Mark From Roots
[2026-10-07T05:06:27.829+0000][529.061s][info][gc,task     ] GC(208) Using 1 workers of 1 for marking
[2026-10-07T05:06:27.919+0000][529.151s][info][gc,marking  ] GC(208) Concurrent Mark From Roots 89.601ms
[2026-10-07T05:06:27.919+0000][529.151s][info][gc,marking  ] GC(208) Concurrent Preclean
[2026-10-07T05:06:27.919+0000][529.151s][info][gc,marking  ] GC(208) Concurrent Preclean 0.163ms
[2026-10-07T05:06:27.920+0000][529.152s][info][gc,start    ] GC(208) Pause Remark
[2026-10-07T05:06:27.945+0000][529.177s][info][gc          ] GC(208) Pause Remark 33M->33M(57M) 25.029ms
[2026-10-07T05:06:27.945+0000][529.177s][info][gc,cpu      ] GC(208) User=0.03s Sys=0.00s Real=0.03s
[2026-10-07T05:06:27.948+0000][529.181s][info][gc,marking  ] GC(208) Concurrent Mark 119.378ms
[2026-10-07T05:06:27.948+0000][529.181s][info][gc,marking  ] GC(208) Concurrent Rebuild Remembered Sets and Scrub Regions
[2026-10-07T05:06:27.984+0000][529.216s][info][gc,marking  ] GC(208) Concurrent Rebuild Remembered Sets and Scrub Regions 35.340ms
[2026-10-07T05:06:27.984+0000][529.216s][info][gc,start    ] GC(208) Pause Cleanup
[2026-10-07T05:06:27.985+0000][529.217s][info][gc          ] GC(208) Pause Cleanup 33M->33M(57M) 0.615ms
[2026-10-07T05:06:27.985+0000][529.217s][info][gc,cpu      ] GC(208) User=0.00s Sys=0.00s Real=0.00s
[2026-10-07T05:06:27.986+0000][529.219s][info][gc,marking  ] GC(208) Concurrent Clear Claimed Marks
[2026-10-07T05:06:27.987+0000][529.219s][info][gc,marking  ] GC(208) Concurrent Clear Claimed Marks 0.175ms
[2026-10-07T05:06:27.987+0000][529.219s][info][gc,marking  ] GC(208) Concurrent Cleanup for Next Mark
[2026-10-07T05:06:27.987+0000][529.219s][info][gc,marking  ] GC(208) Concurrent Cleanup for Next Mark 0.390ms
[2026-10-07T05:06:27.987+0000][529.219s][info][gc          ] GC(208) Concurrent Mark Cycle 167.230ms
[2026-10-07T05:06:31.311+0000][532.544s][info][gc,start    ] GC(209) Pause Young (Prepare Mixed) (G1 Evacuation Pause)
[2026-10-07T05:06:31.311+0000][532.544s][info][gc,task     ] GC(209) Using 2 workers of 2 for evacuation
[2026-10-07T05:06:31.319+0000][532.551s][info][gc,phases   ] GC(209)   Pre Evacuate Collection Set: 0.21ms
[2026-10-07T05:06:31.319+0000][532.551s][info][gc,phases   ] GC(209)   Merge Heap Roots: 0.31ms
[2026-10-07T05:06:31.319+0000][532.551s][info][gc,phases   ] GC(209)   Evacuate Collection Set: 6.04ms
[2026-10-07T05:06:31.319+0000][532.551s][info][gc,phases   ] GC(209)   Post Evacuate Collection Set: 0.70ms
[2026-10-07T05:06:31.319+0000][532.551s][info][gc,phases   ] GC(209)   Other: 0.08ms
[2026-10-07T05:06:31.319+0000][532.551s][info][gc,heap     ] GC(209) Eden regions: 19->0(19)
[2026-10-07T05:06:31.319+0000][532.551s][info][gc,heap     ] GC(209) Survivor regions: 2->2(3)
[2026-10-07T05:06:31.319+0000][532.551s][info][gc,heap     ] GC(209) Old regions: 30->30
[2026-10-07T05:06:31.319+0000][532.551s][info][gc,heap     ] GC(209) Humongous regions: 2->2
[2026-10-07T05:06:31.319+0000][532.551s][info][gc,metaspace] GC(209) Metaspace: 74626K(75392K)->74626K(75392K) NonClass: 65252K(65664K)->65252K(65664K) Class: 9374K(9728K)->9374K(9728K)
[2026-10-07T05:06:31.319+0000][532.551s][info][gc          ] GC(209) Pause Young (Prepare Mixed) (G1 Evacuation Pause) 51M->32M(57M) 7.554ms
[2026-10-07T05:06:31.319+0000][532.551s][info][gc,cpu      ] GC(209) User=0.01s Sys=0.00s Real=0.01s
[2026-10-07T05:06:34.873+0000][536.105s][info][gc,start    ] GC(210) Pause Young (Mixed) (G1 Evacuation Pause)
[2026-10-07T05:06:34.873+0000][536.105s][info][gc,task     ] GC(210) Using 2 workers of 2 for evacuation
[2026-10-07T05:06:34.884+0000][536.116s][info][gc,phases   ] GC(210)   Pre Evacuate Collection Set: 0.47ms
[2026-10-07T05:06:34.884+0000][536.116s][info][gc,phases   ] GC(210)   Merge Heap Roots: 0.55ms
[2026-10-07T05:06:34.884+0000][536.116s][info][gc,phases   ] GC(210)   Evacuate Collection Set: 8.77ms
[2026-10-07T05:06:34.884+0000][536.116s][info][gc,phases   ] GC(210)   Post Evacuate Collection Set: 0.88ms
[2026-10-07T05:06:34.884+0000][536.116s][info][gc,phases   ] GC(210)   Other: 0.08ms
[2026-10-07T05:06:34.884+0000][536.116s][info][gc,heap     ] GC(210) Eden regions: 19->0(19)
[2026-10-07T05:06:34.884+0000][536.116s][info][gc,heap     ] GC(210) Survivor regions: 2->2(3)
[2026-10-07T05:06:34.884+0000][536.116s][info][gc,heap     ] GC(210) Old regions: 30->30
[2026-10-07T05:06:34.884+0000][536.116s][info][gc,heap     ] GC(210) Humongous regions: 2->2
[2026-10-07T05:06:34.884+0000][536.116s][info][gc,metaspace] GC(210) Metaspace: 74631K(75392K)->74631K(75392K) NonClass: 65256K(65664K)->65256K(65664K) Class: 9374K(9728K)->9374K(9728K)
[2026-10-07T05:06:34.884+0000][536.116s][info][gc          ] GC(210) Pause Young (Mixed) (G1 Evacuation Pause) 51M->32M(57M) 11.023ms
[2026-10-07T05:06:34.884+0000][536.116s][info][gc,cpu      ] GC(210) User=0.01s Sys=0.00s Real=0.02s
[2026-10-07T05:06:38.628+0000][539.860s][info][gc,start    ] GC(211) Pause Young (Concurrent Start) (G1 Evacuation Pause)
[2026-10-07T05:06:38.628+0000][539.860s][info][gc,task     ] GC(211) Using 2 workers of 2 for evacuation
[2026-10-07T05:06:38.636+0000][539.869s][info][gc,phases   ] GC(211)   Pre Evacuate Collection Set: 0.27ms
[2026-10-07T05:06:38.636+0000][539.869s][info][gc,phases   ] GC(211)   Merge Heap Roots: 0.66ms
[2026-10-07T05:06:38.636+0000][539.869s][info][gc,phases   ] GC(211)   Evacuate Collection Set: 6.54ms
[2026-10-07T05:06:38.636+0000][539.869s][info][gc,phases   ] GC(211)   Post Evacuate Collection Set: 1.00ms
[2026-10-07T05:06:38.636+0000][539.869s][info][gc,phases   ] GC(211)   Other: 0.19ms
[2026-10-07T05:06:38.636+0000][539.869s][info][gc,heap     ] GC(211) Eden regions: 19->0(19)
[2026-10-07T05:06:38.636+0000][539.869s][info][gc,heap     ] GC(211) Survivor regions: 2->2(3)
[2026-10-07T05:06:38.636+0000][539.869s][info][gc,heap     ] GC(211) Old regions: 30->30
[2026-10-07T05:06:38.636+0000][539.869s][info][gc,heap     ] GC(211) Humongous regions: 2->2
[2026-10-07T05:06:38.637+0000][539.870s][info][gc,metaspace] GC(211) Metaspace: 74632K(75392K)->74632K(75392K) NonClass: 65257K(65664K)->65257K(65664K) Class: 9374K(9728K)->9374K(9728K)
[2026-10-07T05:06:38.637+0000][539.870s][info][gc          ] GC(211) Pause Young (Concurrent Start) (G1 Evacuation Pause) 51M->32M(57M) 9.906ms
[2026-10-07T05:06:38.638+0000][539.870s][info][gc          ] GC(212) Concurrent Mark Cycle
[2026-10-07T05:06:38.638+0000][539.870s][info][gc,marking  ] GC(212) Concurrent Scan Root Regions
[2026-10-07T05:06:38.638+0000][539.870s][info][gc,cpu      ] GC(211) User=0.01s Sys=0.00s Real=0.01s
[2026-10-07T05:06:38.650+0000][539.882s][info][gc,marking  ] GC(212) Concurrent Scan Root Regions 12.391ms
[2026-10-07T05:06:38.650+0000][539.882s][info][gc,marking  ] GC(212) Concurrent Mark
[2026-10-07T05:06:38.650+0000][539.882s][info][gc,marking  ] GC(212) Concurrent Mark From Roots
[2026-10-07T05:06:38.650+0000][539.882s][info][gc,task     ] GC(212) Using 1 workers of 1 for marking
[2026-10-07T05:06:38.750+0000][539.982s][info][gc,marking  ] GC(212) Concurrent Mark From Roots 99.833ms
[2026-10-07T05:06:38.750+0000][539.982s][info][gc,marking  ] GC(212) Concurrent Preclean
[2026-10-07T05:06:38.750+0000][539.983s][info][gc,marking  ] GC(212) Concurrent Preclean 0.396ms
[2026-10-07T05:06:38.751+0000][539.984s][info][gc,start    ] GC(212) Pause Remark
[2026-10-07T05:06:38.790+0000][540.022s][info][gc          ] GC(212) Pause Remark 34M->34M(57M) 39.021ms
[2026-10-07T05:06:38.790+0000][540.023s][info][gc,cpu      ] GC(212) User=0.03s Sys=0.00s Real=0.04s
[2026-10-07T05:06:38.791+0000][540.023s][info][gc,marking  ] GC(212) Concurrent Mark 140.485ms
[2026-10-07T05:06:38.793+0000][540.025s][info][gc,marking  ] GC(212) Concurrent Rebuild Remembered Sets and Scrub Regions
[2026-10-07T05:06:38.862+0000][540.094s][info][gc,marking  ] GC(212) Concurrent Rebuild Remembered Sets and Scrub Regions 68.963ms
[2026-10-07T05:06:38.863+0000][540.095s][info][gc,start    ] GC(212) Pause Cleanup
[2026-10-07T05:06:38.864+0000][540.096s][info][gc          ] GC(212) Pause Cleanup 34M->34M(57M) 0.867ms
[2026-10-07T05:06:38.864+0000][540.096s][info][gc,cpu      ] GC(212) User=0.00s Sys=0.00s Real=0.01s
[2026-10-07T05:06:38.865+0000][540.097s][info][gc,marking  ] GC(212) Concurrent Clear Claimed Marks
[2026-10-07T05:06:38.865+0000][540.098s][info][gc,marking  ] GC(212) Concurrent Clear Claimed Marks 0.165ms
[2026-10-07T05:06:38.865+0000][540.098s][info][gc,marking  ] GC(212) Concurrent Cleanup for Next Mark
[2026-10-07T05:06:38.866+0000][540.099s][info][gc,marking  ] GC(212) Concurrent Cleanup for Next Mark 0.931ms
[2026-10-07T05:06:38.867+0000][540.099s][info][gc          ] GC(212) Concurrent Mark Cycle 229.126ms
[2026-10-07T05:06:42.179+0000][543.411s][info][gc,start    ] GC(213) Pause Young (Prepare Mixed) (G1 Evacuation Pause)
[2026-10-07T05:06:42.179+0000][543.411s][info][gc,task     ] GC(213) Using 2 workers of 2 for evacuation
[2026-10-07T05:06:42.186+0000][543.418s][info][gc,phases   ] GC(213)   Pre Evacuate Collection Set: 1.21ms
[2026-10-07T05:06:42.186+0000][543.418s][info][gc,phases   ] GC(213)   Merge Heap Roots: 0.26ms
[2026-10-07T05:06:42.186+0000][543.418s][info][gc,phases   ] GC(213)   Evacuate Collection Set: 4.80ms
[2026-10-07T05:06:42.186+0000][543.418s][info][gc,phases   ] GC(213)   Post Evacuate Collection Set: 0.65ms
[2026-10-07T05:06:42.186+0000][543.418s][info][gc,phases   ] GC(213)   Other: 0.13ms
[2026-10-07T05:06:42.186+0000][543.418s][info][gc,heap     ] GC(213) Eden regions: 19->0(19)
[2026-10-07T05:06:42.186+0000][543.418s][info][gc,heap     ] GC(213) Survivor regions: 2->2(3)
[2026-10-07T05:06:42.188+0000][543.420s][info][gc,heap     ] GC(213) Old regions: 30->30
[2026-10-07T05:06:42.188+0000][543.420s][info][gc,heap     ] GC(213) Humongous regions: 2->2
[2026-10-07T05:06:42.188+0000][543.420s][info][gc,metaspace] GC(213) Metaspace: 74633K(75392K)->74633K(75392K) NonClass: 65259K(65664K)->65259K(65664K) Class: 9374K(9728K)->9374K(9728K)
[2026-10-07T05:06:42.188+0000][543.420s][info][gc          ] GC(213) Pause Young (Prepare Mixed) (G1 Evacuation Pause) 51M->33M(57M) 9.055ms
[2026-10-07T05:06:42.188+0000][543.420s][info][gc,cpu      ] GC(213) User=0.01s Sys=0.00s Real=0.01s
[2026-10-07T05:06:46.065+0000][547.297s][info][gc,start    ] GC(214) Pause Young (Mixed) (G1 Evacuation Pause)
[2026-10-07T05:06:46.065+0000][547.297s][info][gc,task     ] GC(214) Using 2 workers of 2 for evacuation
[2026-10-07T05:06:46.078+0000][547.311s][info][gc,phases   ] GC(214)   Pre Evacuate Collection Set: 0.52ms
[2026-10-07T05:06:46.078+0000][547.311s][info][gc,phases   ] GC(214)   Merge Heap Roots: 1.42ms
[2026-10-07T05:06:46.078+0000][547.311s][info][gc,phases   ] GC(214)   Evacuate Collection Set: 10.10ms
[2026-10-07T05:06:46.078+0000][547.311s][info][gc,phases   ] GC(214)   Post Evacuate Collection Set: 1.35ms
[2026-10-07T05:06:46.078+0000][547.311s][info][gc,phases   ] GC(214)   Other: 0.08ms
[2026-10-07T05:06:46.078+0000][547.311s][info][gc,heap     ] GC(214) Eden regions: 19->0(19)
[2026-10-07T05:06:46.078+0000][547.311s][info][gc,heap     ] GC(214) Survivor regions: 2->2(3)
[2026-10-07T05:06:46.078+0000][547.311s][info][gc,heap     ] GC(214) Old regions: 30->30
[2026-10-07T05:06:46.078+0000][547.311s][info][gc,heap     ] GC(214) Humongous regions: 2->2
[2026-10-07T05:06:46.078+0000][547.311s][info][gc,metaspace] GC(214) Metaspace: 74634K(75392K)->74634K(75392K) NonClass: 65259K(65664K)->65259K(65664K) Class: 9374K(9728K)->9374K(9728K)
[2026-10-07T05:06:46.078+0000][547.311s][info][gc          ] GC(214) Pause Young (Mixed) (G1 Evacuation Pause) 52M->32M(57M) 13.701ms
[2026-10-07T05:06:46.079+0000][547.311s][info][gc,cpu      ] GC(214) User=0.02s Sys=0.00s Real=0.01s
[2026-10-07T05:06:49.391+0000][550.624s][info][gc,start    ] GC(215) Pause Young (Concurrent Start) (G1 Evacuation Pause)
[2026-10-07T05:06:49.392+0000][550.624s][info][gc,task     ] GC(215) Using 2 workers of 2 for evacuation
[2026-10-07T05:06:49.401+0000][550.633s][info][gc,phases   ] GC(215)   Pre Evacuate Collection Set: 0.52ms
[2026-10-07T05:06:49.401+0000][550.633s][info][gc,phases   ] GC(215)   Merge Heap Roots: 0.11ms
[2026-10-07T05:06:49.401+0000][550.633s][info][gc,phases   ] GC(215)   Evacuate Collection Set: 7.16ms
[2026-10-07T05:06:49.401+0000][550.633s][info][gc,phases   ] GC(215)   Post Evacuate Collection Set: 0.92ms
[2026-10-07T05:06:49.401+0000][550.633s][info][gc,phases   ] GC(215)   Other: 0.68ms
[2026-10-07T05:06:49.401+0000][550.633s][info][gc,heap     ] GC(215) Eden regions: 19->0(19)
[2026-10-07T05:06:49.401+0000][550.633s][info][gc,heap     ] GC(215) Survivor regions: 2->2(3)
[2026-10-07T05:06:49.401+0000][550.633s][info][gc,heap     ] GC(215) Old regions: 30->30
[2026-10-07T05:06:49.401+0000][550.633s][info][gc,heap     ] GC(215) Humongous regions: 2->2
[2026-10-07T05:06:49.401+0000][550.633s][info][gc,metaspace] GC(215) Metaspace: 74634K(75392K)->74634K(75392K) NonClass: 65259K(65664K)->65259K(65664K) Class: 9374K(9728K)->9374K(9728K)
[2026-10-07T05:06:49.401+0000][550.633s][info][gc          ] GC(215) Pause Young (Concurrent Start) (G1 Evacuation Pause) 51M->33M(57M) 9.695ms
[2026-10-07T05:06:49.401+0000][550.634s][info][gc          ] GC(216) Concurrent Mark Cycle
[2026-10-07T05:06:49.401+0000][550.634s][info][gc,marking  ] GC(216) Concurrent Scan Root Regions
[2026-10-07T05:06:49.402+0000][550.634s][info][gc,cpu      ] GC(215) User=0.01s Sys=0.00s Real=0.01s
[2026-10-07T05:06:49.407+0000][550.640s][info][gc,marking  ] GC(216) Concurrent Scan Root Regions 5.929ms
[2026-10-07T05:06:49.407+0000][550.640s][info][gc,marking  ] GC(216) Concurrent Mark
[2026-10-07T05:06:49.407+0000][550.640s][info][gc,marking  ] GC(216) Concurrent Mark From Roots
[2026-10-07T05:06:49.407+0000][550.640s][info][gc,task     ] GC(216) Using 1 workers of 1 for marking
[2026-10-07T05:06:49.503+0000][550.736s][info][gc,marking  ] GC(216) Concurrent Mark From Roots 95.943ms
[2026-10-07T05:06:49.503+0000][550.736s][info][gc,marking  ] GC(216) Concurrent Preclean
[2026-10-07T05:06:49.504+0000][550.736s][info][gc,marking  ] GC(216) Concurrent Preclean 0.566ms
[2026-10-07T05:06:49.505+0000][550.737s][info][gc,start    ] GC(216) Pause Remark
[2026-10-07T05:06:49.540+0000][550.773s][info][gc          ] GC(216) Pause Remark 33M->33M(57M) 35.274ms
[2026-10-07T05:06:49.540+0000][550.773s][info][gc,cpu      ] GC(216) User=0.06s Sys=0.00s Real=0.03s
[2026-10-07T05:06:49.541+0000][550.773s][info][gc,marking  ] GC(216) Concurrent Mark 133.735ms
[2026-10-07T05:06:49.541+0000][550.773s][info][gc,marking  ] GC(216) Concurrent Rebuild Remembered Sets and Scrub Regions
[2026-10-07T05:06:49.600+0000][550.832s][info][gc,marking  ] GC(216) Concurrent Rebuild Remembered Sets and Scrub Regions 58.882ms
[2026-10-07T05:06:49.600+0000][550.832s][info][gc,start    ] GC(216) Pause Cleanup
[2026-10-07T05:06:49.600+0000][550.833s][info][gc          ] GC(216) Pause Cleanup 34M->34M(57M) 0.203ms
[2026-10-07T05:06:49.601+0000][550.833s][info][gc,cpu      ] GC(216) User=0.00s Sys=0.00s Real=0.00s
[2026-10-07T05:06:49.601+0000][550.833s][info][gc,marking  ] GC(216) Concurrent Clear Claimed Marks
[2026-10-07T05:06:49.602+0000][550.834s][info][gc,marking  ] GC(216) Concurrent Clear Claimed Marks 1.566ms
[2026-10-07T05:06:49.602+0000][550.835s][info][gc,marking  ] GC(216) Concurrent Cleanup for Next Mark
[2026-10-07T05:06:49.603+0000][550.835s][info][gc,marking  ] GC(216) Concurrent Cleanup for Next Mark 0.708ms
[2026-10-07T05:06:49.603+0000][550.836s][info][gc          ] GC(216) Concurrent Mark Cycle 201.950ms
[2026-10-07T05:06:53.111+0000][554.343s][info][gc,start    ] GC(217) Pause Young (Prepare Mixed) (G1 Evacuation Pause)
[2026-10-07T05:06:53.111+0000][554.343s][info][gc,task     ] GC(217) Using 2 workers of 2 for evacuation
[2026-10-07T05:06:53.121+0000][554.353s][info][gc,phases   ] GC(217)   Pre Evacuate Collection Set: 0.30ms
[2026-10-07T05:06:53.121+0000][554.353s][info][gc,phases   ] GC(217)   Merge Heap Roots: 0.15ms
[2026-10-07T05:06:53.121+0000][554.353s][info][gc,phases   ] GC(217)   Evacuate Collection Set: 8.85ms
[2026-10-07T05:06:53.121+0000][554.353s][info][gc,phases   ] GC(217)   Post Evacuate Collection Set: 0.72ms
[2026-10-07T05:06:53.121+0000][554.353s][info][gc,phases   ] GC(217)   Other: 0.13ms
[2026-10-07T05:06:53.121+0000][554.353s][info][gc,heap     ] GC(217) Eden regions: 19->0(19)
[2026-10-07T05:06:53.121+0000][554.353s][info][gc,heap     ] GC(217) Survivor regions: 2->2(3)
[2026-10-07T05:06:53.121+0000][554.353s][info][gc,heap     ] GC(217) Old regions: 30->30
[2026-10-07T05:06:53.121+0000][554.353s][info][gc,heap     ] GC(217) Humongous regions: 2->2
[2026-10-07T05:06:53.121+0000][554.353s][info][gc,metaspace] GC(217) Metaspace: 74539K(75392K)->74539K(75392K) NonClass: 65190K(65664K)->65190K(65664K) Class: 9348K(9728K)->9348K(9728K)
[2026-10-07T05:06:53.121+0000][554.353s][info][gc          ] GC(217) Pause Young (Prepare Mixed) (G1 Evacuation Pause) 52M->33M(57M) 10.375ms
[2026-10-07T05:06:53.121+0000][554.353s][info][gc,cpu      ] GC(217) User=0.01s Sys=0.00s Real=0.01s
[2026-10-07T05:06:56.588+0000][557.820s][info][gc,start    ] GC(218) Pause Young (Mixed) (G1 Evacuation Pause)
[2026-10-07T05:06:56.588+0000][557.820s][info][gc,task     ] GC(218) Using 2 workers of 2 for evacuation
[2026-10-07T05:06:56.598+0000][557.830s][info][gc,phases   ] GC(218)   Pre Evacuate Collection Set: 0.56ms
[2026-10-07T05:06:56.598+0000][557.830s][info][gc,phases   ] GC(218)   Merge Heap Roots: 0.33ms
[2026-10-07T05:06:56.598+0000][557.830s][info][gc,phases   ] GC(218)   Evacuate Collection Set: 8.07ms
[2026-10-07T05:06:56.598+0000][557.830s][info][gc,phases   ] GC(218)   Post Evacuate Collection Set: 0.83ms
[2026-10-07T05:06:56.598+0000][557.830s][info][gc,phases   ] GC(218)   Other: 0.09ms
[2026-10-07T05:06:56.598+0000][557.830s][info][gc,heap     ] GC(218) Eden regions: 19->0(19)
[2026-10-07T05:06:56.598+0000][557.830s][info][gc,heap     ] GC(218) Survivor regions: 2->2(3)
[2026-10-07T05:06:56.598+0000][557.830s][info][gc,heap     ] GC(218) Old regions: 30->30
[2026-10-07T05:06:56.598+0000][557.830s][info][gc,heap     ] GC(218) Humongous regions: 2->2
[2026-10-07T05:06:56.598+0000][557.830s][info][gc,metaspace] GC(218) Metaspace: 74548K(75392K)->74548K(75392K) NonClass: 65200K(65664K)->65200K(65664K) Class: 9348K(9728K)->9348K(9728K)
[2026-10-07T05:06:56.600+0000][557.832s][info][gc          ] GC(218) Pause Young (Mixed) (G1 Evacuation Pause) 52M->32M(57M) 11.476ms
[2026-10-07T05:06:56.600+0000][557.832s][info][gc,cpu      ] GC(218) User=0.01s Sys=0.01s Real=0.01s
[2026-10-07T05:06:59.889+0000][561.121s][info][gc,start    ] GC(219) Pause Young (Concurrent Start) (G1 Evacuation Pause)
[2026-10-07T05:06:59.889+0000][561.121s][info][gc,task     ] GC(219) Using 2 workers of 2 for evacuation
[2026-10-07T05:06:59.897+0000][561.130s][info][gc,phases   ] GC(219)   Pre Evacuate Collection Set: 0.41ms
[2026-10-07T05:06:59.897+0000][561.130s][info][gc,phases   ] GC(219)   Merge Heap Roots: 0.59ms
[2026-10-07T05:06:59.897+0000][561.130s][info][gc,phases   ] GC(219)   Evacuate Collection Set: 6.40ms
[2026-10-07T05:06:59.897+0000][561.130s][info][gc,phases   ] GC(219)   Post Evacuate Collection Set: 0.67ms
[2026-10-07T05:06:59.897+0000][561.130s][info][gc,phases   ] GC(219)   Other: 0.24ms
[2026-10-07T05:06:59.897+0000][561.130s][info][gc,heap     ] GC(219) Eden regions: 19->0(19)
[2026-10-07T05:06:59.898+0000][561.130s][info][gc,heap     ] GC(219) Survivor regions: 2->2(3)
[2026-10-07T05:06:59.898+0000][561.130s][info][gc,heap     ] GC(219) Old regions: 30->30
[2026-10-07T05:06:59.898+0000][561.130s][info][gc,heap     ] GC(219) Humongous regions: 2->2
[2026-10-07T05:06:59.898+0000][561.130s][info][gc,metaspace] GC(219) Metaspace: 74552K(75392K)->74552K(75392K) NonClass: 65203K(65664K)->65203K(65664K) Class: 9348K(9728K)->9348K(9728K)
[2026-10-07T05:06:59.898+0000][561.130s][info][gc          ] GC(219) Pause Young (Concurrent Start) (G1 Evacuation Pause) 51M->33M(57M) 8.687ms
[2026-10-07T05:06:59.898+0000][561.130s][info][gc          ] GC(220) Concurrent Mark Cycle
[2026-10-07T05:06:59.898+0000][561.130s][info][gc,marking  ] GC(220) Concurrent Scan Root Regions
[2026-10-07T05:06:59.898+0000][561.130s][info][gc,cpu      ] GC(219) User=0.01s Sys=0.00s Real=0.01s
[2026-10-07T05:06:59.906+0000][561.139s][info][gc,marking  ] GC(220) Concurrent Scan Root Regions 8.620ms
[2026-10-07T05:06:59.906+0000][561.139s][info][gc,marking  ] GC(220) Concurrent Mark
[2026-10-07T05:06:59.906+0000][561.139s][info][gc,marking  ] GC(220) Concurrent Mark From Roots
[2026-10-07T05:06:59.906+0000][561.139s][info][gc,task     ] GC(220) Using 1 workers of 1 for marking
[2026-10-07T05:07:00.024+0000][561.256s][info][gc,marking  ] GC(220) Concurrent Mark From Roots 117.315ms
[2026-10-07T05:07:00.024+0000][561.256s][info][gc,marking  ] GC(220) Concurrent Preclean
[2026-10-07T05:07:00.025+0000][561.258s][info][gc,marking  ] GC(220) Concurrent Preclean 1.105ms
[2026-10-07T05:07:00.026+0000][561.258s][info][gc,start    ] GC(220) Pause Remark
[2026-10-07T05:07:00.062+0000][561.294s][info][gc          ] GC(220) Pause Remark 34M->34M(57M) 36.164ms
[2026-10-07T05:07:00.062+0000][561.294s][info][gc,cpu      ] GC(220) User=0.06s Sys=0.00s Real=0.03s
[2026-10-07T05:07:00.076+0000][561.308s][info][gc,marking  ] GC(220) Concurrent Mark 169.196ms
[2026-10-07T05:07:00.076+0000][561.308s][info][gc,marking  ] GC(220) Concurrent Rebuild Remembered Sets and Scrub Regions
[2026-10-07T05:07:00.146+0000][561.379s][info][gc,marking  ] GC(220) Concurrent Rebuild Remembered Sets and Scrub Regions 70.783ms
[2026-10-07T05:07:00.147+0000][561.379s][info][gc,start    ] GC(220) Pause Cleanup
[2026-10-07T05:07:00.147+0000][561.379s][info][gc          ] GC(220) Pause Cleanup 34M->34M(57M) 0.188ms
[2026-10-07T05:07:00.147+0000][561.379s][info][gc,cpu      ] GC(220) User=0.00s Sys=0.00s Real=0.00s
[2026-10-07T05:07:00.147+0000][561.379s][info][gc,marking  ] GC(220) Concurrent Clear Claimed Marks
[2026-10-07T05:07:00.147+0000][561.379s][info][gc,marking  ] GC(220) Concurrent Clear Claimed Marks 0.120ms
[2026-10-07T05:07:00.147+0000][561.379s][info][gc,marking  ] GC(220) Concurrent Cleanup for Next Mark
[2026-10-07T05:07:00.148+0000][561.380s][info][gc,marking  ] GC(220) Concurrent Cleanup for Next Mark 0.493ms
[2026-10-07T05:07:00.152+0000][561.384s][info][gc          ] GC(220) Concurrent Mark Cycle 254.053ms
[2026-10-07T05:07:03.520+0000][564.752s][info][gc,start    ] GC(221) Pause Young (Prepare Mixed) (G1 Evacuation Pause)
[2026-10-07T05:07:03.520+0000][564.752s][info][gc,task     ] GC(221) Using 2 workers of 2 for evacuation
[2026-10-07T05:07:03.527+0000][564.760s][info][gc,phases   ] GC(221)   Pre Evacuate Collection Set: 0.23ms
[2026-10-07T05:07:03.527+0000][564.760s][info][gc,phases   ] GC(221)   Merge Heap Roots: 0.28ms
[2026-10-07T05:07:03.527+0000][564.760s][info][gc,phases   ] GC(221)   Evacuate Collection Set: 6.14ms
[2026-10-07T05:07:03.527+0000][564.760s][info][gc,phases   ] GC(221)   Post Evacuate Collection Set: 0.94ms
[2026-10-07T05:07:03.527+0000][564.760s][info][gc,phases   ] GC(221)   Other: 0.08ms
[2026-10-07T05:07:03.527+0000][564.760s][info][gc,heap     ] GC(221) Eden regions: 19->0(19)
[2026-10-07T05:07:03.528+0000][564.760s][info][gc,heap     ] GC(221) Survivor regions: 2->2(3)
[2026-10-07T05:07:03.528+0000][564.760s][info][gc,heap     ] GC(221) Old regions: 30->30
[2026-10-07T05:07:03.528+0000][564.760s][info][gc,heap     ] GC(221) Humongous regions: 2->2
[2026-10-07T05:07:03.528+0000][564.760s][info][gc,metaspace] GC(221) Metaspace: 74442K(75392K)->74442K(75392K) NonClass: 65125K(65664K)->65125K(65664K) Class: 9317K(9728K)->9317K(9728K)
[2026-10-07T05:07:03.528+0000][564.760s][info][gc          ] GC(221) Pause Young (Prepare Mixed) (G1 Evacuation Pause) 52M->33M(57M) 7.976ms
[2026-10-07T05:07:03.528+0000][564.760s][info][gc,cpu      ] GC(221) User=0.01s Sys=0.00s Real=0.01s
[2026-10-07T05:07:06.930+0000][568.162s][info][gc,start    ] GC(222) Pause Young (Mixed) (G1 Evacuation Pause)
[2026-10-07T05:07:06.930+0000][568.162s][info][gc,task     ] GC(222) Using 2 workers of 2 for evacuation
[2026-10-07T05:07:06.940+0000][568.172s][info][gc,phases   ] GC(222)   Pre Evacuate Collection Set: 0.49ms
[2026-10-07T05:07:06.940+0000][568.172s][info][gc,phases   ] GC(222)   Merge Heap Roots: 1.02ms
[2026-10-07T05:07:06.940+0000][568.172s][info][gc,phases   ] GC(222)   Evacuate Collection Set: 7.70ms
[2026-10-07T05:07:06.940+0000][568.172s][info][gc,phases   ] GC(222)   Post Evacuate Collection Set: 0.84ms
[2026-10-07T05:07:06.940+0000][568.172s][info][gc,phases   ] GC(222)   Other: 0.08ms
[2026-10-07T05:07:06.940+0000][568.172s][info][gc,heap     ] GC(222) Eden regions: 19->0(19)
[2026-10-07T05:07:06.940+0000][568.172s][info][gc,heap     ] GC(222) Survivor regions: 2->2(3)
[2026-10-07T05:07:06.940+0000][568.172s][info][gc,heap     ] GC(222) Old regions: 30->30
[2026-10-07T05:07:06.940+0000][568.172s][info][gc,heap     ] GC(222) Humongous regions: 2->2
[2026-10-07T05:07:06.940+0000][568.173s][info][gc,metaspace] GC(222) Metaspace: 74445K(75392K)->74445K(75392K) NonClass: 65128K(65664K)->65128K(65664K) Class: 9317K(9728K)->9317K(9728K)
[2026-10-07T05:07:06.940+0000][568.173s][info][gc          ] GC(222) Pause Young (Mixed) (G1 Evacuation Pause) 52M->32M(57M) 10.464ms
[2026-10-07T05:07:06.940+0000][568.173s][info][gc,cpu      ] GC(222) User=0.02s Sys=0.00s Real=0.01s
[2026-10-07T05:07:10.531+0000][571.763s][info][gc,start    ] GC(223) Pause Young (Concurrent Start) (G1 Evacuation Pause)
[2026-10-07T05:07:10.531+0000][571.763s][info][gc,task     ] GC(223) Using 2 workers of 2 for evacuation
[2026-10-07T05:07:10.540+0000][571.772s][info][gc,phases   ] GC(223)   Pre Evacuate Collection Set: 0.33ms
[2026-10-07T05:07:10.540+0000][571.773s][info][gc,phases   ] GC(223)   Merge Heap Roots: 0.19ms
[2026-10-07T05:07:10.540+0000][571.773s][info][gc,phases   ] GC(223)   Evacuate Collection Set: 7.25ms
[2026-10-07T05:07:10.540+0000][571.773s][info][gc,phases   ] GC(223)   Post Evacuate Collection Set: 1.12ms
[2026-10-07T05:07:10.540+0000][571.773s][info][gc,phases   ] GC(223)   Other: 0.22ms
[2026-10-07T05:07:10.540+0000][571.773s][info][gc,heap     ] GC(223) Eden regions: 19->0(19)
[2026-10-07T05:07:10.540+0000][571.773s][info][gc,heap     ] GC(223) Survivor regions: 2->2(3)
[2026-10-07T05:07:10.540+0000][571.773s][info][gc,heap     ] GC(223) Old regions: 30->30
[2026-10-07T05:07:10.540+0000][571.773s][info][gc,heap     ] GC(223) Humongous regions: 2->2
[2026-10-07T05:07:10.540+0000][571.773s][info][gc,metaspace] GC(223) Metaspace: 74445K(75392K)->74445K(75392K) NonClass: 65128K(65664K)->65128K(65664K) Class: 9317K(9728K)->9317K(9728K)
[2026-10-07T05:07:10.541+0000][571.773s][info][gc          ] GC(223) Pause Young (Concurrent Start) (G1 Evacuation Pause) 51M->32M(57M) 9.511ms
[2026-10-07T05:07:10.541+0000][571.773s][info][gc,cpu      ] GC(223) User=0.01s Sys=0.00s Real=0.01s
[2026-10-07T05:07:10.541+0000][571.773s][info][gc          ] GC(224) Concurrent Mark Cycle
[2026-10-07T05:07:10.541+0000][571.774s][info][gc,marking  ] GC(224) Concurrent Scan Root Regions
[2026-10-07T05:07:10.562+0000][571.794s][info][gc,marking  ] GC(224) Concurrent Scan Root Regions 20.632ms
[2026-10-07T05:07:10.562+0000][571.795s][info][gc,marking  ] GC(224) Concurrent Mark
[2026-10-07T05:07:10.562+0000][571.795s][info][gc,marking  ] GC(224) Concurrent Mark From Roots
[2026-10-07T05:07:10.562+0000][571.795s][info][gc,task     ] GC(224) Using 1 workers of 1 for marking
[2026-10-07T05:07:10.668+0000][571.900s][info][gc,marking  ] GC(224) Concurrent Mark From Roots 105.164ms
[2026-10-07T05:07:10.668+0000][571.900s][info][gc,marking  ] GC(224) Concurrent Preclean
[2026-10-07T05:07:10.668+0000][571.900s][info][gc,marking  ] GC(224) Concurrent Preclean 0.411ms
[2026-10-07T05:07:10.669+0000][571.901s][info][gc,start    ] GC(224) Pause Remark
[2026-10-07T05:07:10.696+0000][571.929s][info][gc          ] GC(224) Pause Remark 33M->33M(57M) 27.537ms
[2026-10-07T05:07:10.696+0000][571.929s][info][gc,cpu      ] GC(224) User=0.04s Sys=0.00s Real=0.03s
[2026-10-07T05:07:10.697+0000][571.929s][info][gc,marking  ] GC(224) Concurrent Mark 134.332ms
[2026-10-07T05:07:10.697+0000][571.929s][info][gc,marking  ] GC(224) Concurrent Rebuild Remembered Sets and Scrub Regions
[2026-10-07T05:07:10.753+0000][571.985s][info][gc,marking  ] GC(224) Concurrent Rebuild Remembered Sets and Scrub Regions 56.090ms
[2026-10-07T05:07:10.753+0000][571.985s][info][gc,start    ] GC(224) Pause Cleanup
[2026-10-07T05:07:10.753+0000][571.986s][info][gc          ] GC(224) Pause Cleanup 34M->34M(57M) 0.370ms
[2026-10-07T05:07:10.753+0000][571.986s][info][gc,cpu      ] GC(224) User=0.00s Sys=0.00s Real=0.00s
[2026-10-07T05:07:10.754+0000][571.986s][info][gc,marking  ] GC(224) Concurrent Clear Claimed Marks
[2026-10-07T05:07:10.755+0000][571.988s][info][gc,marking  ] GC(224) Concurrent Clear Claimed Marks 1.314ms
[2026-10-07T05:07:10.756+0000][571.988s][info][gc,marking  ] GC(224) Concurrent Cleanup for Next Mark
[2026-10-07T05:07:10.756+0000][571.989s][info][gc,marking  ] GC(224) Concurrent Cleanup for Next Mark 0.645ms
[2026-10-07T05:07:10.756+0000][571.989s][info][gc          ] GC(224) Concurrent Mark Cycle 215.541ms
[2026-10-07T05:07:13.874+0000][575.106s][info][gc,start    ] GC(225) Pause Young (Prepare Mixed) (G1 Evacuation Pause)
[2026-10-07T05:07:13.874+0000][575.107s][info][gc,task     ] GC(225) Using 2 workers of 2 for evacuation
[2026-10-07T05:07:13.903+0000][575.135s][info][gc,phases   ] GC(225)   Pre Evacuate Collection Set: 1.09ms
[2026-10-07T05:07:13.903+0000][575.135s][info][gc,phases   ] GC(225)   Merge Heap Roots: 0.97ms
[2026-10-07T05:07:13.903+0000][575.135s][info][gc,phases   ] GC(225)   Evacuate Collection Set: 22.99ms
[2026-10-07T05:07:13.903+0000][575.135s][info][gc,phases   ] GC(225)   Post Evacuate Collection Set: 2.98ms
[2026-10-07T05:07:13.903+0000][575.135s][info][gc,phases   ] GC(225)   Other: 0.28ms
[2026-10-07T05:07:13.903+0000][575.135s][info][gc,heap     ] GC(225) Eden regions: 19->0(19)
[2026-10-07T05:07:13.903+0000][575.135s][info][gc,heap     ] GC(225) Survivor regions: 2->2(3)
[2026-10-07T05:07:13.903+0000][575.135s][info][gc,heap     ] GC(225) Old regions: 30->30
[2026-10-07T05:07:13.903+0000][575.135s][info][gc,heap     ] GC(225) Humongous regions: 2->2
[2026-10-07T05:07:13.903+0000][575.135s][info][gc,metaspace] GC(225) Metaspace: 74446K(75392K)->74446K(75392K) NonClass: 65129K(65664K)->65129K(65664K) Class: 9317K(9728K)->9317K(9728K)
[2026-10-07T05:07:13.903+0000][575.135s][info][gc          ] GC(225) Pause Young (Prepare Mixed) (G1 Evacuation Pause) 51M->33M(57M) 29.124ms
[2026-10-07T05:07:13.903+0000][575.135s][info][gc,cpu      ] GC(225) User=0.01s Sys=0.00s Real=0.02s
[2026-10-07T05:07:17.438+0000][578.670s][info][gc,start    ] GC(226) Pause Young (Mixed) (G1 Evacuation Pause)
[2026-10-07T05:07:17.438+0000][578.670s][info][gc,task     ] GC(226) Using 2 workers of 2 for evacuation
[2026-10-07T05:07:17.449+0000][578.681s][info][gc,phases   ] GC(226)   Pre Evacuate Collection Set: 0.75ms
[2026-10-07T05:07:17.449+0000][578.681s][info][gc,phases   ] GC(226)   Merge Heap Roots: 0.81ms
[2026-10-07T05:07:17.449+0000][578.681s][info][gc,phases   ] GC(226)   Evacuate Collection Set: 8.29ms
[2026-10-07T05:07:17.449+0000][578.681s][info][gc,phases   ] GC(226)   Post Evacuate Collection Set: 0.90ms
[2026-10-07T05:07:17.449+0000][578.681s][info][gc,phases   ] GC(226)   Other: 0.14ms
[2026-10-07T05:07:17.449+0000][578.681s][info][gc,heap     ] GC(226) Eden regions: 19->0(19)
[2026-10-07T05:07:17.449+0000][578.681s][info][gc,heap     ] GC(226) Survivor regions: 2->2(3)
[2026-10-07T05:07:17.449+0000][578.681s][info][gc,heap     ] GC(226) Old regions: 30->30
[2026-10-07T05:07:17.449+0000][578.681s][info][gc,heap     ] GC(226) Humongous regions: 2->2
[2026-10-07T05:07:17.449+0000][578.681s][info][gc,metaspace] GC(226) Metaspace: 74611K(75456K)->74611K(75456K) NonClass: 65294K(65728K)->65294K(65728K) Class: 9317K(9728K)->9317K(9728K)
[2026-10-07T05:07:17.449+0000][578.681s][info][gc          ] GC(226) Pause Young (Mixed) (G1 Evacuation Pause) 52M->32M(57M) 11.120ms
[2026-10-07T05:07:17.449+0000][578.681s][info][gc,cpu      ] GC(226) User=0.01s Sys=0.00s Real=0.01s
[2026-10-07T05:07:20.765+0000][581.997s][info][gc,start    ] GC(227) Pause Young (Concurrent Start) (G1 Evacuation Pause)
[2026-10-07T05:07:20.765+0000][581.997s][info][gc,task     ] GC(227) Using 2 workers of 2 for evacuation
[2026-10-07T05:07:20.777+0000][582.009s][info][gc,phases   ] GC(227)   Pre Evacuate Collection Set: 0.21ms
[2026-10-07T05:07:20.777+0000][582.009s][info][gc,phases   ] GC(227)   Merge Heap Roots: 0.07ms
[2026-10-07T05:07:20.777+0000][582.009s][info][gc,phases   ] GC(227)   Evacuate Collection Set: 9.40ms
[2026-10-07T05:07:20.777+0000][582.009s][info][gc,phases   ] GC(227)   Post Evacuate Collection Set: 2.06ms
[2026-10-07T05:07:20.777+0000][582.009s][info][gc,phases   ] GC(227)   Other: 0.15ms
[2026-10-07T05:07:20.777+0000][582.009s][info][gc,heap     ] GC(227) Eden regions: 19->0(19)
[2026-10-07T05:07:20.777+0000][582.009s][info][gc,heap     ] GC(227) Survivor regions: 2->2(3)
[2026-10-07T05:07:20.777+0000][582.009s][info][gc,heap     ] GC(227) Old regions: 30->30
[2026-10-07T05:07:20.777+0000][582.009s][info][gc,heap     ] GC(227) Humongous regions: 2->2
[2026-10-07T05:07:20.777+0000][582.009s][info][gc,metaspace] GC(227) Metaspace: 74617K(75456K)->74617K(75456K) NonClass: 65299K(65728K)->65299K(65728K) Class: 9317K(9728K)->9317K(9728K)
[2026-10-07T05:07:20.777+0000][582.009s][info][gc          ] GC(227) Pause Young (Concurrent Start) (G1 Evacuation Pause) 51M->33M(57M) 12.134ms
[2026-10-07T05:07:20.777+0000][582.009s][info][gc,cpu      ] GC(227) User=0.01s Sys=0.00s Real=0.01s
[2026-10-07T05:07:20.777+0000][582.009s][info][gc          ] GC(228) Concurrent Mark Cycle
[2026-10-07T05:07:20.777+0000][582.009s][info][gc,marking  ] GC(228) Concurrent Scan Root Regions
[2026-10-07T05:07:20.792+0000][582.024s][info][gc,marking  ] GC(228) Concurrent Scan Root Regions 14.596ms
[2026-10-07T05:07:20.792+0000][582.024s][info][gc,marking  ] GC(228) Concurrent Mark
[2026-10-07T05:07:20.792+0000][582.024s][info][gc,marking  ] GC(228) Concurrent Mark From Roots
[2026-10-07T05:07:20.792+0000][582.024s][info][gc,task     ] GC(228) Using 1 workers of 1 for marking
[2026-10-07T05:07:20.970+0000][582.202s][info][gc,marking  ] GC(228) Concurrent Mark From Roots 178.254ms
[2026-10-07T05:07:20.970+0000][582.202s][info][gc,marking  ] GC(228) Concurrent Preclean
[2026-10-07T05:07:20.971+0000][582.203s][info][gc,marking  ] GC(228) Concurrent Preclean 0.560ms
[2026-10-07T05:07:20.972+0000][582.204s][info][gc,start    ] GC(228) Pause Remark
[2026-10-07T05:07:21.037+0000][582.269s][info][gc          ] GC(228) Pause Remark 34M->34M(57M) 65.524ms
[2026-10-07T05:07:21.037+0000][582.270s][info][gc,cpu      ] GC(228) User=0.06s Sys=0.00s Real=0.07s
[2026-10-07T05:07:21.038+0000][582.271s][info][gc,marking  ] GC(228) Concurrent Mark 246.675ms
[2026-10-07T05:07:21.039+0000][582.271s][info][gc,marking  ] GC(228) Concurrent Rebuild Remembered Sets and Scrub Regions
[2026-10-07T05:07:21.174+0000][582.406s][info][gc,marking  ] GC(228) Concurrent Rebuild Remembered Sets and Scrub Regions 135.589ms
[2026-10-07T05:07:21.174+0000][582.407s][info][gc,start    ] GC(228) Pause Cleanup
[2026-10-07T05:07:21.175+0000][582.407s][info][gc          ] GC(228) Pause Cleanup 35M->35M(57M) 0.414ms
[2026-10-07T05:07:21.175+0000][582.407s][info][gc,cpu      ] GC(228) User=0.00s Sys=0.00s Real=0.00s
[2026-10-07T05:07:21.176+0000][582.408s][info][gc,marking  ] GC(228) Concurrent Clear Claimed Marks
[2026-10-07T05:07:21.176+0000][582.409s][info][gc,marking  ] GC(228) Concurrent Clear Claimed Marks 0.317ms
[2026-10-07T05:07:21.176+0000][582.409s][info][gc,marking  ] GC(228) Concurrent Cleanup for Next Mark
[2026-10-07T05:07:21.177+0000][582.409s][info][gc,marking  ] GC(228) Concurrent Cleanup for Next Mark 0.492ms
[2026-10-07T05:07:21.177+0000][582.410s][info][gc          ] GC(228) Concurrent Mark Cycle 400.330ms
[2026-10-07T05:07:24.249+0000][585.481s][info][gc,start    ] GC(229) Pause Young (Prepare Mixed) (G1 Evacuation Pause)
[2026-10-07T05:07:24.249+0000][585.481s][info][gc,task     ] GC(229) Using 2 workers of 2 for evacuation
[2026-10-07T05:07:24.257+0000][585.489s][info][gc,phases   ] GC(229)   Pre Evacuate Collection Set: 0.42ms
[2026-10-07T05:07:24.257+0000][585.489s][info][gc,phases   ] GC(229)   Merge Heap Roots: 0.48ms
[2026-10-07T05:07:24.257+0000][585.489s][info][gc,phases   ] GC(229)   Evacuate Collection Set: 5.86ms
[2026-10-07T05:07:24.257+0000][585.489s][info][gc,phases   ] GC(229)   Post Evacuate Collection Set: 0.95ms
[2026-10-07T05:07:24.257+0000][585.489s][info][gc,phases   ] GC(229)   Other: 0.09ms
[2026-10-07T05:07:24.258+0000][585.490s][info][gc,heap     ] GC(229) Eden regions: 19->0(19)
[2026-10-07T05:07:24.258+0000][585.491s][info][gc,heap     ] GC(229) Survivor regions: 2->2(3)
[2026-10-07T05:07:24.258+0000][585.491s][info][gc,heap     ] GC(229) Old regions: 30->30
[2026-10-07T05:07:24.258+0000][585.491s][info][gc,heap     ] GC(229) Humongous regions: 2->2
[2026-10-07T05:07:24.258+0000][585.491s][info][gc,metaspace] GC(229) Metaspace: 74617K(75456K)->74617K(75456K) NonClass: 65304K(65728K)->65304K(65728K) Class: 9313K(9728K)->9313K(9728K)
[2026-10-07T05:07:24.259+0000][585.491s][info][gc          ] GC(229) Pause Young (Prepare Mixed) (G1 Evacuation Pause) 52M->33M(57M) 9.559ms
[2026-10-07T05:07:24.259+0000][585.491s][info][gc,cpu      ] GC(229) User=0.01s Sys=0.00s Real=0.01s
[2026-10-07T05:07:27.825+0000][589.057s][info][gc,start    ] GC(230) Pause Young (Mixed) (G1 Evacuation Pause)
[2026-10-07T05:07:27.825+0000][589.057s][info][gc,task     ] GC(230) Using 2 workers of 2 for evacuation
[2026-10-07T05:07:27.837+0000][589.069s][info][gc,phases   ] GC(230)   Pre Evacuate Collection Set: 0.33ms
[2026-10-07T05:07:27.837+0000][589.069s][info][gc,phases   ] GC(230)   Merge Heap Roots: 0.39ms
[2026-10-07T05:07:27.837+0000][589.069s][info][gc,phases   ] GC(230)   Evacuate Collection Set: 9.13ms
[2026-10-07T05:07:27.837+0000][589.069s][info][gc,phases   ] GC(230)   Post Evacuate Collection Set: 2.08ms
[2026-10-07T05:07:27.837+0000][589.069s][info][gc,phases   ] GC(230)   Other: 0.11ms
[2026-10-07T05:07:27.837+0000][589.069s][info][gc,heap     ] GC(230) Eden regions: 19->0(19)
[2026-10-07T05:07:27.837+0000][589.069s][info][gc,heap     ] GC(230) Survivor regions: 2->2(3)
[2026-10-07T05:07:27.837+0000][589.069s][info][gc,heap     ] GC(230) Old regions: 30->30
[2026-10-07T05:07:27.837+0000][589.069s][info][gc,heap     ] GC(230) Humongous regions: 2->2
[2026-10-07T05:07:27.837+0000][589.069s][info][gc,metaspace] GC(230) Metaspace: 74617K(75456K)->74617K(75456K) NonClass: 65304K(65728K)->65304K(65728K) Class: 9313K(9728K)->9313K(9728K)
[2026-10-07T05:07:27.837+0000][589.069s][info][gc          ] GC(230) Pause Young (Mixed) (G1 Evacuation Pause) 52M->32M(57M) 12.380ms
[2026-10-07T05:07:27.837+0000][589.069s][info][gc,cpu      ] GC(230) User=0.02s Sys=0.00s Real=0.01s
[2026-10-07T05:07:31.119+0000][592.351s][info][gc,start    ] GC(231) Pause Young (Concurrent Start) (G1 Evacuation Pause)
[2026-10-07T05:07:31.119+0000][592.351s][info][gc,task     ] GC(231) Using 2 workers of 2 for evacuation
[2026-10-07T05:07:31.126+0000][592.358s][info][gc,phases   ] GC(231)   Pre Evacuate Collection Set: 0.19ms
[2026-10-07T05:07:31.126+0000][592.358s][info][gc,phases   ] GC(231)   Merge Heap Roots: 0.10ms
[2026-10-07T05:07:31.126+0000][592.358s][info][gc,phases   ] GC(231)   Evacuate Collection Set: 5.82ms
[2026-10-07T05:07:31.126+0000][592.358s][info][gc,phases   ] GC(231)   Post Evacuate Collection Set: 0.82ms
[2026-10-07T05:07:31.126+0000][592.358s][info][gc,phases   ] GC(231)   Other: 0.09ms
[2026-10-07T05:07:31.126+0000][592.358s][info][gc,heap     ] GC(231) Eden regions: 19->0(19)
[2026-10-07T05:07:31.126+0000][592.358s][info][gc,heap     ] GC(231) Survivor regions: 2->2(3)
[2026-10-07T05:07:31.126+0000][592.358s][info][gc,heap     ] GC(231) Old regions: 30->30
[2026-10-07T05:07:31.126+0000][592.358s][info][gc,heap     ] GC(231) Humongous regions: 2->2
[2026-10-07T05:07:31.126+0000][592.358s][info][gc,metaspace] GC(231) Metaspace: 74618K(75456K)->74618K(75456K) NonClass: 65305K(65728K)->65305K(65728K) Class: 9313K(9728K)->9313K(9728K)
[2026-10-07T05:07:31.127+0000][592.359s][info][gc          ] GC(231) Pause Young (Concurrent Start) (G1 Evacuation Pause) 51M->32M(57M) 7.657ms
[2026-10-07T05:07:31.127+0000][592.359s][info][gc,cpu      ] GC(231) User=0.01s Sys=0.00s Real=0.01s
[2026-10-07T05:07:31.127+0000][592.359s][info][gc          ] GC(232) Concurrent Mark Cycle
[2026-10-07T05:07:31.129+0000][592.361s][info][gc,marking  ] GC(232) Concurrent Scan Root Regions
[2026-10-07T05:07:31.135+0000][592.367s][info][gc,marking  ] GC(232) Concurrent Scan Root Regions 6.653ms
[2026-10-07T05:07:31.135+0000][592.368s][info][gc,marking  ] GC(232) Concurrent Mark
[2026-10-07T05:07:31.135+0000][592.368s][info][gc,marking  ] GC(232) Concurrent Mark From Roots
[2026-10-07T05:07:31.135+0000][592.368s][info][gc,task     ] GC(232) Using 1 workers of 1 for marking
[2026-10-07T05:07:31.228+0000][592.460s][info][gc,marking  ] GC(232) Concurrent Mark From Roots 92.290ms
[2026-10-07T05:07:31.228+0000][592.460s][info][gc,marking  ] GC(232) Concurrent Preclean
[2026-10-07T05:07:31.228+0000][592.460s][info][gc,marking  ] GC(232) Concurrent Preclean 0.434ms
[2026-10-07T05:07:31.228+0000][592.461s][info][gc,start    ] GC(232) Pause Remark
[2026-10-07T05:07:31.254+0000][592.486s][info][gc          ] GC(232) Pause Remark 33M->33M(57M) 25.391ms
[2026-10-07T05:07:31.254+0000][592.486s][info][gc,cpu      ] GC(232) User=0.04s Sys=0.00s Real=0.03s
[2026-10-07T05:07:31.254+0000][592.486s][info][gc,marking  ] GC(232) Concurrent Mark 118.759ms
[2026-10-07T05:07:31.254+0000][592.486s][info][gc,marking  ] GC(232) Concurrent Rebuild Remembered Sets and Scrub Regions
[2026-10-07T05:07:31.301+0000][592.533s][info][gc,marking  ] GC(232) Concurrent Rebuild Remembered Sets and Scrub Regions 46.978ms
[2026-10-07T05:07:31.301+0000][592.534s][info][gc,start    ] GC(232) Pause Cleanup
[2026-10-07T05:07:31.302+0000][592.534s][info][gc          ] GC(232) Pause Cleanup 33M->33M(57M) 0.624ms
[2026-10-07T05:07:31.302+0000][592.534s][info][gc,cpu      ] GC(232) User=0.00s Sys=0.00s Real=0.00s
[2026-10-07T05:07:31.302+0000][592.534s][info][gc,marking  ] GC(232) Concurrent Clear Claimed Marks
[2026-10-07T05:07:31.302+0000][592.535s][info][gc,marking  ] GC(232) Concurrent Clear Claimed Marks 0.157ms
[2026-10-07T05:07:31.302+0000][592.535s][info][gc,marking  ] GC(232) Concurrent Cleanup for Next Mark
[2026-10-07T05:07:31.303+0000][592.535s][info][gc,marking  ] GC(232) Concurrent Cleanup for Next Mark 0.443ms
[2026-10-07T05:07:31.303+0000][592.535s][info][gc          ] GC(232) Concurrent Mark Cycle 175.965ms
[2026-10-07T05:07:34.590+0000][595.822s][info][gc,start    ] GC(233) Pause Young (Prepare Mixed) (G1 Evacuation Pause)
[2026-10-07T05:07:34.590+0000][595.822s][info][gc,task     ] GC(233) Using 2 workers of 2 for evacuation
[2026-10-07T05:07:34.599+0000][595.831s][info][gc,phases   ] GC(233)   Pre Evacuate Collection Set: 0.79ms
[2026-10-07T05:07:34.599+0000][595.831s][info][gc,phases   ] GC(233)   Merge Heap Roots: 0.31ms
[2026-10-07T05:07:34.599+0000][595.831s][info][gc,phases   ] GC(233)   Evacuate Collection Set: 6.52ms
[2026-10-07T05:07:34.599+0000][595.831s][info][gc,phases   ] GC(233)   Post Evacuate Collection Set: 0.83ms
[2026-10-07T05:07:34.599+0000][595.831s][info][gc,phases   ] GC(233)   Other: 0.10ms
[2026-10-07T05:07:34.599+0000][595.831s][info][gc,heap     ] GC(233) Eden regions: 19->0(19)
[2026-10-07T05:07:34.599+0000][595.831s][info][gc,heap     ] GC(233) Survivor regions: 2->2(3)
[2026-10-07T05:07:34.599+0000][595.831s][info][gc,heap     ] GC(233) Old regions: 30->30
[2026-10-07T05:07:34.599+0000][595.831s][info][gc,heap     ] GC(233) Humongous regions: 2->2
[2026-10-07T05:07:34.599+0000][595.831s][info][gc,metaspace] GC(233) Metaspace: 74618K(75456K)->74618K(75456K) NonClass: 65305K(65728K)->65305K(65728K) Class: 9313K(9728K)->9313K(9728K)
[2026-10-07T05:07:34.599+0000][595.831s][info][gc          ] GC(233) Pause Young (Prepare Mixed) (G1 Evacuation Pause) 51M->33M(57M) 8.907ms
[2026-10-07T05:07:34.599+0000][595.831s][info][gc,cpu      ] GC(233) User=0.01s Sys=0.00s Real=0.01s
[2026-10-07T05:07:38.054+0000][599.286s][info][gc,start    ] GC(234) Pause Young (Mixed) (G1 Evacuation Pause)
[2026-10-07T05:07:38.054+0000][599.287s][info][gc,task     ] GC(234) Using 2 workers of 2 for evacuation
[2026-10-07T05:07:38.064+0000][599.296s][info][gc,phases   ] GC(234)   Pre Evacuate Collection Set: 0.61ms
[2026-10-07T05:07:38.064+0000][599.296s][info][gc,phases   ] GC(234)   Merge Heap Roots: 0.33ms
[2026-10-07T05:07:38.064+0000][599.296s][info][gc,phases   ] GC(234)   Evacuate Collection Set: 6.83ms
[2026-10-07T05:07:38.064+0000][599.296s][info][gc,phases   ] GC(234)   Post Evacuate Collection Set: 1.83ms
[2026-10-07T05:07:38.064+0000][599.296s][info][gc,phases   ] GC(234)   Other: 0.09ms
[2026-10-07T05:07:38.064+0000][599.296s][info][gc,heap     ] GC(234) Eden regions: 19->0(19)
[2026-10-07T05:07:38.064+0000][599.296s][info][gc,heap     ] GC(234) Survivor regions: 2->2(3)
[2026-10-07T05:07:38.064+0000][599.296s][info][gc,heap     ] GC(234) Old regions: 30->30
[2026-10-07T05:07:38.064+0000][599.296s][info][gc,heap     ] GC(234) Humongous regions: 2->2
[2026-10-07T05:07:38.064+0000][599.296s][info][gc,metaspace] GC(234) Metaspace: 74619K(75456K)->74619K(75456K) NonClass: 65305K(65728K)->65305K(65728K) Class: 9313K(9728K)->9313K(9728K)
[2026-10-07T05:07:38.064+0000][599.296s][info][gc          ] GC(234) Pause Young (Mixed) (G1 Evacuation Pause) 52M->32M(57M) 9.927ms
[2026-10-07T05:07:38.064+0000][599.296s][info][gc,cpu      ] GC(234) User=0.01s Sys=0.00s Real=0.01s
[2026-10-07T05:07:41.478+0000][602.710s][info][gc,start    ] GC(235) Pause Young (Concurrent Start) (G1 Evacuation Pause)
[2026-10-07T05:07:41.478+0000][602.710s][info][gc,task     ] GC(235) Using 2 workers of 2 for evacuation
[2026-10-07T05:07:41.486+0000][602.718s][info][gc,phases   ] GC(235)   Pre Evacuate Collection Set: 0.25ms
[2026-10-07T05:07:41.486+0000][602.718s][info][gc,phases   ] GC(235)   Merge Heap Roots: 0.30ms
[2026-10-07T05:07:41.486+0000][602.718s][info][gc,phases   ] GC(235)   Evacuate Collection Set: 6.37ms
[2026-10-07T05:07:41.486+0000][602.718s][info][gc,phases   ] GC(235)   Post Evacuate Collection Set: 0.75ms
[2026-10-07T05:07:41.486+0000][602.718s][info][gc,phases   ] GC(235)   Other: 0.39ms
[2026-10-07T05:07:41.486+0000][602.718s][info][gc,heap     ] GC(235) Eden regions: 19->0(19)
[2026-10-07T05:07:41.486+0000][602.718s][info][gc,heap     ] GC(235) Survivor regions: 2->2(3)
[2026-10-07T05:07:41.486+0000][602.718s][info][gc,heap     ] GC(235) Old regions: 30->30
[2026-10-07T05:07:41.486+0000][602.718s][info][gc,heap     ] GC(235) Humongous regions: 2->2
[2026-10-07T05:07:41.486+0000][602.718s][info][gc,metaspace] GC(235) Metaspace: 74619K(75456K)->74619K(75456K) NonClass: 65305K(65728K)->65305K(65728K) Class: 9313K(9728K)->9313K(9728K)
[2026-10-07T05:07:41.486+0000][602.718s][info][gc          ] GC(235) Pause Young (Concurrent Start) (G1 Evacuation Pause) 51M->32M(57M) 8.349ms
[2026-10-07T05:07:41.486+0000][602.718s][info][gc,cpu      ] GC(235) User=0.02s Sys=0.00s Real=0.01s
[2026-10-07T05:07:41.486+0000][602.719s][info][gc          ] GC(236) Concurrent Mark Cycle
[2026-10-07T05:07:41.487+0000][602.719s][info][gc,marking  ] GC(236) Concurrent Scan Root Regions
[2026-10-07T05:07:41.497+0000][602.729s][info][gc,marking  ] GC(236) Concurrent Scan Root Regions 10.036ms
[2026-10-07T05:07:41.497+0000][602.729s][info][gc,marking  ] GC(236) Concurrent Mark
[2026-10-07T05:07:41.497+0000][602.729s][info][gc,marking  ] GC(236) Concurrent Mark From Roots
[2026-10-07T05:07:41.497+0000][602.729s][info][gc,task     ] GC(236) Using 1 workers of 1 for marking
[2026-10-07T05:07:41.600+0000][602.832s][info][gc,marking  ] GC(236) Concurrent Mark From Roots 103.382ms
[2026-10-07T05:07:41.600+0000][602.832s][info][gc,marking  ] GC(236) Concurrent Preclean
[2026-10-07T05:07:41.600+0000][602.833s][info][gc,marking  ] GC(236) Concurrent Preclean 0.197ms
[2026-10-07T05:07:41.601+0000][602.833s][info][gc,start    ] GC(236) Pause Remark
[2026-10-07T05:07:41.624+0000][602.856s][info][gc          ] GC(236) Pause Remark 33M->33M(57M) 23.004ms
[2026-10-07T05:07:41.624+0000][602.856s][info][gc,cpu      ] GC(236) User=0.03s Sys=0.00s Real=0.03s
[2026-10-07T05:07:41.627+0000][602.859s][info][gc,marking  ] GC(236) Concurrent Mark 130.045ms
[2026-10-07T05:07:41.627+0000][602.859s][info][gc,marking  ] GC(236) Concurrent Rebuild Remembered Sets and Scrub Regions
[2026-10-07T05:07:41.698+0000][602.930s][info][gc,marking  ] GC(236) Concurrent Rebuild Remembered Sets and Scrub Regions 71.492ms
[2026-10-07T05:07:41.699+0000][602.931s][info][gc,start    ] GC(236) Pause Cleanup
[2026-10-07T05:07:41.699+0000][602.932s][info][gc          ] GC(236) Pause Cleanup 34M->34M(57M) 0.710ms
[2026-10-07T05:07:41.699+0000][602.932s][info][gc,cpu      ] GC(236) User=0.00s Sys=0.00s Real=0.00s
[2026-10-07T05:07:41.700+0000][602.933s][info][gc,marking  ] GC(236) Concurrent Clear Claimed Marks
[2026-10-07T05:07:41.700+0000][602.933s][info][gc,marking  ] GC(236) Concurrent Clear Claimed Marks 0.197ms
[2026-10-07T05:07:41.701+0000][602.933s][info][gc,marking  ] GC(236) Concurrent Cleanup for Next Mark
[2026-10-07T05:07:41.701+0000][602.933s][info][gc,marking  ] GC(236) Concurrent Cleanup for Next Mark 0.253ms
[2026-10-07T05:07:41.701+0000][602.933s][info][gc          ] GC(236) Concurrent Mark Cycle 214.411ms
[2026-10-07T05:07:45.187+0000][606.419s][info][gc,start    ] GC(237) Pause Young (Prepare Mixed) (G1 Evacuation Pause)
[2026-10-07T05:07:45.187+0000][606.420s][info][gc,task     ] GC(237) Using 2 workers of 2 for evacuation
[2026-10-07T05:07:45.198+0000][606.431s][info][gc,phases   ] GC(237)   Pre Evacuate Collection Set: 0.47ms
[2026-10-07T05:07:45.198+0000][606.431s][info][gc,phases   ] GC(237)   Merge Heap Roots: 0.71ms
[2026-10-07T05:07:45.198+0000][606.431s][info][gc,phases   ] GC(237)   Evacuate Collection Set: 9.03ms
[2026-10-07T05:07:45.198+0000][606.431s][info][gc,phases   ] GC(237)   Post Evacuate Collection Set: 0.73ms
[2026-10-07T05:07:45.198+0000][606.431s][info][gc,phases   ] GC(237)   Other: 0.08ms
[2026-10-07T05:07:45.201+0000][606.433s][info][gc,heap     ] GC(237) Eden regions: 19->0(19)
[2026-10-07T05:07:45.201+0000][606.433s][info][gc,heap     ] GC(237) Survivor regions: 2->2(3)
[2026-10-07T05:07:45.201+0000][606.433s][info][gc,heap     ] GC(237) Old regions: 30->30
[2026-10-07T05:07:45.201+0000][606.433s][info][gc,heap     ] GC(237) Humongous regions: 2->2
[2026-10-07T05:07:45.201+0000][606.433s][info][gc,metaspace] GC(237) Metaspace: 74625K(75456K)->74625K(75456K) NonClass: 65311K(65728K)->65311K(65728K) Class: 9313K(9728K)->9313K(9728K)
[2026-10-07T05:07:45.201+0000][606.433s][info][gc          ] GC(237) Pause Young (Prepare Mixed) (G1 Evacuation Pause) 51M->32M(57M) 13.405ms
[2026-10-07T05:07:45.201+0000][606.433s][info][gc,cpu      ] GC(237) User=0.01s Sys=0.00s Real=0.01s
[2026-10-07T05:07:48.852+0000][610.085s][info][gc,start    ] GC(238) Pause Young (Mixed) (G1 Evacuation Pause)
[2026-10-07T05:07:48.853+0000][610.085s][info][gc,task     ] GC(238) Using 2 workers of 2 for evacuation
[2026-10-07T05:07:48.871+0000][610.104s][info][gc,phases   ] GC(238)   Pre Evacuate Collection Set: 0.36ms
[2026-10-07T05:07:48.872+0000][610.104s][info][gc,phases   ] GC(238)   Merge Heap Roots: 0.14ms
[2026-10-07T05:07:48.872+0000][610.104s][info][gc,phases   ] GC(238)   Evacuate Collection Set: 16.52ms
[2026-10-07T05:07:48.872+0000][610.104s][info][gc,phases   ] GC(238)   Post Evacuate Collection Set: 1.55ms
[2026-10-07T05:07:48.872+0000][610.104s][info][gc,phases   ] GC(238)   Other: 0.12ms
[2026-10-07T05:07:48.872+0000][610.104s][info][gc,heap     ] GC(238) Eden regions: 19->0(19)
[2026-10-07T05:07:48.872+0000][610.104s][info][gc,heap     ] GC(238) Survivor regions: 2->2(3)
[2026-10-07T05:07:48.872+0000][610.104s][info][gc,heap     ] GC(238) Old regions: 30->30
[2026-10-07T05:07:48.872+0000][610.104s][info][gc,heap     ] GC(238) Humongous regions: 2->2
[2026-10-07T05:07:48.872+0000][610.104s][info][gc,metaspace] GC(238) Metaspace: 74625K(75456K)->74625K(75456K) NonClass: 65311K(65728K)->65311K(65728K) Class: 9313K(9728K)->9313K(9728K)
[2026-10-07T05:07:48.872+0000][610.104s][info][gc          ] GC(238) Pause Young (Mixed) (G1 Evacuation Pause) 51M->32M(57M) 19.340ms
[2026-10-07T05:07:48.872+0000][610.104s][info][gc,cpu      ] GC(238) User=0.02s Sys=0.00s Real=0.02s
[2026-10-07T05:07:52.506+0000][613.738s][info][gc,start    ] GC(239) Pause Young (Concurrent Start) (G1 Evacuation Pause)
[2026-10-07T05:07:52.506+0000][613.739s][info][gc,task     ] GC(239) Using 2 workers of 2 for evacuation
[2026-10-07T05:07:52.514+0000][613.746s][info][gc,phases   ] GC(239)   Pre Evacuate Collection Set: 0.33ms
[2026-10-07T05:07:52.514+0000][613.746s][info][gc,phases   ] GC(239)   Merge Heap Roots: 0.09ms
[2026-10-07T05:07:52.514+0000][613.746s][info][gc,phases   ] GC(239)   Evacuate Collection Set: 5.72ms
[2026-10-07T05:07:52.514+0000][613.746s][info][gc,phases   ] GC(239)   Post Evacuate Collection Set: 0.81ms
[2026-10-07T05:07:52.514+0000][613.746s][info][gc,phases   ] GC(239)   Other: 0.36ms
[2026-10-07T05:07:52.514+0000][613.746s][info][gc,heap     ] GC(239) Eden regions: 19->0(19)
[2026-10-07T05:07:52.514+0000][613.746s][info][gc,heap     ] GC(239) Survivor regions: 2->2(3)
[2026-10-07T05:07:52.514+0000][613.746s][info][gc,heap     ] GC(239) Old regions: 30->30
[2026-10-07T05:07:52.514+0000][613.746s][info][gc,heap     ] GC(239) Humongous regions: 2->2
[2026-10-07T05:07:52.514+0000][613.746s][info][gc,metaspace] GC(239) Metaspace: 74625K(75456K)->74625K(75456K) NonClass: 65311K(65728K)->65311K(65728K) Class: 9313K(9728K)->9313K(9728K)
[2026-10-07T05:07:52.514+0000][613.746s][info][gc          ] GC(239) Pause Young (Concurrent Start) (G1 Evacuation Pause) 51M->32M(57M) 7.588ms
[2026-10-07T05:07:52.514+0000][613.746s][info][gc,cpu      ] GC(239) User=0.01s Sys=0.01s Real=0.01s
[2026-10-07T05:07:52.514+0000][613.746s][info][gc          ] GC(240) Concurrent Mark Cycle
[2026-10-07T05:07:52.514+0000][613.746s][info][gc,marking  ] GC(240) Concurrent Scan Root Regions
[2026-10-07T05:07:52.525+0000][613.757s][info][gc,marking  ] GC(240) Concurrent Scan Root Regions 11.167ms
[2026-10-07T05:07:52.525+0000][613.757s][info][gc,marking  ] GC(240) Concurrent Mark
[2026-10-07T05:07:52.525+0000][613.757s][info][gc,marking  ] GC(240) Concurrent Mark From Roots
[2026-10-07T05:07:52.525+0000][613.757s][info][gc,task     ] GC(240) Using 1 workers of 1 for marking
[2026-10-07T05:07:52.649+0000][613.881s][info][gc,marking  ] GC(240) Concurrent Mark From Roots 123.753ms
[2026-10-07T05:07:52.649+0000][613.881s][info][gc,marking  ] GC(240) Concurrent Preclean
[2026-10-07T05:07:52.649+0000][613.882s][info][gc,marking  ] GC(240) Concurrent Preclean 0.315ms
[2026-10-07T05:07:52.650+0000][613.882s][info][gc,start    ] GC(240) Pause Remark
[2026-10-07T05:07:52.683+0000][613.916s][info][gc          ] GC(240) Pause Remark 33M->33M(57M) 33.735ms
[2026-10-07T05:07:52.683+0000][613.916s][info][gc,cpu      ] GC(240) User=0.04s Sys=0.00s Real=0.03s
[2026-10-07T05:07:52.684+0000][613.916s][info][gc,marking  ] GC(240) Concurrent Mark 158.373ms
[2026-10-07T05:07:52.684+0000][613.916s][info][gc,marking  ] GC(240) Concurrent Rebuild Remembered Sets and Scrub Regions
[2026-10-07T05:07:52.751+0000][613.984s][info][gc,marking  ] GC(240) Concurrent Rebuild Remembered Sets and Scrub Regions 67.810ms
[2026-10-07T05:07:52.752+0000][613.985s][info][gc,start    ] GC(240) Pause Cleanup
[2026-10-07T05:07:52.754+0000][613.986s][info][gc          ] GC(240) Pause Cleanup 34M->34M(57M) 1.428ms
[2026-10-07T05:07:52.754+0000][613.986s][info][gc,cpu      ] GC(240) User=0.00s Sys=0.00s Real=0.01s
[2026-10-07T05:07:52.754+0000][613.986s][info][gc,marking  ] GC(240) Concurrent Clear Claimed Marks
[2026-10-07T05:07:52.754+0000][613.986s][info][gc,marking  ] GC(240) Concurrent Clear Claimed Marks 0.131ms
[2026-10-07T05:07:52.754+0000][613.986s][info][gc,marking  ] GC(240) Concurrent Cleanup for Next Mark
[2026-10-07T05:07:52.755+0000][613.987s][info][gc,marking  ] GC(240) Concurrent Cleanup for Next Mark 0.428ms
[2026-10-07T05:07:52.755+0000][613.987s][info][gc          ] GC(240) Concurrent Mark Cycle 240.630ms
[2026-10-07T05:07:56.072+0000][617.304s][info][gc,start    ] GC(241) Pause Young (Prepare Mixed) (G1 Evacuation Pause)
[2026-10-07T05:07:56.072+0000][617.304s][info][gc,task     ] GC(241) Using 2 workers of 2 for evacuation
[2026-10-07T05:07:56.083+0000][617.316s][info][gc,phases   ] GC(241)   Pre Evacuate Collection Set: 0.50ms
[2026-10-07T05:07:56.083+0000][617.316s][info][gc,phases   ] GC(241)   Merge Heap Roots: 0.31ms
[2026-10-07T05:07:56.083+0000][617.316s][info][gc,phases   ] GC(241)   Evacuate Collection Set: 9.70ms
[2026-10-07T05:07:56.083+0000][617.316s][info][gc,phases   ] GC(241)   Post Evacuate Collection Set: 0.73ms
[2026-10-07T05:07:56.084+0000][617.316s][info][gc,phases   ] GC(241)   Other: 0.09ms
[2026-10-07T05:07:56.084+0000][617.316s][info][gc,heap     ] GC(241) Eden regions: 19->0(19)
[2026-10-07T05:07:56.084+0000][617.316s][info][gc,heap     ] GC(241) Survivor regions: 2->2(3)
[2026-10-07T05:07:56.084+0000][617.316s][info][gc,heap     ] GC(241) Old regions: 30->30
[2026-10-07T05:07:56.084+0000][617.316s][info][gc,heap     ] GC(241) Humongous regions: 2->2
[2026-10-07T05:07:56.084+0000][617.316s][info][gc,metaspace] GC(241) Metaspace: 74625K(75456K)->74625K(75456K) NonClass: 65311K(65728K)->65311K(65728K) Class: 9313K(9728K)->9313K(9728K)
[2026-10-07T05:07:56.084+0000][617.316s][info][gc          ] GC(241) Pause Young (Prepare Mixed) (G1 Evacuation Pause) 51M->33M(57M) 12.091ms
[2026-10-07T05:07:56.084+0000][617.316s][info][gc,cpu      ] GC(241) User=0.01s Sys=0.00s Real=0.02s
[2026-10-07T05:07:59.464+0000][620.696s][info][gc,start    ] GC(242) Pause Young (Mixed) (G1 Evacuation Pause)
[2026-10-07T05:07:59.464+0000][620.696s][info][gc,task     ] GC(242) Using 2 workers of 2 for evacuation
[2026-10-07T05:07:59.474+0000][620.706s][info][gc,phases   ] GC(242)   Pre Evacuate Collection Set: 0.54ms
[2026-10-07T05:07:59.474+0000][620.706s][info][gc,phases   ] GC(242)   Merge Heap Roots: 0.80ms
[2026-10-07T05:07:59.474+0000][620.706s][info][gc,phases   ] GC(242)   Evacuate Collection Set: 6.91ms
[2026-10-07T05:07:59.474+0000][620.706s][info][gc,phases   ] GC(242)   Post Evacuate Collection Set: 0.90ms
[2026-10-07T05:07:59.474+0000][620.706s][info][gc,phases   ] GC(242)   Other: 0.53ms
[2026-10-07T05:07:59.474+0000][620.706s][info][gc,heap     ] GC(242) Eden regions: 19->0(19)
[2026-10-07T05:07:59.474+0000][620.706s][info][gc,heap     ] GC(242) Survivor regions: 2->2(3)
[2026-10-07T05:07:59.474+0000][620.706s][info][gc,heap     ] GC(242) Old regions: 30->30
[2026-10-07T05:07:59.474+0000][620.706s][info][gc,heap     ] GC(242) Humongous regions: 2->2
[2026-10-07T05:07:59.474+0000][620.706s][info][gc,metaspace] GC(242) Metaspace: 74627K(75456K)->74627K(75456K) NonClass: 65314K(65728K)->65314K(65728K) Class: 9313K(9728K)->9313K(9728K)
[2026-10-07T05:07:59.474+0000][620.706s][info][gc          ] GC(242) Pause Young (Mixed) (G1 Evacuation Pause) 52M->32M(57M) 9.911ms
[2026-10-07T05:07:59.474+0000][620.706s][info][gc,cpu      ] GC(242) User=0.02s Sys=0.00s Real=0.01s
[2026-10-07T05:08:03.047+0000][624.279s][info][gc,start    ] GC(243) Pause Young (Concurrent Start) (G1 Evacuation Pause)
[2026-10-07T05:08:03.047+0000][624.279s][info][gc,task     ] GC(243) Using 2 workers of 2 for evacuation
[2026-10-07T05:08:03.054+0000][624.286s][info][gc,phases   ] GC(243)   Pre Evacuate Collection Set: 0.69ms
[2026-10-07T05:08:03.054+0000][624.286s][info][gc,phases   ] GC(243)   Merge Heap Roots: 0.41ms
[2026-10-07T05:08:03.054+0000][624.286s][info][gc,phases   ] GC(243)   Evacuate Collection Set: 5.24ms
[2026-10-07T05:08:03.054+0000][624.286s][info][gc,phases   ] GC(243)   Post Evacuate Collection Set: 0.78ms
[2026-10-07T05:08:03.054+0000][624.286s][info][gc,phases   ] GC(243)   Other: 0.13ms
[2026-10-07T05:08:03.054+0000][624.286s][info][gc,heap     ] GC(243) Eden regions: 19->0(19)
[2026-10-07T05:08:03.054+0000][624.286s][info][gc,heap     ] GC(243) Survivor regions: 2->2(3)
[2026-10-07T05:08:03.054+0000][624.286s][info][gc,heap     ] GC(243) Old regions: 30->30
[2026-10-07T05:08:03.054+0000][624.287s][info][gc,heap     ] GC(243) Humongous regions: 2->2
[2026-10-07T05:08:03.054+0000][624.287s][info][gc,metaspace] GC(243) Metaspace: 74627K(75456K)->74627K(75456K) NonClass: 65314K(65728K)->65314K(65728K) Class: 9313K(9728K)->9313K(9728K)
[2026-10-07T05:08:03.054+0000][624.287s][info][gc          ] GC(243) Pause Young (Concurrent Start) (G1 Evacuation Pause) 51M->33M(57M) 7.561ms
[2026-10-07T05:08:03.055+0000][624.287s][info][gc,cpu      ] GC(243) User=0.01s Sys=0.00s Real=0.01s
[2026-10-07T05:08:03.055+0000][624.287s][info][gc          ] GC(244) Concurrent Mark Cycle
[2026-10-07T05:08:03.055+0000][624.287s][info][gc,marking  ] GC(244) Concurrent Scan Root Regions
[2026-10-07T05:08:03.062+0000][624.294s][info][gc,marking  ] GC(244) Concurrent Scan Root Regions 7.439ms
[2026-10-07T05:08:03.062+0000][624.294s][info][gc,marking  ] GC(244) Concurrent Mark
[2026-10-07T05:08:03.062+0000][624.294s][info][gc,marking  ] GC(244) Concurrent Mark From Roots
[2026-10-07T05:08:03.062+0000][624.294s][info][gc,task     ] GC(244) Using 1 workers of 1 for marking
[2026-10-07T05:08:03.198+0000][624.430s][info][gc,marking  ] GC(244) Concurrent Mark From Roots 135.690ms
[2026-10-07T05:08:03.198+0000][624.430s][info][gc,marking  ] GC(244) Concurrent Preclean
[2026-10-07T05:08:03.198+0000][624.430s][info][gc,marking  ] GC(244) Concurrent Preclean 0.198ms
[2026-10-07T05:08:03.198+0000][624.430s][info][gc,start    ] GC(244) Pause Remark
[2026-10-07T05:08:03.223+0000][624.455s][info][gc          ] GC(244) Pause Remark 33M->33M(57M) 24.794ms
[2026-10-07T05:08:03.223+0000][624.455s][info][gc,cpu      ] GC(244) User=0.04s Sys=0.00s Real=0.02s
[2026-10-07T05:08:03.224+0000][624.456s][info][gc,marking  ] GC(244) Concurrent Mark 161.730ms
[2026-10-07T05:08:03.224+0000][624.456s][info][gc,marking  ] GC(244) Concurrent Rebuild Remembered Sets and Scrub Regions
[2026-10-07T05:08:03.277+0000][624.509s][info][gc,marking  ] GC(244) Concurrent Rebuild Remembered Sets and Scrub Regions 52.709ms
[2026-10-07T05:08:03.277+0000][624.509s][info][gc,start    ] GC(244) Pause Cleanup
[2026-10-07T05:08:03.277+0000][624.509s][info][gc          ] GC(244) Pause Cleanup 34M->34M(57M) 0.208ms
[2026-10-07T05:08:03.277+0000][624.509s][info][gc,cpu      ] GC(244) User=0.00s Sys=0.00s Real=0.00s
[2026-10-07T05:08:03.278+0000][624.511s][info][gc,marking  ] GC(244) Concurrent Clear Claimed Marks
[2026-10-07T05:08:03.279+0000][624.511s][info][gc,marking  ] GC(244) Concurrent Clear Claimed Marks 0.422ms
[2026-10-07T05:08:03.279+0000][624.511s][info][gc,marking  ] GC(244) Concurrent Cleanup for Next Mark
[2026-10-07T05:08:03.279+0000][624.512s][info][gc,marking  ] GC(244) Concurrent Cleanup for Next Mark 0.230ms
[2026-10-07T05:08:03.279+0000][624.512s][info][gc          ] GC(244) Concurrent Mark Cycle 224.824ms
[2026-10-07T05:08:06.461+0000][627.693s][info][gc,start    ] GC(245) Pause Young (Prepare Mixed) (G1 Evacuation Pause)
[2026-10-07T05:08:06.461+0000][627.693s][info][gc,task     ] GC(245) Using 2 workers of 2 for evacuation
[2026-10-07T05:08:06.470+0000][627.702s][info][gc,phases   ] GC(245)   Pre Evacuate Collection Set: 0.30ms
[2026-10-07T05:08:06.470+0000][627.702s][info][gc,phases   ] GC(245)   Merge Heap Roots: 0.22ms
[2026-10-07T05:08:06.470+0000][627.702s][info][gc,phases   ] GC(245)   Evacuate Collection Set: 6.90ms
[2026-10-07T05:08:06.470+0000][627.702s][info][gc,phases   ] GC(245)   Post Evacuate Collection Set: 1.04ms
[2026-10-07T05:08:06.470+0000][627.702s][info][gc,phases   ] GC(245)   Other: 0.08ms
[2026-10-07T05:08:06.470+0000][627.702s][info][gc,heap     ] GC(245) Eden regions: 19->0(19)
[2026-10-07T05:08:06.470+0000][627.702s][info][gc,heap     ] GC(245) Survivor regions: 2->2(3)
[2026-10-07T05:08:06.470+0000][627.702s][info][gc,heap     ] GC(245) Old regions: 30->30
[2026-10-07T05:08:06.470+0000][627.702s][info][gc,heap     ] GC(245) Humongous regions: 2->2
[2026-10-07T05:08:06.470+0000][627.702s][info][gc,metaspace] GC(245) Metaspace: 74629K(75456K)->74629K(75456K) NonClass: 65315K(65728K)->65315K(65728K) Class: 9313K(9728K)->9313K(9728K)
[2026-10-07T05:08:06.470+0000][627.702s][info][gc          ] GC(245) Pause Young (Prepare Mixed) (G1 Evacuation Pause) 52M->33M(57M) 8.842ms
[2026-10-07T05:08:06.470+0000][627.702s][info][gc,cpu      ] GC(245) User=0.01s Sys=0.00s Real=0.01s
[2026-10-07T05:08:10.009+0000][631.241s][info][gc,start    ] GC(246) Pause Young (Mixed) (G1 Evacuation Pause)
[2026-10-07T05:08:10.009+0000][631.241s][info][gc,task     ] GC(246) Using 2 workers of 2 for evacuation
[2026-10-07T05:08:10.020+0000][631.253s][info][gc,phases   ] GC(246)   Pre Evacuate Collection Set: 0.42ms
[2026-10-07T05:08:10.020+0000][631.253s][info][gc,phases   ] GC(246)   Merge Heap Roots: 0.16ms
[2026-10-07T05:08:10.020+0000][631.253s][info][gc,phases   ] GC(246)   Evacuate Collection Set: 8.25ms
[2026-10-07T05:08:10.020+0000][631.253s][info][gc,phases   ] GC(246)   Post Evacuate Collection Set: 2.30ms
[2026-10-07T05:08:10.022+0000][631.254s][info][gc,phases   ] GC(246)   Other: 0.13ms
[2026-10-07T05:08:10.022+0000][631.254s][info][gc,heap     ] GC(246) Eden regions: 19->0(19)
[2026-10-07T05:08:10.022+0000][631.254s][info][gc,heap     ] GC(246) Survivor regions: 2->2(3)
[2026-10-07T05:08:10.022+0000][631.254s][info][gc,heap     ] GC(246) Old regions: 30->30
[2026-10-07T05:08:10.022+0000][631.254s][info][gc,heap     ] GC(246) Humongous regions: 2->2
[2026-10-07T05:08:10.022+0000][631.254s][info][gc,metaspace] GC(246) Metaspace: 74629K(75456K)->74629K(75456K) NonClass: 65315K(65728K)->65315K(65728K) Class: 9313K(9728K)->9313K(9728K)
[2026-10-07T05:08:10.022+0000][631.254s][info][gc          ] GC(246) Pause Young (Mixed) (G1 Evacuation Pause) 52M->32M(57M) 12.715ms
[2026-10-07T05:08:10.022+0000][631.254s][info][gc,cpu      ] GC(246) User=0.01s Sys=0.00s Real=0.01s
[2026-10-07T05:08:13.351+0000][634.583s][info][gc,start    ] GC(247) Pause Young (Concurrent Start) (G1 Evacuation Pause)
[2026-10-07T05:08:13.351+0000][634.583s][info][gc,task     ] GC(247) Using 2 workers of 2 for evacuation
[2026-10-07T05:08:13.359+0000][634.591s][info][gc,phases   ] GC(247)   Pre Evacuate Collection Set: 0.63ms
[2026-10-07T05:08:13.359+0000][634.591s][info][gc,phases   ] GC(247)   Merge Heap Roots: 0.41ms
[2026-10-07T05:08:13.359+0000][634.591s][info][gc,phases   ] GC(247)   Evacuate Collection Set: 5.94ms
[2026-10-07T05:08:13.359+0000][634.591s][info][gc,phases   ] GC(247)   Post Evacuate Collection Set: 0.62ms
[2026-10-07T05:08:13.359+0000][634.591s][info][gc,phases   ] GC(247)   Other: 0.17ms
[2026-10-07T05:08:13.360+0000][634.592s][info][gc,heap     ] GC(247) Eden regions: 19->0(19)
[2026-10-07T05:08:13.360+0000][634.592s][info][gc,heap     ] GC(247) Survivor regions: 2->2(3)
[2026-10-07T05:08:13.360+0000][634.592s][info][gc,heap     ] GC(247) Old regions: 30->30
[2026-10-07T05:08:13.360+0000][634.592s][info][gc,heap     ] GC(247) Humongous regions: 2->2
[2026-10-07T05:08:13.360+0000][634.592s][info][gc,metaspace] GC(247) Metaspace: 74631K(75456K)->74631K(75456K) NonClass: 65317K(65728K)->65317K(65728K) Class: 9313K(9728K)->9313K(9728K)
[2026-10-07T05:08:13.360+0000][634.593s][info][gc          ] GC(247) Pause Young (Concurrent Start) (G1 Evacuation Pause) 51M->33M(57M) 9.391ms
[2026-10-07T05:08:13.361+0000][634.593s][info][gc          ] GC(248) Concurrent Mark Cycle
[2026-10-07T05:08:13.361+0000][634.593s][info][gc,marking  ] GC(248) Concurrent Scan Root Regions
[2026-10-07T05:08:13.361+0000][634.593s][info][gc,cpu      ] GC(247) User=0.00s Sys=0.01s Real=0.01s
[2026-10-07T05:08:13.376+0000][634.608s][info][gc,marking  ] GC(248) Concurrent Scan Root Regions 15.048ms
[2026-10-07T05:08:13.376+0000][634.608s][info][gc,marking  ] GC(248) Concurrent Mark
[2026-10-07T05:08:13.376+0000][634.608s][info][gc,marking  ] GC(248) Concurrent Mark From Roots
[2026-10-07T05:08:13.376+0000][634.608s][info][gc,task     ] GC(248) Using 1 workers of 1 for marking
[2026-10-07T05:08:13.495+0000][634.727s][info][gc,marking  ] GC(248) Concurrent Mark From Roots 119.115ms
[2026-10-07T05:08:13.495+0000][634.727s][info][gc,marking  ] GC(248) Concurrent Preclean
[2026-10-07T05:08:13.495+0000][634.727s][info][gc,marking  ] GC(248) Concurrent Preclean 0.351ms
[2026-10-07T05:08:13.497+0000][634.729s][info][gc,start    ] GC(248) Pause Remark
[2026-10-07T05:08:13.522+0000][634.754s][info][gc          ] GC(248) Pause Remark 33M->33M(57M) 24.891ms
[2026-10-07T05:08:13.522+0000][634.754s][info][gc,cpu      ] GC(248) User=0.04s Sys=0.00s Real=0.02s
[2026-10-07T05:08:13.522+0000][634.754s][info][gc,marking  ] GC(248) Concurrent Mark 146.222ms
[2026-10-07T05:08:13.523+0000][634.755s][info][gc,marking  ] GC(248) Concurrent Rebuild Remembered Sets and Scrub Regions
[2026-10-07T05:08:13.578+0000][634.810s][info][gc,marking  ] GC(248) Concurrent Rebuild Remembered Sets and Scrub Regions 54.906ms
[2026-10-07T05:08:13.579+0000][634.812s][info][gc,start    ] GC(248) Pause Cleanup
[2026-10-07T05:08:13.580+0000][634.812s][info][gc          ] GC(248) Pause Cleanup 34M->34M(57M) 0.488ms
[2026-10-07T05:08:13.580+0000][634.812s][info][gc,cpu      ] GC(248) User=0.00s Sys=0.00s Real=0.00s
[2026-10-07T05:08:13.580+0000][634.812s][info][gc,marking  ] GC(248) Concurrent Clear Claimed Marks
[2026-10-07T05:08:13.580+0000][634.812s][info][gc,marking  ] GC(248) Concurrent Clear Claimed Marks 0.100ms
[2026-10-07T05:08:13.580+0000][634.812s][info][gc,marking  ] GC(248) Concurrent Cleanup for Next Mark
[2026-10-07T05:08:13.583+0000][634.815s][info][gc,marking  ] GC(248) Concurrent Cleanup for Next Mark 2.760ms
[2026-10-07T05:08:13.584+0000][634.816s][info][gc          ] GC(248) Concurrent Mark Cycle 223.031ms
[2026-10-07T05:08:16.987+0000][638.219s][info][gc,start    ] GC(249) Pause Young (Prepare Mixed) (G1 Evacuation Pause)
[2026-10-07T05:08:16.988+0000][638.220s][info][gc,task     ] GC(249) Using 2 workers of 2 for evacuation
[2026-10-07T05:08:16.997+0000][638.229s][info][gc,phases   ] GC(249)   Pre Evacuate Collection Set: 0.81ms
[2026-10-07T05:08:16.997+0000][638.229s][info][gc,phases   ] GC(249)   Merge Heap Roots: 0.16ms
[2026-10-07T05:08:16.997+0000][638.229s][info][gc,phases   ] GC(249)   Evacuate Collection Set: 6.75ms
[2026-10-07T05:08:16.997+0000][638.229s][info][gc,phases   ] GC(249)   Post Evacuate Collection Set: 1.15ms
[2026-10-07T05:08:16.997+0000][638.229s][info][gc,phases   ] GC(249)   Other: 0.71ms
[2026-10-07T05:08:16.997+0000][638.230s][info][gc,heap     ] GC(249) Eden regions: 19->0(19)
[2026-10-07T05:08:16.997+0000][638.230s][info][gc,heap     ] GC(249) Survivor regions: 2->2(3)
[2026-10-07T05:08:16.998+0000][638.230s][info][gc,heap     ] GC(249) Old regions: 30->30
[2026-10-07T05:08:16.998+0000][638.230s][info][gc,heap     ] GC(249) Humongous regions: 2->2
[2026-10-07T05:08:16.998+0000][638.230s][info][gc,metaspace] GC(249) Metaspace: 74631K(75456K)->74631K(75456K) NonClass: 65317K(65728K)->65317K(65728K) Class: 9313K(9728K)->9313K(9728K)
[2026-10-07T05:08:16.998+0000][638.230s][info][gc          ] GC(249) Pause Young (Prepare Mixed) (G1 Evacuation Pause) 52M->33M(57M) 10.555ms
[2026-10-07T05:08:16.998+0000][638.231s][info][gc,cpu      ] GC(249) User=0.01s Sys=0.00s Real=0.01s
[2026-10-07T05:08:20.373+0000][641.605s][info][gc,start    ] GC(250) Pause Young (Mixed) (G1 Evacuation Pause)
[2026-10-07T05:08:20.373+0000][641.605s][info][gc,task     ] GC(250) Using 2 workers of 2 for evacuation
[2026-10-07T05:08:20.385+0000][641.617s][info][gc,phases   ] GC(250)   Pre Evacuate Collection Set: 0.49ms
[2026-10-07T05:08:20.385+0000][641.617s][info][gc,phases   ] GC(250)   Merge Heap Roots: 0.35ms
[2026-10-07T05:08:20.385+0000][641.617s][info][gc,phases   ] GC(250)   Evacuate Collection Set: 10.29ms
[2026-10-07T05:08:20.385+0000][641.617s][info][gc,phases   ] GC(250)   Post Evacuate Collection Set: 0.82ms
[2026-10-07T05:08:20.385+0000][641.617s][info][gc,phases   ] GC(250)   Other: 0.16ms
[2026-10-07T05:08:20.385+0000][641.617s][info][gc,heap     ] GC(250) Eden regions: 19->0(19)
[2026-10-07T05:08:20.385+0000][641.617s][info][gc,heap     ] GC(250) Survivor regions: 2->2(3)
[2026-10-07T05:08:20.385+0000][641.617s][info][gc,heap     ] GC(250) Old regions: 30->30
[2026-10-07T05:08:20.385+0000][641.617s][info][gc,heap     ] GC(250) Humongous regions: 2->2
[2026-10-07T05:08:20.385+0000][641.617s][info][gc,metaspace] GC(250) Metaspace: 74632K(75456K)->74632K(75456K) NonClass: 65318K(65728K)->65318K(65728K) Class: 9313K(9728K)->9313K(9728K)
[2026-10-07T05:08:20.386+0000][641.618s][info][gc          ] GC(250) Pause Young (Mixed) (G1 Evacuation Pause) 52M->33M(57M) 12.953ms
[2026-10-07T05:08:20.386+0000][641.618s][info][gc,cpu      ] GC(250) User=0.01s Sys=0.00s Real=0.02s
[2026-10-07T05:08:23.778+0000][645.010s][info][gc,start    ] GC(251) Pause Young (Concurrent Start) (G1 Evacuation Pause)
[2026-10-07T05:08:23.778+0000][645.010s][info][gc,task     ] GC(251) Using 2 workers of 2 for evacuation
[2026-10-07T05:08:23.793+0000][645.025s][info][gc,phases   ] GC(251)   Pre Evacuate Collection Set: 1.34ms
[2026-10-07T05:08:23.793+0000][645.025s][info][gc,phases   ] GC(251)   Merge Heap Roots: 0.68ms
[2026-10-07T05:08:23.793+0000][645.025s][info][gc,phases   ] GC(251)   Evacuate Collection Set: 11.11ms
[2026-10-07T05:08:23.793+0000][645.025s][info][gc,phases   ] GC(251)   Post Evacuate Collection Set: 1.48ms
[2026-10-07T05:08:23.793+0000][645.025s][info][gc,phases   ] GC(251)   Other: 0.48ms
[2026-10-07T05:08:23.793+0000][645.025s][info][gc,heap     ] GC(251) Eden regions: 19->0(19)
[2026-10-07T05:08:23.793+0000][645.025s][info][gc,heap     ] GC(251) Survivor regions: 2->2(3)
[2026-10-07T05:08:23.793+0000][645.025s][info][gc,heap     ] GC(251) Old regions: 30->30
[2026-10-07T05:08:23.793+0000][645.025s][info][gc,heap     ] GC(251) Humongous regions: 2->2
[2026-10-07T05:08:23.793+0000][645.025s][info][gc,metaspace] GC(251) Metaspace: 74695K(75456K)->74695K(75456K) NonClass: 65368K(65728K)->65368K(65728K) Class: 9327K(9728K)->9327K(9728K)
[2026-10-07T05:08:23.793+0000][645.025s][info][gc          ] GC(251) Pause Young (Concurrent Start) (G1 Evacuation Pause) 52M->33M(57M) 15.315ms
[2026-10-07T05:08:23.793+0000][645.025s][info][gc          ] GC(252) Concurrent Mark Cycle
[2026-10-07T05:08:23.793+0000][645.025s][info][gc,cpu      ] GC(251) User=0.01s Sys=0.00s Real=0.01s
[2026-10-07T05:08:23.793+0000][645.025s][info][gc,marking  ] GC(252) Concurrent Scan Root Regions
[2026-10-07T05:08:23.803+0000][645.035s][info][gc,marking  ] GC(252) Concurrent Scan Root Regions 9.984ms
[2026-10-07T05:08:23.803+0000][645.035s][info][gc,marking  ] GC(252) Concurrent Mark
[2026-10-07T05:08:23.803+0000][645.035s][info][gc,marking  ] GC(252) Concurrent Mark From Roots
[2026-10-07T05:08:23.803+0000][645.035s][info][gc,task     ] GC(252) Using 1 workers of 1 for marking
[2026-10-07T05:08:23.945+0000][645.177s][info][gc,marking  ] GC(252) Concurrent Mark From Roots 141.882ms
[2026-10-07T05:08:23.945+0000][645.177s][info][gc,marking  ] GC(252) Concurrent Preclean
[2026-10-07T05:08:23.945+0000][645.178s][info][gc,marking  ] GC(252) Concurrent Preclean 0.513ms
[2026-10-07T05:08:23.947+0000][645.179s][info][gc,start    ] GC(252) Pause Remark
[2026-10-07T05:08:23.972+0000][645.204s][info][gc          ] GC(252) Pause Remark 34M->34M(57M) 25.170ms
[2026-10-07T05:08:23.972+0000][645.204s][info][gc,cpu      ] GC(252) User=0.04s Sys=0.00s Real=0.02s
[2026-10-07T05:08:23.973+0000][645.205s][info][gc,marking  ] GC(252) Concurrent Mark 169.704ms
[2026-10-07T05:08:23.973+0000][645.205s][info][gc,marking  ] GC(252) Concurrent Rebuild Remembered Sets and Scrub Regions
[2026-10-07T05:08:24.030+0000][645.262s][info][gc,marking  ] GC(252) Concurrent Rebuild Remembered Sets and Scrub Regions 56.757ms
[2026-10-07T05:08:24.030+0000][645.262s][info][gc,start    ] GC(252) Pause Cleanup
[2026-10-07T05:08:24.030+0000][645.262s][info][gc          ] GC(252) Pause Cleanup 34M->34M(57M) 0.391ms
[2026-10-07T05:08:24.030+0000][645.263s][info][gc,cpu      ] GC(252) User=0.00s Sys=0.00s Real=0.00s
[2026-10-07T05:08:24.033+0000][645.265s][info][gc,marking  ] GC(252) Concurrent Clear Claimed Marks
[2026-10-07T05:08:24.034+0000][645.266s][info][gc,marking  ] GC(252) Concurrent Clear Claimed Marks 0.345ms
[2026-10-07T05:08:24.034+0000][645.266s][info][gc,marking  ] GC(252) Concurrent Cleanup for Next Mark
[2026-10-07T05:08:24.035+0000][645.268s][info][gc,marking  ] GC(252) Concurrent Cleanup for Next Mark 1.552ms
[2026-10-07T05:08:24.035+0000][645.268s][info][gc          ] GC(252) Concurrent Mark Cycle 242.415ms
[2026-10-07T05:08:27.553+0000][648.786s][info][gc,start    ] GC(253) Pause Young (Prepare Mixed) (G1 Evacuation Pause)
[2026-10-07T05:08:27.553+0000][648.786s][info][gc,task     ] GC(253) Using 2 workers of 2 for evacuation
[2026-10-07T05:08:27.561+0000][648.793s][info][gc,phases   ] GC(253)   Pre Evacuate Collection Set: 0.38ms
[2026-10-07T05:08:27.561+0000][648.793s][info][gc,phases   ] GC(253)   Merge Heap Roots: 0.26ms
[2026-10-07T05:08:27.561+0000][648.793s][info][gc,phases   ] GC(253)   Evacuate Collection Set: 6.19ms
[2026-10-07T05:08:27.561+0000][648.793s][info][gc,phases   ] GC(253)   Post Evacuate Collection Set: 0.77ms
[2026-10-07T05:08:27.561+0000][648.794s][info][gc,phases   ] GC(253)   Other: 0.10ms
[2026-10-07T05:08:27.561+0000][648.794s][info][gc,heap     ] GC(253) Eden regions: 19->0(19)
[2026-10-07T05:08:27.561+0000][648.794s][info][gc,heap     ] GC(253) Survivor regions: 2->2(3)
[2026-10-07T05:08:27.561+0000][648.794s][info][gc,heap     ] GC(253) Old regions: 30->30
[2026-10-07T05:08:27.561+0000][648.794s][info][gc,heap     ] GC(253) Humongous regions: 2->2
[2026-10-07T05:08:27.562+0000][648.794s][info][gc,metaspace] GC(253) Metaspace: 74695K(75456K)->74695K(75456K) NonClass: 65368K(65728K)->65368K(65728K) Class: 9327K(9728K)->9327K(9728K)
[2026-10-07T05:08:27.562+0000][648.794s][info][gc          ] GC(253) Pause Young (Prepare Mixed) (G1 Evacuation Pause) 52M->33M(57M) 8.285ms
[2026-10-07T05:08:27.562+0000][648.794s][info][gc,cpu      ] GC(253) User=0.01s Sys=0.00s Real=0.01s
[2026-10-07T05:08:30.988+0000][652.220s][info][gc,start    ] GC(254) Pause Young (Mixed) (G1 Evacuation Pause)
[2026-10-07T05:08:30.988+0000][652.220s][info][gc,task     ] GC(254) Using 2 workers of 2 for evacuation
[2026-10-07T05:08:31.005+0000][652.237s][info][gc,phases   ] GC(254)   Pre Evacuate Collection Set: 0.20ms
[2026-10-07T05:08:31.005+0000][652.237s][info][gc,phases   ] GC(254)   Merge Heap Roots: 0.99ms
[2026-10-07T05:08:31.005+0000][652.237s][info][gc,phases   ] GC(254)   Evacuate Collection Set: 13.21ms
[2026-10-07T05:08:31.005+0000][652.237s][info][gc,phases   ] GC(254)   Post Evacuate Collection Set: 1.91ms
[2026-10-07T05:08:31.005+0000][652.237s][info][gc,phases   ] GC(254)   Other: 0.15ms
[2026-10-07T05:08:31.005+0000][652.237s][info][gc,heap     ] GC(254) Eden regions: 19->0(19)
[2026-10-07T05:08:31.005+0000][652.237s][info][gc,heap     ] GC(254) Survivor regions: 2->2(3)
[2026-10-07T05:08:31.005+0000][652.237s][info][gc,heap     ] GC(254) Old regions: 30->30
[2026-10-07T05:08:31.005+0000][652.237s][info][gc,heap     ] GC(254) Humongous regions: 2->2
[2026-10-07T05:08:31.005+0000][652.237s][info][gc,metaspace] GC(254) Metaspace: 74706K(75520K)->74706K(75520K) NonClass: 65379K(65792K)->65379K(65792K) Class: 9327K(9728K)->9327K(9728K)
[2026-10-07T05:08:31.005+0000][652.237s][info][gc          ] GC(254) Pause Young (Mixed) (G1 Evacuation Pause) 52M->32M(57M) 16.862ms
[2026-10-07T05:08:31.005+0000][652.237s][info][gc,cpu      ] GC(254) User=0.02s Sys=0.00s Real=0.02s
[2026-10-07T05:08:34.435+0000][655.667s][info][gc,start    ] GC(255) Pause Young (Concurrent Start) (G1 Evacuation Pause)
[2026-10-07T05:08:34.435+0000][655.667s][info][gc,task     ] GC(255) Using 2 workers of 2 for evacuation
[2026-10-07T05:08:34.446+0000][655.678s][info][gc,phases   ] GC(255)   Pre Evacuate Collection Set: 0.30ms
[2026-10-07T05:08:34.446+0000][655.678s][info][gc,phases   ] GC(255)   Merge Heap Roots: 0.57ms
[2026-10-07T05:08:34.446+0000][655.678s][info][gc,phases   ] GC(255)   Evacuate Collection Set: 8.87ms
[2026-10-07T05:08:34.446+0000][655.678s][info][gc,phases   ] GC(255)   Post Evacuate Collection Set: 0.74ms
[2026-10-07T05:08:34.446+0000][655.678s][info][gc,phases   ] GC(255)   Other: 0.25ms
[2026-10-07T05:08:34.446+0000][655.678s][info][gc,heap     ] GC(255) Eden regions: 19->0(19)
[2026-10-07T05:08:34.446+0000][655.678s][info][gc,heap     ] GC(255) Survivor regions: 2->2(3)
[2026-10-07T05:08:34.446+0000][655.678s][info][gc,heap     ] GC(255) Old regions: 30->30
[2026-10-07T05:08:34.446+0000][655.678s][info][gc,heap     ] GC(255) Humongous regions: 2->2
[2026-10-07T05:08:34.446+0000][655.678s][info][gc,metaspace] GC(255) Metaspace: 74706K(75520K)->74706K(75520K) NonClass: 65379K(65792K)->65379K(65792K) Class: 9327K(9728K)->9327K(9728K)
[2026-10-07T05:08:34.446+0000][655.678s][info][gc          ] GC(255) Pause Young (Concurrent Start) (G1 Evacuation Pause) 51M->33M(57M) 11.280ms
[2026-10-07T05:08:34.446+0000][655.679s][info][gc,cpu      ] GC(255) User=0.01s Sys=0.00s Real=0.01s
[2026-10-07T05:08:34.446+0000][655.679s][info][gc          ] GC(256) Concurrent Mark Cycle
[2026-10-07T05:08:34.448+0000][655.680s][info][gc,marking  ] GC(256) Concurrent Scan Root Regions
[2026-10-07T05:08:34.455+0000][655.687s][info][gc,marking  ] GC(256) Concurrent Scan Root Regions 7.304ms
[2026-10-07T05:08:34.455+0000][655.688s][info][gc,marking  ] GC(256) Concurrent Mark
[2026-10-07T05:08:34.455+0000][655.688s][info][gc,marking  ] GC(256) Concurrent Mark From Roots
[2026-10-07T05:08:34.455+0000][655.688s][info][gc,task     ] GC(256) Using 1 workers of 1 for marking
[2026-10-07T05:08:34.566+0000][655.798s][info][gc,marking  ] GC(256) Concurrent Mark From Roots 110.808ms
[2026-10-07T05:08:34.566+0000][655.799s][info][gc,marking  ] GC(256) Concurrent Preclean
[2026-10-07T05:08:34.567+0000][655.799s][info][gc,marking  ] GC(256) Concurrent Preclean 0.850ms
[2026-10-07T05:08:34.568+0000][655.800s][info][gc,start    ] GC(256) Pause Remark
[2026-10-07T05:08:34.595+0000][655.828s][info][gc          ] GC(256) Pause Remark 34M->34M(57M) 27.464ms
[2026-10-07T05:08:34.595+0000][655.828s][info][gc,cpu      ] GC(256) User=0.04s Sys=0.01s Real=0.03s
[2026-10-07T05:08:34.595+0000][655.828s][info][gc,marking  ] GC(256) Concurrent Mark 140.137ms
[2026-10-07T05:08:34.596+0000][655.828s][info][gc,marking  ] GC(256) Concurrent Rebuild Remembered Sets and Scrub Regions
[2026-10-07T05:08:34.658+0000][655.890s][info][gc,marking  ] GC(256) Concurrent Rebuild Remembered Sets and Scrub Regions 62.144ms
[2026-10-07T05:08:34.659+0000][655.891s][info][gc,start    ] GC(256) Pause Cleanup
[2026-10-07T05:08:34.659+0000][655.892s][info][gc          ] GC(256) Pause Cleanup 34M->34M(57M) 0.732ms
[2026-10-07T05:08:34.659+0000][655.892s][info][gc,cpu      ] GC(256) User=0.00s Sys=0.01s Real=0.00s
[2026-10-07T05:08:34.660+0000][655.892s][info][gc,marking  ] GC(256) Concurrent Clear Claimed Marks
[2026-10-07T05:08:34.660+0000][655.893s][info][gc,marking  ] GC(256) Concurrent Clear Claimed Marks 0.430ms
[2026-10-07T05:08:34.661+0000][655.893s][info][gc,marking  ] GC(256) Concurrent Cleanup for Next Mark
[2026-10-07T05:08:34.663+0000][655.895s][info][gc,marking  ] GC(256) Concurrent Cleanup for Next Mark 1.552ms
[2026-10-07T05:08:34.663+0000][655.895s][info][gc          ] GC(256) Concurrent Mark Cycle 216.296ms
[2026-10-07T05:08:37.848+0000][659.080s][info][gc,start    ] GC(257) Pause Young (Prepare Mixed) (G1 Evacuation Pause)
[2026-10-07T05:08:37.848+0000][659.080s][info][gc,task     ] GC(257) Using 2 workers of 2 for evacuation
[2026-10-07T05:08:37.855+0000][659.087s][info][gc,phases   ] GC(257)   Pre Evacuate Collection Set: 0.18ms
[2026-10-07T05:08:37.855+0000][659.087s][info][gc,phases   ] GC(257)   Merge Heap Roots: 0.10ms
[2026-10-07T05:08:37.855+0000][659.087s][info][gc,phases   ] GC(257)   Evacuate Collection Set: 5.95ms
[2026-10-07T05:08:37.855+0000][659.087s][info][gc,phases   ] GC(257)   Post Evacuate Collection Set: 0.78ms
[2026-10-07T05:08:37.855+0000][659.087s][info][gc,phases   ] GC(257)   Other: 0.10ms
[2026-10-07T05:08:37.855+0000][659.087s][info][gc,heap     ] GC(257) Eden regions: 19->0(19)
[2026-10-07T05:08:37.855+0000][659.087s][info][gc,heap     ] GC(257) Survivor regions: 2->2(3)
[2026-10-07T05:08:37.855+0000][659.087s][info][gc,heap     ] GC(257) Old regions: 30->30
[2026-10-07T05:08:37.855+0000][659.087s][info][gc,heap     ] GC(257) Humongous regions: 2->2
[2026-10-07T05:08:37.855+0000][659.087s][info][gc,metaspace] GC(257) Metaspace: 74706K(75520K)->74706K(75520K) NonClass: 65379K(65792K)->65379K(65792K) Class: 9327K(9728K)->9327K(9728K)
[2026-10-07T05:08:37.855+0000][659.087s][info][gc          ] GC(257) Pause Young (Prepare Mixed) (G1 Evacuation Pause) 52M->33M(57M) 7.328ms
[2026-10-07T05:08:37.855+0000][659.087s][info][gc,cpu      ] GC(257) User=0.01s Sys=0.00s Real=0.01s
[2026-10-07T05:08:41.331+0000][662.563s][info][gc,start    ] GC(258) Pause Young (Mixed) (G1 Evacuation Pause)
[2026-10-07T05:08:41.331+0000][662.563s][info][gc,task     ] GC(258) Using 2 workers of 2 for evacuation
[2026-10-07T05:08:41.339+0000][662.571s][info][gc,phases   ] GC(258)   Pre Evacuate Collection Set: 0.23ms
[2026-10-07T05:08:41.339+0000][662.571s][info][gc,phases   ] GC(258)   Merge Heap Roots: 0.42ms
[2026-10-07T05:08:41.339+0000][662.571s][info][gc,phases   ] GC(258)   Evacuate Collection Set: 6.53ms
[2026-10-07T05:08:41.339+0000][662.571s][info][gc,phases   ] GC(258)   Post Evacuate Collection Set: 0.79ms
[2026-10-07T05:08:41.339+0000][662.571s][info][gc,phases   ] GC(258)   Other: 0.08ms
[2026-10-07T05:08:41.339+0000][662.571s][info][gc,heap     ] GC(258) Eden regions: 19->0(19)
[2026-10-07T05:08:41.339+0000][662.571s][info][gc,heap     ] GC(258) Survivor regions: 2->2(3)
[2026-10-07T05:08:41.339+0000][662.571s][info][gc,heap     ] GC(258) Old regions: 30->30
[2026-10-07T05:08:41.339+0000][662.571s][info][gc,heap     ] GC(258) Humongous regions: 2->2
[2026-10-07T05:08:41.339+0000][662.571s][info][gc,metaspace] GC(258) Metaspace: 74707K(75520K)->74707K(75520K) NonClass: 65380K(65792K)->65380K(65792K) Class: 9327K(9728K)->9327K(9728K)
[2026-10-07T05:08:41.339+0000][662.571s][info][gc          ] GC(258) Pause Young (Mixed) (G1 Evacuation Pause) 52M->32M(57M) 8.276ms
[2026-10-07T05:08:41.339+0000][662.571s][info][gc,cpu      ] GC(258) User=0.01s Sys=0.00s Real=0.01s
[2026-10-07T05:08:44.631+0000][665.863s][info][gc,start    ] GC(259) Pause Young (Concurrent Start) (G1 Evacuation Pause)
[2026-10-07T05:08:44.631+0000][665.863s][info][gc,task     ] GC(259) Using 2 workers of 2 for evacuation
[2026-10-07T05:08:44.640+0000][665.873s][info][gc,phases   ] GC(259)   Pre Evacuate Collection Set: 0.33ms
[2026-10-07T05:08:44.640+0000][665.873s][info][gc,phases   ] GC(259)   Merge Heap Roots: 0.11ms
[2026-10-07T05:08:44.640+0000][665.873s][info][gc,phases   ] GC(259)   Evacuate Collection Set: 7.71ms
[2026-10-07T05:08:44.640+0000][665.873s][info][gc,phases   ] GC(259)   Post Evacuate Collection Set: 0.89ms
[2026-10-07T05:08:44.640+0000][665.873s][info][gc,phases   ] GC(259)   Other: 0.21ms
[2026-10-07T05:08:44.640+0000][665.873s][info][gc,heap     ] GC(259) Eden regions: 19->0(19)
[2026-10-07T05:08:44.640+0000][665.873s][info][gc,heap     ] GC(259) Survivor regions: 2->2(3)
[2026-10-07T05:08:44.640+0000][665.873s][info][gc,heap     ] GC(259) Old regions: 30->30
[2026-10-07T05:08:44.640+0000][665.873s][info][gc,heap     ] GC(259) Humongous regions: 2->2
[2026-10-07T05:08:44.641+0000][665.873s][info][gc,metaspace] GC(259) Metaspace: 74709K(75520K)->74709K(75520K) NonClass: 65381K(65792K)->65381K(65792K) Class: 9327K(9728K)->9327K(9728K)
[2026-10-07T05:08:44.641+0000][665.873s][info][gc          ] GC(259) Pause Young (Concurrent Start) (G1 Evacuation Pause) 51M->33M(57M) 9.554ms
[2026-10-07T05:08:44.641+0000][665.873s][info][gc,cpu      ] GC(259) User=0.01s Sys=0.00s Real=0.01s
[2026-10-07T05:08:44.643+0000][665.875s][info][gc          ] GC(260) Concurrent Mark Cycle
[2026-10-07T05:08:44.643+0000][665.875s][info][gc,marking  ] GC(260) Concurrent Scan Root Regions
[2026-10-07T05:08:44.649+0000][665.881s][info][gc,marking  ] GC(260) Concurrent Scan Root Regions 5.717ms
[2026-10-07T05:08:44.649+0000][665.881s][info][gc,marking  ] GC(260) Concurrent Mark
[2026-10-07T05:08:44.649+0000][665.881s][info][gc,marking  ] GC(260) Concurrent Mark From Roots
[2026-10-07T05:08:44.649+0000][665.881s][info][gc,task     ] GC(260) Using 1 workers of 1 for marking
[2026-10-07T05:08:44.749+0000][665.981s][info][gc,marking  ] GC(260) Concurrent Mark From Roots 99.749ms
[2026-10-07T05:08:44.749+0000][665.981s][info][gc,marking  ] GC(260) Concurrent Preclean
[2026-10-07T05:08:44.749+0000][665.981s][info][gc,marking  ] GC(260) Concurrent Preclean 0.479ms
[2026-10-07T05:08:44.750+0000][665.982s][info][gc,start    ] GC(260) Pause Remark
[2026-10-07T05:08:44.778+0000][666.011s][info][gc          ] GC(260) Pause Remark 33M->33M(57M) 28.296ms
[2026-10-07T05:08:44.778+0000][666.011s][info][gc,cpu      ] GC(260) User=0.04s Sys=0.00s Real=0.03s
[2026-10-07T05:08:44.783+0000][666.015s][info][gc,marking  ] GC(260) Concurrent Mark 134.290ms
[2026-10-07T05:08:44.783+0000][666.015s][info][gc,marking  ] GC(260) Concurrent Rebuild Remembered Sets and Scrub Regions
[2026-10-07T05:08:44.825+0000][666.057s][info][gc,marking  ] GC(260) Concurrent Rebuild Remembered Sets and Scrub Regions 41.760ms
[2026-10-07T05:08:44.825+0000][666.057s][info][gc,start    ] GC(260) Pause Cleanup
[2026-10-07T05:08:44.826+0000][666.059s][info][gc          ] GC(260) Pause Cleanup 34M->34M(57M) 1.321ms
[2026-10-07T05:08:44.826+0000][666.059s][info][gc,cpu      ] GC(260) User=0.00s Sys=0.00s Real=0.00s
[2026-10-07T05:08:44.826+0000][666.059s][info][gc,marking  ] GC(260) Concurrent Clear Claimed Marks
[2026-10-07T05:08:44.827+0000][666.059s][info][gc,marking  ] GC(260) Concurrent Clear Claimed Marks 0.118ms
[2026-10-07T05:08:44.827+0000][666.059s][info][gc,marking  ] GC(260) Concurrent Cleanup for Next Mark
[2026-10-07T05:08:44.827+0000][666.059s][info][gc,marking  ] GC(260) Concurrent Cleanup for Next Mark 0.514ms
[2026-10-07T05:08:44.827+0000][666.059s][info][gc          ] GC(260) Concurrent Mark Cycle 184.256ms
[2026-10-07T05:08:48.010+0000][669.242s][info][gc,start    ] GC(261) Pause Young (Prepare Mixed) (G1 Evacuation Pause)
[2026-10-07T05:08:48.010+0000][669.242s][info][gc,task     ] GC(261) Using 2 workers of 2 for evacuation
[2026-10-07T05:08:48.018+0000][669.250s][info][gc,phases   ] GC(261)   Pre Evacuate Collection Set: 0.26ms
[2026-10-07T05:08:48.018+0000][669.250s][info][gc,phases   ] GC(261)   Merge Heap Roots: 0.14ms
[2026-10-07T05:08:48.018+0000][669.250s][info][gc,phases   ] GC(261)   Evacuate Collection Set: 6.08ms
[2026-10-07T05:08:48.018+0000][669.250s][info][gc,phases   ] GC(261)   Post Evacuate Collection Set: 1.01ms
[2026-10-07T05:08:48.018+0000][669.250s][info][gc,phases   ] GC(261)   Other: 0.16ms
[2026-10-07T05:08:48.018+0000][669.250s][info][gc,heap     ] GC(261) Eden regions: 19->0(19)
[2026-10-07T05:08:48.018+0000][669.250s][info][gc,heap     ] GC(261) Survivor regions: 2->2(3)
[2026-10-07T05:08:48.018+0000][669.250s][info][gc,heap     ] GC(261) Old regions: 30->30
[2026-10-07T05:08:48.018+0000][669.250s][info][gc,heap     ] GC(261) Humongous regions: 2->2
[2026-10-07T05:08:48.018+0000][669.250s][info][gc,metaspace] GC(261) Metaspace: 74710K(75520K)->74710K(75520K) NonClass: 65383K(65792K)->65383K(65792K) Class: 9327K(9728K)->9327K(9728K)
[2026-10-07T05:08:48.018+0000][669.250s][info][gc          ] GC(261) Pause Young (Prepare Mixed) (G1 Evacuation Pause) 52M->33M(57M) 8.049ms
[2026-10-07T05:08:48.018+0000][669.250s][info][gc,cpu      ] GC(261) User=0.01s Sys=0.00s Real=0.01s
[2026-10-07T05:08:51.601+0000][672.833s][info][gc,start    ] GC(262) Pause Young (Mixed) (G1 Evacuation Pause)
[2026-10-07T05:08:51.601+0000][672.833s][info][gc,task     ] GC(262) Using 2 workers of 2 for evacuation
[2026-10-07T05:08:51.611+0000][672.843s][info][gc,phases   ] GC(262)   Pre Evacuate Collection Set: 0.94ms
[2026-10-07T05:08:51.611+0000][672.843s][info][gc,phases   ] GC(262)   Merge Heap Roots: 0.18ms
[2026-10-07T05:08:51.611+0000][672.843s][info][gc,phases   ] GC(262)   Evacuate Collection Set: 7.92ms
[2026-10-07T05:08:51.611+0000][672.843s][info][gc,phases   ] GC(262)   Post Evacuate Collection Set: 0.74ms
[2026-10-07T05:08:51.611+0000][672.843s][info][gc,phases   ] GC(262)   Other: 0.08ms
[2026-10-07T05:08:51.611+0000][672.843s][info][gc,heap     ] GC(262) Eden regions: 19->0(19)
[2026-10-07T05:08:51.611+0000][672.843s][info][gc,heap     ] GC(262) Survivor regions: 2->2(3)
[2026-10-07T05:08:51.611+0000][672.843s][info][gc,heap     ] GC(262) Old regions: 30->30
[2026-10-07T05:08:51.611+0000][672.843s][info][gc,heap     ] GC(262) Humongous regions: 2->2
[2026-10-07T05:08:51.611+0000][672.843s][info][gc,metaspace] GC(262) Metaspace: 74710K(75520K)->74710K(75520K) NonClass: 65383K(65792K)->65383K(65792K) Class: 9327K(9728K)->9327K(9728K)
[2026-10-07T05:08:51.611+0000][672.843s][info][gc          ] GC(262) Pause Young (Mixed) (G1 Evacuation Pause) 52M->32M(57M) 10.270ms
[2026-10-07T05:08:51.611+0000][672.843s][info][gc,cpu      ] GC(262) User=0.02s Sys=0.01s Real=0.01s
[2026-10-07T05:08:55.053+0000][676.286s][info][gc,start    ] GC(263) Pause Young (Concurrent Start) (G1 Evacuation Pause)
[2026-10-07T05:08:55.054+0000][676.286s][info][gc,task     ] GC(263) Using 2 workers of 2 for evacuation
[2026-10-07T05:08:55.061+0000][676.293s][info][gc,phases   ] GC(263)   Pre Evacuate Collection Set: 0.92ms
[2026-10-07T05:08:55.061+0000][676.293s][info][gc,phases   ] GC(263)   Merge Heap Roots: 0.11ms
[2026-10-07T05:08:55.061+0000][676.293s][info][gc,phases   ] GC(263)   Evacuate Collection Set: 5.29ms
[2026-10-07T05:08:55.061+0000][676.293s][info][gc,phases   ] GC(263)   Post Evacuate Collection Set: 0.81ms
[2026-10-07T05:08:55.061+0000][676.293s][info][gc,phases   ] GC(263)   Other: 0.13ms
[2026-10-07T05:08:55.061+0000][676.293s][info][gc,heap     ] GC(263) Eden regions: 19->0(19)
[2026-10-07T05:08:55.061+0000][676.293s][info][gc,heap     ] GC(263) Survivor regions: 2->2(3)
[2026-10-07T05:08:55.061+0000][676.293s][info][gc,heap     ] GC(263) Old regions: 30->30
[2026-10-07T05:08:55.061+0000][676.293s][info][gc,heap     ] GC(263) Humongous regions: 2->2
[2026-10-07T05:08:55.061+0000][676.293s][info][gc,metaspace] GC(263) Metaspace: 74712K(75520K)->74712K(75520K) NonClass: 65385K(65792K)->65385K(65792K) Class: 9327K(9728K)->9327K(9728K)
[2026-10-07T05:08:55.061+0000][676.293s][info][gc          ] GC(263) Pause Young (Concurrent Start) (G1 Evacuation Pause) 51M->33M(57M) 7.622ms
[2026-10-07T05:08:55.061+0000][676.293s][info][gc          ] GC(264) Concurrent Mark Cycle
[2026-10-07T05:08:55.061+0000][676.293s][info][gc,marking  ] GC(264) Concurrent Scan Root Regions
[2026-10-07T05:08:55.062+0000][676.294s][info][gc,cpu      ] GC(263) User=0.01s Sys=0.00s Real=0.01s
[2026-10-07T05:08:55.076+0000][676.308s][info][gc,marking  ] GC(264) Concurrent Scan Root Regions 14.595ms
[2026-10-07T05:08:55.076+0000][676.308s][info][gc,marking  ] GC(264) Concurrent Mark
[2026-10-07T05:08:55.076+0000][676.308s][info][gc,marking  ] GC(264) Concurrent Mark From Roots
[2026-10-07T05:08:55.076+0000][676.308s][info][gc,task     ] GC(264) Using 1 workers of 1 for marking
[2026-10-07T05:08:55.165+0000][676.397s][info][gc,marking  ] GC(264) Concurrent Mark From Roots 89.187ms
[2026-10-07T05:08:55.165+0000][676.397s][info][gc,marking  ] GC(264) Concurrent Preclean
[2026-10-07T05:08:55.165+0000][676.398s][info][gc,marking  ] GC(264) Concurrent Preclean 0.333ms
[2026-10-07T05:08:55.166+0000][676.398s][info][gc,start    ] GC(264) Pause Remark
[2026-10-07T05:08:55.203+0000][676.435s][info][gc          ] GC(264) Pause Remark 33M->33M(57M) 36.362ms
[2026-10-07T05:08:55.203+0000][676.435s][info][gc,cpu      ] GC(264) User=0.06s Sys=0.00s Real=0.03s
[2026-10-07T05:08:55.208+0000][676.440s][info][gc,marking  ] GC(264) Concurrent Mark 132.309ms
[2026-10-07T05:08:55.209+0000][676.441s][info][gc,marking  ] GC(264) Concurrent Rebuild Remembered Sets and Scrub Regions
[2026-10-07T05:08:55.290+0000][676.522s][info][gc,marking  ] GC(264) Concurrent Rebuild Remembered Sets and Scrub Regions 80.813ms
[2026-10-07T05:08:55.290+0000][676.522s][info][gc,start    ] GC(264) Pause Cleanup
[2026-10-07T05:08:55.291+0000][676.523s][info][gc          ] GC(264) Pause Cleanup 33M->33M(57M) 1.455ms
[2026-10-07T05:08:55.291+0000][676.524s][info][gc,cpu      ] GC(264) User=0.00s Sys=0.00s Real=0.00s
[2026-10-07T05:08:55.291+0000][676.524s][info][gc,marking  ] GC(264) Concurrent Clear Claimed Marks
[2026-10-07T05:08:55.292+0000][676.524s][info][gc,marking  ] GC(264) Concurrent Clear Claimed Marks 0.254ms
[2026-10-07T05:08:55.292+0000][676.524s][info][gc,marking  ] GC(264) Concurrent Cleanup for Next Mark
[2026-10-07T05:08:55.292+0000][676.524s][info][gc,marking  ] GC(264) Concurrent Cleanup for Next Mark 0.474ms
[2026-10-07T05:08:55.292+0000][676.524s][info][gc          ] GC(264) Concurrent Mark Cycle 231.096ms
[2026-10-07T05:08:58.628+0000][679.860s][info][gc,start    ] GC(265) Pause Young (Prepare Mixed) (G1 Evacuation Pause)
[2026-10-07T05:08:58.628+0000][679.860s][info][gc,task     ] GC(265) Using 2 workers of 2 for evacuation
[2026-10-07T05:08:58.638+0000][679.870s][info][gc,phases   ] GC(265)   Pre Evacuate Collection Set: 0.30ms
[2026-10-07T05:08:58.638+0000][679.870s][info][gc,phases   ] GC(265)   Merge Heap Roots: 0.14ms
[2026-10-07T05:08:58.638+0000][679.870s][info][gc,phases   ] GC(265)   Evacuate Collection Set: 8.19ms
[2026-10-07T05:08:58.638+0000][679.870s][info][gc,phases   ] GC(265)   Post Evacuate Collection Set: 0.94ms
[2026-10-07T05:08:58.638+0000][679.870s][info][gc,phases   ] GC(265)   Other: 0.09ms
[2026-10-07T05:08:58.638+0000][679.870s][info][gc,heap     ] GC(265) Eden regions: 19->0(19)
[2026-10-07T05:08:58.638+0000][679.870s][info][gc,heap     ] GC(265) Survivor regions: 2->2(3)
[2026-10-07T05:08:58.638+0000][679.870s][info][gc,heap     ] GC(265) Old regions: 30->30
[2026-10-07T05:08:58.638+0000][679.870s][info][gc,heap     ] GC(265) Humongous regions: 2->2
[2026-10-07T05:08:58.638+0000][679.870s][info][gc,metaspace] GC(265) Metaspace: 74709K(75520K)->74709K(75520K) NonClass: 65383K(65792K)->65383K(65792K) Class: 9326K(9728K)->9326K(9728K)
[2026-10-07T05:08:58.638+0000][679.870s][info][gc          ] GC(265) Pause Young (Prepare Mixed) (G1 Evacuation Pause) 52M->33M(57M) 10.096ms
[2026-10-07T05:08:58.638+0000][679.870s][info][gc,cpu      ] GC(265) User=0.01s Sys=0.00s Real=0.01s
[2026-10-07T05:09:02.332+0000][683.564s][info][gc,start    ] GC(266) Pause Young (Mixed) (G1 Evacuation Pause)
[2026-10-07T05:09:02.332+0000][683.564s][info][gc,task     ] GC(266) Using 2 workers of 2 for evacuation
[2026-10-07T05:09:02.353+0000][683.585s][info][gc,phases   ] GC(266)   Pre Evacuate Collection Set: 0.18ms
[2026-10-07T05:09:02.353+0000][683.585s][info][gc,phases   ] GC(266)   Merge Heap Roots: 0.31ms
[2026-10-07T05:09:02.353+0000][683.585s][info][gc,phases   ] GC(266)   Evacuate Collection Set: 17.23ms
[2026-10-07T05:09:02.353+0000][683.585s][info][gc,phases   ] GC(266)   Post Evacuate Collection Set: 3.36ms
[2026-10-07T05:09:02.353+0000][683.585s][info][gc,phases   ] GC(266)   Other: 0.09ms
[2026-10-07T05:09:02.353+0000][683.585s][info][gc,heap     ] GC(266) Eden regions: 19->0(19)
[2026-10-07T05:09:02.353+0000][683.585s][info][gc,heap     ] GC(266) Survivor regions: 2->2(3)
[2026-10-07T05:09:02.353+0000][683.585s][info][gc,heap     ] GC(266) Old regions: 30->30
[2026-10-07T05:09:02.353+0000][683.585s][info][gc,heap     ] GC(266) Humongous regions: 2->2
[2026-10-07T05:09:02.353+0000][683.585s][info][gc,metaspace] GC(266) Metaspace: 74713K(75520K)->74713K(75520K) NonClass: 65387K(65792K)->65387K(65792K) Class: 9326K(9728K)->9326K(9728K)
[2026-10-07T05:09:02.353+0000][683.585s][info][gc          ] GC(266) Pause Young (Mixed) (G1 Evacuation Pause) 52M->32M(57M) 21.411ms
[2026-10-07T05:09:02.353+0000][683.585s][info][gc,cpu      ] GC(266) User=0.02s Sys=0.00s Real=0.02s
[2026-10-07T05:09:06.007+0000][687.239s][info][gc,start    ] GC(267) Pause Young (Concurrent Start) (G1 Evacuation Pause)
[2026-10-07T05:09:06.007+0000][687.239s][info][gc,task     ] GC(267) Using 2 workers of 2 for evacuation
[2026-10-07T05:09:06.021+0000][687.253s][info][gc,phases   ] GC(267)   Pre Evacuate Collection Set: 2.06ms
[2026-10-07T05:09:06.021+0000][687.253s][info][gc,phases   ] GC(267)   Merge Heap Roots: 0.53ms
[2026-10-07T05:09:06.021+0000][687.253s][info][gc,phases   ] GC(267)   Evacuate Collection Set: 9.81ms
[2026-10-07T05:09:06.021+0000][687.253s][info][gc,phases   ] GC(267)   Post Evacuate Collection Set: 1.04ms
[2026-10-07T05:09:06.021+0000][687.253s][info][gc,phases   ] GC(267)   Other: 0.26ms
[2026-10-07T05:09:06.021+0000][687.253s][info][gc,heap     ] GC(267) Eden regions: 19->0(19)
[2026-10-07T05:09:06.021+0000][687.253s][info][gc,heap     ] GC(267) Survivor regions: 2->2(3)
[2026-10-07T05:09:06.021+0000][687.253s][info][gc,heap     ] GC(267) Old regions: 30->30
[2026-10-07T05:09:06.021+0000][687.253s][info][gc,heap     ] GC(267) Humongous regions: 2->2
[2026-10-07T05:09:06.021+0000][687.253s][info][gc,metaspace] GC(267) Metaspace: 74717K(75520K)->74717K(75520K) NonClass: 65391K(65792K)->65391K(65792K) Class: 9326K(9728K)->9326K(9728K)
[2026-10-07T05:09:06.021+0000][687.253s][info][gc          ] GC(267) Pause Young (Concurrent Start) (G1 Evacuation Pause) 51M->33M(57M) 14.080ms
[2026-10-07T05:09:06.021+0000][687.253s][info][gc,cpu      ] GC(267) User=0.01s Sys=0.00s Real=0.01s
[2026-10-07T05:09:06.028+0000][687.261s][info][gc          ] GC(268) Concurrent Mark Cycle
[2026-10-07T05:09:06.028+0000][687.261s][info][gc,marking  ] GC(268) Concurrent Scan Root Regions
[2026-10-07T05:09:06.044+0000][687.276s][info][gc,marking  ] GC(268) Concurrent Scan Root Regions 15.082ms
[2026-10-07T05:09:06.044+0000][687.276s][info][gc,marking  ] GC(268) Concurrent Mark
[2026-10-07T05:09:06.044+0000][687.276s][info][gc,marking  ] GC(268) Concurrent Mark From Roots
[2026-10-07T05:09:06.044+0000][687.276s][info][gc,task     ] GC(268) Using 1 workers of 1 for marking
[2026-10-07T05:09:06.141+0000][687.373s][info][gc,marking  ] GC(268) Concurrent Mark From Roots 97.076ms
[2026-10-07T05:09:06.141+0000][687.373s][info][gc,marking  ] GC(268) Concurrent Preclean
[2026-10-07T05:09:06.141+0000][687.373s][info][gc,marking  ] GC(268) Concurrent Preclean 0.293ms
[2026-10-07T05:09:06.141+0000][687.374s][info][gc,start    ] GC(268) Pause Remark
[2026-10-07T05:09:06.166+0000][687.398s][info][gc          ] GC(268) Pause Remark 33M->33M(57M) 24.564ms
[2026-10-07T05:09:06.166+0000][687.398s][info][gc,cpu      ] GC(268) User=0.03s Sys=0.01s Real=0.03s
[2026-10-07T05:09:06.167+0000][687.399s][info][gc,marking  ] GC(268) Concurrent Mark 123.135ms
[2026-10-07T05:09:06.167+0000][687.399s][info][gc,marking  ] GC(268) Concurrent Rebuild Remembered Sets and Scrub Regions
[2026-10-07T05:09:06.208+0000][687.440s][info][gc,marking  ] GC(268) Concurrent Rebuild Remembered Sets and Scrub Regions 41.333ms
[2026-10-07T05:09:06.208+0000][687.441s][info][gc,start    ] GC(268) Pause Cleanup
[2026-10-07T05:09:06.209+0000][687.441s][info][gc          ] GC(268) Pause Cleanup 34M->34M(57M) 0.210ms
[2026-10-07T05:09:06.209+0000][687.441s][info][gc,cpu      ] GC(268) User=0.00s Sys=0.00s Real=0.00s
[2026-10-07T05:09:06.210+0000][687.443s][info][gc,marking  ] GC(268) Concurrent Clear Claimed Marks
[2026-10-07T05:09:06.211+0000][687.443s][info][gc,marking  ] GC(268) Concurrent Clear Claimed Marks 0.170ms
[2026-10-07T05:09:06.211+0000][687.443s][info][gc,marking  ] GC(268) Concurrent Cleanup for Next Mark
[2026-10-07T05:09:06.211+0000][687.443s][info][gc,marking  ] GC(268) Concurrent Cleanup for Next Mark 0.267ms
[2026-10-07T05:09:06.211+0000][687.443s][info][gc          ] GC(268) Concurrent Mark Cycle 182.494ms
[2026-10-07T05:09:09.633+0000][690.865s][info][gc,start    ] GC(269) Pause Young (Prepare Mixed) (G1 Evacuation Pause)
[2026-10-07T05:09:09.633+0000][690.865s][info][gc,task     ] GC(269) Using 2 workers of 2 for evacuation
[2026-10-07T05:09:09.643+0000][690.875s][info][gc,phases   ] GC(269)   Pre Evacuate Collection Set: 0.29ms
[2026-10-07T05:09:09.643+0000][690.875s][info][gc,phases   ] GC(269)   Merge Heap Roots: 0.46ms
[2026-10-07T05:09:09.643+0000][690.875s][info][gc,phases   ] GC(269)   Evacuate Collection Set: 7.51ms
[2026-10-07T05:09:09.643+0000][690.875s][info][gc,phases   ] GC(269)   Post Evacuate Collection Set: 1.32ms
[2026-10-07T05:09:09.643+0000][690.875s][info][gc,phases   ] GC(269)   Other: 0.13ms
[2026-10-07T05:09:09.643+0000][690.875s][info][gc,heap     ] GC(269) Eden regions: 19->0(19)
[2026-10-07T05:09:09.643+0000][690.875s][info][gc,heap     ] GC(269) Survivor regions: 2->2(3)
[2026-10-07T05:09:09.643+0000][690.875s][info][gc,heap     ] GC(269) Old regions: 30->30
[2026-10-07T05:09:09.643+0000][690.875s][info][gc,heap     ] GC(269) Humongous regions: 2->2
[2026-10-07T05:09:09.643+0000][690.875s][info][gc,metaspace] GC(269) Metaspace: 74724K(75584K)->74724K(75584K) NonClass: 65398K(65856K)->65398K(65856K) Class: 9326K(9728K)->9326K(9728K)
[2026-10-07T05:09:09.643+0000][690.876s][info][gc          ] GC(269) Pause Young (Prepare Mixed) (G1 Evacuation Pause) 52M->33M(57M) 10.023ms
[2026-10-07T05:09:09.644+0000][690.876s][info][gc,cpu      ] GC(269) User=0.01s Sys=0.00s Real=0.01s
[2026-10-07T05:09:13.370+0000][694.602s][info][gc,start    ] GC(270) Pause Young (Mixed) (G1 Evacuation Pause)
[2026-10-07T05:09:13.370+0000][694.602s][info][gc,task     ] GC(270) Using 2 workers of 2 for evacuation
[2026-10-07T05:09:13.387+0000][694.619s][info][gc,phases   ] GC(270)   Pre Evacuate Collection Set: 0.57ms
[2026-10-07T05:09:13.387+0000][694.619s][info][gc,phases   ] GC(270)   Merge Heap Roots: 0.96ms
[2026-10-07T05:09:13.387+0000][694.619s][info][gc,phases   ] GC(270)   Evacuate Collection Set: 13.87ms
[2026-10-07T05:09:13.387+0000][694.619s][info][gc,phases   ] GC(270)   Post Evacuate Collection Set: 1.21ms
[2026-10-07T05:09:13.387+0000][694.619s][info][gc,phases   ] GC(270)   Other: 0.17ms
[2026-10-07T05:09:13.387+0000][694.619s][info][gc,heap     ] GC(270) Eden regions: 19->0(19)
[2026-10-07T05:09:13.387+0000][694.619s][info][gc,heap     ] GC(270) Survivor regions: 2->2(3)
[2026-10-07T05:09:13.387+0000][694.619s][info][gc,heap     ] GC(270) Old regions: 30->30
[2026-10-07T05:09:13.387+0000][694.619s][info][gc,heap     ] GC(270) Humongous regions: 2->2
[2026-10-07T05:09:13.387+0000][694.619s][info][gc,metaspace] GC(270) Metaspace: 74724K(75584K)->74724K(75584K) NonClass: 65398K(65856K)->65398K(65856K) Class: 9326K(9728K)->9326K(9728K)
[2026-10-07T05:09:13.389+0000][694.621s][info][gc          ] GC(270) Pause Young (Mixed) (G1 Evacuation Pause) 52M->32M(57M) 18.894ms
[2026-10-07T05:09:13.389+0000][694.621s][info][gc,cpu      ] GC(270) User=0.01s Sys=0.00s Real=0.02s
[2026-10-07T05:09:16.900+0000][698.132s][info][gc,start    ] GC(271) Pause Young (Concurrent Start) (G1 Evacuation Pause)
[2026-10-07T05:09:16.900+0000][698.132s][info][gc,task     ] GC(271) Using 2 workers of 2 for evacuation
[2026-10-07T05:09:16.907+0000][698.139s][info][gc,phases   ] GC(271)   Pre Evacuate Collection Set: 0.44ms
[2026-10-07T05:09:16.907+0000][698.139s][info][gc,phases   ] GC(271)   Merge Heap Roots: 0.13ms
[2026-10-07T05:09:16.907+0000][698.139s][info][gc,phases   ] GC(271)   Evacuate Collection Set: 5.67ms
[2026-10-07T05:09:16.907+0000][698.139s][info][gc,phases   ] GC(271)   Post Evacuate Collection Set: 0.71ms
[2026-10-07T05:09:16.907+0000][698.139s][info][gc,phases   ] GC(271)   Other: 0.12ms
[2026-10-07T05:09:16.907+0000][698.139s][info][gc,heap     ] GC(271) Eden regions: 19->0(19)
[2026-10-07T05:09:16.907+0000][698.139s][info][gc,heap     ] GC(271) Survivor regions: 2->2(3)
[2026-10-07T05:09:16.907+0000][698.139s][info][gc,heap     ] GC(271) Old regions: 30->30
[2026-10-07T05:09:16.907+0000][698.139s][info][gc,heap     ] GC(271) Humongous regions: 2->2
[2026-10-07T05:09:16.907+0000][698.139s][info][gc,metaspace] GC(271) Metaspace: 74724K(75584K)->74724K(75584K) NonClass: 65398K(65856K)->65398K(65856K) Class: 9326K(9728K)->9326K(9728K)
[2026-10-07T05:09:16.907+0000][698.139s][info][gc          ] GC(271) Pause Young (Concurrent Start) (G1 Evacuation Pause) 51M->33M(57M) 7.382ms
[2026-10-07T05:09:16.907+0000][698.139s][info][gc          ] GC(272) Concurrent Mark Cycle
[2026-10-07T05:09:16.907+0000][698.139s][info][gc,marking  ] GC(272) Concurrent Scan Root Regions
[2026-10-07T05:09:16.907+0000][698.139s][info][gc,cpu      ] GC(271) User=0.01s Sys=0.00s Real=0.01s
[2026-10-07T05:09:16.917+0000][698.149s][info][gc,marking  ] GC(272) Concurrent Scan Root Regions 9.581ms
[2026-10-07T05:09:16.917+0000][698.149s][info][gc,marking  ] GC(272) Concurrent Mark
[2026-10-07T05:09:16.917+0000][698.149s][info][gc,marking  ] GC(272) Concurrent Mark From Roots
[2026-10-07T05:09:16.917+0000][698.149s][info][gc,task     ] GC(272) Using 1 workers of 1 for marking
[2026-10-07T05:09:17.011+0000][698.243s][info][gc,marking  ] GC(272) Concurrent Mark From Roots 94.153ms
[2026-10-07T05:09:17.011+0000][698.243s][info][gc,marking  ] GC(272) Concurrent Preclean
[2026-10-07T05:09:17.012+0000][698.244s][info][gc,marking  ] GC(272) Concurrent Preclean 0.680ms
[2026-10-07T05:09:17.012+0000][698.244s][info][gc,start    ] GC(272) Pause Remark
[2026-10-07T05:09:17.038+0000][698.271s][info][gc          ] GC(272) Pause Remark 33M->33M(57M) 26.227ms
[2026-10-07T05:09:17.038+0000][698.271s][info][gc,cpu      ] GC(272) User=0.03s Sys=0.00s Real=0.03s
[2026-10-07T05:09:17.039+0000][698.271s][info][gc,marking  ] GC(272) Concurrent Mark 122.130ms
[2026-10-07T05:09:17.039+0000][698.271s][info][gc,marking  ] GC(272) Concurrent Rebuild Remembered Sets and Scrub Regions
[2026-10-07T05:09:17.122+0000][698.354s][info][gc,marking  ] GC(272) Concurrent Rebuild Remembered Sets and Scrub Regions 82.814ms
[2026-10-07T05:09:17.122+0000][698.354s][info][gc,start    ] GC(272) Pause Cleanup
[2026-10-07T05:09:17.122+0000][698.355s][info][gc          ] GC(272) Pause Cleanup 34M->34M(57M) 0.471ms
[2026-10-07T05:09:17.122+0000][698.355s][info][gc,cpu      ] GC(272) User=0.00s Sys=0.00s Real=0.00s
[2026-10-07T05:09:17.123+0000][698.355s][info][gc,marking  ] GC(272) Concurrent Clear Claimed Marks
[2026-10-07T05:09:17.123+0000][698.355s][info][gc,marking  ] GC(272) Concurrent Clear Claimed Marks 0.124ms
[2026-10-07T05:09:17.123+0000][698.355s][info][gc,marking  ] GC(272) Concurrent Cleanup for Next Mark
[2026-10-07T05:09:17.124+0000][698.356s][info][gc,marking  ] GC(272) Concurrent Cleanup for Next Mark 0.994ms
[2026-10-07T05:09:17.124+0000][698.356s][info][gc          ] GC(272) Concurrent Mark Cycle 216.803ms
[2026-10-07T05:09:20.433+0000][701.665s][info][gc,start    ] GC(273) Pause Young (Prepare Mixed) (G1 Evacuation Pause)
[2026-10-07T05:09:20.433+0000][701.665s][info][gc,task     ] GC(273) Using 2 workers of 2 for evacuation
[2026-10-07T05:09:20.442+0000][701.674s][info][gc,phases   ] GC(273)   Pre Evacuate Collection Set: 0.38ms
[2026-10-07T05:09:20.442+0000][701.674s][info][gc,phases   ] GC(273)   Merge Heap Roots: 0.23ms
[2026-10-07T05:09:20.442+0000][701.674s][info][gc,phases   ] GC(273)   Evacuate Collection Set: 7.17ms
[2026-10-07T05:09:20.442+0000][701.674s][info][gc,phases   ] GC(273)   Post Evacuate Collection Set: 0.69ms
[2026-10-07T05:09:20.442+0000][701.674s][info][gc,phases   ] GC(273)   Other: 0.61ms
[2026-10-07T05:09:20.442+0000][701.674s][info][gc,heap     ] GC(273) Eden regions: 19->0(19)
[2026-10-07T05:09:20.442+0000][701.674s][info][gc,heap     ] GC(273) Survivor regions: 2->2(3)
[2026-10-07T05:09:20.442+0000][701.674s][info][gc,heap     ] GC(273) Old regions: 30->30
[2026-10-07T05:09:20.442+0000][701.674s][info][gc,heap     ] GC(273) Humongous regions: 2->2
[2026-10-07T05:09:20.442+0000][701.674s][info][gc,metaspace] GC(273) Metaspace: 74724K(75584K)->74724K(75584K) NonClass: 65398K(65856K)->65398K(65856K) Class: 9326K(9728K)->9326K(9728K)
[2026-10-07T05:09:20.442+0000][701.674s][info][gc          ] GC(273) Pause Young (Prepare Mixed) (G1 Evacuation Pause) 52M->33M(57M) 9.460ms
[2026-10-07T05:09:20.442+0000][701.674s][info][gc,cpu      ] GC(273) User=0.01s Sys=0.00s Real=0.01s
[2026-10-07T05:09:24.232+0000][705.464s][info][gc,start    ] GC(274) Pause Young (Mixed) (G1 Evacuation Pause)
[2026-10-07T05:09:24.232+0000][705.464s][info][gc,task     ] GC(274) Using 2 workers of 2 for evacuation
[2026-10-07T05:09:24.242+0000][705.475s][info][gc,phases   ] GC(274)   Pre Evacuate Collection Set: 0.30ms
[2026-10-07T05:09:24.242+0000][705.475s][info][gc,phases   ] GC(274)   Merge Heap Roots: 0.21ms
[2026-10-07T05:09:24.242+0000][705.475s][info][gc,phases   ] GC(274)   Evacuate Collection Set: 8.80ms
[2026-10-07T05:09:24.242+0000][705.475s][info][gc,phases   ] GC(274)   Post Evacuate Collection Set: 0.79ms
[2026-10-07T05:09:24.243+0000][705.475s][info][gc,phases   ] GC(274)   Other: 0.09ms
[2026-10-07T05:09:24.243+0000][705.475s][info][gc,heap     ] GC(274) Eden regions: 19->0(19)
[2026-10-07T05:09:24.243+0000][705.475s][info][gc,heap     ] GC(274) Survivor regions: 2->2(3)
[2026-10-07T05:09:24.243+0000][705.475s][info][gc,heap     ] GC(274) Old regions: 30->30
[2026-10-07T05:09:24.243+0000][705.475s][info][gc,heap     ] GC(274) Humongous regions: 2->2
[2026-10-07T05:09:24.243+0000][705.475s][info][gc,metaspace] GC(274) Metaspace: 74724K(75584K)->74724K(75584K) NonClass: 65398K(65856K)->65398K(65856K) Class: 9326K(9728K)->9326K(9728K)
[2026-10-07T05:09:24.243+0000][705.475s][info][gc          ] GC(274) Pause Young (Mixed) (G1 Evacuation Pause) 52M->33M(57M) 10.447ms
[2026-10-07T05:09:24.243+0000][705.475s][info][gc,cpu      ] GC(274) User=0.01s Sys=0.00s Real=0.01s
[2026-10-07T05:09:27.597+0000][708.830s][info][gc,start    ] GC(275) Pause Young (Concurrent Start) (G1 Evacuation Pause)
[2026-10-07T05:09:27.597+0000][708.830s][info][gc,task     ] GC(275) Using 2 workers of 2 for evacuation
[2026-10-07T05:09:27.606+0000][708.838s][info][gc,phases   ] GC(275)   Pre Evacuate Collection Set: 0.33ms
[2026-10-07T05:09:27.606+0000][708.838s][info][gc,phases   ] GC(275)   Merge Heap Roots: 0.18ms
[2026-10-07T05:09:27.606+0000][708.838s][info][gc,phases   ] GC(275)   Evacuate Collection Set: 6.23ms
[2026-10-07T05:09:27.606+0000][708.838s][info][gc,phases   ] GC(275)   Post Evacuate Collection Set: 0.92ms
[2026-10-07T05:09:27.606+0000][708.838s][info][gc,phases   ] GC(275)   Other: 0.82ms
[2026-10-07T05:09:27.606+0000][708.838s][info][gc,heap     ] GC(275) Eden regions: 19->0(19)
[2026-10-07T05:09:27.606+0000][708.838s][info][gc,heap     ] GC(275) Survivor regions: 2->2(3)
[2026-10-07T05:09:27.606+0000][708.838s][info][gc,heap     ] GC(275) Old regions: 30->30
[2026-10-07T05:09:27.606+0000][708.838s][info][gc,heap     ] GC(275) Humongous regions: 2->2
[2026-10-07T05:09:27.606+0000][708.838s][info][gc,metaspace] GC(275) Metaspace: 74724K(75584K)->74724K(75584K) NonClass: 65398K(65856K)->65398K(65856K) Class: 9326K(9728K)->9326K(9728K)
[2026-10-07T05:09:27.606+0000][708.838s][info][gc          ] GC(275) Pause Young (Concurrent Start) (G1 Evacuation Pause) 52M->33M(57M) 8.891ms
[2026-10-07T05:09:27.606+0000][708.838s][info][gc,cpu      ] GC(275) User=0.01s Sys=0.00s Real=0.01s
[2026-10-07T05:09:27.608+0000][708.840s][info][gc          ] GC(276) Concurrent Mark Cycle
[2026-10-07T05:09:27.608+0000][708.840s][info][gc,marking  ] GC(276) Concurrent Scan Root Regions
[2026-10-07T05:09:27.614+0000][708.847s][info][gc,marking  ] GC(276) Concurrent Scan Root Regions 6.571ms
[2026-10-07T05:09:27.614+0000][708.847s][info][gc,marking  ] GC(276) Concurrent Mark
[2026-10-07T05:09:27.614+0000][708.847s][info][gc,marking  ] GC(276) Concurrent Mark From Roots
[2026-10-07T05:09:27.614+0000][708.847s][info][gc,task     ] GC(276) Using 1 workers of 1 for marking
[2026-10-07T05:09:27.740+0000][708.972s][info][gc,marking  ] GC(276) Concurrent Mark From Roots 125.566ms
[2026-10-07T05:09:27.740+0000][708.972s][info][gc,marking  ] GC(276) Concurrent Preclean
[2026-10-07T05:09:27.740+0000][708.973s][info][gc,marking  ] GC(276) Concurrent Preclean 0.342ms
[2026-10-07T05:09:27.741+0000][708.973s][info][gc,start    ] GC(276) Pause Remark
[2026-10-07T05:09:27.776+0000][709.009s][info][gc          ] GC(276) Pause Remark 34M->34M(57M) 35.345ms
[2026-10-07T05:09:27.776+0000][709.009s][info][gc,cpu      ] GC(276) User=0.05s Sys=0.00s Real=0.04s
[2026-10-07T05:09:27.780+0000][709.013s][info][gc,marking  ] GC(276) Concurrent Mark 165.944ms
[2026-10-07T05:09:27.780+0000][709.013s][info][gc,marking  ] GC(276) Concurrent Rebuild Remembered Sets and Scrub Regions
[2026-10-07T05:09:27.847+0000][709.079s][info][gc,marking  ] GC(276) Concurrent Rebuild Remembered Sets and Scrub Regions 66.240ms
[2026-10-07T05:09:27.847+0000][709.079s][info][gc,start    ] GC(276) Pause Cleanup
[2026-10-07T05:09:27.847+0000][709.079s][info][gc          ] GC(276) Pause Cleanup 34M->34M(57M) 0.328ms
[2026-10-07T05:09:27.847+0000][709.079s][info][gc,cpu      ] GC(276) User=0.00s Sys=0.00s Real=0.00s
[2026-10-07T05:09:27.849+0000][709.081s][info][gc,marking  ] GC(276) Concurrent Clear Claimed Marks
[2026-10-07T05:09:27.849+0000][709.081s][info][gc,marking  ] GC(276) Concurrent Clear Claimed Marks 0.133ms
[2026-10-07T05:09:27.849+0000][709.081s][info][gc,marking  ] GC(276) Concurrent Cleanup for Next Mark
[2026-10-07T05:09:27.851+0000][709.084s][info][gc,marking  ] GC(276) Concurrent Cleanup for Next Mark 2.587ms
[2026-10-07T05:09:27.851+0000][709.084s][info][gc          ] GC(276) Concurrent Mark Cycle 243.641ms
[2026-10-07T05:09:30.823+0000][712.056s][info][gc,start    ] GC(277) Pause Young (Prepare Mixed) (G1 Evacuation Pause)
[2026-10-07T05:09:30.824+0000][712.056s][info][gc,task     ] GC(277) Using 2 workers of 2 for evacuation
[2026-10-07T05:09:30.833+0000][712.065s][info][gc,phases   ] GC(277)   Pre Evacuate Collection Set: 1.10ms
[2026-10-07T05:09:30.833+0000][712.065s][info][gc,phases   ] GC(277)   Merge Heap Roots: 0.41ms
[2026-10-07T05:09:30.833+0000][712.065s][info][gc,phases   ] GC(277)   Evacuate Collection Set: 6.66ms
[2026-10-07T05:09:30.833+0000][712.065s][info][gc,phases   ] GC(277)   Post Evacuate Collection Set: 0.86ms
[2026-10-07T05:09:30.833+0000][712.065s][info][gc,phases   ] GC(277)   Other: 0.38ms
[2026-10-07T05:09:30.833+0000][712.065s][info][gc,heap     ] GC(277) Eden regions: 19->0(19)
[2026-10-07T05:09:30.833+0000][712.065s][info][gc,heap     ] GC(277) Survivor regions: 2->2(3)
[2026-10-07T05:09:30.833+0000][712.065s][info][gc,heap     ] GC(277) Old regions: 30->30
[2026-10-07T05:09:30.833+0000][712.065s][info][gc,heap     ] GC(277) Humongous regions: 2->2
[2026-10-07T05:09:30.833+0000][712.065s][info][gc,metaspace] GC(277) Metaspace: 74701K(75584K)->74701K(75584K) NonClass: 65382K(65856K)->65382K(65856K) Class: 9319K(9728K)->9319K(9728K)
[2026-10-07T05:09:30.833+0000][712.065s][info][gc          ] GC(277) Pause Young (Prepare Mixed) (G1 Evacuation Pause) 52M->33M(57M) 9.804ms
[2026-10-07T05:09:30.833+0000][712.065s][info][gc,cpu      ] GC(277) User=0.01s Sys=0.00s Real=0.01s
[2026-10-07T05:09:34.775+0000][716.008s][info][gc,start    ] GC(278) Pause Young (Mixed) (G1 Evacuation Pause)
[2026-10-07T05:09:34.776+0000][716.008s][info][gc,task     ] GC(278) Using 2 workers of 2 for evacuation
[2026-10-07T05:09:34.789+0000][716.022s][info][gc,phases   ] GC(278)   Pre Evacuate Collection Set: 0.76ms
[2026-10-07T05:09:34.789+0000][716.022s][info][gc,phases   ] GC(278)   Merge Heap Roots: 0.43ms
[2026-10-07T05:09:34.789+0000][716.022s][info][gc,phases   ] GC(278)   Evacuate Collection Set: 11.76ms
[2026-10-07T05:09:34.789+0000][716.022s][info][gc,phases   ] GC(278)   Post Evacuate Collection Set: 0.74ms
[2026-10-07T05:09:34.789+0000][716.022s][info][gc,phases   ] GC(278)   Other: 0.09ms
[2026-10-07T05:09:34.790+0000][716.022s][info][gc,heap     ] GC(278) Eden regions: 19->0(19)
[2026-10-07T05:09:34.790+0000][716.022s][info][gc,heap     ] GC(278) Survivor regions: 2->2(3)
[2026-10-07T05:09:34.790+0000][716.022s][info][gc,heap     ] GC(278) Old regions: 30->30
[2026-10-07T05:09:34.790+0000][716.022s][info][gc,heap     ] GC(278) Humongous regions: 2->2
[2026-10-07T05:09:34.790+0000][716.022s][info][gc,metaspace] GC(278) Metaspace: 74701K(75584K)->74701K(75584K) NonClass: 65382K(65856K)->65382K(65856K) Class: 9319K(9728K)->9319K(9728K)
[2026-10-07T05:09:34.790+0000][716.022s][info][gc          ] GC(278) Pause Young (Mixed) (G1 Evacuation Pause) 52M->32M(57M) 14.637ms
[2026-10-07T05:09:34.790+0000][716.022s][info][gc,cpu      ] GC(278) User=0.01s Sys=0.00s Real=0.01s
[2026-10-07T05:09:38.589+0000][719.821s][info][gc,start    ] GC(279) Pause Young (Concurrent Start) (G1 Evacuation Pause)
[2026-10-07T05:09:38.589+0000][719.821s][info][gc,task     ] GC(279) Using 2 workers of 2 for evacuation
[2026-10-07T05:09:38.596+0000][719.829s][info][gc,phases   ] GC(279)   Pre Evacuate Collection Set: 0.23ms
[2026-10-07T05:09:38.596+0000][719.829s][info][gc,phases   ] GC(279)   Merge Heap Roots: 0.32ms
[2026-10-07T05:09:38.596+0000][719.829s][info][gc,phases   ] GC(279)   Evacuate Collection Set: 5.51ms
[2026-10-07T05:09:38.596+0000][719.829s][info][gc,phases   ] GC(279)   Post Evacuate Collection Set: 0.91ms
[2026-10-07T05:09:38.596+0000][719.829s][info][gc,phases   ] GC(279)   Other: 0.18ms
[2026-10-07T05:09:38.596+0000][719.829s][info][gc,heap     ] GC(279) Eden regions: 19->0(19)
[2026-10-07T05:09:38.596+0000][719.829s][info][gc,heap     ] GC(279) Survivor regions: 2->2(3)
[2026-10-07T05:09:38.597+0000][719.829s][info][gc,heap     ] GC(279) Old regions: 30->30
[2026-10-07T05:09:38.597+0000][719.829s][info][gc,heap     ] GC(279) Humongous regions: 2->2
[2026-10-07T05:09:38.597+0000][719.829s][info][gc,metaspace] GC(279) Metaspace: 74712K(75584K)->74712K(75584K) NonClass: 65393K(65856K)->65393K(65856K) Class: 9319K(9728K)->9319K(9728K)
[2026-10-07T05:09:38.597+0000][719.829s][info][gc          ] GC(279) Pause Young (Concurrent Start) (G1 Evacuation Pause) 51M->33M(57M) 7.540ms
[2026-10-07T05:09:38.598+0000][719.830s][info][gc          ] GC(280) Concurrent Mark Cycle
[2026-10-07T05:09:38.598+0000][719.830s][info][gc,cpu      ] GC(279) User=0.01s Sys=0.00s Real=0.01s
[2026-10-07T05:09:38.598+0000][719.830s][info][gc,marking  ] GC(280) Concurrent Scan Root Regions
[2026-10-07T05:09:38.607+0000][719.839s][info][gc,marking  ] GC(280) Concurrent Scan Root Regions 9.061ms
[2026-10-07T05:09:38.607+0000][719.839s][info][gc,marking  ] GC(280) Concurrent Mark
[2026-10-07T05:09:38.607+0000][719.839s][info][gc,marking  ] GC(280) Concurrent Mark From Roots
[2026-10-07T05:09:38.607+0000][719.839s][info][gc,task     ] GC(280) Using 1 workers of 1 for marking
[2026-10-07T05:09:38.707+0000][719.939s][info][gc,marking  ] GC(280) Concurrent Mark From Roots 100.016ms
[2026-10-07T05:09:38.707+0000][719.939s][info][gc,marking  ] GC(280) Concurrent Preclean
[2026-10-07T05:09:38.707+0000][719.940s][info][gc,marking  ] GC(280) Concurrent Preclean 0.330ms
[2026-10-07T05:09:38.708+0000][719.940s][info][gc,start    ] GC(280) Pause Remark
[2026-10-07T05:09:38.730+0000][719.962s][info][gc          ] GC(280) Pause Remark 34M->34M(57M) 22.387ms
[2026-10-07T05:09:38.730+0000][719.963s][info][gc,cpu      ] GC(280) User=0.04s Sys=0.00s Real=0.02s
[2026-10-07T05:09:38.731+0000][719.963s][info][gc,marking  ] GC(280) Concurrent Mark 124.047ms
[2026-10-07T05:09:38.731+0000][719.963s][info][gc,marking  ] GC(280) Concurrent Rebuild Remembered Sets and Scrub Regions
[2026-10-07T05:09:38.808+0000][720.040s][info][gc,marking  ] GC(280) Concurrent Rebuild Remembered Sets and Scrub Regions 76.717ms
[2026-10-07T05:09:38.808+0000][720.040s][info][gc,start    ] GC(280) Pause Cleanup
[2026-10-07T05:09:38.809+0000][720.041s][info][gc          ] GC(280) Pause Cleanup 34M->34M(57M) 0.779ms
[2026-10-07T05:09:38.809+0000][720.041s][info][gc,cpu      ] GC(280) User=0.00s Sys=0.00s Real=0.00s
[2026-10-07T05:09:38.811+0000][720.043s][info][gc,marking  ] GC(280) Concurrent Clear Claimed Marks
[2026-10-07T05:09:38.811+0000][720.044s][info][gc,marking  ] GC(280) Concurrent Clear Claimed Marks 0.140ms
[2026-10-07T05:09:38.811+0000][720.044s][info][gc,marking  ] GC(280) Concurrent Cleanup for Next Mark
[2026-10-07T05:09:38.812+0000][720.044s][info][gc,marking  ] GC(280) Concurrent Cleanup for Next Mark 0.881ms
[2026-10-07T05:09:38.812+0000][720.045s][info][gc          ] GC(280) Concurrent Mark Cycle 214.697ms
[2026-10-07T05:09:41.979+0000][723.211s][info][gc,start    ] GC(281) Pause Young (Prepare Mixed) (G1 Evacuation Pause)
[2026-10-07T05:09:41.979+0000][723.212s][info][gc,task     ] GC(281) Using 2 workers of 2 for evacuation
[2026-10-07T05:09:41.999+0000][723.231s][info][gc,phases   ] GC(281)   Pre Evacuate Collection Set: 1.28ms
[2026-10-07T05:09:41.999+0000][723.231s][info][gc,phases   ] GC(281)   Merge Heap Roots: 0.14ms
[2026-10-07T05:09:41.999+0000][723.231s][info][gc,phases   ] GC(281)   Evacuate Collection Set: 16.20ms
[2026-10-07T05:09:41.999+0000][723.231s][info][gc,phases   ] GC(281)   Post Evacuate Collection Set: 1.86ms
[2026-10-07T05:09:41.999+0000][723.231s][info][gc,phases   ] GC(281)   Other: 0.09ms
[2026-10-07T05:09:41.999+0000][723.231s][info][gc,heap     ] GC(281) Eden regions: 19->0(18)
[2026-10-07T05:09:41.999+0000][723.231s][info][gc,heap     ] GC(281) Survivor regions: 2->2(3)
[2026-10-07T05:09:41.999+0000][723.231s][info][gc,heap     ] GC(281) Old regions: 30->31
[2026-10-07T05:09:41.999+0000][723.231s][info][gc,heap     ] GC(281) Humongous regions: 2->2
[2026-10-07T05:09:41.999+0000][723.232s][info][gc,metaspace] GC(281) Metaspace: 74712K(75584K)->74712K(75584K) NonClass: 65393K(65856K)->65393K(65856K) Class: 9319K(9728K)->9319K(9728K)
[2026-10-07T05:09:41.999+0000][723.232s][info][gc          ] GC(281) Pause Young (Prepare Mixed) (G1 Evacuation Pause) 52M->33M(57M) 20.098ms
[2026-10-07T05:09:41.999+0000][723.232s][info][gc,cpu      ] GC(281) User=0.01s Sys=0.00s Real=0.02s
[2026-10-07T05:09:45.328+0000][726.560s][info][gc,start    ] GC(282) Pause Young (Mixed) (G1 Evacuation Pause)
[2026-10-07T05:09:45.328+0000][726.560s][info][gc,task     ] GC(282) Using 2 workers of 2 for evacuation
[2026-10-07T05:09:45.339+0000][726.571s][info][gc,phases   ] GC(282)   Pre Evacuate Collection Set: 0.59ms
[2026-10-07T05:09:45.339+0000][726.571s][info][gc,phases   ] GC(282)   Merge Heap Roots: 0.16ms
[2026-10-07T05:09:45.339+0000][726.571s][info][gc,phases   ] GC(282)   Evacuate Collection Set: 9.26ms
[2026-10-07T05:09:45.339+0000][726.571s][info][gc,phases   ] GC(282)   Post Evacuate Collection Set: 0.76ms
[2026-10-07T05:09:45.339+0000][726.571s][info][gc,phases   ] GC(282)   Other: 0.08ms
[2026-10-07T05:09:45.339+0000][726.571s][info][gc,heap     ] GC(282) Eden regions: 18->0(19)
[2026-10-07T05:09:45.339+0000][726.571s][info][gc,heap     ] GC(282) Survivor regions: 2->2(3)
[2026-10-07T05:09:45.339+0000][726.572s][info][gc,heap     ] GC(282) Old regions: 31->30
[2026-10-07T05:09:45.340+0000][726.572s][info][gc,heap     ] GC(282) Humongous regions: 2->2
[2026-10-07T05:09:45.340+0000][726.572s][info][gc,metaspace] GC(282) Metaspace: 74718K(75584K)->74718K(75584K) NonClass: 65399K(65856K)->65399K(65856K) Class: 9319K(9728K)->9319K(9728K)
[2026-10-07T05:09:45.340+0000][726.572s][info][gc          ] GC(282) Pause Young (Mixed) (G1 Evacuation Pause) 51M->33M(57M) 11.541ms
[2026-10-07T05:09:45.340+0000][726.572s][info][gc,cpu      ] GC(282) User=0.02s Sys=0.00s Real=0.01s
[2026-10-07T05:09:49.069+0000][730.302s][info][gc,start    ] GC(283) Pause Young (Concurrent Start) (G1 Evacuation Pause)
[2026-10-07T05:09:49.069+0000][730.302s][info][gc,task     ] GC(283) Using 2 workers of 2 for evacuation
[2026-10-07T05:09:49.082+0000][730.314s][info][gc,phases   ] GC(283)   Pre Evacuate Collection Set: 0.58ms
[2026-10-07T05:09:49.082+0000][730.314s][info][gc,phases   ] GC(283)   Merge Heap Roots: 0.17ms
[2026-10-07T05:09:49.082+0000][730.314s][info][gc,phases   ] GC(283)   Evacuate Collection Set: 10.58ms
[2026-10-07T05:09:49.082+0000][730.314s][info][gc,phases   ] GC(283)   Post Evacuate Collection Set: 1.19ms
[2026-10-07T05:09:49.082+0000][730.314s][info][gc,phases   ] GC(283)   Other: 0.15ms
[2026-10-07T05:09:49.082+0000][730.314s][info][gc,heap     ] GC(283) Eden regions: 19->0(19)
[2026-10-07T05:09:49.082+0000][730.314s][info][gc,heap     ] GC(283) Survivor regions: 2->2(3)
[2026-10-07T05:09:49.083+0000][730.315s][info][gc,heap     ] GC(283) Old regions: 30->30
[2026-10-07T05:09:49.083+0000][730.315s][info][gc,heap     ] GC(283) Humongous regions: 2->2
[2026-10-07T05:09:49.083+0000][730.315s][info][gc,metaspace] GC(283) Metaspace: 74718K(75584K)->74718K(75584K) NonClass: 65399K(65856K)->65399K(65856K) Class: 9319K(9728K)->9319K(9728K)
[2026-10-07T05:09:49.083+0000][730.315s][info][gc          ] GC(283) Pause Young (Concurrent Start) (G1 Evacuation Pause) 52M->33M(57M) 13.697ms
[2026-10-07T05:09:49.084+0000][730.316s][info][gc,cpu      ] GC(283) User=0.01s Sys=0.00s Real=0.02s
[2026-10-07T05:09:49.084+0000][730.316s][info][gc          ] GC(284) Concurrent Mark Cycle
[2026-10-07T05:09:49.084+0000][730.316s][info][gc,marking  ] GC(284) Concurrent Scan Root Regions
[2026-10-07T05:09:49.094+0000][730.327s][info][gc,marking  ] GC(284) Concurrent Scan Root Regions 10.725ms
[2026-10-07T05:09:49.094+0000][730.327s][info][gc,marking  ] GC(284) Concurrent Mark
[2026-10-07T05:09:49.094+0000][730.327s][info][gc,marking  ] GC(284) Concurrent Mark From Roots
[2026-10-07T05:09:49.095+0000][730.327s][info][gc,task     ] GC(284) Using 1 workers of 1 for marking
[2026-10-07T05:09:49.222+0000][730.454s][info][gc,marking  ] GC(284) Concurrent Mark From Roots 127.519ms
[2026-10-07T05:09:49.222+0000][730.454s][info][gc,marking  ] GC(284) Concurrent Preclean
[2026-10-07T05:09:49.222+0000][730.455s][info][gc,marking  ] GC(284) Concurrent Preclean 0.202ms
[2026-10-07T05:09:49.223+0000][730.455s][info][gc,start    ] GC(284) Pause Remark
[2026-10-07T05:09:49.253+0000][730.485s][info][gc          ] GC(284) Pause Remark 34M->34M(57M) 30.141ms
[2026-10-07T05:09:49.253+0000][730.485s][info][gc,cpu      ] GC(284) User=0.03s Sys=0.00s Real=0.03s
[2026-10-07T05:09:49.253+0000][730.486s][info][gc,marking  ] GC(284) Concurrent Mark 158.910ms
[2026-10-07T05:09:49.253+0000][730.486s][info][gc,marking  ] GC(284) Concurrent Rebuild Remembered Sets and Scrub Regions
[2026-10-07T05:09:49.306+0000][730.538s][info][gc,marking  ] GC(284) Concurrent Rebuild Remembered Sets and Scrub Regions 52.780ms
[2026-10-07T05:09:49.306+0000][730.539s][info][gc,start    ] GC(284) Pause Cleanup
[2026-10-07T05:09:49.307+0000][730.539s][info][gc          ] GC(284) Pause Cleanup 34M->34M(57M) 0.233ms
[2026-10-07T05:09:49.307+0000][730.539s][info][gc,cpu      ] GC(284) User=0.00s Sys=0.00s Real=0.00s
[2026-10-07T05:09:49.307+0000][730.539s][info][gc,marking  ] GC(284) Concurrent Clear Claimed Marks
[2026-10-07T05:09:49.309+0000][730.542s][info][gc,marking  ] GC(284) Concurrent Clear Claimed Marks 2.182ms
[2026-10-07T05:09:49.309+0000][730.542s][info][gc,marking  ] GC(284) Concurrent Cleanup for Next Mark
[2026-10-07T05:09:49.310+0000][730.542s][info][gc,marking  ] GC(284) Concurrent Cleanup for Next Mark 0.505ms
[2026-10-07T05:09:49.310+0000][730.542s][info][gc          ] GC(284) Concurrent Mark Cycle 226.349ms
[2026-10-07T05:09:52.743+0000][733.975s][info][gc,start    ] GC(285) Pause Young (Prepare Mixed) (G1 Evacuation Pause)
[2026-10-07T05:09:52.743+0000][733.975s][info][gc,task     ] GC(285) Using 2 workers of 2 for evacuation
[2026-10-07T05:09:52.754+0000][733.987s][info][gc,phases   ] GC(285)   Pre Evacuate Collection Set: 0.81ms
[2026-10-07T05:09:52.755+0000][733.987s][info][gc,phases   ] GC(285)   Merge Heap Roots: 0.35ms
[2026-10-07T05:09:52.755+0000][733.987s][info][gc,phases   ] GC(285)   Evacuate Collection Set: 8.68ms
[2026-10-07T05:09:52.755+0000][733.987s][info][gc,phases   ] GC(285)   Post Evacuate Collection Set: 1.39ms
[2026-10-07T05:09:52.755+0000][733.987s][info][gc,phases   ] GC(285)   Other: 0.20ms
[2026-10-07T05:09:52.755+0000][733.987s][info][gc,heap     ] GC(285) Eden regions: 19->0(18)
[2026-10-07T05:09:52.755+0000][733.987s][info][gc,heap     ] GC(285) Survivor regions: 2->2(3)
[2026-10-07T05:09:52.755+0000][733.987s][info][gc,heap     ] GC(285) Old regions: 30->31
[2026-10-07T05:09:52.755+0000][733.987s][info][gc,heap     ] GC(285) Humongous regions: 2->2
[2026-10-07T05:09:52.755+0000][733.987s][info][gc,metaspace] GC(285) Metaspace: 74718K(75584K)->74718K(75584K) NonClass: 65399K(65856K)->65399K(65856K) Class: 9319K(9728K)->9319K(9728K)
[2026-10-07T05:09:52.755+0000][733.987s][info][gc          ] GC(285) Pause Young (Prepare Mixed) (G1 Evacuation Pause) 52M->33M(57M) 12.151ms
[2026-10-07T05:09:52.755+0000][733.987s][info][gc,cpu      ] GC(285) User=0.01s Sys=0.00s Real=0.02s
[2026-10-07T05:09:56.030+0000][737.263s][info][gc,start    ] GC(286) Pause Young (Mixed) (G1 Evacuation Pause)
[2026-10-07T05:09:56.031+0000][737.263s][info][gc,task     ] GC(286) Using 2 workers of 2 for evacuation
[2026-10-07T05:09:56.043+0000][737.275s][info][gc,phases   ] GC(286)   Pre Evacuate Collection Set: 0.23ms
[2026-10-07T05:09:56.043+0000][737.275s][info][gc,phases   ] GC(286)   Merge Heap Roots: 0.24ms
[2026-10-07T05:09:56.043+0000][737.276s][info][gc,phases   ] GC(286)   Evacuate Collection Set: 10.80ms
[2026-10-07T05:09:56.043+0000][737.276s][info][gc,phases   ] GC(286)   Post Evacuate Collection Set: 1.01ms
[2026-10-07T05:09:56.043+0000][737.276s][info][gc,phases   ] GC(286)   Other: 0.30ms
[2026-10-07T05:09:56.043+0000][737.276s][info][gc,heap     ] GC(286) Eden regions: 18->0(19)
[2026-10-07T05:09:56.043+0000][737.276s][info][gc,heap     ] GC(286) Survivor regions: 2->2(3)
[2026-10-07T05:09:56.043+0000][737.276s][info][gc,heap     ] GC(286) Old regions: 31->30
[2026-10-07T05:09:56.043+0000][737.276s][info][gc,heap     ] GC(286) Humongous regions: 2->2
[2026-10-07T05:09:56.043+0000][737.276s][info][gc,metaspace] GC(286) Metaspace: 74718K(75584K)->74718K(75584K) NonClass: 65399K(65856K)->65399K(65856K) Class: 9319K(9728K)->9319K(9728K)
[2026-10-07T05:09:56.044+0000][737.276s][info][gc          ] GC(286) Pause Young (Mixed) (G1 Evacuation Pause) 51M->32M(57M) 13.194ms
[2026-10-07T05:09:56.044+0000][737.276s][info][gc,cpu      ] GC(286) User=0.02s Sys=0.01s Real=0.02s
[2026-10-07T05:09:59.355+0000][740.587s][info][gc,start    ] GC(287) Pause Young (Concurrent Start) (G1 Evacuation Pause)
[2026-10-07T05:09:59.355+0000][740.587s][info][gc,task     ] GC(287) Using 2 workers of 2 for evacuation
[2026-10-07T05:09:59.365+0000][740.598s][info][gc,phases   ] GC(287)   Pre Evacuate Collection Set: 0.35ms
[2026-10-07T05:09:59.365+0000][740.598s][info][gc,phases   ] GC(287)   Merge Heap Roots: 0.16ms
[2026-10-07T05:09:59.365+0000][740.598s][info][gc,phases   ] GC(287)   Evacuate Collection Set: 8.71ms
[2026-10-07T05:09:59.365+0000][740.598s][info][gc,phases   ] GC(287)   Post Evacuate Collection Set: 0.93ms
[2026-10-07T05:09:59.365+0000][740.598s][info][gc,phases   ] GC(287)   Other: 0.13ms
[2026-10-07T05:09:59.365+0000][740.598s][info][gc,heap     ] GC(287) Eden regions: 19->0(19)
[2026-10-07T05:09:59.365+0000][740.598s][info][gc,heap     ] GC(287) Survivor regions: 2->2(3)
[2026-10-07T05:09:59.365+0000][740.598s][info][gc,heap     ] GC(287) Old regions: 30->30
[2026-10-07T05:09:59.365+0000][740.598s][info][gc,heap     ] GC(287) Humongous regions: 2->2
[2026-10-07T05:09:59.365+0000][740.598s][info][gc,metaspace] GC(287) Metaspace: 74718K(75584K)->74718K(75584K) NonClass: 65399K(65856K)->65399K(65856K) Class: 9319K(9728K)->9319K(9728K)
[2026-10-07T05:09:59.365+0000][740.598s][info][gc          ] GC(287) Pause Young (Concurrent Start) (G1 Evacuation Pause) 51M->33M(57M) 10.540ms
[2026-10-07T05:09:59.366+0000][740.598s][info][gc          ] GC(288) Concurrent Mark Cycle
[2026-10-07T05:09:59.366+0000][740.598s][info][gc,marking  ] GC(288) Concurrent Scan Root Regions
[2026-10-07T05:09:59.366+0000][740.598s][info][gc,cpu      ] GC(287) User=0.01s Sys=0.00s Real=0.01s
[2026-10-07T05:09:59.375+0000][740.608s][info][gc,marking  ] GC(288) Concurrent Scan Root Regions 9.782ms
[2026-10-07T05:09:59.375+0000][740.608s][info][gc,marking  ] GC(288) Concurrent Mark
[2026-10-07T05:09:59.375+0000][740.608s][info][gc,marking  ] GC(288) Concurrent Mark From Roots
[2026-10-07T05:09:59.375+0000][740.608s][info][gc,task     ] GC(288) Using 1 workers of 1 for marking
[2026-10-07T05:09:59.458+0000][740.690s][info][gc,marking  ] GC(288) Concurrent Mark From Roots 82.598ms
[2026-10-07T05:09:59.458+0000][740.690s][info][gc,marking  ] GC(288) Concurrent Preclean
[2026-10-07T05:09:59.459+0000][740.691s][info][gc,marking  ] GC(288) Concurrent Preclean 0.436ms
[2026-10-07T05:09:59.459+0000][740.691s][info][gc,start    ] GC(288) Pause Remark
[2026-10-07T05:09:59.483+0000][740.716s][info][gc          ] GC(288) Pause Remark 33M->33M(57M) 24.650ms
[2026-10-07T05:09:59.484+0000][740.716s][info][gc,cpu      ] GC(288) User=0.04s Sys=0.00s Real=0.02s
[2026-10-07T05:09:59.484+0000][740.716s][info][gc,marking  ] GC(288) Concurrent Mark 108.428ms
[2026-10-07T05:09:59.484+0000][740.716s][info][gc,marking  ] GC(288) Concurrent Rebuild Remembered Sets and Scrub Regions
[2026-10-07T05:09:59.524+0000][740.756s][info][gc,marking  ] GC(288) Concurrent Rebuild Remembered Sets and Scrub Regions 39.809ms
[2026-10-07T05:09:59.524+0000][740.756s][info][gc,start    ] GC(288) Pause Cleanup
[2026-10-07T05:09:59.524+0000][740.756s][info][gc          ] GC(288) Pause Cleanup 33M->33M(57M) 0.167ms
[2026-10-07T05:09:59.524+0000][740.756s][info][gc,cpu      ] GC(288) User=0.00s Sys=0.00s Real=0.00s
[2026-10-07T05:09:59.526+0000][740.758s][info][gc,marking  ] GC(288) Concurrent Clear Claimed Marks
[2026-10-07T05:09:59.526+0000][740.758s][info][gc,marking  ] GC(288) Concurrent Clear Claimed Marks 0.128ms
[2026-10-07T05:09:59.526+0000][740.758s][info][gc,marking  ] GC(288) Concurrent Cleanup for Next Mark
[2026-10-07T05:09:59.526+0000][740.759s][info][gc,marking  ] GC(288) Concurrent Cleanup for Next Mark 0.748ms
[2026-10-07T05:09:59.526+0000][740.759s][info][gc          ] GC(288) Concurrent Mark Cycle 160.937ms
[2026-10-07T05:10:02.968+0000][744.200s][info][gc,start    ] GC(289) Pause Young (Prepare Mixed) (G1 Evacuation Pause)
[2026-10-07T05:10:02.968+0000][744.200s][info][gc,task     ] GC(289) Using 2 workers of 2 for evacuation
[2026-10-07T05:10:02.983+0000][744.215s][info][gc,phases   ] GC(289)   Pre Evacuate Collection Set: 0.33ms
[2026-10-07T05:10:02.983+0000][744.215s][info][gc,phases   ] GC(289)   Merge Heap Roots: 0.36ms
[2026-10-07T05:10:02.983+0000][744.215s][info][gc,phases   ] GC(289)   Evacuate Collection Set: 13.16ms
[2026-10-07T05:10:02.983+0000][744.215s][info][gc,phases   ] GC(289)   Post Evacuate Collection Set: 1.21ms
[2026-10-07T05:10:02.983+0000][744.215s][info][gc,phases   ] GC(289)   Other: 0.10ms
[2026-10-07T05:10:02.983+0000][744.215s][info][gc,heap     ] GC(289) Eden regions: 19->0(19)
[2026-10-07T05:10:02.983+0000][744.215s][info][gc,heap     ] GC(289) Survivor regions: 2->2(3)
[2026-10-07T05:10:02.983+0000][744.215s][info][gc,heap     ] GC(289) Old regions: 30->30
[2026-10-07T05:10:02.983+0000][744.215s][info][gc,heap     ] GC(289) Humongous regions: 2->2
[2026-10-07T05:10:02.986+0000][744.218s][info][gc,metaspace] GC(289) Metaspace: 74721K(75584K)->74721K(75584K) NonClass: 65402K(65856K)->65402K(65856K) Class: 9319K(9728K)->9319K(9728K)
[2026-10-07T05:10:02.986+0000][744.218s][info][gc          ] GC(289) Pause Young (Prepare Mixed) (G1 Evacuation Pause) 52M->33M(57M) 18.414ms
[2026-10-07T05:10:02.986+0000][744.219s][info][gc,cpu      ] GC(289) User=0.01s Sys=0.00s Real=0.02s
[2026-10-07T05:10:06.306+0000][747.539s][info][gc,start    ] GC(290) Pause Young (Mixed) (G1 Evacuation Pause)
[2026-10-07T05:10:06.306+0000][747.539s][info][gc,task     ] GC(290) Using 2 workers of 2 for evacuation
[2026-10-07T05:10:06.316+0000][747.548s][info][gc,phases   ] GC(290)   Pre Evacuate Collection Set: 0.81ms
[2026-10-07T05:10:06.316+0000][747.548s][info][gc,phases   ] GC(290)   Merge Heap Roots: 0.42ms
[2026-10-07T05:10:06.316+0000][747.548s][info][gc,phases   ] GC(290)   Evacuate Collection Set: 7.32ms
[2026-10-07T05:10:06.316+0000][747.548s][info][gc,phases   ] GC(290)   Post Evacuate Collection Set: 0.99ms
[2026-10-07T05:10:06.316+0000][747.548s][info][gc,phases   ] GC(290)   Other: 0.11ms
[2026-10-07T05:10:06.316+0000][747.548s][info][gc,heap     ] GC(290) Eden regions: 19->0(19)
[2026-10-07T05:10:06.316+0000][747.548s][info][gc,heap     ] GC(290) Survivor regions: 2->2(3)
[2026-10-07T05:10:06.316+0000][747.548s][info][gc,heap     ] GC(290) Old regions: 30->30
[2026-10-07T05:10:06.316+0000][747.548s][info][gc,heap     ] GC(290) Humongous regions: 2->2
[2026-10-07T05:10:06.316+0000][747.548s][info][gc,metaspace] GC(290) Metaspace: 74724K(75584K)->74724K(75584K) NonClass: 65405K(65856K)->65405K(65856K) Class: 9319K(9728K)->9319K(9728K)
[2026-10-07T05:10:06.317+0000][747.550s][info][gc          ] GC(290) Pause Young (Mixed) (G1 Evacuation Pause) 52M->33M(57M) 10.991ms
[2026-10-07T05:10:06.318+0000][747.550s][info][gc,cpu      ] GC(290) User=0.01s Sys=0.00s Real=0.01s
[2026-10-07T05:10:09.883+0000][751.115s][info][gc,start    ] GC(291) Pause Young (Concurrent Start) (G1 Evacuation Pause)
[2026-10-07T05:10:09.883+0000][751.115s][info][gc,task     ] GC(291) Using 2 workers of 2 for evacuation
[2026-10-07T05:10:09.897+0000][751.129s][info][gc,phases   ] GC(291)   Pre Evacuate Collection Set: 0.26ms
[2026-10-07T05:10:09.897+0000][751.129s][info][gc,phases   ] GC(291)   Merge Heap Roots: 0.86ms
[2026-10-07T05:10:09.897+0000][751.129s][info][gc,phases   ] GC(291)   Evacuate Collection Set: 9.82ms
[2026-10-07T05:10:09.897+0000][751.129s][info][gc,phases   ] GC(291)   Post Evacuate Collection Set: 2.69ms
[2026-10-07T05:10:09.897+0000][751.129s][info][gc,phases   ] GC(291)   Other: 0.16ms
[2026-10-07T05:10:09.897+0000][751.129s][info][gc,heap     ] GC(291) Eden regions: 19->0(19)
[2026-10-07T05:10:09.897+0000][751.129s][info][gc,heap     ] GC(291) Survivor regions: 2->2(3)
[2026-10-07T05:10:09.897+0000][751.129s][info][gc,heap     ] GC(291) Old regions: 30->30
[2026-10-07T05:10:09.897+0000][751.129s][info][gc,heap     ] GC(291) Humongous regions: 2->2
[2026-10-07T05:10:09.897+0000][751.129s][info][gc,metaspace] GC(291) Metaspace: 74724K(75584K)->74724K(75584K) NonClass: 65405K(65856K)->65405K(65856K) Class: 9319K(9728K)->9319K(9728K)
[2026-10-07T05:10:09.897+0000][751.129s][info][gc          ] GC(291) Pause Young (Concurrent Start) (G1 Evacuation Pause) 52M->33M(57M) 14.083ms
[2026-10-07T05:10:09.897+0000][751.129s][info][gc          ] GC(292) Concurrent Mark Cycle
[2026-10-07T05:10:09.897+0000][751.129s][info][gc,marking  ] GC(292) Concurrent Scan Root Regions
[2026-10-07T05:10:09.897+0000][751.129s][info][gc,cpu      ] GC(291) User=0.01s Sys=0.00s Real=0.02s
[2026-10-07T05:10:09.909+0000][751.142s][info][gc,marking  ] GC(292) Concurrent Scan Root Regions 12.111ms
[2026-10-07T05:10:09.909+0000][751.142s][info][gc,marking  ] GC(292) Concurrent Mark
[2026-10-07T05:10:09.909+0000][751.142s][info][gc,marking  ] GC(292) Concurrent Mark From Roots
[2026-10-07T05:10:09.909+0000][751.142s][info][gc,task     ] GC(292) Using 1 workers of 1 for marking
[2026-10-07T05:10:10.027+0000][751.260s][info][gc,marking  ] GC(292) Concurrent Mark From Roots 118.030ms
[2026-10-07T05:10:10.027+0000][751.260s][info][gc,marking  ] GC(292) Concurrent Preclean
[2026-10-07T05:10:10.028+0000][751.260s][info][gc,marking  ] GC(292) Concurrent Preclean 0.486ms
[2026-10-07T05:10:10.029+0000][751.261s][info][gc,start    ] GC(292) Pause Remark
[2026-10-07T05:10:10.055+0000][751.287s][info][gc          ] GC(292) Pause Remark 34M->34M(57M) 25.723ms
[2026-10-07T05:10:10.055+0000][751.287s][info][gc,cpu      ] GC(292) User=0.03s Sys=0.00s Real=0.03s
[2026-10-07T05:10:10.056+0000][751.289s][info][gc,marking  ] GC(292) Concurrent Mark 146.930ms
[2026-10-07T05:10:10.056+0000][751.289s][info][gc,marking  ] GC(292) Concurrent Rebuild Remembered Sets and Scrub Regions
[2026-10-07T05:10:10.147+0000][751.379s][info][gc,marking  ] GC(292) Concurrent Rebuild Remembered Sets and Scrub Regions 90.838ms
[2026-10-07T05:10:10.147+0000][751.380s][info][gc,start    ] GC(292) Pause Cleanup
[2026-10-07T05:10:10.148+0000][751.380s][info][gc          ] GC(292) Pause Cleanup 34M->34M(57M) 0.793ms
[2026-10-07T05:10:10.148+0000][751.381s][info][gc,cpu      ] GC(292) User=0.00s Sys=0.00s Real=0.00s
[2026-10-07T05:10:10.150+0000][751.382s][info][gc,marking  ] GC(292) Concurrent Clear Claimed Marks
[2026-10-07T05:10:10.150+0000][751.382s][info][gc,marking  ] GC(292) Concurrent Clear Claimed Marks 0.328ms
[2026-10-07T05:10:10.150+0000][751.383s][info][gc,marking  ] GC(292) Concurrent Cleanup for Next Mark
[2026-10-07T05:10:10.152+0000][751.384s][info][gc,marking  ] GC(292) Concurrent Cleanup for Next Mark 1.697ms
[2026-10-07T05:10:10.152+0000][751.384s][info][gc          ] GC(292) Concurrent Mark Cycle 254.821ms
[2026-10-07T05:10:13.275+0000][754.507s][info][gc,start    ] GC(293) Pause Young (Prepare Mixed) (G1 Evacuation Pause)
[2026-10-07T05:10:13.275+0000][754.508s][info][gc,task     ] GC(293) Using 2 workers of 2 for evacuation
[2026-10-07T05:10:13.286+0000][754.518s][info][gc,phases   ] GC(293)   Pre Evacuate Collection Set: 0.42ms
[2026-10-07T05:10:13.286+0000][754.518s][info][gc,phases   ] GC(293)   Merge Heap Roots: 0.18ms
[2026-10-07T05:10:13.286+0000][754.518s][info][gc,phases   ] GC(293)   Evacuate Collection Set: 7.38ms
[2026-10-07T05:10:13.286+0000][754.518s][info][gc,phases   ] GC(293)   Post Evacuate Collection Set: 2.63ms
[2026-10-07T05:10:13.286+0000][754.518s][info][gc,phases   ] GC(293)   Other: 0.08ms
[2026-10-07T05:10:13.286+0000][754.518s][info][gc,heap     ] GC(293) Eden regions: 19->0(19)
[2026-10-07T05:10:13.286+0000][754.518s][info][gc,heap     ] GC(293) Survivor regions: 2->2(3)
[2026-10-07T05:10:13.286+0000][754.518s][info][gc,heap     ] GC(293) Old regions: 30->30
[2026-10-07T05:10:13.286+0000][754.518s][info][gc,heap     ] GC(293) Humongous regions: 2->2
[2026-10-07T05:10:13.286+0000][754.518s][info][gc,metaspace] GC(293) Metaspace: 74745K(75584K)->74745K(75584K) NonClass: 65426K(65856K)->65426K(65856K) Class: 9319K(9728K)->9319K(9728K)
[2026-10-07T05:10:13.286+0000][754.519s][info][gc          ] GC(293) Pause Young (Prepare Mixed) (G1 Evacuation Pause) 52M->33M(57M) 11.101ms
[2026-10-07T05:10:13.286+0000][754.519s][info][gc,cpu      ] GC(293) User=0.01s Sys=0.00s Real=0.01s
[2026-10-07T05:10:16.894+0000][758.126s][info][gc,start    ] GC(294) Pause Young (Mixed) (G1 Evacuation Pause)
[2026-10-07T05:10:16.894+0000][758.127s][info][gc,task     ] GC(294) Using 2 workers of 2 for evacuation
[2026-10-07T05:10:16.904+0000][758.136s][info][gc,phases   ] GC(294)   Pre Evacuate Collection Set: 0.59ms
[2026-10-07T05:10:16.904+0000][758.136s][info][gc,phases   ] GC(294)   Merge Heap Roots: 0.71ms
[2026-10-07T05:10:16.904+0000][758.136s][info][gc,phases   ] GC(294)   Evacuate Collection Set: 7.12ms
[2026-10-07T05:10:16.904+0000][758.136s][info][gc,phases   ] GC(294)   Post Evacuate Collection Set: 0.90ms
[2026-10-07T05:10:16.904+0000][758.136s][info][gc,phases   ] GC(294)   Other: 0.45ms
[2026-10-07T05:10:16.904+0000][758.136s][info][gc,heap     ] GC(294) Eden regions: 19->0(19)
[2026-10-07T05:10:16.904+0000][758.136s][info][gc,heap     ] GC(294) Survivor regions: 2->2(3)
[2026-10-07T05:10:16.904+0000][758.136s][info][gc,heap     ] GC(294) Old regions: 30->30
[2026-10-07T05:10:16.904+0000][758.136s][info][gc,heap     ] GC(294) Humongous regions: 2->2
[2026-10-07T05:10:16.904+0000][758.136s][info][gc,metaspace] GC(294) Metaspace: 74745K(75584K)->74745K(75584K) NonClass: 65426K(65856K)->65426K(65856K) Class: 9319K(9728K)->9319K(9728K)
[2026-10-07T05:10:16.904+0000][758.137s][info][gc          ] GC(294) Pause Young (Mixed) (G1 Evacuation Pause) 52M->33M(57M) 10.393ms
[2026-10-07T05:10:16.905+0000][758.137s][info][gc,cpu      ] GC(294) User=0.02s Sys=0.00s Real=0.01s
[2026-10-07T05:10:20.151+0000][761.383s][info][gc,start    ] GC(295) Pause Young (Concurrent Start) (G1 Evacuation Pause)
[2026-10-07T05:10:20.151+0000][761.384s][info][gc,task     ] GC(295) Using 2 workers of 2 for evacuation
[2026-10-07T05:10:20.161+0000][761.393s][info][gc,phases   ] GC(295)   Pre Evacuate Collection Set: 2.43ms
[2026-10-07T05:10:20.161+0000][761.393s][info][gc,phases   ] GC(295)   Merge Heap Roots: 0.07ms
[2026-10-07T05:10:20.161+0000][761.393s][info][gc,phases   ] GC(295)   Evacuate Collection Set: 5.79ms
[2026-10-07T05:10:20.161+0000][761.393s][info][gc,phases   ] GC(295)   Post Evacuate Collection Set: 1.05ms
[2026-10-07T05:10:20.161+0000][761.393s][info][gc,phases   ] GC(295)   Other: 0.13ms
[2026-10-07T05:10:20.161+0000][761.393s][info][gc,heap     ] GC(295) Eden regions: 19->0(19)
[2026-10-07T05:10:20.161+0000][761.393s][info][gc,heap     ] GC(295) Survivor regions: 2->2(3)
[2026-10-07T05:10:20.161+0000][761.393s][info][gc,heap     ] GC(295) Old regions: 30->30
[2026-10-07T05:10:20.161+0000][761.393s][info][gc,heap     ] GC(295) Humongous regions: 2->2
[2026-10-07T05:10:20.161+0000][761.393s][info][gc,metaspace] GC(295) Metaspace: 74747K(75584K)->74747K(75584K) NonClass: 65428K(65856K)->65428K(65856K) Class: 9319K(9728K)->9319K(9728K)
[2026-10-07T05:10:20.161+0000][761.393s][info][gc          ] GC(295) Pause Young (Concurrent Start) (G1 Evacuation Pause) 52M->33M(57M) 9.710ms
[2026-10-07T05:10:20.161+0000][761.393s][info][gc,cpu      ] GC(295) User=0.01s Sys=0.00s Real=0.01s
[2026-10-07T05:10:20.166+0000][761.398s][info][gc          ] GC(296) Concurrent Mark Cycle
[2026-10-07T05:10:20.166+0000][761.398s][info][gc,marking  ] GC(296) Concurrent Scan Root Regions
[2026-10-07T05:10:20.184+0000][761.417s][info][gc,marking  ] GC(296) Concurrent Scan Root Regions 18.466ms
[2026-10-07T05:10:20.184+0000][761.417s][info][gc,marking  ] GC(296) Concurrent Mark
[2026-10-07T05:10:20.184+0000][761.417s][info][gc,marking  ] GC(296) Concurrent Mark From Roots
[2026-10-07T05:10:20.184+0000][761.417s][info][gc,task     ] GC(296) Using 1 workers of 1 for marking
[2026-10-07T05:10:20.291+0000][761.524s][info][gc,marking  ] GC(296) Concurrent Mark From Roots 106.933ms
[2026-10-07T05:10:20.291+0000][761.524s][info][gc,marking  ] GC(296) Concurrent Preclean
[2026-10-07T05:10:20.293+0000][761.525s][info][gc,marking  ] GC(296) Concurrent Preclean 1.553ms
[2026-10-07T05:10:20.293+0000][761.525s][info][gc,start    ] GC(296) Pause Remark
[2026-10-07T05:10:20.316+0000][761.548s][info][gc          ] GC(296) Pause Remark 34M->34M(57M) 22.757ms
[2026-10-07T05:10:20.316+0000][761.548s][info][gc,cpu      ] GC(296) User=0.04s Sys=0.00s Real=0.03s
[2026-10-07T05:10:20.319+0000][761.551s][info][gc,marking  ] GC(296) Concurrent Mark 134.611ms
[2026-10-07T05:10:20.319+0000][761.551s][info][gc,marking  ] GC(296) Concurrent Rebuild Remembered Sets and Scrub Regions
[2026-10-07T05:10:20.378+0000][761.610s][info][gc,marking  ] GC(296) Concurrent Rebuild Remembered Sets and Scrub Regions 58.610ms
[2026-10-07T05:10:20.378+0000][761.610s][info][gc,start    ] GC(296) Pause Cleanup
[2026-10-07T05:10:20.378+0000][761.611s][info][gc          ] GC(296) Pause Cleanup 34M->34M(57M) 0.295ms
[2026-10-07T05:10:20.379+0000][761.611s][info][gc,cpu      ] GC(296) User=0.00s Sys=0.00s Real=0.00s
[2026-10-07T05:10:20.379+0000][761.611s][info][gc,marking  ] GC(296) Concurrent Clear Claimed Marks
[2026-10-07T05:10:20.379+0000][761.611s][info][gc,marking  ] GC(296) Concurrent Clear Claimed Marks 0.208ms
[2026-10-07T05:10:20.380+0000][761.612s][info][gc,marking  ] GC(296) Concurrent Cleanup for Next Mark
[2026-10-07T05:10:20.381+0000][761.613s][info][gc,marking  ] GC(296) Concurrent Cleanup for Next Mark 0.927ms
[2026-10-07T05:10:20.381+0000][761.613s][info][gc          ] GC(296) Concurrent Mark Cycle 214.887ms
[2026-10-07T05:10:23.631+0000][764.863s][info][gc,start    ] GC(297) Pause Young (Prepare Mixed) (G1 Evacuation Pause)
[2026-10-07T05:10:23.631+0000][764.863s][info][gc,task     ] GC(297) Using 2 workers of 2 for evacuation
[2026-10-07T05:10:23.641+0000][764.873s][info][gc,phases   ] GC(297)   Pre Evacuate Collection Set: 0.61ms
[2026-10-07T05:10:23.641+0000][764.873s][info][gc,phases   ] GC(297)   Merge Heap Roots: 0.20ms
[2026-10-07T05:10:23.641+0000][764.873s][info][gc,phases   ] GC(297)   Evacuate Collection Set: 7.45ms
[2026-10-07T05:10:23.641+0000][764.873s][info][gc,phases   ] GC(297)   Post Evacuate Collection Set: 0.95ms
[2026-10-07T05:10:23.641+0000][764.873s][info][gc,phases   ] GC(297)   Other: 0.13ms
[2026-10-07T05:10:23.641+0000][764.873s][info][gc,heap     ] GC(297) Eden regions: 19->0(19)
[2026-10-07T05:10:23.641+0000][764.874s][info][gc,heap     ] GC(297) Survivor regions: 2->2(3)
[2026-10-07T05:10:23.641+0000][764.874s][info][gc,heap     ] GC(297) Old regions: 30->30
[2026-10-07T05:10:23.641+0000][764.874s][info][gc,heap     ] GC(297) Humongous regions: 2->2
[2026-10-07T05:10:23.641+0000][764.874s][info][gc,metaspace] GC(297) Metaspace: 74747K(75584K)->74747K(75584K) NonClass: 65428K(65856K)->65428K(65856K) Class: 9319K(9728K)->9319K(9728K)
[2026-10-07T05:10:23.642+0000][764.874s][info][gc          ] GC(297) Pause Young (Prepare Mixed) (G1 Evacuation Pause) 52M->33M(57M) 11.099ms
[2026-10-07T05:10:23.642+0000][764.875s][info][gc,cpu      ] GC(297) User=0.01s Sys=0.00s Real=0.01s
[2026-10-07T05:10:27.134+0000][768.366s][info][gc,start    ] GC(298) Pause Young (Mixed) (G1 Evacuation Pause)
[2026-10-07T05:10:27.134+0000][768.366s][info][gc,task     ] GC(298) Using 2 workers of 2 for evacuation
[2026-10-07T05:10:27.146+0000][768.378s][info][gc,phases   ] GC(298)   Pre Evacuate Collection Set: 0.90ms
[2026-10-07T05:10:27.146+0000][768.378s][info][gc,phases   ] GC(298)   Merge Heap Roots: 0.34ms
[2026-10-07T05:10:27.146+0000][768.378s][info][gc,phases   ] GC(298)   Evacuate Collection Set: 10.15ms
[2026-10-07T05:10:27.146+0000][768.378s][info][gc,phases   ] GC(298)   Post Evacuate Collection Set: 0.81ms
[2026-10-07T05:10:27.146+0000][768.378s][info][gc,phases   ] GC(298)   Other: 0.11ms
[2026-10-07T05:10:27.146+0000][768.378s][info][gc,heap     ] GC(298) Eden regions: 19->0(19)
[2026-10-07T05:10:27.146+0000][768.378s][info][gc,heap     ] GC(298) Survivor regions: 2->2(3)
[2026-10-07T05:10:27.146+0000][768.378s][info][gc,heap     ] GC(298) Old regions: 30->30
[2026-10-07T05:10:27.146+0000][768.378s][info][gc,heap     ] GC(298) Humongous regions: 2->2
[2026-10-07T05:10:27.146+0000][768.378s][info][gc,metaspace] GC(298) Metaspace: 74747K(75584K)->74747K(75584K) NonClass: 65428K(65856K)->65428K(65856K) Class: 9319K(9728K)->9319K(9728K)
[2026-10-07T05:10:27.146+0000][768.378s][info][gc          ] GC(298) Pause Young (Mixed) (G1 Evacuation Pause) 52M->33M(57M) 12.670ms
[2026-10-07T05:10:27.146+0000][768.378s][info][gc,cpu      ] GC(298) User=0.02s Sys=0.00s Real=0.01s
[2026-10-07T05:10:30.586+0000][771.818s][info][gc,start    ] GC(299) Pause Young (Concurrent Start) (G1 Evacuation Pause)
[2026-10-07T05:10:30.586+0000][771.818s][info][gc,task     ] GC(299) Using 2 workers of 2 for evacuation
[2026-10-07T05:10:30.594+0000][771.827s][info][gc,phases   ] GC(299)   Pre Evacuate Collection Set: 0.65ms
[2026-10-07T05:10:30.594+0000][771.827s][info][gc,phases   ] GC(299)   Merge Heap Roots: 0.18ms
[2026-10-07T05:10:30.594+0000][771.827s][info][gc,phases   ] GC(299)   Evacuate Collection Set: 6.17ms
[2026-10-07T05:10:30.594+0000][771.827s][info][gc,phases   ] GC(299)   Post Evacuate Collection Set: 0.76ms
[2026-10-07T05:10:30.594+0000][771.827s][info][gc,phases   ] GC(299)   Other: 0.60ms
[2026-10-07T05:10:30.594+0000][771.827s][info][gc,heap     ] GC(299) Eden regions: 19->0(19)
[2026-10-07T05:10:30.594+0000][771.827s][info][gc,heap     ] GC(299) Survivor regions: 2->2(3)
[2026-10-07T05:10:30.594+0000][771.827s][info][gc,heap     ] GC(299) Old regions: 30->30
[2026-10-07T05:10:30.594+0000][771.827s][info][gc,heap     ] GC(299) Humongous regions: 2->2
[2026-10-07T05:10:30.594+0000][771.827s][info][gc,metaspace] GC(299) Metaspace: 74749K(75584K)->74749K(75584K) NonClass: 65430K(65856K)->65430K(65856K) Class: 9319K(9728K)->9319K(9728K)
[2026-10-07T05:10:30.595+0000][771.827s][info][gc          ] GC(299) Pause Young (Concurrent Start) (G1 Evacuation Pause) 52M->33M(57M) 9.074ms
[2026-10-07T05:10:30.595+0000][771.828s][info][gc          ] GC(300) Concurrent Mark Cycle
[2026-10-07T05:10:30.596+0000][771.828s][info][gc,marking  ] GC(300) Concurrent Scan Root Regions
[2026-10-07T05:10:30.596+0000][771.828s][info][gc,cpu      ] GC(299) User=0.01s Sys=0.00s Real=0.01s
[2026-10-07T05:10:30.603+0000][771.835s][info][gc,marking  ] GC(300) Concurrent Scan Root Regions 7.720ms
[2026-10-07T05:10:30.603+0000][771.836s][info][gc,marking  ] GC(300) Concurrent Mark
[2026-10-07T05:10:30.603+0000][771.836s][info][gc,marking  ] GC(300) Concurrent Mark From Roots
[2026-10-07T05:10:30.603+0000][771.836s][info][gc,task     ] GC(300) Using 1 workers of 1 for marking
[2026-10-07T05:10:30.701+0000][771.933s][info][gc,marking  ] GC(300) Concurrent Mark From Roots 97.485ms
[2026-10-07T05:10:30.701+0000][771.933s][info][gc,marking  ] GC(300) Concurrent Preclean
[2026-10-07T05:10:30.701+0000][771.933s][info][gc,marking  ] GC(300) Concurrent Preclean 0.341ms
[2026-10-07T05:10:30.702+0000][771.934s][info][gc,start    ] GC(300) Pause Remark
[2026-10-07T05:10:30.728+0000][771.960s][info][gc          ] GC(300) Pause Remark 34M->34M(57M) 25.832ms
[2026-10-07T05:10:30.728+0000][771.960s][info][gc,cpu      ] GC(300) User=0.04s Sys=0.00s Real=0.03s
[2026-10-07T05:10:30.728+0000][771.961s][info][gc,marking  ] GC(300) Concurrent Mark 124.981ms
[2026-10-07T05:10:30.729+0000][771.961s][info][gc,marking  ] GC(300) Concurrent Rebuild Remembered Sets and Scrub Regions
[2026-10-07T05:10:30.780+0000][772.013s][info][gc,marking  ] GC(300) Concurrent Rebuild Remembered Sets and Scrub Regions 51.915ms
[2026-10-07T05:10:30.781+0000][772.013s][info][gc,start    ] GC(300) Pause Cleanup
[2026-10-07T05:10:30.781+0000][772.013s][info][gc          ] GC(300) Pause Cleanup 34M->34M(57M) 0.453ms
[2026-10-07T05:10:30.782+0000][772.014s][info][gc,cpu      ] GC(300) User=0.00s Sys=0.00s Real=0.00s
[2026-10-07T05:10:30.782+0000][772.014s][info][gc,marking  ] GC(300) Concurrent Clear Claimed Marks
[2026-10-07T05:10:30.782+0000][772.015s][info][gc,marking  ] GC(300) Concurrent Clear Claimed Marks 0.457ms
[2026-10-07T05:10:30.783+0000][772.015s][info][gc,marking  ] GC(300) Concurrent Cleanup for Next Mark
[2026-10-07T05:10:30.783+0000][772.015s][info][gc,marking  ] GC(300) Concurrent Cleanup for Next Mark 0.287ms
[2026-10-07T05:10:30.783+0000][772.015s][info][gc          ] GC(300) Concurrent Mark Cycle 187.380ms
[2026-10-07T05:10:33.999+0000][775.231s][info][gc,start    ] GC(301) Pause Young (Prepare Mixed) (G1 Evacuation Pause)
[2026-10-07T05:10:33.999+0000][775.231s][info][gc,task     ] GC(301) Using 2 workers of 2 for evacuation
[2026-10-07T05:10:34.006+0000][775.238s][info][gc,phases   ] GC(301)   Pre Evacuate Collection Set: 0.45ms
[2026-10-07T05:10:34.006+0000][775.238s][info][gc,phases   ] GC(301)   Merge Heap Roots: 0.78ms
[2026-10-07T05:10:34.006+0000][775.238s][info][gc,phases   ] GC(301)   Evacuate Collection Set: 5.38ms
[2026-10-07T05:10:34.006+0000][775.238s][info][gc,phases   ] GC(301)   Post Evacuate Collection Set: 0.63ms
[2026-10-07T05:10:34.006+0000][775.238s][info][gc,phases   ] GC(301)   Other: 0.08ms
[2026-10-07T05:10:34.006+0000][775.238s][info][gc,heap     ] GC(301) Eden regions: 19->0(19)
[2026-10-07T05:10:34.006+0000][775.238s][info][gc,heap     ] GC(301) Survivor regions: 2->2(3)
[2026-10-07T05:10:34.006+0000][775.238s][info][gc,heap     ] GC(301) Old regions: 30->30
[2026-10-07T05:10:34.006+0000][775.238s][info][gc,heap     ] GC(301) Humongous regions: 2->2
[2026-10-07T05:10:34.006+0000][775.238s][info][gc,metaspace] GC(301) Metaspace: 74754K(75584K)->74754K(75584K) NonClass: 65435K(65856K)->65435K(65856K) Class: 9319K(9728K)->9319K(9728K)
[2026-10-07T05:10:34.006+0000][775.238s][info][gc          ] GC(301) Pause Young (Prepare Mixed) (G1 Evacuation Pause) 52M->33M(57M) 7.619ms
[2026-10-07T05:10:34.006+0000][775.238s][info][gc,cpu      ] GC(301) User=0.01s Sys=0.00s Real=0.01s
[2026-10-07T05:10:37.394+0000][778.626s][info][gc,start    ] GC(302) Pause Young (Mixed) (G1 Evacuation Pause)
[2026-10-07T05:10:37.394+0000][778.626s][info][gc,task     ] GC(302) Using 2 workers of 2 for evacuation
[2026-10-07T05:10:37.411+0000][778.643s][info][gc,phases   ] GC(302)   Pre Evacuate Collection Set: 0.32ms
[2026-10-07T05:10:37.412+0000][778.644s][info][gc,phases   ] GC(302)   Merge Heap Roots: 0.61ms
[2026-10-07T05:10:37.412+0000][778.644s][info][gc,phases   ] GC(302)   Evacuate Collection Set: 14.06ms
[2026-10-07T05:10:37.412+0000][778.644s][info][gc,phases   ] GC(302)   Post Evacuate Collection Set: 1.57ms
[2026-10-07T05:10:37.412+0000][778.644s][info][gc,phases   ] GC(302)   Other: 0.11ms
[2026-10-07T05:10:37.412+0000][778.644s][info][gc,heap     ] GC(302) Eden regions: 19->0(19)
[2026-10-07T05:10:37.412+0000][778.644s][info][gc,heap     ] GC(302) Survivor regions: 2->2(3)
[2026-10-07T05:10:37.412+0000][778.644s][info][gc,heap     ] GC(302) Old regions: 30->30
[2026-10-07T05:10:37.412+0000][778.645s][info][gc,heap     ] GC(302) Humongous regions: 2->2
[2026-10-07T05:10:37.412+0000][778.645s][info][gc,metaspace] GC(302) Metaspace: 74754K(75584K)->74754K(75584K) NonClass: 65435K(65856K)->65435K(65856K) Class: 9319K(9728K)->9319K(9728K)
[2026-10-07T05:10:37.412+0000][778.645s][info][gc          ] GC(302) Pause Young (Mixed) (G1 Evacuation Pause) 52M->33M(57M) 18.131ms
[2026-10-07T05:10:37.412+0000][778.645s][info][gc,cpu      ] GC(302) User=0.02s Sys=0.00s Real=0.01s
[2026-10-07T05:10:41.073+0000][782.305s][info][gc,start    ] GC(303) Pause Young (Concurrent Start) (G1 Evacuation Pause)
[2026-10-07T05:10:41.073+0000][782.306s][info][gc,task     ] GC(303) Using 2 workers of 2 for evacuation
[2026-10-07T05:10:41.084+0000][782.316s][info][gc,phases   ] GC(303)   Pre Evacuate Collection Set: 2.22ms
[2026-10-07T05:10:41.084+0000][782.316s][info][gc,phases   ] GC(303)   Merge Heap Roots: 0.17ms
[2026-10-07T05:10:41.084+0000][782.316s][info][gc,phases   ] GC(303)   Evacuate Collection Set: 7.19ms
[2026-10-07T05:10:41.084+0000][782.316s][info][gc,phases   ] GC(303)   Post Evacuate Collection Set: 0.64ms
[2026-10-07T05:10:41.084+0000][782.316s][info][gc,phases   ] GC(303)   Other: 0.21ms
[2026-10-07T05:10:41.084+0000][782.317s][info][gc,heap     ] GC(303) Eden regions: 19->0(19)
[2026-10-07T05:10:41.084+0000][782.317s][info][gc,heap     ] GC(303) Survivor regions: 2->2(3)
[2026-10-07T05:10:41.084+0000][782.317s][info][gc,heap     ] GC(303) Old regions: 30->30
[2026-10-07T05:10:41.084+0000][782.317s][info][gc,heap     ] GC(303) Humongous regions: 2->2
[2026-10-07T05:10:41.084+0000][782.317s][info][gc,metaspace] GC(303) Metaspace: 74754K(75584K)->74754K(75584K) NonClass: 65435K(65856K)->65435K(65856K) Class: 9319K(9728K)->9319K(9728K)
[2026-10-07T05:10:41.085+0000][782.317s][info][gc          ] GC(303) Pause Young (Concurrent Start) (G1 Evacuation Pause) 52M->33M(57M) 11.323ms
[2026-10-07T05:10:41.085+0000][782.317s][info][gc,cpu      ] GC(303) User=0.01s Sys=0.00s Real=0.02s
[2026-10-07T05:10:41.085+0000][782.317s][info][gc          ] GC(304) Concurrent Mark Cycle
[2026-10-07T05:10:41.085+0000][782.317s][info][gc,marking  ] GC(304) Concurrent Scan Root Regions
[2026-10-07T05:10:41.096+0000][782.328s][info][gc,marking  ] GC(304) Concurrent Scan Root Regions 10.727ms
[2026-10-07T05:10:41.096+0000][782.328s][info][gc,marking  ] GC(304) Concurrent Mark
[2026-10-07T05:10:41.096+0000][782.328s][info][gc,marking  ] GC(304) Concurrent Mark From Roots
[2026-10-07T05:10:41.096+0000][782.328s][info][gc,task     ] GC(304) Using 1 workers of 1 for marking
[2026-10-07T05:10:41.202+0000][782.434s][info][gc,marking  ] GC(304) Concurrent Mark From Roots 105.921ms
[2026-10-07T05:10:41.202+0000][782.434s][info][gc,marking  ] GC(304) Concurrent Preclean
[2026-10-07T05:10:41.202+0000][782.434s][info][gc,marking  ] GC(304) Concurrent Preclean 0.317ms
[2026-10-07T05:10:41.202+0000][782.434s][info][gc,start    ] GC(304) Pause Remark
[2026-10-07T05:10:41.228+0000][782.460s][info][gc          ] GC(304) Pause Remark 34M->34M(57M) 25.422ms
[2026-10-07T05:10:41.228+0000][782.460s][info][gc,cpu      ] GC(304) User=0.04s Sys=0.00s Real=0.03s
[2026-10-07T05:10:41.230+0000][782.462s][info][gc,marking  ] GC(304) Concurrent Mark 134.533ms
[2026-10-07T05:10:41.230+0000][782.463s][info][gc,marking  ] GC(304) Concurrent Rebuild Remembered Sets and Scrub Regions
[2026-10-07T05:10:41.284+0000][782.516s][info][gc,marking  ] GC(304) Concurrent Rebuild Remembered Sets and Scrub Regions 53.354ms
[2026-10-07T05:10:41.284+0000][782.516s][info][gc,start    ] GC(304) Pause Cleanup
[2026-10-07T05:10:41.285+0000][782.517s][info][gc          ] GC(304) Pause Cleanup 34M->34M(57M) 0.779ms
[2026-10-07T05:10:41.285+0000][782.517s][info][gc,cpu      ] GC(304) User=0.00s Sys=0.00s Real=0.00s
[2026-10-07T05:10:41.288+0000][782.520s][info][gc,marking  ] GC(304) Concurrent Clear Claimed Marks
[2026-10-07T05:10:41.289+0000][782.521s][info][gc,marking  ] GC(304) Concurrent Clear Claimed Marks 0.911ms
[2026-10-07T05:10:41.289+0000][782.521s][info][gc,marking  ] GC(304) Concurrent Cleanup for Next Mark
[2026-10-07T05:10:41.290+0000][782.522s][info][gc,marking  ] GC(304) Concurrent Cleanup for Next Mark 1.390ms
[2026-10-07T05:10:41.290+0000][782.522s][info][gc          ] GC(304) Concurrent Mark Cycle 205.360ms
[2026-10-07T05:10:44.351+0000][785.584s][info][gc,start    ] GC(305) Pause Young (Prepare Mixed) (G1 Evacuation Pause)
[2026-10-07T05:10:44.352+0000][785.584s][info][gc,task     ] GC(305) Using 2 workers of 2 for evacuation
[2026-10-07T05:10:44.374+0000][785.607s][info][gc,phases   ] GC(305)   Pre Evacuate Collection Set: 0.45ms
[2026-10-07T05:10:44.376+0000][785.608s][info][gc,phases   ] GC(305)   Merge Heap Roots: 0.75ms
[2026-10-07T05:10:44.376+0000][785.609s][info][gc,phases   ] GC(305)   Evacuate Collection Set: 20.23ms
[2026-10-07T05:10:44.376+0000][785.609s][info][gc,phases   ] GC(305)   Post Evacuate Collection Set: 1.02ms
[2026-10-07T05:10:44.376+0000][785.609s][info][gc,phases   ] GC(305)   Other: 0.16ms
[2026-10-07T05:10:44.376+0000][785.609s][info][gc,heap     ] GC(305) Eden regions: 19->0(18)
[2026-10-07T05:10:44.376+0000][785.609s][info][gc,heap     ] GC(305) Survivor regions: 2->2(3)
[2026-10-07T05:10:44.376+0000][785.609s][info][gc,heap     ] GC(305) Old regions: 30->31
[2026-10-07T05:10:44.376+0000][785.609s][info][gc,heap     ] GC(305) Humongous regions: 2->2
[2026-10-07T05:10:44.376+0000][785.609s][info][gc,metaspace] GC(305) Metaspace: 74756K(75584K)->74756K(75584K) NonClass: 65437K(65856K)->65437K(65856K) Class: 9319K(9728K)->9319K(9728K)
[2026-10-07T05:10:44.377+0000][785.609s][info][gc          ] GC(305) Pause Young (Prepare Mixed) (G1 Evacuation Pause) 52M->33M(57M) 25.218ms
[2026-10-07T05:10:44.377+0000][785.609s][info][gc,cpu      ] GC(305) User=0.01s Sys=0.00s Real=0.03s
[2026-10-07T05:10:48.076+0000][789.308s][info][gc,start    ] GC(306) Pause Young (Mixed) (G1 Evacuation Pause)
[2026-10-07T05:10:48.076+0000][789.308s][info][gc,task     ] GC(306) Using 2 workers of 2 for evacuation
[2026-10-07T05:10:48.088+0000][789.320s][info][gc,phases   ] GC(306)   Pre Evacuate Collection Set: 1.19ms
[2026-10-07T05:10:48.088+0000][789.320s][info][gc,phases   ] GC(306)   Merge Heap Roots: 0.28ms
[2026-10-07T05:10:48.088+0000][789.320s][info][gc,phases   ] GC(306)   Evacuate Collection Set: 8.82ms
[2026-10-07T05:10:48.088+0000][789.320s][info][gc,phases   ] GC(306)   Post Evacuate Collection Set: 0.92ms
[2026-10-07T05:10:48.088+0000][789.320s][info][gc,phases   ] GC(306)   Other: 0.63ms
[2026-10-07T05:10:48.088+0000][789.320s][info][gc,heap     ] GC(306) Eden regions: 18->0(19)
[2026-10-07T05:10:48.088+0000][789.320s][info][gc,heap     ] GC(306) Survivor regions: 2->2(3)
[2026-10-07T05:10:48.088+0000][789.320s][info][gc,heap     ] GC(306) Old regions: 31->30
[2026-10-07T05:10:48.088+0000][789.320s][info][gc,heap     ] GC(306) Humongous regions: 2->2
[2026-10-07T05:10:48.088+0000][789.320s][info][gc,metaspace] GC(306) Metaspace: 74757K(75584K)->74757K(75584K) NonClass: 65438K(65856K)->65438K(65856K) Class: 9319K(9728K)->9319K(9728K)
[2026-10-07T05:10:48.088+0000][789.320s][info][gc          ] GC(306) Pause Young (Mixed) (G1 Evacuation Pause) 51M->32M(57M) 12.300ms
[2026-10-07T05:10:48.088+0000][789.320s][info][gc,cpu      ] GC(306) User=0.01s Sys=0.00s Real=0.01s
[2026-10-07T05:10:51.901+0000][793.133s][info][gc,start    ] GC(307) Pause Young (Concurrent Start) (G1 Evacuation Pause)
[2026-10-07T05:10:51.901+0000][793.133s][info][gc,task     ] GC(307) Using 2 workers of 2 for evacuation
[2026-10-07T05:10:51.909+0000][793.141s][info][gc,phases   ] GC(307)   Pre Evacuate Collection Set: 0.55ms
[2026-10-07T05:10:51.909+0000][793.141s][info][gc,phases   ] GC(307)   Merge Heap Roots: 0.56ms
[2026-10-07T05:10:51.909+0000][793.141s][info][gc,phases   ] GC(307)   Evacuate Collection Set: 5.85ms
[2026-10-07T05:10:51.909+0000][793.141s][info][gc,phases   ] GC(307)   Post Evacuate Collection Set: 0.74ms
[2026-10-07T05:10:51.909+0000][793.141s][info][gc,phases   ] GC(307)   Other: 0.27ms
[2026-10-07T05:10:51.909+0000][793.141s][info][gc,heap     ] GC(307) Eden regions: 19->0(19)
[2026-10-07T05:10:51.909+0000][793.141s][info][gc,heap     ] GC(307) Survivor regions: 2->2(3)
[2026-10-07T05:10:51.909+0000][793.141s][info][gc,heap     ] GC(307) Old regions: 30->30
[2026-10-07T05:10:51.909+0000][793.141s][info][gc,heap     ] GC(307) Humongous regions: 2->2
[2026-10-07T05:10:51.909+0000][793.141s][info][gc,metaspace] GC(307) Metaspace: 74759K(75584K)->74759K(75584K) NonClass: 65440K(65856K)->65440K(65856K) Class: 9319K(9728K)->9319K(9728K)
[2026-10-07T05:10:51.910+0000][793.142s][info][gc          ] GC(307) Pause Young (Concurrent Start) (G1 Evacuation Pause) 51M->33M(57M) 9.425ms
[2026-10-07T05:10:51.910+0000][793.143s][info][gc          ] GC(308) Concurrent Mark Cycle
[2026-10-07T05:10:51.910+0000][793.143s][info][gc,marking  ] GC(308) Concurrent Scan Root Regions
[2026-10-07T05:10:51.910+0000][793.143s][info][gc,cpu      ] GC(307) User=0.01s Sys=0.00s Real=0.01s
[2026-10-07T05:10:51.920+0000][793.152s][info][gc,marking  ] GC(308) Concurrent Scan Root Regions 9.246ms
[2026-10-07T05:10:51.920+0000][793.152s][info][gc,marking  ] GC(308) Concurrent Mark
[2026-10-07T05:10:51.920+0000][793.152s][info][gc,marking  ] GC(308) Concurrent Mark From Roots
[2026-10-07T05:10:51.920+0000][793.152s][info][gc,task     ] GC(308) Using 1 workers of 1 for marking
[2026-10-07T05:10:52.079+0000][793.311s][info][gc,marking  ] GC(308) Concurrent Mark From Roots 159.567ms
[2026-10-07T05:10:52.079+0000][793.312s][info][gc,marking  ] GC(308) Concurrent Preclean
[2026-10-07T05:10:52.080+0000][793.312s][info][gc,marking  ] GC(308) Concurrent Preclean 0.335ms
[2026-10-07T05:10:52.080+0000][793.312s][info][gc,start    ] GC(308) Pause Remark
[2026-10-07T05:10:52.122+0000][793.354s][info][gc          ] GC(308) Pause Remark 34M->34M(57M) 41.637ms
[2026-10-07T05:10:52.122+0000][793.354s][info][gc,cpu      ] GC(308) User=0.04s Sys=0.00s Real=0.04s
[2026-10-07T05:10:52.122+0000][793.354s][info][gc,marking  ] GC(308) Concurrent Mark 202.566ms
[2026-10-07T05:10:52.122+0000][793.354s][info][gc,marking  ] GC(308) Concurrent Rebuild Remembered Sets and Scrub Regions
[2026-10-07T05:10:52.186+0000][793.418s][info][gc,marking  ] GC(308) Concurrent Rebuild Remembered Sets and Scrub Regions 63.823ms
[2026-10-07T05:10:52.187+0000][793.419s][info][gc,start    ] GC(308) Pause Cleanup
[2026-10-07T05:10:52.188+0000][793.420s][info][gc          ] GC(308) Pause Cleanup 34M->34M(57M) 0.871ms
[2026-10-07T05:10:52.188+0000][793.420s][info][gc,cpu      ] GC(308) User=0.01s Sys=0.00s Real=0.00s
[2026-10-07T05:10:52.189+0000][793.422s][info][gc,marking  ] GC(308) Concurrent Clear Claimed Marks
[2026-10-07T05:10:52.190+0000][793.422s][info][gc,marking  ] GC(308) Concurrent Clear Claimed Marks 0.707ms
[2026-10-07T05:10:52.190+0000][793.422s][info][gc,marking  ] GC(308) Concurrent Cleanup for Next Mark
[2026-10-07T05:10:52.191+0000][793.423s][info][gc,marking  ] GC(308) Concurrent Cleanup for Next Mark 0.862ms
[2026-10-07T05:10:52.191+0000][793.423s][info][gc          ] GC(308) Concurrent Mark Cycle 280.820ms
[2026-10-07T05:10:55.396+0000][796.629s][info][gc,start    ] GC(309) Pause Young (Prepare Mixed) (G1 Evacuation Pause)
[2026-10-07T05:10:55.396+0000][796.629s][info][gc,task     ] GC(309) Using 2 workers of 2 for evacuation
[2026-10-07T05:10:55.403+0000][796.636s][info][gc,phases   ] GC(309)   Pre Evacuate Collection Set: 1.21ms
[2026-10-07T05:10:55.404+0000][796.636s][info][gc,phases   ] GC(309)   Merge Heap Roots: 0.20ms
[2026-10-07T05:10:55.404+0000][796.636s][info][gc,phases   ] GC(309)   Evacuate Collection Set: 4.55ms
[2026-10-07T05:10:55.404+0000][796.636s][info][gc,phases   ] GC(309)   Post Evacuate Collection Set: 1.00ms
[2026-10-07T05:10:55.404+0000][796.636s][info][gc,phases   ] GC(309)   Other: 0.10ms
[2026-10-07T05:10:55.404+0000][796.636s][info][gc,heap     ] GC(309) Eden regions: 19->0(19)
[2026-10-07T05:10:55.404+0000][796.636s][info][gc,heap     ] GC(309) Survivor regions: 2->2(3)
[2026-10-07T05:10:55.404+0000][796.636s][info][gc,heap     ] GC(309) Old regions: 30->30
[2026-10-07T05:10:55.404+0000][796.636s][info][gc,heap     ] GC(309) Humongous regions: 2->2
[2026-10-07T05:10:55.404+0000][796.636s][info][gc,metaspace] GC(309) Metaspace: 74760K(75584K)->74760K(75584K) NonClass: 65440K(65856K)->65440K(65856K) Class: 9319K(9728K)->9319K(9728K)
[2026-10-07T05:10:55.404+0000][796.636s][info][gc          ] GC(309) Pause Young (Prepare Mixed) (G1 Evacuation Pause) 52M->33M(57M) 7.545ms
[2026-10-07T05:10:55.404+0000][796.636s][info][gc,cpu      ] GC(309) User=0.01s Sys=0.00s Real=0.01s
[2026-10-07T05:10:58.995+0000][800.227s][info][gc,start    ] GC(310) Pause Young (Mixed) (G1 Evacuation Pause)
[2026-10-07T05:10:58.995+0000][800.227s][info][gc,task     ] GC(310) Using 2 workers of 2 for evacuation
[2026-10-07T05:10:59.012+0000][800.245s][info][gc,phases   ] GC(310)   Pre Evacuate Collection Set: 0.86ms
[2026-10-07T05:10:59.013+0000][800.245s][info][gc,phases   ] GC(310)   Merge Heap Roots: 0.42ms
[2026-10-07T05:10:59.013+0000][800.245s][info][gc,phases   ] GC(310)   Evacuate Collection Set: 14.99ms
[2026-10-07T05:10:59.013+0000][800.245s][info][gc,phases   ] GC(310)   Post Evacuate Collection Set: 1.07ms
[2026-10-07T05:10:59.013+0000][800.245s][info][gc,phases   ] GC(310)   Other: 0.13ms
[2026-10-07T05:10:59.013+0000][800.246s][info][gc,heap     ] GC(310) Eden regions: 19->0(19)
[2026-10-07T05:10:59.013+0000][800.246s][info][gc,heap     ] GC(310) Survivor regions: 2->2(3)
[2026-10-07T05:10:59.013+0000][800.246s][info][gc,heap     ] GC(310) Old regions: 30->30
[2026-10-07T05:10:59.013+0000][800.246s][info][gc,heap     ] GC(310) Humongous regions: 2->2
[2026-10-07T05:10:59.013+0000][800.246s][info][gc,metaspace] GC(310) Metaspace: 74761K(75584K)->74761K(75584K) NonClass: 65442K(65856K)->65442K(65856K) Class: 9319K(9728K)->9319K(9728K)
[2026-10-07T05:10:59.013+0000][800.246s][info][gc          ] GC(310) Pause Young (Mixed) (G1 Evacuation Pause) 52M->33M(57M) 18.529ms
[2026-10-07T05:10:59.014+0000][800.246s][info][gc,cpu      ] GC(310) User=0.02s Sys=0.01s Real=0.02s
[2026-10-07T05:11:02.522+0000][803.754s][info][gc,start    ] GC(311) Pause Young (Concurrent Start) (G1 Evacuation Pause)
[2026-10-07T05:11:02.522+0000][803.754s][info][gc,task     ] GC(311) Using 2 workers of 2 for evacuation
[2026-10-07T05:11:02.531+0000][803.764s][info][gc,phases   ] GC(311)   Pre Evacuate Collection Set: 0.92ms
[2026-10-07T05:11:02.531+0000][803.764s][info][gc,phases   ] GC(311)   Merge Heap Roots: 0.27ms
[2026-10-07T05:11:02.531+0000][803.764s][info][gc,phases   ] GC(311)   Evacuate Collection Set: 7.09ms
[2026-10-07T05:11:02.531+0000][803.764s][info][gc,phases   ] GC(311)   Post Evacuate Collection Set: 0.72ms
[2026-10-07T05:11:02.531+0000][803.764s][info][gc,phases   ] GC(311)   Other: 0.16ms
[2026-10-07T05:11:02.531+0000][803.764s][info][gc,heap     ] GC(311) Eden regions: 19->0(19)
[2026-10-07T05:11:02.531+0000][803.764s][info][gc,heap     ] GC(311) Survivor regions: 2->2(3)
[2026-10-07T05:11:02.531+0000][803.764s][info][gc,heap     ] GC(311) Old regions: 30->30
[2026-10-07T05:11:02.531+0000][803.764s][info][gc,heap     ] GC(311) Humongous regions: 2->2
[2026-10-07T05:11:02.531+0000][803.764s][info][gc,metaspace] GC(311) Metaspace: 74763K(75584K)->74763K(75584K) NonClass: 65444K(65856K)->65444K(65856K) Class: 9319K(9728K)->9319K(9728K)
[2026-10-07T05:11:02.531+0000][803.764s][info][gc          ] GC(311) Pause Young (Concurrent Start) (G1 Evacuation Pause) 52M->33M(57M) 9.382ms
[2026-10-07T05:11:02.532+0000][803.764s][info][gc          ] GC(312) Concurrent Mark Cycle
[2026-10-07T05:11:02.532+0000][803.764s][info][gc,marking  ] GC(312) Concurrent Scan Root Regions
[2026-10-07T05:11:02.532+0000][803.764s][info][gc,cpu      ] GC(311) User=0.01s Sys=0.00s Real=0.01s
[2026-10-07T05:11:02.541+0000][803.773s][info][gc,marking  ] GC(312) Concurrent Scan Root Regions 9.199ms
[2026-10-07T05:11:02.541+0000][803.773s][info][gc,marking  ] GC(312) Concurrent Mark
[2026-10-07T05:11:02.541+0000][803.773s][info][gc,marking  ] GC(312) Concurrent Mark From Roots
[2026-10-07T05:11:02.541+0000][803.773s][info][gc,task     ] GC(312) Using 1 workers of 1 for marking
[2026-10-07T05:11:02.639+0000][803.871s][info][gc,marking  ] GC(312) Concurrent Mark From Roots 97.958ms
[2026-10-07T05:11:02.639+0000][803.871s][info][gc,marking  ] GC(312) Concurrent Preclean
[2026-10-07T05:11:02.640+0000][803.872s][info][gc,marking  ] GC(312) Concurrent Preclean 0.571ms
[2026-10-07T05:11:02.640+0000][803.873s][info][gc,start    ] GC(312) Pause Remark
[2026-10-07T05:11:02.666+0000][803.898s][info][gc          ] GC(312) Pause Remark 34M->34M(57M) 25.344ms
[2026-10-07T05:11:02.668+0000][803.900s][info][gc,cpu      ] GC(312) User=0.04s Sys=0.00s Real=0.03s
[2026-10-07T05:11:02.669+0000][803.901s][info][gc,marking  ] GC(312) Concurrent Mark 128.046ms
[2026-10-07T05:11:02.669+0000][803.901s][info][gc,marking  ] GC(312) Concurrent Rebuild Remembered Sets and Scrub Regions
[2026-10-07T05:11:02.713+0000][803.945s][info][gc,marking  ] GC(312) Concurrent Rebuild Remembered Sets and Scrub Regions 43.882ms
[2026-10-07T05:11:02.713+0000][803.945s][info][gc,start    ] GC(312) Pause Cleanup
[2026-10-07T05:11:02.713+0000][803.945s][info][gc          ] GC(312) Pause Cleanup 34M->34M(57M) 0.253ms
[2026-10-07T05:11:02.713+0000][803.945s][info][gc,cpu      ] GC(312) User=0.00s Sys=0.00s Real=0.00s
[2026-10-07T05:11:02.714+0000][803.947s][info][gc,marking  ] GC(312) Concurrent Clear Claimed Marks
[2026-10-07T05:11:02.716+0000][803.948s][info][gc,marking  ] GC(312) Concurrent Clear Claimed Marks 2.234ms
[2026-10-07T05:11:02.716+0000][803.949s][info][gc,marking  ] GC(312) Concurrent Cleanup for Next Mark
[2026-10-07T05:11:02.718+0000][803.950s][info][gc,marking  ] GC(312) Concurrent Cleanup for Next Mark 1.472ms
[2026-10-07T05:11:02.718+0000][803.951s][info][gc          ] GC(312) Concurrent Mark Cycle 186.700ms
[2026-10-07T05:11:06.129+0000][807.362s][info][gc,start    ] GC(313) Pause Young (Prepare Mixed) (G1 Evacuation Pause)
[2026-10-07T05:11:06.129+0000][807.362s][info][gc,task     ] GC(313) Using 2 workers of 2 for evacuation
[2026-10-07T05:11:06.136+0000][807.369s][info][gc,phases   ] GC(313)   Pre Evacuate Collection Set: 0.19ms
[2026-10-07T05:11:06.136+0000][807.369s][info][gc,phases   ] GC(313)   Merge Heap Roots: 0.09ms
[2026-10-07T05:11:06.137+0000][807.369s][info][gc,phases   ] GC(313)   Evacuate Collection Set: 5.65ms
[2026-10-07T05:11:06.137+0000][807.369s][info][gc,phases   ] GC(313)   Post Evacuate Collection Set: 1.03ms
[2026-10-07T05:11:06.137+0000][807.369s][info][gc,phases   ] GC(313)   Other: 0.09ms
[2026-10-07T05:11:06.137+0000][807.369s][info][gc,heap     ] GC(313) Eden regions: 19->0(19)
[2026-10-07T05:11:06.137+0000][807.369s][info][gc,heap     ] GC(313) Survivor regions: 2->2(3)
[2026-10-07T05:11:06.137+0000][807.369s][info][gc,heap     ] GC(313) Old regions: 30->30
[2026-10-07T05:11:06.137+0000][807.369s][info][gc,heap     ] GC(313) Humongous regions: 2->2
[2026-10-07T05:11:06.137+0000][807.369s][info][gc,metaspace] GC(313) Metaspace: 74763K(75584K)->74763K(75584K) NonClass: 65444K(65856K)->65444K(65856K) Class: 9319K(9728K)->9319K(9728K)
[2026-10-07T05:11:06.137+0000][807.369s][info][gc          ] GC(313) Pause Young (Prepare Mixed) (G1 Evacuation Pause) 52M->33M(57M) 7.299ms
[2026-10-07T05:11:06.137+0000][807.369s][info][gc,cpu      ] GC(313) User=0.00s Sys=0.00s Real=0.01s
[2026-10-07T05:11:09.588+0000][810.820s][info][gc,start    ] GC(314) Pause Young (Mixed) (G1 Evacuation Pause)
[2026-10-07T05:11:09.588+0000][810.820s][info][gc,task     ] GC(314) Using 2 workers of 2 for evacuation
[2026-10-07T05:11:09.599+0000][810.831s][info][gc,phases   ] GC(314)   Pre Evacuate Collection Set: 0.93ms
[2026-10-07T05:11:09.599+0000][810.831s][info][gc,phases   ] GC(314)   Merge Heap Roots: 0.70ms
[2026-10-07T05:11:09.599+0000][810.831s][info][gc,phases   ] GC(314)   Evacuate Collection Set: 8.62ms
[2026-10-07T05:11:09.599+0000][810.831s][info][gc,phases   ] GC(314)   Post Evacuate Collection Set: 0.73ms
[2026-10-07T05:11:09.599+0000][810.831s][info][gc,phases   ] GC(314)   Other: 0.07ms
[2026-10-07T05:11:09.599+0000][810.831s][info][gc,heap     ] GC(314) Eden regions: 19->0(19)
[2026-10-07T05:11:09.599+0000][810.831s][info][gc,heap     ] GC(314) Survivor regions: 2->2(3)
[2026-10-07T05:11:09.599+0000][810.831s][info][gc,heap     ] GC(314) Old regions: 30->30
[2026-10-07T05:11:09.599+0000][810.831s][info][gc,heap     ] GC(314) Humongous regions: 2->2
[2026-10-07T05:11:09.599+0000][810.831s][info][gc,metaspace] GC(314) Metaspace: 74763K(75584K)->74763K(75584K) NonClass: 65444K(65856K)->65444K(65856K) Class: 9319K(9728K)->9319K(9728K)
[2026-10-07T05:11:09.599+0000][810.831s][info][gc          ] GC(314) Pause Young (Mixed) (G1 Evacuation Pause) 52M->33M(57M) 11.264ms
[2026-10-07T05:11:09.599+0000][810.831s][info][gc,cpu      ] GC(314) User=0.01s Sys=0.00s Real=0.01s
[2026-10-07T05:11:13.173+0000][814.405s][info][gc,start    ] GC(315) Pause Young (Concurrent Start) (G1 Evacuation Pause)
[2026-10-07T05:11:13.173+0000][814.405s][info][gc,task     ] GC(315) Using 2 workers of 2 for evacuation
[2026-10-07T05:11:13.183+0000][814.415s][info][gc,phases   ] GC(315)   Pre Evacuate Collection Set: 0.51ms
[2026-10-07T05:11:13.183+0000][814.415s][info][gc,phases   ] GC(315)   Merge Heap Roots: 0.14ms
[2026-10-07T05:11:13.183+0000][814.415s][info][gc,phases   ] GC(315)   Evacuate Collection Set: 8.39ms
[2026-10-07T05:11:13.183+0000][814.415s][info][gc,phases   ] GC(315)   Post Evacuate Collection Set: 1.06ms
[2026-10-07T05:11:13.183+0000][814.415s][info][gc,phases   ] GC(315)   Other: 0.16ms
[2026-10-07T05:11:13.184+0000][814.416s][info][gc,heap     ] GC(315) Eden regions: 19->0(19)
[2026-10-07T05:11:13.184+0000][814.416s][info][gc,heap     ] GC(315) Survivor regions: 2->2(3)
[2026-10-07T05:11:13.184+0000][814.416s][info][gc,heap     ] GC(315) Old regions: 30->30
[2026-10-07T05:11:13.184+0000][814.416s][info][gc,heap     ] GC(315) Humongous regions: 2->2
[2026-10-07T05:11:13.184+0000][814.416s][info][gc,metaspace] GC(315) Metaspace: 74765K(75584K)->74765K(75584K) NonClass: 65446K(65856K)->65446K(65856K) Class: 9319K(9728K)->9319K(9728K)
[2026-10-07T05:11:13.184+0000][814.416s][info][gc          ] GC(315) Pause Young (Concurrent Start) (G1 Evacuation Pause) 52M->33M(57M) 11.501ms
[2026-10-07T05:11:13.184+0000][814.417s][info][gc,cpu      ] GC(315) User=0.01s Sys=0.00s Real=0.02s
[2026-10-07T05:11:13.188+0000][814.420s][info][gc          ] GC(316) Concurrent Mark Cycle
[2026-10-07T05:11:13.188+0000][814.420s][info][gc,marking  ] GC(316) Concurrent Scan Root Regions
[2026-10-07T05:11:13.200+0000][814.432s][info][gc,marking  ] GC(316) Concurrent Scan Root Regions 12.175ms
[2026-10-07T05:11:13.200+0000][814.433s][info][gc,marking  ] GC(316) Concurrent Mark
[2026-10-07T05:11:13.200+0000][814.433s][info][gc,marking  ] GC(316) Concurrent Mark From Roots
[2026-10-07T05:11:13.200+0000][814.433s][info][gc,task     ] GC(316) Using 1 workers of 1 for marking
[2026-10-07T05:11:13.299+0000][814.531s][info][gc,marking  ] GC(316) Concurrent Mark From Roots 98.586ms
[2026-10-07T05:11:13.299+0000][814.531s][info][gc,marking  ] GC(316) Concurrent Preclean
[2026-10-07T05:11:13.299+0000][814.532s][info][gc,marking  ] GC(316) Concurrent Preclean 0.352ms
[2026-10-07T05:11:13.300+0000][814.532s][info][gc,start    ] GC(316) Pause Remark
[2026-10-07T05:11:13.326+0000][814.558s][info][gc          ] GC(316) Pause Remark 34M->34M(57M) 25.592ms
[2026-10-07T05:11:13.326+0000][814.558s][info][gc,cpu      ] GC(316) User=0.04s Sys=0.00s Real=0.03s
[2026-10-07T05:11:13.326+0000][814.558s][info][gc,marking  ] GC(316) Concurrent Mark 125.770ms
[2026-10-07T05:11:13.327+0000][814.559s][info][gc,marking  ] GC(316) Concurrent Rebuild Remembered Sets and Scrub Regions
[2026-10-07T05:11:13.400+0000][814.633s][info][gc,marking  ] GC(316) Concurrent Rebuild Remembered Sets and Scrub Regions 73.385ms
[2026-10-07T05:11:13.400+0000][814.633s][info][gc,start    ] GC(316) Pause Cleanup
[2026-10-07T05:11:13.401+0000][814.633s][info][gc          ] GC(316) Pause Cleanup 34M->34M(57M) 0.396ms
[2026-10-07T05:11:13.401+0000][814.633s][info][gc,cpu      ] GC(316) User=0.00s Sys=0.00s Real=0.00s
[2026-10-07T05:11:13.401+0000][814.633s][info][gc,marking  ] GC(316) Concurrent Clear Claimed Marks
[2026-10-07T05:11:13.401+0000][814.633s][info][gc,marking  ] GC(316) Concurrent Clear Claimed Marks 0.143ms
[2026-10-07T05:11:13.401+0000][814.633s][info][gc,marking  ] GC(316) Concurrent Cleanup for Next Mark
[2026-10-07T05:11:13.402+0000][814.634s][info][gc,marking  ] GC(316) Concurrent Cleanup for Next Mark 0.737ms
[2026-10-07T05:11:13.402+0000][814.634s][info][gc          ] GC(316) Concurrent Mark Cycle 214.268ms
[2026-10-07T05:11:16.774+0000][818.006s][info][gc,start    ] GC(317) Pause Young (Prepare Mixed) (G1 Evacuation Pause)
[2026-10-07T05:11:16.774+0000][818.006s][info][gc,task     ] GC(317) Using 2 workers of 2 for evacuation
[2026-10-07T05:11:16.791+0000][818.023s][info][gc,phases   ] GC(317)   Pre Evacuate Collection Set: 0.84ms
[2026-10-07T05:11:16.791+0000][818.023s][info][gc,phases   ] GC(317)   Merge Heap Roots: 0.81ms
[2026-10-07T05:11:16.791+0000][818.023s][info][gc,phases   ] GC(317)   Evacuate Collection Set: 13.20ms
[2026-10-07T05:11:16.791+0000][818.023s][info][gc,phases   ] GC(317)   Post Evacuate Collection Set: 1.42ms
[2026-10-07T05:11:16.791+0000][818.023s][info][gc,phases   ] GC(317)   Other: 0.12ms
[2026-10-07T05:11:16.791+0000][818.023s][info][gc,heap     ] GC(317) Eden regions: 19->0(19)
[2026-10-07T05:11:16.791+0000][818.023s][info][gc,heap     ] GC(317) Survivor regions: 2->2(3)
[2026-10-07T05:11:16.791+0000][818.023s][info][gc,heap     ] GC(317) Old regions: 30->30
[2026-10-07T05:11:16.791+0000][818.023s][info][gc,heap     ] GC(317) Humongous regions: 2->2
[2026-10-07T05:11:16.791+0000][818.023s][info][gc,metaspace] GC(317) Metaspace: 74765K(75584K)->74765K(75584K) NonClass: 65446K(65856K)->65446K(65856K) Class: 9319K(9728K)->9319K(9728K)
[2026-10-07T05:11:16.795+0000][818.027s][info][gc          ] GC(317) Pause Young (Prepare Mixed) (G1 Evacuation Pause) 52M->33M(57M) 20.973ms
[2026-10-07T05:11:16.795+0000][818.028s][info][gc,cpu      ] GC(317) User=0.01s Sys=0.00s Real=0.02s
[2026-10-07T05:11:20.254+0000][821.486s][info][gc,start    ] GC(318) Pause Young (Mixed) (G1 Evacuation Pause)
[2026-10-07T05:11:20.254+0000][821.486s][info][gc,task     ] GC(318) Using 2 workers of 2 for evacuation
[2026-10-07T05:11:20.265+0000][821.497s][info][gc,phases   ] GC(318)   Pre Evacuate Collection Set: 0.40ms
[2026-10-07T05:11:20.265+0000][821.497s][info][gc,phases   ] GC(318)   Merge Heap Roots: 0.21ms
[2026-10-07T05:11:20.265+0000][821.497s][info][gc,phases   ] GC(318)   Evacuate Collection Set: 9.31ms
[2026-10-07T05:11:20.265+0000][821.497s][info][gc,phases   ] GC(318)   Post Evacuate Collection Set: 0.84ms
[2026-10-07T05:11:20.265+0000][821.497s][info][gc,phases   ] GC(318)   Other: 0.10ms
[2026-10-07T05:11:20.265+0000][821.497s][info][gc,heap     ] GC(318) Eden regions: 19->0(19)
[2026-10-07T05:11:20.265+0000][821.497s][info][gc,heap     ] GC(318) Survivor regions: 2->2(3)
[2026-10-07T05:11:20.265+0000][821.497s][info][gc,heap     ] GC(318) Old regions: 30->30
[2026-10-07T05:11:20.265+0000][821.497s][info][gc,heap     ] GC(318) Humongous regions: 2->2
[2026-10-07T05:11:20.265+0000][821.497s][info][gc,metaspace] GC(318) Metaspace: 74765K(75584K)->74765K(75584K) NonClass: 65446K(65856K)->65446K(65856K) Class: 9319K(9728K)->9319K(9728K)
[2026-10-07T05:11:20.265+0000][821.497s][info][gc          ] GC(318) Pause Young (Mixed) (G1 Evacuation Pause) 52M->33M(57M) 11.441ms
[2026-10-07T05:11:20.265+0000][821.498s][info][gc,cpu      ] GC(318) User=0.02s Sys=0.00s Real=0.01s
[2026-10-07T05:11:24.032+0000][825.264s][info][gc,start    ] GC(319) Pause Young (Concurrent Start) (G1 Evacuation Pause)
[2026-10-07T05:11:24.032+0000][825.264s][info][gc,task     ] GC(319) Using 2 workers of 2 for evacuation
[2026-10-07T05:11:24.041+0000][825.274s][info][gc,phases   ] GC(319)   Pre Evacuate Collection Set: 0.57ms
[2026-10-07T05:11:24.041+0000][825.274s][info][gc,phases   ] GC(319)   Merge Heap Roots: 0.46ms
[2026-10-07T05:11:24.041+0000][825.274s][info][gc,phases   ] GC(319)   Evacuate Collection Set: 7.13ms
[2026-10-07T05:11:24.041+0000][825.274s][info][gc,phases   ] GC(319)   Post Evacuate Collection Set: 0.82ms
[2026-10-07T05:11:24.041+0000][825.274s][info][gc,phases   ] GC(319)   Other: 0.12ms
[2026-10-07T05:11:24.041+0000][825.274s][info][gc,heap     ] GC(319) Eden regions: 19->0(19)
[2026-10-07T05:11:24.042+0000][825.274s][info][gc,heap     ] GC(319) Survivor regions: 2->2(3)
[2026-10-07T05:11:24.042+0000][825.274s][info][gc,heap     ] GC(319) Old regions: 30->30
[2026-10-07T05:11:24.042+0000][825.274s][info][gc,heap     ] GC(319) Humongous regions: 2->2
[2026-10-07T05:11:24.042+0000][825.274s][info][gc,metaspace] GC(319) Metaspace: 74770K(75584K)->74770K(75584K) NonClass: 65451K(65856K)->65451K(65856K) Class: 9319K(9728K)->9319K(9728K)
[2026-10-07T05:11:24.042+0000][825.274s][info][gc          ] GC(319) Pause Young (Concurrent Start) (G1 Evacuation Pause) 52M->33M(57M) 9.474ms
[2026-10-07T05:11:24.042+0000][825.274s][info][gc          ] GC(320) Concurrent Mark Cycle
[2026-10-07T05:11:24.042+0000][825.274s][info][gc,marking  ] GC(320) Concurrent Scan Root Regions
[2026-10-07T05:11:24.042+0000][825.274s][info][gc,cpu      ] GC(319) User=0.01s Sys=0.00s Real=0.01s
[2026-10-07T05:11:24.057+0000][825.289s][info][gc,marking  ] GC(320) Concurrent Scan Root Regions 15.272ms
[2026-10-07T05:11:24.057+0000][825.289s][info][gc,marking  ] GC(320) Concurrent Mark
[2026-10-07T05:11:24.057+0000][825.289s][info][gc,marking  ] GC(320) Concurrent Mark From Roots
[2026-10-07T05:11:24.057+0000][825.289s][info][gc,task     ] GC(320) Using 1 workers of 1 for marking
[2026-10-07T05:11:24.201+0000][825.433s][info][gc,marking  ] GC(320) Concurrent Mark From Roots 143.978ms
[2026-10-07T05:11:24.201+0000][825.433s][info][gc,marking  ] GC(320) Concurrent Preclean
[2026-10-07T05:11:24.202+0000][825.434s][info][gc,marking  ] GC(320) Concurrent Preclean 0.448ms
[2026-10-07T05:11:24.202+0000][825.434s][info][gc,start    ] GC(320) Pause Remark
[2026-10-07T05:11:24.228+0000][825.460s][info][gc          ] GC(320) Pause Remark 34M->34M(57M) 26.243ms
[2026-10-07T05:11:24.228+0000][825.460s][info][gc,cpu      ] GC(320) User=0.04s Sys=0.00s Real=0.03s
[2026-10-07T05:11:24.229+0000][825.461s][info][gc,marking  ] GC(320) Concurrent Mark 171.868ms
[2026-10-07T05:11:24.229+0000][825.461s][info][gc,marking  ] GC(320) Concurrent Rebuild Remembered Sets and Scrub Regions
[2026-10-07T05:11:24.284+0000][825.516s][info][gc,marking  ] GC(320) Concurrent Rebuild Remembered Sets and Scrub Regions 54.644ms
[2026-10-07T05:11:24.284+0000][825.516s][info][gc,start    ] GC(320) Pause Cleanup
[2026-10-07T05:11:24.284+0000][825.516s][info][gc          ] GC(320) Pause Cleanup 34M->34M(57M) 0.429ms
[2026-10-07T05:11:24.284+0000][825.516s][info][gc,cpu      ] GC(320) User=0.00s Sys=0.00s Real=0.00s
[2026-10-07T05:11:24.284+0000][825.517s][info][gc,marking  ] GC(320) Concurrent Clear Claimed Marks
[2026-10-07T05:11:24.285+0000][825.517s][info][gc,marking  ] GC(320) Concurrent Clear Claimed Marks 0.495ms
[2026-10-07T05:11:24.285+0000][825.517s][info][gc,marking  ] GC(320) Concurrent Cleanup for Next Mark
[2026-10-07T05:11:24.286+0000][825.518s][info][gc,marking  ] GC(320) Concurrent Cleanup for Next Mark 0.461ms
[2026-10-07T05:11:24.286+0000][825.518s][info][gc          ] GC(320) Concurrent Mark Cycle 243.992ms
[2026-10-07T05:11:27.796+0000][829.029s][info][gc,start    ] GC(321) Pause Young (Prepare Mixed) (G1 Evacuation Pause)
[2026-10-07T05:11:27.797+0000][829.029s][info][gc,task     ] GC(321) Using 2 workers of 2 for evacuation
[2026-10-07T05:11:27.806+0000][829.038s][info][gc,phases   ] GC(321)   Pre Evacuate Collection Set: 0.22ms
[2026-10-07T05:11:27.806+0000][829.038s][info][gc,phases   ] GC(321)   Merge Heap Roots: 0.78ms
[2026-10-07T05:11:27.806+0000][829.038s][info][gc,phases   ] GC(321)   Evacuate Collection Set: 7.05ms
[2026-10-07T05:11:27.806+0000][829.038s][info][gc,phases   ] GC(321)   Post Evacuate Collection Set: 1.04ms
[2026-10-07T05:11:27.806+0000][829.038s][info][gc,phases   ] GC(321)   Other: 0.24ms
[2026-10-07T05:11:27.806+0000][829.038s][info][gc,heap     ] GC(321) Eden regions: 19->0(19)
[2026-10-07T05:11:27.806+0000][829.038s][info][gc,heap     ] GC(321) Survivor regions: 2->2(3)
[2026-10-07T05:11:27.806+0000][829.038s][info][gc,heap     ] GC(321) Old regions: 30->30
[2026-10-07T05:11:27.806+0000][829.038s][info][gc,heap     ] GC(321) Humongous regions: 2->2
[2026-10-07T05:11:27.806+0000][829.038s][info][gc,metaspace] GC(321) Metaspace: 74770K(75584K)->74770K(75584K) NonClass: 65451K(65856K)->65451K(65856K) Class: 9319K(9728K)->9319K(9728K)
[2026-10-07T05:11:27.806+0000][829.038s][info][gc          ] GC(321) Pause Young (Prepare Mixed) (G1 Evacuation Pause) 52M->33M(57M) 9.745ms
[2026-10-07T05:11:27.806+0000][829.038s][info][gc,cpu      ] GC(321) User=0.01s Sys=0.00s Real=0.01s
[2026-10-07T05:11:31.173+0000][832.406s][info][gc,start    ] GC(322) Pause Young (Mixed) (G1 Evacuation Pause)
[2026-10-07T05:11:31.173+0000][832.406s][info][gc,task     ] GC(322) Using 2 workers of 2 for evacuation
[2026-10-07T05:11:31.186+0000][832.419s][info][gc,phases   ] GC(322)   Pre Evacuate Collection Set: 0.19ms
[2026-10-07T05:11:31.187+0000][832.419s][info][gc,phases   ] GC(322)   Merge Heap Roots: 0.13ms
[2026-10-07T05:11:31.187+0000][832.419s][info][gc,phases   ] GC(322)   Evacuate Collection Set: 11.64ms
[2026-10-07T05:11:31.187+0000][832.420s][info][gc,phases   ] GC(322)   Post Evacuate Collection Set: 0.95ms
[2026-10-07T05:11:31.188+0000][832.420s][info][gc,phases   ] GC(322)   Other: 0.08ms
[2026-10-07T05:11:31.188+0000][832.420s][info][gc,heap     ] GC(322) Eden regions: 19->0(19)
[2026-10-07T05:11:31.188+0000][832.420s][info][gc,heap     ] GC(322) Survivor regions: 2->2(3)
[2026-10-07T05:11:31.188+0000][832.420s][info][gc,heap     ] GC(322) Old regions: 30->30
[2026-10-07T05:11:31.188+0000][832.420s][info][gc,heap     ] GC(322) Humongous regions: 2->2
[2026-10-07T05:11:31.188+0000][832.421s][info][gc,metaspace] GC(322) Metaspace: 74771K(75584K)->74771K(75584K) NonClass: 65452K(65856K)->65452K(65856K) Class: 9319K(9728K)->9319K(9728K)
[2026-10-07T05:11:31.189+0000][832.421s][info][gc          ] GC(322) Pause Young (Mixed) (G1 Evacuation Pause) 52M->33M(57M) 15.221ms
[2026-10-07T05:11:31.189+0000][832.421s][info][gc,cpu      ] GC(322) User=0.02s Sys=0.00s Real=0.02s
[2026-10-07T05:11:34.846+0000][836.078s][info][gc,start    ] GC(323) Pause Young (Concurrent Start) (G1 Evacuation Pause)
[2026-10-07T05:11:34.846+0000][836.078s][info][gc,task     ] GC(323) Using 2 workers of 2 for evacuation
[2026-10-07T05:11:34.854+0000][836.086s][info][gc,phases   ] GC(323)   Pre Evacuate Collection Set: 0.32ms
[2026-10-07T05:11:34.854+0000][836.086s][info][gc,phases   ] GC(323)   Merge Heap Roots: 0.15ms
[2026-10-07T05:11:34.854+0000][836.086s][info][gc,phases   ] GC(323)   Evacuate Collection Set: 6.61ms
[2026-10-07T05:11:34.854+0000][836.086s][info][gc,phases   ] GC(323)   Post Evacuate Collection Set: 0.75ms
[2026-10-07T05:11:34.854+0000][836.086s][info][gc,phases   ] GC(323)   Other: 0.26ms
[2026-10-07T05:11:34.854+0000][836.086s][info][gc,heap     ] GC(323) Eden regions: 19->0(19)
[2026-10-07T05:11:34.854+0000][836.086s][info][gc,heap     ] GC(323) Survivor regions: 2->2(3)
[2026-10-07T05:11:34.854+0000][836.086s][info][gc,heap     ] GC(323) Old regions: 30->30
[2026-10-07T05:11:34.854+0000][836.086s][info][gc,heap     ] GC(323) Humongous regions: 2->2
[2026-10-07T05:11:34.854+0000][836.086s][info][gc,metaspace] GC(323) Metaspace: 74772K(75584K)->74772K(75584K) NonClass: 65453K(65856K)->65453K(65856K) Class: 9319K(9728K)->9319K(9728K)
[2026-10-07T05:11:34.854+0000][836.086s][info][gc          ] GC(323) Pause Young (Concurrent Start) (G1 Evacuation Pause) 52M->33M(57M) 8.320ms
[2026-10-07T05:11:34.854+0000][836.086s][info][gc,cpu      ] GC(323) User=0.01s Sys=0.00s Real=0.01s
[2026-10-07T05:11:34.854+0000][836.087s][info][gc          ] GC(324) Concurrent Mark Cycle
[2026-10-07T05:11:34.854+0000][836.087s][info][gc,marking  ] GC(324) Concurrent Scan Root Regions
[2026-10-07T05:11:34.867+0000][836.099s][info][gc,marking  ] GC(324) Concurrent Scan Root Regions 12.151ms
[2026-10-07T05:11:34.867+0000][836.099s][info][gc,marking  ] GC(324) Concurrent Mark
[2026-10-07T05:11:34.867+0000][836.099s][info][gc,marking  ] GC(324) Concurrent Mark From Roots
[2026-10-07T05:11:34.867+0000][836.099s][info][gc,task     ] GC(324) Using 1 workers of 1 for marking
[2026-10-07T05:11:34.992+0000][836.224s][info][gc,marking  ] GC(324) Concurrent Mark From Roots 125.564ms
[2026-10-07T05:11:34.992+0000][836.225s][info][gc,marking  ] GC(324) Concurrent Preclean
[2026-10-07T05:11:34.993+0000][836.225s][info][gc,marking  ] GC(324) Concurrent Preclean 0.321ms
[2026-10-07T05:11:34.993+0000][836.226s][info][gc,start    ] GC(324) Pause Remark
[2026-10-07T05:11:35.020+0000][836.252s][info][gc          ] GC(324) Pause Remark 34M->34M(57M) 26.590ms
[2026-10-07T05:11:35.020+0000][836.252s][info][gc,cpu      ] GC(324) User=0.04s Sys=0.00s Real=0.03s
[2026-10-07T05:11:35.023+0000][836.255s][info][gc,marking  ] GC(324) Concurrent Mark 156.424ms
[2026-10-07T05:11:35.023+0000][836.255s][info][gc,marking  ] GC(324) Concurrent Rebuild Remembered Sets and Scrub Regions
[2026-10-07T05:11:35.094+0000][836.326s][info][gc,marking  ] GC(324) Concurrent Rebuild Remembered Sets and Scrub Regions 70.641ms
[2026-10-07T05:11:35.094+0000][836.327s][info][gc,start    ] GC(324) Pause Cleanup
[2026-10-07T05:11:35.095+0000][836.327s][info][gc          ] GC(324) Pause Cleanup 34M->34M(57M) 0.555ms
[2026-10-07T05:11:35.095+0000][836.327s][info][gc,cpu      ] GC(324) User=0.00s Sys=0.00s Real=0.00s
[2026-10-07T05:11:35.096+0000][836.328s][info][gc,marking  ] GC(324) Concurrent Clear Claimed Marks
[2026-10-07T05:11:35.097+0000][836.330s][info][gc,marking  ] GC(324) Concurrent Clear Claimed Marks 0.124ms
[2026-10-07T05:11:35.097+0000][836.330s][info][gc,marking  ] GC(324) Concurrent Cleanup for Next Mark
[2026-10-07T05:11:35.099+0000][836.331s][info][gc,marking  ] GC(324) Concurrent Cleanup for Next Mark 1.236ms
[2026-10-07T05:11:35.099+0000][836.331s][info][gc          ] GC(324) Concurrent Mark Cycle 244.311ms
[2026-10-07T05:11:38.330+0000][839.562s][info][gc,start    ] GC(325) Pause Young (Prepare Mixed) (G1 Evacuation Pause)
[2026-10-07T05:11:38.330+0000][839.562s][info][gc,task     ] GC(325) Using 2 workers of 2 for evacuation
[2026-10-07T05:11:38.337+0000][839.570s][info][gc,phases   ] GC(325)   Pre Evacuate Collection Set: 0.45ms
[2026-10-07T05:11:38.337+0000][839.570s][info][gc,phases   ] GC(325)   Merge Heap Roots: 0.18ms
[2026-10-07T05:11:38.337+0000][839.570s][info][gc,phases   ] GC(325)   Evacuate Collection Set: 5.96ms
[2026-10-07T05:11:38.337+0000][839.570s][info][gc,phases   ] GC(325)   Post Evacuate Collection Set: 0.71ms
[2026-10-07T05:11:38.337+0000][839.570s][info][gc,phases   ] GC(325)   Other: 0.09ms
[2026-10-07T05:11:38.338+0000][839.571s][info][gc,heap     ] GC(325) Eden regions: 19->0(19)
[2026-10-07T05:11:38.338+0000][839.571s][info][gc,heap     ] GC(325) Survivor regions: 2->2(3)
[2026-10-07T05:11:38.339+0000][839.571s][info][gc,heap     ] GC(325) Old regions: 30->30
[2026-10-07T05:11:38.339+0000][839.571s][info][gc,heap     ] GC(325) Humongous regions: 2->2
[2026-10-07T05:11:38.339+0000][839.571s][info][gc,metaspace] GC(325) Metaspace: 74772K(75584K)->74772K(75584K) NonClass: 65453K(65856K)->65453K(65856K) Class: 9319K(9728K)->9319K(9728K)
[2026-10-07T05:11:38.339+0000][839.571s][info][gc          ] GC(325) Pause Young (Prepare Mixed) (G1 Evacuation Pause) 52M->33M(57M) 8.709ms
[2026-10-07T05:11:38.339+0000][839.571s][info][gc,cpu      ] GC(325) User=0.01s Sys=0.00s Real=0.01s
[2026-10-07T05:11:41.684+0000][842.917s][info][gc,start    ] GC(326) Pause Young (Mixed) (G1 Evacuation Pause)
[2026-10-07T05:11:41.684+0000][842.917s][info][gc,task     ] GC(326) Using 2 workers of 2 for evacuation
[2026-10-07T05:11:41.698+0000][842.931s][info][gc,phases   ] GC(326)   Pre Evacuate Collection Set: 0.70ms
[2026-10-07T05:11:41.699+0000][842.931s][info][gc,phases   ] GC(326)   Merge Heap Roots: 0.35ms
[2026-10-07T05:11:41.699+0000][842.931s][info][gc,phases   ] GC(326)   Evacuate Collection Set: 11.92ms
[2026-10-07T05:11:41.699+0000][842.931s][info][gc,phases   ] GC(326)   Post Evacuate Collection Set: 1.06ms
[2026-10-07T05:11:41.699+0000][842.931s][info][gc,phases   ] GC(326)   Other: 0.08ms
[2026-10-07T05:11:41.699+0000][842.931s][info][gc,heap     ] GC(326) Eden regions: 19->0(19)
[2026-10-07T05:11:41.699+0000][842.931s][info][gc,heap     ] GC(326) Survivor regions: 2->2(3)
[2026-10-07T05:11:41.699+0000][842.931s][info][gc,heap     ] GC(326) Old regions: 30->30
[2026-10-07T05:11:41.699+0000][842.931s][info][gc,heap     ] GC(326) Humongous regions: 2->2
[2026-10-07T05:11:41.699+0000][842.931s][info][gc,metaspace] GC(326) Metaspace: 74773K(75584K)->74773K(75584K) NonClass: 65453K(65856K)->65453K(65856K) Class: 9319K(9728K)->9319K(9728K)
[2026-10-07T05:11:41.699+0000][842.931s][info][gc          ] GC(326) Pause Young (Mixed) (G1 Evacuation Pause) 52M->33M(57M) 14.496ms
[2026-10-07T05:11:41.699+0000][842.931s][info][gc,cpu      ] GC(326) User=0.02s Sys=0.00s Real=0.01s
[2026-10-07T05:11:45.080+0000][846.312s][info][gc,start    ] GC(327) Pause Young (Concurrent Start) (G1 Evacuation Pause)
[2026-10-07T05:11:45.080+0000][846.312s][info][gc,task     ] GC(327) Using 2 workers of 2 for evacuation
[2026-10-07T05:11:45.091+0000][846.323s][info][gc,phases   ] GC(327)   Pre Evacuate Collection Set: 1.11ms
[2026-10-07T05:11:45.091+0000][846.323s][info][gc,phases   ] GC(327)   Merge Heap Roots: 0.53ms
[2026-10-07T05:11:45.091+0000][846.323s][info][gc,phases   ] GC(327)   Evacuate Collection Set: 8.22ms
[2026-10-07T05:11:45.091+0000][846.323s][info][gc,phases   ] GC(327)   Post Evacuate Collection Set: 1.02ms
[2026-10-07T05:11:45.091+0000][846.323s][info][gc,phases   ] GC(327)   Other: 0.26ms
[2026-10-07T05:11:45.091+0000][846.324s][info][gc,heap     ] GC(327) Eden regions: 19->0(19)
[2026-10-07T05:11:45.091+0000][846.324s][info][gc,heap     ] GC(327) Survivor regions: 2->2(3)
[2026-10-07T05:11:45.091+0000][846.324s][info][gc,heap     ] GC(327) Old regions: 30->30
[2026-10-07T05:11:45.091+0000][846.324s][info][gc,heap     ] GC(327) Humongous regions: 2->2
[2026-10-07T05:11:45.091+0000][846.324s][info][gc,metaspace] GC(327) Metaspace: 74773K(75584K)->74773K(75584K) NonClass: 65453K(65856K)->65453K(65856K) Class: 9319K(9728K)->9319K(9728K)
[2026-10-07T05:11:45.092+0000][846.324s][info][gc          ] GC(327) Pause Young (Concurrent Start) (G1 Evacuation Pause) 52M->33M(57M) 12.181ms
[2026-10-07T05:11:45.093+0000][846.325s][info][gc          ] GC(328) Concurrent Mark Cycle
[2026-10-07T05:11:45.093+0000][846.325s][info][gc,marking  ] GC(328) Concurrent Scan Root Regions
[2026-10-07T05:11:45.094+0000][846.326s][info][gc,cpu      ] GC(327) User=0.01s Sys=0.00s Real=0.01s
[2026-10-07T05:11:45.102+0000][846.334s][info][gc,marking  ] GC(328) Concurrent Scan Root Regions 9.549ms
[2026-10-07T05:11:45.102+0000][846.334s][info][gc,marking  ] GC(328) Concurrent Mark
[2026-10-07T05:11:45.102+0000][846.335s][info][gc,marking  ] GC(328) Concurrent Mark From Roots
[2026-10-07T05:11:45.102+0000][846.335s][info][gc,task     ] GC(328) Using 1 workers of 1 for marking
[2026-10-07T05:11:45.253+0000][846.485s][info][gc,marking  ] GC(328) Concurrent Mark From Roots 150.400ms
[2026-10-07T05:11:45.253+0000][846.485s][info][gc,marking  ] GC(328) Concurrent Preclean
[2026-10-07T05:11:45.253+0000][846.485s][info][gc,marking  ] GC(328) Concurrent Preclean 0.329ms
[2026-10-07T05:11:45.254+0000][846.486s][info][gc,start    ] GC(328) Pause Remark
[2026-10-07T05:11:45.314+0000][846.546s][info][gc          ] GC(328) Pause Remark 34M->34M(57M) 60.231ms
[2026-10-07T05:11:45.314+0000][846.546s][info][gc,cpu      ] GC(328) User=0.04s Sys=0.00s Real=0.06s
[2026-10-07T05:11:45.318+0000][846.551s][info][gc,marking  ] GC(328) Concurrent Mark 216.001ms
[2026-10-07T05:11:45.318+0000][846.551s][info][gc,marking  ] GC(328) Concurrent Rebuild Remembered Sets and Scrub Regions
[2026-10-07T05:11:45.372+0000][846.605s][info][gc,marking  ] GC(328) Concurrent Rebuild Remembered Sets and Scrub Regions 53.792ms
[2026-10-07T05:11:45.372+0000][846.605s][info][gc,start    ] GC(328) Pause Cleanup
[2026-10-07T05:11:45.373+0000][846.605s][info][gc          ] GC(328) Pause Cleanup 34M->34M(57M) 0.158ms
[2026-10-07T05:11:45.373+0000][846.605s][info][gc,cpu      ] GC(328) User=0.00s Sys=0.00s Real=0.00s
[2026-10-07T05:11:45.373+0000][846.605s][info][gc,marking  ] GC(328) Concurrent Clear Claimed Marks
[2026-10-07T05:11:45.373+0000][846.606s][info][gc,marking  ] GC(328) Concurrent Clear Claimed Marks 0.128ms
[2026-10-07T05:11:45.373+0000][846.606s][info][gc,marking  ] GC(328) Concurrent Cleanup for Next Mark
[2026-10-07T05:11:45.374+0000][846.606s][info][gc,marking  ] GC(328) Concurrent Cleanup for Next Mark 0.807ms
[2026-10-07T05:11:45.374+0000][846.607s][info][gc          ] GC(328) Concurrent Mark Cycle 281.649ms
[2026-10-07T05:11:48.732+0000][849.964s][info][gc,start    ] GC(329) Pause Young (Prepare Mixed) (G1 Evacuation Pause)
[2026-10-07T05:11:48.732+0000][849.964s][info][gc,task     ] GC(329) Using 2 workers of 2 for evacuation
[2026-10-07T05:11:48.741+0000][849.973s][info][gc,phases   ] GC(329)   Pre Evacuate Collection Set: 0.28ms
[2026-10-07T05:11:48.741+0000][849.973s][info][gc,phases   ] GC(329)   Merge Heap Roots: 0.16ms
[2026-10-07T05:11:48.741+0000][849.973s][info][gc,phases   ] GC(329)   Evacuate Collection Set: 7.28ms
[2026-10-07T05:11:48.741+0000][849.973s][info][gc,phases   ] GC(329)   Post Evacuate Collection Set: 0.67ms
[2026-10-07T05:11:48.741+0000][849.973s][info][gc,phases   ] GC(329)   Other: 0.07ms
[2026-10-07T05:11:48.741+0000][849.973s][info][gc,heap     ] GC(329) Eden regions: 19->0(19)
[2026-10-07T05:11:48.741+0000][849.973s][info][gc,heap     ] GC(329) Survivor regions: 2->2(3)
[2026-10-07T05:11:48.741+0000][849.973s][info][gc,heap     ] GC(329) Old regions: 30->30
[2026-10-07T05:11:48.741+0000][849.973s][info][gc,heap     ] GC(329) Humongous regions: 2->2
[2026-10-07T05:11:48.741+0000][849.973s][info][gc,metaspace] GC(329) Metaspace: 74773K(75584K)->74773K(75584K) NonClass: 65453K(65856K)->65453K(65856K) Class: 9319K(9728K)->9319K(9728K)
[2026-10-07T05:11:48.741+0000][849.974s][info][gc          ] GC(329) Pause Young (Prepare Mixed) (G1 Evacuation Pause) 52M->33M(57M) 9.253ms
[2026-10-07T05:11:48.742+0000][849.974s][info][gc,cpu      ] GC(329) User=0.01s Sys=0.00s Real=0.01s
[2026-10-07T05:11:52.288+0000][853.521s][info][gc,start    ] GC(330) Pause Young (Mixed) (G1 Evacuation Pause)
[2026-10-07T05:11:52.289+0000][853.521s][info][gc,task     ] GC(330) Using 2 workers of 2 for evacuation
[2026-10-07T05:11:52.300+0000][853.533s][info][gc,phases   ] GC(330)   Pre Evacuate Collection Set: 0.32ms
[2026-10-07T05:11:52.300+0000][853.533s][info][gc,phases   ] GC(330)   Merge Heap Roots: 0.37ms
[2026-10-07T05:11:52.300+0000][853.533s][info][gc,phases   ] GC(330)   Evacuate Collection Set: 9.69ms
[2026-10-07T05:11:52.300+0000][853.533s][info][gc,phases   ] GC(330)   Post Evacuate Collection Set: 1.35ms
[2026-10-07T05:11:52.300+0000][853.533s][info][gc,phases   ] GC(330)   Other: 0.14ms
[2026-10-07T05:11:52.301+0000][853.533s][info][gc,heap     ] GC(330) Eden regions: 19->0(19)
[2026-10-07T05:11:52.301+0000][853.533s][info][gc,heap     ] GC(330) Survivor regions: 2->2(3)
[2026-10-07T05:11:52.301+0000][853.533s][info][gc,heap     ] GC(330) Old regions: 30->30
[2026-10-07T05:11:52.301+0000][853.533s][info][gc,heap     ] GC(330) Humongous regions: 2->2
[2026-10-07T05:11:52.301+0000][853.533s][info][gc,metaspace] GC(330) Metaspace: 74774K(75584K)->74774K(75584K) NonClass: 65455K(65856K)->65455K(65856K) Class: 9319K(9728K)->9319K(9728K)
[2026-10-07T05:11:52.301+0000][853.533s][info][gc          ] GC(330) Pause Young (Mixed) (G1 Evacuation Pause) 52M->33M(57M) 12.520ms
[2026-10-07T05:11:52.301+0000][853.533s][info][gc,cpu      ] GC(330) User=0.02s Sys=0.00s Real=0.01s
[2026-10-07T05:11:55.966+0000][857.199s][info][gc,start    ] GC(331) Pause Young (Concurrent Start) (G1 Evacuation Pause)
[2026-10-07T05:11:55.967+0000][857.199s][info][gc,task     ] GC(331) Using 2 workers of 2 for evacuation
[2026-10-07T05:11:55.974+0000][857.207s][info][gc,phases   ] GC(331)   Pre Evacuate Collection Set: 0.32ms
[2026-10-07T05:11:55.974+0000][857.207s][info][gc,phases   ] GC(331)   Merge Heap Roots: 0.23ms
[2026-10-07T05:11:55.974+0000][857.207s][info][gc,phases   ] GC(331)   Evacuate Collection Set: 5.80ms
[2026-10-07T05:11:55.974+0000][857.207s][info][gc,phases   ] GC(331)   Post Evacuate Collection Set: 0.74ms
[2026-10-07T05:11:55.975+0000][857.207s][info][gc,phases   ] GC(331)   Other: 0.77ms
[2026-10-07T05:11:55.975+0000][857.207s][info][gc,heap     ] GC(331) Eden regions: 19->0(19)
[2026-10-07T05:11:55.975+0000][857.207s][info][gc,heap     ] GC(331) Survivor regions: 2->2(3)
[2026-10-07T05:11:55.975+0000][857.207s][info][gc,heap     ] GC(331) Old regions: 30->30
[2026-10-07T05:11:55.975+0000][857.207s][info][gc,heap     ] GC(331) Humongous regions: 2->2
[2026-10-07T05:11:55.975+0000][857.207s][info][gc,metaspace] GC(331) Metaspace: 74782K(75584K)->74782K(75584K) NonClass: 65463K(65856K)->65463K(65856K) Class: 9319K(9728K)->9319K(9728K)
[2026-10-07T05:11:55.975+0000][857.207s][info][gc          ] GC(331) Pause Young (Concurrent Start) (G1 Evacuation Pause) 52M->33M(57M) 8.395ms
[2026-10-07T05:11:55.975+0000][857.207s][info][gc          ] GC(332) Concurrent Mark Cycle
[2026-10-07T05:11:55.975+0000][857.207s][info][gc,marking  ] GC(332) Concurrent Scan Root Regions
[2026-10-07T05:11:55.976+0000][857.208s][info][gc,cpu      ] GC(331) User=0.01s Sys=0.00s Real=0.01s
[2026-10-07T05:11:55.987+0000][857.219s][info][gc,marking  ] GC(332) Concurrent Scan Root Regions 12.106ms
[2026-10-07T05:11:55.987+0000][857.219s][info][gc,marking  ] GC(332) Concurrent Mark
[2026-10-07T05:11:55.987+0000][857.220s][info][gc,marking  ] GC(332) Concurrent Mark From Roots
[2026-10-07T05:11:55.987+0000][857.220s][info][gc,task     ] GC(332) Using 1 workers of 1 for marking
[2026-10-07T05:11:56.105+0000][857.337s][info][gc,marking  ] GC(332) Concurrent Mark From Roots 117.305ms
[2026-10-07T05:11:56.105+0000][857.337s][info][gc,marking  ] GC(332) Concurrent Preclean
[2026-10-07T05:11:56.105+0000][857.337s][info][gc,marking  ] GC(332) Concurrent Preclean 0.194ms
[2026-10-07T05:11:56.105+0000][857.337s][info][gc,start    ] GC(332) Pause Remark
[2026-10-07T05:11:56.129+0000][857.361s][info][gc          ] GC(332) Pause Remark 34M->34M(57M) 23.564ms
[2026-10-07T05:11:56.129+0000][857.361s][info][gc,cpu      ] GC(332) User=0.04s Sys=0.00s Real=0.02s
[2026-10-07T05:11:56.133+0000][857.365s][info][gc,marking  ] GC(332) Concurrent Mark 145.482ms
[2026-10-07T05:11:56.135+0000][857.367s][info][gc,marking  ] GC(332) Concurrent Rebuild Remembered Sets and Scrub Regions
[2026-10-07T05:11:56.226+0000][857.458s][info][gc,marking  ] GC(332) Concurrent Rebuild Remembered Sets and Scrub Regions 91.034ms
[2026-10-07T05:11:56.226+0000][857.458s][info][gc,start    ] GC(332) Pause Cleanup
[2026-10-07T05:11:56.227+0000][857.459s][info][gc          ] GC(332) Pause Cleanup 34M->34M(57M) 1.001ms
[2026-10-07T05:11:56.227+0000][857.459s][info][gc,cpu      ] GC(332) User=0.00s Sys=0.00s Real=0.00s
[2026-10-07T05:11:56.230+0000][857.462s][info][gc,marking  ] GC(332) Concurrent Clear Claimed Marks
[2026-10-07T05:11:56.230+0000][857.462s][info][gc,marking  ] GC(332) Concurrent Clear Claimed Marks 0.126ms
[2026-10-07T05:11:56.230+0000][857.462s][info][gc,marking  ] GC(332) Concurrent Cleanup for Next Mark
[2026-10-07T05:11:56.231+0000][857.464s][info][gc,marking  ] GC(332) Concurrent Cleanup for Next Mark 1.465ms
[2026-10-07T05:11:56.231+0000][857.464s][info][gc          ] GC(332) Concurrent Mark Cycle 256.472ms
[2026-10-07T05:11:59.389+0000][860.621s][info][gc,start    ] GC(333) Pause Young (Prepare Mixed) (G1 Evacuation Pause)
[2026-10-07T05:11:59.389+0000][860.621s][info][gc,task     ] GC(333) Using 2 workers of 2 for evacuation
[2026-10-07T05:11:59.398+0000][860.631s][info][gc,phases   ] GC(333)   Pre Evacuate Collection Set: 0.54ms
[2026-10-07T05:11:59.399+0000][860.631s][info][gc,phases   ] GC(333)   Merge Heap Roots: 0.31ms
[2026-10-07T05:11:59.399+0000][860.631s][info][gc,phases   ] GC(333)   Evacuate Collection Set: 6.75ms
[2026-10-07T05:11:59.399+0000][860.631s][info][gc,phases   ] GC(333)   Post Evacuate Collection Set: 1.14ms
[2026-10-07T05:11:59.399+0000][860.631s][info][gc,phases   ] GC(333)   Other: 0.47ms
[2026-10-07T05:11:59.399+0000][860.631s][info][gc,heap     ] GC(333) Eden regions: 19->0(19)
[2026-10-07T05:11:59.399+0000][860.631s][info][gc,heap     ] GC(333) Survivor regions: 2->2(3)
[2026-10-07T05:11:59.399+0000][860.631s][info][gc,heap     ] GC(333) Old regions: 30->30
[2026-10-07T05:11:59.399+0000][860.631s][info][gc,heap     ] GC(333) Humongous regions: 2->2
[2026-10-07T05:11:59.399+0000][860.631s][info][gc,metaspace] GC(333) Metaspace: 74790K(75584K)->74790K(75584K) NonClass: 65471K(65856K)->65471K(65856K) Class: 9319K(9728K)->9319K(9728K)
[2026-10-07T05:11:59.399+0000][860.631s][info][gc          ] GC(333) Pause Young (Prepare Mixed) (G1 Evacuation Pause) 52M->33M(57M) 9.747ms
[2026-10-07T05:11:59.399+0000][860.631s][info][gc,cpu      ] GC(333) User=0.01s Sys=0.00s Real=0.01s
[2026-10-07T05:12:03.146+0000][864.379s][info][gc,start    ] GC(334) Pause Young (Mixed) (G1 Evacuation Pause)
[2026-10-07T05:12:03.146+0000][864.379s][info][gc,task     ] GC(334) Using 2 workers of 2 for evacuation
[2026-10-07T05:12:03.161+0000][864.393s][info][gc,phases   ] GC(334)   Pre Evacuate Collection Set: 0.27ms
[2026-10-07T05:12:03.161+0000][864.393s][info][gc,phases   ] GC(334)   Merge Heap Roots: 0.74ms
[2026-10-07T05:12:03.161+0000][864.393s][info][gc,phases   ] GC(334)   Evacuate Collection Set: 11.38ms
[2026-10-07T05:12:03.161+0000][864.393s][info][gc,phases   ] GC(334)   Post Evacuate Collection Set: 1.94ms
[2026-10-07T05:12:03.161+0000][864.393s][info][gc,phases   ] GC(334)   Other: 0.09ms
[2026-10-07T05:12:03.161+0000][864.393s][info][gc,heap     ] GC(334) Eden regions: 19->0(19)
[2026-10-07T05:12:03.161+0000][864.393s][info][gc,heap     ] GC(334) Survivor regions: 2->2(3)
[2026-10-07T05:12:03.161+0000][864.393s][info][gc,heap     ] GC(334) Old regions: 30->30
[2026-10-07T05:12:03.161+0000][864.393s][info][gc,heap     ] GC(334) Humongous regions: 2->2
[2026-10-07T05:12:03.161+0000][864.393s][info][gc,metaspace] GC(334) Metaspace: 74790K(75584K)->74790K(75584K) NonClass: 65471K(65856K)->65471K(65856K) Class: 9319K(9728K)->9319K(9728K)
[2026-10-07T05:12:03.161+0000][864.393s][info][gc          ] GC(334) Pause Young (Mixed) (G1 Evacuation Pause) 52M->33M(57M) 14.710ms
[2026-10-07T05:12:03.161+0000][864.393s][info][gc,cpu      ] GC(334) User=0.02s Sys=0.00s Real=0.01s
[2026-10-07T05:12:06.499+0000][867.731s][info][gc,start    ] GC(335) Pause Young (Concurrent Start) (G1 Evacuation Pause)
[2026-10-07T05:12:06.499+0000][867.731s][info][gc,task     ] GC(335) Using 2 workers of 2 for evacuation
[2026-10-07T05:12:06.513+0000][867.746s][info][gc,phases   ] GC(335)   Pre Evacuate Collection Set: 0.40ms
[2026-10-07T05:12:06.515+0000][867.747s][info][gc,phases   ] GC(335)   Merge Heap Roots: 0.28ms
[2026-10-07T05:12:06.515+0000][867.747s][info][gc,phases   ] GC(335)   Evacuate Collection Set: 13.23ms
[2026-10-07T05:12:06.515+0000][867.747s][info][gc,phases   ] GC(335)   Post Evacuate Collection Set: 0.68ms
[2026-10-07T05:12:06.515+0000][867.747s][info][gc,phases   ] GC(335)   Other: 0.11ms
[2026-10-07T05:12:06.515+0000][867.747s][info][gc,heap     ] GC(335) Eden regions: 19->0(19)
[2026-10-07T05:12:06.515+0000][867.747s][info][gc,heap     ] GC(335) Survivor regions: 2->2(3)
[2026-10-07T05:12:06.515+0000][867.747s][info][gc,heap     ] GC(335) Old regions: 30->30
[2026-10-07T05:12:06.515+0000][867.747s][info][gc,heap     ] GC(335) Humongous regions: 2->2
[2026-10-07T05:12:06.515+0000][867.747s][info][gc,metaspace] GC(335) Metaspace: 74791K(75584K)->74791K(75584K) NonClass: 65472K(65856K)->65472K(65856K) Class: 9319K(9728K)->9319K(9728K)
[2026-10-07T05:12:06.515+0000][867.747s][info][gc          ] GC(335) Pause Young (Concurrent Start) (G1 Evacuation Pause) 52M->33M(57M) 16.330ms
[2026-10-07T05:12:06.515+0000][867.747s][info][gc,cpu      ] GC(335) User=0.01s Sys=0.00s Real=0.02s
[2026-10-07T05:12:06.515+0000][867.747s][info][gc          ] GC(336) Concurrent Mark Cycle
[2026-10-07T05:12:06.515+0000][867.747s][info][gc,marking  ] GC(336) Concurrent Scan Root Regions
[2026-10-07T05:12:06.528+0000][867.761s][info][gc,marking  ] GC(336) Concurrent Scan Root Regions 13.267ms
[2026-10-07T05:12:06.528+0000][867.761s][info][gc,marking  ] GC(336) Concurrent Mark
[2026-10-07T05:12:06.528+0000][867.761s][info][gc,marking  ] GC(336) Concurrent Mark From Roots
[2026-10-07T05:12:06.528+0000][867.761s][info][gc,task     ] GC(336) Using 1 workers of 1 for marking
[2026-10-07T05:12:06.617+0000][867.850s][info][gc,marking  ] GC(336) Concurrent Mark From Roots 89.015ms
[2026-10-07T05:12:06.617+0000][867.850s][info][gc,marking  ] GC(336) Concurrent Preclean
[2026-10-07T05:12:06.618+0000][867.851s][info][gc,marking  ] GC(336) Concurrent Preclean 0.979ms
[2026-10-07T05:12:06.619+0000][867.851s][info][gc,start    ] GC(336) Pause Remark
[2026-10-07T05:12:06.642+0000][867.875s][info][gc          ] GC(336) Pause Remark 33M->33M(57M) 23.677ms
[2026-10-07T05:12:06.642+0000][867.875s][info][gc,cpu      ] GC(336) User=0.04s Sys=0.00s Real=0.02s
[2026-10-07T05:12:06.642+0000][867.875s][info][gc,marking  ] GC(336) Concurrent Mark 114.060ms
[2026-10-07T05:12:06.642+0000][867.875s][info][gc,marking  ] GC(336) Concurrent Rebuild Remembered Sets and Scrub Regions
[2026-10-07T05:12:06.688+0000][867.920s][info][gc,marking  ] GC(336) Concurrent Rebuild Remembered Sets and Scrub Regions 45.712ms
[2026-10-07T05:12:06.688+0000][867.921s][info][gc,start    ] GC(336) Pause Cleanup
[2026-10-07T05:12:06.689+0000][867.921s][info][gc          ] GC(336) Pause Cleanup 34M->34M(57M) 0.623ms
[2026-10-07T05:12:06.689+0000][867.921s][info][gc,cpu      ] GC(336) User=0.00s Sys=0.00s Real=0.00s
[2026-10-07T05:12:06.689+0000][867.921s][info][gc,marking  ] GC(336) Concurrent Clear Claimed Marks
[2026-10-07T05:12:06.689+0000][867.922s][info][gc,marking  ] GC(336) Concurrent Clear Claimed Marks 0.107ms
[2026-10-07T05:12:06.689+0000][867.922s][info][gc,marking  ] GC(336) Concurrent Cleanup for Next Mark
[2026-10-07T05:12:06.690+0000][867.922s][info][gc,marking  ] GC(336) Concurrent Cleanup for Next Mark 0.243ms
[2026-10-07T05:12:06.690+0000][867.922s][info][gc          ] GC(336) Concurrent Mark Cycle 174.540ms
[2026-10-07T05:12:10.116+0000][871.348s][info][gc,start    ] GC(337) Pause Young (Prepare Mixed) (G1 Evacuation Pause)
[2026-10-07T05:12:10.116+0000][871.348s][info][gc,task     ] GC(337) Using 2 workers of 2 for evacuation
[2026-10-07T05:12:10.126+0000][871.358s][info][gc,phases   ] GC(337)   Pre Evacuate Collection Set: 0.40ms
[2026-10-07T05:12:10.126+0000][871.358s][info][gc,phases   ] GC(337)   Merge Heap Roots: 0.21ms
[2026-10-07T05:12:10.126+0000][871.358s][info][gc,phases   ] GC(337)   Evacuate Collection Set: 8.10ms
[2026-10-07T05:12:10.126+0000][871.358s][info][gc,phases   ] GC(337)   Post Evacuate Collection Set: 0.81ms
[2026-10-07T05:12:10.126+0000][871.358s][info][gc,phases   ] GC(337)   Other: 0.21ms
[2026-10-07T05:12:10.126+0000][871.358s][info][gc,heap     ] GC(337) Eden regions: 19->0(19)
[2026-10-07T05:12:10.126+0000][871.358s][info][gc,heap     ] GC(337) Survivor regions: 2->2(3)
[2026-10-07T05:12:10.126+0000][871.358s][info][gc,heap     ] GC(337) Old regions: 30->30
[2026-10-07T05:12:10.126+0000][871.358s][info][gc,heap     ] GC(337) Humongous regions: 2->2
[2026-10-07T05:12:10.126+0000][871.358s][info][gc,metaspace] GC(337) Metaspace: 74793K(75584K)->74793K(75584K) NonClass: 65474K(65856K)->65474K(65856K) Class: 9319K(9728K)->9319K(9728K)
[2026-10-07T05:12:10.126+0000][871.358s][info][gc          ] GC(337) Pause Young (Prepare Mixed) (G1 Evacuation Pause) 52M->33M(57M) 10.128ms
[2026-10-07T05:12:10.126+0000][871.358s][info][gc,cpu      ] GC(337) User=0.01s Sys=0.00s Real=0.01s
[2026-10-07T05:12:13.625+0000][874.857s][info][gc,start    ] GC(338) Pause Young (Mixed) (G1 Evacuation Pause)
[2026-10-07T05:12:13.625+0000][874.857s][info][gc,task     ] GC(338) Using 2 workers of 2 for evacuation
[2026-10-07T05:12:13.638+0000][874.870s][info][gc,phases   ] GC(338)   Pre Evacuate Collection Set: 0.76ms
[2026-10-07T05:12:13.638+0000][874.870s][info][gc,phases   ] GC(338)   Merge Heap Roots: 0.56ms
[2026-10-07T05:12:13.638+0000][874.870s][info][gc,phases   ] GC(338)   Evacuate Collection Set: 10.89ms
[2026-10-07T05:12:13.638+0000][874.870s][info][gc,phases   ] GC(338)   Post Evacuate Collection Set: 0.81ms
[2026-10-07T05:12:13.638+0000][874.870s][info][gc,phases   ] GC(338)   Other: 0.08ms
[2026-10-07T05:12:13.638+0000][874.871s][info][gc,heap     ] GC(338) Eden regions: 19->0(19)
[2026-10-07T05:12:13.638+0000][874.871s][info][gc,heap     ] GC(338) Survivor regions: 2->2(3)
[2026-10-07T05:12:13.638+0000][874.871s][info][gc,heap     ] GC(338) Old regions: 30->30
[2026-10-07T05:12:13.638+0000][874.871s][info][gc,heap     ] GC(338) Humongous regions: 2->2
[2026-10-07T05:12:13.638+0000][874.871s][info][gc,metaspace] GC(338) Metaspace: 74802K(75584K)->74802K(75584K) NonClass: 65483K(65856K)->65483K(65856K) Class: 9319K(9728K)->9319K(9728K)
[2026-10-07T05:12:13.638+0000][874.871s][info][gc          ] GC(338) Pause Young (Mixed) (G1 Evacuation Pause) 52M->32M(57M) 13.416ms
[2026-10-07T05:12:13.640+0000][874.872s][info][gc,cpu      ] GC(338) User=0.01s Sys=0.00s Real=0.01s
[2026-10-07T05:12:17.068+0000][878.300s][info][gc,start    ] GC(339) Pause Young (Concurrent Start) (G1 Evacuation Pause)
[2026-10-07T05:12:17.068+0000][878.300s][info][gc,task     ] GC(339) Using 2 workers of 2 for evacuation
[2026-10-07T05:12:17.080+0000][878.312s][info][gc,phases   ] GC(339)   Pre Evacuate Collection Set: 0.29ms
[2026-10-07T05:12:17.080+0000][878.312s][info][gc,phases   ] GC(339)   Merge Heap Roots: 0.26ms
[2026-10-07T05:12:17.080+0000][878.312s][info][gc,phases   ] GC(339)   Evacuate Collection Set: 9.71ms
[2026-10-07T05:12:17.080+0000][878.312s][info][gc,phases   ] GC(339)   Post Evacuate Collection Set: 1.26ms
[2026-10-07T05:12:17.080+0000][878.312s][info][gc,phases   ] GC(339)   Other: 0.19ms
[2026-10-07T05:12:17.080+0000][878.313s][info][gc,heap     ] GC(339) Eden regions: 19->0(19)
[2026-10-07T05:12:17.081+0000][878.313s][info][gc,heap     ] GC(339) Survivor regions: 2->2(3)
[2026-10-07T05:12:17.081+0000][878.313s][info][gc,heap     ] GC(339) Old regions: 30->30
[2026-10-07T05:12:17.081+0000][878.313s][info][gc,heap     ] GC(339) Humongous regions: 2->2
[2026-10-07T05:12:17.081+0000][878.313s][info][gc,metaspace] GC(339) Metaspace: 74802K(75584K)->74802K(75584K) NonClass: 65483K(65856K)->65483K(65856K) Class: 9319K(9728K)->9319K(9728K)
[2026-10-07T05:12:17.081+0000][878.313s][info][gc          ] GC(339) Pause Young (Concurrent Start) (G1 Evacuation Pause) 51M->32M(57M) 13.122ms
[2026-10-07T05:12:17.081+0000][878.314s][info][gc          ] GC(340) Concurrent Mark Cycle
[2026-10-07T05:12:17.081+0000][878.314s][info][gc,marking  ] GC(340) Concurrent Scan Root Regions
[2026-10-07T05:12:17.082+0000][878.314s][info][gc,cpu      ] GC(339) User=0.01s Sys=0.00s Real=0.01s
[2026-10-07T05:12:17.097+0000][878.329s][info][gc,marking  ] GC(340) Concurrent Scan Root Regions 15.488ms
[2026-10-07T05:12:17.097+0000][878.329s][info][gc,marking  ] GC(340) Concurrent Mark
[2026-10-07T05:12:17.097+0000][878.329s][info][gc,marking  ] GC(340) Concurrent Mark From Roots
[2026-10-07T05:12:17.097+0000][878.329s][info][gc,task     ] GC(340) Using 1 workers of 1 for marking
[2026-10-07T05:12:17.301+0000][878.533s][info][gc,marking  ] GC(340) Concurrent Mark From Roots 203.835ms
[2026-10-07T05:12:17.301+0000][878.533s][info][gc,marking  ] GC(340) Concurrent Preclean
[2026-10-07T05:12:17.301+0000][878.533s][info][gc,marking  ] GC(340) Concurrent Preclean 0.193ms
[2026-10-07T05:12:17.301+0000][878.533s][info][gc,start    ] GC(340) Pause Remark
[2026-10-07T05:12:17.336+0000][878.568s][info][gc          ] GC(340) Pause Remark 34M->34M(57M) 34.755ms
[2026-10-07T05:12:17.338+0000][878.571s][info][gc,cpu      ] GC(340) User=0.04s Sys=0.00s Real=0.04s
[2026-10-07T05:12:17.346+0000][878.578s][info][gc,marking  ] GC(340) Concurrent Mark 249.183ms
[2026-10-07T05:12:17.346+0000][878.579s][info][gc,marking  ] GC(340) Concurrent Rebuild Remembered Sets and Scrub Regions
[2026-10-07T05:12:17.446+0000][878.678s][info][gc,marking  ] GC(340) Concurrent Rebuild Remembered Sets and Scrub Regions 99.281ms
[2026-10-07T05:12:17.446+0000][878.678s][info][gc,start    ] GC(340) Pause Cleanup
[2026-10-07T05:12:17.447+0000][878.679s][info][gc          ] GC(340) Pause Cleanup 35M->35M(57M) 0.771ms
[2026-10-07T05:12:17.447+0000][878.679s][info][gc,cpu      ] GC(340) User=0.00s Sys=0.00s Real=0.00s
[2026-10-07T05:12:17.450+0000][878.682s][info][gc,marking  ] GC(340) Concurrent Clear Claimed Marks
[2026-10-07T05:12:17.450+0000][878.682s][info][gc,marking  ] GC(340) Concurrent Clear Claimed Marks 0.313ms
[2026-10-07T05:12:17.450+0000][878.682s][info][gc,marking  ] GC(340) Concurrent Cleanup for Next Mark
[2026-10-07T05:12:17.453+0000][878.685s][info][gc,marking  ] GC(340) Concurrent Cleanup for Next Mark 1.166ms
[2026-10-07T05:12:17.453+0000][878.685s][info][gc          ] GC(340) Concurrent Mark Cycle 371.224ms
[2026-10-07T05:12:20.478+0000][881.710s][info][gc,start    ] GC(341) Pause Young (Prepare Mixed) (G1 Evacuation Pause)
[2026-10-07T05:12:20.478+0000][881.710s][info][gc,task     ] GC(341) Using 2 workers of 2 for evacuation
[2026-10-07T05:12:20.503+0000][881.735s][info][gc,phases   ] GC(341)   Pre Evacuate Collection Set: 0.96ms
[2026-10-07T05:12:20.503+0000][881.735s][info][gc,phases   ] GC(341)   Merge Heap Roots: 0.85ms
[2026-10-07T05:12:20.503+0000][881.735s][info][gc,phases   ] GC(341)   Evacuate Collection Set: 21.67ms
[2026-10-07T05:12:20.503+0000][881.735s][info][gc,phases   ] GC(341)   Post Evacuate Collection Set: 1.17ms
[2026-10-07T05:12:20.503+0000][881.735s][info][gc,phases   ] GC(341)   Other: 0.09ms
[2026-10-07T05:12:20.503+0000][881.735s][info][gc,heap     ] GC(341) Eden regions: 19->0(19)
[2026-10-07T05:12:20.503+0000][881.735s][info][gc,heap     ] GC(341) Survivor regions: 2->2(3)
[2026-10-07T05:12:20.503+0000][881.735s][info][gc,heap     ] GC(341) Old regions: 30->30
[2026-10-07T05:12:20.503+0000][881.735s][info][gc,heap     ] GC(341) Humongous regions: 2->2
[2026-10-07T05:12:20.503+0000][881.735s][info][gc,metaspace] GC(341) Metaspace: 74808K(75584K)->74808K(75584K) NonClass: 65489K(65856K)->65489K(65856K) Class: 9319K(9728K)->9319K(9728K)
[2026-10-07T05:12:20.503+0000][881.735s][info][gc          ] GC(341) Pause Young (Prepare Mixed) (G1 Evacuation Pause) 51M->33M(57M) 24.964ms
[2026-10-07T05:12:20.503+0000][881.735s][info][gc,cpu      ] GC(341) User=0.01s Sys=0.00s Real=0.02s
