[2026-10-07T17:41:35.648+0000][168.081s][info][gc,start       ] GC(56) Pause Young (Allocation Failure)
[2026-10-07T17:41:35.665+0000][168.098s][info][gc,heap        ] GC(56) DefNew: 10966K(11648K)->990K(11648K) Eden: 10368K(10368K)->0K(10368K) From: 598K(1280K)->990K(1280K)
[2026-10-07T17:41:35.666+0000][168.099s][info][gc,heap        ] GC(56) Tenured: 18441K(25632K)->18441K(25632K)
[2026-10-07T17:41:35.666+0000][168.099s][info][gc,metaspace   ] GC(56) Metaspace: 72587K(73344K)->72587K(73344K) NonClass: 63262K(63680K)->63262K(63680K) Class: 9324K(9664K)->9324K(9664K)
[2026-10-07T17:41:35.666+0000][168.099s][info][gc             ] GC(56) Pause Young (Allocation Failure) 28M->18M(36M) 18.369ms
[2026-10-07T17:41:35.666+0000][168.099s][info][gc,cpu         ] GC(56) User=0.01s Sys=0.00s Real=0.02s
[2026-10-07T17:41:36.966+0000][169.399s][info][gc,start       ] GC(57) Pause Young (Allocation Failure)
[2026-10-07T17:41:36.987+0000][169.420s][info][gc,heap        ] GC(57) DefNew: 11358K(11648K)->1131K(11648K) Eden: 10368K(10368K)->0K(10368K) From: 990K(1280K)->1131K(1280K)
[2026-10-07T17:41:36.987+0000][169.420s][info][gc,heap        ] GC(57) Tenured: 18441K(25632K)->19211K(25632K)
[2026-10-07T17:41:36.987+0000][169.420s][info][gc,metaspace   ] GC(57) Metaspace: 72865K(73664K)->72865K(73664K) NonClass: 63513K(63936K)->63513K(63936K) Class: 9352K(9728K)->9352K(9728K)
[2026-10-07T17:41:36.987+0000][169.420s][info][gc             ] GC(57) Pause Young (Allocation Failure) 29M->19M(36M) 20.868ms
[2026-10-07T17:41:36.987+0000][169.420s][info][gc,cpu         ] GC(57) User=0.01s Sys=0.00s Real=0.02s
[2026-10-07T17:41:38.279+0000][170.712s][info][gc,start       ] GC(58) Pause Young (Allocation Failure)
[2026-10-07T17:41:38.290+0000][170.723s][info][gc,heap        ] GC(58) DefNew: 11499K(11648K)->916K(11648K) Eden: 10368K(10368K)->0K(10368K) From: 1131K(1280K)->916K(1280K)
[2026-10-07T17:41:38.290+0000][170.723s][info][gc,heap        ] GC(58) Tenured: 19211K(25632K)->20186K(25632K)
[2026-10-07T17:41:38.290+0000][170.723s][info][gc,metaspace   ] GC(58) Metaspace: 72989K(73792K)->72989K(73792K) NonClass: 63636K(64064K)->63636K(64064K) Class: 9353K(9728K)->9353K(9728K)
[2026-10-07T17:41:38.290+0000][170.723s][info][gc             ] GC(58) Pause Young (Allocation Failure) 29M->20M(36M) 10.982ms
[2026-10-07T17:41:38.290+0000][170.723s][info][gc,cpu         ] GC(58) User=0.01s Sys=0.00s Real=0.01s
[2026-10-07T17:41:39.830+0000][172.264s][info][gc,start       ] GC(59) Pause Young (Allocation Failure)
[2026-10-07T17:41:39.855+0000][172.288s][info][gc,heap        ] GC(59) DefNew: 11284K(11648K)->903K(11648K) Eden: 10368K(10368K)->0K(10368K) From: 916K(1280K)->903K(1280K)
[2026-10-07T17:41:39.855+0000][172.288s][info][gc,heap        ] GC(59) Tenured: 20186K(25632K)->20945K(25632K)
[2026-10-07T17:41:39.855+0000][172.288s][info][gc,metaspace   ] GC(59) Metaspace: 73109K(73920K)->73109K(73920K) NonClass: 63754K(64192K)->63754K(64192K) Class: 9354K(9728K)->9354K(9728K)
[2026-10-07T17:41:39.855+0000][172.288s][info][gc             ] GC(59) Pause Young (Allocation Failure) 30M->21M(36M) 24.531ms
[2026-10-07T17:41:39.855+0000][172.288s][info][gc,cpu         ] GC(59) User=0.01s Sys=0.00s Real=0.03s
[2026-10-07T17:41:41.310+0000][173.744s][info][gc,start       ] GC(60) Pause Young (Allocation Failure)
[2026-10-07T17:41:41.319+0000][173.752s][info][gc,heap        ] GC(60) DefNew: 11271K(11648K)->680K(11648K) Eden: 10368K(10368K)->0K(10368K) From: 903K(1280K)->680K(1280K)
[2026-10-07T17:41:41.319+0000][173.752s][info][gc,heap        ] GC(60) Tenured: 20945K(25632K)->21670K(25632K)
[2026-10-07T17:41:41.319+0000][173.752s][info][gc,metaspace   ] GC(60) Metaspace: 73185K(73984K)->73185K(73984K) NonClass: 63831K(64256K)->63831K(64256K) Class: 9354K(9728K)->9354K(9728K)
[2026-10-07T17:41:41.319+0000][173.752s][info][gc             ] GC(60) Pause Young (Allocation Failure) 31M->21M(36M) 8.631ms
[2026-10-07T17:41:41.319+0000][173.752s][info][gc,cpu         ] GC(60) User=0.01s Sys=0.00s Real=0.01s
[2026-10-07T17:41:43.018+0000][175.451s][info][gc,start       ] GC(61) Pause Young (Allocation Failure)
[2026-10-07T17:41:43.027+0000][175.460s][info][gc,heap        ] GC(61) DefNew: 11048K(11648K)->582K(11648K) Eden: 10368K(10368K)->0K(10368K) From: 680K(1280K)->582K(1280K)
[2026-10-07T17:41:43.027+0000][175.460s][info][gc,heap        ] GC(61) Tenured: 21670K(25632K)->22168K(25632K)
[2026-10-07T17:41:43.027+0000][175.460s][info][gc,metaspace   ] GC(61) Metaspace: 73218K(73984K)->73218K(73984K) NonClass: 63863K(64256K)->63863K(64256K) Class: 9354K(9728K)->9354K(9728K)
[2026-10-07T17:41:43.027+0000][175.460s][info][gc             ] GC(61) Pause Young (Allocation Failure) 31M->22M(36M) 9.120ms
[2026-10-07T17:41:43.027+0000][175.460s][info][gc,cpu         ] GC(61) User=0.02s Sys=0.00s Real=0.01s
[2026-10-07T17:41:44.798+0000][177.232s][info][gc,start       ] GC(62) Pause Young (Allocation Failure)
[2026-10-07T17:41:44.812+0000][177.245s][info][gc,heap        ] GC(62) DefNew: 10950K(11648K)->1049K(11648K) Eden: 10368K(10368K)->0K(10368K) From: 582K(1280K)->1049K(1280K)
[2026-10-07T17:41:44.812+0000][177.245s][info][gc,heap        ] GC(62) Tenured: 22168K(25632K)->22168K(25632K)
[2026-10-07T17:41:44.812+0000][177.245s][info][gc,metaspace   ] GC(62) Metaspace: 73259K(74048K)->73259K(74048K) NonClass: 63904K(64320K)->63904K(64320K) Class: 9354K(9728K)->9354K(9728K)
[2026-10-07T17:41:44.812+0000][177.245s][info][gc             ] GC(62) Pause Young (Allocation Failure) 32M->22M(36M) 13.352ms
[2026-10-07T17:41:44.812+0000][177.245s][info][gc,cpu         ] GC(62) User=0.01s Sys=0.00s Real=0.01s
[2026-10-07T17:41:46.390+0000][178.824s][info][gc,start       ] GC(63) Pause Young (Allocation Failure)
[2026-10-07T17:41:46.397+0000][178.831s][info][gc,heap        ] GC(63) DefNew: 11402K(11648K)->890K(11648K) Eden: 10352K(10368K)->0K(10368K) From: 1049K(1280K)->890K(1280K)
[2026-10-07T17:41:46.397+0000][178.831s][info][gc,heap        ] GC(63) Tenured: 22168K(25632K)->22580K(25632K)
[2026-10-07T17:41:46.397+0000][178.831s][info][gc,metaspace   ] GC(63) Metaspace: 73327K(74112K)->73327K(74112K) NonClass: 63971K(64384K)->63971K(64384K) Class: 9355K(9728K)->9355K(9728K)
[2026-10-07T17:41:46.398+0000][178.831s][info][gc             ] GC(63) Pause Young (Allocation Failure) 32M->22M(36M) 7.113ms
[2026-10-07T17:41:46.398+0000][178.831s][info][gc,cpu         ] GC(63) User=0.00s Sys=0.00s Real=0.01s
[2026-10-07T17:41:47.924+0000][180.357s][info][gc,start       ] GC(64) Pause Young (Allocation Failure)
[2026-10-07T17:41:47.931+0000][180.364s][info][gc,heap        ] GC(64) DefNew: 11258K(11648K)->625K(11648K) Eden: 10368K(10368K)->0K(10368K) From: 890K(1280K)->625K(1280K)
[2026-10-07T17:41:47.931+0000][180.364s][info][gc,heap        ] GC(64) Tenured: 22580K(25632K)->22953K(25632K)
[2026-10-07T17:41:47.931+0000][180.364s][info][gc,metaspace   ] GC(64) Metaspace: 73345K(74112K)->73345K(74112K) NonClass: 63989K(64384K)->63989K(64384K) Class: 9355K(9728K)->9355K(9728K)
[2026-10-07T17:41:47.931+0000][180.364s][info][gc             ] GC(64) Pause Young (Allocation Failure) 33M->23M(36M) 7.015ms
[2026-10-07T17:41:47.931+0000][180.364s][info][gc,cpu         ] GC(64) User=0.00s Sys=0.00s Real=0.00s
[2026-10-07T17:41:49.608+0000][182.041s][info][gc,start       ] GC(65) Pause Young (Allocation Failure)
[2026-10-07T17:41:49.613+0000][182.046s][info][gc,heap        ] GC(65) DefNew: 10993K(11648K)->833K(11648K) Eden: 10368K(10368K)->0K(10368K) From: 625K(1280K)->833K(1280K)
[2026-10-07T17:41:49.613+0000][182.046s][info][gc,heap        ] GC(65) Tenured: 22953K(25632K)->22953K(25632K)
[2026-10-07T17:41:49.613+0000][182.046s][info][gc,metaspace   ] GC(65) Metaspace: 73369K(74112K)->73369K(74112K) NonClass: 64013K(64384K)->64013K(64384K) Class: 9356K(9728K)->9356K(9728K)
[2026-10-07T17:41:49.613+0000][182.047s][info][gc             ] GC(65) Pause Young (Allocation Failure) 33M->23M(36M) 5.479ms
[2026-10-07T17:41:49.613+0000][182.047s][info][gc,cpu         ] GC(65) User=0.00s Sys=0.00s Real=0.00s
[2026-10-07T17:41:51.400+0000][183.834s][info][gc,start       ] GC(66) Pause Young (Allocation Failure)
[2026-10-07T17:41:51.410+0000][183.843s][info][gc,heap        ] GC(66) DefNew: 11201K(11648K)->717K(11648K) Eden: 10368K(10368K)->0K(10368K) From: 833K(1280K)->717K(1280K)
[2026-10-07T17:41:51.410+0000][183.843s][info][gc,heap        ] GC(66) Tenured: 22953K(25632K)->23160K(25632K)
[2026-10-07T17:41:51.410+0000][183.843s][info][gc,metaspace   ] GC(66) Metaspace: 73389K(74176K)->73389K(74176K) NonClass: 64032K(64448K)->64032K(64448K) Class: 9356K(9728K)->9356K(9728K)
[2026-10-07T17:41:51.410+0000][183.843s][info][gc             ] GC(66) Pause Young (Allocation Failure) 33M->23M(36M) 9.396ms
[2026-10-07T17:41:51.410+0000][183.843s][info][gc,cpu         ] GC(66) User=0.01s Sys=0.00s Real=0.01s
[2026-10-07T17:41:52.994+0000][185.427s][info][gc,start       ] GC(67) Pause Young (Allocation Failure)
[2026-10-07T17:41:53.002+0000][185.435s][info][gc,heap        ] GC(67) DefNew: 11085K(11648K)->661K(11648K) Eden: 10368K(10368K)->0K(10368K) From: 717K(1280K)->661K(1280K)
[2026-10-07T17:41:53.002+0000][185.435s][info][gc,heap        ] GC(67) Tenured: 23160K(25632K)->23264K(25632K)
[2026-10-07T17:41:53.002+0000][185.435s][info][gc,metaspace   ] GC(67) Metaspace: 73398K(74176K)->73398K(74176K) NonClass: 64041K(64448K)->64041K(64448K) Class: 9356K(9728K)->9356K(9728K)
[2026-10-07T17:41:53.002+0000][185.435s][info][gc             ] GC(67) Pause Young (Allocation Failure) 33M->23M(36M) 8.630ms
[2026-10-07T17:41:53.002+0000][185.436s][info][gc,cpu         ] GC(67) User=0.01s Sys=0.00s Real=0.00s
[2026-10-07T17:41:54.831+0000][187.265s][info][gc,start       ] GC(68) Pause Young (Allocation Failure)
[2026-10-07T17:41:54.838+0000][187.271s][info][gc,heap        ] GC(68) DefNew: 11029K(11648K)->627K(11648K) Eden: 10368K(10368K)->0K(10368K) From: 661K(1280K)->627K(1280K)
[2026-10-07T17:41:54.838+0000][187.271s][info][gc,heap        ] GC(68) Tenured: 23264K(25632K)->23405K(25632K)
[2026-10-07T17:41:54.838+0000][187.271s][info][gc,metaspace   ] GC(68) Metaspace: 73423K(74240K)->73423K(74240K) NonClass: 64066K(64512K)->64066K(64512K) Class: 9356K(9728K)->9356K(9728K)
[2026-10-07T17:41:54.838+0000][187.271s][info][gc             ] GC(68) Pause Young (Allocation Failure) 33M->23M(36M) 6.941ms
[2026-10-07T17:41:54.838+0000][187.272s][info][gc,cpu         ] GC(68) User=0.01s Sys=0.00s Real=0.01s
[2026-10-07T17:41:56.614+0000][189.047s][info][gc,start       ] GC(69) Pause Young (Allocation Failure)
[2026-10-07T17:41:56.621+0000][189.054s][info][gc,heap        ] GC(69) DefNew: 10995K(11648K)->739K(11648K) Eden: 10368K(10368K)->0K(10368K) From: 627K(1280K)->739K(1280K)
[2026-10-07T17:41:56.621+0000][189.054s][info][gc,heap        ] GC(69) Tenured: 23405K(25632K)->23405K(25632K)
[2026-10-07T17:41:56.621+0000][189.054s][info][gc,metaspace   ] GC(69) Metaspace: 73433K(74240K)->73433K(74240K) NonClass: 64076K(64512K)->64076K(64512K) Class: 9356K(9728K)->9356K(9728K)
[2026-10-07T17:41:56.621+0000][189.054s][info][gc             ] GC(69) Pause Young (Allocation Failure) 33M->23M(36M) 6.611ms
[2026-10-07T17:41:56.621+0000][189.054s][info][gc,cpu         ] GC(69) User=0.01s Sys=0.00s Real=0.00s
[2026-10-07T17:41:58.440+0000][190.873s][info][gc,start       ] GC(70) Pause Young (Allocation Failure)
[2026-10-07T17:41:58.455+0000][190.888s][info][gc,heap        ] GC(70) DefNew: 11107K(11648K)->460K(11648K) Eden: 10368K(10368K)->0K(10368K) From: 739K(1280K)->460K(1280K)
[2026-10-07T17:41:58.455+0000][190.888s][info][gc,heap        ] GC(70) Tenured: 23405K(25632K)->23688K(25632K)
[2026-10-07T17:41:58.455+0000][190.889s][info][gc,metaspace   ] GC(70) Metaspace: 73446K(74240K)->73446K(74240K) NonClass: 64089K(64512K)->64089K(64512K) Class: 9356K(9728K)->9356K(9728K)
[2026-10-07T17:41:58.456+0000][190.889s][info][gc             ] GC(70) Pause Young (Allocation Failure) 33M->23M(36M) 16.189ms
[2026-10-07T17:41:58.456+0000][190.889s][info][gc,cpu         ] GC(70) User=0.02s Sys=0.00s Real=0.02s
[2026-10-07T17:42:00.402+0000][192.835s][info][gc,start       ] GC(71) Pause Young (Allocation Failure)
[2026-10-07T17:42:00.410+0000][192.843s][info][gc,heap        ] GC(71) DefNew: 10828K(11648K)->538K(11648K) Eden: 10368K(10368K)->0K(10368K) From: 460K(1280K)->538K(1280K)
[2026-10-07T17:42:00.410+0000][192.843s][info][gc,heap        ] GC(71) Tenured: 23688K(25632K)->23688K(25632K)
[2026-10-07T17:42:00.410+0000][192.843s][info][gc,metaspace   ] GC(71) Metaspace: 73469K(74304K)->73469K(74304K) NonClass: 64112K(64576K)->64112K(64576K) Class: 9356K(9728K)->9356K(9728K)
[2026-10-07T17:42:00.410+0000][192.843s][info][gc             ] GC(71) Pause Young (Allocation Failure) 33M->23M(36M) 8.238ms
[2026-10-07T17:42:00.410+0000][192.843s][info][gc,cpu         ] GC(71) User=0.01s Sys=0.00s Real=0.01s
[2026-10-07T17:42:02.221+0000][194.654s][info][gc,start       ] GC(72) Pause Young (Allocation Failure)
[2026-10-07T17:42:02.238+0000][194.671s][info][gc,heap        ] GC(72) DefNew: 10906K(11648K)->664K(11648K) Eden: 10368K(10368K)->0K(10368K) From: 538K(1280K)->664K(1280K)
[2026-10-07T17:42:02.238+0000][194.671s][info][gc,heap        ] GC(72) Tenured: 23688K(25632K)->23688K(25632K)
[2026-10-07T17:42:02.238+0000][194.671s][info][gc,metaspace   ] GC(72) Metaspace: 73525K(74304K)->73525K(74304K) NonClass: 64168K(64576K)->64168K(64576K) Class: 9356K(9728K)->9356K(9728K)
[2026-10-07T17:42:02.238+0000][194.671s][info][gc             ] GC(72) Pause Young (Allocation Failure) 33M->23M(36M) 17.358ms
[2026-10-07T17:42:02.238+0000][194.671s][info][gc,cpu         ] GC(72) User=0.01s Sys=0.00s Real=0.02s
[2026-10-07T17:42:04.045+0000][196.478s][info][gc,start       ] GC(73) Pause Young (Allocation Failure)
[2026-10-07T17:42:04.050+0000][196.483s][info][gc,heap        ] GC(73) DefNew: 11032K(11648K)->630K(11648K) Eden: 10367K(10368K)->0K(10368K) From: 664K(1280K)->630K(1280K)
[2026-10-07T17:42:04.050+0000][196.483s][info][gc,heap        ] GC(73) Tenured: 23688K(25632K)->23741K(25632K)
[2026-10-07T17:42:04.050+0000][196.483s][info][gc,metaspace   ] GC(73) Metaspace: 73528K(74304K)->73528K(74304K) NonClass: 64171K(64576K)->64171K(64576K) Class: 9356K(9728K)->9356K(9728K)
[2026-10-07T17:42:04.050+0000][196.484s][info][gc             ] GC(73) Pause Young (Allocation Failure) 33M->23M(36M) 5.684ms
[2026-10-07T17:42:04.051+0000][196.484s][info][gc,cpu         ] GC(73) User=0.00s Sys=0.00s Real=0.00s
[2026-10-07T17:42:05.891+0000][198.324s][info][gc,start       ] GC(74) Pause Young (Allocation Failure)
[2026-10-07T17:42:05.902+0000][198.336s][info][gc,heap        ] GC(74) DefNew: 10998K(11648K)->712K(11648K) Eden: 10368K(10368K)->0K(10368K) From: 630K(1280K)->712K(1280K)
[2026-10-07T17:42:05.902+0000][198.336s][info][gc,heap        ] GC(74) Tenured: 23741K(25632K)->23741K(25632K)
[2026-10-07T17:42:05.902+0000][198.336s][info][gc,metaspace   ] GC(74) Metaspace: 73578K(74368K)->73578K(74368K) NonClass: 64221K(64640K)->64221K(64640K) Class: 9357K(9728K)->9357K(9728K)
[2026-10-07T17:42:05.902+0000][198.336s][info][gc             ] GC(74) Pause Young (Allocation Failure) 33M->23M(36M) 11.782ms
[2026-10-07T17:42:05.902+0000][198.336s][info][gc,cpu         ] GC(74) User=0.00s Sys=0.00s Real=0.01s
[2026-10-07T17:42:07.800+0000][200.234s][info][gc,start       ] GC(75) Pause Young (Allocation Failure)
[2026-10-07T17:42:07.807+0000][200.240s][info][gc,heap        ] GC(75) DefNew: 11080K(11648K)->554K(11648K) Eden: 10368K(10368K)->0K(10368K) From: 712K(1280K)->554K(1280K)
[2026-10-07T17:42:07.807+0000][200.240s][info][gc,heap        ] GC(75) Tenured: 23741K(25632K)->23906K(25632K)
[2026-10-07T17:42:07.807+0000][200.240s][info][gc,metaspace   ] GC(75) Metaspace: 73648K(74432K)->73648K(74432K) NonClass: 64290K(64704K)->64290K(64704K) Class: 9357K(9728K)->9357K(9728K)
[2026-10-07T17:42:07.807+0000][200.240s][info][gc             ] GC(75) Pause Young (Allocation Failure) 34M->23M(36M) 6.593ms
[2026-10-07T17:42:07.807+0000][200.240s][info][gc,cpu         ] GC(75) User=0.01s Sys=0.00s Real=0.01s
[2026-10-07T17:42:09.679+0000][202.112s][info][gc,start       ] GC(76) Pause Young (Allocation Failure)
[2026-10-07T17:42:09.686+0000][202.120s][info][gc,heap        ] GC(76) DefNew: 10922K(11648K)->634K(11648K) Eden: 10368K(10368K)->0K(10368K) From: 554K(1280K)->634K(1280K)
[2026-10-07T17:42:09.686+0000][202.120s][info][gc,heap        ] GC(76) Tenured: 23906K(25632K)->23906K(25632K)
[2026-10-07T17:42:09.686+0000][202.120s][info][gc,metaspace   ] GC(76) Metaspace: 73651K(74432K)->73651K(74432K) NonClass: 64293K(64704K)->64293K(64704K) Class: 9357K(9728K)->9357K(9728K)
[2026-10-07T17:42:09.686+0000][202.120s][info][gc             ] GC(76) Pause Young (Allocation Failure) 34M->23M(36M) 7.340ms
[2026-10-07T17:42:09.686+0000][202.120s][info][gc,cpu         ] GC(76) User=0.01s Sys=0.00s Real=0.01s
[2026-10-07T17:42:11.704+0000][204.137s][info][gc,start       ] GC(77) Pause Young (Allocation Failure)
[2026-10-07T17:42:11.711+0000][204.144s][info][gc,heap        ] GC(77) DefNew: 11002K(11648K)->692K(11648K) Eden: 10368K(10368K)->0K(10368K) From: 634K(1280K)->692K(1280K)
[2026-10-07T17:42:11.711+0000][204.144s][info][gc,heap        ] GC(77) Tenured: 23906K(25632K)->23906K(25632K)
[2026-10-07T17:42:11.711+0000][204.144s][info][gc,metaspace   ] GC(77) Metaspace: 73659K(74432K)->73659K(74432K) NonClass: 64301K(64704K)->64301K(64704K) Class: 9357K(9728K)->9357K(9728K)
[2026-10-07T17:42:11.711+0000][204.144s][info][gc             ] GC(77) Pause Young (Allocation Failure) 34M->24M(36M) 6.993ms
[2026-10-07T17:42:11.711+0000][204.144s][info][gc,cpu         ] GC(77) User=0.01s Sys=0.00s Real=0.00s
[2026-10-07T17:42:13.556+0000][205.989s][info][gc,start       ] GC(78) Pause Young (Allocation Failure)
[2026-10-07T17:42:13.566+0000][205.999s][info][gc,heap        ] GC(78) DefNew: 11060K(11648K)->626K(11648K) Eden: 10368K(10368K)->0K(10368K) From: 692K(1280K)->626K(1280K)
[2026-10-07T17:42:13.566+0000][205.999s][info][gc,heap        ] GC(78) Tenured: 23906K(25632K)->23959K(25632K)
[2026-10-07T17:42:13.566+0000][205.999s][info][gc,metaspace   ] GC(78) Metaspace: 73676K(74432K)->73676K(74432K) NonClass: 64318K(64704K)->64318K(64704K) Class: 9357K(9728K)->9357K(9728K)
[2026-10-07T17:42:13.566+0000][206.000s][info][gc             ] GC(78) Pause Young (Allocation Failure) 34M->24M(36M) 10.697ms
[2026-10-07T17:42:13.566+0000][206.000s][info][gc,cpu         ] GC(78) User=0.01s Sys=0.00s Real=0.01s
[2026-10-07T17:42:15.388+0000][207.821s][info][gc,start       ] GC(79) Pause Young (Allocation Failure)
[2026-10-07T17:42:15.396+0000][207.830s][info][gc,heap        ] GC(79) DefNew: 10994K(11648K)->696K(11648K) Eden: 10368K(10368K)->0K(10368K) From: 626K(1280K)->696K(1280K)
[2026-10-07T17:42:15.396+0000][207.830s][info][gc,heap        ] GC(79) Tenured: 23959K(25632K)->23959K(25632K)
[2026-10-07T17:42:15.397+0000][207.830s][info][gc,metaspace   ] GC(79) Metaspace: 73696K(74432K)->73696K(74432K) NonClass: 64338K(64704K)->64338K(64704K) Class: 9357K(9728K)->9357K(9728K)
[2026-10-07T17:42:15.397+0000][207.830s][info][gc             ] GC(79) Pause Young (Allocation Failure) 34M->24M(36M) 8.766ms
[2026-10-07T17:42:15.397+0000][207.830s][info][gc,cpu         ] GC(79) User=0.01s Sys=0.00s Real=0.01s
[2026-10-07T17:42:17.162+0000][209.595s][info][gc,start       ] GC(80) Pause Young (Allocation Failure)
[2026-10-07T17:42:17.170+0000][209.603s][info][gc,heap        ] GC(80) DefNew: 11064K(11648K)->677K(11648K) Eden: 10368K(10368K)->0K(10368K) From: 696K(1280K)->677K(1280K)
[2026-10-07T17:42:17.170+0000][209.603s][info][gc,heap        ] GC(80) Tenured: 23959K(25632K)->24040K(25632K)
[2026-10-07T17:42:17.170+0000][209.603s][info][gc,metaspace   ] GC(80) Metaspace: 73696K(74432K)->73696K(74432K) NonClass: 64338K(64704K)->64338K(64704K) Class: 9357K(9728K)->9357K(9728K)
[2026-10-07T17:42:17.170+0000][209.603s][info][gc             ] GC(80) Pause Young (Allocation Failure) 34M->24M(36M) 7.939ms
[2026-10-07T17:42:17.170+0000][209.603s][info][gc,cpu         ] GC(80) User=0.00s Sys=0.00s Real=0.01s
[2026-10-07T17:42:19.084+0000][211.518s][info][gc,start       ] GC(81) Pause Young (Allocation Failure)
[2026-10-07T17:42:19.092+0000][211.525s][info][gc,heap        ] GC(81) DefNew: 11045K(11648K)->542K(11648K) Eden: 10368K(10368K)->0K(10368K) From: 677K(1280K)->542K(1280K)
[2026-10-07T17:42:19.092+0000][211.525s][info][gc,heap        ] GC(81) Tenured: 24040K(25632K)->24170K(25632K)
[2026-10-07T17:42:19.092+0000][211.525s][info][gc,metaspace   ] GC(81) Metaspace: 73697K(74432K)->73697K(74432K) NonClass: 64338K(64704K)->64338K(64704K) Class: 9358K(9728K)->9358K(9728K)
[2026-10-07T17:42:19.092+0000][211.525s][info][gc             ] GC(81) Pause Young (Allocation Failure) 34M->24M(36M) 7.565ms
[2026-10-07T17:42:19.092+0000][211.525s][info][gc,cpu         ] GC(81) User=0.01s Sys=0.00s Real=0.00s
[2026-10-07T17:42:20.856+0000][213.290s][info][gc,start       ] GC(82) Pause Young (Allocation Failure)
[2026-10-07T17:42:20.867+0000][213.300s][info][gc,heap        ] GC(82) DefNew: 10910K(11648K)->648K(11648K) Eden: 10368K(10368K)->0K(10368K) From: 542K(1280K)->648K(1280K)
[2026-10-07T17:42:20.869+0000][213.302s][info][gc,heap        ] GC(82) Tenured: 24170K(25632K)->24170K(25632K)
[2026-10-07T17:42:20.869+0000][213.303s][info][gc,metaspace   ] GC(82) Metaspace: 73701K(74432K)->73701K(74432K) NonClass: 64343K(64704K)->64343K(64704K) Class: 9358K(9728K)->9358K(9728K)
[2026-10-07T17:42:20.870+0000][213.303s][info][gc             ] GC(82) Pause Young (Allocation Failure) 34M->24M(36M) 13.124ms
[2026-10-07T17:42:20.870+0000][213.303s][info][gc,cpu         ] GC(82) User=0.01s Sys=0.00s Real=0.01s
[2026-10-07T17:42:22.438+0000][214.872s][info][gc,start       ] GC(83) Pause Young (Allocation Failure)
[2026-10-07T17:42:22.445+0000][214.878s][info][gc,heap        ] GC(83) DefNew: 11016K(11648K)->802K(11648K) Eden: 10368K(10368K)->0K(10368K) From: 648K(1280K)->802K(1280K)
[2026-10-07T17:42:22.445+0000][214.879s][info][gc,heap        ] GC(83) Tenured: 24170K(25632K)->24201K(25632K)
[2026-10-07T17:42:22.445+0000][214.879s][info][gc,metaspace   ] GC(83) Metaspace: 73709K(74496K)->73709K(74496K) NonClass: 64351K(64768K)->64351K(64768K) Class: 9358K(9728K)->9358K(9728K)
[2026-10-07T17:42:22.445+0000][214.879s][info][gc             ] GC(83) Pause Young (Allocation Failure) 34M->24M(36M) 6.922ms
[2026-10-07T17:42:22.445+0000][214.879s][info][gc,cpu         ] GC(83) User=0.01s Sys=0.00s Real=0.01s
[2026-10-07T17:42:24.279+0000][216.712s][info][gc,start       ] GC(84) Pause Young (Allocation Failure)
[2026-10-07T17:42:24.286+0000][216.720s][info][gc,heap        ] GC(84) DefNew: 11170K(11648K)->448K(11648K) Eden: 10368K(10368K)->0K(10368K) From: 802K(1280K)->448K(1280K)
[2026-10-07T17:42:24.287+0000][216.720s][info][gc,heap        ] GC(84) Tenured: 24201K(25632K)->24420K(25632K)
[2026-10-07T17:42:24.287+0000][216.720s][info][gc,metaspace   ] GC(84) Metaspace: 73735K(74496K)->73735K(74496K) NonClass: 64377K(64768K)->64377K(64768K) Class: 9358K(9728K)->9358K(9728K)
[2026-10-07T17:42:24.287+0000][216.720s][info][gc             ] GC(84) Pause Young (Allocation Failure) 34M->24M(36M) 8.044ms
[2026-10-07T17:42:24.287+0000][216.720s][info][gc,cpu         ] GC(84) User=0.01s Sys=0.00s Real=0.01s
[2026-10-07T17:42:26.144+0000][218.577s][info][gc,start       ] GC(85) Pause Young (Allocation Failure)
[2026-10-07T17:42:26.150+0000][218.583s][info][gc,heap        ] GC(85) DefNew: 10816K(11648K)->522K(11648K) Eden: 10368K(10368K)->0K(10368K) From: 448K(1280K)->522K(1280K)
[2026-10-07T17:42:26.150+0000][218.583s][info][gc,heap        ] GC(85) Tenured: 24420K(25632K)->24420K(25632K)
[2026-10-07T17:42:26.150+0000][218.583s][info][gc,metaspace   ] GC(85) Metaspace: 73744K(74496K)->73744K(74496K) NonClass: 64385K(64768K)->64385K(64768K) Class: 9358K(9728K)->9358K(9728K)
[2026-10-07T17:42:26.150+0000][218.583s][info][gc             ] GC(85) Pause Young (Allocation Failure) 34M->24M(36M) 5.762ms
[2026-10-07T17:42:26.150+0000][218.583s][info][gc,cpu         ] GC(85) User=0.00s Sys=0.00s Real=0.00s
[2026-10-07T17:42:27.949+0000][220.382s][info][gc,start       ] GC(86) Pause Young (Allocation Failure)
[2026-10-07T17:42:27.956+0000][220.390s][info][gc,heap        ] GC(86) DefNew: 10890K(11648K)->459K(11648K) Eden: 10368K(10368K)->0K(10368K) From: 522K(1280K)->459K(1280K)
[2026-10-07T17:42:27.956+0000][220.390s][info][gc,heap        ] GC(86) Tenured: 24420K(25632K)->24420K(25632K)
[2026-10-07T17:42:27.956+0000][220.390s][info][gc,metaspace   ] GC(86) Metaspace: 73801K(74624K)->73801K(74624K) NonClass: 64442K(64896K)->64442K(64896K) Class: 9358K(9728K)->9358K(9728K)
[2026-10-07T17:42:27.956+0000][220.390s][info][gc             ] GC(86) Pause Young (Allocation Failure) 34M->24M(36M) 7.817ms
[2026-10-07T17:42:27.957+0000][220.390s][info][gc,cpu         ] GC(86) User=0.01s Sys=0.00s Real=0.01s
[2026-10-07T17:42:29.858+0000][222.291s][info][gc,start       ] GC(87) Pause Young (Allocation Failure)
[2026-10-07T17:42:29.864+0000][222.297s][info][gc,heap        ] GC(87) DefNew: 10827K(11648K)->542K(11648K) Eden: 10368K(10368K)->0K(10368K) From: 459K(1280K)->542K(1280K)
[2026-10-07T17:42:29.864+0000][222.297s][info][gc,heap        ] GC(87) Tenured: 24420K(25632K)->24420K(25632K)
[2026-10-07T17:42:29.864+0000][222.297s][info][gc,metaspace   ] GC(87) Metaspace: 73803K(74624K)->73803K(74624K) NonClass: 64444K(64896K)->64444K(64896K) Class: 9358K(9728K)->9358K(9728K)
[2026-10-07T17:42:29.864+0000][222.297s][info][gc             ] GC(87) Pause Young (Allocation Failure) 34M->24M(36M) 6.011ms
[2026-10-07T17:42:29.864+0000][222.298s][info][gc,cpu         ] GC(87) User=0.00s Sys=0.00s Real=0.01s
[2026-10-07T17:42:31.702+0000][224.135s][info][gc,start       ] GC(88) Pause Young (Allocation Failure)
[2026-10-07T17:42:31.709+0000][224.142s][info][gc,heap        ] GC(88) DefNew: 10910K(11648K)->615K(11648K) Eden: 10368K(10368K)->0K(10368K) From: 542K(1280K)->615K(1280K)
[2026-10-07T17:42:31.709+0000][224.142s][info][gc,heap        ] GC(88) Tenured: 24420K(25632K)->24420K(25632K)
[2026-10-07T17:42:31.709+0000][224.142s][info][gc,metaspace   ] GC(88) Metaspace: 73823K(74624K)->73823K(74624K) NonClass: 64465K(64896K)->64465K(64896K) Class: 9358K(9728K)->9358K(9728K)
[2026-10-07T17:42:31.709+0000][224.142s][info][gc             ] GC(88) Pause Young (Allocation Failure) 34M->24M(36M) 7.183ms
[2026-10-07T17:42:31.709+0000][224.142s][info][gc,cpu         ] GC(88) User=0.01s Sys=0.00s Real=0.01s
[2026-10-07T17:42:33.602+0000][226.036s][info][gc,start       ] GC(89) Pause Young (Allocation Failure)
[2026-10-07T17:42:33.610+0000][226.043s][info][gc,heap        ] GC(89) DefNew: 10983K(11648K)->602K(11648K) Eden: 10368K(10368K)->0K(10368K) From: 615K(1280K)->602K(1280K)
[2026-10-07T17:42:33.610+0000][226.043s][info][gc,heap        ] GC(89) Tenured: 24420K(25632K)->24420K(25632K)
[2026-10-07T17:42:33.610+0000][226.044s][info][gc,metaspace   ] GC(89) Metaspace: 73835K(74624K)->73835K(74624K) NonClass: 64476K(64896K)->64476K(64896K) Class: 9358K(9728K)->9358K(9728K)
[2026-10-07T17:42:33.611+0000][226.044s][info][gc             ] GC(89) Pause Young (Allocation Failure) 34M->24M(36M) 8.201ms
[2026-10-07T17:42:33.611+0000][226.044s][info][gc,cpu         ] GC(89) User=0.01s Sys=0.00s Real=0.01s
[2026-10-07T17:42:35.381+0000][227.815s][info][gc,start       ] GC(90) Pause Young (Allocation Failure)
[2026-10-07T17:42:35.389+0000][227.822s][info][gc,heap        ] GC(90) DefNew: 10970K(11648K)->695K(11648K) Eden: 10368K(10368K)->0K(10368K) From: 602K(1280K)->695K(1280K)
[2026-10-07T17:42:35.389+0000][227.822s][info][gc,heap        ] GC(90) Tenured: 24420K(25632K)->24420K(25632K)
[2026-10-07T17:42:35.389+0000][227.822s][info][gc,metaspace   ] GC(90) Metaspace: 73855K(74624K)->73855K(74624K) NonClass: 64496K(64896K)->64496K(64896K) Class: 9359K(9728K)->9359K(9728K)
[2026-10-07T17:42:35.389+0000][227.822s][info][gc             ] GC(90) Pause Young (Allocation Failure) 34M->24M(36M) 7.617ms
[2026-10-07T17:42:35.389+0000][227.823s][info][gc,cpu         ] GC(90) User=0.01s Sys=0.00s Real=0.01s
[2026-10-07T17:42:37.141+0000][229.574s][info][gc,start       ] GC(91) Pause Young (Allocation Failure)
[2026-10-07T17:42:37.152+0000][229.586s][info][gc,heap        ] GC(91) DefNew: 11063K(11648K)->818K(11648K) Eden: 10368K(10368K)->0K(10368K) From: 695K(1280K)->818K(1280K)
[2026-10-07T17:42:37.152+0000][229.586s][info][gc,heap        ] GC(91) Tenured: 24420K(25632K)->24486K(25632K)
[2026-10-07T17:42:37.152+0000][229.586s][info][gc,metaspace   ] GC(91) Metaspace: 73872K(74688K)->73872K(74688K) NonClass: 64509K(64960K)->64509K(64960K) Class: 9363K(9728K)->9363K(9728K)
[2026-10-07T17:42:37.155+0000][229.588s][info][gc             ] GC(91) Pause Young (Allocation Failure) 34M->24M(36M) 14.077ms
[2026-10-07T17:42:37.155+0000][229.588s][info][gc,cpu         ] GC(91) User=0.00s Sys=0.00s Real=0.02s
[2026-10-07T17:42:38.868+0000][231.301s][info][gc,start       ] GC(92) Pause Young (Allocation Failure)
[2026-10-07T17:42:38.888+0000][231.322s][info][gc,heap        ] GC(92) DefNew: 11186K(11648K)->600K(11648K) Eden: 10368K(10368K)->0K(10368K) From: 818K(1280K)->600K(1280K)
[2026-10-07T17:42:38.890+0000][231.323s][info][gc,heap        ] GC(92) Tenured: 24486K(25632K)->24694K(25632K)
[2026-10-07T17:42:38.890+0000][231.323s][info][gc,metaspace   ] GC(92) Metaspace: 73890K(74688K)->73890K(74688K) NonClass: 64527K(64960K)->64527K(64960K) Class: 9363K(9728K)->9363K(9728K)
[2026-10-07T17:42:38.890+0000][231.323s][info][gc             ] GC(92) Pause Young (Allocation Failure) 34M->24M(36M) 22.459ms
[2026-10-07T17:42:38.890+0000][231.323s][info][gc,cpu         ] GC(92) User=0.02s Sys=0.00s Real=0.02s
[2026-10-07T17:42:40.755+0000][233.189s][info][gc,start       ] GC(93) Pause Young (Allocation Failure)
[2026-10-07T17:42:40.766+0000][233.199s][info][gc,heap        ] GC(93) DefNew: 10968K(11648K)->670K(11648K) Eden: 10368K(10368K)->0K(10368K) From: 600K(1280K)->670K(1280K)
[2026-10-07T17:42:40.766+0000][233.199s][info][gc,heap        ] GC(93) Tenured: 24694K(25632K)->24694K(25632K)
[2026-10-07T17:42:40.766+0000][233.199s][info][gc,metaspace   ] GC(93) Metaspace: 73897K(74688K)->73897K(74688K) NonClass: 64533K(64960K)->64533K(64960K) Class: 9363K(9728K)->9363K(9728K)
[2026-10-07T17:42:40.766+0000][233.199s][info][gc             ] GC(93) Pause Young (Allocation Failure) 34M->24M(36M) 10.362ms
[2026-10-07T17:42:40.766+0000][233.199s][info][gc,cpu         ] GC(93) User=0.00s Sys=0.00s Real=0.01s
[2026-10-07T17:42:42.543+0000][234.976s][info][gc,start       ] GC(94) Pause Young (Allocation Failure)
[2026-10-07T17:42:42.556+0000][234.989s][info][gc,heap        ] GC(94) DefNew: 11038K(11648K)->586K(11648K) Eden: 10368K(10368K)->0K(10368K) From: 670K(1280K)->586K(1280K)
[2026-10-07T17:42:42.556+0000][234.989s][info][gc,heap        ] GC(94) Tenured: 24694K(25632K)->24736K(25632K)
[2026-10-07T17:42:42.556+0000][234.989s][info][gc,metaspace   ] GC(94) Metaspace: 73900K(74688K)->73900K(74688K) NonClass: 64536K(64960K)->64536K(64960K) Class: 9363K(9728K)->9363K(9728K)
[2026-10-07T17:42:42.556+0000][234.989s][info][gc             ] GC(94) Pause Young (Allocation Failure) 34M->24M(36M) 13.386ms
[2026-10-07T17:42:42.556+0000][234.989s][info][gc,cpu         ] GC(94) User=0.01s Sys=0.00s Real=0.02s
[2026-10-07T17:42:44.377+0000][236.811s][info][gc,start       ] GC(95) Pause Young (Allocation Failure)
[2026-10-07T17:42:44.396+0000][236.829s][info][gc,heap        ] GC(95) DefNew: 10954K(11648K)->655K(11648K) Eden: 10368K(10368K)->0K(10368K) From: 586K(1280K)->655K(1280K)
[2026-10-07T17:42:44.396+0000][236.829s][info][gc,heap        ] GC(95) Tenured: 24736K(25632K)->24736K(25632K)
[2026-10-07T17:42:44.396+0000][236.829s][info][gc,metaspace   ] GC(95) Metaspace: 73902K(74688K)->73902K(74688K) NonClass: 64538K(64960K)->64538K(64960K) Class: 9364K(9728K)->9364K(9728K)
[2026-10-07T17:42:44.396+0000][236.829s][info][gc             ] GC(95) Pause Young (Allocation Failure) 34M->24M(36M) 18.849ms
[2026-10-07T17:42:44.396+0000][236.830s][info][gc,cpu         ] GC(95) User=0.01s Sys=0.00s Real=0.02s
[2026-10-07T17:42:46.184+0000][238.617s][info][gc,start       ] GC(96) Pause Young (Allocation Failure)
[2026-10-07T17:42:46.191+0000][238.624s][info][gc,heap        ] GC(96) DefNew: 11023K(11648K)->582K(11648K) Eden: 10368K(10368K)->0K(10368K) From: 655K(1280K)->582K(1280K)
[2026-10-07T17:42:46.191+0000][238.625s][info][gc,heap        ] GC(96) Tenured: 24736K(25632K)->24905K(25632K)
[2026-10-07T17:42:46.191+0000][238.625s][info][gc,metaspace   ] GC(96) Metaspace: 73923K(74688K)->73923K(74688K) NonClass: 64558K(64960K)->64558K(64960K) Class: 9364K(9728K)->9364K(9728K)
[2026-10-07T17:42:46.192+0000][238.625s][info][gc             ] GC(96) Pause Young (Allocation Failure) 34M->24M(36M) 7.413ms
[2026-10-07T17:42:46.192+0000][238.625s][info][gc,cpu         ] GC(96) User=0.00s Sys=0.00s Real=0.00s
[2026-10-07T17:42:47.998+0000][240.432s][info][gc,start       ] GC(97) Pause Young (Allocation Failure)
[2026-10-07T17:42:48.005+0000][240.438s][info][gc,heap        ] GC(97) DefNew: 10950K(11648K)->534K(11648K) Eden: 10368K(10368K)->0K(10368K) From: 582K(1280K)->534K(1280K)
[2026-10-07T17:42:48.005+0000][240.438s][info][gc,heap        ] GC(97) Tenured: 24905K(25632K)->24905K(25632K)
[2026-10-07T17:42:48.005+0000][240.438s][info][gc,metaspace   ] GC(97) Metaspace: 73923K(74688K)->73923K(74688K) NonClass: 64559K(64960K)->64559K(64960K) Class: 9364K(9728K)->9364K(9728K)
[2026-10-07T17:42:48.005+0000][240.438s][info][gc             ] GC(97) Pause Young (Allocation Failure) 35M->24M(36M) 6.802ms
[2026-10-07T17:42:48.005+0000][240.438s][info][gc,cpu         ] GC(97) User=0.01s Sys=0.00s Real=0.01s
[2026-10-07T17:42:50.019+0000][242.452s][info][gc,start       ] GC(98) Pause Young (Allocation Failure)
[2026-10-07T17:42:50.033+0000][242.466s][info][gc,heap        ] GC(98) DefNew: 10902K(11648K)->587K(11648K) Eden: 10368K(10368K)->0K(10368K) From: 534K(1280K)->587K(1280K)
[2026-10-07T17:42:50.033+0000][242.466s][info][gc,heap        ] GC(98) Tenured: 24905K(25632K)->24905K(25632K)
[2026-10-07T17:42:50.033+0000][242.466s][info][gc,metaspace   ] GC(98) Metaspace: 73926K(74688K)->73926K(74688K) NonClass: 64562K(64960K)->64562K(64960K) Class: 9364K(9728K)->9364K(9728K)
[2026-10-07T17:42:50.034+0000][242.467s][info][gc             ] GC(98) Pause Young (Allocation Failure) 34M->24M(36M) 14.710ms
[2026-10-07T17:42:50.034+0000][242.467s][info][gc,cpu         ] GC(98) User=0.00s Sys=0.00s Real=0.02s
[2026-10-07T17:42:51.812+0000][244.245s][info][gc,start       ] GC(99) Pause Young (Allocation Failure)
[2026-10-07T17:42:51.821+0000][244.254s][info][gc,heap        ] GC(99) DefNew: 10955K(11648K)->662K(11648K) Eden: 10368K(10368K)->0K(10368K) From: 587K(1280K)->662K(1280K)
[2026-10-07T17:42:51.821+0000][244.254s][info][gc,heap        ] GC(99) Tenured: 24905K(25632K)->24905K(25632K)
[2026-10-07T17:42:51.821+0000][244.254s][info][gc,metaspace   ] GC(99) Metaspace: 73928K(74688K)->73928K(74688K) NonClass: 64564K(64960K)->64564K(64960K) Class: 9364K(9728K)->9364K(9728K)
[2026-10-07T17:42:51.821+0000][244.254s][info][gc             ] GC(99) Pause Young (Allocation Failure) 35M->24M(36M) 9.583ms
[2026-10-07T17:42:51.822+0000][244.255s][info][gc,cpu         ] GC(99) User=0.01s Sys=0.01s Real=0.01s
[2026-10-07T17:42:53.556+0000][245.990s][info][gc,start       ] GC(100) Pause Young (Allocation Failure)
[2026-10-07T17:42:53.564+0000][245.997s][info][gc,heap        ] GC(100) DefNew: 11030K(11648K)->616K(11648K) Eden: 10368K(10368K)->0K(10368K) From: 662K(1280K)->616K(1280K)
[2026-10-07T17:42:53.564+0000][245.997s][info][gc,heap        ] GC(100) Tenured: 24905K(25632K)->24966K(25632K)
[2026-10-07T17:42:53.564+0000][245.997s][info][gc,metaspace   ] GC(100) Metaspace: 73931K(74688K)->73931K(74688K) NonClass: 64567K(64960K)->64567K(64960K) Class: 9364K(9728K)->9364K(9728K)
[2026-10-07T17:42:53.564+0000][245.997s][info][gc             ] GC(100) Pause Young (Allocation Failure) 35M->24M(36M) 7.519ms
[2026-10-07T17:42:53.564+0000][245.997s][info][gc,cpu         ] GC(100) User=0.01s Sys=0.01s Real=0.01s
[2026-10-07T17:42:55.380+0000][247.813s][info][gc,start       ] GC(101) Pause Young (Allocation Failure)
[2026-10-07T17:42:55.386+0000][247.819s][info][gc,heap        ] GC(101) DefNew: 10984K(11648K)->740K(11648K) Eden: 10368K(10368K)->0K(10368K) From: 616K(1280K)->740K(1280K)
[2026-10-07T17:42:55.386+0000][247.819s][info][gc,heap        ] GC(101) Tenured: 24966K(25632K)->24966K(25632K)
[2026-10-07T17:42:55.386+0000][247.819s][info][gc,metaspace   ] GC(101) Metaspace: 73932K(74688K)->73932K(74688K) NonClass: 64568K(64960K)->64568K(64960K) Class: 9364K(9728K)->9364K(9728K)
[2026-10-07T17:42:55.386+0000][247.820s][info][gc             ] GC(101) Pause Young (Allocation Failure) 35M->25M(36M) 6.408ms
[2026-10-07T17:42:55.386+0000][247.820s][info][gc,cpu         ] GC(101) User=0.00s Sys=0.00s Real=0.01s
[2026-10-07T17:42:57.181+0000][249.614s][info][gc,start       ] GC(102) Pause Young (Allocation Failure)
[2026-10-07T17:42:57.192+0000][249.625s][info][gc,heap        ] GC(102) DefNew: 11108K(11648K)->704K(11648K) Eden: 10368K(10368K)->0K(10368K) From: 740K(1280K)->704K(1280K)
[2026-10-07T17:42:57.192+0000][249.625s][info][gc,heap        ] GC(102) Tenured: 24966K(25632K)->25077K(25632K)
[2026-10-07T17:42:57.192+0000][249.626s][info][gc,metaspace   ] GC(102) Metaspace: 73933K(74688K)->73933K(74688K) NonClass: 64568K(64960K)->64568K(64960K) Class: 9364K(9728K)->9364K(9728K)
[2026-10-07T17:42:57.193+0000][249.626s][info][gc             ] GC(102) Pause Young (Allocation Failure) 35M->25M(36M) 11.423ms
[2026-10-07T17:42:57.193+0000][249.626s][info][gc,cpu         ] GC(102) User=0.01s Sys=0.01s Real=0.01s
[2026-10-07T17:42:59.083+0000][251.517s][info][gc,start       ] GC(103) Pause Young (Allocation Failure)
[2026-10-07T17:42:59.094+0000][251.527s][info][gc,heap        ] GC(103) DefNew: 11072K(11648K)->606K(11648K) Eden: 10368K(10368K)->0K(10368K) From: 704K(1280K)->606K(1280K)
[2026-10-07T17:42:59.094+0000][251.527s][info][gc,heap        ] GC(103) Tenured: 25077K(25632K)->25175K(25632K)
[2026-10-07T17:42:59.094+0000][251.527s][info][gc,metaspace   ] GC(103) Metaspace: 73933K(74688K)->73933K(74688K) NonClass: 64568K(64960K)->64568K(64960K) Class: 9364K(9728K)->9364K(9728K)
[2026-10-07T17:42:59.094+0000][251.527s][info][gc             ] GC(103) Pause Young (Allocation Failure) 35M->25M(36M) 10.362ms
[2026-10-07T17:42:59.094+0000][251.527s][info][gc,cpu         ] GC(103) User=0.01s Sys=0.00s Real=0.02s
[2026-10-07T17:43:01.005+0000][253.439s][info][gc,start       ] GC(104) Pause Young (Allocation Failure)
[2026-10-07T17:43:01.013+0000][253.446s][info][gc,heap        ] GC(104) DefNew: 10974K(11648K)->653K(11648K) Eden: 10368K(10368K)->0K(10368K) From: 606K(1280K)->653K(1280K)
[2026-10-07T17:43:01.013+0000][253.446s][info][gc,heap        ] GC(104) Tenured: 25175K(25632K)->25175K(25632K)
[2026-10-07T17:43:01.013+0000][253.446s][info][gc,metaspace   ] GC(104) Metaspace: 73941K(74752K)->73941K(74752K) NonClass: 64576K(65024K)->64576K(65024K) Class: 9364K(9728K)->9364K(9728K)
[2026-10-07T17:43:01.013+0000][253.446s][info][gc             ] GC(104) Pause Young (Allocation Failure) 35M->25M(36M) 7.876ms
[2026-10-07T17:43:01.013+0000][253.447s][info][gc,cpu         ] GC(104) User=0.01s Sys=0.00s Real=0.00s
[2026-10-07T17:43:02.805+0000][255.238s][info][gc,start       ] GC(105) Pause Young (Allocation Failure)
[2026-10-07T17:43:02.811+0000][255.244s][info][gc,heap        ] GC(105) DefNew: 11021K(11648K)->572K(11648K) Eden: 10368K(10368K)->0K(10368K) From: 653K(1280K)->572K(1280K)
[2026-10-07T17:43:02.811+0000][255.244s][info][gc,heap        ] GC(105) Tenured: 25175K(25632K)->25234K(25632K)
[2026-10-07T17:43:02.811+0000][255.244s][info][gc,metaspace   ] GC(105) Metaspace: 73941K(74752K)->73941K(74752K) NonClass: 64577K(65024K)->64577K(65024K) Class: 9364K(9728K)->9364K(9728K)
[2026-10-07T17:43:02.811+0000][255.244s][info][gc             ] GC(105) Pause Young (Allocation Failure) 35M->25M(36M) 6.215ms
[2026-10-07T17:43:02.811+0000][255.244s][info][gc,cpu         ] GC(105) User=0.00s Sys=0.00s Real=0.00s
[2026-10-07T17:43:04.952+0000][257.386s][info][gc,start       ] GC(106) Pause Young (Allocation Failure)
[2026-10-07T17:43:04.961+0000][257.395s][info][gc,heap        ] GC(106) DefNew: 10940K(11648K)->728K(11648K) Eden: 10368K(10368K)->0K(10368K) From: 572K(1280K)->728K(1280K)
[2026-10-07T17:43:04.961+0000][257.395s][info][gc,heap        ] GC(106) Tenured: 25234K(25632K)->25234K(25632K)
[2026-10-07T17:43:04.962+0000][257.395s][info][gc,metaspace   ] GC(106) Metaspace: 73951K(74752K)->73951K(74752K) NonClass: 64586K(65024K)->64586K(65024K) Class: 9364K(9728K)->9364K(9728K)
[2026-10-07T17:43:04.962+0000][257.395s][info][gc             ] GC(106) Pause Young (Allocation Failure) 35M->25M(36M) 9.229ms
[2026-10-07T17:43:04.962+0000][257.395s][info][gc,cpu         ] GC(106) User=0.00s Sys=0.00s Real=0.01s
[2026-10-07T17:43:06.621+0000][259.054s][info][gc,start       ] GC(107) Pause Young (Allocation Failure)
[2026-10-07T17:43:06.628+0000][259.061s][info][gc,heap        ] GC(107) DefNew: 11096K(11648K)->708K(11648K) Eden: 10368K(10368K)->0K(10368K) From: 728K(1280K)->708K(1280K)
[2026-10-07T17:43:06.628+0000][259.061s][info][gc,heap        ] GC(107) Tenured: 25234K(25632K)->25338K(25632K)
[2026-10-07T17:43:06.628+0000][259.061s][info][gc,metaspace   ] GC(107) Metaspace: 73955K(74752K)->73955K(74752K) NonClass: 64590K(65024K)->64590K(65024K) Class: 9364K(9728K)->9364K(9728K)
[2026-10-07T17:43:06.628+0000][259.061s][info][gc             ] GC(107) Pause Young (Allocation Failure) 35M->25M(36M) 6.947ms
[2026-10-07T17:43:06.628+0000][259.062s][info][gc,cpu         ] GC(107) User=0.00s Sys=0.00s Real=0.01s
[2026-10-07T17:43:08.229+0000][260.662s][info][gc,start       ] GC(108) Pause Young (Allocation Failure)
[2026-10-07T17:43:08.236+0000][260.670s][info][gc,heap        ] GC(108) DefNew: 11076K(11648K)->639K(11648K) Eden: 10368K(10368K)->0K(10368K) From: 708K(1280K)->639K(1280K)
[2026-10-07T17:43:08.236+0000][260.670s][info][gc,heap        ] GC(108) Tenured: 25338K(25632K)->25409K(25632K)
[2026-10-07T17:43:08.236+0000][260.670s][info][gc,metaspace   ] GC(108) Metaspace: 73975K(74752K)->73975K(74752K) NonClass: 64610K(65024K)->64610K(65024K) Class: 9364K(9728K)->9364K(9728K)
[2026-10-07T17:43:08.237+0000][260.670s][info][gc             ] GC(108) Pause Young (Allocation Failure) 35M->25M(36M) 7.299ms
[2026-10-07T17:43:08.237+0000][260.670s][info][gc,cpu         ] GC(108) User=0.01s Sys=0.00s Real=0.01s
[2026-10-07T17:43:10.173+0000][262.607s][info][gc,start       ] GC(109) Pause Young (Allocation Failure)
[2026-10-07T17:43:10.183+0000][262.616s][info][gc,heap        ] GC(109) DefNew: 11007K(11648K)->706K(11648K) Eden: 10368K(10368K)->0K(10368K) From: 639K(1280K)->706K(1280K)
[2026-10-07T17:43:10.188+0000][262.621s][info][gc,heap        ] GC(109) Tenured: 25409K(25632K)->25409K(25632K)
[2026-10-07T17:43:10.189+0000][262.622s][info][gc,metaspace   ] GC(109) Metaspace: 73987K(74752K)->73987K(74752K) NonClass: 64622K(65024K)->64622K(65024K) Class: 9364K(9728K)->9364K(9728K)
[2026-10-07T17:43:10.191+0000][262.624s][info][gc             ] GC(109) Pause Young (Allocation Failure) 35M->25M(36M) 17.242ms
[2026-10-07T17:43:10.191+0000][262.624s][info][gc,cpu         ] GC(109) User=0.02s Sys=0.01s Real=0.02s
[2026-10-07T17:43:12.102+0000][264.535s][info][gc,start       ] GC(110) Pause Young (Allocation Failure)
[2026-10-07T17:43:12.110+0000][264.544s][info][gc,heap        ] GC(110) DefNew: 11074K(11648K)->728K(11648K) Eden: 10368K(10368K)->0K(10368K) From: 706K(1280K)->728K(1280K)
[2026-10-07T17:43:12.110+0000][264.544s][info][gc,heap        ] GC(110) Tenured: 25409K(25632K)->25481K(25632K)
[2026-10-07T17:43:12.110+0000][264.544s][info][gc,metaspace   ] GC(110) Metaspace: 73994K(74752K)->73994K(74752K) NonClass: 64629K(65024K)->64629K(65024K) Class: 9364K(9728K)->9364K(9728K)
[2026-10-07T17:43:12.111+0000][264.544s][info][gc             ] GC(110) Pause Young (Allocation Failure) 35M->25M(36M) 8.945ms
[2026-10-07T17:43:12.112+0000][264.545s][info][gc,cpu         ] GC(110) User=0.00s Sys=0.00s Real=0.01s
[2026-10-07T17:43:13.944+0000][266.377s][info][gc,start       ] GC(111) Pause Young (Allocation Failure)
[2026-10-07T17:43:13.951+0000][266.384s][info][gc             ] GC(111) Pause Young (Allocation Failure) 35M->25M(36M) 6.607ms
[2026-10-07T17:43:13.951+0000][266.384s][info][gc,cpu         ] GC(111) User=0.01s Sys=0.00s Real=0.00s
[2026-10-07T17:43:13.951+0000][266.384s][info][gc,start       ] GC(112) Pause Full (Allocation Failure)
[2026-10-07T17:43:13.951+0000][266.384s][info][gc,phases,start] GC(112) Phase 1: Mark live objects
[2026-10-07T17:43:14.034+0000][266.467s][info][gc,phases      ] GC(112) Phase 1: Mark live objects 83.316ms
[2026-10-07T17:43:14.034+0000][266.467s][info][gc,phases,start] GC(112) Phase 2: Compute new object addresses
[2026-10-07T17:43:14.047+0000][266.480s][info][gc,phases      ] GC(112) Phase 2: Compute new object addresses 12.306ms
[2026-10-07T17:43:14.047+0000][266.480s][info][gc,phases,start] GC(112) Phase 3: Adjust pointers
[2026-10-07T17:43:14.094+0000][266.528s][info][gc,phases      ] GC(112) Phase 3: Adjust pointers 47.738ms
[2026-10-07T17:43:14.094+0000][266.528s][info][gc,phases,start] GC(112) Phase 4: Move objects
[2026-10-07T17:43:14.098+0000][266.531s][info][gc,phases      ] GC(112) Phase 4: Move objects 3.670ms
[2026-10-07T17:43:14.100+0000][266.533s][info][gc,heap        ] GC(112) DefNew: 11096K(11648K)->0K(18816K) Eden: 10368K(10368K)->0K(16768K) From: 728K(1280K)->0K(2048K)
[2026-10-07T17:43:14.100+0000][266.533s][info][gc,heap        ] GC(112) Tenured: 25481K(25632K)->24832K(41392K)
[2026-10-07T17:43:14.100+0000][266.533s][info][gc,metaspace   ] GC(112) Metaspace: 73994K(74752K)->73994K(74752K) NonClass: 64629K(65024K)->64629K(65024K) Class: 9364K(9728K)->9364K(9728K)
[2026-10-07T17:43:14.100+0000][266.533s][info][gc             ] GC(112) Pause Full (Allocation Failure) 25M->24M(58M) 148.911ms
[2026-10-07T17:43:14.100+0000][266.533s][info][gc,cpu         ] GC(112) User=0.13s Sys=0.00s Real=0.15s
[2026-10-07T17:43:16.777+0000][269.210s][info][gc,start       ] GC(113) Pause Young (Allocation Failure)
[2026-10-07T17:43:16.782+0000][269.216s][info][gc,heap        ] GC(113) DefNew: 16768K(18816K)->477K(18816K) Eden: 16768K(16768K)->0K(16768K) From: 0K(2048K)->477K(2048K)
[2026-10-07T17:43:16.782+0000][269.216s][info][gc,heap        ] GC(113) Tenured: 24832K(41392K)->24832K(41392K)
[2026-10-07T17:43:16.782+0000][269.216s][info][gc,metaspace   ] GC(113) Metaspace: 73995K(74752K)->73995K(74752K) NonClass: 64630K(65024K)->64630K(65024K) Class: 9364K(9728K)->9364K(9728K)
[2026-10-07T17:43:16.782+0000][269.216s][info][gc             ] GC(113) Pause Young (Allocation Failure) 40M->24M(58M) 5.425ms
[2026-10-07T17:43:16.782+0000][269.216s][info][gc,cpu         ] GC(113) User=0.00s Sys=0.00s Real=0.00s
[2026-10-07T17:43:19.739+0000][272.172s][info][gc,start       ] GC(114) Pause Young (Allocation Failure)
[2026-10-07T17:43:19.746+0000][272.179s][info][gc,heap        ] GC(114) DefNew: 17245K(18816K)->596K(18816K) Eden: 16768K(16768K)->0K(16768K) From: 477K(2048K)->596K(2048K)
[2026-10-07T17:43:19.746+0000][272.179s][info][gc,heap        ] GC(114) Tenured: 24832K(41392K)->24832K(41392K)
[2026-10-07T17:43:19.746+0000][272.179s][info][gc,metaspace   ] GC(114) Metaspace: 73996K(74752K)->73996K(74752K) NonClass: 64631K(65024K)->64631K(65024K) Class: 9364K(9728K)->9364K(9728K)
[2026-10-07T17:43:19.746+0000][272.179s][info][gc             ] GC(114) Pause Young (Allocation Failure) 41M->24M(58M) 7.132ms
[2026-10-07T17:43:19.746+0000][272.179s][info][gc,cpu         ] GC(114) User=0.01s Sys=0.00s Real=0.01s
[2026-10-07T17:43:22.511+0000][274.944s][info][gc,start       ] GC(115) Pause Young (Allocation Failure)
[2026-10-07T17:43:22.518+0000][274.951s][info][gc,heap        ] GC(115) DefNew: 17364K(18816K)->711K(18816K) Eden: 16768K(16768K)->0K(16768K) From: 596K(2048K)->711K(2048K)
[2026-10-07T17:43:22.518+0000][274.951s][info][gc,heap        ] GC(115) Tenured: 24832K(41392K)->24832K(41392K)
[2026-10-07T17:43:22.518+0000][274.951s][info][gc,metaspace   ] GC(115) Metaspace: 73998K(74752K)->73998K(74752K) NonClass: 64633K(65024K)->64633K(65024K) Class: 9364K(9728K)->9364K(9728K)
[2026-10-07T17:43:22.518+0000][274.951s][info][gc             ] GC(115) Pause Young (Allocation Failure) 41M->24M(58M) 7.561ms
[2026-10-07T17:43:22.518+0000][274.951s][info][gc,cpu         ] GC(115) User=0.01s Sys=0.00s Real=0.01s
[2026-10-07T17:43:25.635+0000][278.068s][info][gc,start       ] GC(116) Pause Young (Allocation Failure)
[2026-10-07T17:43:25.642+0000][278.075s][info][gc,heap        ] GC(116) DefNew: 17479K(18816K)->901K(18816K) Eden: 16768K(16768K)->0K(16768K) From: 711K(2048K)->901K(2048K)
[2026-10-07T17:43:25.642+0000][278.075s][info][gc,heap        ] GC(116) Tenured: 24832K(41392K)->24832K(41392K)
[2026-10-07T17:43:25.642+0000][278.075s][info][gc,metaspace   ] GC(116) Metaspace: 73999K(74752K)->73999K(74752K) NonClass: 64633K(65024K)->64633K(65024K) Class: 9366K(9728K)->9366K(9728K)
[2026-10-07T17:43:25.642+0000][278.075s][info][gc             ] GC(116) Pause Young (Allocation Failure) 41M->25M(58M) 7.217ms
[2026-10-07T17:43:25.642+0000][278.075s][info][gc,cpu         ] GC(116) User=0.01s Sys=0.00s Real=0.00s
[2026-10-07T17:43:28.731+0000][281.164s][info][gc,start       ] GC(117) Pause Young (Allocation Failure)
[2026-10-07T17:43:28.739+0000][281.173s][info][gc,heap        ] GC(117) DefNew: 17669K(18816K)->990K(18816K) Eden: 16768K(16768K)->0K(16768K) From: 901K(2048K)->990K(2048K)
[2026-10-07T17:43:28.740+0000][281.173s][info][gc,heap        ] GC(117) Tenured: 24832K(41392K)->24832K(41392K)
[2026-10-07T17:43:28.740+0000][281.173s][info][gc,metaspace   ] GC(117) Metaspace: 74001K(74752K)->74001K(74752K) NonClass: 64635K(65024K)->64635K(65024K) Class: 9366K(9728K)->9366K(9728K)
[2026-10-07T17:43:28.740+0000][281.173s][info][gc             ] GC(117) Pause Young (Allocation Failure) 41M->25M(58M) 8.934ms
[2026-10-07T17:43:28.740+0000][281.173s][info][gc,cpu         ] GC(117) User=0.00s Sys=0.00s Real=0.01s
[2026-10-07T17:43:31.828+0000][284.261s][info][gc,start       ] GC(118) Pause Young (Allocation Failure)
[2026-10-07T17:43:31.836+0000][284.269s][info][gc,heap        ] GC(118) DefNew: 17758K(18816K)->1122K(18816K) Eden: 16768K(16768K)->0K(16768K) From: 990K(2048K)->1122K(2048K)
[2026-10-07T17:43:31.836+0000][284.269s][info][gc,heap        ] GC(118) Tenured: 24832K(41392K)->24832K(41392K)
[2026-10-07T17:43:31.836+0000][284.270s][info][gc,metaspace   ] GC(118) Metaspace: 74004K(74752K)->74004K(74752K) NonClass: 64637K(65024K)->64637K(65024K) Class: 9366K(9728K)->9366K(9728K)
[2026-10-07T17:43:31.836+0000][284.270s][info][gc             ] GC(118) Pause Young (Allocation Failure) 41M->25M(58M) 8.711ms
[2026-10-07T17:43:31.837+0000][284.270s][info][gc,cpu         ] GC(118) User=0.00s Sys=0.01s Real=0.01s
[2026-10-07T17:43:35.153+0000][287.586s][info][gc,start       ] GC(119) Pause Young (Allocation Failure)
[2026-10-07T17:43:35.163+0000][287.597s][info][gc,heap        ] GC(119) DefNew: 17890K(18816K)->1011K(18816K) Eden: 16768K(16768K)->0K(16768K) From: 1122K(2048K)->1011K(2048K)
[2026-10-07T17:43:35.163+0000][287.597s][info][gc,heap        ] GC(119) Tenured: 24832K(41392K)->24980K(41392K)
[2026-10-07T17:43:35.163+0000][287.597s][info][gc,metaspace   ] GC(119) Metaspace: 74011K(74752K)->74011K(74752K) NonClass: 64645K(65024K)->64645K(65024K) Class: 9366K(9728K)->9366K(9728K)
[2026-10-07T17:43:35.163+0000][287.597s][info][gc             ] GC(119) Pause Young (Allocation Failure) 41M->25M(58M) 10.589ms
[2026-10-07T17:43:35.163+0000][287.597s][info][gc,cpu         ] GC(119) User=0.01s Sys=0.00s Real=0.01s
[2026-10-07T17:43:37.565+0000][289.998s][info][gc,start       ] GC(120) Pause Young (Allocation Failure)
[2026-10-07T17:43:37.574+0000][290.008s][info][gc,heap        ] GC(120) DefNew: 17779K(18816K)->2048K(18816K) Eden: 16768K(16768K)->0K(16768K) From: 1011K(2048K)->2048K(2048K)
[2026-10-07T17:43:37.574+0000][290.008s][info][gc,heap        ] GC(120) Tenured: 24980K(41392K)->25063K(41392K)
[2026-10-07T17:43:37.574+0000][290.008s][info][gc,metaspace   ] GC(120) Metaspace: 74148K(74880K)->74148K(74880K) NonClass: 64782K(65152K)->64782K(65152K) Class: 9366K(9728K)->9366K(9728K)
[2026-10-07T17:43:37.574+0000][290.008s][info][gc             ] GC(120) Pause Young (Allocation Failure) 41M->26M(58M) 9.776ms
[2026-10-07T17:43:37.575+0000][290.008s][info][gc,cpu         ] GC(120) User=0.01s Sys=0.00s Real=0.01s
[2026-10-07T17:43:40.111+0000][292.544s][info][gc,start       ] GC(121) Pause Young (Allocation Failure)
[2026-10-07T17:43:40.124+0000][292.558s][info][gc,heap        ] GC(121) DefNew: 18816K(18816K)->1525K(18816K) Eden: 16768K(16768K)->0K(16768K) From: 2048K(2048K)->1525K(2048K)
[2026-10-07T17:43:40.127+0000][292.560s][info][gc,heap        ] GC(121) Tenured: 25063K(41392K)->26689K(41392K)
[2026-10-07T17:43:40.127+0000][292.560s][info][gc,metaspace   ] GC(121) Metaspace: 74219K(74944K)->74219K(74944K) NonClass: 64852K(65216K)->64852K(65216K) Class: 9367K(9728K)->9367K(9728K)
[2026-10-07T17:43:40.127+0000][292.560s][info][gc             ] GC(121) Pause Young (Allocation Failure) 42M->27M(58M) 15.617ms
[2026-10-07T17:43:40.127+0000][292.560s][info][gc,cpu         ] GC(121) User=0.01s Sys=0.00s Real=0.02s
[2026-10-07T17:43:42.708+0000][295.141s][info][gc,start       ] GC(122) Pause Young (Allocation Failure)
[2026-10-07T17:43:42.721+0000][295.154s][info][gc,heap        ] GC(122) DefNew: 18293K(18816K)->863K(18816K) Eden: 16768K(16768K)->0K(16768K) From: 1525K(2048K)->863K(2048K)
[2026-10-07T17:43:42.724+0000][295.158s][info][gc,heap        ] GC(122) Tenured: 26689K(41392K)->27864K(41392K)
[2026-10-07T17:43:42.725+0000][295.158s][info][gc,metaspace   ] GC(122) Metaspace: 74223K(74944K)->74223K(74944K) NonClass: 64855K(65216K)->64855K(65216K) Class: 9367K(9728K)->9367K(9728K)
[2026-10-07T17:43:42.727+0000][295.160s][info][gc             ] GC(122) Pause Young (Allocation Failure) 43M->28M(58M) 18.785ms
[2026-10-07T17:43:42.727+0000][295.160s][info][gc,cpu         ] GC(122) User=0.02s Sys=0.00s Real=0.02s
[2026-10-07T17:43:45.692+0000][298.125s][info][gc,start       ] GC(123) Pause Young (Allocation Failure)
[2026-10-07T17:43:45.699+0000][298.132s][info][gc,heap        ] GC(123) DefNew: 17631K(18816K)->1379K(18816K) Eden: 16768K(16768K)->0K(16768K) From: 863K(2048K)->1379K(2048K)
[2026-10-07T17:43:45.699+0000][298.132s][info][gc,heap        ] GC(123) Tenured: 27864K(41392K)->27864K(41392K)
[2026-10-07T17:43:45.699+0000][298.132s][info][gc,metaspace   ] GC(123) Metaspace: 74224K(74944K)->74224K(74944K) NonClass: 64857K(65216K)->64857K(65216K) Class: 9367K(9728K)->9367K(9728K)
[2026-10-07T17:43:45.700+0000][298.133s][info][gc             ] GC(123) Pause Young (Allocation Failure) 44M->28M(58M) 7.777ms
[2026-10-07T17:43:45.700+0000][298.133s][info][gc,cpu         ] GC(123) User=0.00s Sys=0.00s Real=0.01s
[2026-10-07T17:43:48.785+0000][301.219s][info][gc,start       ] GC(124) Pause Young (Allocation Failure)
[2026-10-07T17:43:48.803+0000][301.237s][info][gc,heap        ] GC(124) DefNew: 18147K(18816K)->1132K(18816K) Eden: 16768K(16768K)->0K(16768K) From: 1379K(2048K)->1132K(2048K)
[2026-10-07T17:43:48.804+0000][301.237s][info][gc,heap        ] GC(124) Tenured: 27864K(41392K)->28346K(41392K)
[2026-10-07T17:43:48.804+0000][301.237s][info][gc,metaspace   ] GC(124) Metaspace: 74234K(74944K)->74234K(74944K) NonClass: 64867K(65216K)->64867K(65216K) Class: 9367K(9728K)->9367K(9728K)
[2026-10-07T17:43:48.804+0000][301.237s][info][gc             ] GC(124) Pause Young (Allocation Failure) 44M->28M(58M) 18.449ms
[2026-10-07T17:43:48.804+0000][301.237s][info][gc,cpu         ] GC(124) User=0.01s Sys=0.01s Real=0.02s
[2026-10-07T17:43:51.811+0000][304.244s][info][gc,start       ] GC(125) Pause Young (Allocation Failure)
[2026-10-07T17:43:51.819+0000][304.253s][info][gc,heap        ] GC(125) DefNew: 17899K(18816K)->935K(18816K) Eden: 16767K(16768K)->0K(16768K) From: 1132K(2048K)->935K(2048K)
[2026-10-07T17:43:51.819+0000][304.253s][info][gc,heap        ] GC(125) Tenured: 28346K(41392K)->28805K(41392K)
[2026-10-07T17:43:51.819+0000][304.253s][info][gc,metaspace   ] GC(125) Metaspace: 74239K(74944K)->74239K(74944K) NonClass: 64870K(65216K)->64870K(65216K) Class: 9368K(9728K)->9368K(9728K)
[2026-10-07T17:43:51.819+0000][304.253s][info][gc             ] GC(125) Pause Young (Allocation Failure) 45M->29M(58M) 8.341ms
[2026-10-07T17:43:51.819+0000][304.253s][info][gc,cpu         ] GC(125) User=0.00s Sys=0.00s Real=0.01s
[2026-10-07T17:43:54.777+0000][307.210s][info][gc,start       ] GC(126) Pause Young (Allocation Failure)
[2026-10-07T17:43:54.784+0000][307.217s][info][gc,heap        ] GC(126) DefNew: 17703K(18816K)->1069K(18816K) Eden: 16768K(16768K)->0K(16768K) From: 935K(2048K)->1069K(2048K)
[2026-10-07T17:43:54.784+0000][307.217s][info][gc,heap        ] GC(126) Tenured: 28805K(41392K)->28805K(41392K)
[2026-10-07T17:43:54.784+0000][307.217s][info][gc,metaspace   ] GC(126) Metaspace: 74249K(75072K)->74249K(75072K) NonClass: 64881K(65344K)->64881K(65344K) Class: 9368K(9728K)->9368K(9728K)
[2026-10-07T17:43:54.784+0000][307.217s][info][gc             ] GC(126) Pause Young (Allocation Failure) 45M->29M(58M) 6.476ms
[2026-10-07T17:43:54.784+0000][307.217s][info][gc,cpu         ] GC(126) User=0.01s Sys=0.00s Real=0.01s
[2026-10-07T17:43:57.727+0000][310.160s][info][gc,start       ] GC(127) Pause Young (Allocation Failure)
[2026-10-07T17:43:57.736+0000][310.170s][info][gc,heap        ] GC(127) DefNew: 17837K(18816K)->1036K(18816K) Eden: 16768K(16768K)->0K(16768K) From: 1069K(2048K)->1036K(2048K)
[2026-10-07T17:43:57.736+0000][310.170s][info][gc,heap        ] GC(127) Tenured: 28805K(41392K)->29079K(41392K)
[2026-10-07T17:43:57.736+0000][310.170s][info][gc,metaspace   ] GC(127) Metaspace: 74251K(75072K)->74251K(75072K) NonClass: 64882K(65344K)->64882K(65344K) Class: 9368K(9728K)->9368K(9728K)
[2026-10-07T17:43:57.736+0000][310.170s][info][gc             ] GC(127) Pause Young (Allocation Failure) 45M->29M(58M) 9.228ms
[2026-10-07T17:43:57.736+0000][310.170s][info][gc,cpu         ] GC(127) User=0.01s Sys=0.00s Real=0.01s
[2026-10-07T17:44:00.859+0000][313.292s][info][gc,start       ] GC(128) Pause Young (Allocation Failure)
[2026-10-07T17:44:00.868+0000][313.301s][info][gc,heap        ] GC(128) DefNew: 17804K(18816K)->758K(18816K) Eden: 16768K(16768K)->0K(16768K) From: 1036K(2048K)->758K(2048K)
[2026-10-07T17:44:00.868+0000][313.301s][info][gc,heap        ] GC(128) Tenured: 29079K(41392K)->29301K(41392K)
[2026-10-07T17:44:00.868+0000][313.301s][info][gc,metaspace   ] GC(128) Metaspace: 74264K(75072K)->74264K(75072K) NonClass: 64896K(65344K)->64896K(65344K) Class: 9368K(9728K)->9368K(9728K)
[2026-10-07T17:44:00.868+0000][313.301s][info][gc             ] GC(128) Pause Young (Allocation Failure) 45M->29M(58M) 9.363ms
[2026-10-07T17:44:00.868+0000][313.301s][info][gc,cpu         ] GC(128) User=0.01s Sys=0.00s Real=0.01s
[2026-10-07T17:44:03.883+0000][316.316s][info][gc,start       ] GC(129) Pause Young (Allocation Failure)
[2026-10-07T17:44:03.892+0000][316.325s][info][gc,heap        ] GC(129) DefNew: 17526K(18816K)->868K(18816K) Eden: 16768K(16768K)->0K(16768K) From: 758K(2048K)->868K(2048K)
[2026-10-07T17:44:03.892+0000][316.325s][info][gc,heap        ] GC(129) Tenured: 29301K(41392K)->29301K(41392K)
[2026-10-07T17:44:03.892+0000][316.325s][info][gc,metaspace   ] GC(129) Metaspace: 74267K(75072K)->74267K(75072K) NonClass: 64898K(65344K)->64898K(65344K) Class: 9368K(9728K)->9368K(9728K)
[2026-10-07T17:44:03.892+0000][316.325s][info][gc             ] GC(129) Pause Young (Allocation Failure) 45M->29M(58M) 8.801ms
[2026-10-07T17:44:03.892+0000][316.326s][info][gc,cpu         ] GC(129) User=0.00s Sys=0.00s Real=0.01s
[2026-10-07T17:44:06.906+0000][319.339s][info][gc,start       ] GC(130) Pause Young (Allocation Failure)
[2026-10-07T17:44:06.912+0000][319.345s][info][gc,heap        ] GC(130) DefNew: 17636K(18816K)->958K(18816K) Eden: 16768K(16768K)->0K(16768K) From: 868K(2048K)->958K(2048K)
[2026-10-07T17:44:06.912+0000][319.346s][info][gc,heap        ] GC(130) Tenured: 29301K(41392K)->29301K(41392K)
[2026-10-07T17:44:06.912+0000][319.346s][info][gc,metaspace   ] GC(130) Metaspace: 74271K(75072K)->74271K(75072K) NonClass: 64903K(65344K)->64903K(65344K) Class: 9368K(9728K)->9368K(9728K)
[2026-10-07T17:44:06.912+0000][319.346s][info][gc             ] GC(130) Pause Young (Allocation Failure) 45M->29M(58M) 6.653ms
[2026-10-07T17:44:06.912+0000][319.346s][info][gc,cpu         ] GC(130) User=0.01s Sys=0.00s Real=0.00s
[2026-10-07T17:44:09.907+0000][322.340s][info][gc,start       ] GC(131) Pause Young (Allocation Failure)
[2026-10-07T17:44:09.915+0000][322.348s][info][gc,heap        ] GC(131) DefNew: 17726K(18816K)->1026K(18816K) Eden: 16768K(16768K)->0K(16768K) From: 958K(2048K)->1026K(2048K)
[2026-10-07T17:44:09.915+0000][322.348s][info][gc,heap        ] GC(131) Tenured: 29301K(41392K)->29301K(41392K)
[2026-10-07T17:44:09.915+0000][322.348s][info][gc,metaspace   ] GC(131) Metaspace: 74275K(75072K)->74275K(75072K) NonClass: 64907K(65344K)->64907K(65344K) Class: 9368K(9728K)->9368K(9728K)
[2026-10-07T17:44:09.915+0000][322.348s][info][gc             ] GC(131) Pause Young (Allocation Failure) 45M->29M(58M) 8.354ms
[2026-10-07T17:44:09.915+0000][322.348s][info][gc,cpu         ] GC(131) User=0.01s Sys=0.00s Real=0.01s
[2026-10-07T17:44:13.123+0000][325.556s][info][gc,start       ] GC(132) Pause Young (Allocation Failure)
[2026-10-07T17:44:13.130+0000][325.563s][info][gc,heap        ] GC(132) DefNew: 17794K(18816K)->825K(18816K) Eden: 16768K(16768K)->0K(16768K) From: 1026K(2048K)->825K(2048K)
[2026-10-07T17:44:13.130+0000][325.563s][info][gc,heap        ] GC(132) Tenured: 29301K(41392K)->29465K(41392K)
[2026-10-07T17:44:13.130+0000][325.563s][info][gc,metaspace   ] GC(132) Metaspace: 74307K(75136K)->74307K(75136K) NonClass: 64932K(65408K)->64932K(65408K) Class: 9374K(9728K)->9374K(9728K)
[2026-10-07T17:44:13.130+0000][325.564s][info][gc             ] GC(132) Pause Young (Allocation Failure) 45M->29M(58M) 7.235ms
[2026-10-07T17:44:13.130+0000][325.564s][info][gc,cpu         ] GC(132) User=0.01s Sys=0.00s Real=0.01s
[2026-10-07T17:44:16.219+0000][328.653s][info][gc,start       ] GC(133) Pause Young (Allocation Failure)
[2026-10-07T17:44:16.225+0000][328.659s][info][gc,heap        ] GC(133) DefNew: 17593K(18816K)->976K(18816K) Eden: 16768K(16768K)->0K(16768K) From: 825K(2048K)->976K(2048K)
[2026-10-07T17:44:16.226+0000][328.659s][info][gc,heap        ] GC(133) Tenured: 29465K(41392K)->29465K(41392K)
[2026-10-07T17:44:16.226+0000][328.659s][info][gc,metaspace   ] GC(133) Metaspace: 74315K(75136K)->74315K(75136K) NonClass: 64940K(65408K)->64940K(65408K) Class: 9374K(9728K)->9374K(9728K)
[2026-10-07T17:44:16.226+0000][328.659s][info][gc             ] GC(133) Pause Young (Allocation Failure) 45M->29M(58M) 6.282ms
[2026-10-07T17:44:16.226+0000][328.659s][info][gc,cpu         ] GC(133) User=0.01s Sys=0.00s Real=0.01s
[2026-10-07T17:44:19.411+0000][331.844s][info][gc,start       ] GC(134) Pause Young (Allocation Failure)
[2026-10-07T17:44:19.418+0000][331.851s][info][gc,heap        ] GC(134) DefNew: 17744K(18816K)->940K(18816K) Eden: 16768K(16768K)->0K(16768K) From: 976K(2048K)->940K(2048K)
[2026-10-07T17:44:19.418+0000][331.851s][info][gc,heap        ] GC(134) Tenured: 29465K(41392K)->29465K(41392K)
[2026-10-07T17:44:19.418+0000][331.851s][info][gc,metaspace   ] GC(134) Metaspace: 74318K(75136K)->74318K(75136K) NonClass: 64943K(65408K)->64943K(65408K) Class: 9374K(9728K)->9374K(9728K)
[2026-10-07T17:44:19.418+0000][331.852s][info][gc             ] GC(134) Pause Young (Allocation Failure) 46M->29M(58M) 7.445ms
[2026-10-07T17:44:19.418+0000][331.852s][info][gc,cpu         ] GC(134) User=0.01s Sys=0.00s Real=0.01s
[2026-10-07T17:44:22.289+0000][334.723s][info][gc,start       ] GC(135) Pause Young (Allocation Failure)
[2026-10-07T17:44:22.302+0000][334.735s][info][gc,heap        ] GC(135) DefNew: 17708K(18816K)->1008K(18816K) Eden: 16768K(16768K)->0K(16768K) From: 940K(2048K)->1008K(2048K)
[2026-10-07T17:44:22.303+0000][334.736s][info][gc,heap        ] GC(135) Tenured: 29465K(41392K)->29465K(41392K)
[2026-10-07T17:44:22.303+0000][334.736s][info][gc,metaspace   ] GC(135) Metaspace: 74322K(75136K)->74322K(75136K) NonClass: 64947K(65408K)->64947K(65408K) Class: 9374K(9728K)->9374K(9728K)
[2026-10-07T17:44:22.303+0000][334.737s][info][gc             ] GC(135) Pause Young (Allocation Failure) 46M->29M(58M) 13.859ms
[2026-10-07T17:44:22.303+0000][334.737s][info][gc,cpu         ] GC(135) User=0.01s Sys=0.00s Real=0.01s
[2026-10-07T17:44:25.343+0000][337.776s][info][gc,start       ] GC(136) Pause Young (Allocation Failure)
[2026-10-07T17:44:25.350+0000][337.784s][info][gc,heap        ] GC(136) DefNew: 17776K(18816K)->1049K(18816K) Eden: 16768K(16768K)->0K(16768K) From: 1008K(2048K)->1049K(2048K)
[2026-10-07T17:44:25.350+0000][337.784s][info][gc,heap        ] GC(136) Tenured: 29465K(41392K)->29465K(41392K)
[2026-10-07T17:44:25.350+0000][337.784s][info][gc,metaspace   ] GC(136) Metaspace: 74327K(75136K)->74327K(75136K) NonClass: 64953K(65408K)->64953K(65408K) Class: 9374K(9728K)->9374K(9728K)
[2026-10-07T17:44:25.351+0000][337.784s][info][gc             ] GC(136) Pause Young (Allocation Failure) 46M->29M(58M) 7.866ms
[2026-10-07T17:44:25.351+0000][337.784s][info][gc,cpu         ] GC(136) User=0.00s Sys=0.00s Real=0.01s
[2026-10-07T17:44:28.358+0000][340.792s][info][gc,start       ] GC(137) Pause Young (Allocation Failure)
[2026-10-07T17:44:28.366+0000][340.799s][info][gc,heap        ] GC(137) DefNew: 17817K(18816K)->956K(18816K) Eden: 16768K(16768K)->0K(16768K) From: 1049K(2048K)->956K(2048K)
[2026-10-07T17:44:28.366+0000][340.799s][info][gc,heap        ] GC(137) Tenured: 29465K(41392K)->29548K(41392K)
[2026-10-07T17:44:28.366+0000][340.799s][info][gc,metaspace   ] GC(137) Metaspace: 74327K(75136K)->74327K(75136K) NonClass: 64953K(65408K)->64953K(65408K) Class: 9374K(9728K)->9374K(9728K)
[2026-10-07T17:44:28.366+0000][340.799s][info][gc             ] GC(137) Pause Young (Allocation Failure) 46M->29M(58M) 7.460ms
[2026-10-07T17:44:28.366+0000][340.799s][info][gc,cpu         ] GC(137) User=0.01s Sys=0.00s Real=0.01s
[2026-10-07T17:44:31.346+0000][343.779s][info][gc,start       ] GC(138) Pause Young (Allocation Failure)
[2026-10-07T17:44:31.353+0000][343.786s][info][gc,heap        ] GC(138) DefNew: 17724K(18816K)->1072K(18816K) Eden: 16768K(16768K)->0K(16768K) From: 956K(2048K)->1072K(2048K)
[2026-10-07T17:44:31.353+0000][343.786s][info][gc,heap        ] GC(138) Tenured: 29548K(41392K)->29548K(41392K)
[2026-10-07T17:44:31.353+0000][343.786s][info][gc,metaspace   ] GC(138) Metaspace: 74332K(75136K)->74332K(75136K) NonClass: 64957K(65408K)->64957K(65408K) Class: 9374K(9728K)->9374K(9728K)
[2026-10-07T17:44:31.353+0000][343.786s][info][gc             ] GC(138) Pause Young (Allocation Failure) 46M->29M(58M) 7.352ms
[2026-10-07T17:44:31.353+0000][343.786s][info][gc,cpu         ] GC(138) User=0.01s Sys=0.00s Real=0.00s
[2026-10-07T17:44:34.719+0000][347.152s][info][gc,start       ] GC(139) Pause Young (Allocation Failure)
[2026-10-07T17:44:34.725+0000][347.159s][info][gc,heap        ] GC(139) DefNew: 17840K(18816K)->925K(18816K) Eden: 16768K(16768K)->0K(16768K) From: 1072K(2048K)->925K(2048K)
[2026-10-07T17:44:34.725+0000][347.159s][info][gc,heap        ] GC(139) Tenured: 29548K(41392K)->29632K(41392K)
[2026-10-07T17:44:34.725+0000][347.159s][info][gc,metaspace   ] GC(139) Metaspace: 74338K(75136K)->74338K(75136K) NonClass: 64963K(65408K)->64963K(65408K) Class: 9374K(9728K)->9374K(9728K)
[2026-10-07T17:44:34.725+0000][347.159s][info][gc             ] GC(139) Pause Young (Allocation Failure) 46M->29M(58M) 6.639ms
[2026-10-07T17:44:34.725+0000][347.159s][info][gc,cpu         ] GC(139) User=0.00s Sys=0.00s Real=0.01s
[2026-10-07T17:44:37.742+0000][350.175s][info][gc,start       ] GC(140) Pause Young (Allocation Failure)
[2026-10-07T17:44:37.749+0000][350.182s][info][gc,heap        ] GC(140) DefNew: 17693K(18816K)->1032K(18816K) Eden: 16768K(16768K)->0K(16768K) From: 925K(2048K)->1032K(2048K)
[2026-10-07T17:44:37.749+0000][350.182s][info][gc,heap        ] GC(140) Tenured: 29632K(41392K)->29632K(41392K)
[2026-10-07T17:44:37.749+0000][350.182s][info][gc,metaspace   ] GC(140) Metaspace: 74344K(75136K)->74344K(75136K) NonClass: 64969K(65408K)->64969K(65408K) Class: 9374K(9728K)->9374K(9728K)
[2026-10-07T17:44:37.749+0000][350.182s][info][gc             ] GC(140) Pause Young (Allocation Failure) 46M->29M(58M) 7.146ms
[2026-10-07T17:44:37.749+0000][350.182s][info][gc,cpu         ] GC(140) User=0.01s Sys=0.00s Real=0.01s
[2026-10-07T17:44:40.705+0000][353.138s][info][gc,start       ] GC(141) Pause Young (Allocation Failure)
[2026-10-07T17:44:40.713+0000][353.146s][info][gc,heap        ] GC(141) DefNew: 17800K(18816K)->961K(18816K) Eden: 16768K(16768K)->0K(16768K) From: 1032K(2048K)->961K(2048K)
[2026-10-07T17:44:40.713+0000][353.146s][info][gc,heap        ] GC(141) Tenured: 29632K(41392K)->29748K(41392K)
[2026-10-07T17:44:40.713+0000][353.146s][info][gc,metaspace   ] GC(141) Metaspace: 74345K(75136K)->74345K(75136K) NonClass: 64970K(65408K)->64970K(65408K) Class: 9374K(9728K)->9374K(9728K)
[2026-10-07T17:44:40.713+0000][353.146s][info][gc             ] GC(141) Pause Young (Allocation Failure) 46M->29M(58M) 7.948ms
[2026-10-07T17:44:40.713+0000][353.146s][info][gc,cpu         ] GC(141) User=0.01s Sys=0.00s Real=0.00s
[2026-10-07T17:44:43.740+0000][356.174s][info][gc,start       ] GC(142) Pause Young (Allocation Failure)
[2026-10-07T17:44:43.751+0000][356.184s][info][gc,heap        ] GC(142) DefNew: 17729K(18816K)->960K(18816K) Eden: 16768K(16768K)->0K(16768K) From: 961K(2048K)->960K(2048K)
[2026-10-07T17:44:43.751+0000][356.184s][info][gc,heap        ] GC(142) Tenured: 29748K(41392K)->29748K(41392K)
[2026-10-07T17:44:43.751+0000][356.184s][info][gc,metaspace   ] GC(142) Metaspace: 74348K(75136K)->74348K(75136K) NonClass: 64974K(65408K)->64974K(65408K) Class: 9374K(9728K)->9374K(9728K)
[2026-10-07T17:44:43.751+0000][356.184s][info][gc             ] GC(142) Pause Young (Allocation Failure) 46M->29M(58M) 10.907ms
[2026-10-07T17:44:43.751+0000][356.184s][info][gc,cpu         ] GC(142) User=0.01s Sys=0.00s Real=0.01s
[2026-10-07T17:44:46.920+0000][359.353s][info][gc,start       ] GC(143) Pause Young (Allocation Failure)
[2026-10-07T17:44:46.927+0000][359.361s][info][gc,heap        ] GC(143) DefNew: 17728K(18816K)->1008K(18816K) Eden: 16768K(16768K)->0K(16768K) From: 960K(2048K)->1008K(2048K)
[2026-10-07T17:44:46.927+0000][359.361s][info][gc,heap        ] GC(143) Tenured: 29748K(41392K)->29748K(41392K)
[2026-10-07T17:44:46.927+0000][359.361s][info][gc,metaspace   ] GC(143) Metaspace: 74353K(75136K)->74353K(75136K) NonClass: 64979K(65408K)->64979K(65408K) Class: 9374K(9728K)->9374K(9728K)
[2026-10-07T17:44:46.928+0000][359.361s][info][gc             ] GC(143) Pause Young (Allocation Failure) 46M->30M(58M) 7.320ms
[2026-10-07T17:44:46.928+0000][359.361s][info][gc,cpu         ] GC(143) User=0.01s Sys=0.00s Real=0.01s
[2026-10-07T17:44:50.125+0000][362.558s][info][gc,start       ] GC(144) Pause Young (Allocation Failure)
[2026-10-07T17:44:50.132+0000][362.565s][info][gc,heap        ] GC(144) DefNew: 17776K(18816K)->1032K(18816K) Eden: 16768K(16768K)->0K(16768K) From: 1008K(2048K)->1032K(2048K)
[2026-10-07T17:44:50.132+0000][362.565s][info][gc,heap        ] GC(144) Tenured: 29748K(41392K)->29748K(41392K)
[2026-10-07T17:44:50.132+0000][362.565s][info][gc,metaspace   ] GC(144) Metaspace: 74356K(75136K)->74356K(75136K) NonClass: 64981K(65408K)->64981K(65408K) Class: 9374K(9728K)->9374K(9728K)
[2026-10-07T17:44:50.132+0000][362.566s][info][gc             ] GC(144) Pause Young (Allocation Failure) 46M->30M(58M) 7.804ms
[2026-10-07T17:44:50.132+0000][362.566s][info][gc,cpu         ] GC(144) User=0.00s Sys=0.00s Real=0.00s
[2026-10-07T17:44:53.010+0000][365.443s][info][gc,start       ] GC(145) Pause Young (Allocation Failure)
[2026-10-07T17:44:53.018+0000][365.451s][info][gc,heap        ] GC(145) DefNew: 17800K(18816K)->940K(18816K) Eden: 16768K(16768K)->0K(16768K) From: 1032K(2048K)->940K(2048K)
[2026-10-07T17:44:53.018+0000][365.451s][info][gc,heap        ] GC(145) Tenured: 29748K(41392K)->29821K(41392K)
[2026-10-07T17:44:53.018+0000][365.451s][info][gc,metaspace   ] GC(145) Metaspace: 74357K(75136K)->74357K(75136K) NonClass: 64983K(65408K)->64983K(65408K) Class: 9374K(9728K)->9374K(9728K)
[2026-10-07T17:44:53.018+0000][365.451s][info][gc             ] GC(145) Pause Young (Allocation Failure) 46M->30M(58M) 8.149ms
[2026-10-07T17:44:53.018+0000][365.452s][info][gc,cpu         ] GC(145) User=0.01s Sys=0.00s Real=0.01s
[2026-10-07T17:44:56.067+0000][368.500s][info][gc,start       ] GC(146) Pause Young (Allocation Failure)
[2026-10-07T17:44:56.075+0000][368.508s][info][gc,heap        ] GC(146) DefNew: 17708K(18816K)->1004K(18816K) Eden: 16768K(16768K)->0K(16768K) From: 940K(2048K)->1004K(2048K)
[2026-10-07T17:44:56.075+0000][368.509s][info][gc,heap        ] GC(146) Tenured: 29821K(41392K)->29870K(41392K)
[2026-10-07T17:44:56.075+0000][368.509s][info][gc,metaspace   ] GC(146) Metaspace: 74358K(75136K)->74358K(75136K) NonClass: 64983K(65408K)->64983K(65408K) Class: 9374K(9728K)->9374K(9728K)
[2026-10-07T17:44:56.075+0000][368.509s][info][gc             ] GC(146) Pause Young (Allocation Failure) 46M->30M(58M) 8.635ms
[2026-10-07T17:44:56.075+0000][368.509s][info][gc,cpu         ] GC(146) User=0.01s Sys=0.00s Real=0.01s
[2026-10-07T17:44:59.437+0000][371.870s][info][gc,start       ] GC(147) Pause Young (Allocation Failure)
[2026-10-07T17:44:59.444+0000][371.877s][info][gc,heap        ] GC(147) DefNew: 17772K(18816K)->955K(18816K) Eden: 16768K(16768K)->0K(16768K) From: 1004K(2048K)->955K(2048K)
[2026-10-07T17:44:59.444+0000][371.877s][info][gc,heap        ] GC(147) Tenured: 29870K(41392K)->29914K(41392K)
[2026-10-07T17:44:59.444+0000][371.877s][info][gc,metaspace   ] GC(147) Metaspace: 74358K(75136K)->74358K(75136K) NonClass: 64983K(65408K)->64983K(65408K) Class: 9374K(9728K)->9374K(9728K)
[2026-10-07T17:44:59.444+0000][371.877s][info][gc             ] GC(147) Pause Young (Allocation Failure) 46M->30M(58M) 7.060ms
[2026-10-07T17:44:59.444+0000][371.877s][info][gc,cpu         ] GC(147) User=0.00s Sys=0.00s Real=0.01s
[2026-10-07T17:45:02.587+0000][375.020s][info][gc,start       ] GC(148) Pause Young (Allocation Failure)
[2026-10-07T17:45:02.594+0000][375.027s][info][gc,heap        ] GC(148) DefNew: 17723K(18816K)->1020K(18816K) Eden: 16768K(16768K)->0K(16768K) From: 955K(2048K)->1020K(2048K)
[2026-10-07T17:45:02.594+0000][375.027s][info][gc,heap        ] GC(148) Tenured: 29914K(41392K)->29962K(41392K)
[2026-10-07T17:45:02.594+0000][375.027s][info][gc,metaspace   ] GC(148) Metaspace: 74358K(75136K)->74358K(75136K) NonClass: 64983K(65408K)->64983K(65408K) Class: 9374K(9728K)->9374K(9728K)
[2026-10-07T17:45:02.594+0000][375.028s][info][gc             ] GC(148) Pause Young (Allocation Failure) 46M->30M(58M) 7.600ms
[2026-10-07T17:45:02.594+0000][375.028s][info][gc,cpu         ] GC(148) User=0.01s Sys=0.00s Real=0.01s
[2026-10-07T17:45:05.413+0000][377.846s][info][gc,start       ] GC(149) Pause Young (Allocation Failure)
[2026-10-07T17:45:05.420+0000][377.853s][info][gc,heap        ] GC(149) DefNew: 17788K(18816K)->1039K(18816K) Eden: 16768K(16768K)->0K(16768K) From: 1020K(2048K)->1039K(2048K)
[2026-10-07T17:45:05.420+0000][377.853s][info][gc,heap        ] GC(149) Tenured: 29962K(41392K)->29993K(41392K)
[2026-10-07T17:45:05.420+0000][377.853s][info][gc,metaspace   ] GC(149) Metaspace: 74360K(75136K)->74360K(75136K) NonClass: 64986K(65408K)->64986K(65408K) Class: 9374K(9728K)->9374K(9728K)
[2026-10-07T17:45:05.420+0000][377.853s][info][gc             ] GC(149) Pause Young (Allocation Failure) 46M->30M(58M) 7.388ms
[2026-10-07T17:45:05.420+0000][377.853s][info][gc,cpu         ] GC(149) User=0.00s Sys=0.00s Real=0.01s
[2026-10-07T17:45:08.433+0000][380.867s][info][gc,start       ] GC(150) Pause Young (Allocation Failure)
[2026-10-07T17:45:08.442+0000][380.875s][info][gc,heap        ] GC(150) DefNew: 17807K(18816K)->952K(18816K) Eden: 16768K(16768K)->0K(16768K) From: 1039K(2048K)->952K(2048K)
[2026-10-07T17:45:08.442+0000][380.875s][info][gc,heap        ] GC(150) Tenured: 29993K(41392K)->30023K(41392K)
[2026-10-07T17:45:08.442+0000][380.875s][info][gc,metaspace   ] GC(150) Metaspace: 74368K(75136K)->74368K(75136K) NonClass: 64993K(65408K)->64993K(65408K) Class: 9374K(9728K)->9374K(9728K)
[2026-10-07T17:45:08.442+0000][380.875s][info][gc             ] GC(150) Pause Young (Allocation Failure) 46M->30M(58M) 8.548ms
[2026-10-07T17:45:08.442+0000][380.875s][info][gc,cpu         ] GC(150) User=0.00s Sys=0.00s Real=0.01s
[2026-10-07T17:45:11.447+0000][383.880s][info][gc,start       ] GC(151) Pause Young (Allocation Failure)
[2026-10-07T17:45:11.469+0000][383.902s][info][gc,heap        ] GC(151) DefNew: 17720K(18816K)->1031K(18816K) Eden: 16768K(16768K)->0K(16768K) From: 952K(2048K)->1031K(2048K)
[2026-10-07T17:45:11.469+0000][383.902s][info][gc,heap        ] GC(151) Tenured: 30023K(41392K)->30056K(41392K)
[2026-10-07T17:45:11.469+0000][383.902s][info][gc,metaspace   ] GC(151) Metaspace: 74369K(75136K)->74369K(75136K) NonClass: 64994K(65408K)->64994K(65408K) Class: 9374K(9728K)->9374K(9728K)
[2026-10-07T17:45:11.469+0000][383.902s][info][gc             ] GC(151) Pause Young (Allocation Failure) 46M->30M(58M) 21.903ms
[2026-10-07T17:45:11.469+0000][383.902s][info][gc,cpu         ] GC(151) User=0.01s Sys=0.00s Real=0.02s
[2026-10-07T17:45:14.433+0000][386.866s][info][gc,start       ] GC(152) Pause Young (Allocation Failure)
[2026-10-07T17:45:14.441+0000][386.874s][info][gc,heap        ] GC(152) DefNew: 17799K(18816K)->1041K(18816K) Eden: 16768K(16768K)->0K(16768K) From: 1031K(2048K)->1041K(2048K)
[2026-10-07T17:45:14.441+0000][386.874s][info][gc,heap        ] GC(152) Tenured: 30056K(41392K)->30088K(41392K)
[2026-10-07T17:45:14.441+0000][386.874s][info][gc,metaspace   ] GC(152) Metaspace: 74370K(75136K)->74370K(75136K) NonClass: 64995K(65408K)->64995K(65408K) Class: 9374K(9728K)->9374K(9728K)
[2026-10-07T17:45:14.441+0000][386.874s][info][gc             ] GC(152) Pause Young (Allocation Failure) 46M->30M(58M) 8.004ms
[2026-10-07T17:45:14.441+0000][386.874s][info][gc,cpu         ] GC(152) User=0.00s Sys=0.00s Real=0.01s
[2026-10-07T17:45:17.251+0000][389.684s][info][gc,start       ] GC(153) Pause Young (Allocation Failure)
[2026-10-07T17:45:17.258+0000][389.691s][info][gc,heap        ] GC(153) DefNew: 17809K(18816K)->1106K(18816K) Eden: 16768K(16768K)->0K(16768K) From: 1041K(2048K)->1106K(2048K)
[2026-10-07T17:45:17.258+0000][389.691s][info][gc,heap        ] GC(153) Tenured: 30088K(41392K)->30121K(41392K)
[2026-10-07T17:45:17.258+0000][389.691s][info][gc,metaspace   ] GC(153) Metaspace: 74372K(75136K)->74372K(75136K) NonClass: 64998K(65408K)->64998K(65408K) Class: 9374K(9728K)->9374K(9728K)
[2026-10-07T17:45:17.258+0000][389.691s][info][gc             ] GC(153) Pause Young (Allocation Failure) 46M->30M(58M) 7.200ms
[2026-10-07T17:45:17.258+0000][389.691s][info][gc,cpu         ] GC(153) User=0.01s Sys=0.00s Real=0.01s
[2026-10-07T17:45:20.373+0000][392.806s][info][gc,start       ] GC(154) Pause Young (Allocation Failure)
[2026-10-07T17:45:20.380+0000][392.813s][info][gc,heap        ] GC(154) DefNew: 17874K(18816K)->966K(18816K) Eden: 16768K(16768K)->0K(16768K) From: 1106K(2048K)->966K(2048K)
[2026-10-07T17:45:20.380+0000][392.813s][info][gc,heap        ] GC(154) Tenured: 30121K(41392K)->30226K(41392K)
[2026-10-07T17:45:20.380+0000][392.813s][info][gc,metaspace   ] GC(154) Metaspace: 74381K(75136K)->74381K(75136K) NonClass: 65006K(65408K)->65006K(65408K) Class: 9375K(9728K)->9375K(9728K)
[2026-10-07T17:45:20.380+0000][392.813s][info][gc             ] GC(154) Pause Young (Allocation Failure) 46M->30M(58M) 7.142ms
[2026-10-07T17:45:20.380+0000][392.813s][info][gc,cpu         ] GC(154) User=0.00s Sys=0.00s Real=0.01s
[2026-10-07T17:45:23.549+0000][395.982s][info][gc,start       ] GC(155) Pause Young (Allocation Failure)
[2026-10-07T17:45:23.556+0000][395.989s][info][gc,heap        ] GC(155) DefNew: 17734K(18816K)->907K(18816K) Eden: 16768K(16768K)->0K(16768K) From: 966K(2048K)->907K(2048K)
[2026-10-07T17:45:23.556+0000][395.989s][info][gc,heap        ] GC(155) Tenured: 30226K(41392K)->30226K(41392K)
[2026-10-07T17:45:23.556+0000][395.989s][info][gc,metaspace   ] GC(155) Metaspace: 74382K(75136K)->74382K(75136K) NonClass: 65007K(65408K)->65007K(65408K) Class: 9375K(9728K)->9375K(9728K)
[2026-10-07T17:45:23.556+0000][395.989s][info][gc             ] GC(155) Pause Young (Allocation Failure) 46M->30M(58M) 6.894ms
[2026-10-07T17:45:23.556+0000][395.989s][info][gc,cpu         ] GC(155) User=0.01s Sys=0.00s Real=0.01s
[2026-10-07T17:45:26.501+0000][398.934s][info][gc,start       ] GC(156) Pause Young (Allocation Failure)
[2026-10-07T17:45:26.508+0000][398.941s][info][gc,heap        ] GC(156) DefNew: 17675K(18816K)->1058K(18816K) Eden: 16768K(16768K)->0K(16768K) From: 907K(2048K)->1058K(2048K)
[2026-10-07T17:45:26.508+0000][398.941s][info][gc,heap        ] GC(156) Tenured: 30226K(41392K)->30226K(41392K)
[2026-10-07T17:45:26.508+0000][398.941s][info][gc,metaspace   ] GC(156) Metaspace: 74384K(75136K)->74384K(75136K) NonClass: 65009K(65408K)->65009K(65408K) Class: 9375K(9728K)->9375K(9728K)
[2026-10-07T17:45:26.508+0000][398.941s][info][gc             ] GC(156) Pause Young (Allocation Failure) 46M->30M(58M) 7.481ms
[2026-10-07T17:45:26.508+0000][398.941s][info][gc,cpu         ] GC(156) User=0.00s Sys=0.00s Real=0.01s
[2026-10-07T17:45:29.430+0000][401.863s][info][gc,start       ] GC(157) Pause Young (Allocation Failure)
[2026-10-07T17:45:29.436+0000][401.869s][info][gc,heap        ] GC(157) DefNew: 17826K(18816K)->999K(18816K) Eden: 16768K(16768K)->0K(16768K) From: 1058K(2048K)->999K(2048K)
[2026-10-07T17:45:29.436+0000][401.870s][info][gc,heap        ] GC(157) Tenured: 30226K(41392K)->30289K(41392K)
[2026-10-07T17:45:29.436+0000][401.870s][info][gc,metaspace   ] GC(157) Metaspace: 74384K(75136K)->74384K(75136K) NonClass: 65009K(65408K)->65009K(65408K) Class: 9375K(9728K)->9375K(9728K)
[2026-10-07T17:45:29.437+0000][401.870s][info][gc             ] GC(157) Pause Young (Allocation Failure) 46M->30M(58M) 6.886ms
[2026-10-07T17:45:29.437+0000][401.870s][info][gc,cpu         ] GC(157) User=0.00s Sys=0.00s Real=0.01s
[2026-10-07T17:45:32.540+0000][404.973s][info][gc,start       ] GC(158) Pause Young (Allocation Failure)
[2026-10-07T17:45:32.548+0000][404.982s][info][gc,heap        ] GC(158) DefNew: 17767K(18816K)->1049K(18816K) Eden: 16768K(16768K)->0K(16768K) From: 999K(2048K)->1049K(2048K)
[2026-10-07T17:45:32.548+0000][404.982s][info][gc,heap        ] GC(158) Tenured: 30289K(41392K)->30289K(41392K)
[2026-10-07T17:45:32.548+0000][404.982s][info][gc,metaspace   ] GC(158) Metaspace: 74386K(75136K)->74386K(75136K) NonClass: 65011K(65408K)->65011K(65408K) Class: 9375K(9728K)->9375K(9728K)
[2026-10-07T17:45:32.549+0000][404.982s][info][gc             ] GC(158) Pause Young (Allocation Failure) 46M->30M(58M) 8.943ms
[2026-10-07T17:45:32.549+0000][404.982s][info][gc,cpu         ] GC(158) User=0.01s Sys=0.00s Real=0.01s
[2026-10-07T17:45:35.791+0000][408.225s][info][gc,start       ] GC(159) Pause Young (Allocation Failure)
[2026-10-07T17:45:35.799+0000][408.232s][info][gc,heap        ] GC(159) DefNew: 17817K(18816K)->985K(18816K) Eden: 16768K(16768K)->0K(16768K) From: 1049K(2048K)->985K(2048K)
[2026-10-07T17:45:35.799+0000][408.232s][info][gc,heap        ] GC(159) Tenured: 30289K(41392K)->30321K(41392K)
[2026-10-07T17:45:35.799+0000][408.232s][info][gc,metaspace   ] GC(159) Metaspace: 74398K(75200K)->74398K(75200K) NonClass: 65023K(65472K)->65023K(65472K) Class: 9375K(9728K)->9375K(9728K)
[2026-10-07T17:45:35.799+0000][408.232s][info][gc             ] GC(159) Pause Young (Allocation Failure) 46M->30M(58M) 7.551ms
[2026-10-07T17:45:35.799+0000][408.232s][info][gc,cpu         ] GC(159) User=0.01s Sys=0.00s Real=0.01s
[2026-10-07T17:45:38.778+0000][411.212s][info][gc,start       ] GC(160) Pause Young (Allocation Failure)
[2026-10-07T17:45:38.795+0000][411.228s][info][gc,heap        ] GC(160) DefNew: 17753K(18816K)->947K(18816K) Eden: 16768K(16768K)->0K(16768K) From: 985K(2048K)->947K(2048K)
[2026-10-07T17:45:38.795+0000][411.228s][info][gc,heap        ] GC(160) Tenured: 30321K(41392K)->30381K(41392K)
[2026-10-07T17:45:38.795+0000][411.228s][info][gc,metaspace   ] GC(160) Metaspace: 74402K(75200K)->74402K(75200K) NonClass: 65027K(65472K)->65027K(65472K) Class: 9375K(9728K)->9375K(9728K)
[2026-10-07T17:45:38.795+0000][411.228s][info][gc             ] GC(160) Pause Young (Allocation Failure) 46M->30M(58M) 16.525ms
[2026-10-07T17:45:38.795+0000][411.228s][info][gc,cpu         ] GC(160) User=0.01s Sys=0.00s Real=0.02s
[2026-10-07T17:45:42.049+0000][414.482s][info][gc,start       ] GC(161) Pause Young (Allocation Failure)
[2026-10-07T17:45:42.061+0000][414.494s][info][gc,heap        ] GC(161) DefNew: 17715K(18816K)->991K(18816K) Eden: 16768K(16768K)->0K(16768K) From: 947K(2048K)->991K(2048K)
[2026-10-07T17:45:42.061+0000][414.494s][info][gc,heap        ] GC(161) Tenured: 30381K(41392K)->30422K(41392K)
[2026-10-07T17:45:42.061+0000][414.494s][info][gc,metaspace   ] GC(161) Metaspace: 74402K(75200K)->74402K(75200K) NonClass: 65027K(65472K)->65027K(65472K) Class: 9375K(9728K)->9375K(9728K)
[2026-10-07T17:45:42.061+0000][414.495s][info][gc             ] GC(161) Pause Young (Allocation Failure) 46M->30M(58M) 12.802ms
[2026-10-07T17:45:42.061+0000][414.495s][info][gc,cpu         ] GC(161) User=0.01s Sys=0.00s Real=0.01s
[2026-10-07T17:45:45.070+0000][417.504s][info][gc,start       ] GC(162) Pause Young (Allocation Failure)
[2026-10-07T17:45:45.078+0000][417.511s][info][gc,heap        ] GC(162) DefNew: 17759K(18816K)->998K(18816K) Eden: 16768K(16768K)->0K(16768K) From: 991K(2048K)->998K(2048K)
[2026-10-07T17:45:45.078+0000][417.511s][info][gc,heap        ] GC(162) Tenured: 30422K(41392K)->30455K(41392K)
[2026-10-07T17:45:45.078+0000][417.511s][info][gc,metaspace   ] GC(162) Metaspace: 74413K(75200K)->74413K(75200K) NonClass: 65038K(65472K)->65038K(65472K) Class: 9375K(9728K)->9375K(9728K)
[2026-10-07T17:45:45.078+0000][417.512s][info][gc             ] GC(162) Pause Young (Allocation Failure) 47M->30M(58M) 8.000ms
[2026-10-07T17:45:45.078+0000][417.512s][info][gc,cpu         ] GC(162) User=0.00s Sys=0.00s Real=0.01s
[2026-10-07T17:45:47.965+0000][420.398s][info][gc,start       ] GC(163) Pause Young (Allocation Failure)
[2026-10-07T17:45:47.972+0000][420.405s][info][gc,heap        ] GC(163) DefNew: 17766K(18816K)->1109K(18816K) Eden: 16768K(16768K)->0K(16768K) From: 998K(2048K)->1109K(2048K)
[2026-10-07T17:45:47.972+0000][420.405s][info][gc,heap        ] GC(163) Tenured: 30455K(41392K)->30487K(41392K)
[2026-10-07T17:45:47.972+0000][420.405s][info][gc,metaspace   ] GC(163) Metaspace: 74414K(75200K)->74414K(75200K) NonClass: 65039K(65472K)->65039K(65472K) Class: 9375K(9728K)->9375K(9728K)
[2026-10-07T17:45:47.972+0000][420.405s][info][gc             ] GC(163) Pause Young (Allocation Failure) 47M->30M(58M) 7.391ms
[2026-10-07T17:45:47.972+0000][420.405s][info][gc,cpu         ] GC(163) User=0.00s Sys=0.00s Real=0.00s
[2026-10-07T17:45:50.974+0000][423.407s][info][gc,start       ] GC(164) Pause Young (Allocation Failure)
[2026-10-07T17:45:50.983+0000][423.416s][info][gc,heap        ] GC(164) DefNew: 17877K(18816K)->998K(18816K) Eden: 16768K(16768K)->0K(16768K) From: 1109K(2048K)->998K(2048K)
[2026-10-07T17:45:50.983+0000][423.416s][info][gc,heap        ] GC(164) Tenured: 30487K(41392K)->30574K(41392K)
[2026-10-07T17:45:50.983+0000][423.416s][info][gc,metaspace   ] GC(164) Metaspace: 74421K(75200K)->74421K(75200K) NonClass: 65045K(65472K)->65045K(65472K) Class: 9375K(9728K)->9375K(9728K)
[2026-10-07T17:45:50.983+0000][423.416s][info][gc             ] GC(164) Pause Young (Allocation Failure) 47M->30M(58M) 8.847ms
[2026-10-07T17:45:50.983+0000][423.416s][info][gc,cpu         ] GC(164) User=0.01s Sys=0.00s Real=0.00s
[2026-10-07T17:45:54.010+0000][426.443s][info][gc,start       ] GC(165) Pause Young (Allocation Failure)
[2026-10-07T17:45:54.017+0000][426.450s][info][gc,heap        ] GC(165) DefNew: 17766K(18816K)->955K(18816K) Eden: 16768K(16768K)->0K(16768K) From: 998K(2048K)->955K(2048K)
[2026-10-07T17:45:54.017+0000][426.450s][info][gc,heap        ] GC(165) Tenured: 30574K(41392K)->30574K(41392K)
[2026-10-07T17:45:54.017+0000][426.450s][info][gc,metaspace   ] GC(165) Metaspace: 74426K(75200K)->74426K(75200K) NonClass: 65050K(65472K)->65050K(65472K) Class: 9375K(9728K)->9375K(9728K)
[2026-10-07T17:45:54.017+0000][426.450s][info][gc             ] GC(165) Pause Young (Allocation Failure) 47M->30M(58M) 7.276ms
[2026-10-07T17:45:54.017+0000][426.450s][info][gc,cpu         ] GC(165) User=0.00s Sys=0.00s Real=0.01s
[2026-10-07T17:45:57.166+0000][429.599s][info][gc,start       ] GC(166) Pause Young (Allocation Failure)
[2026-10-07T17:45:57.172+0000][429.606s][info][gc,heap        ] GC(166) DefNew: 17723K(18816K)->976K(18816K) Eden: 16768K(16768K)->0K(16768K) From: 955K(2048K)->976K(2048K)
[2026-10-07T17:45:57.173+0000][429.606s][info][gc,heap        ] GC(166) Tenured: 30574K(41392K)->30617K(41392K)
[2026-10-07T17:45:57.173+0000][429.606s][info][gc,metaspace   ] GC(166) Metaspace: 74430K(75200K)->74430K(75200K) NonClass: 65054K(65472K)->65054K(65472K) Class: 9375K(9728K)->9375K(9728K)
[2026-10-07T17:45:57.173+0000][429.606s][info][gc             ] GC(166) Pause Young (Allocation Failure) 47M->30M(58M) 6.721ms
[2026-10-07T17:45:57.173+0000][429.606s][info][gc,cpu         ] GC(166) User=0.01s Sys=0.00s Real=0.00s
[2026-10-07T17:46:00.156+0000][432.590s][info][gc,start       ] GC(167) Pause Young (Allocation Failure)
[2026-10-07T17:46:00.164+0000][432.598s][info][gc,heap        ] GC(167) DefNew: 17744K(18816K)->1034K(18816K) Eden: 16768K(16768K)->0K(16768K) From: 976K(2048K)->1034K(2048K)
[2026-10-07T17:46:00.164+0000][432.598s][info][gc,heap        ] GC(167) Tenured: 30617K(41392K)->30650K(41392K)
[2026-10-07T17:46:00.164+0000][432.598s][info][gc,metaspace   ] GC(167) Metaspace: 74433K(75200K)->74433K(75200K) NonClass: 65057K(65472K)->65057K(65472K) Class: 9375K(9728K)->9375K(9728K)
[2026-10-07T17:46:00.164+0000][432.598s][info][gc             ] GC(167) Pause Young (Allocation Failure) 47M->30M(58M) 7.966ms
[2026-10-07T17:46:00.165+0000][432.598s][info][gc,cpu         ] GC(167) User=0.01s Sys=0.00s Real=0.01s
[2026-10-07T17:46:03.190+0000][435.624s][info][gc,start       ] GC(168) Pause Young (Allocation Failure)
[2026-10-07T17:46:03.198+0000][435.632s][info][gc,heap        ] GC(168) DefNew: 17802K(18816K)->1023K(18816K) Eden: 16768K(16768K)->0K(16768K) From: 1034K(2048K)->1023K(2048K)
[2026-10-07T17:46:03.199+0000][435.632s][info][gc,heap        ] GC(168) Tenured: 30650K(41392K)->30684K(41392K)
[2026-10-07T17:46:03.199+0000][435.632s][info][gc,metaspace   ] GC(168) Metaspace: 74438K(75200K)->74438K(75200K) NonClass: 65062K(65472K)->65062K(65472K) Class: 9375K(9728K)->9375K(9728K)
[2026-10-07T17:46:03.199+0000][435.632s][info][gc             ] GC(168) Pause Young (Allocation Failure) 47M->30M(58M) 8.293ms
[2026-10-07T17:46:03.199+0000][435.632s][info][gc,cpu         ] GC(168) User=0.00s Sys=0.00s Real=0.01s
[2026-10-07T17:46:06.206+0000][438.639s][info][gc,start       ] GC(169) Pause Young (Allocation Failure)
[2026-10-07T17:46:06.212+0000][438.646s][info][gc,heap        ] GC(169) DefNew: 17791K(18816K)->1079K(18816K) Eden: 16768K(16768K)->0K(16768K) From: 1023K(2048K)->1079K(2048K)
[2026-10-07T17:46:06.212+0000][438.646s][info][gc,heap        ] GC(169) Tenured: 30684K(41392K)->30717K(41392K)
[2026-10-07T17:46:06.212+0000][438.646s][info][gc,metaspace   ] GC(169) Metaspace: 74463K(75200K)->74463K(75200K) NonClass: 65087K(65472K)->65087K(65472K) Class: 9375K(9728K)->9375K(9728K)
[2026-10-07T17:46:06.213+0000][438.646s][info][gc             ] GC(169) Pause Young (Allocation Failure) 47M->31M(58M) 6.671ms
[2026-10-07T17:46:06.213+0000][438.646s][info][gc,cpu         ] GC(169) User=0.01s Sys=0.00s Real=0.00s
[2026-10-07T17:46:09.276+0000][441.709s][info][gc,start       ] GC(170) Pause Young (Allocation Failure)
[2026-10-07T17:46:09.283+0000][441.717s][info][gc,heap        ] GC(170) DefNew: 17847K(18816K)->971K(18816K) Eden: 16768K(16768K)->0K(16768K) From: 1079K(2048K)->971K(2048K)
[2026-10-07T17:46:09.283+0000][441.717s][info][gc,heap        ] GC(170) Tenured: 30717K(41392K)->30790K(41392K)
[2026-10-07T17:46:09.283+0000][441.717s][info][gc,metaspace   ] GC(170) Metaspace: 74477K(75200K)->74477K(75200K) NonClass: 65101K(65472K)->65101K(65472K) Class: 9375K(9728K)->9375K(9728K)
[2026-10-07T17:46:09.283+0000][441.717s][info][gc             ] GC(170) Pause Young (Allocation Failure) 47M->31M(58M) 7.529ms
[2026-10-07T17:46:09.283+0000][441.717s][info][gc,cpu         ] GC(170) User=0.00s Sys=0.00s Real=0.00s
[2026-10-07T17:46:12.331+0000][444.764s][info][gc,start       ] GC(171) Pause Young (Allocation Failure)
[2026-10-07T17:46:12.339+0000][444.772s][info][gc,heap        ] GC(171) DefNew: 17739K(18816K)->1100K(18816K) Eden: 16768K(16768K)->0K(16768K) From: 971K(2048K)->1100K(2048K)
[2026-10-07T17:46:12.339+0000][444.772s][info][gc,heap        ] GC(171) Tenured: 30790K(41392K)->30790K(41392K)
[2026-10-07T17:46:12.339+0000][444.772s][info][gc,metaspace   ] GC(171) Metaspace: 74479K(75200K)->74479K(75200K) NonClass: 65103K(65472K)->65103K(65472K) Class: 9375K(9728K)->9375K(9728K)
[2026-10-07T17:46:12.339+0000][444.772s][info][gc             ] GC(171) Pause Young (Allocation Failure) 47M->31M(58M) 7.585ms
[2026-10-07T17:46:12.339+0000][444.772s][info][gc,cpu         ] GC(171) User=0.01s Sys=0.00s Real=0.01s
[2026-10-07T17:46:15.448+0000][447.881s][info][gc,start       ] GC(172) Pause Young (Allocation Failure)
[2026-10-07T17:46:15.455+0000][447.888s][info][gc,heap        ] GC(172) DefNew: 17868K(18816K)->1020K(18816K) Eden: 16768K(16768K)->0K(16768K) From: 1100K(2048K)->1020K(2048K)
[2026-10-07T17:46:15.455+0000][447.888s][info][gc,heap        ] GC(172) Tenured: 30790K(41392K)->30890K(41392K)
[2026-10-07T17:46:15.455+0000][447.888s][info][gc,metaspace   ] GC(172) Metaspace: 74482K(75200K)->74482K(75200K) NonClass: 65106K(65472K)->65106K(65472K) Class: 9375K(9728K)->9375K(9728K)
[2026-10-07T17:46:15.455+0000][447.888s][info][gc             ] GC(172) Pause Young (Allocation Failure) 47M->31M(58M) 7.725ms
[2026-10-07T17:46:15.455+0000][447.889s][info][gc,cpu         ] GC(172) User=0.00s Sys=0.00s Real=0.01s
[2026-10-07T17:46:18.269+0000][450.702s][info][gc,start       ] GC(173) Pause Young (Allocation Failure)
[2026-10-07T17:46:18.280+0000][450.713s][info][gc,heap        ] GC(173) DefNew: 17788K(18816K)->1053K(18816K) Eden: 16768K(16768K)->0K(16768K) From: 1020K(2048K)->1053K(2048K)
[2026-10-07T17:46:18.280+0000][450.713s][info][gc,heap        ] GC(173) Tenured: 30890K(41392K)->30890K(41392K)
[2026-10-07T17:46:18.280+0000][450.713s][info][gc,metaspace   ] GC(173) Metaspace: 74482K(75200K)->74482K(75200K) NonClass: 65106K(65472K)->65106K(65472K) Class: 9375K(9728K)->9375K(9728K)
[2026-10-07T17:46:18.280+0000][450.714s][info][gc             ] GC(173) Pause Young (Allocation Failure) 47M->31M(58M) 11.219ms
[2026-10-07T17:46:18.280+0000][450.714s][info][gc,cpu         ] GC(173) User=0.00s Sys=0.00s Real=0.01s
[2026-10-07T17:46:21.444+0000][453.877s][info][gc,start       ] GC(174) Pause Young (Allocation Failure)
[2026-10-07T17:46:21.451+0000][453.884s][info][gc,heap        ] GC(174) DefNew: 17821K(18816K)->1108K(18816K) Eden: 16768K(16768K)->0K(16768K) From: 1053K(2048K)->1108K(2048K)
[2026-10-07T17:46:21.451+0000][453.884s][info][gc,heap        ] GC(174) Tenured: 30890K(41392K)->30920K(41392K)
[2026-10-07T17:46:21.451+0000][453.884s][info][gc,metaspace   ] GC(174) Metaspace: 74482K(75200K)->74482K(75200K) NonClass: 65107K(65472K)->65107K(65472K) Class: 9375K(9728K)->9375K(9728K)
[2026-10-07T17:46:21.451+0000][453.885s][info][gc             ] GC(174) Pause Young (Allocation Failure) 47M->31M(58M) 7.317ms
[2026-10-07T17:46:21.451+0000][453.885s][info][gc,cpu         ] GC(174) User=0.00s Sys=0.00s Real=0.00s
[2026-10-07T17:46:24.388+0000][456.821s][info][gc,start       ] GC(175) Pause Young (Allocation Failure)
[2026-10-07T17:46:24.396+0000][456.829s][info][gc,heap        ] GC(175) DefNew: 17876K(18816K)->974K(18816K) Eden: 16768K(16768K)->0K(16768K) From: 1108K(2048K)->974K(2048K)
[2026-10-07T17:46:24.396+0000][456.829s][info][gc,heap        ] GC(175) Tenured: 30920K(41392K)->31030K(41392K)
[2026-10-07T17:46:24.396+0000][456.829s][info][gc,metaspace   ] GC(175) Metaspace: 74487K(75264K)->74487K(75264K) NonClass: 65111K(65536K)->65111K(65536K) Class: 9375K(9728K)->9375K(9728K)
[2026-10-07T17:46:24.396+0000][456.829s][info][gc             ] GC(175) Pause Young (Allocation Failure) 47M->31M(58M) 7.743ms
[2026-10-07T17:46:24.396+0000][456.829s][info][gc,cpu         ] GC(175) User=0.01s Sys=0.00s Real=0.01s
[2026-10-07T17:46:27.610+0000][460.043s][info][gc,start       ] GC(176) Pause Young (Allocation Failure)
[2026-10-07T17:46:27.620+0000][460.053s][info][gc,heap        ] GC(176) DefNew: 17742K(18816K)->1025K(18816K) Eden: 16768K(16768K)->0K(16768K) From: 974K(2048K)->1025K(2048K)
[2026-10-07T17:46:27.620+0000][460.053s][info][gc,heap        ] GC(176) Tenured: 31030K(41392K)->31030K(41392K)
[2026-10-07T17:46:27.620+0000][460.053s][info][gc,metaspace   ] GC(176) Metaspace: 74490K(75264K)->74490K(75264K) NonClass: 65114K(65536K)->65114K(65536K) Class: 9375K(9728K)->9375K(9728K)
[2026-10-07T17:46:27.620+0000][460.053s][info][gc             ] GC(176) Pause Young (Allocation Failure) 47M->31M(58M) 9.805ms
[2026-10-07T17:46:27.620+0000][460.053s][info][gc,cpu         ] GC(176) User=0.01s Sys=0.00s Real=0.01s
[2026-10-07T17:46:30.810+0000][463.243s][info][gc,start       ] GC(177) Pause Young (Allocation Failure)
[2026-10-07T17:46:30.818+0000][463.251s][info][gc,heap        ] GC(177) DefNew: 17793K(18816K)->1019K(18816K) Eden: 16768K(16768K)->0K(16768K) From: 1025K(2048K)->1019K(2048K)
[2026-10-07T17:46:30.818+0000][463.251s][info][gc,heap        ] GC(177) Tenured: 31030K(41392K)->31061K(41392K)
[2026-10-07T17:46:30.818+0000][463.251s][info][gc,metaspace   ] GC(177) Metaspace: 74496K(75264K)->74496K(75264K) NonClass: 65120K(65536K)->65120K(65536K) Class: 9375K(9728K)->9375K(9728K)
[2026-10-07T17:46:30.818+0000][463.251s][info][gc             ] GC(177) Pause Young (Allocation Failure) 47M->31M(58M) 7.617ms
[2026-10-07T17:46:30.818+0000][463.251s][info][gc,cpu         ] GC(177) User=0.01s Sys=0.00s Real=0.01s
[2026-10-07T17:46:34.068+0000][466.501s][info][gc,start       ] GC(178) Pause Young (Allocation Failure)
[2026-10-07T17:46:34.081+0000][466.514s][info][gc,heap        ] GC(178) DefNew: 17787K(18816K)->1062K(18816K) Eden: 16768K(16768K)->0K(16768K) From: 1019K(2048K)->1062K(2048K)
[2026-10-07T17:46:34.081+0000][466.514s][info][gc,heap        ] GC(178) Tenured: 31061K(41392K)->31061K(41392K)
[2026-10-07T17:46:34.081+0000][466.514s][info][gc,metaspace   ] GC(178) Metaspace: 74498K(75264K)->74498K(75264K) NonClass: 65122K(65536K)->65122K(65536K) Class: 9375K(9728K)->9375K(9728K)
[2026-10-07T17:46:34.081+0000][466.514s][info][gc             ] GC(178) Pause Young (Allocation Failure) 47M->31M(58M) 12.923ms
[2026-10-07T17:46:34.081+0000][466.514s][info][gc,cpu         ] GC(178) User=0.00s Sys=0.00s Real=0.01s
[2026-10-07T17:46:36.813+0000][469.246s][info][gc,start       ] GC(179) Pause Young (Allocation Failure)
[2026-10-07T17:46:36.822+0000][469.255s][info][gc,heap        ] GC(179) DefNew: 17830K(18816K)->1090K(18816K) Eden: 16768K(16768K)->0K(16768K) From: 1062K(2048K)->1090K(2048K)
[2026-10-07T17:46:36.822+0000][469.255s][info][gc,heap        ] GC(179) Tenured: 31061K(41392K)->31122K(41392K)
[2026-10-07T17:46:36.822+0000][469.255s][info][gc,metaspace   ] GC(179) Metaspace: 74503K(75264K)->74503K(75264K) NonClass: 65128K(65536K)->65128K(65536K) Class: 9375K(9728K)->9375K(9728K)
[2026-10-07T17:46:36.822+0000][469.255s][info][gc             ] GC(179) Pause Young (Allocation Failure) 47M->31M(58M) 9.446ms
[2026-10-07T17:46:36.822+0000][469.255s][info][gc,cpu         ] GC(179) User=0.00s Sys=0.00s Real=0.01s
[2026-10-07T17:46:39.952+0000][472.385s][info][gc,start       ] GC(180) Pause Young (Allocation Failure)
[2026-10-07T17:46:39.959+0000][472.392s][info][gc,heap        ] GC(180) DefNew: 17858K(18816K)->1014K(18816K) Eden: 16768K(16768K)->0K(16768K) From: 1090K(2048K)->1014K(2048K)
[2026-10-07T17:46:39.959+0000][472.392s][info][gc,heap        ] GC(180) Tenured: 31122K(41392K)->31192K(41392K)
[2026-10-07T17:46:39.959+0000][472.392s][info][gc,metaspace   ] GC(180) Metaspace: 74514K(75264K)->74514K(75264K) NonClass: 65139K(65536K)->65139K(65536K) Class: 9375K(9728K)->9375K(9728K)
[2026-10-07T17:46:39.959+0000][472.392s][info][gc             ] GC(180) Pause Young (Allocation Failure) 47M->31M(58M) 7.189ms
[2026-10-07T17:46:39.959+0000][472.392s][info][gc,cpu         ] GC(180) User=0.01s Sys=0.00s Real=0.01s
[2026-10-07T17:46:42.994+0000][475.427s][info][gc,start       ] GC(181) Pause Young (Allocation Failure)
[2026-10-07T17:46:43.009+0000][475.443s][info][gc,heap        ] GC(181) DefNew: 17782K(18816K)->1118K(18816K) Eden: 16768K(16768K)->0K(16768K) From: 1014K(2048K)->1118K(2048K)
[2026-10-07T17:46:43.009+0000][475.443s][info][gc,heap        ] GC(181) Tenured: 31192K(41392K)->31192K(41392K)
[2026-10-07T17:46:43.009+0000][475.443s][info][gc,metaspace   ] GC(181) Metaspace: 74514K(75264K)->74514K(75264K) NonClass: 65139K(65536K)->65139K(65536K) Class: 9375K(9728K)->9375K(9728K)
[2026-10-07T17:46:43.010+0000][475.443s][info][gc             ] GC(181) Pause Young (Allocation Failure) 47M->31M(58M) 15.938ms
[2026-10-07T17:46:43.010+0000][475.443s][info][gc,cpu         ] GC(181) User=0.01s Sys=0.00s Real=0.02s
[2026-10-07T17:46:46.082+0000][478.515s][info][gc,start       ] GC(182) Pause Young (Allocation Failure)
[2026-10-07T17:46:46.096+0000][478.529s][info][gc,heap        ] GC(182) DefNew: 17886K(18816K)->990K(18816K) Eden: 16768K(16768K)->0K(16768K) From: 1118K(2048K)->990K(2048K)
[2026-10-07T17:46:46.096+0000][478.529s][info][gc,heap        ] GC(182) Tenured: 31192K(41392K)->31323K(41392K)
[2026-10-07T17:46:46.096+0000][478.529s][info][gc,metaspace   ] GC(182) Metaspace: 74519K(75264K)->74519K(75264K) NonClass: 65143K(65536K)->65143K(65536K) Class: 9375K(9728K)->9375K(9728K)
[2026-10-07T17:46:46.096+0000][478.529s][info][gc             ] GC(182) Pause Young (Allocation Failure) 47M->31M(58M) 13.592ms
[2026-10-07T17:46:46.096+0000][478.529s][info][gc,cpu         ] GC(182) User=0.00s Sys=0.00s Real=0.02s
[2026-10-07T17:46:48.981+0000][481.414s][info][gc,start       ] GC(183) Pause Young (Allocation Failure)
[2026-10-07T17:46:48.988+0000][481.421s][info][gc,heap        ] GC(183) DefNew: 17758K(18816K)->1024K(18816K) Eden: 16768K(16768K)->0K(16768K) From: 990K(2048K)->1024K(2048K)
[2026-10-07T17:46:48.988+0000][481.421s][info][gc,heap        ] GC(183) Tenured: 31323K(41392K)->31323K(41392K)
[2026-10-07T17:46:48.988+0000][481.421s][info][gc,metaspace   ] GC(183) Metaspace: 74520K(75264K)->74520K(75264K) NonClass: 65145K(65536K)->65145K(65536K) Class: 9375K(9728K)->9375K(9728K)
[2026-10-07T17:46:48.988+0000][481.421s][info][gc             ] GC(183) Pause Young (Allocation Failure) 47M->31M(58M) 6.499ms
[2026-10-07T17:46:48.988+0000][481.421s][info][gc,cpu         ] GC(183) User=0.00s Sys=0.00s Real=0.01s
[2026-10-07T17:46:52.058+0000][484.491s][info][gc,start       ] GC(184) Pause Young (Allocation Failure)
[2026-10-07T17:46:52.067+0000][484.501s][info][gc,heap        ] GC(184) DefNew: 17792K(18816K)->1019K(18816K) Eden: 16768K(16768K)->0K(16768K) From: 1024K(2048K)->1019K(2048K)
[2026-10-07T17:46:52.067+0000][484.501s][info][gc,heap        ] GC(184) Tenured: 31323K(41392K)->31356K(41392K)
[2026-10-07T17:46:52.067+0000][484.501s][info][gc,metaspace   ] GC(184) Metaspace: 74538K(75264K)->74538K(75264K) NonClass: 65163K(65536K)->65163K(65536K) Class: 9375K(9728K)->9375K(9728K)
[2026-10-07T17:46:52.067+0000][484.501s][info][gc             ] GC(184) Pause Young (Allocation Failure) 47M->31M(58M) 9.869ms
[2026-10-07T17:46:52.071+0000][484.504s][info][gc,cpu         ] GC(184) User=0.01s Sys=0.01s Real=0.01s
[2026-10-07T17:46:55.257+0000][487.690s][info][gc,start       ] GC(185) Pause Young (Allocation Failure)
[2026-10-07T17:46:55.263+0000][487.697s][info][gc,heap        ] GC(185) DefNew: 17787K(18816K)->1039K(18816K) Eden: 16768K(16768K)->0K(16768K) From: 1019K(2048K)->1039K(2048K)
[2026-10-07T17:46:55.264+0000][487.697s][info][gc,heap        ] GC(185) Tenured: 31356K(41392K)->31356K(41392K)
[2026-10-07T17:46:55.264+0000][487.697s][info][gc,metaspace   ] GC(185) Metaspace: 74546K(75264K)->74546K(75264K) NonClass: 65170K(65536K)->65170K(65536K) Class: 9375K(9728K)->9375K(9728K)
[2026-10-07T17:46:55.264+0000][487.697s][info][gc             ] GC(185) Pause Young (Allocation Failure) 47M->31M(58M) 7.072ms
[2026-10-07T17:46:55.264+0000][487.697s][info][gc,cpu         ] GC(185) User=0.00s Sys=0.00s Real=0.01s
[2026-10-07T17:46:58.647+0000][491.080s][info][gc,start       ] GC(186) Pause Young (Allocation Failure)
[2026-10-07T17:46:58.655+0000][491.088s][info][gc,heap        ] GC(186) DefNew: 17807K(18816K)->1007K(18816K) Eden: 16768K(16768K)->0K(16768K) From: 1039K(2048K)->1007K(2048K)
[2026-10-07T17:46:58.655+0000][491.088s][info][gc,heap        ] GC(186) Tenured: 31356K(41392K)->31390K(41392K)
[2026-10-07T17:46:58.655+0000][491.089s][info][gc,metaspace   ] GC(186) Metaspace: 74546K(75264K)->74546K(75264K) NonClass: 65170K(65536K)->65170K(65536K) Class: 9375K(9728K)->9375K(9728K)
[2026-10-07T17:46:58.656+0000][491.089s][info][gc             ] GC(186) Pause Young (Allocation Failure) 48M->31M(58M) 8.593ms
[2026-10-07T17:46:58.656+0000][491.089s][info][gc,cpu         ] GC(186) User=0.00s Sys=0.00s Real=0.01s
[2026-10-07T17:47:01.845+0000][494.278s][info][gc,start       ] GC(187) Pause Young (Allocation Failure)
[2026-10-07T17:47:01.853+0000][494.286s][info][gc,heap        ] GC(187) DefNew: 17775K(18816K)->1122K(18816K) Eden: 16768K(16768K)->0K(16768K) From: 1007K(2048K)->1122K(2048K)
[2026-10-07T17:47:01.853+0000][494.286s][info][gc,heap        ] GC(187) Tenured: 31390K(41392K)->31429K(41392K)
[2026-10-07T17:47:01.853+0000][494.286s][info][gc,metaspace   ] GC(187) Metaspace: 74547K(75264K)->74547K(75264K) NonClass: 65171K(65536K)->65171K(65536K) Class: 9375K(9728K)->9375K(9728K)
[2026-10-07T17:47:01.853+0000][494.287s][info][gc             ] GC(187) Pause Young (Allocation Failure) 48M->31M(58M) 8.109ms
[2026-10-07T17:47:01.853+0000][494.287s][info][gc,cpu         ] GC(187) User=0.01s Sys=0.00s Real=0.00s
[2026-10-07T17:47:04.871+0000][497.304s][info][gc,start       ] GC(188) Pause Young (Allocation Failure)
[2026-10-07T17:47:04.880+0000][497.313s][info][gc,heap        ] GC(188) DefNew: 17890K(18816K)->1021K(18816K) Eden: 16768K(16768K)->0K(16768K) From: 1122K(2048K)->1021K(2048K)
[2026-10-07T17:47:04.880+0000][497.313s][info][gc,heap        ] GC(188) Tenured: 31429K(41392K)->31556K(41392K)
[2026-10-07T17:47:04.880+0000][497.313s][info][gc,metaspace   ] GC(188) Metaspace: 74547K(75264K)->74547K(75264K) NonClass: 65171K(65536K)->65171K(65536K) Class: 9375K(9728K)->9375K(9728K)
[2026-10-07T17:47:04.880+0000][497.313s][info][gc             ] GC(188) Pause Young (Allocation Failure) 48M->31M(58M) 8.665ms
[2026-10-07T17:47:04.880+0000][497.313s][info][gc,cpu         ] GC(188) User=0.01s Sys=0.00s Real=0.01s
[2026-10-07T17:47:07.909+0000][500.342s][info][gc,start       ] GC(189) Pause Young (Allocation Failure)
[2026-10-07T17:47:07.917+0000][500.350s][info][gc,heap        ] GC(189) DefNew: 17789K(18816K)->1097K(18816K) Eden: 16768K(16768K)->0K(16768K) From: 1021K(2048K)->1097K(2048K)
[2026-10-07T17:47:07.917+0000][500.350s][info][gc,heap        ] GC(189) Tenured: 31556K(41392K)->31556K(41392K)
[2026-10-07T17:47:07.917+0000][500.350s][info][gc,metaspace   ] GC(189) Metaspace: 74551K(75264K)->74551K(75264K) NonClass: 65175K(65536K)->65175K(65536K) Class: 9375K(9728K)->9375K(9728K)
[2026-10-07T17:47:07.917+0000][500.350s][info][gc             ] GC(189) Pause Young (Allocation Failure) 48M->31M(58M) 8.083ms
[2026-10-07T17:47:07.917+0000][500.350s][info][gc,cpu         ] GC(189) User=0.01s Sys=0.00s Real=0.01s
[2026-10-07T17:47:10.984+0000][503.417s][info][gc,start       ] GC(190) Pause Young (Allocation Failure)
[2026-10-07T17:47:10.992+0000][503.425s][info][gc,heap        ] GC(190) DefNew: 17865K(18816K)->1059K(18816K) Eden: 16768K(16768K)->0K(16768K) From: 1097K(2048K)->1059K(2048K)
[2026-10-07T17:47:10.992+0000][503.425s][info][gc,heap        ] GC(190) Tenured: 31556K(41392K)->31632K(41392K)
[2026-10-07T17:47:10.992+0000][503.425s][info][gc,metaspace   ] GC(190) Metaspace: 74555K(75328K)->74555K(75328K) NonClass: 65179K(65600K)->65179K(65600K) Class: 9375K(9728K)->9375K(9728K)
[2026-10-07T17:47:10.992+0000][503.425s][info][gc             ] GC(190) Pause Young (Allocation Failure) 48M->31M(58M) 7.982ms
[2026-10-07T17:47:10.992+0000][503.425s][info][gc,cpu         ] GC(190) User=0.00s Sys=0.01s Real=0.00s
[2026-10-07T17:47:14.001+0000][506.434s][info][gc,start       ] GC(191) Pause Young (Allocation Failure)
[2026-10-07T17:47:14.009+0000][506.442s][info][gc,heap        ] GC(191) DefNew: 17827K(18816K)->1026K(18816K) Eden: 16768K(16768K)->0K(16768K) From: 1059K(2048K)->1026K(2048K)
[2026-10-07T17:47:14.009+0000][506.442s][info][gc,heap        ] GC(191) Tenured: 31632K(41392K)->31671K(41392K)
[2026-10-07T17:47:14.009+0000][506.442s][info][gc,metaspace   ] GC(191) Metaspace: 74555K(75328K)->74555K(75328K) NonClass: 65180K(65600K)->65180K(65600K) Class: 9375K(9728K)->9375K(9728K)
[2026-10-07T17:47:14.009+0000][506.442s][info][gc             ] GC(191) Pause Young (Allocation Failure) 48M->31M(58M) 8.043ms
[2026-10-07T17:47:14.009+0000][506.442s][info][gc,cpu         ] GC(191) User=0.01s Sys=0.00s Real=0.01s
[2026-10-07T17:47:16.986+0000][509.419s][info][gc,start       ] GC(192) Pause Young (Allocation Failure)
[2026-10-07T17:47:16.993+0000][509.426s][info][gc,heap        ] GC(192) DefNew: 17794K(18816K)->1096K(18816K) Eden: 16768K(16768K)->0K(16768K) From: 1026K(2048K)->1096K(2048K)
[2026-10-07T17:47:16.993+0000][509.426s][info][gc,heap        ] GC(192) Tenured: 31671K(41392K)->31709K(41392K)
[2026-10-07T17:47:16.993+0000][509.426s][info][gc,metaspace   ] GC(192) Metaspace: 74556K(75328K)->74556K(75328K) NonClass: 65180K(65600K)->65180K(65600K) Class: 9375K(9728K)->9375K(9728K)
[2026-10-07T17:47:16.993+0000][509.426s][info][gc             ] GC(192) Pause Young (Allocation Failure) 48M->32M(58M) 7.062ms
[2026-10-07T17:47:16.993+0000][509.426s][info][gc,cpu         ] GC(192) User=0.00s Sys=0.00s Real=0.00s
[2026-10-07T17:47:20.032+0000][512.465s][info][gc,start       ] GC(193) Pause Young (Allocation Failure)
[2026-10-07T17:47:20.039+0000][512.473s][info][gc,heap        ] GC(193) DefNew: 17864K(18816K)->1034K(18816K) Eden: 16768K(16768K)->0K(16768K) From: 1096K(2048K)->1034K(2048K)
[2026-10-07T17:47:20.039+0000][512.473s][info][gc,heap        ] GC(193) Tenured: 31709K(41392K)->31792K(41392K)
[2026-10-07T17:47:20.039+0000][512.473s][info][gc,metaspace   ] GC(193) Metaspace: 74557K(75328K)->74557K(75328K) NonClass: 65181K(65600K)->65181K(65600K) Class: 9375K(9728K)->9375K(9728K)
[2026-10-07T17:47:20.039+0000][512.473s][info][gc             ] GC(193) Pause Young (Allocation Failure) 48M->32M(58M) 7.305ms
[2026-10-07T17:47:20.040+0000][512.473s][info][gc,cpu         ] GC(193) User=0.01s Sys=0.00s Real=0.01s
[2026-10-07T17:47:22.950+0000][515.383s][info][gc,start       ] GC(194) Pause Young (Allocation Failure)
[2026-10-07T17:47:22.959+0000][515.392s][info][gc,heap        ] GC(194) DefNew: 17802K(18816K)->1044K(18816K) Eden: 16768K(16768K)->0K(16768K) From: 1034K(2048K)->1044K(2048K)
[2026-10-07T17:47:22.959+0000][515.392s][info][gc,heap        ] GC(194) Tenured: 31792K(41392K)->31835K(41392K)
[2026-10-07T17:47:22.959+0000][515.392s][info][gc,metaspace   ] GC(194) Metaspace: 74566K(75392K)->74566K(75392K) NonClass: 65190K(65664K)->65190K(65664K) Class: 9375K(9728K)->9375K(9728K)
[2026-10-07T17:47:22.959+0000][515.392s][info][gc             ] GC(194) Pause Young (Allocation Failure) 48M->32M(58M) 8.582ms
[2026-10-07T17:47:22.959+0000][515.392s][info][gc,cpu         ] GC(194) User=0.01s Sys=0.00s Real=0.01s
[2026-10-07T17:47:25.766+0000][518.199s][info][gc,start       ] GC(195) Pause Young (Allocation Failure)
[2026-10-07T17:47:25.773+0000][518.206s][info][gc,heap        ] GC(195) DefNew: 17812K(18816K)->1045K(18816K) Eden: 16768K(16768K)->0K(16768K) From: 1044K(2048K)->1045K(2048K)
[2026-10-07T17:47:25.773+0000][518.206s][info][gc,heap        ] GC(195) Tenured: 31835K(41392K)->31892K(41392K)
[2026-10-07T17:47:25.773+0000][518.206s][info][gc,metaspace   ] GC(195) Metaspace: 74568K(75392K)->74568K(75392K) NonClass: 65192K(65664K)->65192K(65664K) Class: 9375K(9728K)->9375K(9728K)
[2026-10-07T17:47:25.773+0000][518.206s][info][gc             ] GC(195) Pause Young (Allocation Failure) 48M->32M(58M) 7.421ms
[2026-10-07T17:47:25.773+0000][518.206s][info][gc,cpu         ] GC(195) User=0.01s Sys=0.00s Real=0.00s
[2026-10-07T17:47:29.012+0000][521.445s][info][gc,start       ] GC(196) Pause Young (Allocation Failure)
[2026-10-07T17:47:29.020+0000][521.454s][info][gc,heap        ] GC(196) DefNew: 17813K(18816K)->975K(18816K) Eden: 16768K(16768K)->0K(16768K) From: 1045K(2048K)->975K(2048K)
[2026-10-07T17:47:29.021+0000][521.454s][info][gc,heap        ] GC(196) Tenured: 31892K(41392K)->31931K(41392K)
[2026-10-07T17:47:29.021+0000][521.454s][info][gc,metaspace   ] GC(196) Metaspace: 74570K(75392K)->74570K(75392K) NonClass: 65194K(65664K)->65194K(65664K) Class: 9375K(9728K)->9375K(9728K)
[2026-10-07T17:47:29.021+0000][521.455s][info][gc             ] GC(196) Pause Young (Allocation Failure) 48M->32M(58M) 9.430ms
[2026-10-07T17:47:29.021+0000][521.455s][info][gc,cpu         ] GC(196) User=0.00s Sys=0.00s Real=0.01s
[2026-10-07T17:47:32.215+0000][524.648s][info][gc,start       ] GC(197) Pause Young (Allocation Failure)
[2026-10-07T17:47:32.224+0000][524.657s][info][gc,heap        ] GC(197) DefNew: 17743K(18816K)->1106K(18816K) Eden: 16767K(16768K)->0K(16768K) From: 975K(2048K)->1106K(2048K)
[2026-10-07T17:47:32.224+0000][524.657s][info][gc,heap        ] GC(197) Tenured: 31931K(41392K)->31931K(41392K)
[2026-10-07T17:47:32.224+0000][524.657s][info][gc,metaspace   ] GC(197) Metaspace: 74570K(75392K)->74570K(75392K) NonClass: 65194K(65664K)->65194K(65664K) Class: 9375K(9728K)->9375K(9728K)
[2026-10-07T17:47:32.224+0000][524.657s][info][gc             ] GC(197) Pause Young (Allocation Failure) 48M->32M(58M) 8.825ms
[2026-10-07T17:47:32.224+0000][524.657s][info][gc,cpu         ] GC(197) User=0.00s Sys=0.00s Real=0.01s
[2026-10-07T17:47:35.169+0000][527.602s][info][gc,start       ] GC(198) Pause Young (Allocation Failure)
[2026-10-07T17:47:35.177+0000][527.610s][info][gc,heap        ] GC(198) DefNew: 17874K(18816K)->1093K(18816K) Eden: 16768K(16768K)->0K(16768K) From: 1106K(2048K)->1093K(2048K)
[2026-10-07T17:47:35.177+0000][527.610s][info][gc,heap        ] GC(198) Tenured: 31931K(41392K)->32018K(41392K)
[2026-10-07T17:47:35.177+0000][527.610s][info][gc,metaspace   ] GC(198) Metaspace: 74570K(75392K)->74570K(75392K) NonClass: 65194K(65664K)->65194K(65664K) Class: 9375K(9728K)->9375K(9728K)
[2026-10-07T17:47:35.177+0000][527.610s][info][gc             ] GC(198) Pause Young (Allocation Failure) 48M->32M(58M) 7.760ms
[2026-10-07T17:47:35.177+0000][527.610s][info][gc,cpu         ] GC(198) User=0.00s Sys=0.00s Real=0.01s
[2026-10-07T17:47:37.907+0000][530.340s][info][gc,start       ] GC(199) Pause Young (Allocation Failure)
[2026-10-07T17:47:37.914+0000][530.347s][info][gc,heap        ] GC(199) DefNew: 17861K(18816K)->1067K(18816K) Eden: 16768K(16768K)->0K(16768K) From: 1093K(2048K)->1067K(2048K)
[2026-10-07T17:47:37.914+0000][530.347s][info][gc,heap        ] GC(199) Tenured: 32018K(41392K)->32114K(41392K)
[2026-10-07T17:47:37.914+0000][530.347s][info][gc,metaspace   ] GC(199) Metaspace: 74571K(75392K)->74571K(75392K) NonClass: 65195K(65664K)->65195K(65664K) Class: 9375K(9728K)->9375K(9728K)
[2026-10-07T17:47:37.914+0000][530.347s][info][gc             ] GC(199) Pause Young (Allocation Failure) 48M->32M(58M) 7.094ms
[2026-10-07T17:47:37.914+0000][530.347s][info][gc,cpu         ] GC(199) User=0.00s Sys=0.00s Real=0.01s
[2026-10-07T17:47:40.932+0000][533.366s][info][gc,start       ] GC(200) Pause Young (Allocation Failure)
[2026-10-07T17:47:40.940+0000][533.373s][info][gc,heap        ] GC(200) DefNew: 17835K(18816K)->1044K(18816K) Eden: 16767K(16768K)->0K(16768K) From: 1067K(2048K)->1044K(2048K)
[2026-10-07T17:47:40.940+0000][533.373s][info][gc,heap        ] GC(200) Tenured: 32114K(41392K)->32166K(41392K)
[2026-10-07T17:47:40.940+0000][533.373s][info][gc,metaspace   ] GC(200) Metaspace: 74571K(75392K)->74571K(75392K) NonClass: 65195K(65664K)->65195K(65664K) Class: 9375K(9728K)->9375K(9728K)
[2026-10-07T17:47:40.940+0000][533.373s][info][gc             ] GC(200) Pause Young (Allocation Failure) 48M->32M(58M) 7.510ms
[2026-10-07T17:47:40.940+0000][533.373s][info][gc,cpu         ] GC(200) User=0.01s Sys=0.00s Real=0.01s
[2026-10-07T17:47:44.164+0000][536.597s][info][gc,start       ] GC(201) Pause Young (Allocation Failure)
[2026-10-07T17:47:44.181+0000][536.615s][info][gc,heap        ] GC(201) DefNew: 17812K(18816K)->1002K(18816K) Eden: 16768K(16768K)->0K(16768K) From: 1044K(2048K)->1002K(2048K)
[2026-10-07T17:47:44.183+0000][536.616s][info][gc,heap        ] GC(201) Tenured: 32166K(41392K)->32206K(41392K)
[2026-10-07T17:47:44.183+0000][536.616s][info][gc,metaspace   ] GC(201) Metaspace: 74573K(75392K)->74573K(75392K) NonClass: 65197K(65664K)->65197K(65664K) Class: 9375K(9728K)->9375K(9728K)
[2026-10-07T17:47:44.183+0000][536.616s][info][gc             ] GC(201) Pause Young (Allocation Failure) 48M->32M(58M) 18.684ms
[2026-10-07T17:47:44.183+0000][536.616s][info][gc,cpu         ] GC(201) User=0.01s Sys=0.00s Real=0.01s
[2026-10-07T17:47:47.165+0000][539.598s][info][gc,start       ] GC(202) Pause Young (Allocation Failure)
[2026-10-07T17:47:47.176+0000][539.610s][info][gc,heap        ] GC(202) DefNew: 17770K(18816K)->1086K(18816K) Eden: 16768K(16768K)->0K(16768K) From: 1002K(2048K)->1086K(2048K)
[2026-10-07T17:47:47.177+0000][539.610s][info][gc,heap        ] GC(202) Tenured: 32206K(41392K)->32206K(41392K)
[2026-10-07T17:47:47.177+0000][539.610s][info][gc,metaspace   ] GC(202) Metaspace: 74573K(75392K)->74573K(75392K) NonClass: 65197K(65664K)->65197K(65664K) Class: 9375K(9728K)->9375K(9728K)
[2026-10-07T17:47:47.177+0000][539.610s][info][gc             ] GC(202) Pause Young (Allocation Failure) 48M->32M(58M) 11.998ms
[2026-10-07T17:47:47.177+0000][539.610s][info][gc,cpu         ] GC(202) User=0.01s Sys=0.00s Real=0.01s
[2026-10-07T17:47:50.176+0000][542.610s][info][gc,start       ] GC(203) Pause Young (Allocation Failure)
[2026-10-07T17:47:50.184+0000][542.617s][info][gc,heap        ] GC(203) DefNew: 17854K(18816K)->1058K(18816K) Eden: 16768K(16768K)->0K(16768K) From: 1086K(2048K)->1058K(2048K)
[2026-10-07T17:47:50.184+0000][542.617s][info][gc,heap        ] GC(203) Tenured: 32206K(41392K)->32289K(41392K)
[2026-10-07T17:47:50.184+0000][542.617s][info][gc,metaspace   ] GC(203) Metaspace: 74578K(75392K)->74578K(75392K) NonClass: 65202K(65664K)->65202K(65664K) Class: 9375K(9728K)->9375K(9728K)
[2026-10-07T17:47:50.184+0000][542.617s][info][gc             ] GC(203) Pause Young (Allocation Failure) 48M->32M(58M) 7.667ms
[2026-10-07T17:47:50.184+0000][542.617s][info][gc,cpu         ] GC(203) User=0.01s Sys=0.00s Real=0.01s
[2026-10-07T17:47:53.013+0000][545.447s][info][gc,start       ] GC(204) Pause Young (Allocation Failure)
[2026-10-07T17:47:53.022+0000][545.455s][info][gc,heap        ] GC(204) DefNew: 17826K(18816K)->1086K(18816K) Eden: 16768K(16768K)->0K(16768K) From: 1058K(2048K)->1086K(2048K)
[2026-10-07T17:47:53.022+0000][545.455s][info][gc,heap        ] GC(204) Tenured: 32289K(41392K)->32346K(41392K)
[2026-10-07T17:47:53.022+0000][545.455s][info][gc,metaspace   ] GC(204) Metaspace: 74578K(75392K)->74578K(75392K) NonClass: 65202K(65664K)->65202K(65664K) Class: 9375K(9728K)->9375K(9728K)
[2026-10-07T17:47:53.022+0000][545.455s][info][gc             ] GC(204) Pause Young (Allocation Failure) 48M->32M(58M) 8.418ms
[2026-10-07T17:47:53.022+0000][545.455s][info][gc,cpu         ] GC(204) User=0.01s Sys=0.00s Real=0.01s
[2026-10-07T17:47:56.324+0000][548.757s][info][gc,start       ] GC(205) Pause Young (Allocation Failure)
[2026-10-07T17:47:56.332+0000][548.766s][info][gc,heap        ] GC(205) DefNew: 17854K(18816K)->940K(18816K) Eden: 16768K(16768K)->0K(16768K) From: 1086K(2048K)->940K(2048K)
[2026-10-07T17:47:56.332+0000][548.766s][info][gc,heap        ] GC(205) Tenured: 32346K(41392K)->32466K(41392K)
[2026-10-07T17:47:56.332+0000][548.766s][info][gc,metaspace   ] GC(205) Metaspace: 74578K(75392K)->74578K(75392K) NonClass: 65202K(65664K)->65202K(65664K) Class: 9375K(9728K)->9375K(9728K)
[2026-10-07T17:47:56.332+0000][548.766s][info][gc             ] GC(205) Pause Young (Allocation Failure) 49M->32M(58M) 8.444ms
[2026-10-07T17:47:56.332+0000][548.766s][info][gc,cpu         ] GC(205) User=0.00s Sys=0.01s Real=0.00s
[2026-10-07T17:47:59.289+0000][551.722s][info][gc,start       ] GC(206) Pause Young (Allocation Failure)
[2026-10-07T17:47:59.297+0000][551.731s][info][gc,heap        ] GC(206) DefNew: 17708K(18816K)->969K(18816K) Eden: 16768K(16768K)->0K(16768K) From: 940K(2048K)->969K(2048K)
[2026-10-07T17:47:59.297+0000][551.731s][info][gc,heap        ] GC(206) Tenured: 32466K(41392K)->32466K(41392K)
[2026-10-07T17:47:59.298+0000][551.731s][info][gc,metaspace   ] GC(206) Metaspace: 74578K(75392K)->74578K(75392K) NonClass: 65202K(65664K)->65202K(65664K) Class: 9375K(9728K)->9375K(9728K)
[2026-10-07T17:47:59.298+0000][551.731s][info][gc             ] GC(206) Pause Young (Allocation Failure) 48M->32M(58M) 8.310ms
[2026-10-07T17:47:59.298+0000][551.731s][info][gc,cpu         ] GC(206) User=0.01s Sys=0.01s Real=0.01s
[2026-10-07T17:48:02.278+0000][554.711s][info][gc,start       ] GC(207) Pause Young (Allocation Failure)
[2026-10-07T17:48:02.289+0000][554.722s][info][gc,heap        ] GC(207) DefNew: 17737K(18816K)->1070K(18816K) Eden: 16768K(16768K)->0K(16768K) From: 969K(2048K)->1070K(2048K)
[2026-10-07T17:48:02.290+0000][554.723s][info][gc,heap        ] GC(207) Tenured: 32466K(41392K)->32466K(41392K)
[2026-10-07T17:48:02.291+0000][554.724s][info][gc,metaspace   ] GC(207) Metaspace: 74603K(75392K)->74603K(75392K) NonClass: 65227K(65664K)->65227K(65664K) Class: 9375K(9728K)->9375K(9728K)
[2026-10-07T17:48:02.291+0000][554.724s][info][gc             ] GC(207) Pause Young (Allocation Failure) 49M->32M(58M) 13.359ms
[2026-10-07T17:48:02.291+0000][554.724s][info][gc,cpu         ] GC(207) User=0.00s Sys=0.00s Real=0.01s
[2026-10-07T17:48:05.449+0000][557.882s][info][gc,start       ] GC(208) Pause Young (Allocation Failure)
[2026-10-07T17:48:05.458+0000][557.891s][info][gc,heap        ] GC(208) DefNew: 17838K(18816K)->952K(18816K) Eden: 16768K(16768K)->0K(16768K) From: 1070K(2048K)->952K(2048K)
[2026-10-07T17:48:05.458+0000][557.891s][info][gc,heap        ] GC(208) Tenured: 32466K(41392K)->32560K(41392K)
[2026-10-07T17:48:05.458+0000][557.891s][info][gc,metaspace   ] GC(208) Metaspace: 74603K(75392K)->74603K(75392K) NonClass: 65227K(65664K)->65227K(65664K) Class: 9375K(9728K)->9375K(9728K)
[2026-10-07T17:48:05.458+0000][557.891s][info][gc             ] GC(208) Pause Young (Allocation Failure) 49M->32M(58M) 9.150ms
[2026-10-07T17:48:05.458+0000][557.891s][info][gc,cpu         ] GC(208) User=0.00s Sys=0.00s Real=0.01s
[2026-10-07T17:48:08.426+0000][560.859s][info][gc,start       ] GC(209) Pause Young (Allocation Failure)
[2026-10-07T17:48:08.432+0000][560.865s][info][gc,heap        ] GC(209) DefNew: 17720K(18816K)->950K(18816K) Eden: 16768K(16768K)->0K(16768K) From: 952K(2048K)->950K(2048K)
[2026-10-07T17:48:08.432+0000][560.865s][info][gc,heap        ] GC(209) Tenured: 32560K(41392K)->32560K(41392K)
[2026-10-07T17:48:08.432+0000][560.865s][info][gc,metaspace   ] GC(209) Metaspace: 74604K(75392K)->74604K(75392K) NonClass: 65228K(65664K)->65228K(65664K) Class: 9375K(9728K)->9375K(9728K)
[2026-10-07T17:48:08.432+0000][560.865s][info][gc             ] GC(209) Pause Young (Allocation Failure) 49M->32M(58M) 6.215ms
[2026-10-07T17:48:08.432+0000][560.865s][info][gc,cpu         ] GC(209) User=0.00s Sys=0.00s Real=0.00s
[2026-10-07T17:48:11.432+0000][563.865s][info][gc,start       ] GC(210) Pause Young (Allocation Failure)
[2026-10-07T17:48:11.438+0000][563.872s][info][gc,heap        ] GC(210) DefNew: 17718K(18816K)->1122K(18816K) Eden: 16768K(16768K)->0K(16768K) From: 950K(2048K)->1122K(2048K)
[2026-10-07T17:48:11.438+0000][563.872s][info][gc,heap        ] GC(210) Tenured: 32560K(41392K)->32560K(41392K)
[2026-10-07T17:48:11.438+0000][563.872s][info][gc,metaspace   ] GC(210) Metaspace: 74604K(75392K)->74604K(75392K) NonClass: 65228K(65664K)->65228K(65664K) Class: 9375K(9728K)->9375K(9728K)
[2026-10-07T17:48:11.439+0000][563.872s][info][gc             ] GC(210) Pause Young (Allocation Failure) 49M->32M(58M) 7.071ms
[2026-10-07T17:48:11.439+0000][563.872s][info][gc,cpu         ] GC(210) User=0.01s Sys=0.00s Real=0.01s
[2026-10-07T17:48:14.743+0000][567.176s][info][gc,start       ] GC(211) Pause Young (Allocation Failure)
[2026-10-07T17:48:14.751+0000][567.184s][info][gc,heap        ] GC(211) DefNew: 17890K(18816K)->966K(18816K) Eden: 16768K(16768K)->0K(16768K) From: 1122K(2048K)->966K(2048K)
[2026-10-07T17:48:14.751+0000][567.184s][info][gc,heap        ] GC(211) Tenured: 32560K(41392K)->32666K(41392K)
[2026-10-07T17:48:14.751+0000][567.184s][info][gc,metaspace   ] GC(211) Metaspace: 74604K(75392K)->74604K(75392K) NonClass: 65228K(65664K)->65228K(65664K) Class: 9375K(9728K)->9375K(9728K)
[2026-10-07T17:48:14.751+0000][567.184s][info][gc             ] GC(211) Pause Young (Allocation Failure) 49M->32M(58M) 8.311ms
[2026-10-07T17:48:14.751+0000][567.185s][info][gc,cpu         ] GC(211) User=0.00s Sys=0.00s Real=0.01s
[2026-10-07T17:48:17.772+0000][570.206s][info][gc,start       ] GC(212) Pause Young (Allocation Failure)
[2026-10-07T17:48:17.780+0000][570.213s][info][gc,heap        ] GC(212) DefNew: 17734K(18816K)->1095K(18816K) Eden: 16768K(16768K)->0K(16768K) From: 966K(2048K)->1095K(2048K)
[2026-10-07T17:48:17.780+0000][570.214s][info][gc,heap        ] GC(212) Tenured: 32666K(41392K)->32666K(41392K)
[2026-10-07T17:48:17.780+0000][570.214s][info][gc,metaspace   ] GC(212) Metaspace: 74608K(75392K)->74608K(75392K) NonClass: 65232K(65664K)->65232K(65664K) Class: 9375K(9728K)->9375K(9728K)
[2026-10-07T17:48:17.783+0000][570.216s][info][gc             ] GC(212) Pause Young (Allocation Failure) 49M->32M(58M) 10.245ms
[2026-10-07T17:48:17.783+0000][570.216s][info][gc,cpu         ] GC(212) User=0.01s Sys=0.00s Real=0.01s
[2026-10-07T17:48:20.754+0000][573.187s][info][gc,start       ] GC(213) Pause Young (Allocation Failure)
[2026-10-07T17:48:20.770+0000][573.203s][info][gc,heap        ] GC(213) DefNew: 17863K(18816K)->1023K(18816K) Eden: 16768K(16768K)->0K(16768K) From: 1095K(2048K)->1023K(2048K)
[2026-10-07T17:48:20.770+0000][573.203s][info][gc,heap        ] GC(213) Tenured: 32666K(41392K)->32754K(41392K)
[2026-10-07T17:48:20.770+0000][573.203s][info][gc,metaspace   ] GC(213) Metaspace: 74609K(75392K)->74609K(75392K) NonClass: 65233K(65664K)->65233K(65664K) Class: 9375K(9728K)->9375K(9728K)
[2026-10-07T17:48:20.770+0000][573.203s][info][gc             ] GC(213) Pause Young (Allocation Failure) 49M->32M(58M) 16.091ms
[2026-10-07T17:48:20.770+0000][573.203s][info][gc,cpu         ] GC(213) User=0.01s Sys=0.00s Real=0.01s
[2026-10-07T17:48:23.712+0000][576.145s][info][gc,start       ] GC(214) Pause Young (Allocation Failure)
[2026-10-07T17:48:23.720+0000][576.153s][info][gc,heap        ] GC(214) DefNew: 17791K(18816K)->1019K(18816K) Eden: 16768K(16768K)->0K(16768K) From: 1023K(2048K)->1019K(2048K)
[2026-10-07T17:48:23.720+0000][576.153s][info][gc,heap        ] GC(214) Tenured: 32754K(41392K)->32754K(41392K)
[2026-10-07T17:48:23.720+0000][576.153s][info][gc,metaspace   ] GC(214) Metaspace: 74609K(75392K)->74609K(75392K) NonClass: 65233K(65664K)->65233K(65664K) Class: 9375K(9728K)->9375K(9728K)
[2026-10-07T17:48:23.720+0000][576.153s][info][gc             ] GC(214) Pause Young (Allocation Failure) 49M->32M(58M) 8.282ms
[2026-10-07T17:48:23.720+0000][576.153s][info][gc,cpu         ] GC(214) User=0.01s Sys=0.00s Real=0.01s
[2026-10-07T17:48:26.788+0000][579.221s][info][gc,start       ] GC(215) Pause Young (Allocation Failure)
[2026-10-07T17:48:26.796+0000][579.230s][info][gc,heap        ] GC(215) DefNew: 17787K(18816K)->1065K(18816K) Eden: 16768K(16768K)->0K(16768K) From: 1019K(2048K)->1065K(2048K)
[2026-10-07T17:48:26.796+0000][579.230s][info][gc,heap        ] GC(215) Tenured: 32754K(41392K)->32754K(41392K)
[2026-10-07T17:48:26.796+0000][579.230s][info][gc,metaspace   ] GC(215) Metaspace: 74770K(75584K)->74770K(75584K) NonClass: 65393K(65856K)->65393K(65856K) Class: 9376K(9728K)->9376K(9728K)
[2026-10-07T17:48:26.796+0000][579.230s][info][gc             ] GC(215) Pause Young (Allocation Failure) 49M->33M(58M) 8.660ms
[2026-10-07T17:48:26.796+0000][579.230s][info][gc,cpu         ] GC(215) User=0.01s Sys=0.00s Real=0.01s
[2026-10-07T17:48:29.917+0000][582.350s][info][gc,start       ] GC(216) Pause Young (Allocation Failure)
[2026-10-07T17:48:29.927+0000][582.360s][info][gc,heap        ] GC(216) DefNew: 17833K(18816K)->1027K(18816K) Eden: 16768K(16768K)->0K(16768K) From: 1065K(2048K)->1027K(2048K)
[2026-10-07T17:48:29.927+0000][582.360s][info][gc,heap        ] GC(216) Tenured: 32754K(41392K)->32841K(41392K)
[2026-10-07T17:48:29.927+0000][582.360s][info][gc,metaspace   ] GC(216) Metaspace: 74770K(75584K)->74770K(75584K) NonClass: 65394K(65856K)->65394K(65856K) Class: 9376K(9728K)->9376K(9728K)
[2026-10-07T17:48:29.927+0000][582.360s][info][gc             ] GC(216) Pause Young (Allocation Failure) 49M->33M(58M) 9.911ms
[2026-10-07T17:48:29.927+0000][582.360s][info][gc,cpu         ] GC(216) User=0.01s Sys=0.00s Real=0.01s
[2026-10-07T17:48:32.997+0000][585.430s][info][gc,start       ] GC(217) Pause Young (Allocation Failure)
[2026-10-07T17:48:33.005+0000][585.438s][info][gc,heap        ] GC(217) DefNew: 17795K(18816K)->1063K(18816K) Eden: 16768K(16768K)->0K(16768K) From: 1027K(2048K)->1063K(2048K)
[2026-10-07T17:48:33.005+0000][585.438s][info][gc,heap        ] GC(217) Tenured: 32841K(41392K)->32893K(41392K)
[2026-10-07T17:48:33.005+0000][585.438s][info][gc,metaspace   ] GC(217) Metaspace: 74770K(75584K)->74770K(75584K) NonClass: 65394K(65856K)->65394K(65856K) Class: 9376K(9728K)->9376K(9728K)
[2026-10-07T17:48:33.005+0000][585.438s][info][gc             ] GC(217) Pause Young (Allocation Failure) 49M->33M(58M) 8.073ms
[2026-10-07T17:48:33.005+0000][585.438s][info][gc,cpu         ] GC(217) User=0.01s Sys=0.00s Real=0.01s
[2026-10-07T17:48:36.092+0000][588.525s][info][gc,start       ] GC(218) Pause Young (Allocation Failure)
[2026-10-07T17:48:36.105+0000][588.538s][info][gc,heap        ] GC(218) DefNew: 17831K(18816K)->1019K(18816K) Eden: 16768K(16768K)->0K(16768K) From: 1063K(2048K)->1019K(2048K)
[2026-10-07T17:48:36.108+0000][588.541s][info][gc,heap        ] GC(218) Tenured: 32893K(41392K)->32935K(41392K)
[2026-10-07T17:48:36.108+0000][588.542s][info][gc,metaspace   ] GC(218) Metaspace: 74776K(75584K)->74776K(75584K) NonClass: 65400K(65856K)->65400K(65856K) Class: 9376K(9728K)->9376K(9728K)
[2026-10-07T17:48:36.109+0000][588.542s][info][gc             ] GC(218) Pause Young (Allocation Failure) 49M->33M(58M) 17.153ms
[2026-10-07T17:48:36.109+0000][588.543s][info][gc,cpu         ] GC(218) User=0.00s Sys=0.00s Real=0.02s
[2026-10-07T17:48:38.954+0000][591.387s][info][gc,start       ] GC(219) Pause Young (Allocation Failure)
[2026-10-07T17:48:38.964+0000][591.397s][info][gc,heap        ] GC(219) DefNew: 17787K(18816K)->1072K(18816K) Eden: 16768K(16768K)->0K(16768K) From: 1019K(2048K)->1072K(2048K)
[2026-10-07T17:48:38.964+0000][591.397s][info][gc,heap        ] GC(219) Tenured: 32935K(41392K)->32935K(41392K)
[2026-10-07T17:48:38.964+0000][591.398s][info][gc,metaspace   ] GC(219) Metaspace: 74779K(75584K)->74779K(75584K) NonClass: 65402K(65856K)->65402K(65856K) Class: 9376K(9728K)->9376K(9728K)
[2026-10-07T17:48:38.965+0000][591.398s][info][gc             ] GC(219) Pause Young (Allocation Failure) 49M->33M(58M) 10.921ms
[2026-10-07T17:48:38.965+0000][591.398s][info][gc,cpu         ] GC(219) User=0.00s Sys=0.00s Real=0.01s
[2026-10-07T17:48:42.127+0000][594.560s][info][gc,start       ] GC(220) Pause Young (Allocation Failure)
[2026-10-07T17:48:42.147+0000][594.580s][info][gc,heap        ] GC(220) DefNew: 17840K(18816K)->1041K(18816K) Eden: 16768K(16768K)->0K(16768K) From: 1072K(2048K)->1041K(2048K)
[2026-10-07T17:48:42.147+0000][594.580s][info][gc,heap        ] GC(220) Tenured: 32935K(41392K)->33015K(41392K)
[2026-10-07T17:48:42.147+0000][594.580s][info][gc,metaspace   ] GC(220) Metaspace: 74779K(75584K)->74779K(75584K) NonClass: 65402K(65856K)->65402K(65856K) Class: 9376K(9728K)->9376K(9728K)
[2026-10-07T17:48:42.147+0000][594.580s][info][gc             ] GC(220) Pause Young (Allocation Failure) 49M->33M(58M) 20.457ms
[2026-10-07T17:48:42.147+0000][594.580s][info][gc,cpu         ] GC(220) User=0.00s Sys=0.00s Real=0.02s
[2026-10-07T17:48:45.159+0000][597.592s][info][gc,start       ] GC(221) Pause Young (Allocation Failure)
[2026-10-07T17:48:45.170+0000][597.603s][info][gc,heap        ] GC(221) DefNew: 17809K(18816K)->1044K(18816K) Eden: 16768K(16768K)->0K(16768K) From: 1041K(2048K)->1044K(2048K)
[2026-10-07T17:48:45.170+0000][597.603s][info][gc,heap        ] GC(221) Tenured: 33015K(41392K)->33055K(41392K)
[2026-10-07T17:48:45.170+0000][597.603s][info][gc,metaspace   ] GC(221) Metaspace: 74779K(75584K)->74779K(75584K) NonClass: 65402K(65856K)->65402K(65856K) Class: 9376K(9728K)->9376K(9728K)
[2026-10-07T17:48:45.170+0000][597.603s][info][gc             ] GC(221) Pause Young (Allocation Failure) 49M->33M(58M) 10.896ms
[2026-10-07T17:48:45.171+0000][597.604s][info][gc,cpu         ] GC(221) User=0.01s Sys=0.00s Real=0.01s
[2026-10-07T17:48:48.389+0000][600.822s][info][gc,start       ] GC(222) Pause Young (Allocation Failure)
[2026-10-07T17:48:48.396+0000][600.830s][info][gc,heap        ] GC(222) DefNew: 17812K(18816K)->1169K(18816K) Eden: 16768K(16768K)->0K(16768K) From: 1044K(2048K)->1169K(2048K)
[2026-10-07T17:48:48.396+0000][600.830s][info][gc,heap        ] GC(222) Tenured: 33055K(41392K)->33106K(41392K)
[2026-10-07T17:48:48.397+0000][600.830s][info][gc,metaspace   ] GC(222) Metaspace: 74779K(75584K)->74779K(75584K) NonClass: 65402K(65856K)->65402K(65856K) Class: 9376K(9728K)->9376K(9728K)
[2026-10-07T17:48:48.397+0000][600.830s][info][gc             ] GC(222) Pause Young (Allocation Failure) 49M->33M(58M) 7.434ms
[2026-10-07T17:48:48.397+0000][600.830s][info][gc,cpu         ] GC(222) User=0.01s Sys=0.00s Real=0.01s
[2026-10-07T17:48:51.604+0000][604.037s][info][gc,start       ] GC(223) Pause Young (Allocation Failure)
[2026-10-07T17:48:51.611+0000][604.045s][info][gc,heap        ] GC(223) DefNew: 17937K(18816K)->899K(18816K) Eden: 16768K(16768K)->0K(16768K) From: 1169K(2048K)->899K(2048K)
[2026-10-07T17:48:51.612+0000][604.045s][info][gc,heap        ] GC(223) Tenured: 33106K(41392K)->33289K(41392K)
[2026-10-07T17:48:51.612+0000][604.045s][info][gc,metaspace   ] GC(223) Metaspace: 74781K(75584K)->74781K(75584K) NonClass: 65405K(65856K)->65405K(65856K) Class: 9376K(9728K)->9376K(9728K)
[2026-10-07T17:48:51.612+0000][604.045s][info][gc             ] GC(223) Pause Young (Allocation Failure) 49M->33M(58M) 7.766ms
[2026-10-07T17:48:51.612+0000][604.045s][info][gc,cpu         ] GC(223) User=0.01s Sys=0.00s Real=0.00s
[2026-10-07T17:48:54.628+0000][607.062s][info][gc,start       ] GC(224) Pause Young (Allocation Failure)
[2026-10-07T17:48:54.636+0000][607.069s][info][gc,heap        ] GC(224) DefNew: 17667K(18816K)->868K(18816K) Eden: 16768K(16768K)->0K(16768K) From: 899K(2048K)->868K(2048K)
[2026-10-07T17:48:54.636+0000][607.069s][info][gc,heap        ] GC(224) Tenured: 33289K(41392K)->33289K(41392K)
[2026-10-07T17:48:54.636+0000][607.069s][info][gc,metaspace   ] GC(224) Metaspace: 74781K(75584K)->74781K(75584K) NonClass: 65405K(65856K)->65405K(65856K) Class: 9376K(9728K)->9376K(9728K)
[2026-10-07T17:48:54.636+0000][607.069s][info][gc             ] GC(224) Pause Young (Allocation Failure) 49M->33M(58M) 7.389ms
[2026-10-07T17:48:54.636+0000][607.069s][info][gc,cpu         ] GC(224) User=0.01s Sys=0.00s Real=0.01s
[2026-10-07T17:48:57.806+0000][610.239s][info][gc,start       ] GC(225) Pause Young (Allocation Failure)
[2026-10-07T17:48:57.820+0000][610.254s][info][gc,heap        ] GC(225) DefNew: 17636K(18816K)->948K(18816K) Eden: 16768K(16768K)->0K(16768K) From: 868K(2048K)->948K(2048K)
[2026-10-07T17:48:57.821+0000][610.254s][info][gc,heap        ] GC(225) Tenured: 33289K(41392K)->33289K(41392K)
[2026-10-07T17:48:57.821+0000][610.254s][info][gc,metaspace   ] GC(225) Metaspace: 74781K(75584K)->74781K(75584K) NonClass: 65405K(65856K)->65405K(65856K) Class: 9376K(9728K)->9376K(9728K)
[2026-10-07T17:48:57.821+0000][610.254s][info][gc             ] GC(225) Pause Young (Allocation Failure) 49M->33M(58M) 15.043ms
[2026-10-07T17:48:57.821+0000][610.254s][info][gc,cpu         ] GC(225) User=0.01s Sys=0.00s Real=0.01s
[2026-10-07T17:49:00.795+0000][613.229s][info][gc,start       ] GC(226) Pause Young (Allocation Failure)
[2026-10-07T17:49:00.807+0000][613.240s][info][gc,heap        ] GC(226) DefNew: 17716K(18816K)->1007K(18816K) Eden: 16768K(16768K)->0K(16768K) From: 948K(2048K)->1007K(2048K)
[2026-10-07T17:49:00.807+0000][613.240s][info][gc,heap        ] GC(226) Tenured: 33289K(41392K)->33289K(41392K)
[2026-10-07T17:49:00.807+0000][613.240s][info][gc,metaspace   ] GC(226) Metaspace: 74783K(75584K)->74783K(75584K) NonClass: 65406K(65856K)->65406K(65856K) Class: 9376K(9728K)->9376K(9728K)
[2026-10-07T17:49:00.807+0000][613.240s][info][gc             ] GC(226) Pause Young (Allocation Failure) 49M->33M(58M) 11.469ms
[2026-10-07T17:49:00.807+0000][613.240s][info][gc,cpu         ] GC(226) User=0.01s Sys=0.00s Real=0.01s
[2026-10-07T17:49:03.646+0000][616.080s][info][gc,start       ] GC(227) Pause Young (Allocation Failure)
[2026-10-07T17:49:03.654+0000][616.087s][info][gc,heap        ] GC(227) DefNew: 17775K(18816K)->1042K(18816K) Eden: 16768K(16768K)->0K(16768K) From: 1007K(2048K)->1042K(2048K)
[2026-10-07T17:49:03.654+0000][616.087s][info][gc,heap        ] GC(227) Tenured: 33289K(41392K)->33289K(41392K)
[2026-10-07T17:49:03.654+0000][616.087s][info][gc,metaspace   ] GC(227) Metaspace: 74783K(75584K)->74783K(75584K) NonClass: 65406K(65856K)->65406K(65856K) Class: 9376K(9728K)->9376K(9728K)
[2026-10-07T17:49:03.654+0000][616.087s][info][gc             ] GC(227) Pause Young (Allocation Failure) 49M->33M(58M) 7.804ms
[2026-10-07T17:49:03.654+0000][616.088s][info][gc,cpu         ] GC(227) User=0.00s Sys=0.00s Real=0.01s
[2026-10-07T17:49:06.797+0000][619.230s][info][gc,start       ] GC(228) Pause Young (Allocation Failure)
[2026-10-07T17:49:06.803+0000][619.237s][info][gc,heap        ] GC(228) DefNew: 17810K(18816K)->1135K(18816K) Eden: 16768K(16768K)->0K(16768K) From: 1042K(2048K)->1135K(2048K)
[2026-10-07T17:49:06.804+0000][619.237s][info][gc,heap        ] GC(228) Tenured: 33289K(41392K)->33330K(41392K)
[2026-10-07T17:49:06.804+0000][619.237s][info][gc,metaspace   ] GC(228) Metaspace: 74783K(75584K)->74783K(75584K) NonClass: 65406K(65856K)->65406K(65856K) Class: 9376K(9728K)->9376K(9728K)
[2026-10-07T17:49:06.804+0000][619.237s][info][gc             ] GC(228) Pause Young (Allocation Failure) 49M->33M(58M) 6.946ms
[2026-10-07T17:49:06.804+0000][619.237s][info][gc,cpu         ] GC(228) User=0.00s Sys=0.00s Real=0.01s
[2026-10-07T17:49:09.884+0000][622.317s][info][gc,start       ] GC(229) Pause Young (Allocation Failure)
[2026-10-07T17:49:09.892+0000][622.325s][info][gc,heap        ] GC(229) DefNew: 17903K(18816K)->887K(18816K) Eden: 16768K(16768K)->0K(16768K) From: 1135K(2048K)->887K(2048K)
[2026-10-07T17:49:09.892+0000][622.326s][info][gc,heap        ] GC(229) Tenured: 33330K(41392K)->33455K(41392K)
[2026-10-07T17:49:09.892+0000][622.326s][info][gc,metaspace   ] GC(229) Metaspace: 74783K(75584K)->74783K(75584K) NonClass: 65407K(65856K)->65407K(65856K) Class: 9376K(9728K)->9376K(9728K)
[2026-10-07T17:49:09.892+0000][622.326s][info][gc             ] GC(229) Pause Young (Allocation Failure) 50M->33M(58M) 8.511ms
[2026-10-07T17:49:09.892+0000][622.326s][info][gc,cpu         ] GC(229) User=0.01s Sys=0.00s Real=0.00s
[2026-10-07T17:49:13.110+0000][625.543s][info][gc,start       ] GC(230) Pause Young (Allocation Failure)
[2026-10-07T17:49:13.117+0000][625.550s][info][gc,heap        ] GC(230) DefNew: 17655K(18816K)->986K(18816K) Eden: 16768K(16768K)->0K(16768K) From: 887K(2048K)->986K(2048K)
[2026-10-07T17:49:13.117+0000][625.550s][info][gc,heap        ] GC(230) Tenured: 33455K(41392K)->33455K(41392K)
[2026-10-07T17:49:13.117+0000][625.550s][info][gc,metaspace   ] GC(230) Metaspace: 74783K(75584K)->74783K(75584K) NonClass: 65407K(65856K)->65407K(65856K) Class: 9376K(9728K)->9376K(9728K)
[2026-10-07T17:49:13.117+0000][625.551s][info][gc             ] GC(230) Pause Young (Allocation Failure) 49M->33M(58M) 7.476ms
[2026-10-07T17:49:13.117+0000][625.551s][info][gc,cpu         ] GC(230) User=0.01s Sys=0.00s Real=0.01s
[2026-10-07T17:49:16.208+0000][628.641s][info][gc,start       ] GC(231) Pause Young (Allocation Failure)
[2026-10-07T17:49:16.214+0000][628.648s][info][gc,heap        ] GC(231) DefNew: 17754K(18816K)->1034K(18816K) Eden: 16768K(16768K)->0K(16768K) From: 986K(2048K)->1034K(2048K)
[2026-10-07T17:49:16.214+0000][628.648s][info][gc,heap        ] GC(231) Tenured: 33455K(41392K)->33455K(41392K)
[2026-10-07T17:49:16.214+0000][628.648s][info][gc,metaspace   ] GC(231) Metaspace: 74784K(75584K)->74784K(75584K) NonClass: 65408K(65856K)->65408K(65856K) Class: 9376K(9728K)->9376K(9728K)
[2026-10-07T17:49:16.214+0000][628.648s][info][gc             ] GC(231) Pause Young (Allocation Failure) 50M->33M(58M) 6.366ms
[2026-10-07T17:49:16.214+0000][628.648s][info][gc,cpu         ] GC(231) User=0.01s Sys=0.00s Real=0.01s
[2026-10-07T17:49:19.151+0000][631.584s][info][gc,start       ] GC(232) Pause Young (Allocation Failure)
[2026-10-07T17:49:19.158+0000][631.591s][info][gc,heap        ] GC(232) DefNew: 17802K(18816K)->993K(18816K) Eden: 16768K(16768K)->0K(16768K) From: 1034K(2048K)->993K(2048K)
[2026-10-07T17:49:19.158+0000][631.591s][info][gc,heap        ] GC(232) Tenured: 33455K(41392K)->33505K(41392K)
[2026-10-07T17:49:19.158+0000][631.591s][info][gc,metaspace   ] GC(232) Metaspace: 74785K(75584K)->74785K(75584K) NonClass: 65409K(65856K)->65409K(65856K) Class: 9376K(9728K)->9376K(9728K)
[2026-10-07T17:49:19.158+0000][631.592s][info][gc             ] GC(232) Pause Young (Allocation Failure) 50M->33M(58M) 7.765ms
[2026-10-07T17:49:19.158+0000][631.592s][info][gc,cpu         ] GC(232) User=0.00s Sys=0.00s Real=0.01s
[2026-10-07T17:49:21.968+0000][634.402s][info][gc,start       ] GC(233) Pause Young (Allocation Failure)
[2026-10-07T17:49:21.976+0000][634.409s][info][gc,heap        ] GC(233) DefNew: 17761K(18816K)->1053K(18816K) Eden: 16768K(16768K)->0K(16768K) From: 993K(2048K)->1053K(2048K)
[2026-10-07T17:49:21.976+0000][634.409s][info][gc,heap        ] GC(233) Tenured: 33505K(41392K)->33505K(41392K)
[2026-10-07T17:49:21.976+0000][634.409s][info][gc,metaspace   ] GC(233) Metaspace: 74786K(75584K)->74786K(75584K) NonClass: 65410K(65856K)->65410K(65856K) Class: 9376K(9728K)->9376K(9728K)
[2026-10-07T17:49:21.977+0000][634.410s][info][gc             ] GC(233) Pause Young (Allocation Failure) 50M->33M(58M) 7.553ms
[2026-10-07T17:49:21.977+0000][634.411s][info][gc,cpu         ] GC(233) User=0.01s Sys=0.00s Real=0.01s
[2026-10-07T17:49:25.346+0000][637.779s][info][gc,start       ] GC(234) Pause Young (Allocation Failure)
[2026-10-07T17:49:25.354+0000][637.787s][info][gc,heap        ] GC(234) DefNew: 17821K(18816K)->988K(18816K) Eden: 16768K(16768K)->0K(16768K) From: 1053K(2048K)->988K(2048K)
[2026-10-07T17:49:25.354+0000][637.787s][info][gc,heap        ] GC(234) Tenured: 33505K(41392K)->33545K(41392K)
[2026-10-07T17:49:25.354+0000][637.787s][info][gc,metaspace   ] GC(234) Metaspace: 74786K(75584K)->74786K(75584K) NonClass: 65410K(65856K)->65410K(65856K) Class: 9376K(9728K)->9376K(9728K)
[2026-10-07T17:49:25.354+0000][637.787s][info][gc             ] GC(234) Pause Young (Allocation Failure) 50M->33M(58M) 8.222ms
[2026-10-07T17:49:25.354+0000][637.787s][info][gc,cpu         ] GC(234) User=0.01s Sys=0.00s Real=0.01s
[2026-10-07T17:49:28.448+0000][640.882s][info][gc,start       ] GC(235) Pause Young (Allocation Failure)
[2026-10-07T17:49:28.457+0000][640.890s][info][gc,heap        ] GC(235) DefNew: 17756K(18816K)->1055K(18816K) Eden: 16768K(16768K)->0K(16768K) From: 988K(2048K)->1055K(2048K)
[2026-10-07T17:49:28.457+0000][640.890s][info][gc,heap        ] GC(235) Tenured: 33545K(41392K)->33585K(41392K)
[2026-10-07T17:49:28.457+0000][640.890s][info][gc,metaspace   ] GC(235) Metaspace: 74787K(75584K)->74787K(75584K) NonClass: 65411K(65856K)->65411K(65856K) Class: 9376K(9728K)->9376K(9728K)
[2026-10-07T17:49:28.457+0000][640.890s][info][gc             ] GC(235) Pause Young (Allocation Failure) 50M->33M(58M) 8.440ms
[2026-10-07T17:49:28.457+0000][640.890s][info][gc,cpu         ] GC(235) User=0.01s Sys=0.00s Real=0.01s
[2026-10-07T17:49:31.393+0000][643.826s][info][gc,start       ] GC(236) Pause Young (Allocation Failure)
[2026-10-07T17:49:31.402+0000][643.835s][info][gc,heap        ] GC(236) DefNew: 17810K(18816K)->1083K(18816K) Eden: 16755K(16768K)->0K(16768K) From: 1055K(2048K)->1083K(2048K)
[2026-10-07T17:49:31.402+0000][643.835s][info][gc,heap        ] GC(236) Tenured: 33585K(41392K)->33623K(41392K)
[2026-10-07T17:49:31.402+0000][643.835s][info][gc,metaspace   ] GC(236) Metaspace: 74810K(75584K)->74810K(75584K) NonClass: 65429K(65856K)->65429K(65856K) Class: 9381K(9728K)->9381K(9728K)
[2026-10-07T17:49:31.402+0000][643.835s][info][gc             ] GC(236) Pause Young (Allocation Failure) 50M->33M(58M) 8.820ms
[2026-10-07T17:49:31.402+0000][643.835s][info][gc,cpu         ] GC(236) User=0.00s Sys=0.01s Real=0.01s
[2026-10-07T17:49:34.360+0000][646.793s][info][gc,start       ] GC(237) Pause Young (Allocation Failure)
[2026-10-07T17:49:34.369+0000][646.802s][info][gc,heap        ] GC(237) DefNew: 17851K(18816K)->988K(18816K) Eden: 16768K(16768K)->0K(16768K) From: 1083K(2048K)->988K(2048K)
[2026-10-07T17:49:34.369+0000][646.802s][info][gc,heap        ] GC(237) Tenured: 33623K(41392K)->33706K(41392K)
[2026-10-07T17:49:34.369+0000][646.802s][info][gc,metaspace   ] GC(237) Metaspace: 74850K(75648K)->74850K(75648K) NonClass: 65460K(65920K)->65460K(65920K) Class: 9389K(9728K)->9389K(9728K)
[2026-10-07T17:49:34.369+0000][646.802s][info][gc             ] GC(237) Pause Young (Allocation Failure) 50M->33M(58M) 9.069ms
[2026-10-07T17:49:34.369+0000][646.802s][info][gc,cpu         ] GC(237) User=0.00s Sys=0.01s Real=0.01s
[2026-10-07T17:49:37.509+0000][649.943s][info][gc,start       ] GC(238) Pause Young (Allocation Failure)
[2026-10-07T17:49:37.516+0000][649.949s][info][gc,heap        ] GC(238) DefNew: 17756K(18816K)->1016K(18816K) Eden: 16768K(16768K)->0K(16768K) From: 988K(2048K)->1016K(2048K)
[2026-10-07T17:49:37.516+0000][649.950s][info][gc,heap        ] GC(238) Tenured: 33706K(41392K)->33706K(41392K)
[2026-10-07T17:49:37.516+0000][649.950s][info][gc,metaspace   ] GC(238) Metaspace: 74863K(75648K)->74863K(75648K) NonClass: 65473K(65920K)->65473K(65920K) Class: 9389K(9728K)->9389K(9728K)
[2026-10-07T17:49:37.516+0000][649.950s][info][gc             ] GC(238) Pause Young (Allocation Failure) 50M->33M(58M) 7.028ms
[2026-10-07T17:49:37.517+0000][649.950s][info][gc,cpu         ] GC(238) User=0.01s Sys=0.00s Real=0.01s
[2026-10-07T17:49:40.529+0000][652.962s][info][gc,start       ] GC(239) Pause Young (Allocation Failure)
[2026-10-07T17:49:40.536+0000][652.969s][info][gc,heap        ] GC(239) DefNew: 17784K(18816K)->1044K(18816K) Eden: 16768K(16768K)->0K(16768K) From: 1016K(2048K)->1044K(2048K)
[2026-10-07T17:49:40.536+0000][652.970s][info][gc,heap        ] GC(239) Tenured: 33706K(41392K)->33745K(41392K)
[2026-10-07T17:49:40.536+0000][652.970s][info][gc,metaspace   ] GC(239) Metaspace: 74863K(75648K)->74863K(75648K) NonClass: 65473K(65920K)->65473K(65920K) Class: 9389K(9728K)->9389K(9728K)
[2026-10-07T17:49:40.536+0000][652.970s][info][gc             ] GC(239) Pause Young (Allocation Failure) 50M->33M(58M) 7.471ms
[2026-10-07T17:49:40.537+0000][652.970s][info][gc,cpu         ] GC(239) User=0.01s Sys=0.00s Real=0.01s
[2026-10-07T17:49:43.527+0000][655.961s][info][gc,start       ] GC(240) Pause Young (Allocation Failure)
[2026-10-07T17:49:43.534+0000][655.967s][info][gc,heap        ] GC(240) DefNew: 17812K(18816K)->1005K(18816K) Eden: 16768K(16768K)->0K(16768K) From: 1044K(2048K)->1005K(2048K)
[2026-10-07T17:49:43.534+0000][655.967s][info][gc,heap        ] GC(240) Tenured: 33745K(41392K)->33780K(41392K)
[2026-10-07T17:49:43.534+0000][655.968s][info][gc,metaspace   ] GC(240) Metaspace: 74863K(75648K)->74863K(75648K) NonClass: 65473K(65920K)->65473K(65920K) Class: 9389K(9728K)->9389K(9728K)
[2026-10-07T17:49:43.534+0000][655.968s][info][gc             ] GC(240) Pause Young (Allocation Failure) 50M->33M(58M) 7.024ms
[2026-10-07T17:49:43.534+0000][655.968s][info][gc,cpu         ] GC(240) User=0.00s Sys=0.00s Real=0.01s
[2026-10-07T17:49:46.548+0000][658.981s][info][gc,start       ] GC(241) Pause Young (Allocation Failure)
[2026-10-07T17:49:46.566+0000][658.999s][info][gc,heap        ] GC(241) DefNew: 17773K(18816K)->1072K(18816K) Eden: 16767K(16768K)->0K(16768K) From: 1005K(2048K)->1072K(2048K)
[2026-10-07T17:49:46.566+0000][658.999s][info][gc,heap        ] GC(241) Tenured: 33780K(41392K)->33816K(41392K)
[2026-10-07T17:49:46.566+0000][658.999s][info][gc,metaspace   ] GC(241) Metaspace: 74864K(75648K)->74864K(75648K) NonClass: 65474K(65920K)->65474K(65920K) Class: 9389K(9728K)->9389K(9728K)
[2026-10-07T17:49:46.567+0000][659.000s][info][gc             ] GC(241) Pause Young (Allocation Failure) 50M->34M(58M) 18.628ms
[2026-10-07T17:49:46.567+0000][659.000s][info][gc,cpu         ] GC(241) User=0.01s Sys=0.00s Real=0.02s
[2026-10-07T17:49:49.651+0000][662.084s][info][gc,start       ] GC(242) Pause Young (Allocation Failure)
[2026-10-07T17:49:49.660+0000][662.094s][info][gc,heap        ] GC(242) DefNew: 17840K(18816K)->1017K(18816K) Eden: 16768K(16768K)->0K(16768K) From: 1072K(2048K)->1017K(2048K)
[2026-10-07T17:49:49.660+0000][662.094s][info][gc,heap        ] GC(242) Tenured: 33816K(41392K)->33892K(41392K)
[2026-10-07T17:49:49.660+0000][662.094s][info][gc,metaspace   ] GC(242) Metaspace: 74864K(75648K)->74864K(75648K) NonClass: 65474K(65920K)->65474K(65920K) Class: 9389K(9728K)->9389K(9728K)
[2026-10-07T17:49:49.660+0000][662.094s][info][gc             ] GC(242) Pause Young (Allocation Failure) 50M->34M(58M) 9.426ms
[2026-10-07T17:49:49.660+0000][662.094s][info][gc,cpu         ] GC(242) User=0.01s Sys=0.00s Real=0.01s
[2026-10-07T17:49:52.559+0000][664.992s][info][gc,start       ] GC(243) Pause Young (Allocation Failure)
[2026-10-07T17:49:52.566+0000][664.999s][info][gc,heap        ] GC(243) DefNew: 17785K(18816K)->1067K(18816K) Eden: 16768K(16768K)->0K(16768K) From: 1017K(2048K)->1067K(2048K)
[2026-10-07T17:49:52.567+0000][665.000s][info][gc,heap        ] GC(243) Tenured: 33892K(41392K)->33892K(41392K)
[2026-10-07T17:49:52.567+0000][665.000s][info][gc,metaspace   ] GC(243) Metaspace: 74874K(75648K)->74874K(75648K) NonClass: 65484K(65920K)->65484K(65920K) Class: 9389K(9728K)->9389K(9728K)
[2026-10-07T17:49:52.567+0000][665.000s][info][gc             ] GC(243) Pause Young (Allocation Failure) 50M->34M(58M) 8.532ms
[2026-10-07T17:49:52.568+0000][665.001s][info][gc,cpu         ] GC(243) User=0.00s Sys=0.00s Real=0.01s
[2026-10-07T17:49:55.588+0000][668.021s][info][gc,start       ] GC(244) Pause Young (Allocation Failure)
[2026-10-07T17:49:55.595+0000][668.028s][info][gc,heap        ] GC(244) DefNew: 17835K(18816K)->1077K(18816K) Eden: 16768K(16768K)->0K(16768K) From: 1067K(2048K)->1077K(2048K)
[2026-10-07T17:49:55.595+0000][668.028s][info][gc,heap        ] GC(244) Tenured: 33892K(41392K)->33968K(41392K)
[2026-10-07T17:49:55.595+0000][668.028s][info][gc,metaspace   ] GC(244) Metaspace: 74874K(75648K)->74874K(75648K) NonClass: 65484K(65920K)->65484K(65920K) Class: 9389K(9728K)->9389K(9728K)
[2026-10-07T17:49:55.595+0000][668.028s][info][gc             ] GC(244) Pause Young (Allocation Failure) 50M->34M(58M) 6.999ms
[2026-10-07T17:49:55.595+0000][668.028s][info][gc,cpu         ] GC(244) User=0.00s Sys=0.00s Real=0.01s
[2026-10-07T17:49:58.748+0000][671.181s][info][gc,start       ] GC(245) Pause Young (Allocation Failure)
[2026-10-07T17:49:58.760+0000][671.193s][info][gc,heap        ] GC(245) DefNew: 17845K(18816K)->1011K(18816K) Eden: 16768K(16768K)->0K(16768K) From: 1077K(2048K)->1011K(2048K)
[2026-10-07T17:49:58.760+0000][671.193s][info][gc,heap        ] GC(245) Tenured: 33968K(41392K)->34037K(41392K)
[2026-10-07T17:49:58.760+0000][671.193s][info][gc,metaspace   ] GC(245) Metaspace: 74874K(75648K)->74874K(75648K) NonClass: 65484K(65920K)->65484K(65920K) Class: 9389K(9728K)->9389K(9728K)
[2026-10-07T17:49:58.760+0000][671.194s][info][gc             ] GC(245) Pause Young (Allocation Failure) 50M->34M(58M) 12.072ms
[2026-10-07T17:49:58.760+0000][671.194s][info][gc,cpu         ] GC(245) User=0.01s Sys=0.00s Real=0.01s
[2026-10-07T17:50:02.186+0000][674.619s][info][gc,start       ] GC(246) Pause Young (Allocation Failure)
[2026-10-07T17:50:02.193+0000][674.627s][info][gc,heap        ] GC(246) DefNew: 17779K(18816K)->1099K(18816K) Eden: 16768K(16768K)->0K(16768K) From: 1011K(2048K)->1099K(2048K)
[2026-10-07T17:50:02.193+0000][674.627s][info][gc,heap        ] GC(246) Tenured: 34037K(41392K)->34037K(41392K)
[2026-10-07T17:50:02.193+0000][674.627s][info][gc,metaspace   ] GC(246) Metaspace: 74874K(75648K)->74874K(75648K) NonClass: 65484K(65920K)->65484K(65920K) Class: 9389K(9728K)->9389K(9728K)
[2026-10-07T17:50:02.193+0000][674.627s][info][gc             ] GC(246) Pause Young (Allocation Failure) 50M->34M(58M) 7.485ms
[2026-10-07T17:50:02.193+0000][674.627s][info][gc,cpu         ] GC(246) User=0.00s Sys=0.00s Real=0.00s
[2026-10-07T17:50:05.471+0000][677.905s][info][gc,start       ] GC(247) Pause Young (Allocation Failure)
[2026-10-07T17:50:05.479+0000][677.912s][info][gc,heap        ] GC(247) DefNew: 17867K(18816K)->1019K(18816K) Eden: 16768K(16768K)->0K(16768K) From: 1099K(2048K)->1019K(2048K)
[2026-10-07T17:50:05.479+0000][677.912s][info][gc,heap        ] GC(247) Tenured: 34037K(41392K)->34116K(41392K)
[2026-10-07T17:50:05.479+0000][677.912s][info][gc,metaspace   ] GC(247) Metaspace: 74874K(75648K)->74874K(75648K) NonClass: 65484K(65920K)->65484K(65920K) Class: 9389K(9728K)->9389K(9728K)
[2026-10-07T17:50:05.479+0000][677.912s][info][gc             ] GC(247) Pause Young (Allocation Failure) 50M->34M(58M) 7.632ms
[2026-10-07T17:50:05.479+0000][677.912s][info][gc,cpu         ] GC(247) User=0.00s Sys=0.00s Real=0.01s
[2026-10-07T17:50:08.444+0000][680.877s][info][gc,start       ] GC(248) Pause Young (Allocation Failure)
[2026-10-07T17:50:08.450+0000][680.884s][info][gc,heap        ] GC(248) DefNew: 17787K(18816K)->1171K(18816K) Eden: 16767K(16768K)->0K(16768K) From: 1019K(2048K)->1171K(2048K)
[2026-10-07T17:50:08.450+0000][680.884s][info][gc,heap        ] GC(248) Tenured: 34116K(41392K)->34116K(41392K)
[2026-10-07T17:50:08.450+0000][680.884s][info][gc,metaspace   ] GC(248) Metaspace: 74875K(75648K)->74875K(75648K) NonClass: 65485K(65920K)->65485K(65920K) Class: 9389K(9728K)->9389K(9728K)
[2026-10-07T17:50:08.450+0000][680.884s][info][gc             ] GC(248) Pause Young (Allocation Failure) 50M->34M(58M) 6.873ms
[2026-10-07T17:50:08.450+0000][680.884s][info][gc,cpu         ] GC(248) User=0.00s Sys=0.00s Real=0.00s
[2026-10-07T17:50:11.590+0000][684.023s][info][gc,start       ] GC(249) Pause Young (Allocation Failure)
[2026-10-07T17:50:11.599+0000][684.032s][info][gc,heap        ] GC(249) DefNew: 17939K(18816K)->972K(18816K) Eden: 16768K(16768K)->0K(16768K) From: 1171K(2048K)->972K(2048K)
[2026-10-07T17:50:11.601+0000][684.034s][info][gc,heap        ] GC(249) Tenured: 34116K(41392K)->34282K(41392K)
[2026-10-07T17:50:11.602+0000][684.035s][info][gc,metaspace   ] GC(249) Metaspace: 74876K(75648K)->74876K(75648K) NonClass: 65486K(65920K)->65486K(65920K) Class: 9389K(9728K)->9389K(9728K)
[2026-10-07T17:50:11.602+0000][684.035s][info][gc             ] GC(249) Pause Young (Allocation Failure) 50M->34M(58M) 11.684ms
[2026-10-07T17:50:11.602+0000][684.035s][info][gc,cpu         ] GC(249) User=0.01s Sys=0.00s Real=0.01s
[2026-10-07T17:50:14.736+0000][687.169s][info][gc,start       ] GC(250) Pause Young (Allocation Failure)
[2026-10-07T17:50:14.743+0000][687.176s][info][gc,heap        ] GC(250) DefNew: 17740K(18816K)->983K(18816K) Eden: 16768K(16768K)->0K(16768K) From: 972K(2048K)->983K(2048K)
[2026-10-07T17:50:14.743+0000][687.177s][info][gc,heap        ] GC(250) Tenured: 34282K(41392K)->34282K(41392K)
[2026-10-07T17:50:14.743+0000][687.177s][info][gc,metaspace   ] GC(250) Metaspace: 74876K(75648K)->74876K(75648K) NonClass: 65486K(65920K)->65486K(65920K) Class: 9389K(9728K)->9389K(9728K)
[2026-10-07T17:50:14.743+0000][687.177s][info][gc             ] GC(250) Pause Young (Allocation Failure) 50M->34M(58M) 7.123ms
[2026-10-07T17:50:14.744+0000][687.177s][info][gc,cpu         ] GC(250) User=0.00s Sys=0.00s Real=0.01s
[2026-10-07T17:50:17.793+0000][690.226s][info][gc,start       ] GC(251) Pause Young (Allocation Failure)
[2026-10-07T17:50:17.799+0000][690.232s][info][gc,heap        ] GC(251) DefNew: 17751K(18816K)->1079K(18816K) Eden: 16768K(16768K)->0K(16768K) From: 983K(2048K)->1079K(2048K)
[2026-10-07T17:50:17.799+0000][690.232s][info][gc,heap        ] GC(251) Tenured: 34282K(41392K)->34282K(41392K)
[2026-10-07T17:50:17.799+0000][690.232s][info][gc,metaspace   ] GC(251) Metaspace: 74883K(75648K)->74883K(75648K) NonClass: 65493K(65920K)->65493K(65920K) Class: 9389K(9728K)->9389K(9728K)
[2026-10-07T17:50:17.799+0000][690.232s][info][gc             ] GC(251) Pause Young (Allocation Failure) 50M->34M(58M) 6.384ms
[2026-10-07T17:50:17.799+0000][690.232s][info][gc,cpu         ] GC(251) User=0.00s Sys=0.00s Real=0.01s
[2026-10-07T17:50:20.810+0000][693.243s][info][gc,start       ] GC(252) Pause Young (Allocation Failure)
[2026-10-07T17:50:20.828+0000][693.262s][info][gc,heap        ] GC(252) DefNew: 17847K(18816K)->997K(18816K) Eden: 16768K(16768K)->0K(16768K) From: 1079K(2048K)->997K(2048K)
[2026-10-07T17:50:20.828+0000][693.262s][info][gc,heap        ] GC(252) Tenured: 34282K(41392K)->34366K(41392K)
[2026-10-07T17:50:20.828+0000][693.262s][info][gc,metaspace   ] GC(252) Metaspace: 74887K(75648K)->74887K(75648K) NonClass: 65497K(65920K)->65497K(65920K) Class: 9389K(9728K)->9389K(9728K)
[2026-10-07T17:50:20.828+0000][693.262s][info][gc             ] GC(252) Pause Young (Allocation Failure) 50M->34M(58M) 18.407ms
[2026-10-07T17:50:20.828+0000][693.262s][info][gc,cpu         ] GC(252) User=0.01s Sys=0.00s Real=0.02s
[2026-10-07T17:50:23.651+0000][696.084s][info][gc,start       ] GC(253) Pause Young (Allocation Failure)
[2026-10-07T17:50:23.658+0000][696.092s][info][gc,heap        ] GC(253) DefNew: 17765K(18816K)->1002K(18816K) Eden: 16768K(16768K)->0K(16768K) From: 997K(2048K)->1002K(2048K)
[2026-10-07T17:50:23.659+0000][696.092s][info][gc,heap        ] GC(253) Tenured: 34366K(41392K)->34366K(41392K)
[2026-10-07T17:50:23.659+0000][696.092s][info][gc,metaspace   ] GC(253) Metaspace: 74891K(75648K)->74891K(75648K) NonClass: 65501K(65920K)->65501K(65920K) Class: 9389K(9728K)->9389K(9728K)
[2026-10-07T17:50:23.659+0000][696.092s][info][gc             ] GC(253) Pause Young (Allocation Failure) 50M->34M(58M) 8.014ms
[2026-10-07T17:50:23.659+0000][696.092s][info][gc,cpu         ] GC(253) User=0.00s Sys=0.00s Real=0.01s
[2026-10-07T17:50:26.617+0000][699.050s][info][gc,start       ] GC(254) Pause Young (Allocation Failure)
[2026-10-07T17:50:26.634+0000][699.067s][info][gc,heap        ] GC(254) DefNew: 17770K(18816K)->1083K(18816K) Eden: 16768K(16768K)->0K(16768K) From: 1002K(2048K)->1083K(2048K)
[2026-10-07T17:50:26.634+0000][699.067s][info][gc,heap        ] GC(254) Tenured: 34366K(41392K)->34366K(41392K)
[2026-10-07T17:50:26.634+0000][699.067s][info][gc,metaspace   ] GC(254) Metaspace: 74891K(75648K)->74891K(75648K) NonClass: 65501K(65920K)->65501K(65920K) Class: 9389K(9728K)->9389K(9728K)
[2026-10-07T17:50:26.634+0000][699.067s][info][gc             ] GC(254) Pause Young (Allocation Failure) 50M->34M(58M) 16.906ms
[2026-10-07T17:50:26.634+0000][699.067s][info][gc,cpu         ] GC(254) User=0.01s Sys=0.00s Real=0.02s
[2026-10-07T17:50:29.644+0000][702.078s][info][gc,start       ] GC(255) Pause Young (Allocation Failure)
[2026-10-07T17:50:29.653+0000][702.087s][info][gc,heap        ] GC(255) DefNew: 17851K(18816K)->1008K(18816K) Eden: 16768K(16768K)->0K(16768K) From: 1083K(2048K)->1008K(2048K)
[2026-10-07T17:50:29.653+0000][702.087s][info][gc,heap        ] GC(255) Tenured: 34366K(41392K)->34450K(41392K)
[2026-10-07T17:50:29.653+0000][702.087s][info][gc,metaspace   ] GC(255) Metaspace: 74893K(75648K)->74893K(75648K) NonClass: 65504K(65920K)->65504K(65920K) Class: 9389K(9728K)->9389K(9728K)
[2026-10-07T17:50:29.654+0000][702.087s][info][gc             ] GC(255) Pause Young (Allocation Failure) 50M->34M(58M) 9.130ms
[2026-10-07T17:50:29.654+0000][702.087s][info][gc,cpu         ] GC(255) User=0.00s Sys=0.00s Real=0.01s
[2026-10-07T17:50:32.683+0000][705.116s][info][gc,start       ] GC(256) Pause Young (Allocation Failure)
[2026-10-07T17:50:32.690+0000][705.123s][info][gc,heap        ] GC(256) DefNew: 17776K(18816K)->1096K(18816K) Eden: 16768K(16768K)->0K(16768K) From: 1008K(2048K)->1096K(2048K)
[2026-10-07T17:50:32.690+0000][705.123s][info][gc,heap        ] GC(256) Tenured: 34450K(41392K)->34450K(41392K)
[2026-10-07T17:50:32.690+0000][705.123s][info][gc,metaspace   ] GC(256) Metaspace: 74893K(75648K)->74893K(75648K) NonClass: 65504K(65920K)->65504K(65920K) Class: 9389K(9728K)->9389K(9728K)
[2026-10-07T17:50:32.690+0000][705.123s][info][gc             ] GC(256) Pause Young (Allocation Failure) 51M->34M(58M) 7.380ms
[2026-10-07T17:50:32.690+0000][705.123s][info][gc,cpu         ] GC(256) User=0.01s Sys=0.00s Real=0.01s
[2026-10-07T17:50:35.682+0000][708.115s][info][gc,start       ] GC(257) Pause Young (Allocation Failure)
[2026-10-07T17:50:35.694+0000][708.128s][info][gc,heap        ] GC(257) DefNew: 17864K(18816K)->1007K(18816K) Eden: 16768K(16768K)->0K(16768K) From: 1096K(2048K)->1007K(2048K)
[2026-10-07T17:50:35.694+0000][708.128s][info][gc,heap        ] GC(257) Tenured: 34450K(41392K)->34579K(41392K)
[2026-10-07T17:50:35.694+0000][708.128s][info][gc,metaspace   ] GC(257) Metaspace: 74898K(75648K)->74898K(75648K) NonClass: 65508K(65920K)->65508K(65920K) Class: 9389K(9728K)->9389K(9728K)
[2026-10-07T17:50:35.695+0000][708.128s][info][gc             ] GC(257) Pause Young (Allocation Failure) 51M->34M(58M) 12.812ms
[2026-10-07T17:50:35.695+0000][708.128s][info][gc,cpu         ] GC(257) User=0.01s Sys=0.00s Real=0.02s
[2026-10-07T17:50:38.764+0000][711.197s][info][gc,start       ] GC(258) Pause Young (Allocation Failure)
[2026-10-07T17:50:38.780+0000][711.213s][info][gc,heap        ] GC(258) DefNew: 17775K(18816K)->967K(18816K) Eden: 16768K(16768K)->0K(16768K) From: 1007K(2048K)->967K(2048K)
[2026-10-07T17:50:38.780+0000][711.213s][info][gc,heap        ] GC(258) Tenured: 34579K(41392K)->34579K(41392K)
[2026-10-07T17:50:38.780+0000][711.213s][info][gc,metaspace   ] GC(258) Metaspace: 74900K(75648K)->74900K(75648K) NonClass: 65510K(65920K)->65510K(65920K) Class: 9389K(9728K)->9389K(9728K)
[2026-10-07T17:50:38.780+0000][711.213s][info][gc             ] GC(258) Pause Young (Allocation Failure) 51M->34M(58M) 16.001ms
[2026-10-07T17:50:38.780+0000][711.213s][info][gc,cpu         ] GC(258) User=0.01s Sys=0.00s Real=0.01s
[2026-10-07T17:50:41.933+0000][714.366s][info][gc,start       ] GC(259) Pause Young (Allocation Failure)
[2026-10-07T17:50:41.940+0000][714.374s][info][gc,heap        ] GC(259) DefNew: 17735K(18816K)->1088K(18816K) Eden: 16768K(16768K)->0K(16768K) From: 967K(2048K)->1088K(2048K)
[2026-10-07T17:50:41.940+0000][714.374s][info][gc,heap        ] GC(259) Tenured: 34579K(41392K)->34579K(41392K)
[2026-10-07T17:50:41.940+0000][714.374s][info][gc,metaspace   ] GC(259) Metaspace: 74901K(75648K)->74901K(75648K) NonClass: 65511K(65920K)->65511K(65920K) Class: 9389K(9728K)->9389K(9728K)
[2026-10-07T17:50:41.941+0000][714.374s][info][gc             ] GC(259) Pause Young (Allocation Failure) 51M->34M(58M) 7.600ms
[2026-10-07T17:50:41.941+0000][714.374s][info][gc,cpu         ] GC(259) User=0.01s Sys=0.00s Real=0.01s
[2026-10-07T17:50:44.812+0000][717.246s][info][gc,start       ] GC(260) Pause Young (Allocation Failure)
[2026-10-07T17:50:44.821+0000][717.254s][info][gc,heap        ] GC(260) DefNew: 17856K(18816K)->1029K(18816K) Eden: 16768K(16768K)->0K(16768K) From: 1088K(2048K)->1029K(2048K)
[2026-10-07T17:50:44.821+0000][717.254s][info][gc,heap        ] GC(260) Tenured: 34579K(41392K)->34661K(41392K)
[2026-10-07T17:50:44.821+0000][717.254s][info][gc,metaspace   ] GC(260) Metaspace: 74901K(75648K)->74901K(75648K) NonClass: 65511K(65920K)->65511K(65920K) Class: 9389K(9728K)->9389K(9728K)
[2026-10-07T17:50:44.821+0000][717.255s][info][gc             ] GC(260) Pause Young (Allocation Failure) 51M->34M(58M) 8.845ms
[2026-10-07T17:50:44.821+0000][717.255s][info][gc,cpu         ] GC(260) User=0.01s Sys=0.00s Real=0.01s
[2026-10-07T17:50:47.741+0000][720.175s][info][gc,start       ] GC(261) Pause Young (Allocation Failure)
[2026-10-07T17:50:47.754+0000][720.187s][info][gc,heap        ] GC(261) DefNew: 17797K(18816K)->1060K(18816K) Eden: 16768K(16768K)->0K(16768K) From: 1029K(2048K)->1060K(2048K)
[2026-10-07T17:50:47.755+0000][720.188s][info][gc,heap        ] GC(261) Tenured: 34661K(41392K)->34700K(41392K)
[2026-10-07T17:50:47.755+0000][720.188s][info][gc,metaspace   ] GC(261) Metaspace: 74914K(75648K)->74914K(75648K) NonClass: 65524K(65920K)->65524K(65920K) Class: 9389K(9728K)->9389K(9728K)
[2026-10-07T17:50:47.755+0000][720.188s][info][gc             ] GC(261) Pause Young (Allocation Failure) 51M->34M(58M) 13.584ms
[2026-10-07T17:50:47.755+0000][720.188s][info][gc,cpu         ] GC(261) User=0.00s Sys=0.00s Real=0.02s
[2026-10-07T17:50:50.676+0000][723.109s][info][gc,start       ] GC(262) Pause Young (Allocation Failure)
[2026-10-07T17:50:50.687+0000][723.120s][info][gc,heap        ] GC(262) DefNew: 17828K(18816K)->1042K(18816K) Eden: 16768K(16768K)->0K(16768K) From: 1060K(2048K)->1042K(2048K)
[2026-10-07T17:50:50.687+0000][723.120s][info][gc,heap        ] GC(262) Tenured: 34700K(41392K)->34751K(41392K)
[2026-10-07T17:50:50.687+0000][723.120s][info][gc,metaspace   ] GC(262) Metaspace: 74915K(75648K)->74915K(75648K) NonClass: 65525K(65920K)->65525K(65920K) Class: 9389K(9728K)->9389K(9728K)
[2026-10-07T17:50:50.687+0000][723.120s][info][gc             ] GC(262) Pause Young (Allocation Failure) 51M->34M(58M) 11.287ms
[2026-10-07T17:50:50.687+0000][723.120s][info][gc,cpu         ] GC(262) User=0.00s Sys=0.01s Real=0.01s
[2026-10-07T17:50:53.624+0000][726.058s][info][gc,start       ] GC(263) Pause Young (Allocation Failure)
[2026-10-07T17:50:53.634+0000][726.067s][info][gc,heap        ] GC(263) DefNew: 17810K(18816K)->1059K(18816K) Eden: 16768K(16768K)->0K(16768K) From: 1042K(2048K)->1059K(2048K)
[2026-10-07T17:50:53.634+0000][726.067s][info][gc,heap        ] GC(263) Tenured: 34751K(41392K)->34790K(41392K)
[2026-10-07T17:50:53.634+0000][726.067s][info][gc,metaspace   ] GC(263) Metaspace: 74917K(75648K)->74917K(75648K) NonClass: 65527K(65920K)->65527K(65920K) Class: 9389K(9728K)->9389K(9728K)
[2026-10-07T17:50:53.634+0000][726.067s][info][gc             ] GC(263) Pause Young (Allocation Failure) 51M->35M(58M) 9.243ms
[2026-10-07T17:50:53.634+0000][726.067s][info][gc,cpu         ] GC(263) User=0.00s Sys=0.00s Real=0.01s
[2026-10-07T17:50:56.738+0000][729.172s][info][gc,start       ] GC(264) Pause Young (Allocation Failure)
[2026-10-07T17:50:56.746+0000][729.180s][info][gc,heap        ] GC(264) DefNew: 17825K(18816K)->1004K(18816K) Eden: 16766K(16768K)->0K(16768K) From: 1059K(2048K)->1004K(2048K)
[2026-10-07T17:50:56.746+0000][729.180s][info][gc,heap        ] GC(264) Tenured: 34790K(41392K)->34860K(41392K)
[2026-10-07T17:50:56.746+0000][729.180s][info][gc,metaspace   ] GC(264) Metaspace: 74917K(75648K)->74917K(75648K) NonClass: 65527K(65920K)->65527K(65920K) Class: 9389K(9728K)->9389K(9728K)
[2026-10-07T17:50:56.747+0000][729.180s][info][gc             ] GC(264) Pause Young (Allocation Failure) 51M->35M(58M) 8.176ms
[2026-10-07T17:50:56.747+0000][729.181s][info][gc,cpu         ] GC(264) User=0.01s Sys=0.00s Real=0.01s
[2026-10-07T17:50:59.885+0000][732.319s][info][gc,start       ] GC(265) Pause Young (Allocation Failure)
[2026-10-07T17:50:59.892+0000][732.325s][info][gc,heap        ] GC(265) DefNew: 17772K(18816K)->1023K(18816K) Eden: 16768K(16768K)->0K(16768K) From: 1004K(2048K)->1023K(2048K)
[2026-10-07T17:50:59.892+0000][732.325s][info][gc,heap        ] GC(265) Tenured: 34860K(41392K)->34860K(41392K)
[2026-10-07T17:50:59.892+0000][732.325s][info][gc,metaspace   ] GC(265) Metaspace: 74917K(75648K)->74917K(75648K) NonClass: 65527K(65920K)->65527K(65920K) Class: 9389K(9728K)->9389K(9728K)
[2026-10-07T17:50:59.892+0000][732.325s][info][gc             ] GC(265) Pause Young (Allocation Failure) 51M->35M(58M) 6.642ms
[2026-10-07T17:50:59.892+0000][732.325s][info][gc,cpu         ] GC(265) User=0.01s Sys=0.00s Real=0.00s
[2026-10-07T17:51:02.952+0000][735.385s][info][gc,start       ] GC(266) Pause Young (Allocation Failure)
[2026-10-07T17:51:02.961+0000][735.394s][info][gc,heap        ] GC(266) DefNew: 17791K(18816K)->1107K(18816K) Eden: 16768K(16768K)->0K(16768K) From: 1023K(2048K)->1107K(2048K)
[2026-10-07T17:51:02.962+0000][735.395s][info][gc,heap        ] GC(266) Tenured: 34860K(41392K)->34860K(41392K)
[2026-10-07T17:51:02.962+0000][735.395s][info][gc,metaspace   ] GC(266) Metaspace: 74919K(75648K)->74919K(75648K) NonClass: 65529K(65920K)->65529K(65920K) Class: 9389K(9728K)->9389K(9728K)
[2026-10-07T17:51:02.962+0000][735.395s][info][gc             ] GC(266) Pause Young (Allocation Failure) 51M->35M(58M) 9.458ms
[2026-10-07T17:51:02.962+0000][735.395s][info][gc,cpu         ] GC(266) User=0.01s Sys=0.00s Real=0.01s
[2026-10-07T17:51:05.945+0000][738.378s][info][gc,start       ] GC(267) Pause Young (Allocation Failure)
[2026-10-07T17:51:05.956+0000][738.389s][info][gc,heap        ] GC(267) DefNew: 17875K(18816K)->1013K(18816K) Eden: 16768K(16768K)->0K(16768K) From: 1107K(2048K)->1013K(2048K)
[2026-10-07T17:51:05.956+0000][738.389s][info][gc,heap        ] GC(267) Tenured: 34860K(41392K)->34974K(41392K)
[2026-10-07T17:51:05.956+0000][738.389s][info][gc,metaspace   ] GC(267) Metaspace: 74919K(75648K)->74919K(75648K) NonClass: 65529K(65920K)->65529K(65920K) Class: 9389K(9728K)->9389K(9728K)
[2026-10-07T17:51:05.956+0000][738.389s][info][gc             ] GC(267) Pause Young (Allocation Failure) 51M->35M(58M) 10.900ms
[2026-10-07T17:51:05.956+0000][738.389s][info][gc,cpu         ] GC(267) User=0.01s Sys=0.00s Real=0.01s
[2026-10-07T17:51:08.844+0000][741.277s][info][gc,start       ] GC(268) Pause Young (Allocation Failure)
[2026-10-07T17:51:08.855+0000][741.288s][info][gc,heap        ] GC(268) DefNew: 17781K(18816K)->1016K(18816K) Eden: 16768K(16768K)->0K(16768K) From: 1013K(2048K)->1016K(2048K)
[2026-10-07T17:51:08.855+0000][741.288s][info][gc,heap        ] GC(268) Tenured: 34974K(41392K)->34974K(41392K)
[2026-10-07T17:51:08.855+0000][741.288s][info][gc,metaspace   ] GC(268) Metaspace: 74922K(75648K)->74922K(75648K) NonClass: 65532K(65920K)->65532K(65920K) Class: 9389K(9728K)->9389K(9728K)
[2026-10-07T17:51:08.855+0000][741.288s][info][gc             ] GC(268) Pause Young (Allocation Failure) 51M->35M(58M) 11.071ms
[2026-10-07T17:51:08.856+0000][741.289s][info][gc,cpu         ] GC(268) User=0.01s Sys=0.00s Real=0.01s
[2026-10-07T17:51:11.738+0000][744.171s][info][gc,start       ] GC(269) Pause Young (Allocation Failure)
[2026-10-07T17:51:11.746+0000][744.179s][info][gc,heap        ] GC(269) DefNew: 17784K(18816K)->1179K(18816K) Eden: 16768K(16768K)->0K(16768K) From: 1016K(2048K)->1179K(2048K)
[2026-10-07T17:51:11.746+0000][744.179s][info][gc,heap        ] GC(269) Tenured: 34974K(41392K)->34974K(41392K)
[2026-10-07T17:51:11.746+0000][744.179s][info][gc,metaspace   ] GC(269) Metaspace: 74922K(75648K)->74922K(75648K) NonClass: 65532K(65920K)->65532K(65920K) Class: 9389K(9728K)->9389K(9728K)
[2026-10-07T17:51:11.746+0000][744.179s][info][gc             ] GC(269) Pause Young (Allocation Failure) 51M->35M(58M) 7.764ms
[2026-10-07T17:51:11.746+0000][744.179s][info][gc,cpu         ] GC(269) User=0.00s Sys=0.00s Real=0.01s
[2026-10-07T17:51:14.635+0000][747.068s][info][gc,start       ] GC(270) Pause Young (Allocation Failure)
[2026-10-07T17:51:14.643+0000][747.077s][info][gc,heap        ] GC(270) DefNew: 17947K(18816K)->1058K(18816K) Eden: 16768K(16768K)->0K(16768K) From: 1179K(2048K)->1058K(2048K)
[2026-10-07T17:51:14.643+0000][747.077s][info][gc,heap        ] GC(270) Tenured: 34974K(41392K)->35152K(41392K)
[2026-10-07T17:51:14.643+0000][747.077s][info][gc,metaspace   ] GC(270) Metaspace: 74923K(75648K)->74923K(75648K) NonClass: 65533K(65920K)->65533K(65920K) Class: 9389K(9728K)->9389K(9728K)
[2026-10-07T17:51:14.644+0000][747.077s][info][gc             ] GC(270) Pause Young (Allocation Failure) 51M->35M(58M) 8.438ms
[2026-10-07T17:51:14.644+0000][747.077s][info][gc,cpu         ] GC(270) User=0.01s Sys=0.00s Real=0.01s
[2026-10-07T17:51:17.736+0000][750.170s][info][gc,start       ] GC(271) Pause Young (Allocation Failure)
[2026-10-07T17:51:17.744+0000][750.178s][info][gc,heap        ] GC(271) DefNew: 17826K(18816K)->1064K(18816K) Eden: 16768K(16768K)->0K(16768K) From: 1058K(2048K)->1064K(2048K)
[2026-10-07T17:51:17.744+0000][750.178s][info][gc,heap        ] GC(271) Tenured: 35152K(41392K)->35189K(41392K)
[2026-10-07T17:51:17.744+0000][750.178s][info][gc,metaspace   ] GC(271) Metaspace: 74923K(75648K)->74923K(75648K) NonClass: 65533K(65920K)->65533K(65920K) Class: 9389K(9728K)->9389K(9728K)
[2026-10-07T17:51:17.745+0000][750.178s][info][gc             ] GC(271) Pause Young (Allocation Failure) 51M->35M(58M) 8.086ms
[2026-10-07T17:51:17.746+0000][750.179s][info][gc,cpu         ] GC(271) User=0.01s Sys=0.00s Real=0.01s
[2026-10-07T17:51:20.544+0000][752.977s][info][gc,start       ] GC(272) Pause Young (Allocation Failure)
[2026-10-07T17:51:20.550+0000][752.984s][info][gc,heap        ] GC(272) DefNew: 17832K(18816K)->1092K(18816K) Eden: 16768K(16768K)->0K(16768K) From: 1064K(2048K)->1092K(2048K)
[2026-10-07T17:51:20.551+0000][752.984s][info][gc,heap        ] GC(272) Tenured: 35189K(41392K)->35230K(41392K)
[2026-10-07T17:51:20.551+0000][752.984s][info][gc,metaspace   ] GC(272) Metaspace: 74925K(75712K)->74925K(75712K) NonClass: 65535K(65984K)->65535K(65984K) Class: 9389K(9728K)->9389K(9728K)
[2026-10-07T17:51:20.551+0000][752.984s][info][gc             ] GC(272) Pause Young (Allocation Failure) 51M->35M(58M) 7.115ms
[2026-10-07T17:51:20.551+0000][752.984s][info][gc,cpu         ] GC(272) User=0.01s Sys=0.00s Real=0.00s
[2026-10-07T17:51:23.530+0000][755.963s][info][gc,start       ] GC(273) Pause Young (Allocation Failure)
[2026-10-07T17:51:23.541+0000][755.974s][info][gc,heap        ] GC(273) DefNew: 17860K(18816K)->1043K(18816K) Eden: 16768K(16768K)->0K(16768K) From: 1092K(2048K)->1043K(2048K)
[2026-10-07T17:51:23.541+0000][755.974s][info][gc,heap        ] GC(273) Tenured: 35230K(41392K)->35325K(41392K)
[2026-10-07T17:51:23.541+0000][755.974s][info][gc,metaspace   ] GC(273) Metaspace: 74943K(75712K)->74943K(75712K) NonClass: 65553K(65984K)->65553K(65984K) Class: 9389K(9728K)->9389K(9728K)
[2026-10-07T17:51:23.542+0000][755.975s][info][gc             ] GC(273) Pause Young (Allocation Failure) 51M->35M(58M) 12.003ms
[2026-10-07T17:51:23.542+0000][755.976s][info][gc,cpu         ] GC(273) User=0.01s Sys=0.00s Real=0.01s
[2026-10-07T17:51:26.555+0000][758.988s][info][gc,start       ] GC(274) Pause Young (Allocation Failure)
[2026-10-07T17:51:26.564+0000][758.997s][info][gc,heap        ] GC(274) DefNew: 17811K(18816K)->985K(18816K) Eden: 16768K(16768K)->0K(16768K) From: 1043K(2048K)->985K(2048K)
[2026-10-07T17:51:26.564+0000][758.997s][info][gc,heap        ] GC(274) Tenured: 35325K(41392K)->35368K(41392K)
[2026-10-07T17:51:26.564+0000][758.997s][info][gc,metaspace   ] GC(274) Metaspace: 74943K(75712K)->74943K(75712K) NonClass: 65553K(65984K)->65553K(65984K) Class: 9389K(9728K)->9389K(9728K)
[2026-10-07T17:51:26.564+0000][758.997s][info][gc             ] GC(274) Pause Young (Allocation Failure) 51M->35M(58M) 8.577ms
[2026-10-07T17:51:26.564+0000][758.997s][info][gc,cpu         ] GC(274) User=0.01s Sys=0.00s Real=0.01s
[2026-10-07T17:51:29.563+0000][761.996s][info][gc,start       ] GC(275) Pause Young (Allocation Failure)
[2026-10-07T17:51:29.577+0000][762.010s][info][gc,heap        ] GC(275) DefNew: 17753K(18816K)->1006K(18816K) Eden: 16768K(16768K)->0K(16768K) From: 985K(2048K)->1006K(2048K)
[2026-10-07T17:51:29.577+0000][762.010s][info][gc,heap        ] GC(275) Tenured: 35368K(41392K)->35368K(41392K)
[2026-10-07T17:51:29.577+0000][762.010s][info][gc,metaspace   ] GC(275) Metaspace: 74943K(75712K)->74943K(75712K) NonClass: 65553K(65984K)->65553K(65984K) Class: 9389K(9728K)->9389K(9728K)
[2026-10-07T17:51:29.577+0000][762.010s][info][gc             ] GC(275) Pause Young (Allocation Failure) 51M->35M(58M) 14.339ms
[2026-10-07T17:51:29.577+0000][762.010s][info][gc,cpu         ] GC(275) User=0.01s Sys=0.00s Real=0.02s
[2026-10-07T17:51:32.633+0000][765.066s][info][gc,start       ] GC(276) Pause Young (Allocation Failure)
[2026-10-07T17:51:32.640+0000][765.073s][info][gc,heap        ] GC(276) DefNew: 17774K(18816K)->1073K(18816K) Eden: 16768K(16768K)->0K(16768K) From: 1006K(2048K)->1073K(2048K)
[2026-10-07T17:51:32.640+0000][765.073s][info][gc,heap        ] GC(276) Tenured: 35368K(41392K)->35368K(41392K)
[2026-10-07T17:51:32.640+0000][765.073s][info][gc,metaspace   ] GC(276) Metaspace: 74943K(75712K)->74943K(75712K) NonClass: 65553K(65984K)->65553K(65984K) Class: 9389K(9728K)->9389K(9728K)
[2026-10-07T17:51:32.640+0000][765.073s][info][gc             ] GC(276) Pause Young (Allocation Failure) 51M->35M(58M) 7.092ms
[2026-10-07T17:51:32.640+0000][765.073s][info][gc,cpu         ] GC(276) User=0.01s Sys=0.00s Real=0.01s
[2026-10-07T17:51:35.486+0000][767.919s][info][gc,start       ] GC(277) Pause Young (Allocation Failure)
[2026-10-07T17:51:35.493+0000][767.926s][info][gc,heap        ] GC(277) DefNew: 17841K(18816K)->1052K(18816K) Eden: 16768K(16768K)->0K(16768K) From: 1073K(2048K)->1052K(2048K)
[2026-10-07T17:51:35.493+0000][767.926s][info][gc,heap        ] GC(277) Tenured: 35368K(41392K)->35448K(41392K)
[2026-10-07T17:51:35.493+0000][767.926s][info][gc,metaspace   ] GC(277) Metaspace: 74946K(75712K)->74946K(75712K) NonClass: 65556K(65984K)->65556K(65984K) Class: 9390K(9728K)->9390K(9728K)
[2026-10-07T17:51:35.493+0000][767.926s][info][gc             ] GC(277) Pause Young (Allocation Failure) 51M->35M(58M) 6.945ms
[2026-10-07T17:51:35.493+0000][767.926s][info][gc,cpu         ] GC(277) User=0.01s Sys=0.00s Real=0.00s
[2026-10-07T17:51:38.103+0000][770.536s][info][gc,start       ] GC(278) Pause Young (Allocation Failure)
[2026-10-07T17:51:38.120+0000][770.553s][info][gc,heap        ] GC(278) DefNew: 17820K(18816K)->1154K(18816K) Eden: 16768K(16768K)->0K(16768K) From: 1052K(2048K)->1154K(2048K)
[2026-10-07T17:51:38.120+0000][770.553s][info][gc,heap        ] GC(278) Tenured: 35448K(41392K)->35486K(41392K)
[2026-10-07T17:51:38.120+0000][770.553s][info][gc,metaspace   ] GC(278) Metaspace: 74947K(75712K)->74947K(75712K) NonClass: 65557K(65984K)->65557K(65984K) Class: 9390K(9728K)->9390K(9728K)
[2026-10-07T17:51:38.120+0000][770.553s][info][gc             ] GC(278) Pause Young (Allocation Failure) 52M->35M(58M) 16.634ms
[2026-10-07T17:51:38.120+0000][770.553s][info][gc,cpu         ] GC(278) User=0.01s Sys=0.00s Real=0.02s
[2026-10-07T17:51:41.017+0000][773.450s][info][gc,start       ] GC(279) Pause Young (Allocation Failure)
[2026-10-07T17:51:41.024+0000][773.457s][info][gc,heap        ] GC(279) DefNew: 17922K(18816K)->933K(18816K) Eden: 16768K(16768K)->0K(16768K) From: 1154K(2048K)->933K(2048K)
[2026-10-07T17:51:41.024+0000][773.458s][info][gc,heap        ] GC(279) Tenured: 35486K(41392K)->35697K(41392K)
[2026-10-07T17:51:41.024+0000][773.458s][info][gc,metaspace   ] GC(279) Metaspace: 74948K(75712K)->74948K(75712K) NonClass: 65558K(65984K)->65558K(65984K) Class: 9390K(9728K)->9390K(9728K)
[2026-10-07T17:51:41.025+0000][773.458s][info][gc             ] GC(279) Pause Young (Allocation Failure) 52M->35M(58M) 7.766ms
[2026-10-07T17:51:41.025+0000][773.458s][info][gc,cpu         ] GC(279) User=0.01s Sys=0.00s Real=0.01s
[2026-10-07T17:51:44.285+0000][776.718s][info][gc,start       ] GC(280) Pause Young (Allocation Failure)
[2026-10-07T17:51:44.300+0000][776.733s][info][gc,heap        ] GC(280) DefNew: 17701K(18816K)->905K(18816K) Eden: 16768K(16768K)->0K(16768K) From: 933K(2048K)->905K(2048K)
[2026-10-07T17:51:44.300+0000][776.733s][info][gc,heap        ] GC(280) Tenured: 35697K(41392K)->35697K(41392K)
[2026-10-07T17:51:44.300+0000][776.734s][info][gc,metaspace   ] GC(280) Metaspace: 74962K(75712K)->74962K(75712K) NonClass: 65571K(65984K)->65571K(65984K) Class: 9390K(9728K)->9390K(9728K)
[2026-10-07T17:51:44.301+0000][776.734s][info][gc             ] GC(280) Pause Young (Allocation Failure) 52M->35M(58M) 15.551ms
[2026-10-07T17:51:44.301+0000][776.734s][info][gc,cpu         ] GC(280) User=0.00s Sys=0.00s Real=0.01s
[2026-10-07T17:51:47.208+0000][779.641s][info][gc,start       ] GC(281) Pause Young (Allocation Failure)
[2026-10-07T17:51:47.216+0000][779.649s][info][gc,heap        ] GC(281) DefNew: 17673K(18816K)->1077K(18816K) Eden: 16768K(16768K)->0K(16768K) From: 905K(2048K)->1077K(2048K)
[2026-10-07T17:51:47.216+0000][779.649s][info][gc,heap        ] GC(281) Tenured: 35697K(41392K)->35697K(41392K)
[2026-10-07T17:51:47.216+0000][779.649s][info][gc,metaspace   ] GC(281) Metaspace: 74962K(75712K)->74962K(75712K) NonClass: 65571K(65984K)->65571K(65984K) Class: 9390K(9728K)->9390K(9728K)
[2026-10-07T17:51:47.216+0000][779.649s][info][gc             ] GC(281) Pause Young (Allocation Failure) 52M->35M(58M) 8.480ms
[2026-10-07T17:51:47.216+0000][779.649s][info][gc,cpu         ] GC(281) User=0.01s Sys=0.00s Real=0.01s
[2026-10-07T17:51:50.146+0000][782.579s][info][gc,start       ] GC(282) Pause Young (Allocation Failure)
[2026-10-07T17:51:50.157+0000][782.590s][info][gc,heap        ] GC(282) DefNew: 17845K(18816K)->1007K(18816K) Eden: 16767K(16768K)->0K(16768K) From: 1077K(2048K)->1007K(2048K)
[2026-10-07T17:51:50.157+0000][782.590s][info][gc,heap        ] GC(282) Tenured: 35697K(41392K)->35770K(41392K)
[2026-10-07T17:51:50.157+0000][782.591s][info][gc,metaspace   ] GC(282) Metaspace: 74974K(75712K)->74974K(75712K) NonClass: 65583K(65984K)->65583K(65984K) Class: 9390K(9728K)->9390K(9728K)
[2026-10-07T17:51:50.157+0000][782.591s][info][gc             ] GC(282) Pause Young (Allocation Failure) 52M->35M(58M) 11.795ms
[2026-10-07T17:51:50.157+0000][782.591s][info][gc,cpu         ] GC(282) User=0.01s Sys=0.00s Real=0.01s
[2026-10-07T17:51:52.871+0000][785.304s][info][gc,start       ] GC(283) Pause Young (Allocation Failure)
[2026-10-07T17:51:52.881+0000][785.315s][info][gc,heap        ] GC(283) DefNew: 17775K(18816K)->1091K(18816K) Eden: 16768K(16768K)->0K(16768K) From: 1007K(2048K)->1091K(2048K)
[2026-10-07T17:51:52.881+0000][785.315s][info][gc,heap        ] GC(283) Tenured: 35770K(41392K)->35770K(41392K)
[2026-10-07T17:51:52.882+0000][785.315s][info][gc,metaspace   ] GC(283) Metaspace: 74975K(75712K)->74975K(75712K) NonClass: 65585K(65984K)->65585K(65984K) Class: 9390K(9728K)->9390K(9728K)
[2026-10-07T17:51:52.882+0000][785.315s][info][gc             ] GC(283) Pause Young (Allocation Failure) 52M->35M(58M) 10.870ms
[2026-10-07T17:51:52.882+0000][785.315s][info][gc,cpu         ] GC(283) User=0.01s Sys=0.00s Real=0.01s
[2026-10-07T17:51:55.555+0000][787.988s][info][gc,start       ] GC(284) Pause Young (Allocation Failure)
[2026-10-07T17:51:55.567+0000][788.000s][info][gc,heap        ] GC(284) DefNew: 17859K(18816K)->1111K(18816K) Eden: 16768K(16768K)->0K(16768K) From: 1091K(2048K)->1111K(2048K)
[2026-10-07T17:51:55.570+0000][788.004s][info][gc,heap        ] GC(284) Tenured: 35770K(41392K)->35843K(41392K)
[2026-10-07T17:51:55.573+0000][788.007s][info][gc,metaspace   ] GC(284) Metaspace: 75012K(75776K)->75012K(75776K) NonClass: 65621K(66048K)->65621K(66048K) Class: 9390K(9728K)->9390K(9728K)
[2026-10-07T17:51:55.576+0000][788.009s][info][gc             ] GC(284) Pause Young (Allocation Failure) 52M->36M(58M) 20.905ms
[2026-10-07T17:51:55.578+0000][788.011s][info][gc,cpu         ] GC(284) User=0.02s Sys=0.00s Real=0.02s
[2026-10-07T17:51:58.637+0000][791.071s][info][gc,start       ] GC(285) Pause Young (Allocation Failure)
[2026-10-07T17:51:58.645+0000][791.078s][info][gc,heap        ] GC(285) DefNew: 17879K(18816K)->1094K(18816K) Eden: 16768K(16768K)->0K(16768K) From: 1111K(2048K)->1094K(2048K)
[2026-10-07T17:51:58.645+0000][791.078s][info][gc,heap        ] GC(285) Tenured: 35843K(41392K)->35961K(41392K)
[2026-10-07T17:51:58.645+0000][791.078s][info][gc,metaspace   ] GC(285) Metaspace: 75012K(75776K)->75012K(75776K) NonClass: 65621K(66048K)->65621K(66048K) Class: 9390K(9728K)->9390K(9728K)
[2026-10-07T17:51:58.645+0000][791.078s][info][gc             ] GC(285) Pause Young (Allocation Failure) 52M->36M(58M) 7.358ms
[2026-10-07T17:51:58.645+0000][791.078s][info][gc,cpu         ] GC(285) User=0.01s Sys=0.00s Real=0.01s
[2026-10-07T17:52:01.729+0000][794.162s][info][gc,start       ] GC(286) Pause Young (Allocation Failure)
[2026-10-07T17:52:01.738+0000][794.171s][info][gc,heap        ] GC(286) DefNew: 17862K(18816K)->952K(18816K) Eden: 16768K(16768K)->0K(16768K) From: 1094K(2048K)->952K(2048K)
[2026-10-07T17:52:01.738+0000][794.171s][info][gc,heap        ] GC(286) Tenured: 35961K(41392K)->36107K(41392K)
[2026-10-07T17:52:01.738+0000][794.171s][info][gc,metaspace   ] GC(286) Metaspace: 75013K(75776K)->75013K(75776K) NonClass: 65622K(66048K)->65622K(66048K) Class: 9390K(9728K)->9390K(9728K)
[2026-10-07T17:52:01.738+0000][794.171s][info][gc             ] GC(286) Pause Young (Allocation Failure) 52M->36M(58M) 8.848ms
[2026-10-07T17:52:01.738+0000][794.171s][info][gc,cpu         ] GC(286) User=0.01s Sys=0.00s Real=0.01s
[2026-10-07T17:52:05.030+0000][797.463s][info][gc,start       ] GC(287) Pause Young (Allocation Failure)
[2026-10-07T17:52:05.037+0000][797.470s][info][gc,heap        ] GC(287) DefNew: 17720K(18816K)->940K(18816K) Eden: 16768K(16768K)->0K(16768K) From: 952K(2048K)->940K(2048K)
[2026-10-07T17:52:05.037+0000][797.470s][info][gc,heap        ] GC(287) Tenured: 36107K(41392K)->36107K(41392K)
[2026-10-07T17:52:05.037+0000][797.470s][info][gc,metaspace   ] GC(287) Metaspace: 75014K(75776K)->75014K(75776K) NonClass: 65624K(66048K)->65624K(66048K) Class: 9390K(9728K)->9390K(9728K)
[2026-10-07T17:52:05.037+0000][797.470s][info][gc             ] GC(287) Pause Young (Allocation Failure) 52M->36M(58M) 7.144ms
[2026-10-07T17:52:05.037+0000][797.471s][info][gc,cpu         ] GC(287) User=0.01s Sys=0.00s Real=0.01s
[2026-10-07T17:52:07.814+0000][800.247s][info][gc,start       ] GC(288) Pause Young (Allocation Failure)
[2026-10-07T17:52:07.823+0000][800.257s][info][gc,heap        ] GC(288) DefNew: 17708K(18816K)->1042K(18816K) Eden: 16768K(16768K)->0K(16768K) From: 940K(2048K)->1042K(2048K)
[2026-10-07T17:52:07.823+0000][800.257s][info][gc,heap        ] GC(288) Tenured: 36107K(41392K)->36107K(41392K)
[2026-10-07T17:52:07.823+0000][800.257s][info][gc,metaspace   ] GC(288) Metaspace: 75015K(75776K)->75015K(75776K) NonClass: 65625K(66048K)->65625K(66048K) Class: 9390K(9728K)->9390K(9728K)
[2026-10-07T17:52:07.824+0000][800.257s][info][gc             ] GC(288) Pause Young (Allocation Failure) 52M->36M(58M) 9.340ms
[2026-10-07T17:52:07.824+0000][800.257s][info][gc,cpu         ] GC(288) User=0.01s Sys=0.00s Real=0.01s
[2026-10-07T17:52:10.991+0000][803.424s][info][gc,start       ] GC(289) Pause Young (Allocation Failure)
[2026-10-07T17:52:10.998+0000][803.431s][info][gc,heap        ] GC(289) DefNew: 17810K(18816K)->1010K(18816K) Eden: 16768K(16768K)->0K(16768K) From: 1042K(2048K)->1010K(2048K)
[2026-10-07T17:52:10.998+0000][803.431s][info][gc,heap        ] GC(289) Tenured: 36107K(41392K)->36158K(41392K)
[2026-10-07T17:52:10.998+0000][803.432s][info][gc,metaspace   ] GC(289) Metaspace: 75015K(75776K)->75015K(75776K) NonClass: 65625K(66048K)->65625K(66048K) Class: 9390K(9728K)->9390K(9728K)
[2026-10-07T17:52:10.998+0000][803.432s][info][gc             ] GC(289) Pause Young (Allocation Failure) 52M->36M(58M) 7.360ms
[2026-10-07T17:52:10.998+0000][803.432s][info][gc,cpu         ] GC(289) User=0.01s Sys=0.01s Real=0.01s
[2026-10-07T17:52:13.926+0000][806.359s][info][gc,start       ] GC(290) Pause Young (Allocation Failure)
[2026-10-07T17:52:13.935+0000][806.368s][info][gc,heap        ] GC(290) DefNew: 17778K(18816K)->1081K(18816K) Eden: 16768K(16768K)->0K(16768K) From: 1010K(2048K)->1081K(2048K)
[2026-10-07T17:52:13.935+0000][806.369s][info][gc,heap        ] GC(290) Tenured: 36158K(41392K)->36158K(41392K)
[2026-10-07T17:52:13.935+0000][806.369s][info][gc,metaspace   ] GC(290) Metaspace: 75015K(75776K)->75015K(75776K) NonClass: 65625K(66048K)->65625K(66048K) Class: 9390K(9728K)->9390K(9728K)
[2026-10-07T17:52:13.935+0000][806.369s][info][gc             ] GC(290) Pause Young (Allocation Failure) 52M->36M(58M) 9.091ms
[2026-10-07T17:52:13.935+0000][806.369s][info][gc,cpu         ] GC(290) User=0.00s Sys=0.00s Real=0.01s
[2026-10-07T17:52:16.962+0000][809.395s][info][gc,start       ] GC(291) Pause Young (Allocation Failure)
[2026-10-07T17:52:16.970+0000][809.404s][info][gc,heap        ] GC(291) DefNew: 17849K(18816K)->1074K(18816K) Eden: 16768K(16768K)->0K(16768K) From: 1081K(2048K)->1074K(2048K)
[2026-10-07T17:52:16.970+0000][809.404s][info][gc,heap        ] GC(291) Tenured: 36158K(41392K)->36267K(41392K)
[2026-10-07T17:52:16.970+0000][809.404s][info][gc,metaspace   ] GC(291) Metaspace: 75015K(75776K)->75015K(75776K) NonClass: 65625K(66048K)->65625K(66048K) Class: 9390K(9728K)->9390K(9728K)
[2026-10-07T17:52:16.970+0000][809.404s][info][gc             ] GC(291) Pause Young (Allocation Failure) 52M->36M(58M) 8.627ms
[2026-10-07T17:52:16.970+0000][809.404s][info][gc,cpu         ] GC(291) User=0.01s Sys=0.00s Real=0.01s
[2026-10-07T17:52:19.878+0000][812.311s][info][gc,start       ] GC(292) Pause Young (Allocation Failure)
[2026-10-07T17:52:19.888+0000][812.322s][info][gc,heap        ] GC(292) DefNew: 17842K(18816K)->1014K(18816K) Eden: 16768K(16768K)->0K(16768K) From: 1074K(2048K)->1014K(2048K)
[2026-10-07T17:52:19.888+0000][812.322s][info][gc,heap        ] GC(292) Tenured: 36267K(41392K)->36363K(41392K)
[2026-10-07T17:52:19.888+0000][812.322s][info][gc,metaspace   ] GC(292) Metaspace: 75015K(75776K)->75015K(75776K) NonClass: 65625K(66048K)->65625K(66048K) Class: 9390K(9728K)->9390K(9728K)
[2026-10-07T17:52:19.888+0000][812.322s][info][gc             ] GC(292) Pause Young (Allocation Failure) 52M->36M(58M) 10.888ms
[2026-10-07T17:52:19.888+0000][812.322s][info][gc,cpu         ] GC(292) User=0.01s Sys=0.00s Real=0.01s
[2026-10-07T17:52:22.667+0000][815.100s][info][gc,start       ] GC(293) Pause Young (Allocation Failure)
[2026-10-07T17:52:22.678+0000][815.111s][info][gc,heap        ] GC(293) DefNew: 17782K(18816K)->1115K(18816K) Eden: 16768K(16768K)->0K(16768K) From: 1014K(2048K)->1115K(2048K)
[2026-10-07T17:52:22.678+0000][815.111s][info][gc,heap        ] GC(293) Tenured: 36363K(41392K)->36363K(41392K)
[2026-10-07T17:52:22.678+0000][815.111s][info][gc,metaspace   ] GC(293) Metaspace: 75015K(75776K)->75015K(75776K) NonClass: 65625K(66048K)->65625K(66048K) Class: 9390K(9728K)->9390K(9728K)
[2026-10-07T17:52:22.678+0000][815.112s][info][gc             ] GC(293) Pause Young (Allocation Failure) 52M->36M(58M) 11.291ms
[2026-10-07T17:52:22.679+0000][815.112s][info][gc,cpu         ] GC(293) User=0.00s Sys=0.00s Real=0.01s
[2026-10-07T17:52:25.665+0000][818.098s][info][gc,start       ] GC(294) Pause Young (Allocation Failure)
[2026-10-07T17:52:25.673+0000][818.107s][info][gc,heap        ] GC(294) DefNew: 17883K(18816K)->1031K(18816K) Eden: 16768K(16768K)->0K(16768K) From: 1115K(2048K)->1031K(2048K)
[2026-10-07T17:52:25.673+0000][818.107s][info][gc,heap        ] GC(294) Tenured: 36363K(41392K)->36489K(41392K)
[2026-10-07T17:52:25.673+0000][818.107s][info][gc,metaspace   ] GC(294) Metaspace: 75018K(75776K)->75018K(75776K) NonClass: 65628K(66048K)->65628K(66048K) Class: 9390K(9728K)->9390K(9728K)
[2026-10-07T17:52:25.673+0000][818.107s][info][gc             ] GC(294) Pause Young (Allocation Failure) 52M->36M(58M) 8.487ms
[2026-10-07T17:52:25.673+0000][818.107s][info][gc,cpu         ] GC(294) User=0.00s Sys=0.00s Real=0.00s
[2026-10-07T17:52:28.727+0000][821.161s][info][gc,start       ] GC(295) Pause Young (Allocation Failure)
[2026-10-07T17:52:28.738+0000][821.171s][info][gc,heap        ] GC(295) DefNew: 17799K(18816K)->1061K(18816K) Eden: 16768K(16768K)->0K(16768K) From: 1031K(2048K)->1061K(2048K)
[2026-10-07T17:52:28.738+0000][821.171s][info][gc,heap        ] GC(295) Tenured: 36489K(41392K)->36555K(41392K)
[2026-10-07T17:52:28.738+0000][821.171s][info][gc,metaspace   ] GC(295) Metaspace: 75018K(75776K)->75018K(75776K) NonClass: 65628K(66048K)->65628K(66048K) Class: 9390K(9728K)->9390K(9728K)
[2026-10-07T17:52:28.738+0000][821.171s][info][gc             ] GC(295) Pause Young (Allocation Failure) 53M->36M(58M) 10.920ms
[2026-10-07T17:52:28.738+0000][821.172s][info][gc,cpu         ] GC(295) User=0.01s Sys=0.01s Real=0.01s
[2026-10-07T17:52:31.592+0000][824.026s][info][gc,start       ] GC(296) Pause Young (Allocation Failure)
[2026-10-07T17:52:31.604+0000][824.037s][info][gc,heap        ] GC(296) DefNew: 17829K(18816K)->1063K(18816K) Eden: 16768K(16768K)->0K(16768K) From: 1061K(2048K)->1063K(2048K)
[2026-10-07T17:52:31.604+0000][824.037s][info][gc,heap        ] GC(296) Tenured: 36555K(41392K)->36594K(41392K)
[2026-10-07T17:52:31.604+0000][824.037s][info][gc,metaspace   ] GC(296) Metaspace: 75019K(75776K)->75019K(75776K) NonClass: 65628K(66048K)->65628K(66048K) Class: 9390K(9728K)->9390K(9728K)
[2026-10-07T17:52:31.604+0000][824.037s][info][gc             ] GC(296) Pause Young (Allocation Failure) 53M->36M(58M) 11.253ms
[2026-10-07T17:52:31.604+0000][824.037s][info][gc,cpu         ] GC(296) User=0.00s Sys=0.00s Real=0.02s
[2026-10-07T17:52:34.603+0000][827.036s][info][gc,start       ] GC(297) Pause Young (Allocation Failure)
[2026-10-07T17:52:34.611+0000][827.045s][info][gc,heap        ] GC(297) DefNew: 17831K(18816K)->1019K(18816K) Eden: 16768K(16768K)->0K(16768K) From: 1063K(2048K)->1019K(2048K)
[2026-10-07T17:52:34.611+0000][827.045s][info][gc,heap        ] GC(297) Tenured: 36594K(41392K)->36639K(41392K)
[2026-10-07T17:52:34.612+0000][827.045s][info][gc,metaspace   ] GC(297) Metaspace: 75019K(75776K)->75019K(75776K) NonClass: 65628K(66048K)->65628K(66048K) Class: 9390K(9728K)->9390K(9728K)
[2026-10-07T17:52:34.612+0000][827.045s][info][gc             ] GC(297) Pause Young (Allocation Failure) 53M->36M(58M) 8.672ms
[2026-10-07T17:52:34.612+0000][827.045s][info][gc,cpu         ] GC(297) User=0.01s Sys=0.00s Real=0.01s
[2026-10-07T17:52:37.557+0000][829.990s][info][gc,start       ] GC(298) Pause Young (Allocation Failure)
[2026-10-07T17:52:37.565+0000][829.998s][info][gc,heap        ] GC(298) DefNew: 17787K(18816K)->1069K(18816K) Eden: 16768K(16768K)->0K(16768K) From: 1019K(2048K)->1069K(2048K)
[2026-10-07T17:52:37.565+0000][829.998s][info][gc,heap        ] GC(298) Tenured: 36639K(41392K)->36639K(41392K)
[2026-10-07T17:52:37.565+0000][829.998s][info][gc,metaspace   ] GC(298) Metaspace: 75019K(75776K)->75019K(75776K) NonClass: 65628K(66048K)->65628K(66048K) Class: 9390K(9728K)->9390K(9728K)
[2026-10-07T17:52:37.565+0000][829.998s][info][gc             ] GC(298) Pause Young (Allocation Failure) 53M->36M(58M) 8.583ms
[2026-10-07T17:52:37.565+0000][829.998s][info][gc,cpu         ] GC(298) User=0.01s Sys=0.00s Real=0.01s
[2026-10-07T17:52:40.587+0000][833.020s][info][gc,start       ] GC(299) Pause Young (Allocation Failure)
[2026-10-07T17:52:40.596+0000][833.029s][info][gc,heap        ] GC(299) DefNew: 17837K(18816K)->1129K(18816K) Eden: 16768K(16768K)->0K(16768K) From: 1069K(2048K)->1129K(2048K)
[2026-10-07T17:52:40.596+0000][833.029s][info][gc,heap        ] GC(299) Tenured: 36639K(41392K)->36691K(41392K)
[2026-10-07T17:52:40.596+0000][833.029s][info][gc,metaspace   ] GC(299) Metaspace: 75019K(75776K)->75019K(75776K) NonClass: 65628K(66048K)->65628K(66048K) Class: 9390K(9728K)->9390K(9728K)
[2026-10-07T17:52:40.596+0000][833.029s][info][gc             ] GC(299) Pause Young (Allocation Failure) 53M->36M(58M) 9.252ms
[2026-10-07T17:52:40.596+0000][833.030s][info][gc,cpu         ] GC(299) User=0.01s Sys=0.00s Real=0.01s
[2026-10-07T17:52:43.646+0000][836.079s][info][gc,start       ] GC(300) Pause Young (Allocation Failure)
[2026-10-07T17:52:43.654+0000][836.087s][info][gc,heap        ] GC(300) DefNew: 17897K(18816K)->1111K(18816K) Eden: 16768K(16768K)->0K(16768K) From: 1129K(2048K)->1111K(2048K)
[2026-10-07T17:52:43.654+0000][836.087s][info][gc,heap        ] GC(300) Tenured: 36691K(41392K)->36799K(41392K)
[2026-10-07T17:52:43.654+0000][836.088s][info][gc,metaspace   ] GC(300) Metaspace: 75019K(75776K)->75019K(75776K) NonClass: 65628K(66048K)->65628K(66048K) Class: 9390K(9728K)->9390K(9728K)
[2026-10-07T17:52:43.654+0000][836.088s][info][gc             ] GC(300) Pause Young (Allocation Failure) 53M->37M(58M) 8.260ms
[2026-10-07T17:52:43.655+0000][836.088s][info][gc,cpu         ] GC(300) User=0.00s Sys=0.00s Real=0.01s
[2026-10-07T17:52:46.742+0000][839.175s][info][gc,start       ] GC(301) Pause Young (Allocation Failure)
[2026-10-07T17:52:46.750+0000][839.183s][info][gc,heap        ] GC(301) DefNew: 17879K(18816K)->991K(18816K) Eden: 16768K(16768K)->0K(16768K) From: 1111K(2048K)->991K(2048K)
[2026-10-07T17:52:46.750+0000][839.183s][info][gc,heap        ] GC(301) Tenured: 36799K(41392K)->36915K(41392K)
[2026-10-07T17:52:46.750+0000][839.183s][info][gc,metaspace   ] GC(301) Metaspace: 75020K(75776K)->75020K(75776K) NonClass: 65629K(66048K)->65629K(66048K) Class: 9390K(9728K)->9390K(9728K)
[2026-10-07T17:52:46.750+0000][839.183s][info][gc             ] GC(301) Pause Young (Allocation Failure) 53M->37M(58M) 7.438ms
[2026-10-07T17:52:46.750+0000][839.183s][info][gc,cpu         ] GC(301) User=0.00s Sys=0.00s Real=0.01s
[2026-10-07T17:52:49.913+0000][842.346s][info][gc,start       ] GC(302) Pause Young (Allocation Failure)
[2026-10-07T17:52:49.921+0000][842.354s][info][gc,heap        ] GC(302) DefNew: 17759K(18816K)->1022K(18816K) Eden: 16768K(16768K)->0K(16768K) From: 991K(2048K)->1022K(2048K)
[2026-10-07T17:52:49.921+0000][842.354s][info][gc,heap        ] GC(302) Tenured: 36915K(41392K)->36915K(41392K)
[2026-10-07T17:52:49.921+0000][842.354s][info][gc,metaspace   ] GC(302) Metaspace: 75024K(75840K)->75024K(75840K) NonClass: 65634K(66112K)->65634K(66112K) Class: 9390K(9728K)->9390K(9728K)
[2026-10-07T17:52:49.921+0000][842.354s][info][gc             ] GC(302) Pause Young (Allocation Failure) 53M->37M(58M) 8.237ms
[2026-10-07T17:52:49.921+0000][842.354s][info][gc,cpu         ] GC(302) User=0.01s Sys=0.00s Real=0.01s
[2026-10-07T17:52:53.019+0000][845.452s][info][gc,start       ] GC(303) Pause Young (Allocation Failure)
[2026-10-07T17:52:53.027+0000][845.460s][info][gc,heap        ] GC(303) DefNew: 17790K(18816K)->1072K(18816K) Eden: 16768K(16768K)->0K(16768K) From: 1022K(2048K)->1072K(2048K)
[2026-10-07T17:52:53.027+0000][845.460s][info][gc,heap        ] GC(303) Tenured: 36915K(41392K)->36915K(41392K)
[2026-10-07T17:52:53.027+0000][845.460s][info][gc,metaspace   ] GC(303) Metaspace: 75024K(75840K)->75024K(75840K) NonClass: 65634K(66112K)->65634K(66112K) Class: 9390K(9728K)->9390K(9728K)
[2026-10-07T17:52:53.027+0000][845.461s][info][gc             ] GC(303) Pause Young (Allocation Failure) 53M->37M(58M) 8.171ms
[2026-10-07T17:52:53.027+0000][845.461s][info][gc,cpu         ] GC(303) User=0.01s Sys=0.00s Real=0.01s
[2026-10-07T17:52:56.151+0000][848.584s][info][gc,start       ] GC(304) Pause Young (Allocation Failure)
[2026-10-07T17:52:56.159+0000][848.592s][info][gc,heap        ] GC(304) DefNew: 17840K(18816K)->1093K(18816K) Eden: 16768K(16768K)->0K(16768K) From: 1072K(2048K)->1093K(2048K)
[2026-10-07T17:52:56.159+0000][848.592s][info][gc,heap        ] GC(304) Tenured: 36915K(41392K)->36967K(41392K)
[2026-10-07T17:52:56.159+0000][848.592s][info][gc,metaspace   ] GC(304) Metaspace: 75025K(75840K)->75025K(75840K) NonClass: 65635K(66112K)->65635K(66112K) Class: 9390K(9728K)->9390K(9728K)
[2026-10-07T17:52:56.159+0000][848.592s][info][gc             ] GC(304) Pause Young (Allocation Failure) 53M->37M(58M) 8.058ms
[2026-10-07T17:52:56.159+0000][848.592s][info][gc,cpu         ] GC(304) User=0.01s Sys=0.00s Real=0.01s
[2026-10-07T17:52:59.149+0000][851.582s][info][gc,start       ] GC(305) Pause Young (Allocation Failure)
[2026-10-07T17:52:59.157+0000][851.591s][info][gc,heap        ] GC(305) DefNew: 17861K(18816K)->1013K(18816K) Eden: 16768K(16768K)->0K(16768K) From: 1093K(2048K)->1013K(2048K)
[2026-10-07T17:52:59.157+0000][851.591s][info][gc,heap        ] GC(305) Tenured: 36967K(41392K)->37085K(41392K)
[2026-10-07T17:52:59.157+0000][851.591s][info][gc,metaspace   ] GC(305) Metaspace: 75031K(75840K)->75031K(75840K) NonClass: 65641K(66112K)->65641K(66112K) Class: 9390K(9728K)->9390K(9728K)
[2026-10-07T17:52:59.158+0000][851.591s][info][gc             ] GC(305) Pause Young (Allocation Failure) 53M->37M(58M) 9.099ms
[2026-10-07T17:52:59.158+0000][851.591s][info][gc,cpu         ] GC(305) User=0.01s Sys=0.00s Real=0.01s
[2026-10-07T17:53:02.260+0000][854.693s][info][gc,start       ] GC(306) Pause Young (Allocation Failure)
[2026-10-07T17:53:02.272+0000][854.706s][info][gc,heap        ] GC(306) DefNew: 17781K(18816K)->1133K(18816K) Eden: 16768K(16768K)->0K(16768K) From: 1013K(2048K)->1133K(2048K)
[2026-10-07T17:53:02.272+0000][854.706s][info][gc,heap        ] GC(306) Tenured: 37085K(41392K)->37085K(41392K)
[2026-10-07T17:53:02.272+0000][854.706s][info][gc,metaspace   ] GC(306) Metaspace: 75031K(75840K)->75031K(75840K) NonClass: 65641K(66112K)->65641K(66112K) Class: 9390K(9728K)->9390K(9728K)
[2026-10-07T17:53:02.272+0000][854.706s][info][gc             ] GC(306) Pause Young (Allocation Failure) 53M->37M(58M) 12.211ms
[2026-10-07T17:53:02.273+0000][854.706s][info][gc,cpu         ] GC(306) User=0.01s Sys=0.00s Real=0.01s
[2026-10-07T17:53:05.272+0000][857.705s][info][gc,start       ] GC(307) Pause Young (Allocation Failure)
[2026-10-07T17:53:05.279+0000][857.713s][info][gc,heap        ] GC(307) DefNew: 17901K(18816K)->1031K(18816K) Eden: 16768K(16768K)->0K(16768K) From: 1133K(2048K)->1031K(2048K)
[2026-10-07T17:53:05.279+0000][857.713s][info][gc,heap        ] GC(307) Tenured: 37085K(41392K)->37203K(41392K)
[2026-10-07T17:53:05.279+0000][857.713s][info][gc,metaspace   ] GC(307) Metaspace: 75034K(75840K)->75034K(75840K) NonClass: 65644K(66112K)->65644K(66112K) Class: 9390K(9728K)->9390K(9728K)
[2026-10-07T17:53:05.279+0000][857.713s][info][gc             ] GC(307) Pause Young (Allocation Failure) 53M->37M(58M) 7.584ms
[2026-10-07T17:53:05.280+0000][857.713s][info][gc,cpu         ] GC(307) User=0.01s Sys=0.00s Real=0.01s
[2026-10-07T17:53:08.137+0000][860.570s][info][gc,start       ] GC(308) Pause Young (Allocation Failure)
[2026-10-07T17:53:08.145+0000][860.578s][info][gc,heap        ] GC(308) DefNew: 17799K(18816K)->1071K(18816K) Eden: 16768K(16768K)->0K(16768K) From: 1031K(2048K)->1071K(2048K)
[2026-10-07T17:53:08.145+0000][860.578s][info][gc,heap        ] GC(308) Tenured: 37203K(41392K)->37261K(41392K)
[2026-10-07T17:53:08.145+0000][860.578s][info][gc,metaspace   ] GC(308) Metaspace: 75042K(75840K)->75042K(75840K) NonClass: 65651K(66112K)->65651K(66112K) Class: 9390K(9728K)->9390K(9728K)
[2026-10-07T17:53:08.145+0000][860.578s][info][gc             ] GC(308) Pause Young (Allocation Failure) 53M->37M(58M) 8.393ms
[2026-10-07T17:53:08.145+0000][860.578s][info][gc,cpu         ] GC(308) User=0.01s Sys=0.00s Real=0.01s
[2026-10-07T17:53:11.390+0000][863.823s][info][gc,start       ] GC(309) Pause Young (Allocation Failure)
[2026-10-07T17:53:11.398+0000][863.831s][info][gc,heap        ] GC(309) DefNew: 17838K(18816K)->1039K(18816K) Eden: 16767K(16768K)->0K(16768K) From: 1071K(2048K)->1039K(2048K)
[2026-10-07T17:53:11.398+0000][863.831s][info][gc,heap        ] GC(309) Tenured: 37261K(41392K)->37324K(41392K)
[2026-10-07T17:53:11.398+0000][863.831s][info][gc,metaspace   ] GC(309) Metaspace: 75043K(75840K)->75043K(75840K) NonClass: 65653K(66112K)->65653K(66112K) Class: 9390K(9728K)->9390K(9728K)
[2026-10-07T17:53:11.398+0000][863.831s][info][gc             ] GC(309) Pause Young (Allocation Failure) 53M->37M(58M) 7.584ms
[2026-10-07T17:53:11.398+0000][863.831s][info][gc,cpu         ] GC(309) User=0.00s Sys=0.00s Real=0.01s
[2026-10-07T17:53:14.781+0000][867.215s][info][gc,start       ] GC(310) Pause Young (Allocation Failure)
[2026-10-07T17:53:14.789+0000][867.223s][info][gc,heap        ] GC(310) DefNew: 17807K(18816K)->999K(18816K) Eden: 16768K(16768K)->0K(16768K) From: 1039K(2048K)->999K(2048K)
[2026-10-07T17:53:14.790+0000][867.223s][info][gc,heap        ] GC(310) Tenured: 37324K(41392K)->37382K(41392K)
[2026-10-07T17:53:14.790+0000][867.223s][info][gc,metaspace   ] GC(310) Metaspace: 75045K(75840K)->75045K(75840K) NonClass: 65654K(66112K)->65654K(66112K) Class: 9390K(9728K)->9390K(9728K)
[2026-10-07T17:53:14.790+0000][867.223s][info][gc             ] GC(310) Pause Young (Allocation Failure) 53M->37M(58M) 8.190ms
[2026-10-07T17:53:14.790+0000][867.223s][info][gc,cpu         ] GC(310) User=0.01s Sys=0.00s Real=0.01s
[2026-10-07T17:53:17.909+0000][870.342s][info][gc,start       ] GC(311) Pause Young (Allocation Failure)
[2026-10-07T17:53:17.916+0000][870.349s][info][gc,heap        ] GC(311) DefNew: 17767K(18816K)->1122K(18816K) Eden: 16768K(16768K)->0K(16768K) From: 999K(2048K)->1122K(2048K)
[2026-10-07T17:53:17.916+0000][870.349s][info][gc,heap        ] GC(311) Tenured: 37382K(41392K)->37382K(41392K)
[2026-10-07T17:53:17.916+0000][870.349s][info][gc,metaspace   ] GC(311) Metaspace: 75045K(75840K)->75045K(75840K) NonClass: 65654K(66112K)->65654K(66112K) Class: 9390K(9728K)->9390K(9728K)
[2026-10-07T17:53:17.916+0000][870.349s][info][gc             ] GC(311) Pause Young (Allocation Failure) 53M->37M(58M) 6.995ms
[2026-10-07T17:53:17.916+0000][870.349s][info][gc,cpu         ] GC(311) User=0.00s Sys=0.00s Real=0.01s
[2026-10-07T17:53:20.972+0000][873.405s][info][gc,start       ] GC(312) Pause Young (Allocation Failure)
[2026-10-07T17:53:20.994+0000][873.428s][info][gc,heap        ] GC(312) DefNew: 17890K(18816K)->1076K(18816K) Eden: 16768K(16768K)->0K(16768K) From: 1122K(2048K)->1076K(2048K)
[2026-10-07T17:53:20.997+0000][873.430s][info][gc,heap        ] GC(312) Tenured: 37382K(41392K)->37498K(41392K)
[2026-10-07T17:53:20.997+0000][873.430s][info][gc,metaspace   ] GC(312) Metaspace: 75051K(75840K)->75051K(75840K) NonClass: 65660K(66112K)->65660K(66112K) Class: 9390K(9728K)->9390K(9728K)
[2026-10-07T17:53:20.997+0000][873.430s][info][gc             ] GC(312) Pause Young (Allocation Failure) 53M->37M(58M) 24.697ms
[2026-10-07T17:53:20.997+0000][873.430s][info][gc,cpu         ] GC(312) User=0.00s Sys=0.00s Real=0.03s
[2026-10-07T17:53:24.164+0000][876.597s][info][gc,start       ] GC(313) Pause Young (Allocation Failure)
[2026-10-07T17:53:24.173+0000][876.606s][info][gc,heap        ] GC(313) DefNew: 17844K(18816K)->1113K(18816K) Eden: 16768K(16768K)->0K(16768K) From: 1076K(2048K)->1113K(2048K)
[2026-10-07T17:53:24.173+0000][876.606s][info][gc,heap        ] GC(313) Tenured: 37498K(41392K)->37553K(41392K)
[2026-10-07T17:53:24.173+0000][876.606s][info][gc,metaspace   ] GC(313) Metaspace: 75068K(75840K)->75068K(75840K) NonClass: 65677K(66112K)->65677K(66112K) Class: 9390K(9728K)->9390K(9728K)
[2026-10-07T17:53:24.173+0000][876.606s][info][gc             ] GC(313) Pause Young (Allocation Failure) 54M->37M(58M) 8.922ms
[2026-10-07T17:53:24.173+0000][876.606s][info][gc,cpu         ] GC(313) User=0.01s Sys=0.00s Real=0.00s
[2026-10-07T17:53:27.091+0000][879.524s][info][gc,start       ] GC(314) Pause Young (Allocation Failure)
[2026-10-07T17:53:27.101+0000][879.534s][info][gc,heap        ] GC(314) DefNew: 17881K(18816K)->1160K(18816K) Eden: 16768K(16768K)->0K(16768K) From: 1113K(2048K)->1160K(2048K)
[2026-10-07T17:53:27.101+0000][879.534s][info][gc,heap        ] GC(314) Tenured: 37553K(41392K)->37673K(41392K)
[2026-10-07T17:53:27.101+0000][879.534s][info][gc,metaspace   ] GC(314) Metaspace: 75068K(75840K)->75068K(75840K) NonClass: 65678K(66112K)->65678K(66112K) Class: 9390K(9728K)->9390K(9728K)
[2026-10-07T17:53:27.101+0000][879.534s][info][gc             ] GC(314) Pause Young (Allocation Failure) 54M->37M(58M) 10.132ms
[2026-10-07T17:53:27.101+0000][879.534s][info][gc,cpu         ] GC(314) User=0.00s Sys=0.00s Real=0.01s
[2026-10-07T17:53:30.084+0000][882.518s][info][gc,start       ] GC(315) Pause Young (Allocation Failure)
[2026-10-07T17:53:30.094+0000][882.527s][info][gc,heap        ] GC(315) DefNew: 17928K(18816K)->1083K(18816K) Eden: 16768K(16768K)->0K(16768K) From: 1160K(2048K)->1083K(2048K)
[2026-10-07T17:53:30.094+0000][882.527s][info][gc,heap        ] GC(315) Tenured: 37673K(41392K)->37859K(41392K)
[2026-10-07T17:53:30.094+0000][882.527s][info][gc,metaspace   ] GC(315) Metaspace: 75073K(75840K)->75073K(75840K) NonClass: 65680K(66112K)->65680K(66112K) Class: 9392K(9728K)->9392K(9728K)
[2026-10-07T17:53:30.094+0000][882.527s][info][gc             ] GC(315) Pause Young (Allocation Failure) 54M->38M(58M) 9.285ms
[2026-10-07T17:53:30.094+0000][882.527s][info][gc,cpu         ] GC(315) User=0.00s Sys=0.00s Real=0.01s
[2026-10-07T17:53:32.969+0000][885.403s][info][gc,start       ] GC(316) Pause Young (Allocation Failure)
[2026-10-07T17:53:32.979+0000][885.412s][info][gc,heap        ] GC(316) DefNew: 17851K(18816K)->1120K(18816K) Eden: 16768K(16768K)->0K(16768K) From: 1083K(2048K)->1120K(2048K)
[2026-10-07T17:53:32.979+0000][885.412s][info][gc,heap        ] GC(316) Tenured: 37859K(41392K)->37977K(41392K)
[2026-10-07T17:53:32.979+0000][885.412s][info][gc,metaspace   ] GC(316) Metaspace: 75077K(75840K)->75077K(75840K) NonClass: 65684K(66112K)->65684K(66112K) Class: 9392K(9728K)->9392K(9728K)
[2026-10-07T17:53:32.979+0000][885.412s][info][gc             ] GC(316) Pause Young (Allocation Failure) 54M->38M(58M) 9.508ms
[2026-10-07T17:53:32.979+0000][885.412s][info][gc,cpu         ] GC(316) User=0.01s Sys=0.00s Real=0.01s
[2026-10-07T17:53:54.559+0000][906.992s][info][gc,start       ] GC(317) Pause Young (Allocation Failure)
[2026-10-07T17:53:54.568+0000][907.001s][info][gc,heap        ] GC(317) DefNew: 17888K(18816K)->850K(18816K) Eden: 16767K(16768K)->0K(16768K) From: 1120K(2048K)->850K(2048K)
[2026-10-07T17:53:54.568+0000][907.001s][info][gc,heap        ] GC(317) Tenured: 37977K(41392K)->38144K(41392K)
[2026-10-07T17:53:54.568+0000][907.001s][info][gc,metaspace   ] GC(317) Metaspace: 75084K(75840K)->75084K(75840K) NonClass: 65691K(66112K)->65691K(66112K) Class: 9392K(9728K)->9392K(9728K)
[2026-10-07T17:53:54.568+0000][907.001s][info][gc             ] GC(317) Pause Young (Allocation Failure) 54M->38M(58M) 9.570ms
[2026-10-07T17:53:54.568+0000][907.001s][info][gc,cpu         ] GC(317) User=0.01s Sys=0.00s Real=0.01s
