[2026-10-07T18:14:59.004+0000][178.536s][info][gc,start       ] GC(56) Pause Young (Allocation Failure)
[2026-10-07T18:14:59.008+0000][178.540s][info][gc,heap        ] GC(56) DefNew: 10956K(11648K)->630K(11648K) Eden: 10368K(10368K)->0K(10368K) From: 588K(1280K)->630K(1280K)
[2026-10-07T18:14:59.008+0000][178.540s][info][gc,heap        ] GC(56) Tenured: 18387K(25656K)->18387K(25656K)
[2026-10-07T18:14:59.008+0000][178.540s][info][gc,metaspace   ] GC(56) Metaspace: 72098K(72832K)->72098K(72832K) NonClass: 62863K(63232K)->62863K(63232K) Class: 9235K(9600K)->9235K(9600K)
[2026-10-07T18:14:59.008+0000][178.540s][info][gc             ] GC(56) Pause Young (Allocation Failure) 28M->18M(36M) 3.330ms
[2026-10-07T18:14:59.008+0000][178.540s][info][gc,cpu         ] GC(56) User=0.01s Sys=0.00s Real=0.00s
[2026-10-07T18:15:03.287+0000][182.818s][info][gc,start       ] GC(57) Pause Young (Allocation Failure)
[2026-10-07T18:15:03.294+0000][182.826s][info][gc,heap        ] GC(57) DefNew: 10998K(11648K)->1279K(11648K) Eden: 10368K(10368K)->0K(10368K) From: 630K(1280K)->1279K(1280K)
[2026-10-07T18:15:03.294+0000][182.826s][info][gc,heap        ] GC(57) Tenured: 18387K(25656K)->18440K(25656K)
[2026-10-07T18:15:03.294+0000][182.826s][info][gc,metaspace   ] GC(57) Metaspace: 72921K(73664K)->72921K(73664K) NonClass: 63571K(64000K)->63571K(64000K) Class: 9350K(9664K)->9350K(9664K)
[2026-10-07T18:15:03.294+0000][182.826s][info][gc             ] GC(57) Pause Young (Allocation Failure) 28M->19M(36M) 7.436ms
[2026-10-07T18:15:03.294+0000][182.826s][info][gc,cpu         ] GC(57) User=0.01s Sys=0.00s Real=0.01s
[2026-10-07T18:15:04.466+0000][183.998s][info][gc,start       ] GC(58) Pause Young (Allocation Failure)
[2026-10-07T18:15:04.478+0000][184.009s][info][gc,heap        ] GC(58) DefNew: 11647K(11648K)->948K(11648K) Eden: 10368K(10368K)->0K(10368K) From: 1279K(1280K)->948K(1280K)
[2026-10-07T18:15:04.478+0000][184.010s][info][gc,heap        ] GC(58) Tenured: 18440K(25656K)->19472K(25656K)
[2026-10-07T18:15:04.478+0000][184.010s][info][gc,metaspace   ] GC(58) Metaspace: 73038K(73728K)->73038K(73728K) NonClass: 63687K(64064K)->63687K(64064K) Class: 9350K(9664K)->9350K(9664K)
[2026-10-07T18:15:04.478+0000][184.010s][info][gc             ] GC(58) Pause Young (Allocation Failure) 29M->19M(36M) 12.092ms
[2026-10-07T18:15:04.478+0000][184.010s][info][gc,cpu         ] GC(58) User=0.01s Sys=0.00s Real=0.01s
[2026-10-07T18:15:05.830+0000][185.362s][info][gc,start       ] GC(59) Pause Young (Allocation Failure)
[2026-10-07T18:15:05.843+0000][185.375s][info][gc,heap        ] GC(59) DefNew: 11316K(11648K)->1008K(11648K) Eden: 10368K(10368K)->0K(10368K) From: 948K(1280K)->1008K(1280K)
[2026-10-07T18:15:05.843+0000][185.375s][info][gc,heap        ] GC(59) Tenured: 19472K(25656K)->20205K(25656K)
[2026-10-07T18:15:05.843+0000][185.375s][info][gc,metaspace   ] GC(59) Metaspace: 73133K(73920K)->73133K(73920K) NonClass: 63780K(64256K)->63780K(64256K) Class: 9352K(9664K)->9352K(9664K)
[2026-10-07T18:15:05.843+0000][185.375s][info][gc             ] GC(59) Pause Young (Allocation Failure) 30M->20M(36M) 13.385ms
[2026-10-07T18:15:05.843+0000][185.375s][info][gc,cpu         ] GC(59) User=0.01s Sys=0.00s Real=0.01s
[2026-10-07T18:15:07.244+0000][186.776s][info][gc,start       ] GC(60) Pause Young (Allocation Failure)
[2026-10-07T18:15:07.260+0000][186.792s][info][gc,heap        ] GC(60) DefNew: 11376K(11648K)->996K(11648K) Eden: 10368K(10368K)->0K(10368K) From: 1008K(1280K)->996K(1280K)
[2026-10-07T18:15:07.260+0000][186.792s][info][gc,heap        ] GC(60) Tenured: 20205K(25656K)->21052K(25656K)
[2026-10-07T18:15:07.260+0000][186.792s][info][gc,metaspace   ] GC(60) Metaspace: 73252K(73984K)->73252K(73984K) NonClass: 63899K(64320K)->63899K(64320K) Class: 9353K(9664K)->9353K(9664K)
[2026-10-07T18:15:07.260+0000][186.792s][info][gc             ] GC(60) Pause Young (Allocation Failure) 30M->21M(36M) 16.678ms
[2026-10-07T18:15:07.261+0000][186.793s][info][gc,cpu         ] GC(60) User=0.02s Sys=0.00s Real=0.01s
[2026-10-07T18:15:08.630+0000][188.162s][info][gc,start       ] GC(61) Pause Young (Allocation Failure)
[2026-10-07T18:15:08.642+0000][188.174s][info][gc,heap        ] GC(61) DefNew: 11364K(11648K)->684K(11648K) Eden: 10368K(10368K)->0K(10368K) From: 996K(1280K)->684K(1280K)
[2026-10-07T18:15:08.642+0000][188.174s][info][gc,heap        ] GC(61) Tenured: 21052K(25656K)->21893K(25656K)
[2026-10-07T18:15:08.642+0000][188.174s][info][gc,metaspace   ] GC(61) Metaspace: 73300K(74048K)->73300K(74048K) NonClass: 63947K(64384K)->63947K(64384K) Class: 9353K(9664K)->9353K(9664K)
[2026-10-07T18:15:08.642+0000][188.174s][info][gc             ] GC(61) Pause Young (Allocation Failure) 31M->22M(36M) 11.795ms
[2026-10-07T18:15:08.646+0000][188.178s][info][gc,cpu         ] GC(61) User=0.02s Sys=0.00s Real=0.02s
[2026-10-07T18:15:10.289+0000][189.821s][info][gc,start       ] GC(62) Pause Young (Allocation Failure)
[2026-10-07T18:15:10.298+0000][189.829s][info][gc,heap        ] GC(62) DefNew: 11052K(11648K)->549K(11648K) Eden: 10368K(10368K)->0K(10368K) From: 684K(1280K)->549K(1280K)
[2026-10-07T18:15:10.298+0000][189.829s][info][gc,heap        ] GC(62) Tenured: 21893K(25656K)->22360K(25656K)
[2026-10-07T18:15:10.298+0000][189.829s][info][gc,metaspace   ] GC(62) Metaspace: 73358K(74112K)->73358K(74112K) NonClass: 64004K(64448K)->64004K(64448K) Class: 9353K(9664K)->9353K(9664K)
[2026-10-07T18:15:10.298+0000][189.830s][info][gc             ] GC(62) Pause Young (Allocation Failure) 32M->22M(36M) 8.379ms
[2026-10-07T18:15:10.298+0000][189.830s][info][gc,cpu         ] GC(62) User=0.01s Sys=0.01s Real=0.01s
[2026-10-07T18:15:12.247+0000][191.779s][info][gc,start       ] GC(63) Pause Young (Allocation Failure)
[2026-10-07T18:15:12.273+0000][191.805s][info][gc,heap        ] GC(63) DefNew: 10917K(11648K)->857K(11648K) Eden: 10368K(10368K)->0K(10368K) From: 549K(1280K)->857K(1280K)
[2026-10-07T18:15:12.273+0000][191.805s][info][gc,heap        ] GC(63) Tenured: 22360K(25656K)->22360K(25656K)
[2026-10-07T18:15:12.273+0000][191.805s][info][gc,metaspace   ] GC(63) Metaspace: 73387K(74112K)->73387K(74112K) NonClass: 64033K(64448K)->64033K(64448K) Class: 9353K(9664K)->9353K(9664K)
[2026-10-07T18:15:12.274+0000][191.806s][info][gc             ] GC(63) Pause Young (Allocation Failure) 32M->22M(36M) 27.610ms
[2026-10-07T18:15:12.274+0000][191.806s][info][gc,cpu         ] GC(63) User=0.03s Sys=0.00s Real=0.03s
[2026-10-07T18:15:14.189+0000][193.721s][info][gc,start       ] GC(64) Pause Young (Allocation Failure)
[2026-10-07T18:15:14.195+0000][193.727s][info][gc,heap        ] GC(64) DefNew: 11222K(11648K)->745K(11648K) Eden: 10365K(10368K)->0K(10368K) From: 857K(1280K)->745K(1280K)
[2026-10-07T18:15:14.195+0000][193.727s][info][gc,heap        ] GC(64) Tenured: 22360K(25656K)->22720K(25656K)
[2026-10-07T18:15:14.195+0000][193.727s][info][gc,metaspace   ] GC(64) Metaspace: 73419K(74176K)->73419K(74176K) NonClass: 64065K(64512K)->64065K(64512K) Class: 9353K(9664K)->9353K(9664K)
[2026-10-07T18:15:14.195+0000][193.727s][info][gc             ] GC(64) Pause Young (Allocation Failure) 32M->22M(36M) 5.804ms
[2026-10-07T18:15:14.195+0000][193.727s][info][gc,cpu         ] GC(64) User=0.00s Sys=0.00s Real=0.01s
[2026-10-07T18:15:15.805+0000][195.337s][info][gc,start       ] GC(65) Pause Young (Allocation Failure)
[2026-10-07T18:15:15.813+0000][195.345s][info][gc,heap        ] GC(65) DefNew: 11113K(11648K)->678K(11648K) Eden: 10368K(10368K)->0K(10368K) From: 745K(1280K)->678K(1280K)
[2026-10-07T18:15:15.813+0000][195.345s][info][gc,heap        ] GC(65) Tenured: 22720K(25656K)->23018K(25656K)
[2026-10-07T18:15:15.813+0000][195.345s][info][gc,metaspace   ] GC(65) Metaspace: 73450K(74176K)->73450K(74176K) NonClass: 64096K(64512K)->64096K(64512K) Class: 9353K(9664K)->9353K(9664K)
[2026-10-07T18:15:15.813+0000][195.345s][info][gc             ] GC(65) Pause Young (Allocation Failure) 33M->23M(36M) 8.276ms
[2026-10-07T18:15:15.813+0000][195.345s][info][gc,cpu         ] GC(65) User=0.01s Sys=0.00s Real=0.00s
[2026-10-07T18:15:17.763+0000][197.295s][info][gc,start       ] GC(66) Pause Young (Allocation Failure)
[2026-10-07T18:15:17.771+0000][197.303s][info][gc,heap        ] GC(66) DefNew: 11046K(11648K)->660K(11648K) Eden: 10368K(10368K)->0K(10368K) From: 678K(1280K)->660K(1280K)
[2026-10-07T18:15:17.771+0000][197.303s][info][gc,heap        ] GC(66) Tenured: 23018K(25656K)->23224K(25656K)
[2026-10-07T18:15:17.771+0000][197.303s][info][gc,metaspace   ] GC(66) Metaspace: 73498K(74240K)->73498K(74240K) NonClass: 64144K(64512K)->64144K(64512K) Class: 9354K(9728K)->9354K(9728K)
[2026-10-07T18:15:17.772+0000][197.304s][info][gc             ] GC(66) Pause Young (Allocation Failure) 33M->23M(36M) 8.439ms
[2026-10-07T18:15:17.772+0000][197.304s][info][gc,cpu         ] GC(66) User=0.01s Sys=0.00s Real=0.01s
[2026-10-07T18:15:19.518+0000][199.049s][info][gc,start       ] GC(67) Pause Young (Allocation Failure)
[2026-10-07T18:15:19.525+0000][199.057s][info][gc,heap        ] GC(67) DefNew: 11028K(11648K)->534K(11648K) Eden: 10368K(10368K)->0K(10368K) From: 660K(1280K)->534K(1280K)
[2026-10-07T18:15:19.525+0000][199.057s][info][gc,heap        ] GC(67) Tenured: 23224K(25656K)->23424K(25656K)
[2026-10-07T18:15:19.525+0000][199.057s][info][gc,metaspace   ] GC(67) Metaspace: 73526K(74304K)->73526K(74304K) NonClass: 64171K(64576K)->64171K(64576K) Class: 9354K(9728K)->9354K(9728K)
[2026-10-07T18:15:19.525+0000][199.057s][info][gc             ] GC(67) Pause Young (Allocation Failure) 33M->23M(36M) 7.480ms
[2026-10-07T18:15:19.525+0000][199.057s][info][gc,cpu         ] GC(67) User=0.01s Sys=0.00s Real=0.01s
[2026-10-07T18:15:21.187+0000][200.719s][info][gc,start       ] GC(68) Pause Young (Allocation Failure)
[2026-10-07T18:15:21.195+0000][200.727s][info][gc,heap        ] GC(68) DefNew: 10902K(11648K)->666K(11648K) Eden: 10368K(10368K)->0K(10368K) From: 534K(1280K)->666K(1280K)
[2026-10-07T18:15:21.196+0000][200.728s][info][gc,heap        ] GC(68) Tenured: 23424K(25656K)->23424K(25656K)
[2026-10-07T18:15:21.196+0000][200.728s][info][gc,metaspace   ] GC(68) Metaspace: 73535K(74304K)->73535K(74304K) NonClass: 64180K(64576K)->64180K(64576K) Class: 9354K(9728K)->9354K(9728K)
[2026-10-07T18:15:21.197+0000][200.728s][info][gc             ] GC(68) Pause Young (Allocation Failure) 33M->23M(36M) 9.922ms
[2026-10-07T18:15:21.197+0000][200.729s][info][gc,cpu         ] GC(68) User=0.01s Sys=0.00s Real=0.01s
[2026-10-07T18:15:23.093+0000][202.625s][info][gc,start       ] GC(69) Pause Young (Allocation Failure)
[2026-10-07T18:15:23.100+0000][202.632s][info][gc,heap        ] GC(69) DefNew: 11034K(11648K)->655K(11648K) Eden: 10368K(10368K)->0K(10368K) From: 666K(1280K)->655K(1280K)
[2026-10-07T18:15:23.100+0000][202.632s][info][gc,heap        ] GC(69) Tenured: 23424K(25656K)->23589K(25656K)
[2026-10-07T18:15:23.100+0000][202.632s][info][gc,metaspace   ] GC(69) Metaspace: 73573K(74368K)->73573K(74368K) NonClass: 64219K(64640K)->64219K(64640K) Class: 9354K(9728K)->9354K(9728K)
[2026-10-07T18:15:23.100+0000][202.632s][info][gc             ] GC(69) Pause Young (Allocation Failure) 33M->23M(36M) 7.357ms
[2026-10-07T18:15:23.101+0000][202.632s][info][gc,cpu         ] GC(69) User=0.01s Sys=0.00s Real=0.01s
[2026-10-07T18:15:24.933+0000][204.465s][info][gc,start       ] GC(70) Pause Young (Allocation Failure)
[2026-10-07T18:15:24.940+0000][204.471s][info][gc,heap        ] GC(70) DefNew: 11023K(11648K)->555K(11648K) Eden: 10368K(10368K)->0K(10368K) From: 655K(1280K)->555K(1280K)
[2026-10-07T18:15:24.940+0000][204.471s][info][gc,heap        ] GC(70) Tenured: 23589K(25656K)->23657K(25656K)
[2026-10-07T18:15:24.940+0000][204.471s][info][gc,metaspace   ] GC(70) Metaspace: 73580K(74432K)->73580K(74432K) NonClass: 64225K(64704K)->64225K(64704K) Class: 9354K(9728K)->9354K(9728K)
[2026-10-07T18:15:24.940+0000][204.472s][info][gc             ] GC(70) Pause Young (Allocation Failure) 33M->23M(36M) 6.121ms
[2026-10-07T18:15:24.940+0000][204.472s][info][gc,cpu         ] GC(70) User=0.00s Sys=0.00s Real=0.01s
[2026-10-07T18:15:26.774+0000][206.306s][info][gc,start       ] GC(71) Pause Young (Allocation Failure)
[2026-10-07T18:15:26.780+0000][206.312s][info][gc,heap        ] GC(71) DefNew: 10923K(11648K)->662K(11648K) Eden: 10368K(10368K)->0K(10368K) From: 555K(1280K)->662K(1280K)
[2026-10-07T18:15:26.780+0000][206.312s][info][gc,heap        ] GC(71) Tenured: 23657K(25656K)->23657K(25656K)
[2026-10-07T18:15:26.780+0000][206.312s][info][gc,metaspace   ] GC(71) Metaspace: 73609K(74432K)->73609K(74432K) NonClass: 64254K(64704K)->64254K(64704K) Class: 9354K(9728K)->9354K(9728K)
[2026-10-07T18:15:26.780+0000][206.312s][info][gc             ] GC(71) Pause Young (Allocation Failure) 33M->23M(36M) 6.430ms
[2026-10-07T18:15:26.780+0000][206.312s][info][gc,cpu         ] GC(71) User=0.00s Sys=0.00s Real=0.00s
[2026-10-07T18:15:28.491+0000][208.023s][info][gc,start       ] GC(72) Pause Young (Allocation Failure)
[2026-10-07T18:15:28.498+0000][208.030s][info][gc,heap        ] GC(72) DefNew: 11030K(11648K)->671K(11648K) Eden: 10368K(10368K)->0K(10368K) From: 662K(1280K)->671K(1280K)
[2026-10-07T18:15:28.498+0000][208.030s][info][gc,heap        ] GC(72) Tenured: 23657K(25656K)->23772K(25656K)
[2026-10-07T18:15:28.499+0000][208.031s][info][gc,metaspace   ] GC(72) Metaspace: 73673K(74496K)->73673K(74496K) NonClass: 64318K(64768K)->64318K(64768K) Class: 9354K(9728K)->9354K(9728K)
[2026-10-07T18:15:28.499+0000][208.031s][info][gc             ] GC(72) Pause Young (Allocation Failure) 33M->23M(36M) 7.908ms
[2026-10-07T18:15:28.499+0000][208.031s][info][gc,cpu         ] GC(72) User=0.00s Sys=0.00s Real=0.01s
[2026-10-07T18:15:30.275+0000][209.807s][info][gc,start       ] GC(73) Pause Young (Allocation Failure)
[2026-10-07T18:15:30.283+0000][209.815s][info][gc,heap        ] GC(73) DefNew: 11039K(11648K)->487K(11648K) Eden: 10368K(10368K)->0K(10368K) From: 671K(1280K)->487K(1280K)
[2026-10-07T18:15:30.283+0000][209.815s][info][gc,heap        ] GC(73) Tenured: 23772K(25656K)->23898K(25656K)
[2026-10-07T18:15:30.283+0000][209.815s][info][gc,metaspace   ] GC(73) Metaspace: 73675K(74496K)->73675K(74496K) NonClass: 64321K(64768K)->64321K(64768K) Class: 9354K(9728K)->9354K(9728K)
[2026-10-07T18:15:30.284+0000][209.815s][info][gc             ] GC(73) Pause Young (Allocation Failure) 33M->23M(36M) 8.368ms
[2026-10-07T18:15:30.284+0000][209.816s][info][gc,cpu         ] GC(73) User=0.00s Sys=0.00s Real=0.01s
[2026-10-07T18:15:32.201+0000][211.733s][info][gc,start       ] GC(74) Pause Young (Allocation Failure)
[2026-10-07T18:15:32.210+0000][211.742s][info][gc,heap        ] GC(74) DefNew: 10855K(11648K)->590K(11648K) Eden: 10368K(10368K)->0K(10368K) From: 487K(1280K)->590K(1280K)
[2026-10-07T18:15:32.213+0000][211.745s][info][gc,heap        ] GC(74) Tenured: 23898K(25656K)->23898K(25656K)
[2026-10-07T18:15:32.213+0000][211.745s][info][gc,metaspace   ] GC(74) Metaspace: 73687K(74496K)->73687K(74496K) NonClass: 64331K(64768K)->64331K(64768K) Class: 9355K(9728K)->9355K(9728K)
[2026-10-07T18:15:32.213+0000][211.745s][info][gc             ] GC(74) Pause Young (Allocation Failure) 33M->23M(36M) 12.257ms
[2026-10-07T18:15:32.213+0000][211.745s][info][gc,cpu         ] GC(74) User=0.00s Sys=0.00s Real=0.01s
[2026-10-07T18:15:34.030+0000][213.562s][info][gc,start       ] GC(75) Pause Young (Allocation Failure)
[2026-10-07T18:15:34.037+0000][213.568s][info][gc,heap        ] GC(75) DefNew: 10958K(11648K)->689K(11648K) Eden: 10368K(10368K)->0K(10368K) From: 590K(1280K)->689K(1280K)
[2026-10-07T18:15:34.037+0000][213.569s][info][gc,heap        ] GC(75) Tenured: 23898K(25656K)->23898K(25656K)
[2026-10-07T18:15:34.037+0000][213.569s][info][gc,metaspace   ] GC(75) Metaspace: 73699K(74496K)->73699K(74496K) NonClass: 64343K(64768K)->64343K(64768K) Class: 9355K(9728K)->9355K(9728K)
[2026-10-07T18:15:34.037+0000][213.569s][info][gc             ] GC(75) Pause Young (Allocation Failure) 34M->24M(36M) 7.125ms
[2026-10-07T18:15:34.037+0000][213.569s][info][gc,cpu         ] GC(75) User=0.01s Sys=0.00s Real=0.01s
[2026-10-07T18:15:35.681+0000][215.213s][info][gc,start       ] GC(76) Pause Young (Allocation Failure)
[2026-10-07T18:15:35.692+0000][215.224s][info][gc,heap        ] GC(76) DefNew: 11057K(11648K)->641K(11648K) Eden: 10368K(10368K)->0K(10368K) From: 689K(1280K)->641K(1280K)
[2026-10-07T18:15:35.692+0000][215.224s][info][gc,heap        ] GC(76) Tenured: 23898K(25656K)->23995K(25656K)
[2026-10-07T18:15:35.692+0000][215.224s][info][gc,metaspace   ] GC(76) Metaspace: 73734K(74560K)->73734K(74560K) NonClass: 64378K(64832K)->64378K(64832K) Class: 9355K(9728K)->9355K(9728K)
[2026-10-07T18:15:35.692+0000][215.224s][info][gc             ] GC(76) Pause Young (Allocation Failure) 34M->24M(36M) 11.511ms
[2026-10-07T18:15:35.692+0000][215.224s][info][gc,cpu         ] GC(76) User=0.01s Sys=0.00s Real=0.01s
[2026-10-07T18:15:37.739+0000][217.271s][info][gc,start       ] GC(77) Pause Young (Allocation Failure)
[2026-10-07T18:15:37.747+0000][217.279s][info][gc,heap        ] GC(77) DefNew: 11009K(11648K)->669K(11648K) Eden: 10368K(10368K)->0K(10368K) From: 641K(1280K)->669K(1280K)
[2026-10-07T18:15:37.747+0000][217.279s][info][gc,heap        ] GC(77) Tenured: 23995K(25656K)->24058K(25656K)
[2026-10-07T18:15:37.747+0000][217.279s][info][gc,metaspace   ] GC(77) Metaspace: 73738K(74560K)->73738K(74560K) NonClass: 64382K(64832K)->64382K(64832K) Class: 9355K(9728K)->9355K(9728K)
[2026-10-07T18:15:37.747+0000][217.279s][info][gc             ] GC(77) Pause Young (Allocation Failure) 34M->24M(36M) 8.034ms
[2026-10-07T18:15:37.747+0000][217.279s][info][gc,cpu         ] GC(77) User=0.01s Sys=0.00s Real=0.01s
[2026-10-07T18:15:39.566+0000][219.097s][info][gc,start       ] GC(78) Pause Young (Allocation Failure)
[2026-10-07T18:15:39.573+0000][219.105s][info][gc,heap        ] GC(78) DefNew: 11037K(11648K)->671K(11648K) Eden: 10368K(10368K)->0K(10368K) From: 669K(1280K)->671K(1280K)
[2026-10-07T18:15:39.573+0000][219.105s][info][gc,heap        ] GC(78) Tenured: 24058K(25656K)->24162K(25656K)
[2026-10-07T18:15:39.573+0000][219.105s][info][gc,metaspace   ] GC(78) Metaspace: 73749K(74560K)->73749K(74560K) NonClass: 64392K(64832K)->64392K(64832K) Class: 9357K(9728K)->9357K(9728K)
[2026-10-07T18:15:39.574+0000][219.105s][info][gc             ] GC(78) Pause Young (Allocation Failure) 34M->24M(36M) 7.993ms
[2026-10-07T18:15:39.574+0000][219.105s][info][gc,cpu         ] GC(78) User=0.01s Sys=0.00s Real=0.01s
[2026-10-07T18:15:41.353+0000][220.885s][info][gc,start       ] GC(79) Pause Young (Allocation Failure)
[2026-10-07T18:15:41.362+0000][220.893s][info][gc,heap        ] GC(79) DefNew: 11039K(11648K)->721K(11648K) Eden: 10368K(10368K)->0K(10368K) From: 671K(1280K)->721K(1280K)
[2026-10-07T18:15:41.362+0000][220.894s][info][gc,heap        ] GC(79) Tenured: 24162K(25656K)->24201K(25656K)
[2026-10-07T18:15:41.362+0000][220.894s][info][gc,metaspace   ] GC(79) Metaspace: 73798K(74560K)->73798K(74560K) NonClass: 64441K(64832K)->64441K(64832K) Class: 9357K(9728K)->9357K(9728K)
[2026-10-07T18:15:41.362+0000][220.894s][info][gc             ] GC(79) Pause Young (Allocation Failure) 34M->24M(36M) 8.909ms
[2026-10-07T18:15:41.362+0000][220.894s][info][gc,cpu         ] GC(79) User=0.01s Sys=0.01s Real=0.01s
[2026-10-07T18:15:43.264+0000][222.796s][info][gc,start       ] GC(80) Pause Young (Allocation Failure)
[2026-10-07T18:15:43.271+0000][222.803s][info][gc,heap        ] GC(80) DefNew: 11089K(11648K)->509K(11648K) Eden: 10368K(10368K)->0K(10368K) From: 721K(1280K)->509K(1280K)
[2026-10-07T18:15:43.271+0000][222.803s][info][gc,heap        ] GC(80) Tenured: 24201K(25656K)->24434K(25656K)
[2026-10-07T18:15:43.271+0000][222.803s][info][gc,metaspace   ] GC(80) Metaspace: 73808K(74560K)->73808K(74560K) NonClass: 64450K(64832K)->64450K(64832K) Class: 9357K(9728K)->9357K(9728K)
[2026-10-07T18:15:43.271+0000][222.803s][info][gc             ] GC(80) Pause Young (Allocation Failure) 34M->24M(36M) 7.155ms
[2026-10-07T18:15:43.271+0000][222.803s][info][gc,cpu         ] GC(80) User=0.00s Sys=0.01s Real=0.00s
[2026-10-07T18:15:45.085+0000][224.617s][info][gc,start       ] GC(81) Pause Young (Allocation Failure)
[2026-10-07T18:15:45.092+0000][224.624s][info][gc,heap        ] GC(81) DefNew: 10877K(11648K)->586K(11648K) Eden: 10368K(10368K)->0K(10368K) From: 509K(1280K)->586K(1280K)
[2026-10-07T18:15:45.092+0000][224.624s][info][gc,heap        ] GC(81) Tenured: 24434K(25656K)->24434K(25656K)
[2026-10-07T18:15:45.092+0000][224.624s][info][gc,metaspace   ] GC(81) Metaspace: 73811K(74560K)->73811K(74560K) NonClass: 64453K(64832K)->64453K(64832K) Class: 9358K(9728K)->9358K(9728K)
[2026-10-07T18:15:45.092+0000][224.624s][info][gc             ] GC(81) Pause Young (Allocation Failure) 34M->24M(36M) 7.830ms
[2026-10-07T18:15:45.092+0000][224.624s][info][gc,cpu         ] GC(81) User=0.01s Sys=0.00s Real=0.00s
[2026-10-07T18:15:46.832+0000][226.364s][info][gc,start       ] GC(82) Pause Young (Allocation Failure)
[2026-10-07T18:15:46.838+0000][226.370s][info][gc,heap        ] GC(82) DefNew: 10954K(11648K)->654K(11648K) Eden: 10368K(10368K)->0K(10368K) From: 586K(1280K)->654K(1280K)
[2026-10-07T18:15:46.839+0000][226.370s][info][gc,heap        ] GC(82) Tenured: 24434K(25656K)->24434K(25656K)
[2026-10-07T18:15:46.839+0000][226.370s][info][gc,metaspace   ] GC(82) Metaspace: 73832K(74624K)->73832K(74624K) NonClass: 64474K(64896K)->64474K(64896K) Class: 9358K(9728K)->9358K(9728K)
[2026-10-07T18:15:46.839+0000][226.371s][info][gc             ] GC(82) Pause Young (Allocation Failure) 34M->24M(36M) 6.316ms
[2026-10-07T18:15:46.841+0000][226.372s][info][gc,cpu         ] GC(82) User=0.00s Sys=0.00s Real=0.01s
[2026-10-07T18:15:48.774+0000][228.306s][info][gc,start       ] GC(83) Pause Young (Allocation Failure)
[2026-10-07T18:15:48.785+0000][228.317s][info][gc,heap        ] GC(83) DefNew: 11022K(11648K)->673K(11648K) Eden: 10368K(10368K)->0K(10368K) From: 654K(1280K)->673K(1280K)
[2026-10-07T18:15:48.785+0000][228.317s][info][gc,heap        ] GC(83) Tenured: 24434K(25656K)->24490K(25656K)
[2026-10-07T18:15:48.785+0000][228.317s][info][gc,metaspace   ] GC(83) Metaspace: 73832K(74624K)->73832K(74624K) NonClass: 64474K(64896K)->64474K(64896K) Class: 9358K(9728K)->9358K(9728K)
[2026-10-07T18:15:48.785+0000][228.317s][info][gc             ] GC(83) Pause Young (Allocation Failure) 34M->24M(36M) 10.920ms
[2026-10-07T18:15:48.785+0000][228.317s][info][gc,cpu         ] GC(83) User=0.01s Sys=0.00s Real=0.01s
[2026-10-07T18:15:50.328+0000][229.860s][info][gc,start       ] GC(84) Pause Young (Allocation Failure)
[2026-10-07T18:15:50.335+0000][229.867s][info][gc,heap        ] GC(84) DefNew: 11041K(11648K)->549K(11648K) Eden: 10368K(10368K)->0K(10368K) From: 673K(1280K)->549K(1280K)
[2026-10-07T18:15:50.335+0000][229.867s][info][gc,heap        ] GC(84) Tenured: 24490K(25656K)->24554K(25656K)
[2026-10-07T18:15:50.335+0000][229.867s][info][gc,metaspace   ] GC(84) Metaspace: 73864K(74624K)->73864K(74624K) NonClass: 64506K(64896K)->64506K(64896K) Class: 9358K(9728K)->9358K(9728K)
[2026-10-07T18:15:50.335+0000][229.867s][info][gc             ] GC(84) Pause Young (Allocation Failure) 34M->24M(36M) 7.626ms
[2026-10-07T18:15:50.335+0000][229.867s][info][gc,cpu         ] GC(84) User=0.00s Sys=0.00s Real=0.01s
[2026-10-07T18:15:52.130+0000][231.661s][info][gc,start       ] GC(85) Pause Young (Allocation Failure)
[2026-10-07T18:15:52.136+0000][231.667s][info][gc,heap        ] GC(85) DefNew: 10917K(11648K)->681K(11648K) Eden: 10368K(10368K)->0K(10368K) From: 549K(1280K)->681K(1280K)
[2026-10-07T18:15:52.136+0000][231.668s][info][gc,heap        ] GC(85) Tenured: 24554K(25656K)->24554K(25656K)
[2026-10-07T18:15:52.136+0000][231.668s][info][gc,metaspace   ] GC(85) Metaspace: 73874K(74624K)->73874K(74624K) NonClass: 64516K(64896K)->64516K(64896K) Class: 9358K(9728K)->9358K(9728K)
[2026-10-07T18:15:52.136+0000][231.668s][info][gc             ] GC(85) Pause Young (Allocation Failure) 34M->24M(36M) 6.181ms
[2026-10-07T18:15:52.136+0000][231.668s][info][gc,cpu         ] GC(85) User=0.01s Sys=0.00s Real=0.01s
[2026-10-07T18:15:53.914+0000][233.446s][info][gc,start       ] GC(86) Pause Young (Allocation Failure)
[2026-10-07T18:15:53.923+0000][233.455s][info][gc,heap        ] GC(86) DefNew: 11049K(11648K)->741K(11648K) Eden: 10368K(10368K)->0K(10368K) From: 681K(1280K)->741K(1280K)
[2026-10-07T18:15:53.924+0000][233.456s][info][gc,heap        ] GC(86) Tenured: 24554K(25656K)->24602K(25656K)
[2026-10-07T18:15:53.924+0000][233.456s][info][gc,metaspace   ] GC(86) Metaspace: 73924K(74688K)->73924K(74688K) NonClass: 64565K(64960K)->64565K(64960K) Class: 9358K(9728K)->9358K(9728K)
[2026-10-07T18:15:53.924+0000][233.456s][info][gc             ] GC(86) Pause Young (Allocation Failure) 34M->24M(36M) 9.561ms
[2026-10-07T18:15:53.924+0000][233.456s][info][gc,cpu         ] GC(86) User=0.01s Sys=0.00s Real=0.01s
[2026-10-07T18:15:55.504+0000][235.036s][info][gc,start       ] GC(87) Pause Young (Allocation Failure)
[2026-10-07T18:15:55.511+0000][235.043s][info][gc,heap        ] GC(87) DefNew: 11109K(11648K)->572K(11648K) Eden: 10368K(10368K)->0K(10368K) From: 741K(1280K)->572K(1280K)
[2026-10-07T18:15:55.511+0000][235.043s][info][gc,heap        ] GC(87) Tenured: 24602K(25656K)->24710K(25656K)
[2026-10-07T18:15:55.511+0000][235.043s][info][gc,metaspace   ] GC(87) Metaspace: 73944K(74688K)->73944K(74688K) NonClass: 64585K(64960K)->64585K(64960K) Class: 9358K(9728K)->9358K(9728K)
[2026-10-07T18:15:55.511+0000][235.043s][info][gc             ] GC(87) Pause Young (Allocation Failure) 34M->24M(36M) 6.656ms
[2026-10-07T18:15:55.511+0000][235.043s][info][gc,cpu         ] GC(87) User=0.00s Sys=0.00s Real=0.00s
[2026-10-07T18:15:57.528+0000][237.060s][info][gc,start       ] GC(88) Pause Young (Allocation Failure)
[2026-10-07T18:15:57.535+0000][237.067s][info][gc,heap        ] GC(88) DefNew: 10940K(11648K)->686K(11648K) Eden: 10368K(10368K)->0K(10368K) From: 572K(1280K)->686K(1280K)
[2026-10-07T18:15:57.535+0000][237.067s][info][gc,heap        ] GC(88) Tenured: 24710K(25656K)->24710K(25656K)
[2026-10-07T18:15:57.535+0000][237.067s][info][gc,metaspace   ] GC(88) Metaspace: 73949K(74688K)->73949K(74688K) NonClass: 64591K(64960K)->64591K(64960K) Class: 9358K(9728K)->9358K(9728K)
[2026-10-07T18:15:57.536+0000][237.068s][info][gc             ] GC(88) Pause Young (Allocation Failure) 34M->24M(36M) 7.874ms
[2026-10-07T18:15:57.536+0000][237.068s][info][gc,cpu         ] GC(88) User=0.00s Sys=0.00s Real=0.01s
[2026-10-07T18:15:59.309+0000][238.841s][info][gc,start       ] GC(89) Pause Young (Allocation Failure)
[2026-10-07T18:15:59.317+0000][238.849s][info][gc,heap        ] GC(89) DefNew: 11054K(11648K)->688K(11648K) Eden: 10368K(10368K)->0K(10368K) From: 686K(1280K)->688K(1280K)
[2026-10-07T18:15:59.317+0000][238.849s][info][gc,heap        ] GC(89) Tenured: 24710K(25656K)->24780K(25656K)
[2026-10-07T18:15:59.317+0000][238.849s][info][gc,metaspace   ] GC(89) Metaspace: 73951K(74688K)->73951K(74688K) NonClass: 64592K(64960K)->64592K(64960K) Class: 9358K(9728K)->9358K(9728K)
[2026-10-07T18:15:59.317+0000][238.849s][info][gc             ] GC(89) Pause Young (Allocation Failure) 34M->24M(36M) 7.701ms
[2026-10-07T18:15:59.317+0000][238.849s][info][gc,cpu         ] GC(89) User=0.00s Sys=0.00s Real=0.01s
[2026-10-07T18:16:00.978+0000][240.510s][info][gc,start       ] GC(90) Pause Young (Allocation Failure)
[2026-10-07T18:16:00.984+0000][240.516s][info][gc,heap        ] GC(90) DefNew: 11056K(11648K)->548K(11648K) Eden: 10368K(10368K)->0K(10368K) From: 688K(1280K)->548K(1280K)
[2026-10-07T18:16:00.984+0000][240.516s][info][gc,heap        ] GC(90) Tenured: 24780K(25656K)->24908K(25656K)
[2026-10-07T18:16:00.984+0000][240.516s][info][gc,metaspace   ] GC(90) Metaspace: 73960K(74752K)->73960K(74752K) NonClass: 64601K(65024K)->64601K(65024K) Class: 9359K(9728K)->9359K(9728K)
[2026-10-07T18:16:00.984+0000][240.516s][info][gc             ] GC(90) Pause Young (Allocation Failure) 34M->24M(36M) 6.452ms
[2026-10-07T18:16:00.985+0000][240.516s][info][gc,cpu         ] GC(90) User=0.00s Sys=0.00s Real=0.01s
[2026-10-07T18:16:02.675+0000][242.207s][info][gc,start       ] GC(91) Pause Young (Allocation Failure)
[2026-10-07T18:16:02.685+0000][242.217s][info][gc,heap        ] GC(91) DefNew: 10916K(11648K)->722K(11648K) Eden: 10368K(10368K)->0K(10368K) From: 548K(1280K)->722K(1280K)
[2026-10-07T18:16:02.685+0000][242.217s][info][gc,heap        ] GC(91) Tenured: 24908K(25656K)->24908K(25656K)
[2026-10-07T18:16:02.685+0000][242.217s][info][gc,metaspace   ] GC(91) Metaspace: 73971K(74752K)->73971K(74752K) NonClass: 64608K(65024K)->64608K(65024K) Class: 9363K(9728K)->9363K(9728K)
[2026-10-07T18:16:02.685+0000][242.217s][info][gc             ] GC(91) Pause Young (Allocation Failure) 34M->25M(36M) 10.016ms
[2026-10-07T18:16:02.685+0000][242.217s][info][gc,cpu         ] GC(91) User=0.01s Sys=0.00s Real=0.01s
[2026-10-07T18:16:04.380+0000][243.912s][info][gc,start       ] GC(92) Pause Young (Allocation Failure)
[2026-10-07T18:16:04.387+0000][243.919s][info][gc,heap        ] GC(92) DefNew: 11090K(11648K)->790K(11648K) Eden: 10368K(10368K)->0K(10368K) From: 722K(1280K)->790K(1280K)
[2026-10-07T18:16:04.387+0000][243.919s][info][gc,heap        ] GC(92) Tenured: 24908K(25656K)->25018K(25656K)
[2026-10-07T18:16:04.387+0000][243.919s][info][gc,metaspace   ] GC(92) Metaspace: 73975K(74752K)->73975K(74752K) NonClass: 64612K(65024K)->64612K(65024K) Class: 9363K(9728K)->9363K(9728K)
[2026-10-07T18:16:04.387+0000][243.919s][info][gc             ] GC(92) Pause Young (Allocation Failure) 35M->25M(36M) 7.323ms
[2026-10-07T18:16:04.387+0000][243.919s][info][gc,cpu         ] GC(92) User=0.01s Sys=0.00s Real=0.01s
[2026-10-07T18:16:06.118+0000][245.650s][info][gc,start       ] GC(93) Pause Young (Allocation Failure)
[2026-10-07T18:16:06.125+0000][245.657s][info][gc,heap        ] GC(93) DefNew: 11158K(11648K)->656K(11648K) Eden: 10368K(10368K)->0K(10368K) From: 790K(1280K)->656K(1280K)
[2026-10-07T18:16:06.125+0000][245.657s][info][gc,heap        ] GC(93) Tenured: 25018K(25656K)->25123K(25656K)
[2026-10-07T18:16:06.125+0000][245.657s][info][gc,metaspace   ] GC(93) Metaspace: 73996K(74816K)->73996K(74816K) NonClass: 64632K(65088K)->64632K(65088K) Class: 9364K(9728K)->9364K(9728K)
[2026-10-07T18:16:06.125+0000][245.657s][info][gc             ] GC(93) Pause Young (Allocation Failure) 35M->25M(36M) 7.212ms
[2026-10-07T18:16:06.125+0000][245.657s][info][gc,cpu         ] GC(93) User=0.01s Sys=0.00s Real=0.01s
[2026-10-07T18:16:07.976+0000][247.508s][info][gc,start       ] GC(94) Pause Young (Allocation Failure)
[2026-10-07T18:16:07.983+0000][247.515s][info][gc,heap        ] GC(94) DefNew: 11024K(11648K)->657K(11648K) Eden: 10368K(10368K)->0K(10368K) From: 656K(1280K)->657K(1280K)
[2026-10-07T18:16:07.983+0000][247.515s][info][gc,heap        ] GC(94) Tenured: 25123K(25656K)->25238K(25656K)
[2026-10-07T18:16:07.983+0000][247.515s][info][gc,metaspace   ] GC(94) Metaspace: 73999K(74816K)->73999K(74816K) NonClass: 64635K(65088K)->64635K(65088K) Class: 9364K(9728K)->9364K(9728K)
[2026-10-07T18:16:07.983+0000][247.515s][info][gc             ] GC(94) Pause Young (Allocation Failure) 35M->25M(36M) 7.114ms
[2026-10-07T18:16:07.983+0000][247.515s][info][gc,cpu         ] GC(94) User=0.00s Sys=0.01s Real=0.00s
[2026-10-07T18:16:09.829+0000][249.361s][info][gc,start       ] GC(95) Pause Young (Allocation Failure)
[2026-10-07T18:16:09.835+0000][249.367s][info][gc,heap        ] GC(95) DefNew: 11025K(11648K)->680K(11648K) Eden: 10368K(10368K)->0K(10368K) From: 657K(1280K)->680K(1280K)
[2026-10-07T18:16:09.835+0000][249.367s][info][gc,heap        ] GC(95) Tenured: 25238K(25656K)->25279K(25656K)
[2026-10-07T18:16:09.835+0000][249.367s][info][gc,metaspace   ] GC(95) Metaspace: 73999K(74816K)->73999K(74816K) NonClass: 64635K(65088K)->64635K(65088K) Class: 9364K(9728K)->9364K(9728K)
[2026-10-07T18:16:09.836+0000][249.367s][info][gc             ] GC(95) Pause Young (Allocation Failure) 35M->25M(36M) 6.903ms
[2026-10-07T18:16:09.836+0000][249.368s][info][gc,cpu         ] GC(95) User=0.00s Sys=0.00s Real=0.01s
[2026-10-07T18:16:11.618+0000][251.150s][info][gc,start       ] GC(96) Pause Young (Allocation Failure)
[2026-10-07T18:16:11.625+0000][251.157s][info][gc,heap        ] GC(96) DefNew: 11048K(11648K)->450K(11648K) Eden: 10368K(10368K)->0K(10368K) From: 680K(1280K)->450K(1280K)
[2026-10-07T18:16:11.625+0000][251.157s][info][gc,heap        ] GC(96) Tenured: 25279K(25656K)->25475K(25656K)
[2026-10-07T18:16:11.625+0000][251.157s][info][gc,metaspace   ] GC(96) Metaspace: 74003K(74816K)->74003K(74816K) NonClass: 64639K(65088K)->64639K(65088K) Class: 9364K(9728K)->9364K(9728K)
[2026-10-07T18:16:11.625+0000][251.157s][info][gc             ] GC(96) Pause Young (Allocation Failure) 35M->25M(36M) 6.857ms
[2026-10-07T18:16:11.625+0000][251.157s][info][gc,cpu         ] GC(96) User=0.00s Sys=0.00s Real=0.01s
[2026-10-07T18:16:13.746+0000][253.278s][info][gc,start       ] GC(97) Pause Young (Allocation Failure)
[2026-10-07T18:16:13.753+0000][253.285s][info][gc,heap        ] GC(97) DefNew: 10818K(11648K)->517K(11648K) Eden: 10368K(10368K)->0K(10368K) From: 450K(1280K)->517K(1280K)
[2026-10-07T18:16:13.753+0000][253.285s][info][gc,heap        ] GC(97) Tenured: 25475K(25656K)->25475K(25656K)
[2026-10-07T18:16:13.753+0000][253.285s][info][gc,metaspace   ] GC(97) Metaspace: 74004K(74816K)->74004K(74816K) NonClass: 64640K(65088K)->64640K(65088K) Class: 9364K(9728K)->9364K(9728K)
[2026-10-07T18:16:13.754+0000][253.286s][info][gc             ] GC(97) Pause Young (Allocation Failure) 35M->25M(36M) 7.760ms
[2026-10-07T18:16:13.754+0000][253.286s][info][gc,cpu         ] GC(97) User=0.00s Sys=0.00s Real=0.01s
[2026-10-07T18:16:15.645+0000][255.177s][info][gc,start       ] GC(98) Pause Young (Allocation Failure)
[2026-10-07T18:16:15.651+0000][255.183s][info][gc,heap        ] GC(98) DefNew: 10885K(11648K)->472K(11648K) Eden: 10368K(10368K)->0K(10368K) From: 517K(1280K)->472K(1280K)
[2026-10-07T18:16:15.651+0000][255.183s][info][gc,heap        ] GC(98) Tenured: 25475K(25656K)->25475K(25656K)
[2026-10-07T18:16:15.651+0000][255.183s][info][gc,metaspace   ] GC(98) Metaspace: 74013K(74816K)->74013K(74816K) NonClass: 64648K(65088K)->64648K(65088K) Class: 9364K(9728K)->9364K(9728K)
[2026-10-07T18:16:15.651+0000][255.183s][info][gc             ] GC(98) Pause Young (Allocation Failure) 35M->25M(36M) 5.948ms
[2026-10-07T18:16:15.651+0000][255.183s][info][gc,cpu         ] GC(98) User=0.01s Sys=0.00s Real=0.00s
[2026-10-07T18:16:17.645+0000][257.177s][info][gc,start       ] GC(99) Pause Young (Allocation Failure)
[2026-10-07T18:16:17.651+0000][257.183s][info][gc,heap        ] GC(99) DefNew: 10840K(11648K)->541K(11648K) Eden: 10368K(10368K)->0K(10368K) From: 472K(1280K)->541K(1280K)
[2026-10-07T18:16:17.652+0000][257.183s][info][gc,heap        ] GC(99) Tenured: 25475K(25656K)->25475K(25656K)
[2026-10-07T18:16:17.652+0000][257.183s][info][gc,metaspace   ] GC(99) Metaspace: 74024K(74816K)->74024K(74816K) NonClass: 64660K(65088K)->64660K(65088K) Class: 9364K(9728K)->9364K(9728K)
[2026-10-07T18:16:17.652+0000][257.184s][info][gc             ] GC(99) Pause Young (Allocation Failure) 35M->25M(36M) 6.574ms
[2026-10-07T18:16:17.652+0000][257.184s][info][gc,cpu         ] GC(99) User=0.00s Sys=0.00s Real=0.00s
[2026-10-07T18:16:19.502+0000][259.034s][info][gc,start       ] GC(100) Pause Young (Allocation Failure)
[2026-10-07T18:16:19.509+0000][259.041s][info][gc,heap        ] GC(100) DefNew: 10909K(11648K)->585K(11648K) Eden: 10368K(10368K)->0K(10368K) From: 541K(1280K)->585K(1280K)
[2026-10-07T18:16:19.509+0000][259.041s][info][gc,heap        ] GC(100) Tenured: 25475K(25656K)->25475K(25656K)
[2026-10-07T18:16:19.509+0000][259.041s][info][gc,metaspace   ] GC(100) Metaspace: 74037K(74816K)->74037K(74816K) NonClass: 64672K(65088K)->64672K(65088K) Class: 9364K(9728K)->9364K(9728K)
[2026-10-07T18:16:19.510+0000][259.042s][info][gc             ] GC(100) Pause Young (Allocation Failure) 35M->25M(36M) 7.520ms
[2026-10-07T18:16:19.510+0000][259.042s][info][gc,cpu         ] GC(100) User=0.00s Sys=0.00s Real=0.01s
[2026-10-07T18:16:21.372+0000][260.903s][info][gc,start       ] GC(101) Pause Young (Allocation Failure)
[2026-10-07T18:16:21.380+0000][260.912s][info][gc,heap        ] GC(101) DefNew: 10953K(11648K)->604K(11648K) Eden: 10368K(10368K)->0K(10368K) From: 585K(1280K)->604K(1280K)
[2026-10-07T18:16:21.380+0000][260.912s][info][gc,heap        ] GC(101) Tenured: 25475K(25656K)->25475K(25656K)
[2026-10-07T18:16:21.381+0000][260.912s][info][gc,metaspace   ] GC(101) Metaspace: 74052K(74816K)->74052K(74816K) NonClass: 64687K(65088K)->64687K(65088K) Class: 9364K(9728K)->9364K(9728K)
[2026-10-07T18:16:21.381+0000][260.913s][info][gc             ] GC(101) Pause Young (Allocation Failure) 35M->25M(36M) 9.355ms
[2026-10-07T18:16:21.381+0000][260.913s][info][gc,cpu         ] GC(101) User=0.02s Sys=0.00s Real=0.01s
[2026-10-07T18:16:23.257+0000][262.789s][info][gc,start       ] GC(102) Pause Young (Allocation Failure)
[2026-10-07T18:16:23.264+0000][262.796s][info][gc,heap        ] GC(102) DefNew: 10972K(11648K)->688K(11648K) Eden: 10368K(10368K)->0K(10368K) From: 604K(1280K)->688K(1280K)
[2026-10-07T18:16:23.264+0000][262.796s][info][gc,heap        ] GC(102) Tenured: 25475K(25656K)->25475K(25656K)
[2026-10-07T18:16:23.264+0000][262.796s][info][gc,metaspace   ] GC(102) Metaspace: 74056K(74816K)->74056K(74816K) NonClass: 64692K(65088K)->64692K(65088K) Class: 9364K(9728K)->9364K(9728K)
[2026-10-07T18:16:23.265+0000][262.796s][info][gc             ] GC(102) Pause Young (Allocation Failure) 35M->25M(36M) 7.106ms
[2026-10-07T18:16:23.265+0000][262.797s][info][gc,cpu         ] GC(102) User=0.00s Sys=0.00s Real=0.01s
[2026-10-07T18:16:25.189+0000][264.721s][info][gc,start       ] GC(103) Pause Young (Allocation Failure)
[2026-10-07T18:16:25.195+0000][264.727s][info][gc,heap        ] GC(103) DefNew: 11056K(11648K)->565K(11648K) Eden: 10368K(10368K)->0K(10368K) From: 688K(1280K)->565K(1280K)
[2026-10-07T18:16:25.195+0000][264.727s][info][gc,heap        ] GC(103) Tenured: 25475K(25656K)->25545K(25656K)
[2026-10-07T18:16:25.195+0000][264.727s][info][gc,metaspace   ] GC(103) Metaspace: 74062K(74816K)->74062K(74816K) NonClass: 64698K(65088K)->64698K(65088K) Class: 9364K(9728K)->9364K(9728K)
[2026-10-07T18:16:25.195+0000][264.727s][info][gc             ] GC(103) Pause Young (Allocation Failure) 35M->25M(36M) 6.345ms
[2026-10-07T18:16:25.195+0000][264.727s][info][gc,cpu         ] GC(103) User=0.01s Sys=0.00s Real=0.01s
[2026-10-07T18:16:26.877+0000][266.409s][info][gc,start       ] GC(104) Pause Young (Allocation Failure)
[2026-10-07T18:16:26.884+0000][266.416s][info][gc,heap        ] GC(104) DefNew: 10933K(11648K)->677K(11648K) Eden: 10368K(10368K)->0K(10368K) From: 565K(1280K)->677K(1280K)
[2026-10-07T18:16:26.884+0000][266.416s][info][gc,heap        ] GC(104) Tenured: 25545K(25656K)->25545K(25656K)
[2026-10-07T18:16:26.884+0000][266.416s][info][gc,metaspace   ] GC(104) Metaspace: 74065K(74816K)->74065K(74816K) NonClass: 64701K(65088K)->64701K(65088K) Class: 9364K(9728K)->9364K(9728K)
[2026-10-07T18:16:26.884+0000][266.416s][info][gc             ] GC(104) Pause Young (Allocation Failure) 35M->25M(36M) 6.520ms
[2026-10-07T18:16:26.884+0000][266.416s][info][gc,cpu         ] GC(104) User=0.00s Sys=0.00s Real=0.01s
[2026-10-07T18:16:28.752+0000][268.284s][info][gc,start       ] GC(105) Pause Young (Allocation Failure)
[2026-10-07T18:16:28.772+0000][268.304s][info][gc,heap        ] GC(105) DefNew: 11045K(11648K)->699K(11648K) Eden: 10368K(10368K)->0K(10368K) From: 677K(1280K)->699K(1280K)
[2026-10-07T18:16:28.772+0000][268.304s][info][gc,heap        ] GC(105) Tenured: 25545K(25656K)->25583K(25656K)
[2026-10-07T18:16:28.772+0000][268.304s][info][gc,metaspace   ] GC(105) Metaspace: 74065K(74816K)->74065K(74816K) NonClass: 64701K(65088K)->64701K(65088K) Class: 9364K(9728K)->9364K(9728K)
[2026-10-07T18:16:28.772+0000][268.304s][info][gc             ] GC(105) Pause Young (Allocation Failure) 35M->25M(36M) 20.233ms
[2026-10-07T18:16:28.772+0000][268.304s][info][gc,cpu         ] GC(105) User=0.01s Sys=0.00s Real=0.02s
[2026-10-07T18:16:30.537+0000][270.069s][info][gc,start       ] GC(106) Pause Young (Allocation Failure)
[2026-10-07T18:16:30.545+0000][270.077s][info][gc             ] GC(106) Pause Young (Allocation Failure) 35M->25M(36M) 7.915ms
[2026-10-07T18:16:30.545+0000][270.077s][info][gc,cpu         ] GC(106) User=0.01s Sys=0.00s Real=0.01s
[2026-10-07T18:16:30.545+0000][270.077s][info][gc,start       ] GC(107) Pause Full (Allocation Failure)
[2026-10-07T18:16:30.546+0000][270.077s][info][gc,phases,start] GC(107) Phase 1: Mark live objects
[2026-10-07T18:16:30.633+0000][270.165s][info][gc,phases      ] GC(107) Phase 1: Mark live objects 87.391ms
[2026-10-07T18:16:30.633+0000][270.165s][info][gc,phases,start] GC(107) Phase 2: Compute new object addresses
[2026-10-07T18:16:30.645+0000][270.177s][info][gc,phases      ] GC(107) Phase 2: Compute new object addresses 11.600ms
[2026-10-07T18:16:30.645+0000][270.177s][info][gc,phases,start] GC(107) Phase 3: Adjust pointers
[2026-10-07T18:16:30.684+0000][270.216s][info][gc,phases      ] GC(107) Phase 3: Adjust pointers 39.632ms
[2026-10-07T18:16:30.684+0000][270.216s][info][gc,phases,start] GC(107) Phase 4: Move objects
[2026-10-07T18:16:30.687+0000][270.219s][info][gc,phases      ] GC(107) Phase 4: Move objects 2.997ms
[2026-10-07T18:16:30.689+0000][270.221s][info][gc,heap        ] GC(107) DefNew: 11067K(11648K)->0K(19200K) Eden: 10368K(10368K)->0K(17088K) From: 699K(1280K)->0K(2112K)
[2026-10-07T18:16:30.689+0000][270.221s][info][gc,heap        ] GC(107) Tenured: 25583K(25656K)->25374K(42292K)
[2026-10-07T18:16:30.689+0000][270.221s][info][gc,metaspace   ] GC(107) Metaspace: 74070K(74816K)->74070K(74816K) NonClass: 64705K(65088K)->64705K(65088K) Class: 9364K(9728K)->9364K(9728K)
[2026-10-07T18:16:30.689+0000][270.221s][info][gc             ] GC(107) Pause Full (Allocation Failure) 25M->24M(60M) 143.435ms
[2026-10-07T18:16:30.689+0000][270.221s][info][gc,cpu         ] GC(107) User=0.13s Sys=0.00s Real=0.14s
[2026-10-07T18:16:33.477+0000][273.009s][info][gc,start       ] GC(108) Pause Young (Allocation Failure)
[2026-10-07T18:16:33.484+0000][273.016s][info][gc,heap        ] GC(108) DefNew: 17088K(19200K)->494K(19200K) Eden: 17088K(17088K)->0K(17088K) From: 0K(2112K)->494K(2112K)
[2026-10-07T18:16:33.485+0000][273.016s][info][gc,heap        ] GC(108) Tenured: 25374K(42292K)->25374K(42292K)
[2026-10-07T18:16:33.485+0000][273.016s][info][gc,metaspace   ] GC(108) Metaspace: 74070K(74816K)->74070K(74816K) NonClass: 64705K(65088K)->64705K(65088K) Class: 9364K(9728K)->9364K(9728K)
[2026-10-07T18:16:33.486+0000][273.017s][info][gc             ] GC(108) Pause Young (Allocation Failure) 41M->25M(60M) 8.711ms
[2026-10-07T18:16:33.487+0000][273.018s][info][gc,cpu         ] GC(108) User=0.01s Sys=0.00s Real=0.01s
[2026-10-07T18:16:36.331+0000][275.863s][info][gc,start       ] GC(109) Pause Young (Allocation Failure)
[2026-10-07T18:16:36.340+0000][275.872s][info][gc,heap        ] GC(109) DefNew: 17582K(19200K)->684K(19200K) Eden: 17088K(17088K)->0K(17088K) From: 494K(2112K)->684K(2112K)
[2026-10-07T18:16:36.340+0000][275.872s][info][gc,heap        ] GC(109) Tenured: 25374K(42292K)->25374K(42292K)
[2026-10-07T18:16:36.340+0000][275.872s][info][gc,metaspace   ] GC(109) Metaspace: 74070K(74816K)->74070K(74816K) NonClass: 64705K(65088K)->64705K(65088K) Class: 9364K(9728K)->9364K(9728K)
[2026-10-07T18:16:36.342+0000][275.874s][info][gc             ] GC(109) Pause Young (Allocation Failure) 41M->25M(60M) 11.050ms
[2026-10-07T18:16:36.342+0000][275.874s][info][gc,cpu         ] GC(109) User=0.01s Sys=0.00s Real=0.01s
[2026-10-07T18:16:39.477+0000][279.009s][info][gc,start       ] GC(110) Pause Young (Allocation Failure)
[2026-10-07T18:16:39.485+0000][279.017s][info][gc,heap        ] GC(110) DefNew: 17772K(19200K)->805K(19200K) Eden: 17088K(17088K)->0K(17088K) From: 684K(2112K)->805K(2112K)
[2026-10-07T18:16:39.485+0000][279.017s][info][gc,heap        ] GC(110) Tenured: 25374K(42292K)->25374K(42292K)
[2026-10-07T18:16:39.485+0000][279.017s][info][gc,metaspace   ] GC(110) Metaspace: 74073K(74816K)->74073K(74816K) NonClass: 64708K(65088K)->64708K(65088K) Class: 9364K(9728K)->9364K(9728K)
[2026-10-07T18:16:39.485+0000][279.017s][info][gc             ] GC(110) Pause Young (Allocation Failure) 42M->25M(60M) 7.940ms
[2026-10-07T18:16:39.485+0000][279.017s][info][gc,cpu         ] GC(110) User=0.00s Sys=0.00s Real=0.01s
[2026-10-07T18:16:42.574+0000][282.106s][info][gc,start       ] GC(111) Pause Young (Allocation Failure)
[2026-10-07T18:16:42.583+0000][282.115s][info][gc,heap        ] GC(111) DefNew: 17893K(19200K)->886K(19200K) Eden: 17088K(17088K)->0K(17088K) From: 805K(2112K)->886K(2112K)
[2026-10-07T18:16:42.583+0000][282.115s][info][gc,heap        ] GC(111) Tenured: 25374K(42292K)->25374K(42292K)
[2026-10-07T18:16:42.583+0000][282.115s][info][gc,metaspace   ] GC(111) Metaspace: 74076K(74880K)->74076K(74880K) NonClass: 64711K(65152K)->64711K(65152K) Class: 9364K(9728K)->9364K(9728K)
[2026-10-07T18:16:42.583+0000][282.115s][info][gc             ] GC(111) Pause Young (Allocation Failure) 42M->25M(60M) 8.583ms
[2026-10-07T18:16:42.583+0000][282.115s][info][gc,cpu         ] GC(111) User=0.01s Sys=0.00s Real=0.00s
[2026-10-07T18:16:45.671+0000][285.203s][info][gc,start       ] GC(112) Pause Young (Allocation Failure)
[2026-10-07T18:16:45.678+0000][285.210s][info][gc,heap        ] GC(112) DefNew: 17974K(19200K)->902K(19200K) Eden: 17088K(17088K)->0K(17088K) From: 886K(2112K)->902K(2112K)
[2026-10-07T18:16:45.678+0000][285.210s][info][gc,heap        ] GC(112) Tenured: 25374K(42292K)->25374K(42292K)
[2026-10-07T18:16:45.678+0000][285.210s][info][gc,metaspace   ] GC(112) Metaspace: 74079K(74880K)->74079K(74880K) NonClass: 64714K(65152K)->64714K(65152K) Class: 9364K(9728K)->9364K(9728K)
[2026-10-07T18:16:45.678+0000][285.210s][info][gc             ] GC(112) Pause Young (Allocation Failure) 42M->25M(60M) 6.694ms
[2026-10-07T18:16:45.678+0000][285.210s][info][gc,cpu         ] GC(112) User=0.00s Sys=0.00s Real=0.01s
[2026-10-07T18:16:48.751+0000][288.283s][info][gc,start       ] GC(113) Pause Young (Allocation Failure)
[2026-10-07T18:16:48.760+0000][288.292s][info][gc,heap        ] GC(113) DefNew: 17990K(19200K)->1082K(19200K) Eden: 17088K(17088K)->0K(17088K) From: 902K(2112K)->1082K(2112K)
[2026-10-07T18:16:48.761+0000][288.293s][info][gc,heap        ] GC(113) Tenured: 25374K(42292K)->25374K(42292K)
[2026-10-07T18:16:48.761+0000][288.293s][info][gc,metaspace   ] GC(113) Metaspace: 74082K(74880K)->74082K(74880K) NonClass: 64718K(65152K)->64718K(65152K) Class: 9364K(9728K)->9364K(9728K)
[2026-10-07T18:16:48.761+0000][288.293s][info][gc             ] GC(113) Pause Young (Allocation Failure) 42M->25M(60M) 10.273ms
[2026-10-07T18:16:48.761+0000][288.293s][info][gc,cpu         ] GC(113) User=0.01s Sys=0.00s Real=0.01s
[2026-10-07T18:16:51.673+0000][291.205s][info][gc,start       ] GC(114) Pause Young (Allocation Failure)
[2026-10-07T18:16:51.682+0000][291.214s][info][gc,heap        ] GC(114) DefNew: 18170K(19200K)->1092K(19200K) Eden: 17088K(17088K)->0K(17088K) From: 1082K(2112K)->1092K(2112K)
[2026-10-07T18:16:51.682+0000][291.214s][info][gc,heap        ] GC(114) Tenured: 25374K(42292K)->25442K(42292K)
[2026-10-07T18:16:51.682+0000][291.214s][info][gc,metaspace   ] GC(114) Metaspace: 74134K(74880K)->74134K(74880K) NonClass: 64770K(65152K)->64770K(65152K) Class: 9364K(9728K)->9364K(9728K)
[2026-10-07T18:16:51.682+0000][291.214s][info][gc             ] GC(114) Pause Young (Allocation Failure) 42M->25M(60M) 8.688ms
[2026-10-07T18:16:51.682+0000][291.214s][info][gc,cpu         ] GC(114) User=0.01s Sys=0.01s Real=0.01s
[2026-10-07T18:16:54.931+0000][294.463s][info][gc,start       ] GC(115) Pause Young (Allocation Failure)
[2026-10-07T18:16:54.940+0000][294.472s][info][gc,heap        ] GC(115) DefNew: 18180K(19200K)->1018K(19200K) Eden: 17088K(17088K)->0K(17088K) From: 1092K(2112K)->1018K(2112K)
[2026-10-07T18:16:54.940+0000][294.472s][info][gc,heap        ] GC(115) Tenured: 25442K(42292K)->25639K(42292K)
[2026-10-07T18:16:54.940+0000][294.472s][info][gc,metaspace   ] GC(115) Metaspace: 74136K(74880K)->74136K(74880K) NonClass: 64772K(65152K)->64772K(65152K) Class: 9364K(9728K)->9364K(9728K)
[2026-10-07T18:16:54.940+0000][294.472s][info][gc             ] GC(115) Pause Young (Allocation Failure) 42M->26M(60M) 8.839ms
[2026-10-07T18:16:54.940+0000][294.472s][info][gc,cpu         ] GC(115) User=0.00s Sys=0.00s Real=0.01s
[2026-10-07T18:16:57.965+0000][297.497s][info][gc,start       ] GC(116) Pause Young (Allocation Failure)
[2026-10-07T18:16:57.973+0000][297.505s][info][gc,heap        ] GC(116) DefNew: 18106K(19200K)->1111K(19200K) Eden: 17088K(17088K)->0K(17088K) From: 1018K(2112K)->1111K(2112K)
[2026-10-07T18:16:57.973+0000][297.505s][info][gc,heap        ] GC(116) Tenured: 25639K(42292K)->25639K(42292K)
[2026-10-07T18:16:57.973+0000][297.505s][info][gc,metaspace   ] GC(116) Metaspace: 74137K(74880K)->74137K(74880K) NonClass: 64772K(65152K)->64772K(65152K) Class: 9364K(9728K)->9364K(9728K)
[2026-10-07T18:16:57.973+0000][297.505s][info][gc             ] GC(116) Pause Young (Allocation Failure) 42M->26M(60M) 8.379ms
[2026-10-07T18:16:57.973+0000][297.505s][info][gc,cpu         ] GC(116) User=0.01s Sys=0.00s Real=0.00s
[2026-10-07T18:17:01.021+0000][300.553s][info][gc,start       ] GC(117) Pause Young (Allocation Failure)
[2026-10-07T18:17:01.028+0000][300.560s][info][gc,heap        ] GC(117) DefNew: 18199K(19200K)->1084K(19200K) Eden: 17088K(17088K)->0K(17088K) From: 1111K(2112K)->1084K(2112K)
[2026-10-07T18:17:01.028+0000][300.560s][info][gc,heap        ] GC(117) Tenured: 25639K(42292K)->25697K(42292K)
[2026-10-07T18:17:01.029+0000][300.560s][info][gc,metaspace   ] GC(117) Metaspace: 74138K(74880K)->74138K(74880K) NonClass: 64773K(65152K)->64773K(65152K) Class: 9364K(9728K)->9364K(9728K)
[2026-10-07T18:17:01.029+0000][300.560s][info][gc             ] GC(117) Pause Young (Allocation Failure) 42M->26M(60M) 7.899ms
[2026-10-07T18:17:01.029+0000][300.561s][info][gc,cpu         ] GC(117) User=0.01s Sys=0.00s Real=0.01s
[2026-10-07T18:17:04.055+0000][303.587s][info][gc,start       ] GC(118) Pause Young (Allocation Failure)
[2026-10-07T18:17:04.065+0000][303.597s][info][gc,heap        ] GC(118) DefNew: 18172K(19200K)->1571K(19200K) Eden: 17088K(17088K)->0K(17088K) From: 1084K(2112K)->1571K(2112K)
[2026-10-07T18:17:04.065+0000][303.597s][info][gc,heap        ] GC(118) Tenured: 25697K(42292K)->25799K(42292K)
[2026-10-07T18:17:04.065+0000][303.597s][info][gc,metaspace   ] GC(118) Metaspace: 74286K(75072K)->74286K(75072K) NonClass: 64921K(65344K)->64921K(65344K) Class: 9364K(9728K)->9364K(9728K)
[2026-10-07T18:17:04.065+0000][303.597s][info][gc             ] GC(118) Pause Young (Allocation Failure) 42M->26M(60M) 10.018ms
[2026-10-07T18:17:04.065+0000][303.597s][info][gc,cpu         ] GC(118) User=0.01s Sys=0.00s Real=0.01s
[2026-10-07T18:17:06.319+0000][305.851s][info][gc,start       ] GC(119) Pause Young (Allocation Failure)
[2026-10-07T18:17:06.343+0000][305.875s][info][gc,heap        ] GC(119) DefNew: 18659K(19200K)->2112K(19200K) Eden: 17088K(17088K)->0K(17088K) From: 1571K(2112K)->2112K(2112K)
[2026-10-07T18:17:06.343+0000][305.875s][info][gc,heap        ] GC(119) Tenured: 25799K(42292K)->26522K(42292K)
[2026-10-07T18:17:06.343+0000][305.875s][info][gc,metaspace   ] GC(119) Metaspace: 74319K(75072K)->74319K(75072K) NonClass: 64954K(65344K)->64954K(65344K) Class: 9364K(9728K)->9364K(9728K)
[2026-10-07T18:17:06.344+0000][305.875s][info][gc             ] GC(119) Pause Young (Allocation Failure) 43M->27M(60M) 24.734ms
[2026-10-07T18:17:06.344+0000][305.876s][info][gc,cpu         ] GC(119) User=0.02s Sys=0.00s Real=0.03s
[2026-10-07T18:17:08.889+0000][308.421s][info][gc,start       ] GC(120) Pause Young (Allocation Failure)
[2026-10-07T18:17:08.913+0000][308.445s][info][gc,heap        ] GC(120) DefNew: 19200K(19200K)->1306K(19200K) Eden: 17088K(17088K)->0K(17088K) From: 2112K(2112K)->1306K(2112K)
[2026-10-07T18:17:08.913+0000][308.445s][info][gc,heap        ] GC(120) Tenured: 26522K(42292K)->28430K(42292K)
[2026-10-07T18:17:08.913+0000][308.445s][info][gc,metaspace   ] GC(120) Metaspace: 74328K(75072K)->74328K(75072K) NonClass: 64964K(65344K)->64964K(65344K) Class: 9364K(9728K)->9364K(9728K)
[2026-10-07T18:17:08.913+0000][308.445s][info][gc             ] GC(120) Pause Young (Allocation Failure) 44M->29M(60M) 23.842ms
[2026-10-07T18:17:08.913+0000][308.445s][info][gc,cpu         ] GC(120) User=0.02s Sys=0.00s Real=0.02s
[2026-10-07T18:17:11.783+0000][311.315s][info][gc,start       ] GC(121) Pause Young (Allocation Failure)
[2026-10-07T18:17:11.792+0000][311.324s][info][gc,heap        ] GC(121) DefNew: 18394K(19200K)->923K(19200K) Eden: 17088K(17088K)->0K(17088K) From: 1306K(2112K)->923K(2112K)
[2026-10-07T18:17:11.792+0000][311.324s][info][gc,heap        ] GC(121) Tenured: 28430K(42292K)->29413K(42292K)
[2026-10-07T18:17:11.792+0000][311.324s][info][gc,metaspace   ] GC(121) Metaspace: 74347K(75136K)->74347K(75136K) NonClass: 64982K(65408K)->64982K(65408K) Class: 9364K(9728K)->9364K(9728K)
[2026-10-07T18:17:11.792+0000][311.324s][info][gc             ] GC(121) Pause Young (Allocation Failure) 45M->29M(60M) 9.747ms
[2026-10-07T18:17:11.793+0000][311.324s][info][gc,cpu         ] GC(121) User=0.01s Sys=0.00s Real=0.01s
[2026-10-07T18:17:14.828+0000][314.359s][info][gc,start       ] GC(122) Pause Young (Allocation Failure)
[2026-10-07T18:17:14.835+0000][314.367s][info][gc,heap        ] GC(122) DefNew: 18011K(19200K)->1323K(19200K) Eden: 17088K(17088K)->0K(17088K) From: 923K(2112K)->1323K(2112K)
[2026-10-07T18:17:14.835+0000][314.367s][info][gc,heap        ] GC(122) Tenured: 29413K(42292K)->29413K(42292K)
[2026-10-07T18:17:14.835+0000][314.367s][info][gc,metaspace   ] GC(122) Metaspace: 74349K(75136K)->74349K(75136K) NonClass: 64985K(65408K)->64985K(65408K) Class: 9364K(9728K)->9364K(9728K)
[2026-10-07T18:17:14.835+0000][314.367s][info][gc             ] GC(122) Pause Young (Allocation Failure) 46M->30M(60M) 7.249ms
[2026-10-07T18:17:14.835+0000][314.367s][info][gc,cpu         ] GC(122) User=0.01s Sys=0.00s Real=0.01s
[2026-10-07T18:17:17.773+0000][317.304s][info][gc,start       ] GC(123) Pause Young (Allocation Failure)
[2026-10-07T18:17:17.781+0000][317.313s][info][gc,heap        ] GC(123) DefNew: 18411K(19200K)->969K(19200K) Eden: 17088K(17088K)->0K(17088K) From: 1323K(2112K)->969K(2112K)
[2026-10-07T18:17:17.781+0000][317.313s][info][gc,heap        ] GC(123) Tenured: 29413K(42292K)->29963K(42292K)
[2026-10-07T18:17:17.781+0000][317.313s][info][gc,metaspace   ] GC(123) Metaspace: 74351K(75136K)->74351K(75136K) NonClass: 64986K(65408K)->64986K(65408K) Class: 9364K(9728K)->9364K(9728K)
[2026-10-07T18:17:17.781+0000][317.313s][info][gc             ] GC(123) Pause Young (Allocation Failure) 46M->30M(60M) 8.817ms
[2026-10-07T18:17:17.782+0000][317.314s][info][gc,cpu         ] GC(123) User=0.01s Sys=0.01s Real=0.01s
[2026-10-07T18:17:20.652+0000][320.184s][info][gc,start       ] GC(124) Pause Young (Allocation Failure)
[2026-10-07T18:17:20.662+0000][320.194s][info][gc,heap        ] GC(124) DefNew: 18057K(19200K)->1030K(19200K) Eden: 17088K(17088K)->0K(17088K) From: 969K(2112K)->1030K(2112K)
[2026-10-07T18:17:20.662+0000][320.194s][info][gc,heap        ] GC(124) Tenured: 29963K(42292K)->29963K(42292K)
[2026-10-07T18:17:20.662+0000][320.194s][info][gc,metaspace   ] GC(124) Metaspace: 74356K(75136K)->74356K(75136K) NonClass: 64992K(65408K)->64992K(65408K) Class: 9364K(9728K)->9364K(9728K)
[2026-10-07T18:17:20.662+0000][320.194s][info][gc             ] GC(124) Pause Young (Allocation Failure) 46M->30M(60M) 10.678ms
[2026-10-07T18:17:20.662+0000][320.194s][info][gc,cpu         ] GC(124) User=0.01s Sys=0.00s Real=0.01s
[2026-10-07T18:17:23.943+0000][323.475s][info][gc,start       ] GC(125) Pause Young (Allocation Failure)
[2026-10-07T18:17:23.950+0000][323.482s][info][gc,heap        ] GC(125) DefNew: 18118K(19200K)->1295K(19200K) Eden: 17088K(17088K)->0K(17088K) From: 1030K(2112K)->1295K(2112K)
[2026-10-07T18:17:23.950+0000][323.482s][info][gc,heap        ] GC(125) Tenured: 29963K(42292K)->29963K(42292K)
[2026-10-07T18:17:23.950+0000][323.482s][info][gc,metaspace   ] GC(125) Metaspace: 74366K(75136K)->74366K(75136K) NonClass: 65001K(65408K)->65001K(65408K) Class: 9364K(9728K)->9364K(9728K)
[2026-10-07T18:17:23.950+0000][323.482s][info][gc             ] GC(125) Pause Young (Allocation Failure) 46M->30M(60M) 7.134ms
[2026-10-07T18:17:23.951+0000][323.482s][info][gc,cpu         ] GC(125) User=0.00s Sys=0.00s Real=0.01s
[2026-10-07T18:17:26.950+0000][326.482s][info][gc,start       ] GC(126) Pause Young (Allocation Failure)
[2026-10-07T18:17:26.958+0000][326.490s][info][gc,heap        ] GC(126) DefNew: 18383K(19200K)->1063K(19200K) Eden: 17088K(17088K)->0K(17088K) From: 1295K(2112K)->1063K(2112K)
[2026-10-07T18:17:26.958+0000][326.490s][info][gc,heap        ] GC(126) Tenured: 29963K(42292K)->30254K(42292K)
[2026-10-07T18:17:26.958+0000][326.490s][info][gc,metaspace   ] GC(126) Metaspace: 74403K(75136K)->74403K(75136K) NonClass: 65032K(65408K)->65032K(65408K) Class: 9370K(9728K)->9370K(9728K)
[2026-10-07T18:17:26.958+0000][326.490s][info][gc             ] GC(126) Pause Young (Allocation Failure) 47M->30M(60M) 7.870ms
[2026-10-07T18:17:26.958+0000][326.490s][info][gc,cpu         ] GC(126) User=0.01s Sys=0.00s Real=0.01s
[2026-10-07T18:17:30.051+0000][329.583s][info][gc,start       ] GC(127) Pause Young (Allocation Failure)
[2026-10-07T18:17:30.058+0000][329.590s][info][gc,heap        ] GC(127) DefNew: 18151K(19200K)->989K(19200K) Eden: 17088K(17088K)->0K(17088K) From: 1063K(2112K)->989K(2112K)
[2026-10-07T18:17:30.058+0000][329.590s][info][gc,heap        ] GC(127) Tenured: 30254K(42292K)->30463K(42292K)
[2026-10-07T18:17:30.058+0000][329.590s][info][gc,metaspace   ] GC(127) Metaspace: 74403K(75136K)->74403K(75136K) NonClass: 65033K(65408K)->65033K(65408K) Class: 9370K(9728K)->9370K(9728K)
[2026-10-07T18:17:30.058+0000][329.590s][info][gc             ] GC(127) Pause Young (Allocation Failure) 47M->30M(60M) 6.985ms
[2026-10-07T18:17:30.058+0000][329.590s][info][gc,cpu         ] GC(127) User=0.00s Sys=0.00s Real=0.01s
[2026-10-07T18:17:33.212+0000][332.744s][info][gc,start       ] GC(128) Pause Young (Allocation Failure)
[2026-10-07T18:17:33.220+0000][332.752s][info][gc,heap        ] GC(128) DefNew: 18077K(19200K)->1121K(19200K) Eden: 17088K(17088K)->0K(17088K) From: 989K(2112K)->1121K(2112K)
[2026-10-07T18:17:33.220+0000][332.752s][info][gc,heap        ] GC(128) Tenured: 30463K(42292K)->30463K(42292K)
[2026-10-07T18:17:33.220+0000][332.752s][info][gc,metaspace   ] GC(128) Metaspace: 74406K(75136K)->74406K(75136K) NonClass: 65036K(65408K)->65036K(65408K) Class: 9370K(9728K)->9370K(9728K)
[2026-10-07T18:17:33.220+0000][332.752s][info][gc             ] GC(128) Pause Young (Allocation Failure) 47M->30M(60M) 7.350ms
[2026-10-07T18:17:33.220+0000][332.752s][info][gc,cpu         ] GC(128) User=0.00s Sys=0.00s Real=0.01s
[2026-10-07T18:17:36.194+0000][335.726s][info][gc,start       ] GC(129) Pause Young (Allocation Failure)
[2026-10-07T18:17:36.203+0000][335.735s][info][gc,heap        ] GC(129) DefNew: 18209K(19200K)->946K(19200K) Eden: 17088K(17088K)->0K(17088K) From: 1121K(2112K)->946K(2112K)
[2026-10-07T18:17:36.203+0000][335.735s][info][gc,heap        ] GC(129) Tenured: 30463K(42292K)->30668K(42292K)
[2026-10-07T18:17:36.203+0000][335.735s][info][gc,metaspace   ] GC(129) Metaspace: 74421K(75200K)->74421K(75200K) NonClass: 65050K(65472K)->65050K(65472K) Class: 9370K(9728K)->9370K(9728K)
[2026-10-07T18:17:36.203+0000][335.735s][info][gc             ] GC(129) Pause Young (Allocation Failure) 47M->30M(60M) 9.080ms
[2026-10-07T18:17:36.203+0000][335.735s][info][gc,cpu         ] GC(129) User=0.01s Sys=0.00s Real=0.00s
[2026-10-07T18:17:39.311+0000][338.843s][info][gc,start       ] GC(130) Pause Young (Allocation Failure)
[2026-10-07T18:17:39.318+0000][338.850s][info][gc,heap        ] GC(130) DefNew: 18034K(19200K)->1069K(19200K) Eden: 17088K(17088K)->0K(17088K) From: 946K(2112K)->1069K(2112K)
[2026-10-07T18:17:39.318+0000][338.850s][info][gc,heap        ] GC(130) Tenured: 30668K(42292K)->30668K(42292K)
[2026-10-07T18:17:39.319+0000][338.850s][info][gc,metaspace   ] GC(130) Metaspace: 74421K(75200K)->74421K(75200K) NonClass: 65050K(65472K)->65050K(65472K) Class: 9370K(9728K)->9370K(9728K)
[2026-10-07T18:17:39.319+0000][338.850s][info][gc             ] GC(130) Pause Young (Allocation Failure) 47M->30M(60M) 7.730ms
[2026-10-07T18:17:39.319+0000][338.851s][info][gc,cpu         ] GC(130) User=0.01s Sys=0.00s Real=0.01s
[2026-10-07T18:17:42.436+0000][341.968s][info][gc,start       ] GC(131) Pause Young (Allocation Failure)
[2026-10-07T18:17:42.443+0000][341.975s][info][gc,heap        ] GC(131) DefNew: 18157K(19200K)->1006K(19200K) Eden: 17088K(17088K)->0K(17088K) From: 1069K(2112K)->1006K(2112K)
[2026-10-07T18:17:42.444+0000][341.975s][info][gc,heap        ] GC(131) Tenured: 30668K(42292K)->30798K(42292K)
[2026-10-07T18:17:42.444+0000][341.975s][info][gc,metaspace   ] GC(131) Metaspace: 74422K(75200K)->74422K(75200K) NonClass: 65051K(65472K)->65051K(65472K) Class: 9370K(9728K)->9370K(9728K)
[2026-10-07T18:17:42.444+0000][341.976s][info][gc             ] GC(131) Pause Young (Allocation Failure) 47M->31M(60M) 7.833ms
[2026-10-07T18:17:42.444+0000][341.976s][info][gc,cpu         ] GC(131) User=0.00s Sys=0.00s Real=0.01s
[2026-10-07T18:17:45.508+0000][345.040s][info][gc,start       ] GC(132) Pause Young (Allocation Failure)
[2026-10-07T18:17:45.515+0000][345.047s][info][gc,heap        ] GC(132) DefNew: 18094K(19200K)->1029K(19200K) Eden: 17088K(17088K)->0K(17088K) From: 1006K(2112K)->1029K(2112K)
[2026-10-07T18:17:45.515+0000][345.047s][info][gc,heap        ] GC(132) Tenured: 30798K(42292K)->30798K(42292K)
[2026-10-07T18:17:45.515+0000][345.047s][info][gc,metaspace   ] GC(132) Metaspace: 74423K(75200K)->74423K(75200K) NonClass: 65052K(65472K)->65052K(65472K) Class: 9370K(9728K)->9370K(9728K)
[2026-10-07T18:17:45.515+0000][345.047s][info][gc             ] GC(132) Pause Young (Allocation Failure) 47M->31M(60M) 7.191ms
[2026-10-07T18:17:45.515+0000][345.047s][info][gc,cpu         ] GC(132) User=0.00s Sys=0.00s Real=0.01s
[2026-10-07T18:17:48.545+0000][348.076s][info][gc,start       ] GC(133) Pause Young (Allocation Failure)
[2026-10-07T18:17:48.552+0000][348.084s][info][gc,heap        ] GC(133) DefNew: 18117K(19200K)->1143K(19200K) Eden: 17088K(17088K)->0K(17088K) From: 1029K(2112K)->1143K(2112K)
[2026-10-07T18:17:48.552+0000][348.084s][info][gc,heap        ] GC(133) Tenured: 30798K(42292K)->30798K(42292K)
[2026-10-07T18:17:48.552+0000][348.084s][info][gc,metaspace   ] GC(133) Metaspace: 74426K(75200K)->74426K(75200K) NonClass: 65055K(65472K)->65055K(65472K) Class: 9370K(9728K)->9370K(9728K)
[2026-10-07T18:17:48.552+0000][348.084s][info][gc             ] GC(133) Pause Young (Allocation Failure) 47M->31M(60M) 7.550ms
[2026-10-07T18:17:48.552+0000][348.084s][info][gc,cpu         ] GC(133) User=0.01s Sys=0.00s Real=0.00s
[2026-10-07T18:17:51.536+0000][351.068s][info][gc,start       ] GC(134) Pause Young (Allocation Failure)
[2026-10-07T18:17:51.550+0000][351.082s][info][gc,heap        ] GC(134) DefNew: 18231K(19200K)->1002K(19200K) Eden: 17088K(17088K)->0K(17088K) From: 1143K(2112K)->1002K(2112K)
[2026-10-07T18:17:51.550+0000][351.082s][info][gc,heap        ] GC(134) Tenured: 30798K(42292K)->30894K(42292K)
[2026-10-07T18:17:51.550+0000][351.082s][info][gc,metaspace   ] GC(134) Metaspace: 74427K(75200K)->74427K(75200K) NonClass: 65056K(65472K)->65056K(65472K) Class: 9370K(9728K)->9370K(9728K)
[2026-10-07T18:17:51.550+0000][351.082s][info][gc             ] GC(134) Pause Young (Allocation Failure) 47M->31M(60M) 14.708ms
[2026-10-07T18:17:51.550+0000][351.082s][info][gc,cpu         ] GC(134) User=0.00s Sys=0.00s Real=0.01s
[2026-10-07T18:17:54.584+0000][354.116s][info][gc,start       ] GC(135) Pause Young (Allocation Failure)
[2026-10-07T18:17:54.593+0000][354.125s][info][gc,heap        ] GC(135) DefNew: 18090K(19200K)->1107K(19200K) Eden: 17088K(17088K)->0K(17088K) From: 1002K(2112K)->1107K(2112K)
[2026-10-07T18:17:54.593+0000][354.125s][info][gc,heap        ] GC(135) Tenured: 30894K(42292K)->30894K(42292K)
[2026-10-07T18:17:54.593+0000][354.125s][info][gc,metaspace   ] GC(135) Metaspace: 74427K(75200K)->74427K(75200K) NonClass: 65056K(65472K)->65056K(65472K) Class: 9370K(9728K)->9370K(9728K)
[2026-10-07T18:17:54.594+0000][354.126s][info][gc             ] GC(135) Pause Young (Allocation Failure) 47M->31M(60M) 9.601ms
[2026-10-07T18:17:54.594+0000][354.126s][info][gc,cpu         ] GC(135) User=0.01s Sys=0.00s Real=0.01s
[2026-10-07T18:17:57.771+0000][357.303s][info][gc,start       ] GC(136) Pause Young (Allocation Failure)
[2026-10-07T18:17:57.779+0000][357.311s][info][gc,heap        ] GC(136) DefNew: 18195K(19200K)->1070K(19200K) Eden: 17088K(17088K)->0K(17088K) From: 1107K(2112K)->1070K(2112K)
[2026-10-07T18:17:57.779+0000][357.311s][info][gc,heap        ] GC(136) Tenured: 30894K(42292K)->30951K(42292K)
[2026-10-07T18:17:57.779+0000][357.311s][info][gc,metaspace   ] GC(136) Metaspace: 74428K(75200K)->74428K(75200K) NonClass: 65057K(65472K)->65057K(65472K) Class: 9370K(9728K)->9370K(9728K)
[2026-10-07T18:17:57.779+0000][357.311s][info][gc             ] GC(136) Pause Young (Allocation Failure) 47M->31M(60M) 8.023ms
[2026-10-07T18:17:57.779+0000][357.311s][info][gc,cpu         ] GC(136) User=0.01s Sys=0.00s Real=0.01s
[2026-10-07T18:18:00.757+0000][360.289s][info][gc,start       ] GC(137) Pause Young (Allocation Failure)
[2026-10-07T18:18:00.765+0000][360.297s][info][gc,heap        ] GC(137) DefNew: 18158K(19200K)->912K(19200K) Eden: 17088K(17088K)->0K(17088K) From: 1070K(2112K)->912K(2112K)
[2026-10-07T18:18:00.765+0000][360.297s][info][gc,heap        ] GC(137) Tenured: 30951K(42292K)->31120K(42292K)
[2026-10-07T18:18:00.765+0000][360.297s][info][gc,metaspace   ] GC(137) Metaspace: 74431K(75200K)->74431K(75200K) NonClass: 65061K(65472K)->65061K(65472K) Class: 9370K(9728K)->9370K(9728K)
[2026-10-07T18:18:00.765+0000][360.297s][info][gc             ] GC(137) Pause Young (Allocation Failure) 47M->31M(60M) 8.182ms
[2026-10-07T18:18:00.765+0000][360.297s][info][gc,cpu         ] GC(137) User=0.01s Sys=0.00s Real=0.01s
[2026-10-07T18:18:03.779+0000][363.311s][info][gc,start       ] GC(138) Pause Young (Allocation Failure)
[2026-10-07T18:18:03.796+0000][363.328s][info][gc,heap        ] GC(138) DefNew: 18000K(19200K)->1063K(19200K) Eden: 17088K(17088K)->0K(17088K) From: 912K(2112K)->1063K(2112K)
[2026-10-07T18:18:03.796+0000][363.328s][info][gc,heap        ] GC(138) Tenured: 31120K(42292K)->31120K(42292K)
[2026-10-07T18:18:03.796+0000][363.328s][info][gc,metaspace   ] GC(138) Metaspace: 74436K(75200K)->74436K(75200K) NonClass: 65064K(65472K)->65064K(65472K) Class: 9371K(9728K)->9371K(9728K)
[2026-10-07T18:18:03.796+0000][363.328s][info][gc             ] GC(138) Pause Young (Allocation Failure) 47M->31M(60M) 16.994ms
[2026-10-07T18:18:03.796+0000][363.328s][info][gc,cpu         ] GC(138) User=0.01s Sys=0.00s Real=0.02s
[2026-10-07T18:18:06.507+0000][366.038s][info][gc,start       ] GC(139) Pause Young (Allocation Failure)
[2026-10-07T18:18:06.514+0000][366.046s][info][gc,heap        ] GC(139) DefNew: 18151K(19200K)->951K(19200K) Eden: 17088K(17088K)->0K(17088K) From: 1063K(2112K)->951K(2112K)
[2026-10-07T18:18:06.514+0000][366.046s][info][gc,heap        ] GC(139) Tenured: 31120K(42292K)->31170K(42292K)
[2026-10-07T18:18:06.514+0000][366.046s][info][gc,metaspace   ] GC(139) Metaspace: 74444K(75200K)->74444K(75200K) NonClass: 65073K(65472K)->65073K(65472K) Class: 9371K(9728K)->9371K(9728K)
[2026-10-07T18:18:06.514+0000][366.046s][info][gc             ] GC(139) Pause Young (Allocation Failure) 48M->31M(60M) 7.387ms
[2026-10-07T18:18:06.514+0000][366.046s][info][gc,cpu         ] GC(139) User=0.00s Sys=0.00s Real=0.01s
[2026-10-07T18:18:09.794+0000][369.326s][info][gc,start       ] GC(140) Pause Young (Allocation Failure)
[2026-10-07T18:18:09.801+0000][369.333s][info][gc,heap        ] GC(140) DefNew: 18039K(19200K)->1032K(19200K) Eden: 17088K(17088K)->0K(17088K) From: 951K(2112K)->1032K(2112K)
[2026-10-07T18:18:09.802+0000][369.333s][info][gc,heap        ] GC(140) Tenured: 31170K(42292K)->31170K(42292K)
[2026-10-07T18:18:09.802+0000][369.333s][info][gc,metaspace   ] GC(140) Metaspace: 74444K(75200K)->74444K(75200K) NonClass: 65073K(65472K)->65073K(65472K) Class: 9371K(9728K)->9371K(9728K)
[2026-10-07T18:18:09.802+0000][369.334s][info][gc             ] GC(140) Pause Young (Allocation Failure) 48M->31M(60M) 7.647ms
[2026-10-07T18:18:09.802+0000][369.334s][info][gc,cpu         ] GC(140) User=0.00s Sys=0.00s Real=0.00s
[2026-10-07T18:18:12.878+0000][372.410s][info][gc,start       ] GC(141) Pause Young (Allocation Failure)
[2026-10-07T18:18:12.886+0000][372.418s][info][gc,heap        ] GC(141) DefNew: 18120K(19200K)->1060K(19200K) Eden: 17088K(17088K)->0K(17088K) From: 1032K(2112K)->1060K(2112K)
[2026-10-07T18:18:12.886+0000][372.418s][info][gc,heap        ] GC(141) Tenured: 31170K(42292K)->31170K(42292K)
[2026-10-07T18:18:12.886+0000][372.418s][info][gc,metaspace   ] GC(141) Metaspace: 74445K(75200K)->74445K(75200K) NonClass: 65073K(65472K)->65073K(65472K) Class: 9371K(9728K)->9371K(9728K)
[2026-10-07T18:18:12.886+0000][372.418s][info][gc             ] GC(141) Pause Young (Allocation Failure) 48M->31M(60M) 8.375ms
[2026-10-07T18:18:12.886+0000][372.418s][info][gc,cpu         ] GC(141) User=0.00s Sys=0.00s Real=0.01s
[2026-10-07T18:18:15.939+0000][375.471s][info][gc,start       ] GC(142) Pause Young (Allocation Failure)
[2026-10-07T18:18:15.946+0000][375.478s][info][gc,heap        ] GC(142) DefNew: 18148K(19200K)->1003K(19200K) Eden: 17088K(17088K)->0K(17088K) From: 1060K(2112K)->1003K(2112K)
[2026-10-07T18:18:15.946+0000][375.478s][info][gc,heap        ] GC(142) Tenured: 31170K(42292K)->31210K(42292K)
[2026-10-07T18:18:15.946+0000][375.478s][info][gc,metaspace   ] GC(142) Metaspace: 74447K(75200K)->74447K(75200K) NonClass: 65076K(65472K)->65076K(65472K) Class: 9371K(9728K)->9371K(9728K)
[2026-10-07T18:18:15.946+0000][375.478s][info][gc             ] GC(142) Pause Young (Allocation Failure) 48M->31M(60M) 7.414ms
[2026-10-07T18:18:15.946+0000][375.478s][info][gc,cpu         ] GC(142) User=0.00s Sys=0.00s Real=0.01s
[2026-10-07T18:18:19.188+0000][378.720s][info][gc,start       ] GC(143) Pause Young (Allocation Failure)
[2026-10-07T18:18:19.195+0000][378.727s][info][gc,heap        ] GC(143) DefNew: 18091K(19200K)->1132K(19200K) Eden: 17088K(17088K)->0K(17088K) From: 1003K(2112K)->1132K(2112K)
[2026-10-07T18:18:19.195+0000][378.727s][info][gc,heap        ] GC(143) Tenured: 31210K(42292K)->31210K(42292K)
[2026-10-07T18:18:19.195+0000][378.727s][info][gc,metaspace   ] GC(143) Metaspace: 74447K(75200K)->74447K(75200K) NonClass: 65076K(65472K)->65076K(65472K) Class: 9371K(9728K)->9371K(9728K)
[2026-10-07T18:18:19.196+0000][378.728s][info][gc             ] GC(143) Pause Young (Allocation Failure) 48M->31M(60M) 7.198ms
[2026-10-07T18:18:19.196+0000][378.728s][info][gc,cpu         ] GC(143) User=0.01s Sys=0.00s Real=0.01s
[2026-10-07T18:18:21.995+0000][381.527s][info][gc,start       ] GC(144) Pause Young (Allocation Failure)
[2026-10-07T18:18:22.006+0000][381.538s][info][gc,heap        ] GC(144) DefNew: 18220K(19200K)->966K(19200K) Eden: 17088K(17088K)->0K(17088K) From: 1132K(2112K)->966K(2112K)
[2026-10-07T18:18:22.006+0000][381.538s][info][gc,heap        ] GC(144) Tenured: 31210K(42292K)->31331K(42292K)
[2026-10-07T18:18:22.006+0000][381.538s][info][gc,metaspace   ] GC(144) Metaspace: 74449K(75200K)->74449K(75200K) NonClass: 65078K(65472K)->65078K(65472K) Class: 9371K(9728K)->9371K(9728K)
[2026-10-07T18:18:22.006+0000][381.538s][info][gc             ] GC(144) Pause Young (Allocation Failure) 48M->31M(60M) 10.918ms
[2026-10-07T18:18:22.006+0000][381.538s][info][gc,cpu         ] GC(144) User=0.00s Sys=0.00s Real=0.01s
[2026-10-07T18:18:25.014+0000][384.546s][info][gc,start       ] GC(145) Pause Young (Allocation Failure)
[2026-10-07T18:18:25.021+0000][384.553s][info][gc,heap        ] GC(145) DefNew: 18054K(19200K)->1074K(19200K) Eden: 17088K(17088K)->0K(17088K) From: 966K(2112K)->1074K(2112K)
[2026-10-07T18:18:25.021+0000][384.553s][info][gc,heap        ] GC(145) Tenured: 31331K(42292K)->31331K(42292K)
[2026-10-07T18:18:25.021+0000][384.553s][info][gc,metaspace   ] GC(145) Metaspace: 74449K(75200K)->74449K(75200K) NonClass: 65078K(65472K)->65078K(65472K) Class: 9371K(9728K)->9371K(9728K)
[2026-10-07T18:18:25.021+0000][384.553s][info][gc             ] GC(145) Pause Young (Allocation Failure) 48M->31M(60M) 7.320ms
[2026-10-07T18:18:25.021+0000][384.553s][info][gc,cpu         ] GC(145) User=0.00s Sys=0.00s Real=0.00s
[2026-10-07T18:18:28.258+0000][387.790s][info][gc,start       ] GC(146) Pause Young (Allocation Failure)
[2026-10-07T18:18:28.272+0000][387.804s][info][gc,heap        ] GC(146) DefNew: 18162K(19200K)->1018K(19200K) Eden: 17088K(17088K)->0K(17088K) From: 1074K(2112K)->1018K(2112K)
[2026-10-07T18:18:28.272+0000][387.804s][info][gc,heap        ] GC(146) Tenured: 31331K(42292K)->31371K(42292K)
[2026-10-07T18:18:28.272+0000][387.804s][info][gc,metaspace   ] GC(146) Metaspace: 74450K(75200K)->74450K(75200K) NonClass: 65079K(65472K)->65079K(65472K) Class: 9371K(9728K)->9371K(9728K)
[2026-10-07T18:18:28.272+0000][387.804s][info][gc             ] GC(146) Pause Young (Allocation Failure) 48M->31M(60M) 14.052ms
[2026-10-07T18:18:28.273+0000][387.804s][info][gc,cpu         ] GC(146) User=0.01s Sys=0.00s Real=0.01s
[2026-10-07T18:18:31.272+0000][390.804s][info][gc,start       ] GC(147) Pause Young (Allocation Failure)
[2026-10-07T18:18:31.279+0000][390.811s][info][gc,heap        ] GC(147) DefNew: 18106K(19200K)->1025K(19200K) Eden: 17088K(17088K)->0K(17088K) From: 1018K(2112K)->1025K(2112K)
[2026-10-07T18:18:31.279+0000][390.811s][info][gc,heap        ] GC(147) Tenured: 31371K(42292K)->31371K(42292K)
[2026-10-07T18:18:31.279+0000][390.811s][info][gc,metaspace   ] GC(147) Metaspace: 74454K(75200K)->74454K(75200K) NonClass: 65083K(65472K)->65083K(65472K) Class: 9371K(9728K)->9371K(9728K)
[2026-10-07T18:18:31.279+0000][390.811s][info][gc             ] GC(147) Pause Young (Allocation Failure) 48M->31M(60M) 7.460ms
[2026-10-07T18:18:31.279+0000][390.811s][info][gc,cpu         ] GC(147) User=0.01s Sys=0.00s Real=0.01s
[2026-10-07T18:18:34.383+0000][393.915s][info][gc,start       ] GC(148) Pause Young (Allocation Failure)
[2026-10-07T18:18:34.390+0000][393.922s][info][gc,heap        ] GC(148) DefNew: 18113K(19200K)->1156K(19200K) Eden: 17087K(17088K)->0K(17088K) From: 1025K(2112K)->1156K(2112K)
[2026-10-07T18:18:34.390+0000][393.922s][info][gc,heap        ] GC(148) Tenured: 31371K(42292K)->31371K(42292K)
[2026-10-07T18:18:34.390+0000][393.922s][info][gc,metaspace   ] GC(148) Metaspace: 74459K(75200K)->74459K(75200K) NonClass: 65088K(65472K)->65088K(65472K) Class: 9371K(9728K)->9371K(9728K)
[2026-10-07T18:18:34.390+0000][393.922s][info][gc             ] GC(148) Pause Young (Allocation Failure) 48M->31M(60M) 7.229ms
[2026-10-07T18:18:34.390+0000][393.922s][info][gc,cpu         ] GC(148) User=0.01s Sys=0.00s Real=0.01s
[2026-10-07T18:18:37.337+0000][396.869s][info][gc,start       ] GC(149) Pause Young (Allocation Failure)
[2026-10-07T18:18:37.344+0000][396.876s][info][gc,heap        ] GC(149) DefNew: 18244K(19200K)->1107K(19200K) Eden: 17088K(17088K)->0K(17088K) From: 1156K(2112K)->1107K(2112K)
[2026-10-07T18:18:37.344+0000][396.876s][info][gc,heap        ] GC(149) Tenured: 31371K(42292K)->31474K(42292K)
[2026-10-07T18:18:37.344+0000][396.876s][info][gc,metaspace   ] GC(149) Metaspace: 74461K(75200K)->74461K(75200K) NonClass: 65089K(65472K)->65089K(65472K) Class: 9371K(9728K)->9371K(9728K)
[2026-10-07T18:18:37.345+0000][396.876s][info][gc             ] GC(149) Pause Young (Allocation Failure) 48M->31M(60M) 7.546ms
[2026-10-07T18:18:37.345+0000][396.876s][info][gc,cpu         ] GC(149) User=0.01s Sys=0.00s Real=0.01s
[2026-10-07T18:18:40.396+0000][399.928s][info][gc,start       ] GC(150) Pause Young (Allocation Failure)
[2026-10-07T18:18:40.402+0000][399.934s][info][gc,heap        ] GC(150) DefNew: 18195K(19200K)->893K(19200K) Eden: 17088K(17088K)->0K(17088K) From: 1107K(2112K)->893K(2112K)
[2026-10-07T18:18:40.402+0000][399.934s][info][gc,heap        ] GC(150) Tenured: 31474K(42292K)->31660K(42292K)
[2026-10-07T18:18:40.402+0000][399.934s][info][gc,metaspace   ] GC(150) Metaspace: 74461K(75200K)->74461K(75200K) NonClass: 65089K(65472K)->65089K(65472K) Class: 9371K(9728K)->9371K(9728K)
[2026-10-07T18:18:40.402+0000][399.934s][info][gc             ] GC(150) Pause Young (Allocation Failure) 48M->31M(60M) 6.805ms
[2026-10-07T18:18:40.403+0000][399.934s][info][gc,cpu         ] GC(150) User=0.01s Sys=0.00s Real=0.00s
[2026-10-07T18:18:43.558+0000][403.090s][info][gc,start       ] GC(151) Pause Young (Allocation Failure)
[2026-10-07T18:18:43.567+0000][403.099s][info][gc,heap        ] GC(151) DefNew: 17981K(19200K)->1024K(19200K) Eden: 17088K(17088K)->0K(17088K) From: 893K(2112K)->1024K(2112K)
[2026-10-07T18:18:43.567+0000][403.099s][info][gc,heap        ] GC(151) Tenured: 31660K(42292K)->31660K(42292K)
[2026-10-07T18:18:43.567+0000][403.099s][info][gc,metaspace   ] GC(151) Metaspace: 74461K(75200K)->74461K(75200K) NonClass: 65089K(65472K)->65089K(65472K) Class: 9371K(9728K)->9371K(9728K)
[2026-10-07T18:18:43.567+0000][403.099s][info][gc             ] GC(151) Pause Young (Allocation Failure) 48M->31M(60M) 9.079ms
[2026-10-07T18:18:43.567+0000][403.099s][info][gc,cpu         ] GC(151) User=0.01s Sys=0.00s Real=0.01s
[2026-10-07T18:18:46.358+0000][405.890s][info][gc,start       ] GC(152) Pause Young (Allocation Failure)
[2026-10-07T18:18:46.365+0000][405.897s][info][gc,heap        ] GC(152) DefNew: 18112K(19200K)->1021K(19200K) Eden: 17088K(17088K)->0K(17088K) From: 1024K(2112K)->1021K(2112K)
[2026-10-07T18:18:46.365+0000][405.897s][info][gc,heap        ] GC(152) Tenured: 31660K(42292K)->31660K(42292K)
[2026-10-07T18:18:46.365+0000][405.897s][info][gc,metaspace   ] GC(152) Metaspace: 74462K(75200K)->74462K(75200K) NonClass: 65091K(65472K)->65091K(65472K) Class: 9371K(9728K)->9371K(9728K)
[2026-10-07T18:18:46.365+0000][405.897s][info][gc             ] GC(152) Pause Young (Allocation Failure) 48M->31M(60M) 6.906ms
[2026-10-07T18:18:46.365+0000][405.897s][info][gc,cpu         ] GC(152) User=0.00s Sys=0.00s Real=0.01s
[2026-10-07T18:18:49.273+0000][408.805s][info][gc,start       ] GC(153) Pause Young (Allocation Failure)
[2026-10-07T18:18:49.281+0000][408.813s][info][gc,heap        ] GC(153) DefNew: 18109K(19200K)->1089K(19200K) Eden: 17088K(17088K)->0K(17088K) From: 1021K(2112K)->1089K(2112K)
[2026-10-07T18:18:49.281+0000][408.813s][info][gc,heap        ] GC(153) Tenured: 31660K(42292K)->31660K(42292K)
[2026-10-07T18:18:49.281+0000][408.813s][info][gc,metaspace   ] GC(153) Metaspace: 74467K(75264K)->74467K(75264K) NonClass: 65095K(65536K)->65095K(65536K) Class: 9371K(9728K)->9371K(9728K)
[2026-10-07T18:18:49.281+0000][408.813s][info][gc             ] GC(153) Pause Young (Allocation Failure) 48M->31M(60M) 8.262ms
[2026-10-07T18:18:49.281+0000][408.813s][info][gc,cpu         ] GC(153) User=0.01s Sys=0.00s Real=0.01s
[2026-10-07T18:18:52.159+0000][411.691s][info][gc,start       ] GC(154) Pause Young (Allocation Failure)
[2026-10-07T18:18:52.168+0000][411.700s][info][gc,heap        ] GC(154) DefNew: 18177K(19200K)->1028K(19200K) Eden: 17088K(17088K)->0K(17088K) From: 1089K(2112K)->1028K(2112K)
[2026-10-07T18:18:52.168+0000][411.700s][info][gc,heap        ] GC(154) Tenured: 31660K(42292K)->31700K(42292K)
[2026-10-07T18:18:52.168+0000][411.700s][info][gc,metaspace   ] GC(154) Metaspace: 74479K(75264K)->74479K(75264K) NonClass: 65107K(65536K)->65107K(65536K) Class: 9371K(9728K)->9371K(9728K)
[2026-10-07T18:18:52.168+0000][411.700s][info][gc             ] GC(154) Pause Young (Allocation Failure) 48M->31M(60M) 9.615ms
[2026-10-07T18:18:52.169+0000][411.701s][info][gc,cpu         ] GC(154) User=0.00s Sys=0.00s Real=0.01s
[2026-10-07T18:18:55.437+0000][414.969s][info][gc,start       ] GC(155) Pause Young (Allocation Failure)
[2026-10-07T18:18:55.445+0000][414.977s][info][gc,heap        ] GC(155) DefNew: 18116K(19200K)->1142K(19200K) Eden: 17088K(17088K)->0K(17088K) From: 1028K(2112K)->1142K(2112K)
[2026-10-07T18:18:55.445+0000][414.977s][info][gc,heap        ] GC(155) Tenured: 31700K(42292K)->31700K(42292K)
[2026-10-07T18:18:55.445+0000][414.977s][info][gc,metaspace   ] GC(155) Metaspace: 74491K(75264K)->74491K(75264K) NonClass: 65119K(65536K)->65119K(65536K) Class: 9371K(9728K)->9371K(9728K)
[2026-10-07T18:18:55.445+0000][414.977s][info][gc             ] GC(155) Pause Young (Allocation Failure) 48M->32M(60M) 7.802ms
[2026-10-07T18:18:55.445+0000][414.977s][info][gc,cpu         ] GC(155) User=0.00s Sys=0.00s Real=0.01s
[2026-10-07T18:18:58.444+0000][417.976s][info][gc,start       ] GC(156) Pause Young (Allocation Failure)
[2026-10-07T18:18:58.451+0000][417.983s][info][gc,heap        ] GC(156) DefNew: 18230K(19200K)->1048K(19200K) Eden: 17088K(17088K)->0K(17088K) From: 1142K(2112K)->1048K(2112K)
[2026-10-07T18:18:58.451+0000][417.983s][info][gc,heap        ] GC(156) Tenured: 31700K(42292K)->31815K(42292K)
[2026-10-07T18:18:58.451+0000][417.983s][info][gc,metaspace   ] GC(156) Metaspace: 74491K(75264K)->74491K(75264K) NonClass: 65119K(65536K)->65119K(65536K) Class: 9371K(9728K)->9371K(9728K)
[2026-10-07T18:18:58.451+0000][417.983s][info][gc             ] GC(156) Pause Young (Allocation Failure) 48M->32M(60M) 7.501ms
[2026-10-07T18:18:58.452+0000][417.984s][info][gc,cpu         ] GC(156) User=0.00s Sys=0.00s Real=0.00s
[2026-10-07T18:19:01.434+0000][420.966s][info][gc,start       ] GC(157) Pause Young (Allocation Failure)
[2026-10-07T18:19:01.441+0000][420.973s][info][gc,heap        ] GC(157) DefNew: 18136K(19200K)->1032K(19200K) Eden: 17088K(17088K)->0K(17088K) From: 1048K(2112K)->1032K(2112K)
[2026-10-07T18:19:01.441+0000][420.973s][info][gc,heap        ] GC(157) Tenured: 31815K(42292K)->31815K(42292K)
[2026-10-07T18:19:01.441+0000][420.973s][info][gc,metaspace   ] GC(157) Metaspace: 74494K(75328K)->74494K(75328K) NonClass: 65122K(65600K)->65122K(65600K) Class: 9371K(9728K)->9371K(9728K)
[2026-10-07T18:19:01.441+0000][420.973s][info][gc             ] GC(157) Pause Young (Allocation Failure) 48M->32M(60M) 7.144ms
[2026-10-07T18:19:01.441+0000][420.973s][info][gc,cpu         ] GC(157) User=0.00s Sys=0.01s Real=0.00s
[2026-10-07T18:19:04.377+0000][423.909s][info][gc,start       ] GC(158) Pause Young (Allocation Failure)
[2026-10-07T18:19:04.385+0000][423.917s][info][gc,heap        ] GC(158) DefNew: 18120K(19200K)->1251K(19200K) Eden: 17087K(17088K)->0K(17088K) From: 1032K(2112K)->1251K(2112K)
[2026-10-07T18:19:04.385+0000][423.917s][info][gc,heap        ] GC(158) Tenured: 31815K(42292K)->31815K(42292K)
[2026-10-07T18:19:04.385+0000][423.917s][info][gc,metaspace   ] GC(158) Metaspace: 74501K(75328K)->74501K(75328K) NonClass: 65129K(65600K)->65129K(65600K) Class: 9371K(9728K)->9371K(9728K)
[2026-10-07T18:19:04.385+0000][423.917s][info][gc             ] GC(158) Pause Young (Allocation Failure) 48M->32M(60M) 8.534ms
[2026-10-07T18:19:04.385+0000][423.917s][info][gc,cpu         ] GC(158) User=0.01s Sys=0.00s Real=0.01s
[2026-10-07T18:19:07.574+0000][427.106s][info][gc,start       ] GC(159) Pause Young (Allocation Failure)
[2026-10-07T18:19:07.581+0000][427.113s][info][gc,heap        ] GC(159) DefNew: 18339K(19200K)->878K(19200K) Eden: 17088K(17088K)->0K(17088K) From: 1251K(2112K)->878K(2112K)
[2026-10-07T18:19:07.581+0000][427.113s][info][gc,heap        ] GC(159) Tenured: 31815K(42292K)->32078K(42292K)
[2026-10-07T18:19:07.581+0000][427.113s][info][gc,metaspace   ] GC(159) Metaspace: 74507K(75328K)->74507K(75328K) NonClass: 65136K(65600K)->65136K(65600K) Class: 9371K(9728K)->9371K(9728K)
[2026-10-07T18:19:07.581+0000][427.113s][info][gc             ] GC(159) Pause Young (Allocation Failure) 48M->32M(60M) 7.575ms
[2026-10-07T18:19:07.581+0000][427.113s][info][gc,cpu         ] GC(159) User=0.00s Sys=0.00s Real=0.00s
[2026-10-07T18:19:10.750+0000][430.282s][info][gc,start       ] GC(160) Pause Young (Allocation Failure)
[2026-10-07T18:19:10.758+0000][430.290s][info][gc,heap        ] GC(160) DefNew: 17966K(19200K)->877K(19200K) Eden: 17088K(17088K)->0K(17088K) From: 878K(2112K)->877K(2112K)
[2026-10-07T18:19:10.758+0000][430.290s][info][gc,heap        ] GC(160) Tenured: 32078K(42292K)->32078K(42292K)
[2026-10-07T18:19:10.758+0000][430.290s][info][gc,metaspace   ] GC(160) Metaspace: 74510K(75328K)->74510K(75328K) NonClass: 65138K(65600K)->65138K(65600K) Class: 9371K(9728K)->9371K(9728K)
[2026-10-07T18:19:10.758+0000][430.290s][info][gc             ] GC(160) Pause Young (Allocation Failure) 48M->32M(60M) 8.026ms
[2026-10-07T18:19:10.758+0000][430.290s][info][gc,cpu         ] GC(160) User=0.01s Sys=0.00s Real=0.01s
[2026-10-07T18:19:13.918+0000][433.450s][info][gc,start       ] GC(161) Pause Young (Allocation Failure)
[2026-10-07T18:19:13.928+0000][433.460s][info][gc,heap        ] GC(161) DefNew: 17965K(19200K)->1010K(19200K) Eden: 17088K(17088K)->0K(17088K) From: 877K(2112K)->1010K(2112K)
[2026-10-07T18:19:13.928+0000][433.460s][info][gc,heap        ] GC(161) Tenured: 32078K(42292K)->32078K(42292K)
[2026-10-07T18:19:13.928+0000][433.460s][info][gc,metaspace   ] GC(161) Metaspace: 74512K(75328K)->74512K(75328K) NonClass: 65140K(65600K)->65140K(65600K) Class: 9371K(9728K)->9371K(9728K)
[2026-10-07T18:19:13.928+0000][433.460s][info][gc             ] GC(161) Pause Young (Allocation Failure) 48M->32M(60M) 10.449ms
[2026-10-07T18:19:13.928+0000][433.460s][info][gc,cpu         ] GC(161) User=0.01s Sys=0.00s Real=0.01s
[2026-10-07T18:19:16.821+0000][436.353s][info][gc,start       ] GC(162) Pause Young (Allocation Failure)
[2026-10-07T18:19:16.828+0000][436.360s][info][gc,heap        ] GC(162) DefNew: 18098K(19200K)->1002K(19200K) Eden: 17088K(17088K)->0K(17088K) From: 1010K(2112K)->1002K(2112K)
[2026-10-07T18:19:16.828+0000][436.360s][info][gc,heap        ] GC(162) Tenured: 32078K(42292K)->32078K(42292K)
[2026-10-07T18:19:16.828+0000][436.360s][info][gc,metaspace   ] GC(162) Metaspace: 74521K(75328K)->74521K(75328K) NonClass: 65149K(65600K)->65149K(65600K) Class: 9371K(9728K)->9371K(9728K)
[2026-10-07T18:19:16.828+0000][436.360s][info][gc             ] GC(162) Pause Young (Allocation Failure) 49M->32M(60M) 6.913ms
[2026-10-07T18:19:16.828+0000][436.360s][info][gc,cpu         ] GC(162) User=0.01s Sys=0.00s Real=0.01s
[2026-10-07T18:19:19.922+0000][439.454s][info][gc,start       ] GC(163) Pause Young (Allocation Failure)
[2026-10-07T18:19:19.930+0000][439.462s][info][gc,heap        ] GC(163) DefNew: 18090K(19200K)->1088K(19200K) Eden: 17088K(17088K)->0K(17088K) From: 1002K(2112K)->1088K(2112K)
[2026-10-07T18:19:19.930+0000][439.462s][info][gc,heap        ] GC(163) Tenured: 32078K(42292K)->32078K(42292K)
[2026-10-07T18:19:19.930+0000][439.462s][info][gc,metaspace   ] GC(163) Metaspace: 74521K(75328K)->74521K(75328K) NonClass: 65149K(65600K)->65149K(65600K) Class: 9371K(9728K)->9371K(9728K)
[2026-10-07T18:19:19.930+0000][439.462s][info][gc             ] GC(163) Pause Young (Allocation Failure) 48M->32M(60M) 8.045ms
[2026-10-07T18:19:19.930+0000][439.462s][info][gc,cpu         ] GC(163) User=0.01s Sys=0.00s Real=0.01s
[2026-10-07T18:19:22.843+0000][442.375s][info][gc,start       ] GC(164) Pause Young (Allocation Failure)
[2026-10-07T18:19:22.852+0000][442.384s][info][gc,heap        ] GC(164) DefNew: 18176K(19200K)->1093K(19200K) Eden: 17088K(17088K)->0K(17088K) From: 1088K(2112K)->1093K(2112K)
[2026-10-07T18:19:22.853+0000][442.385s][info][gc,heap        ] GC(164) Tenured: 32078K(42292K)->32121K(42292K)
[2026-10-07T18:19:22.853+0000][442.385s][info][gc,metaspace   ] GC(164) Metaspace: 74523K(75328K)->74523K(75328K) NonClass: 65151K(65600K)->65151K(65600K) Class: 9371K(9728K)->9371K(9728K)
[2026-10-07T18:19:22.853+0000][442.385s][info][gc             ] GC(164) Pause Young (Allocation Failure) 49M->32M(60M) 9.288ms
[2026-10-07T18:19:22.853+0000][442.385s][info][gc,cpu         ] GC(164) User=0.01s Sys=0.00s Real=0.01s
[2026-10-07T18:19:25.920+0000][445.452s][info][gc,start       ] GC(165) Pause Young (Allocation Failure)
[2026-10-07T18:19:25.927+0000][445.459s][info][gc,heap        ] GC(165) DefNew: 18181K(19200K)->1024K(19200K) Eden: 17088K(17088K)->0K(17088K) From: 1093K(2112K)->1024K(2112K)
[2026-10-07T18:19:25.928+0000][445.460s][info][gc,heap        ] GC(165) Tenured: 32121K(42292K)->32200K(42292K)
[2026-10-07T18:19:25.928+0000][445.460s][info][gc,metaspace   ] GC(165) Metaspace: 74525K(75328K)->74525K(75328K) NonClass: 65153K(65600K)->65153K(65600K) Class: 9371K(9728K)->9371K(9728K)
[2026-10-07T18:19:25.928+0000][445.460s][info][gc             ] GC(165) Pause Young (Allocation Failure) 49M->32M(60M) 8.215ms
[2026-10-07T18:19:25.928+0000][445.460s][info][gc,cpu         ] GC(165) User=0.01s Sys=0.00s Real=0.01s
[2026-10-07T18:19:29.190+0000][448.722s][info][gc,start       ] GC(166) Pause Young (Allocation Failure)
[2026-10-07T18:19:29.197+0000][448.729s][info][gc,heap        ] GC(166) DefNew: 18105K(19200K)->1135K(19200K) Eden: 17080K(17088K)->0K(17088K) From: 1024K(2112K)->1135K(2112K)
[2026-10-07T18:19:29.197+0000][448.729s][info][gc,heap        ] GC(166) Tenured: 32200K(42292K)->32200K(42292K)
[2026-10-07T18:19:29.197+0000][448.729s][info][gc,metaspace   ] GC(166) Metaspace: 74526K(75328K)->74526K(75328K) NonClass: 65154K(65600K)->65154K(65600K) Class: 9371K(9728K)->9371K(9728K)
[2026-10-07T18:19:29.197+0000][448.729s][info][gc             ] GC(166) Pause Young (Allocation Failure) 49M->32M(60M) 6.974ms
[2026-10-07T18:19:29.197+0000][448.729s][info][gc,cpu         ] GC(166) User=0.01s Sys=0.00s Real=0.01s
[2026-10-07T18:19:32.411+0000][451.943s][info][gc,start       ] GC(167) Pause Young (Allocation Failure)
[2026-10-07T18:19:32.420+0000][451.952s][info][gc,heap        ] GC(167) DefNew: 18223K(19200K)->1017K(19200K) Eden: 17088K(17088K)->0K(17088K) From: 1135K(2112K)->1017K(2112K)
[2026-10-07T18:19:32.420+0000][451.952s][info][gc,heap        ] GC(167) Tenured: 32200K(42292K)->32318K(42292K)
[2026-10-07T18:19:32.420+0000][451.952s][info][gc,metaspace   ] GC(167) Metaspace: 74530K(75328K)->74530K(75328K) NonClass: 65158K(65600K)->65158K(65600K) Class: 9371K(9728K)->9371K(9728K)
[2026-10-07T18:19:32.420+0000][451.952s][info][gc             ] GC(167) Pause Young (Allocation Failure) 49M->32M(60M) 8.792ms
[2026-10-07T18:19:32.421+0000][451.952s][info][gc,cpu         ] GC(167) User=0.01s Sys=0.00s Real=0.01s
[2026-10-07T18:19:35.533+0000][455.065s][info][gc,start       ] GC(168) Pause Young (Allocation Failure)
[2026-10-07T18:19:35.541+0000][455.073s][info][gc,heap        ] GC(168) DefNew: 18105K(19200K)->1023K(19200K) Eden: 17088K(17088K)->0K(17088K) From: 1017K(2112K)->1023K(2112K)
[2026-10-07T18:19:35.541+0000][455.073s][info][gc,heap        ] GC(168) Tenured: 32318K(42292K)->32318K(42292K)
[2026-10-07T18:19:35.541+0000][455.073s][info][gc,metaspace   ] GC(168) Metaspace: 74531K(75328K)->74531K(75328K) NonClass: 65159K(65600K)->65159K(65600K) Class: 9371K(9728K)->9371K(9728K)
[2026-10-07T18:19:35.541+0000][455.073s][info][gc             ] GC(168) Pause Young (Allocation Failure) 49M->32M(60M) 8.479ms
[2026-10-07T18:19:35.541+0000][455.073s][info][gc,cpu         ] GC(168) User=0.01s Sys=0.00s Real=0.01s
[2026-10-07T18:19:38.961+0000][458.493s][info][gc,start       ] GC(169) Pause Young (Allocation Failure)
[2026-10-07T18:19:38.971+0000][458.502s][info][gc,heap        ] GC(169) DefNew: 18111K(19200K)->1121K(19200K) Eden: 17088K(17088K)->0K(17088K) From: 1023K(2112K)->1121K(2112K)
[2026-10-07T18:19:38.971+0000][458.503s][info][gc,heap        ] GC(169) Tenured: 32318K(42292K)->32318K(42292K)
[2026-10-07T18:19:38.971+0000][458.503s][info][gc,metaspace   ] GC(169) Metaspace: 74536K(75328K)->74536K(75328K) NonClass: 65164K(65600K)->65164K(65600K) Class: 9371K(9728K)->9371K(9728K)
[2026-10-07T18:19:38.971+0000][458.503s][info][gc             ] GC(169) Pause Young (Allocation Failure) 49M->32M(60M) 9.514ms
[2026-10-07T18:19:38.971+0000][458.503s][info][gc,cpu         ] GC(169) User=0.00s Sys=0.00s Real=0.01s
[2026-10-07T18:19:41.906+0000][461.438s][info][gc,start       ] GC(170) Pause Young (Allocation Failure)
[2026-10-07T18:19:41.914+0000][461.446s][info][gc,heap        ] GC(170) DefNew: 18209K(19200K)->1080K(19200K) Eden: 17088K(17088K)->0K(17088K) From: 1121K(2112K)->1080K(2112K)
[2026-10-07T18:19:41.914+0000][461.446s][info][gc,heap        ] GC(170) Tenured: 32318K(42292K)->32392K(42292K)
[2026-10-07T18:19:41.914+0000][461.446s][info][gc,metaspace   ] GC(170) Metaspace: 74536K(75328K)->74536K(75328K) NonClass: 65164K(65600K)->65164K(65600K) Class: 9371K(9728K)->9371K(9728K)
[2026-10-07T18:19:41.914+0000][461.446s][info][gc             ] GC(170) Pause Young (Allocation Failure) 49M->32M(60M) 8.209ms
[2026-10-07T18:19:41.914+0000][461.446s][info][gc,cpu         ] GC(170) User=0.01s Sys=0.00s Real=0.01s
[2026-10-07T18:19:45.207+0000][464.738s][info][gc,start       ] GC(171) Pause Young (Allocation Failure)
[2026-10-07T18:19:45.214+0000][464.746s][info][gc,heap        ] GC(171) DefNew: 18168K(19200K)->1121K(19200K) Eden: 17088K(17088K)->0K(17088K) From: 1080K(2112K)->1121K(2112K)
[2026-10-07T18:19:45.214+0000][464.746s][info][gc,heap        ] GC(171) Tenured: 32392K(42292K)->32428K(42292K)
[2026-10-07T18:19:45.214+0000][464.746s][info][gc,metaspace   ] GC(171) Metaspace: 74536K(75328K)->74536K(75328K) NonClass: 65164K(65600K)->65164K(65600K) Class: 9371K(9728K)->9371K(9728K)
[2026-10-07T18:19:45.214+0000][464.746s][info][gc             ] GC(171) Pause Young (Allocation Failure) 49M->32M(60M) 7.658ms
[2026-10-07T18:19:45.214+0000][464.746s][info][gc,cpu         ] GC(171) User=0.00s Sys=0.00s Real=0.01s
[2026-10-07T18:19:48.469+0000][468.001s][info][gc,start       ] GC(172) Pause Young (Allocation Failure)
[2026-10-07T18:19:48.477+0000][468.009s][info][gc,heap        ] GC(172) DefNew: 18209K(19200K)->1064K(19200K) Eden: 17088K(17088K)->0K(17088K) From: 1121K(2112K)->1064K(2112K)
[2026-10-07T18:19:48.477+0000][468.009s][info][gc,heap        ] GC(172) Tenured: 32428K(42292K)->32501K(42292K)
[2026-10-07T18:19:48.477+0000][468.009s][info][gc,metaspace   ] GC(172) Metaspace: 74546K(75328K)->74546K(75328K) NonClass: 65174K(65600K)->65174K(65600K) Class: 9371K(9728K)->9371K(9728K)
[2026-10-07T18:19:48.477+0000][468.009s][info][gc             ] GC(172) Pause Young (Allocation Failure) 49M->32M(60M) 8.165ms
[2026-10-07T18:19:48.477+0000][468.009s][info][gc,cpu         ] GC(172) User=0.01s Sys=0.00s Real=0.01s
[2026-10-07T18:19:51.377+0000][470.909s][info][gc,start       ] GC(173) Pause Young (Allocation Failure)
[2026-10-07T18:19:51.384+0000][470.916s][info][gc,heap        ] GC(173) DefNew: 18152K(19200K)->1007K(19200K) Eden: 17088K(17088K)->0K(17088K) From: 1064K(2112K)->1007K(2112K)
[2026-10-07T18:19:51.384+0000][470.916s][info][gc,heap        ] GC(173) Tenured: 32501K(42292K)->32542K(42292K)
[2026-10-07T18:19:51.384+0000][470.916s][info][gc,metaspace   ] GC(173) Metaspace: 74548K(75328K)->74548K(75328K) NonClass: 65176K(65600K)->65176K(65600K) Class: 9371K(9728K)->9371K(9728K)
[2026-10-07T18:19:51.384+0000][470.916s][info][gc             ] GC(173) Pause Young (Allocation Failure) 49M->32M(60M) 7.301ms
[2026-10-07T18:19:51.385+0000][470.916s][info][gc,cpu         ] GC(173) User=0.01s Sys=0.00s Real=0.01s
[2026-10-07T18:19:54.387+0000][473.919s][info][gc,start       ] GC(174) Pause Young (Allocation Failure)
[2026-10-07T18:19:54.394+0000][473.925s][info][gc,heap        ] GC(174) DefNew: 18095K(19200K)->1165K(19200K) Eden: 17088K(17088K)->0K(17088K) From: 1007K(2112K)->1165K(2112K)
[2026-10-07T18:19:54.394+0000][473.925s][info][gc,heap        ] GC(174) Tenured: 32542K(42292K)->32542K(42292K)
[2026-10-07T18:19:54.394+0000][473.925s][info][gc,metaspace   ] GC(174) Metaspace: 74548K(75328K)->74548K(75328K) NonClass: 65176K(65600K)->65176K(65600K) Class: 9371K(9728K)->9371K(9728K)
[2026-10-07T18:19:54.394+0000][473.926s][info][gc             ] GC(174) Pause Young (Allocation Failure) 49M->32M(60M) 6.941ms
[2026-10-07T18:19:54.394+0000][473.926s][info][gc,cpu         ] GC(174) User=0.01s Sys=0.00s Real=0.01s
[2026-10-07T18:19:57.354+0000][476.886s][info][gc,start       ] GC(175) Pause Young (Allocation Failure)
[2026-10-07T18:19:57.361+0000][476.893s][info][gc,heap        ] GC(175) DefNew: 18253K(19200K)->1012K(19200K) Eden: 17088K(17088K)->0K(17088K) From: 1165K(2112K)->1012K(2112K)
[2026-10-07T18:19:57.361+0000][476.893s][info][gc,heap        ] GC(175) Tenured: 32542K(42292K)->32705K(42292K)
[2026-10-07T18:19:57.361+0000][476.893s][info][gc,metaspace   ] GC(175) Metaspace: 74549K(75328K)->74549K(75328K) NonClass: 65177K(65600K)->65177K(65600K) Class: 9371K(9728K)->9371K(9728K)
[2026-10-07T18:19:57.361+0000][476.893s][info][gc             ] GC(175) Pause Young (Allocation Failure) 49M->32M(60M) 7.216ms
[2026-10-07T18:19:57.361+0000][476.893s][info][gc,cpu         ] GC(175) User=0.00s Sys=0.00s Real=0.00s
[2026-10-07T18:20:00.643+0000][480.175s][info][gc,start       ] GC(176) Pause Young (Allocation Failure)
[2026-10-07T18:20:00.650+0000][480.182s][info][gc,heap        ] GC(176) DefNew: 18100K(19200K)->950K(19200K) Eden: 17088K(17088K)->0K(17088K) From: 1012K(2112K)->950K(2112K)
[2026-10-07T18:20:00.650+0000][480.182s][info][gc,heap        ] GC(176) Tenured: 32705K(42292K)->32705K(42292K)
[2026-10-07T18:20:00.650+0000][480.182s][info][gc,metaspace   ] GC(176) Metaspace: 74553K(75328K)->74553K(75328K) NonClass: 65181K(65600K)->65181K(65600K) Class: 9371K(9728K)->9371K(9728K)
[2026-10-07T18:20:00.650+0000][480.182s][info][gc             ] GC(176) Pause Young (Allocation Failure) 49M->32M(60M) 7.129ms
[2026-10-07T18:20:00.650+0000][480.182s][info][gc,cpu         ] GC(176) User=0.00s Sys=0.00s Real=0.01s
[2026-10-07T18:20:03.831+0000][483.362s][info][gc,start       ] GC(177) Pause Young (Allocation Failure)
[2026-10-07T18:20:03.845+0000][483.377s][info][gc,heap        ] GC(177) DefNew: 18038K(19200K)->1088K(19200K) Eden: 17087K(17088K)->0K(17088K) From: 950K(2112K)->1088K(2112K)
[2026-10-07T18:20:03.845+0000][483.377s][info][gc,heap        ] GC(177) Tenured: 32705K(42292K)->32705K(42292K)
[2026-10-07T18:20:03.845+0000][483.377s][info][gc,metaspace   ] GC(177) Metaspace: 74560K(75328K)->74560K(75328K) NonClass: 65188K(65600K)->65188K(65600K) Class: 9371K(9728K)->9371K(9728K)
[2026-10-07T18:20:03.845+0000][483.377s][info][gc             ] GC(177) Pause Young (Allocation Failure) 49M->33M(60M) 14.315ms
[2026-10-07T18:20:03.845+0000][483.377s][info][gc,cpu         ] GC(177) User=0.01s Sys=0.00s Real=0.02s
[2026-10-07T18:20:06.905+0000][486.437s][info][gc,start       ] GC(178) Pause Young (Allocation Failure)
[2026-10-07T18:20:06.914+0000][486.446s][info][gc,heap        ] GC(178) DefNew: 18176K(19200K)->1037K(19200K) Eden: 17088K(17088K)->0K(17088K) From: 1088K(2112K)->1037K(2112K)
[2026-10-07T18:20:06.914+0000][486.446s][info][gc,heap        ] GC(178) Tenured: 32705K(42292K)->32739K(42292K)
[2026-10-07T18:20:06.914+0000][486.446s][info][gc,metaspace   ] GC(178) Metaspace: 74574K(75328K)->74574K(75328K) NonClass: 65202K(65600K)->65202K(65600K) Class: 9371K(9728K)->9371K(9728K)
[2026-10-07T18:20:06.914+0000][486.446s][info][gc             ] GC(178) Pause Young (Allocation Failure) 49M->32M(60M) 8.657ms
[2026-10-07T18:20:06.914+0000][486.446s][info][gc,cpu         ] GC(178) User=0.00s Sys=0.00s Real=0.01s
[2026-10-07T18:20:10.123+0000][489.655s][info][gc,start       ] GC(179) Pause Young (Allocation Failure)
[2026-10-07T18:20:10.130+0000][489.662s][info][gc,heap        ] GC(179) DefNew: 18125K(19200K)->1153K(19200K) Eden: 17088K(17088K)->0K(17088K) From: 1037K(2112K)->1153K(2112K)
[2026-10-07T18:20:10.130+0000][489.662s][info][gc,heap        ] GC(179) Tenured: 32739K(42292K)->32739K(42292K)
[2026-10-07T18:20:10.130+0000][489.662s][info][gc,metaspace   ] GC(179) Metaspace: 74577K(75328K)->74577K(75328K) NonClass: 65206K(65600K)->65206K(65600K) Class: 9371K(9728K)->9371K(9728K)
[2026-10-07T18:20:10.131+0000][489.663s][info][gc             ] GC(179) Pause Young (Allocation Failure) 49M->33M(60M) 7.204ms
[2026-10-07T18:20:10.131+0000][489.663s][info][gc,cpu         ] GC(179) User=0.00s Sys=0.00s Real=0.01s
[2026-10-07T18:20:13.118+0000][492.650s][info][gc,start       ] GC(180) Pause Young (Allocation Failure)
[2026-10-07T18:20:13.126+0000][492.658s][info][gc,heap        ] GC(180) DefNew: 18241K(19200K)->1061K(19200K) Eden: 17088K(17088K)->0K(17088K) From: 1153K(2112K)->1061K(2112K)
[2026-10-07T18:20:13.126+0000][492.658s][info][gc,heap        ] GC(180) Tenured: 32739K(42292K)->32876K(42292K)
[2026-10-07T18:20:13.126+0000][492.658s][info][gc,metaspace   ] GC(180) Metaspace: 74582K(75392K)->74582K(75392K) NonClass: 65210K(65664K)->65210K(65664K) Class: 9371K(9728K)->9371K(9728K)
[2026-10-07T18:20:13.126+0000][492.658s][info][gc             ] GC(180) Pause Young (Allocation Failure) 49M->33M(60M) 7.662ms
[2026-10-07T18:20:13.126+0000][492.658s][info][gc,cpu         ] GC(180) User=0.00s Sys=0.00s Real=0.01s
[2026-10-07T18:20:16.090+0000][495.622s][info][gc,start       ] GC(181) Pause Young (Allocation Failure)
[2026-10-07T18:20:16.099+0000][495.631s][info][gc,heap        ] GC(181) DefNew: 18149K(19200K)->1012K(19200K) Eden: 17088K(17088K)->0K(17088K) From: 1061K(2112K)->1012K(2112K)
[2026-10-07T18:20:16.099+0000][495.631s][info][gc,heap        ] GC(181) Tenured: 32876K(42292K)->32930K(42292K)
[2026-10-07T18:20:16.099+0000][495.631s][info][gc,metaspace   ] GC(181) Metaspace: 74582K(75392K)->74582K(75392K) NonClass: 65210K(65664K)->65210K(65664K) Class: 9371K(9728K)->9371K(9728K)
[2026-10-07T18:20:16.099+0000][495.631s][info][gc             ] GC(181) Pause Young (Allocation Failure) 49M->33M(60M) 8.769ms
[2026-10-07T18:20:16.099+0000][495.631s][info][gc,cpu         ] GC(181) User=0.01s Sys=0.00s Real=0.01s
[2026-10-07T18:20:19.181+0000][498.713s][info][gc,start       ] GC(182) Pause Young (Allocation Failure)
[2026-10-07T18:20:19.188+0000][498.720s][info][gc,heap        ] GC(182) DefNew: 18100K(19200K)->1129K(19200K) Eden: 17088K(17088K)->0K(17088K) From: 1012K(2112K)->1129K(2112K)
[2026-10-07T18:20:19.188+0000][498.720s][info][gc,heap        ] GC(182) Tenured: 32930K(42292K)->32930K(42292K)
[2026-10-07T18:20:19.188+0000][498.720s][info][gc,metaspace   ] GC(182) Metaspace: 74583K(75392K)->74583K(75392K) NonClass: 65211K(65664K)->65211K(65664K) Class: 9371K(9728K)->9371K(9728K)
[2026-10-07T18:20:19.189+0000][498.721s][info][gc             ] GC(182) Pause Young (Allocation Failure) 49M->33M(60M) 8.043ms
[2026-10-07T18:20:19.189+0000][498.721s][info][gc,cpu         ] GC(182) User=0.00s Sys=0.00s Real=0.01s
[2026-10-07T18:20:22.422+0000][501.954s][info][gc,start       ] GC(183) Pause Young (Allocation Failure)
[2026-10-07T18:20:22.430+0000][501.962s][info][gc,heap        ] GC(183) DefNew: 18217K(19200K)->992K(19200K) Eden: 17088K(17088K)->0K(17088K) From: 1129K(2112K)->992K(2112K)
[2026-10-07T18:20:22.430+0000][501.962s][info][gc,heap        ] GC(183) Tenured: 32930K(42292K)->33006K(42292K)
[2026-10-07T18:20:22.430+0000][501.962s][info][gc,metaspace   ] GC(183) Metaspace: 74592K(75392K)->74592K(75392K) NonClass: 65220K(65664K)->65220K(65664K) Class: 9371K(9728K)->9371K(9728K)
[2026-10-07T18:20:22.430+0000][501.962s][info][gc             ] GC(183) Pause Young (Allocation Failure) 49M->33M(60M) 8.766ms
[2026-10-07T18:20:22.430+0000][501.962s][info][gc,cpu         ] GC(183) User=0.00s Sys=0.00s Real=0.01s
[2026-10-07T18:20:25.399+0000][504.931s][info][gc,start       ] GC(184) Pause Young (Allocation Failure)
[2026-10-07T18:20:25.406+0000][504.938s][info][gc,heap        ] GC(184) DefNew: 18080K(19200K)->1129K(19200K) Eden: 17088K(17088K)->0K(17088K) From: 992K(2112K)->1129K(2112K)
[2026-10-07T18:20:25.407+0000][504.938s][info][gc,heap        ] GC(184) Tenured: 33006K(42292K)->33006K(42292K)
[2026-10-07T18:20:25.407+0000][504.939s][info][gc,metaspace   ] GC(184) Metaspace: 74596K(75392K)->74596K(75392K) NonClass: 65224K(65664K)->65224K(65664K) Class: 9371K(9728K)->9371K(9728K)
[2026-10-07T18:20:25.407+0000][504.939s][info][gc             ] GC(184) Pause Young (Allocation Failure) 49M->33M(60M) 7.219ms
[2026-10-07T18:20:25.407+0000][504.939s][info][gc,cpu         ] GC(184) User=0.01s Sys=0.00s Real=0.01s
[2026-10-07T18:20:28.712+0000][508.244s][info][gc,start       ] GC(185) Pause Young (Allocation Failure)
[2026-10-07T18:20:28.720+0000][508.252s][info][gc,heap        ] GC(185) DefNew: 18217K(19200K)->1034K(19200K) Eden: 17088K(17088K)->0K(17088K) From: 1129K(2112K)->1034K(2112K)
[2026-10-07T18:20:28.720+0000][508.252s][info][gc,heap        ] GC(185) Tenured: 33006K(42292K)->33084K(42292K)
[2026-10-07T18:20:28.720+0000][508.252s][info][gc,metaspace   ] GC(185) Metaspace: 74596K(75392K)->74596K(75392K) NonClass: 65224K(65664K)->65224K(65664K) Class: 9371K(9728K)->9371K(9728K)
[2026-10-07T18:20:28.720+0000][508.252s][info][gc             ] GC(185) Pause Young (Allocation Failure) 50M->33M(60M) 8.376ms
[2026-10-07T18:20:28.721+0000][508.253s][info][gc,cpu         ] GC(185) User=0.01s Sys=0.00s Real=0.01s
[2026-10-07T18:20:31.917+0000][511.449s][info][gc,start       ] GC(186) Pause Young (Allocation Failure)
[2026-10-07T18:20:31.924+0000][511.456s][info][gc,heap        ] GC(186) DefNew: 18122K(19200K)->1074K(19200K) Eden: 17088K(17088K)->0K(17088K) From: 1034K(2112K)->1074K(2112K)
[2026-10-07T18:20:31.924+0000][511.456s][info][gc,heap        ] GC(186) Tenured: 33084K(42292K)->33084K(42292K)
[2026-10-07T18:20:31.924+0000][511.456s][info][gc,metaspace   ] GC(186) Metaspace: 74597K(75392K)->74597K(75392K) NonClass: 65225K(65664K)->65225K(65664K) Class: 9371K(9728K)->9371K(9728K)
[2026-10-07T18:20:31.924+0000][511.456s][info][gc             ] GC(186) Pause Young (Allocation Failure) 50M->33M(60M) 6.994ms
[2026-10-07T18:20:31.924+0000][511.456s][info][gc,cpu         ] GC(186) User=0.00s Sys=0.00s Real=0.01s
[2026-10-07T18:20:35.066+0000][514.598s][info][gc,start       ] GC(187) Pause Young (Allocation Failure)
[2026-10-07T18:20:35.079+0000][514.611s][info][gc,heap        ] GC(187) DefNew: 18162K(19200K)->1122K(19200K) Eden: 17088K(17088K)->0K(17088K) From: 1074K(2112K)->1122K(2112K)
[2026-10-07T18:20:35.079+0000][514.611s][info][gc,heap        ] GC(187) Tenured: 33084K(42292K)->33140K(42292K)
[2026-10-07T18:20:35.079+0000][514.611s][info][gc,metaspace   ] GC(187) Metaspace: 74602K(75392K)->74602K(75392K) NonClass: 65230K(65664K)->65230K(65664K) Class: 9371K(9728K)->9371K(9728K)
[2026-10-07T18:20:35.079+0000][514.611s][info][gc             ] GC(187) Pause Young (Allocation Failure) 50M->33M(60M) 13.006ms
[2026-10-07T18:20:35.079+0000][514.611s][info][gc,cpu         ] GC(187) User=0.00s Sys=0.00s Real=0.01s
[2026-10-07T18:20:38.529+0000][518.061s][info][gc,start       ] GC(188) Pause Young (Allocation Failure)
[2026-10-07T18:20:38.538+0000][518.070s][info][gc,heap        ] GC(188) DefNew: 18210K(19200K)->1068K(19200K) Eden: 17088K(17088K)->0K(17088K) From: 1122K(2112K)->1068K(2112K)
[2026-10-07T18:20:38.538+0000][518.070s][info][gc,heap        ] GC(188) Tenured: 33140K(42292K)->33216K(42292K)
[2026-10-07T18:20:38.538+0000][518.070s][info][gc,metaspace   ] GC(188) Metaspace: 74609K(75392K)->74609K(75392K) NonClass: 65237K(65664K)->65237K(65664K) Class: 9371K(9728K)->9371K(9728K)
[2026-10-07T18:20:38.538+0000][518.070s][info][gc             ] GC(188) Pause Young (Allocation Failure) 50M->33M(60M) 8.772ms
[2026-10-07T18:20:38.538+0000][518.070s][info][gc,cpu         ] GC(188) User=0.01s Sys=0.00s Real=0.01s
[2026-10-07T18:20:41.487+0000][521.019s][info][gc,start       ] GC(189) Pause Young (Allocation Failure)
[2026-10-07T18:20:41.495+0000][521.027s][info][gc,heap        ] GC(189) DefNew: 18156K(19200K)->1052K(19200K) Eden: 17088K(17088K)->0K(17088K) From: 1068K(2112K)->1052K(2112K)
[2026-10-07T18:20:41.495+0000][521.027s][info][gc,heap        ] GC(189) Tenured: 33216K(42292K)->33262K(42292K)
[2026-10-07T18:20:41.495+0000][521.027s][info][gc,metaspace   ] GC(189) Metaspace: 74609K(75392K)->74609K(75392K) NonClass: 65237K(65664K)->65237K(65664K) Class: 9371K(9728K)->9371K(9728K)
[2026-10-07T18:20:41.495+0000][521.027s][info][gc             ] GC(189) Pause Young (Allocation Failure) 50M->33M(60M) 7.941ms
[2026-10-07T18:20:41.495+0000][521.027s][info][gc,cpu         ] GC(189) User=0.00s Sys=0.00s Real=0.01s
[2026-10-07T18:20:44.710+0000][524.242s][info][gc,start       ] GC(190) Pause Young (Allocation Failure)
[2026-10-07T18:20:44.718+0000][524.250s][info][gc,heap        ] GC(190) DefNew: 18140K(19200K)->1136K(19200K) Eden: 17088K(17088K)->0K(17088K) From: 1052K(2112K)->1136K(2112K)
[2026-10-07T18:20:44.718+0000][524.250s][info][gc,heap        ] GC(190) Tenured: 33262K(42292K)->33262K(42292K)
[2026-10-07T18:20:44.718+0000][524.250s][info][gc,metaspace   ] GC(190) Metaspace: 74610K(75392K)->74610K(75392K) NonClass: 65238K(65664K)->65238K(65664K) Class: 9371K(9728K)->9371K(9728K)
[2026-10-07T18:20:44.718+0000][524.250s][info][gc             ] GC(190) Pause Young (Allocation Failure) 50M->33M(60M) 7.924ms
[2026-10-07T18:20:44.718+0000][524.250s][info][gc,cpu         ] GC(190) User=0.00s Sys=0.00s Real=0.01s
[2026-10-07T18:20:47.731+0000][527.263s][info][gc,start       ] GC(191) Pause Young (Allocation Failure)
[2026-10-07T18:20:47.739+0000][527.271s][info][gc,heap        ] GC(191) DefNew: 18224K(19200K)->1065K(19200K) Eden: 17088K(17088K)->0K(17088K) From: 1136K(2112K)->1065K(2112K)
[2026-10-07T18:20:47.739+0000][527.271s][info][gc,heap        ] GC(191) Tenured: 33262K(42292K)->33354K(42292K)
[2026-10-07T18:20:47.739+0000][527.271s][info][gc,metaspace   ] GC(191) Metaspace: 74610K(75392K)->74610K(75392K) NonClass: 65238K(65664K)->65238K(65664K) Class: 9371K(9728K)->9371K(9728K)
[2026-10-07T18:20:47.740+0000][527.272s][info][gc             ] GC(191) Pause Young (Allocation Failure) 50M->33M(60M) 8.646ms
[2026-10-07T18:20:47.740+0000][527.272s][info][gc,cpu         ] GC(191) User=0.00s Sys=0.00s Real=0.01s
[2026-10-07T18:20:50.561+0000][530.093s][info][gc,start       ] GC(192) Pause Young (Allocation Failure)
[2026-10-07T18:20:50.569+0000][530.101s][info][gc,heap        ] GC(192) DefNew: 18153K(19200K)->1132K(19200K) Eden: 17088K(17088K)->0K(17088K) From: 1065K(2112K)->1132K(2112K)
[2026-10-07T18:20:50.569+0000][530.101s][info][gc,heap        ] GC(192) Tenured: 33354K(42292K)->33404K(42292K)
[2026-10-07T18:20:50.569+0000][530.101s][info][gc,metaspace   ] GC(192) Metaspace: 74610K(75392K)->74610K(75392K) NonClass: 65238K(65664K)->65238K(65664K) Class: 9371K(9728K)->9371K(9728K)
[2026-10-07T18:20:50.569+0000][530.101s][info][gc             ] GC(192) Pause Young (Allocation Failure) 50M->33M(60M) 8.343ms
[2026-10-07T18:20:50.570+0000][530.101s][info][gc,cpu         ] GC(192) User=0.00s Sys=0.00s Real=0.01s
[2026-10-07T18:20:53.646+0000][533.178s][info][gc,start       ] GC(193) Pause Young (Allocation Failure)
[2026-10-07T18:20:53.655+0000][533.187s][info][gc,heap        ] GC(193) DefNew: 18220K(19200K)->1067K(19200K) Eden: 17088K(17088K)->0K(17088K) From: 1132K(2112K)->1067K(2112K)
[2026-10-07T18:20:53.655+0000][533.187s][info][gc,heap        ] GC(193) Tenured: 33404K(42292K)->33497K(42292K)
[2026-10-07T18:20:53.655+0000][533.187s][info][gc,metaspace   ] GC(193) Metaspace: 74610K(75392K)->74610K(75392K) NonClass: 65238K(65664K)->65238K(65664K) Class: 9371K(9728K)->9371K(9728K)
[2026-10-07T18:20:53.655+0000][533.187s][info][gc             ] GC(193) Pause Young (Allocation Failure) 50M->33M(60M) 9.547ms
[2026-10-07T18:20:53.656+0000][533.188s][info][gc,cpu         ] GC(193) User=0.00s Sys=0.00s Real=0.01s
[2026-10-07T18:20:56.581+0000][536.113s][info][gc,start       ] GC(194) Pause Young (Allocation Failure)
[2026-10-07T18:20:56.590+0000][536.122s][info][gc,heap        ] GC(194) DefNew: 18155K(19200K)->1020K(19200K) Eden: 17088K(17088K)->0K(17088K) From: 1067K(2112K)->1020K(2112K)
[2026-10-07T18:20:56.590+0000][536.122s][info][gc,heap        ] GC(194) Tenured: 33497K(42292K)->33535K(42292K)
[2026-10-07T18:20:56.590+0000][536.122s][info][gc,metaspace   ] GC(194) Metaspace: 74613K(75392K)->74613K(75392K) NonClass: 65241K(65664K)->65241K(65664K) Class: 9371K(9728K)->9371K(9728K)
[2026-10-07T18:20:56.590+0000][536.122s][info][gc             ] GC(194) Pause Young (Allocation Failure) 50M->33M(60M) 8.621ms
[2026-10-07T18:20:56.590+0000][536.122s][info][gc,cpu         ] GC(194) User=0.01s Sys=0.00s Real=0.01s
[2026-10-07T18:20:59.671+0000][539.203s][info][gc,start       ] GC(195) Pause Young (Allocation Failure)
[2026-10-07T18:20:59.678+0000][539.210s][info][gc,heap        ] GC(195) DefNew: 18108K(19200K)->1109K(19200K) Eden: 17088K(17088K)->0K(17088K) From: 1020K(2112K)->1109K(2112K)
[2026-10-07T18:20:59.678+0000][539.210s][info][gc,heap        ] GC(195) Tenured: 33535K(42292K)->33535K(42292K)
[2026-10-07T18:20:59.678+0000][539.210s][info][gc,metaspace   ] GC(195) Metaspace: 74613K(75392K)->74613K(75392K) NonClass: 65241K(65664K)->65241K(65664K) Class: 9371K(9728K)->9371K(9728K)
[2026-10-07T18:20:59.679+0000][539.210s][info][gc             ] GC(195) Pause Young (Allocation Failure) 50M->33M(60M) 7.730ms
[2026-10-07T18:20:59.679+0000][539.210s][info][gc,cpu         ] GC(195) User=0.01s Sys=0.00s Real=0.01s
[2026-10-07T18:21:02.825+0000][542.357s][info][gc,start       ] GC(196) Pause Young (Allocation Failure)
[2026-10-07T18:21:02.833+0000][542.365s][info][gc,heap        ] GC(196) DefNew: 18197K(19200K)->1030K(19200K) Eden: 17088K(17088K)->0K(17088K) From: 1109K(2112K)->1030K(2112K)
[2026-10-07T18:21:02.833+0000][542.365s][info][gc,heap        ] GC(196) Tenured: 33535K(42292K)->33628K(42292K)
[2026-10-07T18:21:02.833+0000][542.365s][info][gc,metaspace   ] GC(196) Metaspace: 74620K(75392K)->74620K(75392K) NonClass: 65248K(65664K)->65248K(65664K) Class: 9371K(9728K)->9371K(9728K)
[2026-10-07T18:21:02.833+0000][542.365s][info][gc             ] GC(196) Pause Young (Allocation Failure) 50M->33M(60M) 7.928ms
[2026-10-07T18:21:02.833+0000][542.365s][info][gc,cpu         ] GC(196) User=0.01s Sys=0.00s Real=0.00s
[2026-10-07T18:21:05.797+0000][545.329s][info][gc,start       ] GC(197) Pause Young (Allocation Failure)
[2026-10-07T18:21:05.814+0000][545.346s][info][gc,heap        ] GC(197) DefNew: 18118K(19200K)->1002K(19200K) Eden: 17088K(17088K)->0K(17088K) From: 1030K(2112K)->1002K(2112K)
[2026-10-07T18:21:05.815+0000][545.347s][info][gc,heap        ] GC(197) Tenured: 33628K(42292K)->33628K(42292K)
[2026-10-07T18:21:05.815+0000][545.347s][info][gc,metaspace   ] GC(197) Metaspace: 74622K(75392K)->74622K(75392K) NonClass: 65250K(65664K)->65250K(65664K) Class: 9371K(9728K)->9371K(9728K)
[2026-10-07T18:21:05.815+0000][545.347s][info][gc             ] GC(197) Pause Young (Allocation Failure) 50M->33M(60M) 18.544ms
[2026-10-07T18:21:05.817+0000][545.348s][info][gc,cpu         ] GC(197) User=0.01s Sys=0.00s Real=0.02s
[2026-10-07T18:21:09.115+0000][548.647s][info][gc,start       ] GC(198) Pause Young (Allocation Failure)
[2026-10-07T18:21:09.123+0000][548.655s][info][gc,heap        ] GC(198) DefNew: 18090K(19200K)->1150K(19200K) Eden: 17088K(17088K)->0K(17088K) From: 1002K(2112K)->1150K(2112K)
[2026-10-07T18:21:09.123+0000][548.655s][info][gc,heap        ] GC(198) Tenured: 33628K(42292K)->33628K(42292K)
[2026-10-07T18:21:09.123+0000][548.655s][info][gc,metaspace   ] GC(198) Metaspace: 74622K(75392K)->74622K(75392K) NonClass: 65250K(65664K)->65250K(65664K) Class: 9371K(9728K)->9371K(9728K)
[2026-10-07T18:21:09.123+0000][548.655s][info][gc             ] GC(198) Pause Young (Allocation Failure) 50M->33M(60M) 7.440ms
[2026-10-07T18:21:09.123+0000][548.655s][info][gc,cpu         ] GC(198) User=0.00s Sys=0.00s Real=0.00s
[2026-10-07T18:21:12.361+0000][551.893s][info][gc,start       ] GC(199) Pause Young (Allocation Failure)
[2026-10-07T18:21:12.370+0000][551.902s][info][gc,heap        ] GC(199) DefNew: 18238K(19200K)->1039K(19200K) Eden: 17088K(17088K)->0K(17088K) From: 1150K(2112K)->1039K(2112K)
[2026-10-07T18:21:12.370+0000][551.902s][info][gc,heap        ] GC(199) Tenured: 33628K(42292K)->33729K(42292K)
[2026-10-07T18:21:12.370+0000][551.902s][info][gc,metaspace   ] GC(199) Metaspace: 74622K(75392K)->74622K(75392K) NonClass: 65250K(65664K)->65250K(65664K) Class: 9371K(9728K)->9371K(9728K)
[2026-10-07T18:21:12.370+0000][551.902s][info][gc             ] GC(199) Pause Young (Allocation Failure) 50M->33M(60M) 9.063ms
[2026-10-07T18:21:12.371+0000][551.902s][info][gc,cpu         ] GC(199) User=0.01s Sys=0.00s Real=0.01s
[2026-10-07T18:21:15.450+0000][554.982s][info][gc,start       ] GC(200) Pause Young (Allocation Failure)
[2026-10-07T18:21:15.463+0000][554.995s][info][gc,heap        ] GC(200) DefNew: 18127K(19200K)->1178K(19200K) Eden: 17088K(17088K)->0K(17088K) From: 1039K(2112K)->1178K(2112K)
[2026-10-07T18:21:15.464+0000][554.996s][info][gc,heap        ] GC(200) Tenured: 33729K(42292K)->33729K(42292K)
[2026-10-07T18:21:15.464+0000][554.996s][info][gc,metaspace   ] GC(200) Metaspace: 74624K(75392K)->74624K(75392K) NonClass: 65252K(65664K)->65252K(65664K) Class: 9371K(9728K)->9371K(9728K)
[2026-10-07T18:21:15.464+0000][554.996s][info][gc             ] GC(200) Pause Young (Allocation Failure) 50M->34M(60M) 13.682ms
[2026-10-07T18:21:15.464+0000][554.996s][info][gc,cpu         ] GC(200) User=0.01s Sys=0.00s Real=0.02s
[2026-10-07T18:21:18.274+0000][557.806s][info][gc,start       ] GC(201) Pause Young (Allocation Failure)
[2026-10-07T18:21:18.284+0000][557.816s][info][gc,heap        ] GC(201) DefNew: 18266K(19200K)->1088K(19200K) Eden: 17088K(17088K)->0K(17088K) From: 1178K(2112K)->1088K(2112K)
[2026-10-07T18:21:18.284+0000][557.816s][info][gc,heap        ] GC(201) Tenured: 33729K(42292K)->33853K(42292K)
[2026-10-07T18:21:18.284+0000][557.816s][info][gc,metaspace   ] GC(201) Metaspace: 74625K(75392K)->74625K(75392K) NonClass: 65253K(65664K)->65253K(65664K) Class: 9371K(9728K)->9371K(9728K)
[2026-10-07T18:21:18.284+0000][557.816s][info][gc             ] GC(201) Pause Young (Allocation Failure) 50M->34M(60M) 9.413ms
[2026-10-07T18:21:18.284+0000][557.816s][info][gc,cpu         ] GC(201) User=0.00s Sys=0.00s Real=0.01s
[2026-10-07T18:21:21.296+0000][560.828s][info][gc,start       ] GC(202) Pause Young (Allocation Failure)
[2026-10-07T18:21:21.318+0000][560.850s][info][gc,heap        ] GC(202) DefNew: 18176K(19200K)->1011K(19200K) Eden: 17088K(17088K)->0K(17088K) From: 1088K(2112K)->1011K(2112K)
[2026-10-07T18:21:21.318+0000][560.850s][info][gc,heap        ] GC(202) Tenured: 33853K(42292K)->33901K(42292K)
[2026-10-07T18:21:21.318+0000][560.850s][info][gc,metaspace   ] GC(202) Metaspace: 74637K(75392K)->74637K(75392K) NonClass: 65265K(65664K)->65265K(65664K) Class: 9371K(9728K)->9371K(9728K)
[2026-10-07T18:21:21.318+0000][560.850s][info][gc             ] GC(202) Pause Young (Allocation Failure) 50M->34M(60M) 21.811ms
[2026-10-07T18:21:21.318+0000][560.850s][info][gc,cpu         ] GC(202) User=0.01s Sys=0.00s Real=0.02s
[2026-10-07T18:21:24.434+0000][563.966s][info][gc,start       ] GC(203) Pause Young (Allocation Failure)
[2026-10-07T18:21:24.442+0000][563.974s][info][gc,heap        ] GC(203) DefNew: 18099K(19200K)->1096K(19200K) Eden: 17088K(17088K)->0K(17088K) From: 1011K(2112K)->1096K(2112K)
[2026-10-07T18:21:24.442+0000][563.974s][info][gc,heap        ] GC(203) Tenured: 33901K(42292K)->33901K(42292K)
[2026-10-07T18:21:24.442+0000][563.974s][info][gc,metaspace   ] GC(203) Metaspace: 74637K(75392K)->74637K(75392K) NonClass: 65265K(65664K)->65265K(65664K) Class: 9371K(9728K)->9371K(9728K)
[2026-10-07T18:21:24.442+0000][563.974s][info][gc             ] GC(203) Pause Young (Allocation Failure) 50M->34M(60M) 8.367ms
[2026-10-07T18:21:24.442+0000][563.974s][info][gc,cpu         ] GC(203) User=0.01s Sys=0.00s Real=0.00s
[2026-10-07T18:21:27.783+0000][567.315s][info][gc,start       ] GC(204) Pause Young (Allocation Failure)
[2026-10-07T18:21:27.791+0000][567.323s][info][gc,heap        ] GC(204) DefNew: 18184K(19200K)->1065K(19200K) Eden: 17088K(17088K)->0K(17088K) From: 1096K(2112K)->1065K(2112K)
[2026-10-07T18:21:27.792+0000][567.323s][info][gc,heap        ] GC(204) Tenured: 33901K(42292K)->33961K(42292K)
[2026-10-07T18:21:27.792+0000][567.323s][info][gc,metaspace   ] GC(204) Metaspace: 74640K(75392K)->74640K(75392K) NonClass: 65268K(65664K)->65268K(65664K) Class: 9371K(9728K)->9371K(9728K)
[2026-10-07T18:21:27.792+0000][567.324s][info][gc             ] GC(204) Pause Young (Allocation Failure) 50M->34M(60M) 8.973ms
[2026-10-07T18:21:27.792+0000][567.324s][info][gc,cpu         ] GC(204) User=0.01s Sys=0.00s Real=0.01s
[2026-10-07T18:21:30.750+0000][570.282s][info][gc,start       ] GC(205) Pause Young (Allocation Failure)
[2026-10-07T18:21:30.758+0000][570.290s][info][gc,heap        ] GC(205) DefNew: 18153K(19200K)->1039K(19200K) Eden: 17088K(17088K)->0K(17088K) From: 1065K(2112K)->1039K(2112K)
[2026-10-07T18:21:30.758+0000][570.290s][info][gc,heap        ] GC(205) Tenured: 33961K(42292K)->34006K(42292K)
[2026-10-07T18:21:30.758+0000][570.290s][info][gc,metaspace   ] GC(205) Metaspace: 74640K(75392K)->74640K(75392K) NonClass: 65268K(65664K)->65268K(65664K) Class: 9371K(9728K)->9371K(9728K)
[2026-10-07T18:21:30.758+0000][570.290s][info][gc             ] GC(205) Pause Young (Allocation Failure) 50M->34M(60M) 7.725ms
[2026-10-07T18:21:30.758+0000][570.290s][info][gc,cpu         ] GC(205) User=0.01s Sys=0.00s Real=0.01s
[2026-10-07T18:21:33.971+0000][573.503s][info][gc,start       ] GC(206) Pause Young (Allocation Failure)
[2026-10-07T18:21:33.979+0000][573.511s][info][gc,heap        ] GC(206) DefNew: 18127K(19200K)->1123K(19200K) Eden: 17088K(17088K)->0K(17088K) From: 1039K(2112K)->1123K(2112K)
[2026-10-07T18:21:33.979+0000][573.511s][info][gc,heap        ] GC(206) Tenured: 34006K(42292K)->34006K(42292K)
[2026-10-07T18:21:33.979+0000][573.511s][info][gc,metaspace   ] GC(206) Metaspace: 74640K(75392K)->74640K(75392K) NonClass: 65268K(65664K)->65268K(65664K) Class: 9371K(9728K)->9371K(9728K)
[2026-10-07T18:21:33.979+0000][573.511s][info][gc             ] GC(206) Pause Young (Allocation Failure) 50M->34M(60M) 8.008ms
[2026-10-07T18:21:33.979+0000][573.511s][info][gc,cpu         ] GC(206) User=0.01s Sys=0.00s Real=0.01s
[2026-10-07T18:21:37.030+0000][576.562s][info][gc,start       ] GC(207) Pause Young (Allocation Failure)
[2026-10-07T18:21:37.038+0000][576.570s][info][gc,heap        ] GC(207) DefNew: 18211K(19200K)->1033K(19200K) Eden: 17088K(17088K)->0K(17088K) From: 1123K(2112K)->1033K(2112K)
[2026-10-07T18:21:37.038+0000][576.570s][info][gc,heap        ] GC(207) Tenured: 34006K(42292K)->34084K(42292K)
[2026-10-07T18:21:37.038+0000][576.570s][info][gc,metaspace   ] GC(207) Metaspace: 74819K(75584K)->74819K(75584K) NonClass: 65447K(65856K)->65447K(65856K) Class: 9371K(9728K)->9371K(9728K)
[2026-10-07T18:21:37.038+0000][576.570s][info][gc             ] GC(207) Pause Young (Allocation Failure) 50M->34M(60M) 7.688ms
[2026-10-07T18:21:37.038+0000][576.570s][info][gc,cpu         ] GC(207) User=0.01s Sys=0.00s Real=0.01s
[2026-10-07T18:21:40.273+0000][579.805s][info][gc,start       ] GC(208) Pause Young (Allocation Failure)
[2026-10-07T18:21:40.282+0000][579.814s][info][gc,heap        ] GC(208) DefNew: 18121K(19200K)->1140K(19200K) Eden: 17088K(17088K)->0K(17088K) From: 1033K(2112K)->1140K(2112K)
[2026-10-07T18:21:40.283+0000][579.815s][info][gc,heap        ] GC(208) Tenured: 34084K(42292K)->34084K(42292K)
[2026-10-07T18:21:40.283+0000][579.815s][info][gc,metaspace   ] GC(208) Metaspace: 74819K(75584K)->74819K(75584K) NonClass: 65447K(65856K)->65447K(65856K) Class: 9371K(9728K)->9371K(9728K)
[2026-10-07T18:21:40.283+0000][579.815s][info][gc             ] GC(208) Pause Young (Allocation Failure) 50M->34M(60M) 10.230ms
[2026-10-07T18:21:40.283+0000][579.815s][info][gc,cpu         ] GC(208) User=0.00s Sys=0.00s Real=0.01s
[2026-10-07T18:21:43.567+0000][583.099s][info][gc,start       ] GC(209) Pause Young (Allocation Failure)
[2026-10-07T18:21:43.576+0000][583.107s][info][gc,heap        ] GC(209) DefNew: 18228K(19200K)->1094K(19200K) Eden: 17088K(17088K)->0K(17088K) From: 1140K(2112K)->1094K(2112K)
[2026-10-07T18:21:43.576+0000][583.108s][info][gc,heap        ] GC(209) Tenured: 34084K(42292K)->34174K(42292K)
[2026-10-07T18:21:43.576+0000][583.108s][info][gc,metaspace   ] GC(209) Metaspace: 74819K(75584K)->74819K(75584K) NonClass: 65447K(65856K)->65447K(65856K) Class: 9371K(9728K)->9371K(9728K)
[2026-10-07T18:21:43.577+0000][583.108s][info][gc             ] GC(209) Pause Young (Allocation Failure) 51M->34M(60M) 8.627ms
[2026-10-07T18:21:43.577+0000][583.109s][info][gc,cpu         ] GC(209) User=0.01s Sys=0.00s Real=0.01s
[2026-10-07T18:21:46.680+0000][586.212s][info][gc,start       ] GC(210) Pause Young (Allocation Failure)
[2026-10-07T18:21:46.690+0000][586.222s][info][gc,heap        ] GC(210) DefNew: 18182K(19200K)->1021K(19200K) Eden: 17088K(17088K)->0K(17088K) From: 1094K(2112K)->1021K(2112K)
[2026-10-07T18:21:46.690+0000][586.222s][info][gc,heap        ] GC(210) Tenured: 34174K(42292K)->34228K(42292K)
[2026-10-07T18:21:46.690+0000][586.222s][info][gc,metaspace   ] GC(210) Metaspace: 74819K(75584K)->74819K(75584K) NonClass: 65447K(65856K)->65447K(65856K) Class: 9371K(9728K)->9371K(9728K)
[2026-10-07T18:21:46.690+0000][586.222s][info][gc             ] GC(210) Pause Young (Allocation Failure) 51M->34M(60M) 10.355ms
[2026-10-07T18:21:46.690+0000][586.222s][info][gc,cpu         ] GC(210) User=0.00s Sys=0.00s Real=0.01s
[2026-10-07T18:21:49.798+0000][589.330s][info][gc,start       ] GC(211) Pause Young (Allocation Failure)
[2026-10-07T18:21:49.807+0000][589.338s][info][gc,heap        ] GC(211) DefNew: 18109K(19200K)->1107K(19200K) Eden: 17088K(17088K)->0K(17088K) From: 1021K(2112K)->1107K(2112K)
[2026-10-07T18:21:49.807+0000][589.339s][info][gc,heap        ] GC(211) Tenured: 34228K(42292K)->34228K(42292K)
[2026-10-07T18:21:49.807+0000][589.339s][info][gc,metaspace   ] GC(211) Metaspace: 74819K(75584K)->74819K(75584K) NonClass: 65447K(65856K)->65447K(65856K) Class: 9371K(9728K)->9371K(9728K)
[2026-10-07T18:21:49.807+0000][589.339s][info][gc             ] GC(211) Pause Young (Allocation Failure) 51M->34M(60M) 8.407ms
[2026-10-07T18:21:49.807+0000][589.339s][info][gc,cpu         ] GC(211) User=0.00s Sys=0.00s Real=0.01s
[2026-10-07T18:21:53.000+0000][592.532s][info][gc,start       ] GC(212) Pause Young (Allocation Failure)
[2026-10-07T18:21:53.008+0000][592.540s][info][gc,heap        ] GC(212) DefNew: 18195K(19200K)->1043K(19200K) Eden: 17088K(17088K)->0K(17088K) From: 1107K(2112K)->1043K(2112K)
[2026-10-07T18:21:53.008+0000][592.540s][info][gc,heap        ] GC(212) Tenured: 34228K(42292K)->34319K(42292K)
[2026-10-07T18:21:53.008+0000][592.540s][info][gc,metaspace   ] GC(212) Metaspace: 74820K(75584K)->74820K(75584K) NonClass: 65448K(65856K)->65448K(65856K) Class: 9371K(9728K)->9371K(9728K)
[2026-10-07T18:21:53.009+0000][592.540s][info][gc             ] GC(212) Pause Young (Allocation Failure) 51M->34M(60M) 8.259ms
[2026-10-07T18:21:53.009+0000][592.540s][info][gc,cpu         ] GC(212) User=0.00s Sys=0.00s Real=0.01s
[2026-10-07T18:21:56.242+0000][595.774s][info][gc,start       ] GC(213) Pause Young (Allocation Failure)
[2026-10-07T18:21:56.250+0000][595.782s][info][gc,heap        ] GC(213) DefNew: 18131K(19200K)->1056K(19200K) Eden: 17088K(17088K)->0K(17088K) From: 1043K(2112K)->1056K(2112K)
[2026-10-07T18:21:56.250+0000][595.782s][info][gc,heap        ] GC(213) Tenured: 34319K(42292K)->34319K(42292K)
[2026-10-07T18:21:56.250+0000][595.782s][info][gc,metaspace   ] GC(213) Metaspace: 74820K(75584K)->74820K(75584K) NonClass: 65448K(65856K)->65448K(65856K) Class: 9371K(9728K)->9371K(9728K)
[2026-10-07T18:21:56.250+0000][595.782s][info][gc             ] GC(213) Pause Young (Allocation Failure) 51M->34M(60M) 8.217ms
[2026-10-07T18:21:56.251+0000][595.783s][info][gc,cpu         ] GC(213) User=0.01s Sys=0.00s Real=0.01s
[2026-10-07T18:21:59.316+0000][598.848s][info][gc,start       ] GC(214) Pause Young (Allocation Failure)
[2026-10-07T18:21:59.324+0000][598.856s][info][gc,heap        ] GC(214) DefNew: 18144K(19200K)->1141K(19200K) Eden: 17088K(17088K)->0K(17088K) From: 1056K(2112K)->1141K(2112K)
[2026-10-07T18:21:59.324+0000][598.856s][info][gc,heap        ] GC(214) Tenured: 34319K(42292K)->34380K(42292K)
[2026-10-07T18:21:59.324+0000][598.856s][info][gc,metaspace   ] GC(214) Metaspace: 74820K(75584K)->74820K(75584K) NonClass: 65448K(65856K)->65448K(65856K) Class: 9371K(9728K)->9371K(9728K)
[2026-10-07T18:21:59.325+0000][598.856s][info][gc             ] GC(214) Pause Young (Allocation Failure) 51M->34M(60M) 8.665ms
[2026-10-07T18:21:59.325+0000][598.856s][info][gc,cpu         ] GC(214) User=0.01s Sys=0.00s Real=0.01s
[2026-10-07T18:22:02.351+0000][601.883s][info][gc,start       ] GC(215) Pause Young (Allocation Failure)
[2026-10-07T18:22:02.360+0000][601.892s][info][gc,heap        ] GC(215) DefNew: 18229K(19200K)->1051K(19200K) Eden: 17088K(17088K)->0K(17088K) From: 1141K(2112K)->1051K(2112K)
[2026-10-07T18:22:02.360+0000][601.892s][info][gc,heap        ] GC(215) Tenured: 34380K(42292K)->34472K(42292K)
[2026-10-07T18:22:02.360+0000][601.892s][info][gc,metaspace   ] GC(215) Metaspace: 74821K(75584K)->74821K(75584K) NonClass: 65449K(65856K)->65449K(65856K) Class: 9371K(9728K)->9371K(9728K)
[2026-10-07T18:22:02.360+0000][601.892s][info][gc             ] GC(215) Pause Young (Allocation Failure) 51M->34M(60M) 8.559ms
[2026-10-07T18:22:02.360+0000][601.892s][info][gc,cpu         ] GC(215) User=0.01s Sys=0.00s Real=0.01s
[2026-10-07T18:22:05.256+0000][604.788s][info][gc,start       ] GC(216) Pause Young (Allocation Failure)
[2026-10-07T18:22:05.263+0000][604.795s][info][gc,heap        ] GC(216) DefNew: 18139K(19200K)->1137K(19200K) Eden: 17088K(17088K)->0K(17088K) From: 1051K(2112K)->1137K(2112K)
[2026-10-07T18:22:05.263+0000][604.795s][info][gc,heap        ] GC(216) Tenured: 34472K(42292K)->34472K(42292K)
[2026-10-07T18:22:05.263+0000][604.795s][info][gc,metaspace   ] GC(216) Metaspace: 74822K(75584K)->74822K(75584K) NonClass: 65451K(65856K)->65451K(65856K) Class: 9371K(9728K)->9371K(9728K)
[2026-10-07T18:22:05.263+0000][604.795s][info][gc             ] GC(216) Pause Young (Allocation Failure) 51M->34M(60M) 7.460ms
[2026-10-07T18:22:05.263+0000][604.795s][info][gc,cpu         ] GC(216) User=0.01s Sys=0.00s Real=0.00s
[2026-10-07T18:22:08.202+0000][607.734s][info][gc,start       ] GC(217) Pause Young (Allocation Failure)
[2026-10-07T18:22:08.210+0000][607.742s][info][gc,heap        ] GC(217) DefNew: 18225K(19200K)->1045K(19200K) Eden: 17088K(17088K)->0K(17088K) From: 1137K(2112K)->1045K(2112K)
[2026-10-07T18:22:08.210+0000][607.742s][info][gc,heap        ] GC(217) Tenured: 34472K(42292K)->34560K(42292K)
[2026-10-07T18:22:08.210+0000][607.742s][info][gc,metaspace   ] GC(217) Metaspace: 74822K(75584K)->74822K(75584K) NonClass: 65451K(65856K)->65451K(65856K) Class: 9371K(9728K)->9371K(9728K)
[2026-10-07T18:22:08.210+0000][607.742s][info][gc             ] GC(217) Pause Young (Allocation Failure) 51M->34M(60M) 7.995ms
[2026-10-07T18:22:08.210+0000][607.742s][info][gc,cpu         ] GC(217) User=0.01s Sys=0.00s Real=0.01s
[2026-10-07T18:22:11.132+0000][610.664s][info][gc,start       ] GC(218) Pause Young (Allocation Failure)
[2026-10-07T18:22:11.142+0000][610.674s][info][gc,heap        ] GC(218) DefNew: 18133K(19200K)->1039K(19200K) Eden: 17088K(17088K)->0K(17088K) From: 1045K(2112K)->1039K(2112K)
[2026-10-07T18:22:11.142+0000][610.674s][info][gc,heap        ] GC(218) Tenured: 34560K(42292K)->34560K(42292K)
[2026-10-07T18:22:11.142+0000][610.674s][info][gc,metaspace   ] GC(218) Metaspace: 74830K(75584K)->74830K(75584K) NonClass: 65458K(65856K)->65458K(65856K) Class: 9371K(9728K)->9371K(9728K)
[2026-10-07T18:22:11.142+0000][610.674s][info][gc             ] GC(218) Pause Young (Allocation Failure) 51M->34M(60M) 9.437ms
[2026-10-07T18:22:11.142+0000][610.674s][info][gc,cpu         ] GC(218) User=0.00s Sys=0.00s Real=0.01s
[2026-10-07T18:22:14.190+0000][613.722s][info][gc,start       ] GC(219) Pause Young (Allocation Failure)
[2026-10-07T18:22:14.198+0000][613.730s][info][gc,heap        ] GC(219) DefNew: 18125K(19200K)->1144K(19200K) Eden: 17085K(17088K)->0K(17088K) From: 1039K(2112K)->1144K(2112K)
[2026-10-07T18:22:14.198+0000][613.730s][info][gc,heap        ] GC(219) Tenured: 34560K(42292K)->34560K(42292K)
[2026-10-07T18:22:14.198+0000][613.730s][info][gc,metaspace   ] GC(219) Metaspace: 74830K(75584K)->74830K(75584K) NonClass: 65458K(65856K)->65458K(65856K) Class: 9371K(9728K)->9371K(9728K)
[2026-10-07T18:22:14.198+0000][613.730s][info][gc             ] GC(219) Pause Young (Allocation Failure) 51M->34M(60M) 7.588ms
[2026-10-07T18:22:14.198+0000][613.730s][info][gc,cpu         ] GC(219) User=0.01s Sys=0.00s Real=0.01s
[2026-10-07T18:22:17.282+0000][616.814s][info][gc,start       ] GC(220) Pause Young (Allocation Failure)
[2026-10-07T18:22:17.298+0000][616.830s][info][gc,heap        ] GC(220) DefNew: 18232K(19200K)->1004K(19200K) Eden: 17088K(17088K)->0K(17088K) From: 1144K(2112K)->1004K(2112K)
[2026-10-07T18:22:17.299+0000][616.831s][info][gc,heap        ] GC(220) Tenured: 34560K(42292K)->34694K(42292K)
[2026-10-07T18:22:17.299+0000][616.831s][info][gc,metaspace   ] GC(220) Metaspace: 74831K(75584K)->74831K(75584K) NonClass: 65459K(65856K)->65459K(65856K) Class: 9371K(9728K)->9371K(9728K)
[2026-10-07T18:22:17.299+0000][616.831s][info][gc             ] GC(220) Pause Young (Allocation Failure) 51M->34M(60M) 17.083ms
[2026-10-07T18:22:17.299+0000][616.831s][info][gc,cpu         ] GC(220) User=0.01s Sys=0.00s Real=0.02s
[2026-10-07T18:22:20.263+0000][619.795s][info][gc,start       ] GC(221) Pause Young (Allocation Failure)
[2026-10-07T18:22:20.272+0000][619.804s][info][gc,heap        ] GC(221) DefNew: 18092K(19200K)->1172K(19200K) Eden: 17088K(17088K)->0K(17088K) From: 1004K(2112K)->1172K(2112K)
[2026-10-07T18:22:20.272+0000][619.804s][info][gc,heap        ] GC(221) Tenured: 34694K(42292K)->34694K(42292K)
[2026-10-07T18:22:20.272+0000][619.804s][info][gc,metaspace   ] GC(221) Metaspace: 74831K(75584K)->74831K(75584K) NonClass: 65459K(65856K)->65459K(65856K) Class: 9371K(9728K)->9371K(9728K)
[2026-10-07T18:22:20.272+0000][619.804s][info][gc             ] GC(221) Pause Young (Allocation Failure) 51M->35M(60M) 8.747ms
[2026-10-07T18:22:20.272+0000][619.804s][info][gc,cpu         ] GC(221) User=0.00s Sys=0.00s Real=0.01s
[2026-10-07T18:22:23.360+0000][622.891s][info][gc,start       ] GC(222) Pause Young (Allocation Failure)
[2026-10-07T18:22:23.368+0000][622.900s][info][gc,heap        ] GC(222) DefNew: 18260K(19200K)->1026K(19200K) Eden: 17088K(17088K)->0K(17088K) From: 1172K(2112K)->1026K(2112K)
[2026-10-07T18:22:23.368+0000][622.900s][info][gc,heap        ] GC(222) Tenured: 34694K(42292K)->34816K(42292K)
[2026-10-07T18:22:23.368+0000][622.900s][info][gc,metaspace   ] GC(222) Metaspace: 74831K(75584K)->74831K(75584K) NonClass: 65460K(65856K)->65460K(65856K) Class: 9371K(9728K)->9371K(9728K)
[2026-10-07T18:22:23.368+0000][622.900s][info][gc             ] GC(222) Pause Young (Allocation Failure) 51M->35M(60M) 8.686ms
[2026-10-07T18:22:23.368+0000][622.900s][info][gc,cpu         ] GC(222) User=0.01s Sys=0.00s Real=0.01s
[2026-10-07T18:22:26.633+0000][626.165s][info][gc,start       ] GC(223) Pause Young (Allocation Failure)
[2026-10-07T18:22:26.642+0000][626.174s][info][gc,heap        ] GC(223) DefNew: 18114K(19200K)->1014K(19200K) Eden: 17088K(17088K)->0K(17088K) From: 1026K(2112K)->1014K(2112K)
[2026-10-07T18:22:26.642+0000][626.174s][info][gc,heap        ] GC(223) Tenured: 34816K(42292K)->34816K(42292K)
[2026-10-07T18:22:26.642+0000][626.174s][info][gc,metaspace   ] GC(223) Metaspace: 74834K(75584K)->74834K(75584K) NonClass: 65462K(65856K)->65462K(65856K) Class: 9371K(9728K)->9371K(9728K)
[2026-10-07T18:22:26.642+0000][626.174s][info][gc             ] GC(223) Pause Young (Allocation Failure) 51M->34M(60M) 9.467ms
[2026-10-07T18:22:26.642+0000][626.174s][info][gc,cpu         ] GC(223) User=0.00s Sys=0.00s Real=0.01s
[2026-10-07T18:22:29.805+0000][629.337s][info][gc,start       ] GC(224) Pause Young (Allocation Failure)
[2026-10-07T18:22:29.814+0000][629.346s][info][gc,heap        ] GC(224) DefNew: 18102K(19200K)->1124K(19200K) Eden: 17088K(17088K)->0K(17088K) From: 1014K(2112K)->1124K(2112K)
[2026-10-07T18:22:29.814+0000][629.346s][info][gc,heap        ] GC(224) Tenured: 34816K(42292K)->34816K(42292K)
[2026-10-07T18:22:29.814+0000][629.346s][info][gc,metaspace   ] GC(224) Metaspace: 74834K(75584K)->74834K(75584K) NonClass: 65462K(65856K)->65462K(65856K) Class: 9371K(9728K)->9371K(9728K)
[2026-10-07T18:22:29.814+0000][629.346s][info][gc             ] GC(224) Pause Young (Allocation Failure) 51M->35M(60M) 9.060ms
[2026-10-07T18:22:29.814+0000][629.346s][info][gc,cpu         ] GC(224) User=0.01s Sys=0.00s Real=0.01s
[2026-10-07T18:22:32.739+0000][632.271s][info][gc,start       ] GC(225) Pause Young (Allocation Failure)
[2026-10-07T18:22:32.747+0000][632.279s][info][gc,heap        ] GC(225) DefNew: 18212K(19200K)->1065K(19200K) Eden: 17088K(17088K)->0K(17088K) From: 1124K(2112K)->1065K(2112K)
[2026-10-07T18:22:32.747+0000][632.279s][info][gc,heap        ] GC(225) Tenured: 34816K(42292K)->34907K(42292K)
[2026-10-07T18:22:32.747+0000][632.279s][info][gc,metaspace   ] GC(225) Metaspace: 74834K(75584K)->74834K(75584K) NonClass: 65462K(65856K)->65462K(65856K) Class: 9371K(9728K)->9371K(9728K)
[2026-10-07T18:22:32.748+0000][632.280s][info][gc             ] GC(225) Pause Young (Allocation Failure) 51M->35M(60M) 9.416ms
[2026-10-07T18:22:32.748+0000][632.280s][info][gc,cpu         ] GC(225) User=0.01s Sys=0.00s Real=0.01s
[2026-10-07T18:22:35.876+0000][635.408s][info][gc,start       ] GC(226) Pause Young (Allocation Failure)
[2026-10-07T18:22:35.893+0000][635.425s][info][gc,heap        ] GC(226) DefNew: 18153K(19200K)->1072K(19200K) Eden: 17088K(17088K)->0K(17088K) From: 1065K(2112K)->1072K(2112K)
[2026-10-07T18:22:35.893+0000][635.425s][info][gc,heap        ] GC(226) Tenured: 34907K(42292K)->34945K(42292K)
[2026-10-07T18:22:35.893+0000][635.425s][info][gc,metaspace   ] GC(226) Metaspace: 74836K(75584K)->74836K(75584K) NonClass: 65464K(65856K)->65464K(65856K) Class: 9371K(9728K)->9371K(9728K)
[2026-10-07T18:22:35.893+0000][635.425s][info][gc             ] GC(226) Pause Young (Allocation Failure) 51M->35M(60M) 16.883ms
[2026-10-07T18:22:35.893+0000][635.425s][info][gc,cpu         ] GC(226) User=0.01s Sys=0.00s Real=0.01s
[2026-10-07T18:22:39.231+0000][638.763s][info][gc,start       ] GC(227) Pause Young (Allocation Failure)
[2026-10-07T18:22:39.240+0000][638.772s][info][gc,heap        ] GC(227) DefNew: 18160K(19200K)->1098K(19200K) Eden: 17088K(17088K)->0K(17088K) From: 1072K(2112K)->1098K(2112K)
[2026-10-07T18:22:39.240+0000][638.772s][info][gc,heap        ] GC(227) Tenured: 34945K(42292K)->34989K(42292K)
[2026-10-07T18:22:39.240+0000][638.772s][info][gc,metaspace   ] GC(227) Metaspace: 74836K(75584K)->74836K(75584K) NonClass: 65464K(65856K)->65464K(65856K) Class: 9371K(9728K)->9371K(9728K)
[2026-10-07T18:22:39.240+0000][638.772s][info][gc             ] GC(227) Pause Young (Allocation Failure) 51M->35M(60M) 9.285ms
[2026-10-07T18:22:39.240+0000][638.772s][info][gc,cpu         ] GC(227) User=0.00s Sys=0.00s Real=0.01s
[2026-10-07T18:22:42.500+0000][642.032s][info][gc,start       ] GC(228) Pause Young (Allocation Failure)
[2026-10-07T18:22:42.509+0000][642.040s][info][gc,heap        ] GC(228) DefNew: 18186K(19200K)->1067K(19200K) Eden: 17088K(17088K)->0K(17088K) From: 1098K(2112K)->1067K(2112K)
[2026-10-07T18:22:42.509+0000][642.041s][info][gc,heap        ] GC(228) Tenured: 34989K(42292K)->35033K(42292K)
[2026-10-07T18:22:42.509+0000][642.041s][info][gc,metaspace   ] GC(228) Metaspace: 74836K(75584K)->74836K(75584K) NonClass: 65464K(65856K)->65464K(65856K) Class: 9371K(9728K)->9371K(9728K)
[2026-10-07T18:22:42.509+0000][642.041s][info][gc             ] GC(228) Pause Young (Allocation Failure) 51M->35M(60M) 8.341ms
[2026-10-07T18:22:42.509+0000][642.041s][info][gc,cpu         ] GC(228) User=0.00s Sys=0.00s Real=0.01s
[2026-10-07T18:22:45.422+0000][644.954s][info][gc,start       ] GC(229) Pause Young (Allocation Failure)
[2026-10-07T18:22:45.429+0000][644.961s][info][gc,heap        ] GC(229) DefNew: 18155K(19200K)->1137K(19200K) Eden: 17088K(17088K)->0K(17088K) From: 1067K(2112K)->1137K(2112K)
[2026-10-07T18:22:45.429+0000][644.961s][info][gc,heap        ] GC(229) Tenured: 35033K(42292K)->35073K(42292K)
[2026-10-07T18:22:45.429+0000][644.961s][info][gc,metaspace   ] GC(229) Metaspace: 74902K(75648K)->74902K(75648K) NonClass: 65516K(65920K)->65516K(65920K) Class: 9385K(9728K)->9385K(9728K)
[2026-10-07T18:22:45.429+0000][644.961s][info][gc             ] GC(229) Pause Young (Allocation Failure) 51M->35M(60M) 7.165ms
[2026-10-07T18:22:45.430+0000][644.961s][info][gc,cpu         ] GC(229) User=0.00s Sys=0.00s Real=0.01s
[2026-10-07T18:22:48.304+0000][647.836s][info][gc,start       ] GC(230) Pause Young (Allocation Failure)
[2026-10-07T18:22:48.312+0000][647.844s][info][gc,heap        ] GC(230) DefNew: 18225K(19200K)->1103K(19200K) Eden: 17088K(17088K)->0K(17088K) From: 1137K(2112K)->1103K(2112K)
[2026-10-07T18:22:48.313+0000][647.844s][info][gc,heap        ] GC(230) Tenured: 35073K(42292K)->35157K(42292K)
[2026-10-07T18:22:48.313+0000][647.844s][info][gc,metaspace   ] GC(230) Metaspace: 74902K(75648K)->74902K(75648K) NonClass: 65516K(65920K)->65516K(65920K) Class: 9385K(9728K)->9385K(9728K)
[2026-10-07T18:22:48.313+0000][647.845s][info][gc             ] GC(230) Pause Young (Allocation Failure) 52M->35M(60M) 9.793ms
[2026-10-07T18:22:48.314+0000][647.845s][info][gc,cpu         ] GC(230) User=0.01s Sys=0.00s Real=0.01s
[2026-10-07T18:22:51.204+0000][650.736s][info][gc,start       ] GC(231) Pause Young (Allocation Failure)
[2026-10-07T18:22:51.212+0000][650.744s][info][gc,heap        ] GC(231) DefNew: 18191K(19200K)->975K(19200K) Eden: 17088K(17088K)->0K(17088K) From: 1103K(2112K)->975K(2112K)
[2026-10-07T18:22:51.212+0000][650.744s][info][gc,heap        ] GC(231) Tenured: 35157K(42292K)->35277K(42292K)
[2026-10-07T18:22:51.212+0000][650.744s][info][gc,metaspace   ] GC(231) Metaspace: 74910K(75648K)->74910K(75648K) NonClass: 65524K(65920K)->65524K(65920K) Class: 9385K(9728K)->9385K(9728K)
[2026-10-07T18:22:51.212+0000][650.744s][info][gc             ] GC(231) Pause Young (Allocation Failure) 52M->35M(60M) 8.021ms
[2026-10-07T18:22:51.212+0000][650.744s][info][gc,cpu         ] GC(231) User=0.01s Sys=0.00s Real=0.00s
[2026-10-07T18:22:54.479+0000][654.011s][info][gc,start       ] GC(232) Pause Young (Allocation Failure)
[2026-10-07T18:22:54.490+0000][654.022s][info][gc,heap        ] GC(232) DefNew: 18063K(19200K)->1020K(19200K) Eden: 17088K(17088K)->0K(17088K) From: 975K(2112K)->1020K(2112K)
[2026-10-07T18:22:54.490+0000][654.022s][info][gc,heap        ] GC(232) Tenured: 35277K(42292K)->35277K(42292K)
[2026-10-07T18:22:54.490+0000][654.022s][info][gc,metaspace   ] GC(232) Metaspace: 74910K(75648K)->74910K(75648K) NonClass: 65524K(65920K)->65524K(65920K) Class: 9385K(9728K)->9385K(9728K)
[2026-10-07T18:22:54.491+0000][654.022s][info][gc             ] GC(232) Pause Young (Allocation Failure) 52M->35M(60M) 11.570ms
[2026-10-07T18:22:54.491+0000][654.022s][info][gc,cpu         ] GC(232) User=0.01s Sys=0.00s Real=0.01s
[2026-10-07T18:22:57.617+0000][657.149s][info][gc,start       ] GC(233) Pause Young (Allocation Failure)
[2026-10-07T18:22:57.626+0000][657.158s][info][gc,heap        ] GC(233) DefNew: 18108K(19200K)->1092K(19200K) Eden: 17088K(17088K)->0K(17088K) From: 1020K(2112K)->1092K(2112K)
[2026-10-07T18:22:57.626+0000][657.158s][info][gc,heap        ] GC(233) Tenured: 35277K(42292K)->35277K(42292K)
[2026-10-07T18:22:57.626+0000][657.158s][info][gc,metaspace   ] GC(233) Metaspace: 74910K(75648K)->74910K(75648K) NonClass: 65524K(65920K)->65524K(65920K) Class: 9385K(9728K)->9385K(9728K)
[2026-10-07T18:22:57.626+0000][657.158s][info][gc             ] GC(233) Pause Young (Allocation Failure) 52M->35M(60M) 9.320ms
[2026-10-07T18:22:57.626+0000][657.158s][info][gc,cpu         ] GC(233) User=0.00s Sys=0.00s Real=0.01s
[2026-10-07T18:23:00.712+0000][660.244s][info][gc,start       ] GC(234) Pause Young (Allocation Failure)
[2026-10-07T18:23:00.720+0000][660.252s][info][gc,heap        ] GC(234) DefNew: 18180K(19200K)->1161K(19200K) Eden: 17088K(17088K)->0K(17088K) From: 1092K(2112K)->1161K(2112K)
[2026-10-07T18:23:00.720+0000][660.252s][info][gc,heap        ] GC(234) Tenured: 35277K(42292K)->35318K(42292K)
[2026-10-07T18:23:00.720+0000][660.252s][info][gc,metaspace   ] GC(234) Metaspace: 74910K(75648K)->74910K(75648K) NonClass: 65524K(65920K)->65524K(65920K) Class: 9385K(9728K)->9385K(9728K)
[2026-10-07T18:23:00.720+0000][660.252s][info][gc             ] GC(234) Pause Young (Allocation Failure) 52M->35M(60M) 8.000ms
[2026-10-07T18:23:00.720+0000][660.252s][info][gc,cpu         ] GC(234) User=0.00s Sys=0.00s Real=0.01s
[2026-10-07T18:23:03.766+0000][663.298s][info][gc,start       ] GC(235) Pause Young (Allocation Failure)
[2026-10-07T18:23:03.785+0000][663.317s][info][gc,heap        ] GC(235) DefNew: 18249K(19200K)->1061K(19200K) Eden: 17088K(17088K)->0K(17088K) From: 1161K(2112K)->1061K(2112K)
[2026-10-07T18:23:03.785+0000][663.317s][info][gc,heap        ] GC(235) Tenured: 35318K(42292K)->35425K(42292K)
[2026-10-07T18:23:03.785+0000][663.317s][info][gc,metaspace   ] GC(235) Metaspace: 74910K(75648K)->74910K(75648K) NonClass: 65524K(65920K)->65524K(65920K) Class: 9385K(9728K)->9385K(9728K)
[2026-10-07T18:23:03.786+0000][663.317s][info][gc             ] GC(235) Pause Young (Allocation Failure) 52M->35M(60M) 19.940ms
[2026-10-07T18:23:03.786+0000][663.318s][info][gc,cpu         ] GC(235) User=0.01s Sys=0.00s Real=0.02s
[2026-10-07T18:23:06.735+0000][666.267s][info][gc,start       ] GC(236) Pause Young (Allocation Failure)
[2026-10-07T18:23:06.744+0000][666.276s][info][gc,heap        ] GC(236) DefNew: 18149K(19200K)->931K(19200K) Eden: 17088K(17088K)->0K(17088K) From: 1061K(2112K)->931K(2112K)
[2026-10-07T18:23:06.744+0000][666.276s][info][gc,heap        ] GC(236) Tenured: 35425K(42292K)->35571K(42292K)
[2026-10-07T18:23:06.744+0000][666.276s][info][gc,metaspace   ] GC(236) Metaspace: 74910K(75648K)->74910K(75648K) NonClass: 65524K(65920K)->65524K(65920K) Class: 9385K(9728K)->9385K(9728K)
[2026-10-07T18:23:06.744+0000][666.276s][info][gc             ] GC(236) Pause Young (Allocation Failure) 52M->35M(60M) 8.756ms
[2026-10-07T18:23:06.744+0000][666.276s][info][gc,cpu         ] GC(236) User=0.01s Sys=0.00s Real=0.01s
[2026-10-07T18:23:09.868+0000][669.400s][info][gc,start       ] GC(237) Pause Young (Allocation Failure)
[2026-10-07T18:23:09.876+0000][669.408s][info][gc,heap        ] GC(237) DefNew: 18019K(19200K)->1042K(19200K) Eden: 17088K(17088K)->0K(17088K) From: 931K(2112K)->1042K(2112K)
[2026-10-07T18:23:09.876+0000][669.408s][info][gc,heap        ] GC(237) Tenured: 35571K(42292K)->35571K(42292K)
[2026-10-07T18:23:09.876+0000][669.408s][info][gc,metaspace   ] GC(237) Metaspace: 74910K(75648K)->74910K(75648K) NonClass: 65524K(65920K)->65524K(65920K) Class: 9385K(9728K)->9385K(9728K)
[2026-10-07T18:23:09.876+0000][669.408s][info][gc             ] GC(237) Pause Young (Allocation Failure) 52M->35M(60M) 7.936ms
[2026-10-07T18:23:09.876+0000][669.408s][info][gc,cpu         ] GC(237) User=0.01s Sys=0.00s Real=0.01s
[2026-10-07T18:23:13.009+0000][672.541s][info][gc,start       ] GC(238) Pause Young (Allocation Failure)
[2026-10-07T18:23:13.018+0000][672.550s][info][gc,heap        ] GC(238) DefNew: 18130K(19200K)->1053K(19200K) Eden: 17087K(17088K)->0K(17088K) From: 1042K(2112K)->1053K(2112K)
[2026-10-07T18:23:13.018+0000][672.550s][info][gc,heap        ] GC(238) Tenured: 35571K(42292K)->35571K(42292K)
[2026-10-07T18:23:13.018+0000][672.550s][info][gc,metaspace   ] GC(238) Metaspace: 74910K(75648K)->74910K(75648K) NonClass: 65524K(65920K)->65524K(65920K) Class: 9385K(9728K)->9385K(9728K)
[2026-10-07T18:23:13.018+0000][672.550s][info][gc             ] GC(238) Pause Young (Allocation Failure) 52M->35M(60M) 9.192ms
[2026-10-07T18:23:13.018+0000][672.550s][info][gc,cpu         ] GC(238) User=0.00s Sys=0.00s Real=0.01s
[2026-10-07T18:23:16.118+0000][675.650s][info][gc,start       ] GC(239) Pause Young (Allocation Failure)
[2026-10-07T18:23:16.132+0000][675.663s][info][gc,heap        ] GC(239) DefNew: 18141K(19200K)->1088K(19200K) Eden: 17088K(17088K)->0K(17088K) From: 1053K(2112K)->1088K(2112K)
[2026-10-07T18:23:16.132+0000][675.664s][info][gc,heap        ] GC(239) Tenured: 35571K(42292K)->35571K(42292K)
[2026-10-07T18:23:16.132+0000][675.664s][info][gc,metaspace   ] GC(239) Metaspace: 74910K(75648K)->74910K(75648K) NonClass: 65524K(65920K)->65524K(65920K) Class: 9385K(9728K)->9385K(9728K)
[2026-10-07T18:23:16.132+0000][675.664s][info][gc             ] GC(239) Pause Young (Allocation Failure) 52M->35M(60M) 13.897ms
[2026-10-07T18:23:16.132+0000][675.664s][info][gc,cpu         ] GC(239) User=0.01s Sys=0.00s Real=0.01s
[2026-10-07T18:23:19.192+0000][678.724s][info][gc,start       ] GC(240) Pause Young (Allocation Failure)
[2026-10-07T18:23:19.199+0000][678.731s][info][gc,heap        ] GC(240) DefNew: 18176K(19200K)->1113K(19200K) Eden: 17087K(17088K)->0K(17088K) From: 1088K(2112K)->1113K(2112K)
[2026-10-07T18:23:19.199+0000][678.731s][info][gc,heap        ] GC(240) Tenured: 35571K(42292K)->35612K(42292K)
[2026-10-07T18:23:19.199+0000][678.731s][info][gc,metaspace   ] GC(240) Metaspace: 74910K(75648K)->74910K(75648K) NonClass: 65524K(65920K)->65524K(65920K) Class: 9385K(9728K)->9385K(9728K)
[2026-10-07T18:23:19.199+0000][678.731s][info][gc             ] GC(240) Pause Young (Allocation Failure) 52M->35M(60M) 7.442ms
[2026-10-07T18:23:19.199+0000][678.731s][info][gc,cpu         ] GC(240) User=0.00s Sys=0.00s Real=0.01s
[2026-10-07T18:23:22.267+0000][681.799s][info][gc,start       ] GC(241) Pause Young (Allocation Failure)
[2026-10-07T18:23:22.278+0000][681.810s][info][gc,heap        ] GC(241) DefNew: 18201K(19200K)->994K(19200K) Eden: 17088K(17088K)->0K(17088K) From: 1113K(2112K)->994K(2112K)
[2026-10-07T18:23:22.278+0000][681.810s][info][gc,heap        ] GC(241) Tenured: 35612K(42292K)->35695K(42292K)
[2026-10-07T18:23:22.278+0000][681.810s][info][gc,metaspace   ] GC(241) Metaspace: 74913K(75648K)->74913K(75648K) NonClass: 65527K(65920K)->65527K(65920K) Class: 9385K(9728K)->9385K(9728K)
[2026-10-07T18:23:22.278+0000][681.810s][info][gc             ] GC(241) Pause Young (Allocation Failure) 52M->35M(60M) 10.479ms
[2026-10-07T18:23:22.278+0000][681.810s][info][gc,cpu         ] GC(241) User=0.01s Sys=0.00s Real=0.01s
[2026-10-07T18:23:25.425+0000][684.957s][info][gc,start       ] GC(242) Pause Young (Allocation Failure)
[2026-10-07T18:23:25.442+0000][684.974s][info][gc,heap        ] GC(242) DefNew: 18082K(19200K)->1101K(19200K) Eden: 17088K(17088K)->0K(17088K) From: 994K(2112K)->1101K(2112K)
[2026-10-07T18:23:25.442+0000][684.974s][info][gc,heap        ] GC(242) Tenured: 35695K(42292K)->35695K(42292K)
[2026-10-07T18:23:25.442+0000][684.974s][info][gc,metaspace   ] GC(242) Metaspace: 74913K(75648K)->74913K(75648K) NonClass: 65527K(65920K)->65527K(65920K) Class: 9385K(9728K)->9385K(9728K)
[2026-10-07T18:23:25.442+0000][684.974s][info][gc             ] GC(242) Pause Young (Allocation Failure) 52M->35M(60M) 16.955ms
[2026-10-07T18:23:25.442+0000][684.974s][info][gc,cpu         ] GC(242) User=0.01s Sys=0.00s Real=0.01s
[2026-10-07T18:23:28.756+0000][688.288s][info][gc,start       ] GC(243) Pause Young (Allocation Failure)
[2026-10-07T18:23:28.769+0000][688.301s][info][gc,heap        ] GC(243) DefNew: 18189K(19200K)->1075K(19200K) Eden: 17088K(17088K)->0K(17088K) From: 1101K(2112K)->1075K(2112K)
[2026-10-07T18:23:28.769+0000][688.301s][info][gc,heap        ] GC(243) Tenured: 35695K(42292K)->35745K(42292K)
[2026-10-07T18:23:28.769+0000][688.301s][info][gc,metaspace   ] GC(243) Metaspace: 74920K(75648K)->74920K(75648K) NonClass: 65534K(65920K)->65534K(65920K) Class: 9385K(9728K)->9385K(9728K)
[2026-10-07T18:23:28.769+0000][688.301s][info][gc             ] GC(243) Pause Young (Allocation Failure) 52M->35M(60M) 13.202ms
[2026-10-07T18:23:28.769+0000][688.301s][info][gc,cpu         ] GC(243) User=0.01s Sys=0.00s Real=0.01s
[2026-10-07T18:23:31.943+0000][691.475s][info][gc,start       ] GC(244) Pause Young (Allocation Failure)
[2026-10-07T18:23:31.951+0000][691.483s][info][gc,heap        ] GC(244) DefNew: 18163K(19200K)->1074K(19200K) Eden: 17088K(17088K)->0K(17088K) From: 1075K(2112K)->1074K(2112K)
[2026-10-07T18:23:31.951+0000][691.483s][info][gc,heap        ] GC(244) Tenured: 35745K(42292K)->35798K(42292K)
[2026-10-07T18:23:31.951+0000][691.483s][info][gc,metaspace   ] GC(244) Metaspace: 74929K(75648K)->74929K(75648K) NonClass: 65544K(65920K)->65544K(65920K) Class: 9385K(9728K)->9385K(9728K)
[2026-10-07T18:23:31.951+0000][691.483s][info][gc             ] GC(244) Pause Young (Allocation Failure) 52M->36M(60M) 8.327ms
[2026-10-07T18:23:31.951+0000][691.483s][info][gc,cpu         ] GC(244) User=0.00s Sys=0.00s Real=0.01s
[2026-10-07T18:23:34.735+0000][694.267s][info][gc,start       ] GC(245) Pause Young (Allocation Failure)
[2026-10-07T18:23:34.743+0000][694.275s][info][gc,heap        ] GC(245) DefNew: 18162K(19200K)->1153K(19200K) Eden: 17088K(17088K)->0K(17088K) From: 1074K(2112K)->1153K(2112K)
[2026-10-07T18:23:34.743+0000][694.275s][info][gc,heap        ] GC(245) Tenured: 35798K(42292K)->35876K(42292K)
[2026-10-07T18:23:34.743+0000][694.275s][info][gc,metaspace   ] GC(245) Metaspace: 74932K(75648K)->74932K(75648K) NonClass: 65546K(65920K)->65546K(65920K) Class: 9385K(9728K)->9385K(9728K)
[2026-10-07T18:23:34.743+0000][694.275s][info][gc             ] GC(245) Pause Young (Allocation Failure) 52M->36M(60M) 8.101ms
[2026-10-07T18:23:34.743+0000][694.275s][info][gc,cpu         ] GC(245) User=0.00s Sys=0.00s Real=0.00s
[2026-10-07T18:23:37.862+0000][697.394s][info][gc,start       ] GC(246) Pause Young (Allocation Failure)
[2026-10-07T18:23:37.871+0000][697.403s][info][gc,heap        ] GC(246) DefNew: 18241K(19200K)->1024K(19200K) Eden: 17088K(17088K)->0K(17088K) From: 1153K(2112K)->1024K(2112K)
[2026-10-07T18:23:37.871+0000][697.403s][info][gc,heap        ] GC(246) Tenured: 35876K(42292K)->35987K(42292K)
[2026-10-07T18:23:37.871+0000][697.403s][info][gc,metaspace   ] GC(246) Metaspace: 74932K(75648K)->74932K(75648K) NonClass: 65546K(65920K)->65546K(65920K) Class: 9385K(9728K)->9385K(9728K)
[2026-10-07T18:23:37.873+0000][697.404s][info][gc             ] GC(246) Pause Young (Allocation Failure) 52M->36M(60M) 10.819ms
[2026-10-07T18:23:37.873+0000][697.405s][info][gc,cpu         ] GC(246) User=0.01s Sys=0.00s Real=0.01s
[2026-10-07T18:23:41.100+0000][700.632s][info][gc,start       ] GC(247) Pause Young (Allocation Failure)
[2026-10-07T18:23:41.116+0000][700.648s][info][gc,heap        ] GC(247) DefNew: 18112K(19200K)->989K(19200K) Eden: 17088K(17088K)->0K(17088K) From: 1024K(2112K)->989K(2112K)
[2026-10-07T18:23:41.116+0000][700.648s][info][gc,heap        ] GC(247) Tenured: 35987K(42292K)->35987K(42292K)
[2026-10-07T18:23:41.116+0000][700.648s][info][gc,metaspace   ] GC(247) Metaspace: 74932K(75648K)->74932K(75648K) NonClass: 65546K(65920K)->65546K(65920K) Class: 9385K(9728K)->9385K(9728K)
[2026-10-07T18:23:41.116+0000][700.648s][info][gc             ] GC(247) Pause Young (Allocation Failure) 52M->36M(60M) 16.258ms
[2026-10-07T18:23:41.116+0000][700.648s][info][gc,cpu         ] GC(247) User=0.01s Sys=0.00s Real=0.02s
[2026-10-07T18:23:44.228+0000][703.759s][info][gc,start       ] GC(248) Pause Young (Allocation Failure)
[2026-10-07T18:23:44.247+0000][703.779s][info][gc,heap        ] GC(248) DefNew: 18077K(19200K)->1117K(19200K) Eden: 17088K(17088K)->0K(17088K) From: 989K(2112K)->1117K(2112K)
[2026-10-07T18:23:44.247+0000][703.779s][info][gc,heap        ] GC(248) Tenured: 35987K(42292K)->35987K(42292K)
[2026-10-07T18:23:44.247+0000][703.779s][info][gc,metaspace   ] GC(248) Metaspace: 74932K(75648K)->74932K(75648K) NonClass: 65546K(65920K)->65546K(65920K) Class: 9385K(9728K)->9385K(9728K)
[2026-10-07T18:23:44.247+0000][703.779s][info][gc             ] GC(248) Pause Young (Allocation Failure) 52M->36M(60M) 19.685ms
[2026-10-07T18:23:44.247+0000][703.779s][info][gc,cpu         ] GC(248) User=0.00s Sys=0.00s Real=0.02s
[2026-10-07T18:23:47.128+0000][706.660s][info][gc,start       ] GC(249) Pause Young (Allocation Failure)
[2026-10-07T18:23:47.137+0000][706.669s][info][gc,heap        ] GC(249) DefNew: 18205K(19200K)->1044K(19200K) Eden: 17088K(17088K)->0K(17088K) From: 1117K(2112K)->1044K(2112K)
[2026-10-07T18:23:47.137+0000][706.669s][info][gc,heap        ] GC(249) Tenured: 35987K(42292K)->36077K(42292K)
[2026-10-07T18:23:47.137+0000][706.669s][info][gc,metaspace   ] GC(249) Metaspace: 74932K(75648K)->74932K(75648K) NonClass: 65546K(65920K)->65546K(65920K) Class: 9385K(9728K)->9385K(9728K)
[2026-10-07T18:23:47.137+0000][706.669s][info][gc             ] GC(249) Pause Young (Allocation Failure) 52M->36M(60M) 9.027ms
[2026-10-07T18:23:47.137+0000][706.669s][info][gc,cpu         ] GC(249) User=0.01s Sys=0.00s Real=0.01s
[2026-10-07T18:23:50.186+0000][709.718s][info][gc,start       ] GC(250) Pause Young (Allocation Failure)
[2026-10-07T18:23:50.193+0000][709.725s][info][gc,heap        ] GC(250) DefNew: 18132K(19200K)->1063K(19200K) Eden: 17088K(17088K)->0K(17088K) From: 1044K(2112K)->1063K(2112K)
[2026-10-07T18:23:50.193+0000][709.725s][info][gc,heap        ] GC(250) Tenured: 36077K(42292K)->36077K(42292K)
[2026-10-07T18:23:50.193+0000][709.725s][info][gc,metaspace   ] GC(250) Metaspace: 74932K(75648K)->74932K(75648K) NonClass: 65546K(65920K)->65546K(65920K) Class: 9385K(9728K)->9385K(9728K)
[2026-10-07T18:23:50.193+0000][709.725s][info][gc             ] GC(250) Pause Young (Allocation Failure) 52M->36M(60M) 7.810ms
[2026-10-07T18:23:50.194+0000][709.726s][info][gc,cpu         ] GC(250) User=0.01s Sys=0.00s Real=0.00s
[2026-10-07T18:23:53.034+0000][712.566s][info][gc,start       ] GC(251) Pause Young (Allocation Failure)
[2026-10-07T18:23:53.043+0000][712.574s][info][gc,heap        ] GC(251) DefNew: 18151K(19200K)->1156K(19200K) Eden: 17088K(17088K)->0K(17088K) From: 1063K(2112K)->1156K(2112K)
[2026-10-07T18:23:53.043+0000][712.575s][info][gc,heap        ] GC(251) Tenured: 36077K(42292K)->36114K(42292K)
[2026-10-07T18:23:53.043+0000][712.575s][info][gc,metaspace   ] GC(251) Metaspace: 74932K(75648K)->74932K(75648K) NonClass: 65546K(65920K)->65546K(65920K) Class: 9385K(9728K)->9385K(9728K)
[2026-10-07T18:23:53.043+0000][712.575s][info][gc             ] GC(251) Pause Young (Allocation Failure) 52M->36M(60M) 8.540ms
[2026-10-07T18:23:53.043+0000][712.575s][info][gc,cpu         ] GC(251) User=0.01s Sys=0.00s Real=0.00s
[2026-10-07T18:23:56.050+0000][715.582s][info][gc,start       ] GC(252) Pause Young (Allocation Failure)
[2026-10-07T18:23:56.058+0000][715.590s][info][gc,heap        ] GC(252) DefNew: 18244K(19200K)->1030K(19200K) Eden: 17088K(17088K)->0K(17088K) From: 1156K(2112K)->1030K(2112K)
[2026-10-07T18:23:56.058+0000][715.590s][info][gc,heap        ] GC(252) Tenured: 36114K(42292K)->36225K(42292K)
[2026-10-07T18:23:56.058+0000][715.590s][info][gc,metaspace   ] GC(252) Metaspace: 74932K(75648K)->74932K(75648K) NonClass: 65546K(65920K)->65546K(65920K) Class: 9385K(9728K)->9385K(9728K)
[2026-10-07T18:23:56.058+0000][715.590s][info][gc             ] GC(252) Pause Young (Allocation Failure) 53M->36M(60M) 8.042ms
[2026-10-07T18:23:56.058+0000][715.590s][info][gc,cpu         ] GC(252) User=0.01s Sys=0.00s Real=0.01s
[2026-10-07T18:23:59.480+0000][719.012s][info][gc,start       ] GC(253) Pause Young (Allocation Failure)
[2026-10-07T18:23:59.488+0000][719.020s][info][gc,heap        ] GC(253) DefNew: 18118K(19200K)->1081K(19200K) Eden: 17088K(17088K)->0K(17088K) From: 1030K(2112K)->1081K(2112K)
[2026-10-07T18:23:59.488+0000][719.020s][info][gc,heap        ] GC(253) Tenured: 36225K(42292K)->36225K(42292K)
[2026-10-07T18:23:59.488+0000][719.020s][info][gc,metaspace   ] GC(253) Metaspace: 74937K(75648K)->74937K(75648K) NonClass: 65551K(65920K)->65551K(65920K) Class: 9385K(9728K)->9385K(9728K)
[2026-10-07T18:23:59.488+0000][719.020s][info][gc             ] GC(253) Pause Young (Allocation Failure) 53M->36M(60M) 8.585ms
[2026-10-07T18:23:59.488+0000][719.020s][info][gc,cpu         ] GC(253) User=0.00s Sys=0.00s Real=0.01s
[2026-10-07T18:24:02.604+0000][722.136s][info][gc,start       ] GC(254) Pause Young (Allocation Failure)
[2026-10-07T18:24:02.612+0000][722.144s][info][gc,heap        ] GC(254) DefNew: 18169K(19200K)->1094K(19200K) Eden: 17088K(17088K)->0K(17088K) From: 1081K(2112K)->1094K(2112K)
[2026-10-07T18:24:02.613+0000][722.144s][info][gc,heap        ] GC(254) Tenured: 36225K(42292K)->36273K(42292K)
[2026-10-07T18:24:02.613+0000][722.144s][info][gc,metaspace   ] GC(254) Metaspace: 74939K(75648K)->74939K(75648K) NonClass: 65554K(65920K)->65554K(65920K) Class: 9385K(9728K)->9385K(9728K)
[2026-10-07T18:24:02.613+0000][722.145s][info][gc             ] GC(254) Pause Young (Allocation Failure) 53M->36M(60M) 8.556ms
[2026-10-07T18:24:02.613+0000][722.145s][info][gc,cpu         ] GC(254) User=0.01s Sys=0.00s Real=0.00s
[2026-10-07T18:24:05.539+0000][725.071s][info][gc,start       ] GC(255) Pause Young (Allocation Failure)
[2026-10-07T18:24:05.550+0000][725.082s][info][gc,heap        ] GC(255) DefNew: 18182K(19200K)->1135K(19200K) Eden: 17088K(17088K)->0K(17088K) From: 1094K(2112K)->1135K(2112K)
[2026-10-07T18:24:05.550+0000][725.082s][info][gc,heap        ] GC(255) Tenured: 36273K(42292K)->36311K(42292K)
[2026-10-07T18:24:05.550+0000][725.082s][info][gc,metaspace   ] GC(255) Metaspace: 74944K(75648K)->74944K(75648K) NonClass: 65559K(65920K)->65559K(65920K) Class: 9385K(9728K)->9385K(9728K)
[2026-10-07T18:24:05.550+0000][725.082s][info][gc             ] GC(255) Pause Young (Allocation Failure) 53M->36M(60M) 11.048ms
[2026-10-07T18:24:05.551+0000][725.082s][info][gc,cpu         ] GC(255) User=0.01s Sys=0.00s Real=0.01s
[2026-10-07T18:24:08.789+0000][728.321s][info][gc,start       ] GC(256) Pause Young (Allocation Failure)
[2026-10-07T18:24:08.800+0000][728.332s][info][gc,heap        ] GC(256) DefNew: 18223K(19200K)->1043K(19200K) Eden: 17088K(17088K)->0K(17088K) From: 1135K(2112K)->1043K(2112K)
[2026-10-07T18:24:08.800+0000][728.332s][info][gc,heap        ] GC(256) Tenured: 36311K(42292K)->36398K(42292K)
[2026-10-07T18:24:08.800+0000][728.332s][info][gc,metaspace   ] GC(256) Metaspace: 74950K(75776K)->74950K(75776K) NonClass: 65564K(66048K)->65564K(66048K) Class: 9385K(9728K)->9385K(9728K)
[2026-10-07T18:24:08.800+0000][728.332s][info][gc             ] GC(256) Pause Young (Allocation Failure) 53M->36M(60M) 11.007ms
[2026-10-07T18:24:08.800+0000][728.332s][info][gc,cpu         ] GC(256) User=0.01s Sys=0.00s Real=0.01s
[2026-10-07T18:24:11.774+0000][731.306s][info][gc,start       ] GC(257) Pause Young (Allocation Failure)
[2026-10-07T18:24:11.786+0000][731.318s][info][gc,heap        ] GC(257) DefNew: 18131K(19200K)->1108K(19200K) Eden: 17088K(17088K)->0K(17088K) From: 1043K(2112K)->1108K(2112K)
[2026-10-07T18:24:11.786+0000][731.318s][info][gc,heap        ] GC(257) Tenured: 36398K(42292K)->36398K(42292K)
[2026-10-07T18:24:11.786+0000][731.318s][info][gc,metaspace   ] GC(257) Metaspace: 74950K(75776K)->74950K(75776K) NonClass: 65564K(66048K)->65564K(66048K) Class: 9385K(9728K)->9385K(9728K)
[2026-10-07T18:24:11.787+0000][731.318s][info][gc             ] GC(257) Pause Young (Allocation Failure) 53M->36M(60M) 12.217ms
[2026-10-07T18:24:11.787+0000][731.319s][info][gc,cpu         ] GC(257) User=0.00s Sys=0.00s Real=0.01s
[2026-10-07T18:24:14.975+0000][734.507s][info][gc,start       ] GC(258) Pause Young (Allocation Failure)
[2026-10-07T18:24:14.983+0000][734.515s][info][gc,heap        ] GC(258) DefNew: 18196K(19200K)->1106K(19200K) Eden: 17088K(17088K)->0K(17088K) From: 1108K(2112K)->1106K(2112K)
[2026-10-07T18:24:14.983+0000][734.515s][info][gc,heap        ] GC(258) Tenured: 36398K(42292K)->36473K(42292K)
[2026-10-07T18:24:14.983+0000][734.515s][info][gc,metaspace   ] GC(258) Metaspace: 74951K(75776K)->74951K(75776K) NonClass: 65565K(66048K)->65565K(66048K) Class: 9385K(9728K)->9385K(9728K)
[2026-10-07T18:24:14.983+0000][734.515s][info][gc             ] GC(258) Pause Young (Allocation Failure) 53M->36M(60M) 7.743ms
[2026-10-07T18:24:14.983+0000][734.515s][info][gc,cpu         ] GC(258) User=0.01s Sys=0.00s Real=0.00s
[2026-10-07T18:24:17.963+0000][737.495s][info][gc,start       ] GC(259) Pause Young (Allocation Failure)
[2026-10-07T18:24:17.971+0000][737.503s][info][gc,heap        ] GC(259) DefNew: 18194K(19200K)->1100K(19200K) Eden: 17088K(17088K)->0K(17088K) From: 1106K(2112K)->1100K(2112K)
[2026-10-07T18:24:17.971+0000][737.503s][info][gc,heap        ] GC(259) Tenured: 36473K(42292K)->36547K(42292K)
[2026-10-07T18:24:17.971+0000][737.503s][info][gc,metaspace   ] GC(259) Metaspace: 74951K(75776K)->74951K(75776K) NonClass: 65565K(66048K)->65565K(66048K) Class: 9385K(9728K)->9385K(9728K)
[2026-10-07T18:24:17.971+0000][737.503s][info][gc             ] GC(259) Pause Young (Allocation Failure) 53M->36M(60M) 8.043ms
[2026-10-07T18:24:17.972+0000][737.503s][info][gc,cpu         ] GC(259) User=0.01s Sys=0.00s Real=0.01s
[2026-10-07T18:24:20.909+0000][740.441s][info][gc,start       ] GC(260) Pause Young (Allocation Failure)
[2026-10-07T18:24:20.922+0000][740.454s][info][gc,heap        ] GC(260) DefNew: 18188K(19200K)->1086K(19200K) Eden: 17088K(17088K)->0K(17088K) From: 1100K(2112K)->1086K(2112K)
[2026-10-07T18:24:20.922+0000][740.454s][info][gc,heap        ] GC(260) Tenured: 36547K(42292K)->36621K(42292K)
[2026-10-07T18:24:20.922+0000][740.454s][info][gc,metaspace   ] GC(260) Metaspace: 74951K(75776K)->74951K(75776K) NonClass: 65565K(66048K)->65565K(66048K) Class: 9385K(9728K)->9385K(9728K)
[2026-10-07T18:24:20.922+0000][740.454s][info][gc             ] GC(260) Pause Young (Allocation Failure) 53M->36M(60M) 13.062ms
[2026-10-07T18:24:20.922+0000][740.454s][info][gc,cpu         ] GC(260) User=0.00s Sys=0.00s Real=0.01s
[2026-10-07T18:24:24.075+0000][743.607s][info][gc,start       ] GC(261) Pause Young (Allocation Failure)
[2026-10-07T18:24:24.084+0000][743.616s][info][gc,heap        ] GC(261) DefNew: 18174K(19200K)->1075K(19200K) Eden: 17088K(17088K)->0K(17088K) From: 1086K(2112K)->1075K(2112K)
[2026-10-07T18:24:24.084+0000][743.616s][info][gc,heap        ] GC(261) Tenured: 36621K(42292K)->36664K(42292K)
[2026-10-07T18:24:24.084+0000][743.616s][info][gc,metaspace   ] GC(261) Metaspace: 74951K(75776K)->74951K(75776K) NonClass: 65565K(66048K)->65565K(66048K) Class: 9385K(9728K)->9385K(9728K)
[2026-10-07T18:24:24.085+0000][743.616s][info][gc             ] GC(261) Pause Young (Allocation Failure) 53M->36M(60M) 9.511ms
[2026-10-07T18:24:24.085+0000][743.616s][info][gc,cpu         ] GC(261) User=0.01s Sys=0.00s Real=0.01s
[2026-10-07T18:24:27.052+0000][746.584s][info][gc,start       ] GC(262) Pause Young (Allocation Failure)
[2026-10-07T18:24:27.059+0000][746.591s][info][gc,heap        ] GC(262) DefNew: 18163K(19200K)->960K(19200K) Eden: 17088K(17088K)->0K(17088K) From: 1075K(2112K)->960K(2112K)
[2026-10-07T18:24:27.059+0000][746.591s][info][gc,heap        ] GC(262) Tenured: 36664K(42292K)->36762K(42292K)
[2026-10-07T18:24:27.059+0000][746.591s][info][gc,metaspace   ] GC(262) Metaspace: 74952K(75776K)->74952K(75776K) NonClass: 65566K(66048K)->65566K(66048K) Class: 9385K(9728K)->9385K(9728K)
[2026-10-07T18:24:27.059+0000][746.591s][info][gc             ] GC(262) Pause Young (Allocation Failure) 53M->36M(60M) 7.408ms
[2026-10-07T18:24:27.060+0000][746.592s][info][gc,cpu         ] GC(262) User=0.00s Sys=0.00s Real=0.01s
[2026-10-07T18:24:30.248+0000][749.780s][info][gc,start       ] GC(263) Pause Young (Allocation Failure)
[2026-10-07T18:24:30.255+0000][749.787s][info][gc,heap        ] GC(263) DefNew: 18048K(19200K)->1097K(19200K) Eden: 17088K(17088K)->0K(17088K) From: 960K(2112K)->1097K(2112K)
[2026-10-07T18:24:30.255+0000][749.787s][info][gc,heap        ] GC(263) Tenured: 36762K(42292K)->36762K(42292K)
[2026-10-07T18:24:30.255+0000][749.787s][info][gc,metaspace   ] GC(263) Metaspace: 74952K(75776K)->74952K(75776K) NonClass: 65566K(66048K)->65566K(66048K) Class: 9385K(9728K)->9385K(9728K)
[2026-10-07T18:24:30.256+0000][749.787s][info][gc             ] GC(263) Pause Young (Allocation Failure) 53M->36M(60M) 7.863ms
[2026-10-07T18:24:30.256+0000][749.788s][info][gc,cpu         ] GC(263) User=0.01s Sys=0.00s Real=0.01s
[2026-10-07T18:24:33.272+0000][752.804s][info][gc,start       ] GC(264) Pause Young (Allocation Failure)
[2026-10-07T18:24:33.280+0000][752.812s][info][gc,heap        ] GC(264) DefNew: 18185K(19200K)->1041K(19200K) Eden: 17088K(17088K)->0K(17088K) From: 1097K(2112K)->1041K(2112K)
[2026-10-07T18:24:33.280+0000][752.812s][info][gc,heap        ] GC(264) Tenured: 36762K(42292K)->36842K(42292K)
[2026-10-07T18:24:33.280+0000][752.812s][info][gc,metaspace   ] GC(264) Metaspace: 74953K(75776K)->74953K(75776K) NonClass: 65567K(66048K)->65567K(66048K) Class: 9385K(9728K)->9385K(9728K)
[2026-10-07T18:24:33.280+0000][752.812s][info][gc             ] GC(264) Pause Young (Allocation Failure) 53M->36M(60M) 7.446ms
[2026-10-07T18:24:33.280+0000][752.812s][info][gc,cpu         ] GC(264) User=0.00s Sys=0.00s Real=0.01s
[2026-10-07T18:24:36.159+0000][755.691s][info][gc,start       ] GC(265) Pause Young (Allocation Failure)
[2026-10-07T18:24:36.167+0000][755.699s][info][gc,heap        ] GC(265) DefNew: 18129K(19200K)->984K(19200K) Eden: 17088K(17088K)->0K(17088K) From: 1041K(2112K)->984K(2112K)
[2026-10-07T18:24:36.167+0000][755.699s][info][gc,heap        ] GC(265) Tenured: 36842K(42292K)->36842K(42292K)
[2026-10-07T18:24:36.167+0000][755.699s][info][gc,metaspace   ] GC(265) Metaspace: 74976K(75776K)->74976K(75776K) NonClass: 65590K(66048K)->65590K(66048K) Class: 9385K(9728K)->9385K(9728K)
[2026-10-07T18:24:36.167+0000][755.699s][info][gc             ] GC(265) Pause Young (Allocation Failure) 53M->36M(60M) 7.894ms
[2026-10-07T18:24:36.167+0000][755.699s][info][gc,cpu         ] GC(265) User=0.01s Sys=0.00s Real=0.01s
[2026-10-07T18:24:39.253+0000][758.785s][info][gc,start       ] GC(266) Pause Young (Allocation Failure)
[2026-10-07T18:24:39.264+0000][758.796s][info][gc,heap        ] GC(266) DefNew: 18072K(19200K)->1092K(19200K) Eden: 17088K(17088K)->0K(17088K) From: 984K(2112K)->1092K(2112K)
[2026-10-07T18:24:39.265+0000][758.797s][info][gc,heap        ] GC(266) Tenured: 36842K(42292K)->36842K(42292K)
[2026-10-07T18:24:39.265+0000][758.797s][info][gc,metaspace   ] GC(266) Metaspace: 74976K(75776K)->74976K(75776K) NonClass: 65590K(66048K)->65590K(66048K) Class: 9385K(9728K)->9385K(9728K)
[2026-10-07T18:24:39.265+0000][758.797s][info][gc             ] GC(266) Pause Young (Allocation Failure) 53M->37M(60M) 11.524ms
[2026-10-07T18:24:39.265+0000][758.797s][info][gc,cpu         ] GC(266) User=0.01s Sys=0.00s Real=0.02s
[2026-10-07T18:24:42.353+0000][761.885s][info][gc,start       ] GC(267) Pause Young (Allocation Failure)
[2026-10-07T18:24:42.363+0000][761.895s][info][gc,heap        ] GC(267) DefNew: 18180K(19200K)->1084K(19200K) Eden: 17088K(17088K)->0K(17088K) From: 1092K(2112K)->1084K(2112K)
[2026-10-07T18:24:42.363+0000][761.895s][info][gc,heap        ] GC(267) Tenured: 36842K(42292K)->36889K(42292K)
[2026-10-07T18:24:42.365+0000][761.896s][info][gc,metaspace   ] GC(267) Metaspace: 74978K(75776K)->74978K(75776K) NonClass: 65592K(66048K)->65592K(66048K) Class: 9385K(9728K)->9385K(9728K)
[2026-10-07T18:24:42.365+0000][761.897s][info][gc             ] GC(267) Pause Young (Allocation Failure) 53M->37M(60M) 11.602ms
[2026-10-07T18:24:42.365+0000][761.897s][info][gc,cpu         ] GC(267) User=0.01s Sys=0.00s Real=0.02s
[2026-10-07T18:24:45.431+0000][764.962s][info][gc,start       ] GC(268) Pause Young (Allocation Failure)
[2026-10-07T18:24:45.439+0000][764.971s][info][gc,heap        ] GC(268) DefNew: 18172K(19200K)->1120K(19200K) Eden: 17088K(17088K)->0K(17088K) From: 1084K(2112K)->1120K(2112K)
[2026-10-07T18:24:45.439+0000][764.971s][info][gc,heap        ] GC(268) Tenured: 36889K(42292K)->36937K(42292K)
[2026-10-07T18:24:45.440+0000][764.971s][info][gc,metaspace   ] GC(268) Metaspace: 74978K(75776K)->74978K(75776K) NonClass: 65592K(66048K)->65592K(66048K) Class: 9385K(9728K)->9385K(9728K)
[2026-10-07T18:24:45.440+0000][764.971s][info][gc             ] GC(268) Pause Young (Allocation Failure) 53M->37M(60M) 9.010ms
[2026-10-07T18:24:45.440+0000][764.972s][info][gc,cpu         ] GC(268) User=0.01s Sys=0.00s Real=0.01s
[2026-10-07T18:24:48.600+0000][768.132s][info][gc,start       ] GC(269) Pause Young (Allocation Failure)
[2026-10-07T18:24:48.610+0000][768.142s][info][gc,heap        ] GC(269) DefNew: 18208K(19200K)->1030K(19200K) Eden: 17088K(17088K)->0K(17088K) From: 1120K(2112K)->1030K(2112K)
[2026-10-07T18:24:48.610+0000][768.142s][info][gc,heap        ] GC(269) Tenured: 36937K(42292K)->37020K(42292K)
[2026-10-07T18:24:48.610+0000][768.142s][info][gc,metaspace   ] GC(269) Metaspace: 74978K(75776K)->74978K(75776K) NonClass: 65592K(66048K)->65592K(66048K) Class: 9385K(9728K)->9385K(9728K)
[2026-10-07T18:24:48.610+0000][768.142s][info][gc             ] GC(269) Pause Young (Allocation Failure) 53M->37M(60M) 9.439ms
[2026-10-07T18:24:48.610+0000][768.142s][info][gc,cpu         ] GC(269) User=0.01s Sys=0.00s Real=0.01s
[2026-10-07T18:24:51.431+0000][770.963s][info][gc,start       ] GC(270) Pause Young (Allocation Failure)
[2026-10-07T18:24:51.439+0000][770.971s][info][gc,heap        ] GC(270) DefNew: 18118K(19200K)->1056K(19200K) Eden: 17088K(17088K)->0K(17088K) From: 1030K(2112K)->1056K(2112K)
[2026-10-07T18:24:51.439+0000][770.971s][info][gc,heap        ] GC(270) Tenured: 37020K(42292K)->37020K(42292K)
[2026-10-07T18:24:51.439+0000][770.971s][info][gc,metaspace   ] GC(270) Metaspace: 74981K(75776K)->74981K(75776K) NonClass: 65595K(66048K)->65595K(66048K) Class: 9385K(9728K)->9385K(9728K)
[2026-10-07T18:24:51.440+0000][770.971s][info][gc             ] GC(270) Pause Young (Allocation Failure) 53M->37M(60M) 8.066ms
[2026-10-07T18:24:51.440+0000][770.971s][info][gc,cpu         ] GC(270) User=0.01s Sys=0.00s Real=0.01s
[2026-10-07T18:24:54.535+0000][774.067s][info][gc,start       ] GC(271) Pause Young (Allocation Failure)
[2026-10-07T18:24:54.544+0000][774.076s][info][gc,heap        ] GC(271) DefNew: 18144K(19200K)->1134K(19200K) Eden: 17088K(17088K)->0K(17088K) From: 1056K(2112K)->1134K(2112K)
[2026-10-07T18:24:54.544+0000][774.076s][info][gc,heap        ] GC(271) Tenured: 37020K(42292K)->37059K(42292K)
[2026-10-07T18:24:54.544+0000][774.076s][info][gc,metaspace   ] GC(271) Metaspace: 74986K(75776K)->74986K(75776K) NonClass: 65601K(66048K)->65601K(66048K) Class: 9385K(9728K)->9385K(9728K)
[2026-10-07T18:24:54.544+0000][774.076s][info][gc             ] GC(271) Pause Young (Allocation Failure) 53M->37M(60M) 9.071ms
[2026-10-07T18:24:54.544+0000][774.076s][info][gc,cpu         ] GC(271) User=0.01s Sys=0.00s Real=0.01s
[2026-10-07T18:24:57.859+0000][777.391s][info][gc,start       ] GC(272) Pause Young (Allocation Failure)
[2026-10-07T18:24:57.869+0000][777.400s][info][gc,heap        ] GC(272) DefNew: 18222K(19200K)->1050K(19200K) Eden: 17088K(17088K)->0K(17088K) From: 1134K(2112K)->1050K(2112K)
[2026-10-07T18:24:57.869+0000][777.400s][info][gc,heap        ] GC(272) Tenured: 37059K(42292K)->37147K(42292K)
[2026-10-07T18:24:57.869+0000][777.401s][info][gc,metaspace   ] GC(272) Metaspace: 74987K(75776K)->74987K(75776K) NonClass: 65602K(66048K)->65602K(66048K) Class: 9385K(9728K)->9385K(9728K)
[2026-10-07T18:24:57.869+0000][777.401s][info][gc             ] GC(272) Pause Young (Allocation Failure) 53M->37M(60M) 9.308ms
[2026-10-07T18:24:57.869+0000][777.401s][info][gc,cpu         ] GC(272) User=0.01s Sys=0.00s Real=0.01s
[2026-10-07T18:25:00.999+0000][780.531s][info][gc,start       ] GC(273) Pause Young (Allocation Failure)
[2026-10-07T18:25:01.007+0000][780.538s][info][gc,heap        ] GC(273) DefNew: 18138K(19200K)->1165K(19200K) Eden: 17088K(17088K)->0K(17088K) From: 1050K(2112K)->1165K(2112K)
[2026-10-07T18:25:01.007+0000][780.539s][info][gc,heap        ] GC(273) Tenured: 37147K(42292K)->37147K(42292K)
[2026-10-07T18:25:01.007+0000][780.539s][info][gc,metaspace   ] GC(273) Metaspace: 74987K(75776K)->74987K(75776K) NonClass: 65602K(66048K)->65602K(66048K) Class: 9385K(9728K)->9385K(9728K)
[2026-10-07T18:25:01.007+0000][780.539s][info][gc             ] GC(273) Pause Young (Allocation Failure) 53M->37M(60M) 7.771ms
[2026-10-07T18:25:01.007+0000][780.539s][info][gc,cpu         ] GC(273) User=0.01s Sys=0.00s Real=0.01s
[2026-10-07T18:25:04.034+0000][783.566s][info][gc,start       ] GC(274) Pause Young (Allocation Failure)
[2026-10-07T18:25:04.042+0000][783.574s][info][gc,heap        ] GC(274) DefNew: 18253K(19200K)->1057K(19200K) Eden: 17088K(17088K)->0K(17088K) From: 1165K(2112K)->1057K(2112K)
[2026-10-07T18:25:04.042+0000][783.574s][info][gc,heap        ] GC(274) Tenured: 37147K(42292K)->37272K(42292K)
[2026-10-07T18:25:04.042+0000][783.574s][info][gc,metaspace   ] GC(274) Metaspace: 74988K(75776K)->74988K(75776K) NonClass: 65602K(66048K)->65602K(66048K) Class: 9385K(9728K)->9385K(9728K)
[2026-10-07T18:25:04.042+0000][783.574s][info][gc             ] GC(274) Pause Young (Allocation Failure) 54M->37M(60M) 7.994ms
[2026-10-07T18:25:04.042+0000][783.574s][info][gc,cpu         ] GC(274) User=0.01s Sys=0.00s Real=0.00s
[2026-10-07T18:25:07.013+0000][786.545s][info][gc,start       ] GC(275) Pause Young (Allocation Failure)
[2026-10-07T18:25:07.022+0000][786.553s][info][gc,heap        ] GC(275) DefNew: 18145K(19200K)->997K(19200K) Eden: 17088K(17088K)->0K(17088K) From: 1057K(2112K)->997K(2112K)
[2026-10-07T18:25:07.022+0000][786.554s][info][gc,heap        ] GC(275) Tenured: 37272K(42292K)->37317K(42292K)
[2026-10-07T18:25:07.022+0000][786.554s][info][gc,metaspace   ] GC(275) Metaspace: 74991K(75776K)->74991K(75776K) NonClass: 65605K(66048K)->65605K(66048K) Class: 9385K(9728K)->9385K(9728K)
[2026-10-07T18:25:07.022+0000][786.554s][info][gc             ] GC(275) Pause Young (Allocation Failure) 54M->37M(60M) 8.908ms
[2026-10-07T18:25:07.022+0000][786.554s][info][gc,cpu         ] GC(275) User=0.01s Sys=0.00s Real=0.01s
[2026-10-07T18:25:10.078+0000][789.609s][info][gc,start       ] GC(276) Pause Young (Allocation Failure)
[2026-10-07T18:25:10.086+0000][789.618s][info][gc,heap        ] GC(276) DefNew: 18085K(19200K)->1129K(19200K) Eden: 17088K(17088K)->0K(17088K) From: 997K(2112K)->1129K(2112K)
[2026-10-07T18:25:10.086+0000][789.618s][info][gc,heap        ] GC(276) Tenured: 37317K(42292K)->37317K(42292K)
[2026-10-07T18:25:10.086+0000][789.618s][info][gc,metaspace   ] GC(276) Metaspace: 74991K(75776K)->74991K(75776K) NonClass: 65605K(66048K)->65605K(66048K) Class: 9385K(9728K)->9385K(9728K)
[2026-10-07T18:25:10.086+0000][789.618s][info][gc             ] GC(276) Pause Young (Allocation Failure) 54M->37M(60M) 8.455ms
[2026-10-07T18:25:10.086+0000][789.618s][info][gc,cpu         ] GC(276) User=0.00s Sys=0.01s Real=0.01s
[2026-10-07T18:25:13.021+0000][792.552s][info][gc,start       ] GC(277) Pause Young (Allocation Failure)
[2026-10-07T18:25:13.028+0000][792.560s][info][gc,heap        ] GC(277) DefNew: 18217K(19200K)->1085K(19200K) Eden: 17088K(17088K)->0K(17088K) From: 1129K(2112K)->1085K(2112K)
[2026-10-07T18:25:13.028+0000][792.560s][info][gc,heap        ] GC(277) Tenured: 37317K(42292K)->37416K(42292K)
[2026-10-07T18:25:13.028+0000][792.560s][info][gc,metaspace   ] GC(277) Metaspace: 74992K(75776K)->74992K(75776K) NonClass: 65606K(66048K)->65606K(66048K) Class: 9385K(9728K)->9385K(9728K)
[2026-10-07T18:25:13.028+0000][792.560s][info][gc             ] GC(277) Pause Young (Allocation Failure) 54M->37M(60M) 7.523ms
[2026-10-07T18:25:13.028+0000][792.560s][info][gc,cpu         ] GC(277) User=0.01s Sys=0.00s Real=0.01s
[2026-10-07T18:25:16.145+0000][795.677s][info][gc,start       ] GC(278) Pause Young (Allocation Failure)
[2026-10-07T18:25:16.152+0000][795.684s][info][gc,heap        ] GC(278) DefNew: 18173K(19200K)->1240K(19200K) Eden: 17087K(17088K)->0K(17088K) From: 1085K(2112K)->1240K(2112K)
[2026-10-07T18:25:16.152+0000][795.684s][info][gc,heap        ] GC(278) Tenured: 37416K(42292K)->37461K(42292K)
[2026-10-07T18:25:16.152+0000][795.684s][info][gc,metaspace   ] GC(278) Metaspace: 74992K(75776K)->74992K(75776K) NonClass: 65606K(66048K)->65606K(66048K) Class: 9385K(9728K)->9385K(9728K)
[2026-10-07T18:25:16.152+0000][795.684s][info][gc             ] GC(278) Pause Young (Allocation Failure) 54M->37M(60M) 7.418ms
[2026-10-07T18:25:16.152+0000][795.684s][info][gc,cpu         ] GC(278) User=0.01s Sys=0.00s Real=0.00s
[2026-10-07T18:25:19.220+0000][798.752s][info][gc,start       ] GC(279) Pause Young (Allocation Failure)
[2026-10-07T18:25:19.228+0000][798.760s][info][gc,heap        ] GC(279) DefNew: 18328K(19200K)->913K(19200K) Eden: 17088K(17088K)->0K(17088K) From: 1240K(2112K)->913K(2112K)
[2026-10-07T18:25:19.228+0000][798.760s][info][gc,heap        ] GC(279) Tenured: 37461K(42292K)->37662K(42292K)
[2026-10-07T18:25:19.228+0000][798.760s][info][gc,metaspace   ] GC(279) Metaspace: 74993K(75776K)->74993K(75776K) NonClass: 65607K(66048K)->65607K(66048K) Class: 9385K(9728K)->9385K(9728K)
[2026-10-07T18:25:19.228+0000][798.760s][info][gc             ] GC(279) Pause Young (Allocation Failure) 54M->37M(60M) 7.836ms
[2026-10-07T18:25:19.228+0000][798.760s][info][gc,cpu         ] GC(279) User=0.01s Sys=0.00s Real=0.01s
[2026-10-07T18:25:22.284+0000][801.816s][info][gc,start       ] GC(280) Pause Young (Allocation Failure)
[2026-10-07T18:25:22.296+0000][801.828s][info][gc,heap        ] GC(280) DefNew: 18001K(19200K)->909K(19200K) Eden: 17088K(17088K)->0K(17088K) From: 913K(2112K)->909K(2112K)
[2026-10-07T18:25:22.296+0000][801.828s][info][gc,heap        ] GC(280) Tenured: 37662K(42292K)->37662K(42292K)
[2026-10-07T18:25:22.296+0000][801.828s][info][gc,metaspace   ] GC(280) Metaspace: 75000K(75776K)->75000K(75776K) NonClass: 65614K(66048K)->65614K(66048K) Class: 9385K(9728K)->9385K(9728K)
[2026-10-07T18:25:22.296+0000][801.828s][info][gc             ] GC(280) Pause Young (Allocation Failure) 54M->37M(60M) 11.832ms
[2026-10-07T18:25:22.296+0000][801.828s][info][gc,cpu         ] GC(280) User=0.01s Sys=0.00s Real=0.01s
[2026-10-07T18:25:25.585+0000][805.117s][info][gc,start       ] GC(281) Pause Young (Allocation Failure)
[2026-10-07T18:25:25.592+0000][805.124s][info][gc,heap        ] GC(281) DefNew: 17997K(19200K)->1019K(19200K) Eden: 17088K(17088K)->0K(17088K) From: 909K(2112K)->1019K(2112K)
[2026-10-07T18:25:25.592+0000][805.124s][info][gc,heap        ] GC(281) Tenured: 37662K(42292K)->37662K(42292K)
[2026-10-07T18:25:25.592+0000][805.124s][info][gc,metaspace   ] GC(281) Metaspace: 75000K(75776K)->75000K(75776K) NonClass: 65614K(66048K)->65614K(66048K) Class: 9385K(9728K)->9385K(9728K)
[2026-10-07T18:25:25.592+0000][805.124s][info][gc             ] GC(281) Pause Young (Allocation Failure) 54M->37M(60M) 6.994ms
[2026-10-07T18:25:25.592+0000][805.124s][info][gc,cpu         ] GC(281) User=0.01s Sys=0.00s Real=0.00s
[2026-10-07T18:25:28.639+0000][808.171s][info][gc,start       ] GC(282) Pause Young (Allocation Failure)
[2026-10-07T18:25:28.646+0000][808.178s][info][gc,heap        ] GC(282) DefNew: 18107K(19200K)->1037K(19200K) Eden: 17088K(17088K)->0K(17088K) From: 1019K(2112K)->1037K(2112K)
[2026-10-07T18:25:28.646+0000][808.178s][info][gc,heap        ] GC(282) Tenured: 37662K(42292K)->37662K(42292K)
[2026-10-07T18:25:28.646+0000][808.178s][info][gc,metaspace   ] GC(282) Metaspace: 75015K(75776K)->75015K(75776K) NonClass: 65629K(66048K)->65629K(66048K) Class: 9385K(9728K)->9385K(9728K)
[2026-10-07T18:25:28.646+0000][808.178s][info][gc             ] GC(282) Pause Young (Allocation Failure) 54M->37M(60M) 6.691ms
[2026-10-07T18:25:28.646+0000][808.178s][info][gc,cpu         ] GC(282) User=0.01s Sys=0.00s Real=0.01s
[2026-10-07T18:25:31.834+0000][811.366s][info][gc,start       ] GC(283) Pause Young (Allocation Failure)
[2026-10-07T18:25:31.849+0000][811.381s][info][gc,heap        ] GC(283) DefNew: 18125K(19200K)->1062K(19200K) Eden: 17088K(17088K)->0K(17088K) From: 1037K(2112K)->1062K(2112K)
[2026-10-07T18:25:31.850+0000][811.381s][info][gc,heap        ] GC(283) Tenured: 37662K(42292K)->37662K(42292K)
[2026-10-07T18:25:31.850+0000][811.382s][info][gc,metaspace   ] GC(283) Metaspace: 75016K(75776K)->75016K(75776K) NonClass: 65630K(66048K)->65630K(66048K) Class: 9385K(9728K)->9385K(9728K)
[2026-10-07T18:25:31.850+0000][811.382s][info][gc             ] GC(283) Pause Young (Allocation Failure) 54M->37M(60M) 16.165ms
[2026-10-07T18:25:31.850+0000][811.382s][info][gc,cpu         ] GC(283) User=0.01s Sys=0.00s Real=0.01s
[2026-10-07T18:25:34.734+0000][814.266s][info][gc,start       ] GC(284) Pause Young (Allocation Failure)
[2026-10-07T18:25:34.743+0000][814.275s][info][gc,heap        ] GC(284) DefNew: 18150K(19200K)->1118K(19200K) Eden: 17088K(17088K)->0K(17088K) From: 1062K(2112K)->1118K(2112K)
[2026-10-07T18:25:34.743+0000][814.275s][info][gc,heap        ] GC(284) Tenured: 37662K(42292K)->37715K(42292K)
[2026-10-07T18:25:34.743+0000][814.275s][info][gc,metaspace   ] GC(284) Metaspace: 75022K(75776K)->75022K(75776K) NonClass: 65637K(66048K)->65637K(66048K) Class: 9385K(9728K)->9385K(9728K)
[2026-10-07T18:25:34.743+0000][814.275s][info][gc             ] GC(284) Pause Young (Allocation Failure) 54M->37M(60M) 9.007ms
[2026-10-07T18:25:34.743+0000][814.275s][info][gc,cpu         ] GC(284) User=0.00s Sys=0.00s Real=0.00s
[2026-10-07T18:25:37.830+0000][817.362s][info][gc,start       ] GC(285) Pause Young (Allocation Failure)
[2026-10-07T18:25:37.840+0000][817.372s][info][gc,heap        ] GC(285) DefNew: 18206K(19200K)->1037K(19200K) Eden: 17088K(17088K)->0K(17088K) From: 1118K(2112K)->1037K(2112K)
[2026-10-07T18:25:37.840+0000][817.372s][info][gc,heap        ] GC(285) Tenured: 37715K(42292K)->37810K(42292K)
[2026-10-07T18:25:37.840+0000][817.372s][info][gc,metaspace   ] GC(285) Metaspace: 75022K(75776K)->75022K(75776K) NonClass: 65637K(66048K)->65637K(66048K) Class: 9385K(9728K)->9385K(9728K)
[2026-10-07T18:25:37.840+0000][817.372s][info][gc             ] GC(285) Pause Young (Allocation Failure) 54M->37M(60M) 10.023ms
[2026-10-07T18:25:37.840+0000][817.372s][info][gc,cpu         ] GC(285) User=0.01s Sys=0.00s Real=0.01s
[2026-10-07T18:25:40.770+0000][820.302s][info][gc,start       ] GC(286) Pause Young (Allocation Failure)
[2026-10-07T18:25:40.778+0000][820.310s][info][gc,heap        ] GC(286) DefNew: 18125K(19200K)->1173K(19200K) Eden: 17088K(17088K)->0K(17088K) From: 1037K(2112K)->1173K(2112K)
[2026-10-07T18:25:40.778+0000][820.310s][info][gc,heap        ] GC(286) Tenured: 37810K(42292K)->37810K(42292K)
[2026-10-07T18:25:40.778+0000][820.310s][info][gc,metaspace   ] GC(286) Metaspace: 75022K(75776K)->75022K(75776K) NonClass: 65637K(66048K)->65637K(66048K) Class: 9385K(9728K)->9385K(9728K)
[2026-10-07T18:25:40.778+0000][820.310s][info][gc             ] GC(286) Pause Young (Allocation Failure) 54M->38M(60M) 8.607ms
[2026-10-07T18:25:40.778+0000][820.310s][info][gc,cpu         ] GC(286) User=0.01s Sys=0.00s Real=0.01s
[2026-10-07T18:25:43.856+0000][823.388s][info][gc,start       ] GC(287) Pause Young (Allocation Failure)
[2026-10-07T18:25:43.872+0000][823.404s][info][gc,heap        ] GC(287) DefNew: 18261K(19200K)->1055K(19200K) Eden: 17088K(17088K)->0K(17088K) From: 1173K(2112K)->1055K(2112K)
[2026-10-07T18:25:43.872+0000][823.404s][info][gc,heap        ] GC(287) Tenured: 37810K(42292K)->37945K(42292K)
[2026-10-07T18:25:43.872+0000][823.404s][info][gc,metaspace   ] GC(287) Metaspace: 75023K(75776K)->75023K(75776K) NonClass: 65637K(66048K)->65637K(66048K) Class: 9385K(9728K)->9385K(9728K)
[2026-10-07T18:25:43.872+0000][823.404s][info][gc             ] GC(287) Pause Young (Allocation Failure) 54M->38M(60M) 16.370ms
[2026-10-07T18:25:43.873+0000][823.404s][info][gc,cpu         ] GC(287) User=0.01s Sys=0.00s Real=0.01s
[2026-10-07T18:25:47.006+0000][826.538s][info][gc,start       ] GC(288) Pause Young (Allocation Failure)
[2026-10-07T18:25:47.012+0000][826.544s][info][gc,heap        ] GC(288) DefNew: 18143K(19200K)->1061K(19200K) Eden: 17088K(17088K)->0K(17088K) From: 1055K(2112K)->1061K(2112K)
[2026-10-07T18:25:47.012+0000][826.544s][info][gc,heap        ] GC(288) Tenured: 37945K(42292K)->37945K(42292K)
[2026-10-07T18:25:47.012+0000][826.544s][info][gc,metaspace   ] GC(288) Metaspace: 75024K(75776K)->75024K(75776K) NonClass: 65639K(66048K)->65639K(66048K) Class: 9385K(9728K)->9385K(9728K)
[2026-10-07T18:25:47.012+0000][826.544s][info][gc             ] GC(288) Pause Young (Allocation Failure) 54M->38M(60M) 6.243ms
[2026-10-07T18:25:47.012+0000][826.544s][info][gc,cpu         ] GC(288) User=0.01s Sys=0.00s Real=0.00s
[2026-10-07T18:25:50.086+0000][829.618s][info][gc,start       ] GC(289) Pause Young (Allocation Failure)
[2026-10-07T18:25:50.099+0000][829.631s][info][gc,heap        ] GC(289) DefNew: 18149K(19200K)->1133K(19200K) Eden: 17088K(17088K)->0K(17088K) From: 1061K(2112K)->1133K(2112K)
[2026-10-07T18:25:50.099+0000][829.631s][info][gc,heap        ] GC(289) Tenured: 37945K(42292K)->37991K(42292K)
[2026-10-07T18:25:50.099+0000][829.631s][info][gc,metaspace   ] GC(289) Metaspace: 75024K(75776K)->75024K(75776K) NonClass: 65639K(66048K)->65639K(66048K) Class: 9385K(9728K)->9385K(9728K)
[2026-10-07T18:25:50.099+0000][829.631s][info][gc             ] GC(289) Pause Young (Allocation Failure) 54M->38M(60M) 12.681ms
[2026-10-07T18:25:50.100+0000][829.632s][info][gc,cpu         ] GC(289) User=0.01s Sys=0.00s Real=0.01s
[2026-10-07T18:25:53.434+0000][832.966s][info][gc,start       ] GC(290) Pause Young (Allocation Failure)
[2026-10-07T18:25:53.444+0000][832.976s][info][gc,heap        ] GC(290) DefNew: 18221K(19200K)->1083K(19200K) Eden: 17088K(17088K)->0K(17088K) From: 1133K(2112K)->1083K(2112K)
[2026-10-07T18:25:53.444+0000][832.976s][info][gc,heap        ] GC(290) Tenured: 37991K(42292K)->38071K(42292K)
[2026-10-07T18:25:53.444+0000][832.976s][info][gc,metaspace   ] GC(290) Metaspace: 75028K(75776K)->75028K(75776K) NonClass: 65642K(66048K)->65642K(66048K) Class: 9385K(9728K)->9385K(9728K)
[2026-10-07T18:25:53.444+0000][832.976s][info][gc             ] GC(290) Pause Young (Allocation Failure) 54M->38M(60M) 9.426ms
[2026-10-07T18:25:53.444+0000][832.976s][info][gc,cpu         ] GC(290) User=0.01s Sys=0.00s Real=0.01s
[2026-10-07T18:25:56.395+0000][835.927s][info][gc,start       ] GC(291) Pause Young (Allocation Failure)
[2026-10-07T18:25:56.403+0000][835.935s][info][gc,heap        ] GC(291) DefNew: 18171K(19200K)->1097K(19200K) Eden: 17088K(17088K)->0K(17088K) From: 1083K(2112K)->1097K(2112K)
[2026-10-07T18:25:56.403+0000][835.935s][info][gc,heap        ] GC(291) Tenured: 38071K(42292K)->38126K(42292K)
[2026-10-07T18:25:56.403+0000][835.935s][info][gc,metaspace   ] GC(291) Metaspace: 75028K(75776K)->75028K(75776K) NonClass: 65642K(66048K)->65642K(66048K) Class: 9385K(9728K)->9385K(9728K)
[2026-10-07T18:25:56.403+0000][835.935s][info][gc             ] GC(291) Pause Young (Allocation Failure) 54M->38M(60M) 8.416ms
[2026-10-07T18:25:56.403+0000][835.935s][info][gc,cpu         ] GC(291) User=0.01s Sys=0.00s Real=0.00s
[2026-10-07T18:25:59.732+0000][839.264s][info][gc,start       ] GC(292) Pause Young (Allocation Failure)
[2026-10-07T18:25:59.741+0000][839.273s][info][gc,heap        ] GC(292) DefNew: 18185K(19200K)->1153K(19200K) Eden: 17088K(17088K)->0K(17088K) From: 1097K(2112K)->1153K(2112K)
[2026-10-07T18:25:59.741+0000][839.273s][info][gc,heap        ] GC(292) Tenured: 38126K(42292K)->38179K(42292K)
[2026-10-07T18:25:59.741+0000][839.273s][info][gc,metaspace   ] GC(292) Metaspace: 75028K(75776K)->75028K(75776K) NonClass: 65643K(66048K)->65643K(66048K) Class: 9385K(9728K)->9385K(9728K)
[2026-10-07T18:25:59.741+0000][839.273s][info][gc             ] GC(292) Pause Young (Allocation Failure) 54M->38M(60M) 8.480ms
[2026-10-07T18:25:59.741+0000][839.273s][info][gc,cpu         ] GC(292) User=0.01s Sys=0.00s Real=0.01s
[2026-10-07T18:26:02.879+0000][842.411s][info][gc,start       ] GC(293) Pause Young (Allocation Failure)
[2026-10-07T18:26:02.887+0000][842.419s][info][gc,heap        ] GC(293) DefNew: 18241K(19200K)->1044K(19200K) Eden: 17088K(17088K)->0K(17088K) From: 1153K(2112K)->1044K(2112K)
[2026-10-07T18:26:02.887+0000][842.419s][info][gc,heap        ] GC(293) Tenured: 38179K(42292K)->38338K(42292K)
[2026-10-07T18:26:02.887+0000][842.419s][info][gc,metaspace   ] GC(293) Metaspace: 75029K(75776K)->75029K(75776K) NonClass: 65643K(66048K)->65643K(66048K) Class: 9385K(9728K)->9385K(9728K)
[2026-10-07T18:26:02.888+0000][842.419s][info][gc             ] GC(293) Pause Young (Allocation Failure) 55M->38M(60M) 8.328ms
[2026-10-07T18:26:02.888+0000][842.420s][info][gc,cpu         ] GC(293) User=0.01s Sys=0.00s Real=0.01s
[2026-10-07T18:26:05.977+0000][845.509s][info][gc,start       ] GC(294) Pause Young (Allocation Failure)
[2026-10-07T18:26:05.991+0000][845.523s][info][gc,heap        ] GC(294) DefNew: 18132K(19200K)->1167K(19200K) Eden: 17088K(17088K)->0K(17088K) From: 1044K(2112K)->1167K(2112K)
[2026-10-07T18:26:05.991+0000][845.523s][info][gc,heap        ] GC(294) Tenured: 38338K(42292K)->38338K(42292K)
[2026-10-07T18:26:05.991+0000][845.523s][info][gc,metaspace   ] GC(294) Metaspace: 75029K(75776K)->75029K(75776K) NonClass: 65643K(66048K)->65643K(66048K) Class: 9385K(9728K)->9385K(9728K)
[2026-10-07T18:26:05.991+0000][845.523s][info][gc             ] GC(294) Pause Young (Allocation Failure) 55M->38M(60M) 14.312ms
[2026-10-07T18:26:05.991+0000][845.523s][info][gc,cpu         ] GC(294) User=0.01s Sys=0.00s Real=0.01s
[2026-10-07T18:26:09.074+0000][848.606s][info][gc,start       ] GC(295) Pause Young (Allocation Failure)
[2026-10-07T18:26:09.089+0000][848.621s][info][gc,heap        ] GC(295) DefNew: 18255K(19200K)->1132K(19200K) Eden: 17088K(17088K)->0K(17088K) From: 1167K(2112K)->1132K(2112K)
[2026-10-07T18:26:09.089+0000][848.621s][info][gc,heap        ] GC(295) Tenured: 38338K(42292K)->38450K(42292K)
[2026-10-07T18:26:09.089+0000][848.621s][info][gc,metaspace   ] GC(295) Metaspace: 75029K(75776K)->75029K(75776K) NonClass: 65643K(66048K)->65643K(66048K) Class: 9385K(9728K)->9385K(9728K)
[2026-10-07T18:26:09.093+0000][848.625s][info][gc             ] GC(295) Pause Young (Allocation Failure) 55M->38M(60M) 18.789ms
[2026-10-07T18:26:09.093+0000][848.625s][info][gc,cpu         ] GC(295) User=0.01s Sys=0.00s Real=0.01s
[2026-10-07T18:26:11.989+0000][851.521s][info][gc,start       ] GC(296) Pause Young (Allocation Failure)
[2026-10-07T18:26:12.003+0000][851.535s][info][gc,heap        ] GC(296) DefNew: 18220K(19200K)->1037K(19200K) Eden: 17088K(17088K)->0K(17088K) From: 1132K(2112K)->1037K(2112K)
[2026-10-07T18:26:12.007+0000][851.539s][info][gc,heap        ] GC(296) Tenured: 38450K(42292K)->38583K(42292K)
[2026-10-07T18:26:12.007+0000][851.539s][info][gc,metaspace   ] GC(296) Metaspace: 75029K(75776K)->75029K(75776K) NonClass: 65643K(66048K)->65643K(66048K) Class: 9385K(9728K)->9385K(9728K)
[2026-10-07T18:26:12.008+0000][851.539s][info][gc             ] GC(296) Pause Young (Allocation Failure) 55M->38M(60M) 18.130ms
[2026-10-07T18:26:12.008+0000][851.540s][info][gc,cpu         ] GC(296) User=0.00s Sys=0.00s Real=0.02s
[2026-10-07T18:26:14.845+0000][854.377s][info][gc,start       ] GC(297) Pause Young (Allocation Failure)
[2026-10-07T18:26:14.852+0000][854.384s][info][gc,heap        ] GC(297) DefNew: 18125K(19200K)->1176K(19200K) Eden: 17088K(17088K)->0K(17088K) From: 1037K(2112K)->1176K(2112K)
[2026-10-07T18:26:14.853+0000][854.385s][info][gc,heap        ] GC(297) Tenured: 38583K(42292K)->38583K(42292K)
[2026-10-07T18:26:14.853+0000][854.385s][info][gc,metaspace   ] GC(297) Metaspace: 75029K(75776K)->75029K(75776K) NonClass: 65643K(66048K)->65643K(66048K) Class: 9385K(9728K)->9385K(9728K)
[2026-10-07T18:26:14.853+0000][854.385s][info][gc             ] GC(297) Pause Young (Allocation Failure) 55M->38M(60M) 7.544ms
[2026-10-07T18:26:14.853+0000][854.385s][info][gc,cpu         ] GC(297) User=0.00s Sys=0.00s Real=0.00s
[2026-10-07T18:26:17.903+0000][857.434s][info][gc,start       ] GC(298) Pause Young (Allocation Failure)
[2026-10-07T18:26:17.910+0000][857.442s][info][gc,heap        ] GC(298) DefNew: 18264K(19200K)->1043K(19200K) Eden: 17088K(17088K)->0K(17088K) From: 1176K(2112K)->1043K(2112K)
[2026-10-07T18:26:17.911+0000][857.442s][info][gc,heap        ] GC(298) Tenured: 38583K(42292K)->38709K(42292K)
[2026-10-07T18:26:17.911+0000][857.442s][info][gc,metaspace   ] GC(298) Metaspace: 75031K(75776K)->75031K(75776K) NonClass: 65646K(66048K)->65646K(66048K) Class: 9385K(9728K)->9385K(9728K)
[2026-10-07T18:26:17.911+0000][857.443s][info][gc             ] GC(298) Pause Young (Allocation Failure) 55M->38M(60M) 8.075ms
[2026-10-07T18:26:17.911+0000][857.443s][info][gc,cpu         ] GC(298) User=0.01s Sys=0.00s Real=0.01s
[2026-10-07T18:26:20.831+0000][860.363s][info][gc,start       ] GC(299) Pause Young (Allocation Failure)
[2026-10-07T18:26:20.856+0000][860.388s][info][gc,heap        ] GC(299) DefNew: 18131K(19200K)->1140K(19200K) Eden: 17088K(17088K)->0K(17088K) From: 1043K(2112K)->1140K(2112K)
[2026-10-07T18:26:20.856+0000][860.388s][info][gc,heap        ] GC(299) Tenured: 38709K(42292K)->38709K(42292K)
[2026-10-07T18:26:20.856+0000][860.388s][info][gc,metaspace   ] GC(299) Metaspace: 75052K(75776K)->75052K(75776K) NonClass: 65666K(66048K)->65666K(66048K) Class: 9385K(9728K)->9385K(9728K)
[2026-10-07T18:26:20.856+0000][860.388s][info][gc             ] GC(299) Pause Young (Allocation Failure) 55M->38M(60M) 25.096ms
[2026-10-07T18:26:20.856+0000][860.388s][info][gc,cpu         ] GC(299) User=0.01s Sys=0.00s Real=0.03s
[2026-10-07T18:26:24.103+0000][863.635s][info][gc,start       ] GC(300) Pause Young (Allocation Failure)
[2026-10-07T18:26:24.113+0000][863.645s][info][gc,heap        ] GC(300) DefNew: 18228K(19200K)->1040K(19200K) Eden: 17088K(17088K)->0K(17088K) From: 1140K(2112K)->1040K(2112K)
[2026-10-07T18:26:24.113+0000][863.645s][info][gc,heap        ] GC(300) Tenured: 38709K(42292K)->38855K(42292K)
[2026-10-07T18:26:24.113+0000][863.645s][info][gc,metaspace   ] GC(300) Metaspace: 75052K(75776K)->75052K(75776K) NonClass: 65666K(66048K)->65666K(66048K) Class: 9385K(9728K)->9385K(9728K)
[2026-10-07T18:26:24.113+0000][863.645s][info][gc             ] GC(300) Pause Young (Allocation Failure) 55M->38M(60M) 10.162ms
[2026-10-07T18:26:24.113+0000][863.645s][info][gc,cpu         ] GC(300) User=0.01s Sys=0.00s Real=0.01s
[2026-10-07T18:26:27.115+0000][866.647s][info][gc,start       ] GC(301) Pause Young (Allocation Failure)
[2026-10-07T18:26:27.126+0000][866.658s][info][gc,heap        ] GC(301) DefNew: 18128K(19200K)->1081K(19200K) Eden: 17088K(17088K)->0K(17088K) From: 1040K(2112K)->1081K(2112K)
[2026-10-07T18:26:27.126+0000][866.658s][info][gc,heap        ] GC(301) Tenured: 38855K(42292K)->38855K(42292K)
[2026-10-07T18:26:27.127+0000][866.658s][info][gc,metaspace   ] GC(301) Metaspace: 75052K(75776K)->75052K(75776K) NonClass: 65667K(66048K)->65667K(66048K) Class: 9385K(9728K)->9385K(9728K)
[2026-10-07T18:26:27.127+0000][866.659s][info][gc             ] GC(301) Pause Young (Allocation Failure) 55M->39M(60M) 11.422ms
[2026-10-07T18:26:27.127+0000][866.659s][info][gc,cpu         ] GC(301) User=0.00s Sys=0.00s Real=0.01s
[2026-10-07T18:26:30.219+0000][869.751s][info][gc,start       ] GC(302) Pause Young (Allocation Failure)
[2026-10-07T18:26:30.228+0000][869.760s][info][gc,heap        ] GC(302) DefNew: 18169K(19200K)->1108K(19200K) Eden: 17088K(17088K)->0K(17088K) From: 1081K(2112K)->1108K(2112K)
[2026-10-07T18:26:30.228+0000][869.760s][info][gc,heap        ] GC(302) Tenured: 38855K(42292K)->38930K(42292K)
[2026-10-07T18:26:30.228+0000][869.760s][info][gc,metaspace   ] GC(302) Metaspace: 75053K(75776K)->75053K(75776K) NonClass: 65667K(66048K)->65667K(66048K) Class: 9385K(9728K)->9385K(9728K)
[2026-10-07T18:26:30.228+0000][869.760s][info][gc             ] GC(302) Pause Young (Allocation Failure) 55M->39M(60M) 8.878ms
[2026-10-07T18:26:30.228+0000][869.760s][info][gc,cpu         ] GC(302) User=0.01s Sys=0.00s Real=0.01s
[2026-10-07T18:26:33.448+0000][872.980s][info][gc,start       ] GC(303) Pause Young (Allocation Failure)
[2026-10-07T18:26:33.455+0000][872.987s][info][gc,heap        ] GC(303) DefNew: 18196K(19200K)->1033K(19200K) Eden: 17088K(17088K)->0K(17088K) From: 1108K(2112K)->1033K(2112K)
[2026-10-07T18:26:33.455+0000][872.987s][info][gc,heap        ] GC(303) Tenured: 38930K(42292K)->39036K(42292K)
[2026-10-07T18:26:33.455+0000][872.987s][info][gc,metaspace   ] GC(303) Metaspace: 75053K(75776K)->75053K(75776K) NonClass: 65667K(66048K)->65667K(66048K) Class: 9385K(9728K)->9385K(9728K)
[2026-10-07T18:26:33.455+0000][872.987s][info][gc             ] GC(303) Pause Young (Allocation Failure) 55M->39M(60M) 7.551ms
[2026-10-07T18:26:33.455+0000][872.987s][info][gc,cpu         ] GC(303) User=0.00s Sys=0.00s Real=0.01s
[2026-10-07T18:26:36.424+0000][875.956s][info][gc,start       ] GC(304) Pause Young (Allocation Failure)
[2026-10-07T18:26:36.438+0000][875.970s][info][gc,heap        ] GC(304) DefNew: 18121K(19200K)->1113K(19200K) Eden: 17088K(17088K)->0K(17088K) From: 1033K(2112K)->1113K(2112K)
[2026-10-07T18:26:36.438+0000][875.970s][info][gc,heap        ] GC(304) Tenured: 39036K(42292K)->39036K(42292K)
[2026-10-07T18:26:36.438+0000][875.970s][info][gc,metaspace   ] GC(304) Metaspace: 75056K(75840K)->75056K(75840K) NonClass: 65671K(66112K)->65671K(66112K) Class: 9385K(9728K)->9385K(9728K)
[2026-10-07T18:26:36.438+0000][875.970s][info][gc             ] GC(304) Pause Young (Allocation Failure) 55M->39M(60M) 13.579ms
[2026-10-07T18:26:36.438+0000][875.970s][info][gc,cpu         ] GC(304) User=0.01s Sys=0.00s Real=0.01s
[2026-10-07T18:26:39.612+0000][879.144s][info][gc,start       ] GC(305) Pause Young (Allocation Failure)
[2026-10-07T18:26:39.620+0000][879.152s][info][gc,heap        ] GC(305) DefNew: 18201K(19200K)->1206K(19200K) Eden: 17088K(17088K)->0K(17088K) From: 1113K(2112K)->1206K(2112K)
[2026-10-07T18:26:39.620+0000][879.152s][info][gc,heap        ] GC(305) Tenured: 39036K(42292K)->39095K(42292K)
[2026-10-07T18:26:39.620+0000][879.152s][info][gc,metaspace   ] GC(305) Metaspace: 75056K(75840K)->75056K(75840K) NonClass: 65671K(66112K)->65671K(66112K) Class: 9385K(9728K)->9385K(9728K)
[2026-10-07T18:26:39.620+0000][879.152s][info][gc             ] GC(305) Pause Young (Allocation Failure) 55M->39M(60M) 8.070ms
[2026-10-07T18:26:39.620+0000][879.152s][info][gc,cpu         ] GC(305) User=0.00s Sys=0.00s Real=0.01s
[2026-10-07T18:26:42.462+0000][881.994s][info][gc,start       ] GC(306) Pause Young (Allocation Failure)
[2026-10-07T18:26:42.475+0000][882.007s][info][gc,heap        ] GC(306) DefNew: 18294K(19200K)->1047K(19200K) Eden: 17088K(17088K)->0K(17088K) From: 1206K(2112K)->1047K(2112K)
[2026-10-07T18:26:42.475+0000][882.007s][info][gc,heap        ] GC(306) Tenured: 39095K(42292K)->39289K(42292K)
[2026-10-07T18:26:42.475+0000][882.007s][info][gc,metaspace   ] GC(306) Metaspace: 75056K(75840K)->75056K(75840K) NonClass: 65671K(66112K)->65671K(66112K) Class: 9385K(9728K)->9385K(9728K)
[2026-10-07T18:26:42.475+0000][882.007s][info][gc             ] GC(306) Pause Young (Allocation Failure) 56M->39M(60M) 13.317ms
[2026-10-07T18:26:42.475+0000][882.007s][info][gc,cpu         ] GC(306) User=0.01s Sys=0.00s Real=0.02s
[2026-10-07T18:26:45.401+0000][884.933s][info][gc,start       ] GC(307) Pause Young (Allocation Failure)
[2026-10-07T18:26:45.408+0000][884.940s][info][gc,heap        ] GC(307) DefNew: 18135K(19200K)->1150K(19200K) Eden: 17088K(17088K)->0K(17088K) From: 1047K(2112K)->1150K(2112K)
[2026-10-07T18:26:45.409+0000][884.941s][info][gc,heap        ] GC(307) Tenured: 39289K(42292K)->39289K(42292K)
[2026-10-07T18:26:45.409+0000][884.941s][info][gc,metaspace   ] GC(307) Metaspace: 75057K(75840K)->75057K(75840K) NonClass: 65671K(66112K)->65671K(66112K) Class: 9385K(9728K)->9385K(9728K)
[2026-10-07T18:26:45.409+0000][884.941s][info][gc             ] GC(307) Pause Young (Allocation Failure) 56M->39M(60M) 7.595ms
[2026-10-07T18:26:45.409+0000][884.941s][info][gc,cpu         ] GC(307) User=0.01s Sys=0.00s Real=0.01s
[2026-10-07T18:26:48.580+0000][888.112s][info][gc,start       ] GC(308) Pause Young (Allocation Failure)
[2026-10-07T18:26:48.590+0000][888.122s][info][gc,heap        ] GC(308) DefNew: 18238K(19200K)->1110K(19200K) Eden: 17088K(17088K)->0K(17088K) From: 1150K(2112K)->1110K(2112K)
[2026-10-07T18:26:48.590+0000][888.122s][info][gc,heap        ] GC(308) Tenured: 39289K(42292K)->39428K(42292K)
[2026-10-07T18:26:48.590+0000][888.122s][info][gc,metaspace   ] GC(308) Metaspace: 75061K(75840K)->75061K(75840K) NonClass: 65673K(66112K)->65673K(66112K) Class: 9387K(9728K)->9387K(9728K)
[2026-10-07T18:26:48.590+0000][888.122s][info][gc             ] GC(308) Pause Young (Allocation Failure) 56M->39M(60M) 10.260ms
[2026-10-07T18:26:48.590+0000][888.122s][info][gc,cpu         ] GC(308) User=0.01s Sys=0.00s Real=0.01s
[2026-10-07T18:26:51.457+0000][890.989s][info][gc,start       ] GC(309) Pause Young (Allocation Failure)
[2026-10-07T18:26:51.467+0000][890.999s][info][gc,heap        ] GC(309) DefNew: 18198K(19200K)->1048K(19200K) Eden: 17088K(17088K)->0K(17088K) From: 1110K(2112K)->1048K(2112K)
[2026-10-07T18:26:51.467+0000][890.999s][info][gc,heap        ] GC(309) Tenured: 39428K(42292K)->39488K(42292K)
[2026-10-07T18:26:51.467+0000][890.999s][info][gc,metaspace   ] GC(309) Metaspace: 75069K(75840K)->75069K(75840K) NonClass: 65681K(66112K)->65681K(66112K) Class: 9387K(9728K)->9387K(9728K)
[2026-10-07T18:26:51.467+0000][890.999s][info][gc             ] GC(309) Pause Young (Allocation Failure) 56M->39M(60M) 9.892ms
[2026-10-07T18:26:51.467+0000][890.999s][info][gc,cpu         ] GC(309) User=0.01s Sys=0.00s Real=0.01s
[2026-10-07T18:26:54.631+0000][894.163s][info][gc,start       ] GC(310) Pause Young (Allocation Failure)
[2026-10-07T18:26:54.640+0000][894.172s][info][gc,heap        ] GC(310) DefNew: 18136K(19200K)->1175K(19200K) Eden: 17088K(17088K)->0K(17088K) From: 1048K(2112K)->1175K(2112K)
[2026-10-07T18:26:54.640+0000][894.172s][info][gc,heap        ] GC(310) Tenured: 39488K(42292K)->39488K(42292K)
[2026-10-07T18:26:54.640+0000][894.172s][info][gc,metaspace   ] GC(310) Metaspace: 75069K(75840K)->75069K(75840K) NonClass: 65681K(66112K)->65681K(66112K) Class: 9387K(9728K)->9387K(9728K)
[2026-10-07T18:26:54.640+0000][894.172s][info][gc             ] GC(310) Pause Young (Allocation Failure) 56M->39M(60M) 9.328ms
[2026-10-07T18:26:54.641+0000][894.173s][info][gc,cpu         ] GC(310) User=0.01s Sys=0.00s Real=0.01s
[2026-10-07T18:26:57.787+0000][897.319s][info][gc,start       ] GC(311) Pause Young (Allocation Failure)
[2026-10-07T18:26:57.797+0000][897.329s][info][gc,heap        ] GC(311) DefNew: 18263K(19200K)->1010K(19200K) Eden: 17088K(17088K)->0K(17088K) From: 1175K(2112K)->1010K(2112K)
[2026-10-07T18:26:57.797+0000][897.329s][info][gc,heap        ] GC(311) Tenured: 39488K(42292K)->39725K(42292K)
[2026-10-07T18:26:57.797+0000][897.329s][info][gc,metaspace   ] GC(311) Metaspace: 75075K(75840K)->75075K(75840K) NonClass: 65688K(66112K)->65688K(66112K) Class: 9387K(9728K)->9387K(9728K)
[2026-10-07T18:26:57.797+0000][897.329s][info][gc             ] GC(311) Pause Young (Allocation Failure) 56M->39M(60M) 9.366ms
[2026-10-07T18:26:57.797+0000][897.329s][info][gc,cpu         ] GC(311) User=0.01s Sys=0.00s Real=0.01s
[2026-10-07T18:27:00.878+0000][900.410s][info][gc,start       ] GC(312) Pause Young (Allocation Failure)
[2026-10-07T18:27:00.887+0000][900.419s][info][gc,heap        ] GC(312) DefNew: 18098K(19200K)->1117K(19200K) Eden: 17088K(17088K)->0K(17088K) From: 1010K(2112K)->1117K(2112K)
[2026-10-07T18:27:00.887+0000][900.419s][info][gc,heap        ] GC(312) Tenured: 39725K(42292K)->39725K(42292K)
[2026-10-07T18:27:00.887+0000][900.419s][info][gc,metaspace   ] GC(312) Metaspace: 75082K(75840K)->75082K(75840K) NonClass: 65694K(66112K)->65694K(66112K) Class: 9387K(9728K)->9387K(9728K)
[2026-10-07T18:27:00.887+0000][900.419s][info][gc             ] GC(312) Pause Young (Allocation Failure) 56M->39M(60M) 8.884ms
[2026-10-07T18:27:00.888+0000][900.420s][info][gc,cpu         ] GC(312) User=0.00s Sys=0.00s Real=0.01s
