[2026-10-07T19:01:54.915+0000][180.086s][info][gc,start       ] GC(56) Pause Young (Allocation Failure)
[2026-10-07T19:01:54.926+0000][180.097s][info][gc,heap        ] GC(56) DefNew: 10933K(11648K)->653K(11648K) Eden: 10368K(10368K)->0K(10368K) From: 565K(1280K)->653K(1280K)
[2026-10-07T19:01:54.927+0000][180.097s][info][gc,heap        ] GC(56) Tenured: 18402K(25632K)->18402K(25632K)
[2026-10-07T19:01:54.927+0000][180.097s][info][gc,metaspace   ] GC(56) Metaspace: 72196K(72960K)->72196K(72960K) NonClass: 62941K(63360K)->62941K(63360K) Class: 9255K(9600K)->9255K(9600K)
[2026-10-07T19:01:54.927+0000][180.097s][info][gc             ] GC(56) Pause Young (Allocation Failure) 28M->18M(36M) 11.507ms
[2026-10-07T19:01:54.927+0000][180.097s][info][gc,cpu         ] GC(56) User=0.00s Sys=0.00s Real=0.01s
[2026-10-07T19:01:56.007+0000][181.178s][info][gc,start       ] GC(57) Pause Young (Allocation Failure)
[2026-10-07T19:01:56.018+0000][181.188s][info][gc,heap        ] GC(57) DefNew: 11021K(11648K)->1279K(11648K) Eden: 10368K(10368K)->0K(10368K) From: 653K(1280K)->1279K(1280K)
[2026-10-07T19:01:56.018+0000][181.188s][info][gc,heap        ] GC(57) Tenured: 18402K(25632K)->18541K(25632K)
[2026-10-07T19:01:56.018+0000][181.188s][info][gc,metaspace   ] GC(57) Metaspace: 72962K(73728K)->72962K(73728K) NonClass: 63603K(64000K)->63603K(64000K) Class: 9358K(9728K)->9358K(9728K)
[2026-10-07T19:01:56.018+0000][181.188s][info][gc             ] GC(57) Pause Young (Allocation Failure) 28M->19M(36M) 10.300ms
[2026-10-07T19:01:56.018+0000][181.188s][info][gc,cpu         ] GC(57) User=0.01s Sys=0.00s Real=0.01s
[2026-10-07T19:01:57.358+0000][182.528s][info][gc,start       ] GC(58) Pause Young (Allocation Failure)
[2026-10-07T19:01:57.370+0000][182.540s][info][gc,heap        ] GC(58) DefNew: 11647K(11648K)->964K(11648K) Eden: 10368K(10368K)->0K(10368K) From: 1279K(1280K)->964K(1280K)
[2026-10-07T19:01:57.370+0000][182.540s][info][gc,heap        ] GC(58) Tenured: 18541K(25632K)->19690K(25632K)
[2026-10-07T19:01:57.370+0000][182.540s][info][gc,metaspace   ] GC(58) Metaspace: 73080K(73856K)->73080K(73856K) NonClass: 63720K(64128K)->63720K(64128K) Class: 9359K(9728K)->9359K(9728K)
[2026-10-07T19:01:57.370+0000][182.540s][info][gc             ] GC(58) Pause Young (Allocation Failure) 29M->20M(36M) 12.482ms
[2026-10-07T19:01:57.370+0000][182.541s][info][gc,cpu         ] GC(58) User=0.01s Sys=0.00s Real=0.01s
[2026-10-07T19:01:58.889+0000][184.059s][info][gc,start       ] GC(59) Pause Young (Allocation Failure)
[2026-10-07T19:01:58.910+0000][184.081s][info][gc,heap        ] GC(59) DefNew: 11332K(11648K)->1000K(11648K) Eden: 10368K(10368K)->0K(10368K) From: 964K(1280K)->1000K(1280K)
[2026-10-07T19:01:58.910+0000][184.081s][info][gc,heap        ] GC(59) Tenured: 19690K(25632K)->20479K(25632K)
[2026-10-07T19:01:58.910+0000][184.081s][info][gc,metaspace   ] GC(59) Metaspace: 73200K(73984K)->73200K(73984K) NonClass: 63839K(64256K)->63839K(64256K) Class: 9360K(9728K)->9360K(9728K)
[2026-10-07T19:01:58.910+0000][184.081s][info][gc             ] GC(59) Pause Young (Allocation Failure) 30M->20M(36M) 21.829ms
[2026-10-07T19:01:58.910+0000][184.081s][info][gc,cpu         ] GC(59) User=0.02s Sys=0.00s Real=0.02s
[2026-10-07T19:02:00.241+0000][185.411s][info][gc,start       ] GC(60) Pause Young (Allocation Failure)
[2026-10-07T19:02:00.260+0000][185.431s][info][gc,heap        ] GC(60) DefNew: 11368K(11648K)->846K(11648K) Eden: 10368K(10368K)->0K(10368K) From: 1000K(1280K)->846K(1280K)
[2026-10-07T19:02:00.261+0000][185.432s][info][gc,heap        ] GC(60) Tenured: 20479K(25632K)->21267K(25632K)
[2026-10-07T19:02:00.264+0000][185.434s][info][gc,metaspace   ] GC(60) Metaspace: 73288K(74112K)->73288K(74112K) NonClass: 63926K(64384K)->63926K(64384K) Class: 9361K(9728K)->9361K(9728K)
[2026-10-07T19:02:00.264+0000][185.434s][info][gc             ] GC(60) Pause Young (Allocation Failure) 31M->21M(36M) 22.957ms
[2026-10-07T19:02:00.264+0000][185.434s][info][gc,cpu         ] GC(60) User=0.03s Sys=0.00s Real=0.03s
[2026-10-07T19:02:01.973+0000][187.143s][info][gc,start       ] GC(61) Pause Young (Allocation Failure)
[2026-10-07T19:02:01.980+0000][187.150s][info][gc,heap        ] GC(61) DefNew: 11214K(11648K)->511K(11648K) Eden: 10368K(10368K)->0K(10368K) From: 846K(1280K)->511K(1280K)
[2026-10-07T19:02:01.980+0000][187.150s][info][gc,heap        ] GC(61) Tenured: 21267K(25632K)->21929K(25632K)
[2026-10-07T19:02:01.980+0000][187.150s][info][gc,metaspace   ] GC(61) Metaspace: 73306K(74112K)->73306K(74112K) NonClass: 63945K(64384K)->63945K(64384K) Class: 9361K(9728K)->9361K(9728K)
[2026-10-07T19:02:01.980+0000][187.150s][info][gc             ] GC(61) Pause Young (Allocation Failure) 31M->21M(36M) 7.089ms
[2026-10-07T19:02:01.980+0000][187.150s][info][gc,cpu         ] GC(61) User=0.01s Sys=0.00s Real=0.01s
[2026-10-07T19:02:03.731+0000][188.902s][info][gc,start       ] GC(62) Pause Young (Allocation Failure)
[2026-10-07T19:02:03.738+0000][188.909s][info][gc,heap        ] GC(62) DefNew: 10879K(11648K)->872K(11648K) Eden: 10368K(10368K)->0K(10368K) From: 511K(1280K)->872K(1280K)
[2026-10-07T19:02:03.738+0000][188.909s][info][gc,heap        ] GC(62) Tenured: 21929K(25632K)->21929K(25632K)
[2026-10-07T19:02:03.738+0000][188.909s][info][gc,metaspace   ] GC(62) Metaspace: 73363K(74176K)->73363K(74176K) NonClass: 64001K(64448K)->64001K(64448K) Class: 9361K(9728K)->9361K(9728K)
[2026-10-07T19:02:03.738+0000][188.909s][info][gc             ] GC(62) Pause Young (Allocation Failure) 32M->22M(36M) 7.070ms
[2026-10-07T19:02:03.739+0000][188.909s][info][gc,cpu         ] GC(62) User=0.00s Sys=0.00s Real=0.01s
[2026-10-07T19:02:05.547+0000][190.717s][info][gc,start       ] GC(63) Pause Young (Allocation Failure)
[2026-10-07T19:02:05.559+0000][190.730s][info][gc,heap        ] GC(63) DefNew: 11240K(11648K)->1001K(11648K) Eden: 10368K(10368K)->0K(10368K) From: 872K(1280K)->1001K(1280K)
[2026-10-07T19:02:05.559+0000][190.730s][info][gc,heap        ] GC(63) Tenured: 21929K(25632K)->22188K(25632K)
[2026-10-07T19:02:05.559+0000][190.730s][info][gc,metaspace   ] GC(63) Metaspace: 73410K(74240K)->73410K(74240K) NonClass: 64047K(64512K)->64047K(64512K) Class: 9362K(9728K)->9362K(9728K)
[2026-10-07T19:02:05.560+0000][190.730s][info][gc             ] GC(63) Pause Young (Allocation Failure) 32M->22M(36M) 12.701ms
[2026-10-07T19:02:05.560+0000][190.730s][info][gc,cpu         ] GC(63) User=0.00s Sys=0.00s Real=0.01s
[2026-10-07T19:02:07.401+0000][192.571s][info][gc,start       ] GC(64) Pause Young (Allocation Failure)
[2026-10-07T19:02:07.412+0000][192.582s][info][gc,heap        ] GC(64) DefNew: 11369K(11648K)->865K(11648K) Eden: 10368K(10368K)->0K(10368K) From: 1001K(1280K)->865K(1280K)
[2026-10-07T19:02:07.412+0000][192.582s][info][gc,heap        ] GC(64) Tenured: 22188K(25632K)->22560K(25632K)
[2026-10-07T19:02:07.412+0000][192.582s][info][gc,metaspace   ] GC(64) Metaspace: 73425K(74240K)->73425K(74240K) NonClass: 64062K(64512K)->64062K(64512K) Class: 9362K(9728K)->9362K(9728K)
[2026-10-07T19:02:07.412+0000][192.582s][info][gc             ] GC(64) Pause Young (Allocation Failure) 32M->22M(36M) 10.909ms
[2026-10-07T19:02:07.412+0000][192.582s][info][gc,cpu         ] GC(64) User=0.01s Sys=0.00s Real=0.01s
[2026-10-07T19:02:09.198+0000][194.368s][info][gc,start       ] GC(65) Pause Young (Allocation Failure)
[2026-10-07T19:02:09.209+0000][194.379s][info][gc,heap        ] GC(65) DefNew: 11227K(11648K)->813K(11648K) Eden: 10362K(10368K)->0K(10368K) From: 865K(1280K)->813K(1280K)
[2026-10-07T19:02:09.209+0000][194.379s][info][gc,heap        ] GC(65) Tenured: 22560K(25632K)->22924K(25632K)
[2026-10-07T19:02:09.209+0000][194.379s][info][gc,metaspace   ] GC(65) Metaspace: 73446K(74240K)->73446K(74240K) NonClass: 64083K(64512K)->64083K(64512K) Class: 9363K(9728K)->9363K(9728K)
[2026-10-07T19:02:09.209+0000][194.379s][info][gc             ] GC(65) Pause Young (Allocation Failure) 32M->23M(36M) 11.144ms
[2026-10-07T19:02:09.209+0000][194.379s][info][gc,cpu         ] GC(65) User=0.01s Sys=0.00s Real=0.01s
[2026-10-07T19:02:10.943+0000][196.113s][info][gc,start       ] GC(66) Pause Young (Allocation Failure)
[2026-10-07T19:02:10.950+0000][196.120s][info][gc,heap        ] GC(66) DefNew: 11181K(11648K)->603K(11648K) Eden: 10368K(10368K)->0K(10368K) From: 813K(1280K)->603K(1280K)
[2026-10-07T19:02:10.950+0000][196.120s][info][gc,heap        ] GC(66) Tenured: 22924K(25632K)->23132K(25632K)
[2026-10-07T19:02:10.950+0000][196.120s][info][gc,metaspace   ] GC(66) Metaspace: 73477K(74304K)->73477K(74304K) NonClass: 64113K(64576K)->64113K(64576K) Class: 9363K(9728K)->9363K(9728K)
[2026-10-07T19:02:10.951+0000][196.121s][info][gc             ] GC(66) Pause Young (Allocation Failure) 33M->23M(36M) 7.780ms
[2026-10-07T19:02:10.951+0000][196.121s][info][gc,cpu         ] GC(66) User=0.01s Sys=0.00s Real=0.01s
[2026-10-07T19:02:12.748+0000][197.918s][info][gc,start       ] GC(67) Pause Young (Allocation Failure)
[2026-10-07T19:02:12.758+0000][197.928s][info][gc,heap        ] GC(67) DefNew: 10971K(11648K)->733K(11648K) Eden: 10368K(10368K)->0K(10368K) From: 603K(1280K)->733K(1280K)
[2026-10-07T19:02:12.758+0000][197.928s][info][gc,heap        ] GC(67) Tenured: 23132K(25632K)->23132K(25632K)
[2026-10-07T19:02:12.758+0000][197.928s][info][gc,metaspace   ] GC(67) Metaspace: 73501K(74304K)->73501K(74304K) NonClass: 64137K(64576K)->64137K(64576K) Class: 9364K(9728K)->9364K(9728K)
[2026-10-07T19:02:12.759+0000][197.929s][info][gc             ] GC(67) Pause Young (Allocation Failure) 33M->23M(36M) 9.834ms
[2026-10-07T19:02:12.759+0000][197.929s][info][gc,cpu         ] GC(67) User=0.02s Sys=0.00s Real=0.01s
[2026-10-07T19:02:14.317+0000][199.487s][info][gc,start       ] GC(68) Pause Young (Allocation Failure)
[2026-10-07T19:02:14.324+0000][199.494s][info][gc,heap        ] GC(68) DefNew: 11101K(11648K)->707K(11648K) Eden: 10368K(10368K)->0K(10368K) From: 733K(1280K)->707K(1280K)
[2026-10-07T19:02:14.324+0000][199.495s][info][gc,heap        ] GC(68) Tenured: 23132K(25632K)->23297K(25632K)
[2026-10-07T19:02:14.324+0000][199.495s][info][gc,metaspace   ] GC(68) Metaspace: 73551K(74368K)->73551K(74368K) NonClass: 64187K(64640K)->64187K(64640K) Class: 9364K(9728K)->9364K(9728K)
[2026-10-07T19:02:14.324+0000][199.495s][info][gc             ] GC(68) Pause Young (Allocation Failure) 33M->23M(36M) 7.464ms
[2026-10-07T19:02:14.324+0000][199.495s][info][gc,cpu         ] GC(68) User=0.01s Sys=0.00s Real=0.01s
[2026-10-07T19:02:16.268+0000][201.438s][info][gc,start       ] GC(69) Pause Young (Allocation Failure)
[2026-10-07T19:02:16.278+0000][201.448s][info][gc,heap        ] GC(69) DefNew: 11075K(11648K)->661K(11648K) Eden: 10368K(10368K)->0K(10368K) From: 707K(1280K)->661K(1280K)
[2026-10-07T19:02:16.280+0000][201.450s][info][gc,heap        ] GC(69) Tenured: 23297K(25632K)->23474K(25632K)
[2026-10-07T19:02:16.280+0000][201.450s][info][gc,metaspace   ] GC(69) Metaspace: 73561K(74368K)->73561K(74368K) NonClass: 64197K(64640K)->64197K(64640K) Class: 9364K(9728K)->9364K(9728K)
[2026-10-07T19:02:16.280+0000][201.450s][info][gc             ] GC(69) Pause Young (Allocation Failure) 33M->23M(36M) 12.222ms
[2026-10-07T19:02:16.280+0000][201.450s][info][gc,cpu         ] GC(69) User=0.01s Sys=0.00s Real=0.01s
[2026-10-07T19:02:18.216+0000][203.386s][info][gc,start       ] GC(70) Pause Young (Allocation Failure)
[2026-10-07T19:02:18.222+0000][203.392s][info][gc,heap        ] GC(70) DefNew: 11029K(11648K)->654K(11648K) Eden: 10368K(10368K)->0K(10368K) From: 661K(1280K)->654K(1280K)
[2026-10-07T19:02:18.222+0000][203.392s][info][gc,heap        ] GC(70) Tenured: 23474K(25632K)->23558K(25632K)
[2026-10-07T19:02:18.222+0000][203.392s][info][gc,metaspace   ] GC(70) Metaspace: 73569K(74368K)->73569K(74368K) NonClass: 64205K(64640K)->64205K(64640K) Class: 9364K(9728K)->9364K(9728K)
[2026-10-07T19:02:18.222+0000][203.393s][info][gc             ] GC(70) Pause Young (Allocation Failure) 33M->23M(36M) 6.492ms
[2026-10-07T19:02:18.222+0000][203.393s][info][gc,cpu         ] GC(70) User=0.01s Sys=0.00s Real=0.00s
[2026-10-07T19:02:20.031+0000][205.202s][info][gc,start       ] GC(71) Pause Young (Allocation Failure)
[2026-10-07T19:02:20.038+0000][205.208s][info][gc,heap        ] GC(71) DefNew: 11022K(11648K)->509K(11648K) Eden: 10368K(10368K)->0K(10368K) From: 654K(1280K)->509K(1280K)
[2026-10-07T19:02:20.038+0000][205.208s][info][gc,heap        ] GC(71) Tenured: 23558K(25632K)->23787K(25632K)
[2026-10-07T19:02:20.038+0000][205.208s][info][gc,metaspace   ] GC(71) Metaspace: 73615K(74368K)->73615K(74368K) NonClass: 64251K(64640K)->64251K(64640K) Class: 9364K(9728K)->9364K(9728K)
[2026-10-07T19:02:20.038+0000][205.208s][info][gc             ] GC(71) Pause Young (Allocation Failure) 33M->23M(36M) 6.540ms
[2026-10-07T19:02:20.038+0000][205.208s][info][gc,cpu         ] GC(71) User=0.01s Sys=0.00s Real=0.01s
[2026-10-07T19:02:21.909+0000][207.079s][info][gc,start       ] GC(72) Pause Young (Allocation Failure)
[2026-10-07T19:02:21.916+0000][207.086s][info][gc,heap        ] GC(72) DefNew: 10877K(11648K)->616K(11648K) Eden: 10368K(10368K)->0K(10368K) From: 509K(1280K)->616K(1280K)
[2026-10-07T19:02:21.916+0000][207.086s][info][gc,heap        ] GC(72) Tenured: 23787K(25632K)->23787K(25632K)
[2026-10-07T19:02:21.916+0000][207.086s][info][gc,metaspace   ] GC(72) Metaspace: 73683K(74496K)->73683K(74496K) NonClass: 64319K(64768K)->64319K(64768K) Class: 9364K(9728K)->9364K(9728K)
[2026-10-07T19:02:21.916+0000][207.087s][info][gc             ] GC(72) Pause Young (Allocation Failure) 33M->23M(36M) 7.337ms
[2026-10-07T19:02:21.917+0000][207.087s][info][gc,cpu         ] GC(72) User=0.00s Sys=0.00s Real=0.01s
[2026-10-07T19:02:23.881+0000][209.051s][info][gc,start       ] GC(73) Pause Young (Allocation Failure)
[2026-10-07T19:02:23.887+0000][209.058s][info][gc,heap        ] GC(73) DefNew: 10984K(11648K)->740K(11648K) Eden: 10368K(10368K)->0K(10368K) From: 616K(1280K)->740K(1280K)
[2026-10-07T19:02:23.887+0000][209.058s][info][gc,heap        ] GC(73) Tenured: 23787K(25632K)->23787K(25632K)
[2026-10-07T19:02:23.887+0000][209.058s][info][gc,metaspace   ] GC(73) Metaspace: 73686K(74496K)->73686K(74496K) NonClass: 64322K(64768K)->64322K(64768K) Class: 9364K(9728K)->9364K(9728K)
[2026-10-07T19:02:23.888+0000][209.058s][info][gc             ] GC(73) Pause Young (Allocation Failure) 33M->23M(36M) 6.740ms
[2026-10-07T19:02:23.888+0000][209.058s][info][gc,cpu         ] GC(73) User=0.01s Sys=0.00s Real=0.01s
[2026-10-07T19:02:25.648+0000][210.819s][info][gc,start       ] GC(74) Pause Young (Allocation Failure)
[2026-10-07T19:02:25.657+0000][210.827s][info][gc,heap        ] GC(74) DefNew: 11108K(11648K)->622K(11648K) Eden: 10368K(10368K)->0K(10368K) From: 740K(1280K)->622K(1280K)
[2026-10-07T19:02:25.657+0000][210.827s][info][gc,heap        ] GC(74) Tenured: 23787K(25632K)->23942K(25632K)
[2026-10-07T19:02:25.657+0000][210.827s][info][gc,metaspace   ] GC(74) Metaspace: 73696K(74496K)->73696K(74496K) NonClass: 64331K(64768K)->64331K(64768K) Class: 9365K(9728K)->9365K(9728K)
[2026-10-07T19:02:25.657+0000][210.827s][info][gc             ] GC(74) Pause Young (Allocation Failure) 34M->23M(36M) 8.820ms
[2026-10-07T19:02:25.657+0000][210.827s][info][gc,cpu         ] GC(74) User=0.01s Sys=0.00s Real=0.01s
[2026-10-07T19:02:27.454+0000][212.624s][info][gc,start       ] GC(75) Pause Young (Allocation Failure)
[2026-10-07T19:02:27.461+0000][212.631s][info][gc,heap        ] GC(75) DefNew: 10990K(11648K)->706K(11648K) Eden: 10368K(10368K)->0K(10368K) From: 622K(1280K)->706K(1280K)
[2026-10-07T19:02:27.461+0000][212.631s][info][gc,heap        ] GC(75) Tenured: 23942K(25632K)->23942K(25632K)
[2026-10-07T19:02:27.461+0000][212.632s][info][gc,metaspace   ] GC(75) Metaspace: 73755K(74560K)->73755K(74560K) NonClass: 64390K(64832K)->64390K(64832K) Class: 9365K(9728K)->9365K(9728K)
[2026-10-07T19:02:27.461+0000][212.632s][info][gc             ] GC(75) Pause Young (Allocation Failure) 34M->24M(36M) 7.586ms
[2026-10-07T19:02:27.461+0000][212.632s][info][gc,cpu         ] GC(75) User=0.01s Sys=0.00s Real=0.00s
[2026-10-07T19:02:29.236+0000][214.406s][info][gc,start       ] GC(76) Pause Young (Allocation Failure)
[2026-10-07T19:02:29.242+0000][214.412s][info][gc,heap        ] GC(76) DefNew: 11074K(11648K)->679K(11648K) Eden: 10368K(10368K)->0K(10368K) From: 706K(1280K)->679K(1280K)
[2026-10-07T19:02:29.242+0000][214.412s][info][gc,heap        ] GC(76) Tenured: 23942K(25632K)->24027K(25632K)
[2026-10-07T19:02:29.242+0000][214.412s][info][gc,metaspace   ] GC(76) Metaspace: 73760K(74560K)->73760K(74560K) NonClass: 64395K(64832K)->64395K(64832K) Class: 9365K(9728K)->9365K(9728K)
[2026-10-07T19:02:29.242+0000][214.412s][info][gc             ] GC(76) Pause Young (Allocation Failure) 34M->24M(36M) 6.131ms
[2026-10-07T19:02:29.242+0000][214.412s][info][gc,cpu         ] GC(76) User=0.00s Sys=0.00s Real=0.00s
[2026-10-07T19:02:31.008+0000][216.179s][info][gc,start       ] GC(77) Pause Young (Allocation Failure)
[2026-10-07T19:02:31.018+0000][216.189s][info][gc,heap        ] GC(77) DefNew: 11047K(11648K)->641K(11648K) Eden: 10368K(10368K)->0K(10368K) From: 679K(1280K)->641K(1280K)
[2026-10-07T19:02:31.019+0000][216.190s][info][gc,heap        ] GC(77) Tenured: 24027K(25632K)->24119K(25632K)
[2026-10-07T19:02:31.021+0000][216.191s][info][gc,metaspace   ] GC(77) Metaspace: 73764K(74560K)->73764K(74560K) NonClass: 64398K(64832K)->64398K(64832K) Class: 9365K(9728K)->9365K(9728K)
[2026-10-07T19:02:31.021+0000][216.191s][info][gc             ] GC(77) Pause Young (Allocation Failure) 34M->24M(36M) 12.398ms
[2026-10-07T19:02:31.021+0000][216.191s][info][gc,cpu         ] GC(77) User=0.01s Sys=0.00s Real=0.01s
[2026-10-07T19:02:32.957+0000][218.127s][info][gc,start       ] GC(78) Pause Young (Allocation Failure)
[2026-10-07T19:02:32.964+0000][218.135s][info][gc,heap        ] GC(78) DefNew: 11009K(11648K)->653K(11648K) Eden: 10368K(10368K)->0K(10368K) From: 641K(1280K)->653K(1280K)
[2026-10-07T19:02:32.965+0000][218.135s][info][gc,heap        ] GC(78) Tenured: 24119K(25632K)->24168K(25632K)
[2026-10-07T19:02:32.965+0000][218.135s][info][gc,metaspace   ] GC(78) Metaspace: 73768K(74560K)->73768K(74560K) NonClass: 64403K(64832K)->64403K(64832K) Class: 9365K(9728K)->9365K(9728K)
[2026-10-07T19:02:32.965+0000][218.135s][info][gc             ] GC(78) Pause Young (Allocation Failure) 34M->24M(36M) 7.780ms
[2026-10-07T19:02:32.965+0000][218.135s][info][gc,cpu         ] GC(78) User=0.01s Sys=0.00s Real=0.01s
[2026-10-07T19:02:34.777+0000][219.947s][info][gc,start       ] GC(79) Pause Young (Allocation Failure)
[2026-10-07T19:02:34.783+0000][219.953s][info][gc,heap        ] GC(79) DefNew: 11021K(11648K)->531K(11648K) Eden: 10368K(10368K)->0K(10368K) From: 653K(1280K)->531K(1280K)
[2026-10-07T19:02:34.783+0000][219.953s][info][gc,heap        ] GC(79) Tenured: 24168K(25632K)->24240K(25632K)
[2026-10-07T19:02:34.783+0000][219.953s][info][gc,metaspace   ] GC(79) Metaspace: 73796K(74624K)->73796K(74624K) NonClass: 64430K(64896K)->64430K(64896K) Class: 9366K(9728K)->9366K(9728K)
[2026-10-07T19:02:34.783+0000][219.953s][info][gc             ] GC(79) Pause Young (Allocation Failure) 34M->24M(36M) 6.431ms
[2026-10-07T19:02:34.783+0000][219.954s][info][gc,cpu         ] GC(79) User=0.01s Sys=0.00s Real=0.00s
[2026-10-07T19:02:36.619+0000][221.789s][info][gc,start       ] GC(80) Pause Young (Allocation Failure)
[2026-10-07T19:02:36.626+0000][221.796s][info][gc,heap        ] GC(80) DefNew: 10899K(11648K)->620K(11648K) Eden: 10368K(10368K)->0K(10368K) From: 531K(1280K)->620K(1280K)
[2026-10-07T19:02:36.626+0000][221.796s][info][gc,heap        ] GC(80) Tenured: 24240K(25632K)->24240K(25632K)
[2026-10-07T19:02:36.626+0000][221.796s][info][gc,metaspace   ] GC(80) Metaspace: 73826K(74624K)->73826K(74624K) NonClass: 64460K(64896K)->64460K(64896K) Class: 9366K(9728K)->9366K(9728K)
[2026-10-07T19:02:36.626+0000][221.796s][info][gc             ] GC(80) Pause Young (Allocation Failure) 34M->24M(36M) 7.358ms
[2026-10-07T19:02:36.626+0000][221.796s][info][gc,cpu         ] GC(80) User=0.00s Sys=0.00s Real=0.01s
[2026-10-07T19:02:38.526+0000][223.696s][info][gc,start       ] GC(81) Pause Young (Allocation Failure)
[2026-10-07T19:02:38.534+0000][223.704s][info][gc,heap        ] GC(81) DefNew: 10988K(11648K)->667K(11648K) Eden: 10368K(10368K)->0K(10368K) From: 620K(1280K)->667K(1280K)
[2026-10-07T19:02:38.534+0000][223.705s][info][gc,heap        ] GC(81) Tenured: 24240K(25632K)->24240K(25632K)
[2026-10-07T19:02:38.534+0000][223.705s][info][gc,metaspace   ] GC(81) Metaspace: 73826K(74624K)->73826K(74624K) NonClass: 64460K(64896K)->64460K(64896K) Class: 9366K(9728K)->9366K(9728K)
[2026-10-07T19:02:38.535+0000][223.705s][info][gc             ] GC(81) Pause Young (Allocation Failure) 34M->24M(36M) 8.427ms
[2026-10-07T19:02:38.535+0000][223.705s][info][gc,cpu         ] GC(81) User=0.00s Sys=0.00s Real=0.01s
[2026-10-07T19:02:40.584+0000][225.754s][info][gc,start       ] GC(82) Pause Young (Allocation Failure)
[2026-10-07T19:02:40.592+0000][225.762s][info][gc,heap        ] GC(82) DefNew: 11035K(11648K)->608K(11648K) Eden: 10368K(10368K)->0K(10368K) From: 667K(1280K)->608K(1280K)
[2026-10-07T19:02:40.592+0000][225.762s][info][gc,heap        ] GC(82) Tenured: 24240K(25632K)->24288K(25632K)
[2026-10-07T19:02:40.592+0000][225.762s][info][gc,metaspace   ] GC(82) Metaspace: 73834K(74624K)->73834K(74624K) NonClass: 64467K(64896K)->64467K(64896K) Class: 9366K(9728K)->9366K(9728K)
[2026-10-07T19:02:40.592+0000][225.762s][info][gc             ] GC(82) Pause Young (Allocation Failure) 34M->24M(36M) 8.424ms
[2026-10-07T19:02:40.592+0000][225.762s][info][gc,cpu         ] GC(82) User=0.01s Sys=0.00s Real=0.00s
[2026-10-07T19:02:42.441+0000][227.612s][info][gc,start       ] GC(83) Pause Young (Allocation Failure)
[2026-10-07T19:02:42.450+0000][227.620s][info][gc,heap        ] GC(83) DefNew: 10976K(11648K)->663K(11648K) Eden: 10368K(10368K)->0K(10368K) From: 608K(1280K)->663K(1280K)
[2026-10-07T19:02:42.450+0000][227.620s][info][gc,heap        ] GC(83) Tenured: 24288K(25632K)->24288K(25632K)
[2026-10-07T19:02:42.450+0000][227.620s][info][gc,metaspace   ] GC(83) Metaspace: 73847K(74624K)->73847K(74624K) NonClass: 64481K(64896K)->64481K(64896K) Class: 9366K(9728K)->9366K(9728K)
[2026-10-07T19:02:42.451+0000][227.621s][info][gc             ] GC(83) Pause Young (Allocation Failure) 34M->24M(36M) 9.173ms
[2026-10-07T19:02:42.451+0000][227.621s][info][gc,cpu         ] GC(83) User=0.01s Sys=0.00s Real=0.01s
[2026-10-07T19:02:44.223+0000][229.393s][info][gc,start       ] GC(84) Pause Young (Allocation Failure)
[2026-10-07T19:02:44.261+0000][229.431s][info][gc,heap        ] GC(84) DefNew: 11031K(11648K)->711K(11648K) Eden: 10368K(10368K)->0K(10368K) From: 663K(1280K)->711K(1280K)
[2026-10-07T19:02:44.262+0000][229.432s][info][gc,heap        ] GC(84) Tenured: 24288K(25632K)->24324K(25632K)
[2026-10-07T19:02:44.262+0000][229.432s][info][gc,metaspace   ] GC(84) Metaspace: 73878K(74688K)->73878K(74688K) NonClass: 64512K(64960K)->64512K(64960K) Class: 9366K(9728K)->9366K(9728K)
[2026-10-07T19:02:44.262+0000][229.432s][info][gc             ] GC(84) Pause Young (Allocation Failure) 34M->24M(36M) 39.276ms
[2026-10-07T19:02:44.262+0000][229.432s][info][gc,cpu         ] GC(84) User=0.02s Sys=0.01s Real=0.04s
[2026-10-07T19:02:46.011+0000][231.181s][info][gc,start       ] GC(85) Pause Young (Allocation Failure)
[2026-10-07T19:02:46.021+0000][231.191s][info][gc,heap        ] GC(85) DefNew: 11079K(11648K)->659K(11648K) Eden: 10368K(10368K)->0K(10368K) From: 711K(1280K)->659K(1280K)
[2026-10-07T19:02:46.021+0000][231.192s][info][gc,heap        ] GC(85) Tenured: 24324K(25632K)->24414K(25632K)
[2026-10-07T19:02:46.022+0000][231.192s][info][gc,metaspace   ] GC(85) Metaspace: 73919K(74688K)->73919K(74688K) NonClass: 64553K(64960K)->64553K(64960K) Class: 9366K(9728K)->9366K(9728K)
[2026-10-07T19:02:46.022+0000][231.192s][info][gc             ] GC(85) Pause Young (Allocation Failure) 34M->24M(36M) 11.098ms
[2026-10-07T19:02:46.022+0000][231.192s][info][gc,cpu         ] GC(85) User=0.00s Sys=0.00s Real=0.01s
[2026-10-07T19:02:47.971+0000][233.141s][info][gc,start       ] GC(86) Pause Young (Allocation Failure)
[2026-10-07T19:02:47.979+0000][233.150s][info][gc,heap        ] GC(86) DefNew: 11025K(11648K)->669K(11648K) Eden: 10366K(10368K)->0K(10368K) From: 659K(1280K)->669K(1280K)
[2026-10-07T19:02:47.979+0000][233.150s][info][gc,heap        ] GC(86) Tenured: 24414K(25632K)->24444K(25632K)
[2026-10-07T19:02:47.979+0000][233.150s][info][gc,metaspace   ] GC(86) Metaspace: 73925K(74688K)->73925K(74688K) NonClass: 64559K(64960K)->64559K(64960K) Class: 9366K(9728K)->9366K(9728K)
[2026-10-07T19:02:47.979+0000][233.150s][info][gc             ] GC(86) Pause Young (Allocation Failure) 34M->24M(36M) 8.832ms
[2026-10-07T19:02:47.979+0000][233.150s][info][gc,cpu         ] GC(86) User=0.01s Sys=0.00s Real=0.01s
[2026-10-07T19:02:50.092+0000][235.262s][info][gc,start       ] GC(87) Pause Young (Allocation Failure)
[2026-10-07T19:02:50.101+0000][235.271s][info][gc,heap        ] GC(87) DefNew: 11037K(11648K)->591K(11648K) Eden: 10368K(10368K)->0K(10368K) From: 669K(1280K)->591K(1280K)
[2026-10-07T19:02:50.101+0000][235.272s][info][gc,heap        ] GC(87) Tenured: 24444K(25632K)->24491K(25632K)
[2026-10-07T19:02:50.101+0000][235.272s][info][gc,metaspace   ] GC(87) Metaspace: 73926K(74688K)->73926K(74688K) NonClass: 64560K(64960K)->64560K(64960K) Class: 9366K(9728K)->9366K(9728K)
[2026-10-07T19:02:50.101+0000][235.272s][info][gc             ] GC(87) Pause Young (Allocation Failure) 34M->24M(36M) 9.269ms
[2026-10-07T19:02:50.101+0000][235.272s][info][gc,cpu         ] GC(87) User=0.00s Sys=0.00s Real=0.01s
[2026-10-07T19:02:51.969+0000][237.140s][info][gc,start       ] GC(88) Pause Young (Allocation Failure)
[2026-10-07T19:02:51.975+0000][237.146s][info][gc,heap        ] GC(88) DefNew: 10959K(11648K)->703K(11648K) Eden: 10368K(10368K)->0K(10368K) From: 591K(1280K)->703K(1280K)
[2026-10-07T19:02:51.975+0000][237.146s][info][gc,heap        ] GC(88) Tenured: 24491K(25632K)->24491K(25632K)
[2026-10-07T19:02:51.975+0000][237.146s][info][gc,metaspace   ] GC(88) Metaspace: 73941K(74752K)->73941K(74752K) NonClass: 64575K(65024K)->64575K(65024K) Class: 9366K(9728K)->9366K(9728K)
[2026-10-07T19:02:51.976+0000][237.146s][info][gc             ] GC(88) Pause Young (Allocation Failure) 34M->24M(36M) 6.426ms
[2026-10-07T19:02:51.976+0000][237.146s][info][gc,cpu         ] GC(88) User=0.01s Sys=0.00s Real=0.01s
[2026-10-07T19:02:53.766+0000][238.936s][info][gc,start       ] GC(89) Pause Young (Allocation Failure)
[2026-10-07T19:02:53.779+0000][238.949s][info][gc,heap        ] GC(89) DefNew: 11071K(11648K)->707K(11648K) Eden: 10368K(10368K)->0K(10368K) From: 703K(1280K)->707K(1280K)
[2026-10-07T19:02:53.780+0000][238.950s][info][gc,heap        ] GC(89) Tenured: 24491K(25632K)->24559K(25632K)
[2026-10-07T19:02:53.780+0000][238.950s][info][gc,metaspace   ] GC(89) Metaspace: 73943K(74752K)->73943K(74752K) NonClass: 64577K(65024K)->64577K(65024K) Class: 9366K(9728K)->9366K(9728K)
[2026-10-07T19:02:53.780+0000][238.950s][info][gc             ] GC(89) Pause Young (Allocation Failure) 34M->24M(36M) 14.009ms
[2026-10-07T19:02:53.780+0000][238.950s][info][gc,cpu         ] GC(89) User=0.01s Sys=0.00s Real=0.01s
[2026-10-07T19:02:55.596+0000][240.766s][info][gc,start       ] GC(90) Pause Young (Allocation Failure)
[2026-10-07T19:02:55.603+0000][240.773s][info][gc,heap        ] GC(90) DefNew: 11075K(11648K)->679K(11648K) Eden: 10368K(10368K)->0K(10368K) From: 707K(1280K)->679K(1280K)
[2026-10-07T19:02:55.603+0000][240.774s][info][gc,heap        ] GC(90) Tenured: 24559K(25632K)->24630K(25632K)
[2026-10-07T19:02:55.603+0000][240.774s][info][gc,metaspace   ] GC(90) Metaspace: 73960K(74752K)->73960K(74752K) NonClass: 64589K(65024K)->64589K(65024K) Class: 9370K(9728K)->9370K(9728K)
[2026-10-07T19:02:55.603+0000][240.774s][info][gc             ] GC(90) Pause Young (Allocation Failure) 34M->24M(36M) 7.113ms
[2026-10-07T19:02:55.603+0000][240.774s][info][gc,cpu         ] GC(90) User=0.01s Sys=0.00s Real=0.00s
[2026-10-07T19:02:57.600+0000][242.770s][info][gc,start       ] GC(91) Pause Young (Allocation Failure)
[2026-10-07T19:02:57.607+0000][242.778s][info][gc,heap        ] GC(91) DefNew: 11047K(11648K)->681K(11648K) Eden: 10368K(10368K)->0K(10368K) From: 679K(1280K)->681K(1280K)
[2026-10-07T19:02:57.607+0000][242.778s][info][gc,heap        ] GC(91) Tenured: 24630K(25632K)->24714K(25632K)
[2026-10-07T19:02:57.607+0000][242.778s][info][gc,metaspace   ] GC(91) Metaspace: 73963K(74752K)->73963K(74752K) NonClass: 64591K(65024K)->64591K(65024K) Class: 9371K(9728K)->9371K(9728K)
[2026-10-07T19:02:57.607+0000][242.778s][info][gc             ] GC(91) Pause Young (Allocation Failure) 34M->24M(36M) 7.243ms
[2026-10-07T19:02:57.607+0000][242.778s][info][gc,cpu         ] GC(91) User=0.00s Sys=0.00s Real=0.01s
[2026-10-07T19:02:59.379+0000][244.549s][info][gc,start       ] GC(92) Pause Young (Allocation Failure)
[2026-10-07T19:02:59.386+0000][244.557s][info][gc,heap        ] GC(92) DefNew: 11049K(11648K)->675K(11648K) Eden: 10367K(10368K)->0K(10368K) From: 681K(1280K)->675K(1280K)
[2026-10-07T19:02:59.386+0000][244.557s][info][gc,heap        ] GC(92) Tenured: 24714K(25632K)->24777K(25632K)
[2026-10-07T19:02:59.386+0000][244.557s][info][gc,metaspace   ] GC(92) Metaspace: 73988K(74752K)->73988K(74752K) NonClass: 64616K(65024K)->64616K(65024K) Class: 9371K(9728K)->9371K(9728K)
[2026-10-07T19:02:59.386+0000][244.557s][info][gc             ] GC(92) Pause Young (Allocation Failure) 34M->24M(36M) 7.275ms
[2026-10-07T19:02:59.387+0000][244.557s][info][gc,cpu         ] GC(92) User=0.00s Sys=0.01s Real=0.01s
[2026-10-07T19:03:01.385+0000][246.555s][info][gc,start       ] GC(93) Pause Young (Allocation Failure)
[2026-10-07T19:03:01.397+0000][246.567s][info][gc,heap        ] GC(93) DefNew: 11043K(11648K)->599K(11648K) Eden: 10368K(10368K)->0K(10368K) From: 675K(1280K)->599K(1280K)
[2026-10-07T19:03:01.397+0000][246.567s][info][gc,heap        ] GC(93) Tenured: 24777K(25632K)->24842K(25632K)
[2026-10-07T19:03:01.397+0000][246.567s][info][gc,metaspace   ] GC(93) Metaspace: 73989K(74752K)->73989K(74752K) NonClass: 64617K(65024K)->64617K(65024K) Class: 9371K(9728K)->9371K(9728K)
[2026-10-07T19:03:01.397+0000][246.567s][info][gc             ] GC(93) Pause Young (Allocation Failure) 34M->24M(36M) 11.779ms
[2026-10-07T19:03:01.397+0000][246.567s][info][gc,cpu         ] GC(93) User=0.02s Sys=0.00s Real=0.01s
[2026-10-07T19:03:03.212+0000][248.382s][info][gc,start       ] GC(94) Pause Young (Allocation Failure)
[2026-10-07T19:03:03.219+0000][248.389s][info][gc,heap        ] GC(94) DefNew: 10967K(11648K)->672K(11648K) Eden: 10368K(10368K)->0K(10368K) From: 599K(1280K)->672K(1280K)
[2026-10-07T19:03:03.219+0000][248.389s][info][gc,heap        ] GC(94) Tenured: 24842K(25632K)->24842K(25632K)
[2026-10-07T19:03:03.219+0000][248.389s][info][gc,metaspace   ] GC(94) Metaspace: 73992K(74752K)->73992K(74752K) NonClass: 64620K(65024K)->64620K(65024K) Class: 9371K(9728K)->9371K(9728K)
[2026-10-07T19:03:03.219+0000][248.389s][info][gc             ] GC(94) Pause Young (Allocation Failure) 34M->24M(36M) 7.022ms
[2026-10-07T19:03:03.219+0000][248.389s][info][gc,cpu         ] GC(94) User=0.01s Sys=0.00s Real=0.01s
[2026-10-07T19:03:05.125+0000][250.296s][info][gc,start       ] GC(95) Pause Young (Allocation Failure)
[2026-10-07T19:03:05.133+0000][250.303s][info][gc,heap        ] GC(95) DefNew: 11040K(11648K)->518K(11648K) Eden: 10368K(10368K)->0K(10368K) From: 672K(1280K)->518K(1280K)
[2026-10-07T19:03:05.133+0000][250.303s][info][gc,heap        ] GC(95) Tenured: 24842K(25632K)->24989K(25632K)
[2026-10-07T19:03:05.133+0000][250.303s][info][gc,metaspace   ] GC(95) Metaspace: 73992K(74752K)->73992K(74752K) NonClass: 64620K(65024K)->64620K(65024K) Class: 9371K(9728K)->9371K(9728K)
[2026-10-07T19:03:05.133+0000][250.303s][info][gc             ] GC(95) Pause Young (Allocation Failure) 35M->24M(36M) 7.476ms
[2026-10-07T19:03:05.133+0000][250.303s][info][gc,cpu         ] GC(95) User=0.01s Sys=0.00s Real=0.00s
[2026-10-07T19:03:06.967+0000][252.137s][info][gc,start       ] GC(96) Pause Young (Allocation Failure)
[2026-10-07T19:03:06.979+0000][252.149s][info][gc,heap        ] GC(96) DefNew: 10886K(11648K)->603K(11648K) Eden: 10368K(10368K)->0K(10368K) From: 518K(1280K)->603K(1280K)
[2026-10-07T19:03:06.979+0000][252.149s][info][gc,heap        ] GC(96) Tenured: 24989K(25632K)->24989K(25632K)
[2026-10-07T19:03:06.979+0000][252.149s][info][gc,metaspace   ] GC(96) Metaspace: 73996K(74752K)->73996K(74752K) NonClass: 64624K(65024K)->64624K(65024K) Class: 9371K(9728K)->9371K(9728K)
[2026-10-07T19:03:06.979+0000][252.149s][info][gc             ] GC(96) Pause Young (Allocation Failure) 35M->24M(36M) 12.271ms
[2026-10-07T19:03:06.979+0000][252.149s][info][gc,cpu         ] GC(96) User=0.01s Sys=0.00s Real=0.01s
[2026-10-07T19:03:08.744+0000][253.915s][info][gc,start       ] GC(97) Pause Young (Allocation Failure)
[2026-10-07T19:03:08.752+0000][253.922s][info][gc,heap        ] GC(97) DefNew: 10971K(11648K)->686K(11648K) Eden: 10368K(10368K)->0K(10368K) From: 603K(1280K)->686K(1280K)
[2026-10-07T19:03:08.752+0000][253.922s][info][gc,heap        ] GC(97) Tenured: 24989K(25632K)->24989K(25632K)
[2026-10-07T19:03:08.752+0000][253.922s][info][gc,metaspace   ] GC(97) Metaspace: 74001K(74752K)->74001K(74752K) NonClass: 64629K(65024K)->64629K(65024K) Class: 9371K(9728K)->9371K(9728K)
[2026-10-07T19:03:08.752+0000][253.922s][info][gc             ] GC(97) Pause Young (Allocation Failure) 35M->25M(36M) 7.381ms
[2026-10-07T19:03:08.752+0000][253.922s][info][gc,cpu         ] GC(97) User=0.01s Sys=0.00s Real=0.00s
[2026-10-07T19:03:10.628+0000][255.798s][info][gc,start       ] GC(98) Pause Young (Allocation Failure)
[2026-10-07T19:03:10.637+0000][255.807s][info][gc,heap        ] GC(98) DefNew: 11054K(11648K)->586K(11648K) Eden: 10368K(10368K)->0K(10368K) From: 686K(1280K)->586K(1280K)
[2026-10-07T19:03:10.637+0000][255.807s][info][gc,heap        ] GC(98) Tenured: 24989K(25632K)->25048K(25632K)
[2026-10-07T19:03:10.637+0000][255.807s][info][gc,metaspace   ] GC(98) Metaspace: 74004K(74752K)->74004K(74752K) NonClass: 64632K(65024K)->64632K(65024K) Class: 9371K(9728K)->9371K(9728K)
[2026-10-07T19:03:10.637+0000][255.807s][info][gc             ] GC(98) Pause Young (Allocation Failure) 35M->25M(36M) 8.687ms
[2026-10-07T19:03:10.637+0000][255.807s][info][gc,cpu         ] GC(98) User=0.01s Sys=0.01s Real=0.01s
[2026-10-07T19:03:12.621+0000][257.792s][info][gc,start       ] GC(99) Pause Young (Allocation Failure)
[2026-10-07T19:03:12.628+0000][257.798s][info][gc,heap        ] GC(99) DefNew: 10954K(11648K)->636K(11648K) Eden: 10368K(10368K)->0K(10368K) From: 586K(1280K)->636K(1280K)
[2026-10-07T19:03:12.628+0000][257.798s][info][gc,heap        ] GC(99) Tenured: 25048K(25632K)->25048K(25632K)
[2026-10-07T19:03:12.628+0000][257.798s][info][gc,metaspace   ] GC(99) Metaspace: 74014K(74752K)->74014K(74752K) NonClass: 64642K(65024K)->64642K(65024K) Class: 9371K(9728K)->9371K(9728K)
[2026-10-07T19:03:12.628+0000][257.798s][info][gc             ] GC(99) Pause Young (Allocation Failure) 35M->25M(36M) 6.550ms
[2026-10-07T19:03:12.628+0000][257.798s][info][gc,cpu         ] GC(99) User=0.00s Sys=0.00s Real=0.01s
[2026-10-07T19:03:14.411+0000][259.581s][info][gc,start       ] GC(100) Pause Young (Allocation Failure)
[2026-10-07T19:03:14.422+0000][259.592s][info][gc,heap        ] GC(100) DefNew: 11004K(11648K)->818K(11648K) Eden: 10368K(10368K)->0K(10368K) From: 636K(1280K)->818K(1280K)
[2026-10-07T19:03:14.423+0000][259.593s][info][gc,heap        ] GC(100) Tenured: 25048K(25632K)->25048K(25632K)
[2026-10-07T19:03:14.424+0000][259.594s][info][gc,metaspace   ] GC(100) Metaspace: 74023K(74752K)->74023K(74752K) NonClass: 64651K(65024K)->64651K(65024K) Class: 9371K(9728K)->9371K(9728K)
[2026-10-07T19:03:14.424+0000][259.594s][info][gc             ] GC(100) Pause Young (Allocation Failure) 35M->25M(36M) 13.526ms
[2026-10-07T19:03:14.424+0000][259.595s][info][gc,cpu         ] GC(100) User=0.01s Sys=0.00s Real=0.02s
[2026-10-07T19:03:16.257+0000][261.427s][info][gc,start       ] GC(101) Pause Young (Allocation Failure)
[2026-10-07T19:03:16.265+0000][261.435s][info][gc,heap        ] GC(101) DefNew: 11186K(11648K)->509K(11648K) Eden: 10368K(10368K)->0K(10368K) From: 818K(1280K)->509K(1280K)
[2026-10-07T19:03:16.265+0000][261.436s][info][gc,heap        ] GC(101) Tenured: 25048K(25632K)->25263K(25632K)
[2026-10-07T19:03:16.265+0000][261.436s][info][gc,metaspace   ] GC(101) Metaspace: 74036K(74816K)->74036K(74816K) NonClass: 64664K(65088K)->64664K(65088K) Class: 9371K(9728K)->9371K(9728K)
[2026-10-07T19:03:16.266+0000][261.436s][info][gc             ] GC(101) Pause Young (Allocation Failure) 35M->25M(36M) 9.061ms
[2026-10-07T19:03:16.266+0000][261.437s][info][gc,cpu         ] GC(101) User=0.00s Sys=0.00s Real=0.01s
[2026-10-07T19:03:18.113+0000][263.283s][info][gc,start       ] GC(102) Pause Young (Allocation Failure)
[2026-10-07T19:03:18.119+0000][263.290s][info][gc,heap        ] GC(102) DefNew: 10877K(11648K)->554K(11648K) Eden: 10368K(10368K)->0K(10368K) From: 509K(1280K)->554K(1280K)
[2026-10-07T19:03:18.119+0000][263.290s][info][gc,heap        ] GC(102) Tenured: 25263K(25632K)->25263K(25632K)
[2026-10-07T19:03:18.119+0000][263.290s][info][gc,metaspace   ] GC(102) Metaspace: 74044K(74816K)->74044K(74816K) NonClass: 64672K(65088K)->64672K(65088K) Class: 9371K(9728K)->9371K(9728K)
[2026-10-07T19:03:18.120+0000][263.290s][info][gc             ] GC(102) Pause Young (Allocation Failure) 35M->25M(36M) 6.590ms
[2026-10-07T19:03:18.120+0000][263.290s][info][gc,cpu         ] GC(102) User=0.01s Sys=0.00s Real=0.01s
[2026-10-07T19:03:19.920+0000][265.090s][info][gc,start       ] GC(103) Pause Young (Allocation Failure)
[2026-10-07T19:03:19.926+0000][265.096s][info][gc,heap        ] GC(103) DefNew: 10922K(11648K)->573K(11648K) Eden: 10368K(10368K)->0K(10368K) From: 554K(1280K)->573K(1280K)
[2026-10-07T19:03:19.926+0000][265.096s][info][gc,heap        ] GC(103) Tenured: 25263K(25632K)->25263K(25632K)
[2026-10-07T19:03:19.926+0000][265.096s][info][gc,metaspace   ] GC(103) Metaspace: 74051K(74880K)->74051K(74880K) NonClass: 64678K(65152K)->64678K(65152K) Class: 9372K(9728K)->9372K(9728K)
[2026-10-07T19:03:19.926+0000][265.096s][info][gc             ] GC(103) Pause Young (Allocation Failure) 35M->25M(36M) 6.178ms
[2026-10-07T19:03:19.926+0000][265.096s][info][gc,cpu         ] GC(103) User=0.01s Sys=0.00s Real=0.01s
[2026-10-07T19:03:21.844+0000][267.014s][info][gc,start       ] GC(104) Pause Young (Allocation Failure)
[2026-10-07T19:03:21.851+0000][267.021s][info][gc,heap        ] GC(104) DefNew: 10941K(11648K)->733K(11648K) Eden: 10368K(10368K)->0K(10368K) From: 573K(1280K)->733K(1280K)
[2026-10-07T19:03:21.851+0000][267.021s][info][gc,heap        ] GC(104) Tenured: 25263K(25632K)->25263K(25632K)
[2026-10-07T19:03:21.851+0000][267.021s][info][gc,metaspace   ] GC(104) Metaspace: 74056K(74880K)->74056K(74880K) NonClass: 64683K(65152K)->64683K(65152K) Class: 9372K(9728K)->9372K(9728K)
[2026-10-07T19:03:21.852+0000][267.022s][info][gc             ] GC(104) Pause Young (Allocation Failure) 35M->25M(36M) 7.985ms
[2026-10-07T19:03:21.852+0000][267.022s][info][gc,cpu         ] GC(104) User=0.00s Sys=0.00s Real=0.00s
[2026-10-07T19:03:23.771+0000][268.941s][info][gc,start       ] GC(105) Pause Young (Allocation Failure)
[2026-10-07T19:03:23.784+0000][268.954s][info][gc,heap        ] GC(105) DefNew: 11101K(11648K)->656K(11648K) Eden: 10368K(10368K)->0K(10368K) From: 733K(1280K)->656K(1280K)
[2026-10-07T19:03:23.784+0000][268.954s][info][gc,heap        ] GC(105) Tenured: 25263K(25632K)->25413K(25632K)
[2026-10-07T19:03:23.784+0000][268.954s][info][gc,metaspace   ] GC(105) Metaspace: 74056K(74880K)->74056K(74880K) NonClass: 64683K(65152K)->64683K(65152K) Class: 9372K(9728K)->9372K(9728K)
[2026-10-07T19:03:23.784+0000][268.954s][info][gc             ] GC(105) Pause Young (Allocation Failure) 35M->25M(36M) 13.435ms
[2026-10-07T19:03:23.784+0000][268.954s][info][gc,cpu         ] GC(105) User=0.01s Sys=0.00s Real=0.02s
[2026-10-07T19:03:25.646+0000][270.816s][info][gc,start       ] GC(106) Pause Young (Allocation Failure)
[2026-10-07T19:03:25.653+0000][270.823s][info][gc,heap        ] GC(106) DefNew: 11024K(11648K)->647K(11648K) Eden: 10368K(10368K)->0K(10368K) From: 656K(1280K)->647K(1280K)
[2026-10-07T19:03:25.653+0000][270.823s][info][gc,heap        ] GC(106) Tenured: 25413K(25632K)->25446K(25632K)
[2026-10-07T19:03:25.653+0000][270.823s][info][gc,metaspace   ] GC(106) Metaspace: 74056K(74880K)->74056K(74880K) NonClass: 64683K(65152K)->64683K(65152K) Class: 9372K(9728K)->9372K(9728K)
[2026-10-07T19:03:25.653+0000][270.823s][info][gc             ] GC(106) Pause Young (Allocation Failure) 35M->25M(36M) 6.885ms
[2026-10-07T19:03:25.653+0000][270.823s][info][gc,cpu         ] GC(106) User=0.00s Sys=0.00s Real=0.00s
[2026-10-07T19:03:27.568+0000][272.738s][info][gc,start       ] GC(107) Pause Young (Allocation Failure)
[2026-10-07T19:03:27.576+0000][272.746s][info][gc,heap        ] GC(107) DefNew: 11015K(11648K)->690K(11648K) Eden: 10368K(10368K)->0K(10368K) From: 647K(1280K)->690K(1280K)
[2026-10-07T19:03:27.576+0000][272.747s][info][gc,heap        ] GC(107) Tenured: 25446K(25632K)->25477K(25632K)
[2026-10-07T19:03:27.576+0000][272.747s][info][gc,metaspace   ] GC(107) Metaspace: 74058K(74880K)->74058K(74880K) NonClass: 64685K(65152K)->64685K(65152K) Class: 9372K(9728K)->9372K(9728K)
[2026-10-07T19:03:27.576+0000][272.747s][info][gc             ] GC(107) Pause Young (Allocation Failure) 35M->25M(36M) 8.646ms
[2026-10-07T19:03:27.576+0000][272.747s][info][gc,cpu         ] GC(107) User=0.00s Sys=0.00s Real=0.01s
[2026-10-07T19:03:29.307+0000][274.477s][info][gc,start       ] GC(108) Pause Young (Allocation Failure)
[2026-10-07T19:03:29.317+0000][274.488s][info][gc,heap        ] GC(108) DefNew: 11058K(11648K)->620K(11648K) Eden: 10368K(10368K)->0K(10368K) From: 690K(1280K)->620K(1280K)
[2026-10-07T19:03:29.317+0000][274.488s][info][gc,heap        ] GC(108) Tenured: 25477K(25632K)->25535K(25632K)
[2026-10-07T19:03:29.318+0000][274.488s][info][gc,metaspace   ] GC(108) Metaspace: 74063K(74880K)->74063K(74880K) NonClass: 64690K(65152K)->64690K(65152K) Class: 9372K(9728K)->9372K(9728K)
[2026-10-07T19:03:29.318+0000][274.488s][info][gc             ] GC(108) Pause Young (Allocation Failure) 35M->25M(36M) 11.196ms
[2026-10-07T19:03:29.318+0000][274.488s][info][gc,cpu         ] GC(108) User=0.01s Sys=0.00s Real=0.01s
[2026-10-07T19:03:31.305+0000][276.475s][info][gc,start       ] GC(109) Pause Young (Allocation Failure)
[2026-10-07T19:03:31.312+0000][276.482s][info][gc,heap        ] GC(109) DefNew: 10988K(11648K)->629K(11648K) Eden: 10367K(10368K)->0K(10368K) From: 620K(1280K)->629K(1280K)
[2026-10-07T19:03:31.312+0000][276.482s][info][gc,heap        ] GC(109) Tenured: 25535K(25632K)->25535K(25632K)
[2026-10-07T19:03:31.312+0000][276.482s][info][gc,metaspace   ] GC(109) Metaspace: 74064K(74880K)->74064K(74880K) NonClass: 64691K(65152K)->64691K(65152K) Class: 9372K(9728K)->9372K(9728K)
[2026-10-07T19:03:31.313+0000][276.483s][info][gc             ] GC(109) Pause Young (Allocation Failure) 35M->25M(36M) 7.523ms
[2026-10-07T19:03:31.313+0000][276.483s][info][gc,cpu         ] GC(109) User=0.01s Sys=0.00s Real=0.00s
[2026-10-07T19:03:33.238+0000][278.409s][info][gc,start       ] GC(110) Pause Young (Allocation Failure)
[2026-10-07T19:03:33.245+0000][278.415s][info][gc,heap        ] GC(110) DefNew: 10997K(11648K)->721K(11648K) Eden: 10368K(10368K)->0K(10368K) From: 629K(1280K)->721K(1280K)
[2026-10-07T19:03:33.245+0000][278.415s][info][gc,heap        ] GC(110) Tenured: 25535K(25632K)->25535K(25632K)
[2026-10-07T19:03:33.245+0000][278.415s][info][gc,metaspace   ] GC(110) Metaspace: 74068K(74880K)->74068K(74880K) NonClass: 64696K(65152K)->64696K(65152K) Class: 9372K(9728K)->9372K(9728K)
[2026-10-07T19:03:33.245+0000][278.415s][info][gc             ] GC(110) Pause Young (Allocation Failure) 35M->25M(36M) 6.482ms
[2026-10-07T19:03:33.245+0000][278.415s][info][gc,cpu         ] GC(110) User=0.01s Sys=0.00s Real=0.01s
[2026-10-07T19:03:35.160+0000][280.331s][info][gc,start       ] GC(111) Pause Young (Allocation Failure)
[2026-10-07T19:03:35.168+0000][280.338s][info][gc             ] GC(111) Pause Young (Allocation Failure) 35M->25M(36M) 7.585ms
[2026-10-07T19:03:35.168+0000][280.338s][info][gc,cpu         ] GC(111) User=0.00s Sys=0.00s Real=0.01s
[2026-10-07T19:03:35.168+0000][280.338s][info][gc,start       ] GC(112) Pause Full (Allocation Failure)
[2026-10-07T19:03:35.168+0000][280.339s][info][gc,phases,start] GC(112) Phase 1: Mark live objects
[2026-10-07T19:03:35.280+0000][280.450s][info][gc,phases      ] GC(112) Phase 1: Mark live objects 111.818ms
[2026-10-07T19:03:35.280+0000][280.450s][info][gc,phases,start] GC(112) Phase 2: Compute new object addresses
[2026-10-07T19:03:35.292+0000][280.462s][info][gc,phases      ] GC(112) Phase 2: Compute new object addresses 11.771ms
[2026-10-07T19:03:35.292+0000][280.462s][info][gc,phases,start] GC(112) Phase 3: Adjust pointers
[2026-10-07T19:03:35.330+0000][280.500s][info][gc,phases      ] GC(112) Phase 3: Adjust pointers 37.786ms
[2026-10-07T19:03:35.330+0000][280.500s][info][gc,phases,start] GC(112) Phase 4: Move objects
[2026-10-07T19:03:35.333+0000][280.503s][info][gc,phases      ] GC(112) Phase 4: Move objects 2.948ms
[2026-10-07T19:03:35.334+0000][280.504s][info][gc,heap        ] GC(112) DefNew: 11089K(11648K)->0K(19136K) Eden: 10368K(10368K)->0K(17024K) From: 721K(1280K)->0K(2112K)
[2026-10-07T19:03:35.334+0000][280.505s][info][gc,heap        ] GC(112) Tenured: 25535K(25632K)->25317K(42196K)
[2026-10-07T19:03:35.334+0000][280.505s][info][gc,metaspace   ] GC(112) Metaspace: 74068K(74880K)->74065K(74880K) NonClass: 64696K(65152K)->64693K(65152K) Class: 9372K(9728K)->9371K(9728K)
[2026-10-07T19:03:35.334+0000][280.505s][info][gc             ] GC(112) Pause Full (Allocation Failure) 25M->24M(59M) 166.237ms
[2026-10-07T19:03:35.335+0000][280.505s][info][gc,cpu         ] GC(112) User=0.16s Sys=0.00s Real=0.17s
[2026-10-07T19:03:38.055+0000][283.225s][info][gc,start       ] GC(113) Pause Young (Allocation Failure)
[2026-10-07T19:03:38.061+0000][283.232s][info][gc,heap        ] GC(113) DefNew: 17024K(19136K)->485K(19136K) Eden: 17024K(17024K)->0K(17024K) From: 0K(2112K)->485K(2112K)
[2026-10-07T19:03:38.061+0000][283.232s][info][gc,heap        ] GC(113) Tenured: 25317K(42196K)->25317K(42196K)
[2026-10-07T19:03:38.061+0000][283.232s][info][gc,metaspace   ] GC(113) Metaspace: 74068K(74880K)->74068K(74880K) NonClass: 64696K(65152K)->64696K(65152K) Class: 9371K(9728K)->9371K(9728K)
[2026-10-07T19:03:38.062+0000][283.232s][info][gc             ] GC(113) Pause Young (Allocation Failure) 41M->25M(59M) 6.527ms
[2026-10-07T19:03:38.062+0000][283.232s][info][gc,cpu         ] GC(113) User=0.00s Sys=0.00s Real=0.00s
[2026-10-07T19:03:41.279+0000][286.450s][info][gc,start       ] GC(114) Pause Young (Allocation Failure)
[2026-10-07T19:03:41.287+0000][286.457s][info][gc,heap        ] GC(114) DefNew: 17509K(19136K)->624K(19136K) Eden: 17024K(17024K)->0K(17024K) From: 485K(2112K)->624K(2112K)
[2026-10-07T19:03:41.287+0000][286.457s][info][gc,heap        ] GC(114) Tenured: 25317K(42196K)->25317K(42196K)
[2026-10-07T19:03:41.287+0000][286.457s][info][gc,metaspace   ] GC(114) Metaspace: 74071K(74880K)->74071K(74880K) NonClass: 64699K(65152K)->64699K(65152K) Class: 9371K(9728K)->9371K(9728K)
[2026-10-07T19:03:41.287+0000][286.457s][info][gc             ] GC(114) Pause Young (Allocation Failure) 41M->25M(59M) 7.316ms
[2026-10-07T19:03:41.287+0000][286.457s][info][gc,cpu         ] GC(114) User=0.01s Sys=0.00s Real=0.01s
[2026-10-07T19:03:44.213+0000][289.383s][info][gc,start       ] GC(115) Pause Young (Allocation Failure)
[2026-10-07T19:03:44.222+0000][289.393s][info][gc,heap        ] GC(115) DefNew: 17648K(19136K)->891K(19136K) Eden: 17024K(17024K)->0K(17024K) From: 624K(2112K)->891K(2112K)
[2026-10-07T19:03:44.223+0000][289.393s][info][gc,heap        ] GC(115) Tenured: 25317K(42196K)->25317K(42196K)
[2026-10-07T19:03:44.223+0000][289.393s][info][gc,metaspace   ] GC(115) Metaspace: 74073K(74880K)->74073K(74880K) NonClass: 64701K(65152K)->64701K(65152K) Class: 9371K(9728K)->9371K(9728K)
[2026-10-07T19:03:44.223+0000][289.393s][info][gc             ] GC(115) Pause Young (Allocation Failure) 41M->25M(59M) 9.934ms
[2026-10-07T19:03:44.223+0000][289.393s][info][gc,cpu         ] GC(115) User=0.01s Sys=0.00s Real=0.01s
[2026-10-07T19:03:47.618+0000][292.788s][info][gc,start       ] GC(116) Pause Young (Allocation Failure)
[2026-10-07T19:03:47.625+0000][292.795s][info][gc,heap        ] GC(116) DefNew: 17915K(19136K)->978K(19136K) Eden: 17024K(17024K)->0K(17024K) From: 891K(2112K)->978K(2112K)
[2026-10-07T19:03:47.625+0000][292.796s][info][gc,heap        ] GC(116) Tenured: 25317K(42196K)->25317K(42196K)
[2026-10-07T19:03:47.625+0000][292.796s][info][gc,metaspace   ] GC(116) Metaspace: 74103K(74880K)->74103K(74880K) NonClass: 64731K(65152K)->64731K(65152K) Class: 9371K(9728K)->9371K(9728K)
[2026-10-07T19:03:47.625+0000][292.796s][info][gc             ] GC(116) Pause Young (Allocation Failure) 42M->25M(59M) 7.687ms
[2026-10-07T19:03:47.625+0000][292.796s][info][gc,cpu         ] GC(116) User=0.01s Sys=0.00s Real=0.01s
[2026-10-07T19:03:50.916+0000][296.086s][info][gc,start       ] GC(117) Pause Young (Allocation Failure)
[2026-10-07T19:03:50.933+0000][296.104s][info][gc,heap        ] GC(117) DefNew: 18002K(19136K)->1041K(19136K) Eden: 17024K(17024K)->0K(17024K) From: 978K(2112K)->1041K(2112K)
[2026-10-07T19:03:50.933+0000][296.104s][info][gc,heap        ] GC(117) Tenured: 25317K(42196K)->25317K(42196K)
[2026-10-07T19:03:50.933+0000][296.104s][info][gc,metaspace   ] GC(117) Metaspace: 74105K(74880K)->74105K(74880K) NonClass: 64733K(65152K)->64733K(65152K) Class: 9371K(9728K)->9371K(9728K)
[2026-10-07T19:03:50.933+0000][296.104s][info][gc             ] GC(117) Pause Young (Allocation Failure) 42M->25M(59M) 17.814ms
[2026-10-07T19:03:50.933+0000][296.104s][info][gc,cpu         ] GC(117) User=0.00s Sys=0.00s Real=0.01s
[2026-10-07T19:03:53.927+0000][299.097s][info][gc,start       ] GC(118) Pause Young (Allocation Failure)
[2026-10-07T19:03:53.935+0000][299.105s][info][gc,heap        ] GC(118) DefNew: 18065K(19136K)->1228K(19136K) Eden: 17024K(17024K)->0K(17024K) From: 1041K(2112K)->1228K(2112K)
[2026-10-07T19:03:53.935+0000][299.105s][info][gc,heap        ] GC(118) Tenured: 25317K(42196K)->25317K(42196K)
[2026-10-07T19:03:53.935+0000][299.105s][info][gc,metaspace   ] GC(118) Metaspace: 74106K(74880K)->74106K(74880K) NonClass: 64734K(65152K)->64734K(65152K) Class: 9371K(9728K)->9371K(9728K)
[2026-10-07T19:03:53.935+0000][299.105s][info][gc             ] GC(118) Pause Young (Allocation Failure) 42M->25M(59M) 7.650ms
[2026-10-07T19:03:53.935+0000][299.105s][info][gc,cpu         ] GC(118) User=0.01s Sys=0.00s Real=0.01s
[2026-10-07T19:03:56.758+0000][301.928s][info][gc,start       ] GC(119) Pause Young (Allocation Failure)
[2026-10-07T19:03:56.788+0000][301.958s][info][gc,heap        ] GC(119) DefNew: 18252K(19136K)->1787K(19136K) Eden: 17024K(17024K)->0K(17024K) From: 1228K(2112K)->1787K(2112K)
[2026-10-07T19:03:56.788+0000][301.958s][info][gc,heap        ] GC(119) Tenured: 25317K(42196K)->25603K(42196K)
[2026-10-07T19:03:56.788+0000][301.958s][info][gc,metaspace   ] GC(119) Metaspace: 74257K(75072K)->74257K(75072K) NonClass: 64885K(65344K)->64885K(65344K) Class: 9371K(9728K)->9371K(9728K)
[2026-10-07T19:03:56.788+0000][301.958s][info][gc             ] GC(119) Pause Young (Allocation Failure) 42M->26M(59M) 29.626ms
[2026-10-07T19:03:56.788+0000][301.958s][info][gc,cpu         ] GC(119) User=0.01s Sys=0.00s Real=0.03s
[2026-10-07T19:03:59.251+0000][304.421s][info][gc,start       ] GC(120) Pause Young (Allocation Failure)
[2026-10-07T19:03:59.264+0000][304.434s][info][gc,heap        ] GC(120) DefNew: 18811K(19136K)->1612K(19136K) Eden: 17024K(17024K)->0K(17024K) From: 1787K(2112K)->1612K(2112K)
[2026-10-07T19:03:59.264+0000][304.434s][info][gc,heap        ] GC(120) Tenured: 25603K(42196K)->26940K(42196K)
[2026-10-07T19:03:59.264+0000][304.434s][info][gc,metaspace   ] GC(120) Metaspace: 74290K(75072K)->74290K(75072K) NonClass: 64918K(65344K)->64918K(65344K) Class: 9371K(9728K)->9371K(9728K)
[2026-10-07T19:03:59.264+0000][304.434s][info][gc             ] GC(120) Pause Young (Allocation Failure) 43M->27M(59M) 12.971ms
[2026-10-07T19:03:59.264+0000][304.434s][info][gc,cpu         ] GC(120) User=0.01s Sys=0.00s Real=0.02s
[2026-10-07T19:04:02.114+0000][307.284s][info][gc,start       ] GC(121) Pause Young (Allocation Failure)
[2026-10-07T19:04:02.124+0000][307.294s][info][gc,heap        ] GC(121) DefNew: 18636K(19136K)->1052K(19136K) Eden: 17024K(17024K)->0K(17024K) From: 1612K(2112K)->1052K(2112K)
[2026-10-07T19:04:02.124+0000][307.294s][info][gc,heap        ] GC(121) Tenured: 26940K(42196K)->28184K(42196K)
[2026-10-07T19:04:02.124+0000][307.294s][info][gc,metaspace   ] GC(121) Metaspace: 74301K(75072K)->74301K(75072K) NonClass: 64929K(65344K)->64929K(65344K) Class: 9371K(9728K)->9371K(9728K)
[2026-10-07T19:04:02.124+0000][307.294s][info][gc             ] GC(121) Pause Young (Allocation Failure) 44M->28M(59M) 9.841ms
[2026-10-07T19:04:02.124+0000][307.294s][info][gc,cpu         ] GC(121) User=0.01s Sys=0.00s Real=0.01s
[2026-10-07T19:04:05.014+0000][310.184s][info][gc,start       ] GC(122) Pause Young (Allocation Failure)
[2026-10-07T19:04:05.021+0000][310.191s][info][gc,heap        ] GC(122) DefNew: 18076K(19136K)->1600K(19136K) Eden: 17024K(17024K)->0K(17024K) From: 1052K(2112K)->1600K(2112K)
[2026-10-07T19:04:05.021+0000][310.191s][info][gc,heap        ] GC(122) Tenured: 28184K(42196K)->28184K(42196K)
[2026-10-07T19:04:05.021+0000][310.191s][info][gc,metaspace   ] GC(122) Metaspace: 74314K(75072K)->74314K(75072K) NonClass: 64943K(65344K)->64943K(65344K) Class: 9371K(9728K)->9371K(9728K)
[2026-10-07T19:04:05.021+0000][310.192s][info][gc             ] GC(122) Pause Young (Allocation Failure) 45M->29M(59M) 7.427ms
[2026-10-07T19:04:05.021+0000][310.192s][info][gc,cpu         ] GC(122) User=0.01s Sys=0.00s Real=0.00s
[2026-10-07T19:04:08.204+0000][313.375s][info][gc,start       ] GC(123) Pause Young (Allocation Failure)
[2026-10-07T19:04:08.212+0000][313.383s][info][gc,heap        ] GC(123) DefNew: 18624K(19136K)->1266K(19136K) Eden: 17024K(17024K)->0K(17024K) From: 1600K(2112K)->1266K(2112K)
[2026-10-07T19:04:08.212+0000][313.383s][info][gc,heap        ] GC(123) Tenured: 28184K(42196K)->28823K(42196K)
[2026-10-07T19:04:08.212+0000][313.383s][info][gc,metaspace   ] GC(123) Metaspace: 74330K(75136K)->74330K(75136K) NonClass: 64958K(65408K)->64958K(65408K) Class: 9371K(9728K)->9371K(9728K)
[2026-10-07T19:04:08.212+0000][313.383s][info][gc             ] GC(123) Pause Young (Allocation Failure) 45M->29M(59M) 7.911ms
[2026-10-07T19:04:08.212+0000][313.383s][info][gc,cpu         ] GC(123) User=0.01s Sys=0.00s Real=0.00s
[2026-10-07T19:04:11.148+0000][316.319s][info][gc,start       ] GC(124) Pause Young (Allocation Failure)
[2026-10-07T19:04:11.158+0000][316.328s][info][gc,heap        ] GC(124) DefNew: 18290K(19136K)->980K(19136K) Eden: 17024K(17024K)->0K(17024K) From: 1266K(2112K)->980K(2112K)
[2026-10-07T19:04:11.158+0000][316.328s][info][gc,heap        ] GC(124) Tenured: 28823K(42196K)->29383K(42196K)
[2026-10-07T19:04:11.158+0000][316.328s][info][gc,metaspace   ] GC(124) Metaspace: 74332K(75136K)->74332K(75136K) NonClass: 64961K(65408K)->64961K(65408K) Class: 9371K(9728K)->9371K(9728K)
[2026-10-07T19:04:11.159+0000][316.329s][info][gc             ] GC(124) Pause Young (Allocation Failure) 46M->29M(59M) 10.462ms
[2026-10-07T19:04:11.159+0000][316.329s][info][gc,cpu         ] GC(124) User=0.00s Sys=0.00s Real=0.01s
[2026-10-07T19:04:14.231+0000][319.402s][info][gc,start       ] GC(125) Pause Young (Allocation Failure)
[2026-10-07T19:04:14.240+0000][319.410s][info][gc,heap        ] GC(125) DefNew: 18004K(19136K)->1184K(19136K) Eden: 17024K(17024K)->0K(17024K) From: 980K(2112K)->1184K(2112K)
[2026-10-07T19:04:14.240+0000][319.410s][info][gc,heap        ] GC(125) Tenured: 29383K(42196K)->29383K(42196K)
[2026-10-07T19:04:14.240+0000][319.410s][info][gc,metaspace   ] GC(125) Metaspace: 74340K(75136K)->74340K(75136K) NonClass: 64969K(65408K)->64969K(65408K) Class: 9371K(9728K)->9371K(9728K)
[2026-10-07T19:04:14.240+0000][319.410s][info][gc             ] GC(125) Pause Young (Allocation Failure) 46M->29M(59M) 8.477ms
[2026-10-07T19:04:14.240+0000][319.410s][info][gc,cpu         ] GC(125) User=0.01s Sys=0.00s Real=0.01s
[2026-10-07T19:04:17.180+0000][322.351s][info][gc,start       ] GC(126) Pause Young (Allocation Failure)
[2026-10-07T19:04:17.188+0000][322.358s][info][gc,heap        ] GC(126) DefNew: 18208K(19136K)->934K(19136K) Eden: 17024K(17024K)->0K(17024K) From: 1184K(2112K)->934K(2112K)
[2026-10-07T19:04:17.188+0000][322.358s][info][gc,heap        ] GC(126) Tenured: 29383K(42196K)->29672K(42196K)
[2026-10-07T19:04:17.188+0000][322.358s][info][gc,metaspace   ] GC(126) Metaspace: 74344K(75136K)->74344K(75136K) NonClass: 64972K(65408K)->64972K(65408K) Class: 9371K(9728K)->9371K(9728K)
[2026-10-07T19:04:17.188+0000][322.359s][info][gc             ] GC(126) Pause Young (Allocation Failure) 46M->29M(59M) 7.968ms
[2026-10-07T19:04:17.188+0000][322.359s][info][gc,cpu         ] GC(126) User=0.00s Sys=0.00s Real=0.01s
[2026-10-07T19:04:20.461+0000][325.631s][info][gc,start       ] GC(127) Pause Young (Allocation Failure)
[2026-10-07T19:04:20.469+0000][325.639s][info][gc,heap        ] GC(127) DefNew: 17958K(19136K)->925K(19136K) Eden: 17024K(17024K)->0K(17024K) From: 934K(2112K)->925K(2112K)
[2026-10-07T19:04:20.469+0000][325.639s][info][gc,heap        ] GC(127) Tenured: 29672K(42196K)->29672K(42196K)
[2026-10-07T19:04:20.469+0000][325.639s][info][gc,metaspace   ] GC(127) Metaspace: 74374K(75136K)->74374K(75136K) NonClass: 64996K(65408K)->64996K(65408K) Class: 9377K(9728K)->9377K(9728K)
[2026-10-07T19:04:20.469+0000][325.640s][info][gc             ] GC(127) Pause Young (Allocation Failure) 46M->29M(59M) 8.331ms
[2026-10-07T19:04:20.469+0000][325.640s][info][gc,cpu         ] GC(127) User=0.01s Sys=0.01s Real=0.01s
[2026-10-07T19:04:23.355+0000][328.526s][info][gc,start       ] GC(128) Pause Young (Allocation Failure)
[2026-10-07T19:04:23.364+0000][328.534s][info][gc,heap        ] GC(128) DefNew: 17949K(19136K)->1147K(19136K) Eden: 17024K(17024K)->0K(17024K) From: 925K(2112K)->1147K(2112K)
[2026-10-07T19:04:23.364+0000][328.535s][info][gc,heap        ] GC(128) Tenured: 29672K(42196K)->29672K(42196K)
[2026-10-07T19:04:23.364+0000][328.535s][info][gc,metaspace   ] GC(128) Metaspace: 74383K(75200K)->74383K(75200K) NonClass: 65005K(65472K)->65005K(65472K) Class: 9377K(9728K)->9377K(9728K)
[2026-10-07T19:04:23.364+0000][328.535s][info][gc             ] GC(128) Pause Young (Allocation Failure) 46M->30M(59M) 8.966ms
[2026-10-07T19:04:23.364+0000][328.535s][info][gc,cpu         ] GC(128) User=0.01s Sys=0.00s Real=0.01s
[2026-10-07T19:04:26.469+0000][331.639s][info][gc,start       ] GC(129) Pause Young (Allocation Failure)
[2026-10-07T19:04:26.476+0000][331.646s][info][gc,heap        ] GC(129) DefNew: 18171K(19136K)->986K(19136K) Eden: 17024K(17024K)->0K(17024K) From: 1147K(2112K)->986K(2112K)
[2026-10-07T19:04:26.476+0000][331.646s][info][gc,heap        ] GC(129) Tenured: 29672K(42196K)->29892K(42196K)
[2026-10-07T19:04:26.476+0000][331.646s][info][gc,metaspace   ] GC(129) Metaspace: 74384K(75200K)->74384K(75200K) NonClass: 65006K(65472K)->65006K(65472K) Class: 9377K(9728K)->9377K(9728K)
[2026-10-07T19:04:26.476+0000][331.646s][info][gc             ] GC(129) Pause Young (Allocation Failure) 46M->30M(59M) 7.131ms
[2026-10-07T19:04:26.476+0000][331.646s][info][gc,cpu         ] GC(129) User=0.01s Sys=0.00s Real=0.01s
[2026-10-07T19:04:29.535+0000][334.706s][info][gc,start       ] GC(130) Pause Young (Allocation Failure)
[2026-10-07T19:04:29.543+0000][334.713s][info][gc,heap        ] GC(130) DefNew: 18010K(19136K)->1068K(19136K) Eden: 17024K(17024K)->0K(17024K) From: 986K(2112K)->1068K(2112K)
[2026-10-07T19:04:29.543+0000][334.714s][info][gc,heap        ] GC(130) Tenured: 29892K(42196K)->29892K(42196K)
[2026-10-07T19:04:29.543+0000][334.714s][info][gc,metaspace   ] GC(130) Metaspace: 74388K(75200K)->74388K(75200K) NonClass: 65010K(65472K)->65010K(65472K) Class: 9377K(9728K)->9377K(9728K)
[2026-10-07T19:04:29.543+0000][334.714s][info][gc             ] GC(130) Pause Young (Allocation Failure) 46M->30M(59M) 8.123ms
[2026-10-07T19:04:29.543+0000][334.714s][info][gc,cpu         ] GC(130) User=0.01s Sys=0.00s Real=0.00s
[2026-10-07T19:04:32.641+0000][337.811s][info][gc,start       ] GC(131) Pause Young (Allocation Failure)
[2026-10-07T19:04:32.648+0000][337.819s][info][gc,heap        ] GC(131) DefNew: 18092K(19136K)->953K(19136K) Eden: 17024K(17024K)->0K(17024K) From: 1068K(2112K)->953K(2112K)
[2026-10-07T19:04:32.649+0000][337.819s][info][gc,heap        ] GC(131) Tenured: 29892K(42196K)->30076K(42196K)
[2026-10-07T19:04:32.649+0000][337.819s][info][gc,metaspace   ] GC(131) Metaspace: 74395K(75200K)->74395K(75200K) NonClass: 65017K(65472K)->65017K(65472K) Class: 9377K(9728K)->9377K(9728K)
[2026-10-07T19:04:32.649+0000][337.819s][info][gc             ] GC(131) Pause Young (Allocation Failure) 46M->30M(59M) 7.874ms
[2026-10-07T19:04:32.649+0000][337.819s][info][gc,cpu         ] GC(131) User=0.01s Sys=0.00s Real=0.01s
[2026-10-07T19:04:35.990+0000][341.160s][info][gc,start       ] GC(132) Pause Young (Allocation Failure)
[2026-10-07T19:04:35.998+0000][341.168s][info][gc,heap        ] GC(132) DefNew: 17977K(19136K)->940K(19136K) Eden: 17024K(17024K)->0K(17024K) From: 953K(2112K)->940K(2112K)
[2026-10-07T19:04:35.998+0000][341.168s][info][gc,heap        ] GC(132) Tenured: 30076K(42196K)->30076K(42196K)
[2026-10-07T19:04:35.998+0000][341.168s][info][gc,metaspace   ] GC(132) Metaspace: 74395K(75200K)->74395K(75200K) NonClass: 65017K(65472K)->65017K(65472K) Class: 9377K(9728K)->9377K(9728K)
[2026-10-07T19:04:35.998+0000][341.168s][info][gc             ] GC(132) Pause Young (Allocation Failure) 46M->30M(59M) 8.232ms
[2026-10-07T19:04:35.998+0000][341.168s][info][gc,cpu         ] GC(132) User=0.01s Sys=0.00s Real=0.01s
[2026-10-07T19:04:39.067+0000][344.238s][info][gc,start       ] GC(133) Pause Young (Allocation Failure)
[2026-10-07T19:04:39.075+0000][344.245s][info][gc,heap        ] GC(133) DefNew: 17964K(19136K)->1072K(19136K) Eden: 17024K(17024K)->0K(17024K) From: 940K(2112K)->1072K(2112K)
[2026-10-07T19:04:39.075+0000][344.245s][info][gc,heap        ] GC(133) Tenured: 30076K(42196K)->30076K(42196K)
[2026-10-07T19:04:39.075+0000][344.245s][info][gc,metaspace   ] GC(133) Metaspace: 74399K(75200K)->74399K(75200K) NonClass: 65021K(65472K)->65021K(65472K) Class: 9377K(9728K)->9377K(9728K)
[2026-10-07T19:04:39.075+0000][344.246s][info][gc             ] GC(133) Pause Young (Allocation Failure) 46M->30M(59M) 7.729ms
[2026-10-07T19:04:39.075+0000][344.246s][info][gc,cpu         ] GC(133) User=0.01s Sys=0.00s Real=0.01s
[2026-10-07T19:04:42.266+0000][347.436s][info][gc,start       ] GC(134) Pause Young (Allocation Failure)
[2026-10-07T19:04:42.275+0000][347.445s][info][gc,heap        ] GC(134) DefNew: 18096K(19136K)->1049K(19136K) Eden: 17024K(17024K)->0K(17024K) From: 1072K(2112K)->1049K(2112K)
[2026-10-07T19:04:42.275+0000][347.445s][info][gc,heap        ] GC(134) Tenured: 30076K(42196K)->30125K(42196K)
[2026-10-07T19:04:42.275+0000][347.445s][info][gc,metaspace   ] GC(134) Metaspace: 74402K(75200K)->74402K(75200K) NonClass: 65024K(65472K)->65024K(65472K) Class: 9377K(9728K)->9377K(9728K)
[2026-10-07T19:04:42.275+0000][347.446s][info][gc             ] GC(134) Pause Young (Allocation Failure) 47M->30M(59M) 9.432ms
[2026-10-07T19:04:42.275+0000][347.446s][info][gc,cpu         ] GC(134) User=0.00s Sys=0.00s Real=0.01s
[2026-10-07T19:04:45.141+0000][350.312s][info][gc,start       ] GC(135) Pause Young (Allocation Failure)
[2026-10-07T19:04:45.150+0000][350.320s][info][gc,heap        ] GC(135) DefNew: 18073K(19136K)->1080K(19136K) Eden: 17024K(17024K)->0K(17024K) From: 1049K(2112K)->1080K(2112K)
[2026-10-07T19:04:45.150+0000][350.320s][info][gc,heap        ] GC(135) Tenured: 30125K(42196K)->30125K(42196K)
[2026-10-07T19:04:45.150+0000][350.320s][info][gc,metaspace   ] GC(135) Metaspace: 74413K(75200K)->74413K(75200K) NonClass: 65035K(65472K)->65035K(65472K) Class: 9377K(9728K)->9377K(9728K)
[2026-10-07T19:04:45.150+0000][350.321s][info][gc             ] GC(135) Pause Young (Allocation Failure) 47M->30M(59M) 8.789ms
[2026-10-07T19:04:45.150+0000][350.321s][info][gc,cpu         ] GC(135) User=0.01s Sys=0.00s Real=0.01s
[2026-10-07T19:04:48.386+0000][353.557s][info][gc,start       ] GC(136) Pause Young (Allocation Failure)
[2026-10-07T19:04:48.394+0000][353.564s][info][gc,heap        ] GC(136) DefNew: 18104K(19136K)->1099K(19136K) Eden: 17024K(17024K)->0K(17024K) From: 1080K(2112K)->1099K(2112K)
[2026-10-07T19:04:48.394+0000][353.564s][info][gc,heap        ] GC(136) Tenured: 30125K(42196K)->30198K(42196K)
[2026-10-07T19:04:48.394+0000][353.564s][info][gc,metaspace   ] GC(136) Metaspace: 74413K(75200K)->74413K(75200K) NonClass: 65035K(65472K)->65035K(65472K) Class: 9377K(9728K)->9377K(9728K)
[2026-10-07T19:04:48.395+0000][353.565s][info][gc             ] GC(136) Pause Young (Allocation Failure) 47M->30M(59M) 8.658ms
[2026-10-07T19:04:48.396+0000][353.566s][info][gc,cpu         ] GC(136) User=0.01s Sys=0.00s Real=0.01s
[2026-10-07T19:04:51.536+0000][356.706s][info][gc,start       ] GC(137) Pause Young (Allocation Failure)
[2026-10-07T19:04:51.544+0000][356.715s][info][gc,heap        ] GC(137) DefNew: 18123K(19136K)->969K(19136K) Eden: 17024K(17024K)->0K(17024K) From: 1099K(2112K)->969K(2112K)
[2026-10-07T19:04:51.544+0000][356.715s][info][gc,heap        ] GC(137) Tenured: 30198K(42196K)->30339K(42196K)
[2026-10-07T19:04:51.544+0000][356.715s][info][gc,metaspace   ] GC(137) Metaspace: 74414K(75200K)->74414K(75200K) NonClass: 65036K(65472K)->65036K(65472K) Class: 9377K(9728K)->9377K(9728K)
[2026-10-07T19:04:51.544+0000][356.715s][info][gc             ] GC(137) Pause Young (Allocation Failure) 47M->30M(59M) 8.785ms
[2026-10-07T19:04:51.545+0000][356.715s][info][gc,cpu         ] GC(137) User=0.00s Sys=0.00s Real=0.01s
[2026-10-07T19:04:54.698+0000][359.868s][info][gc,start       ] GC(138) Pause Young (Allocation Failure)
[2026-10-07T19:04:54.704+0000][359.875s][info][gc,heap        ] GC(138) DefNew: 17966K(19136K)->1201K(19136K) Eden: 16996K(17024K)->0K(17024K) From: 969K(2112K)->1201K(2112K)
[2026-10-07T19:04:54.704+0000][359.875s][info][gc,heap        ] GC(138) Tenured: 30339K(42196K)->30339K(42196K)
[2026-10-07T19:04:54.704+0000][359.875s][info][gc,metaspace   ] GC(138) Metaspace: 74414K(75200K)->74414K(75200K) NonClass: 65036K(65472K)->65036K(65472K) Class: 9377K(9728K)->9377K(9728K)
[2026-10-07T19:04:54.705+0000][359.875s][info][gc             ] GC(138) Pause Young (Allocation Failure) 47M->30M(59M) 6.895ms
[2026-10-07T19:04:54.705+0000][359.875s][info][gc,cpu         ] GC(138) User=0.01s Sys=0.00s Real=0.01s
[2026-10-07T19:04:58.092+0000][363.262s][info][gc,start       ] GC(139) Pause Young (Allocation Failure)
[2026-10-07T19:04:58.101+0000][363.271s][info][gc,heap        ] GC(139) DefNew: 18225K(19136K)->907K(19136K) Eden: 17024K(17024K)->0K(17024K) From: 1201K(2112K)->907K(2112K)
[2026-10-07T19:04:58.101+0000][363.271s][info][gc,heap        ] GC(139) Tenured: 30339K(42196K)->30486K(42196K)
[2026-10-07T19:04:58.101+0000][363.271s][info][gc,metaspace   ] GC(139) Metaspace: 74419K(75200K)->74419K(75200K) NonClass: 65041K(65472K)->65041K(65472K) Class: 9377K(9728K)->9377K(9728K)
[2026-10-07T19:04:58.101+0000][363.271s][info][gc             ] GC(139) Pause Young (Allocation Failure) 47M->30M(59M) 9.091ms
[2026-10-07T19:04:58.101+0000][363.271s][info][gc,cpu         ] GC(139) User=0.01s Sys=0.00s Real=0.01s
[2026-10-07T19:05:01.036+0000][366.206s][info][gc,start       ] GC(140) Pause Young (Allocation Failure)
[2026-10-07T19:05:01.043+0000][366.214s][info][gc,heap        ] GC(140) DefNew: 17931K(19136K)->911K(19136K) Eden: 17024K(17024K)->0K(17024K) From: 907K(2112K)->911K(2112K)
[2026-10-07T19:05:01.043+0000][366.214s][info][gc,heap        ] GC(140) Tenured: 30486K(42196K)->30486K(42196K)
[2026-10-07T19:05:01.043+0000][366.214s][info][gc,metaspace   ] GC(140) Metaspace: 74420K(75200K)->74420K(75200K) NonClass: 65042K(65472K)->65042K(65472K) Class: 9377K(9728K)->9377K(9728K)
[2026-10-07T19:05:01.043+0000][366.214s][info][gc             ] GC(140) Pause Young (Allocation Failure) 47M->30M(59M) 7.438ms
[2026-10-07T19:05:01.043+0000][366.214s][info][gc,cpu         ] GC(140) User=0.00s Sys=0.00s Real=0.00s
[2026-10-07T19:05:04.060+0000][369.230s][info][gc,start       ] GC(141) Pause Young (Allocation Failure)
[2026-10-07T19:05:04.070+0000][369.240s][info][gc,heap        ] GC(141) DefNew: 17935K(19136K)->1035K(19136K) Eden: 17024K(17024K)->0K(17024K) From: 911K(2112K)->1035K(2112K)
[2026-10-07T19:05:04.070+0000][369.240s][info][gc,heap        ] GC(141) Tenured: 30486K(42196K)->30486K(42196K)
[2026-10-07T19:05:04.070+0000][369.240s][info][gc,metaspace   ] GC(141) Metaspace: 74420K(75200K)->74420K(75200K) NonClass: 65042K(65472K)->65042K(65472K) Class: 9377K(9728K)->9377K(9728K)
[2026-10-07T19:05:04.070+0000][369.241s][info][gc             ] GC(141) Pause Young (Allocation Failure) 47M->30M(59M) 10.727ms
[2026-10-07T19:05:04.070+0000][369.241s][info][gc,cpu         ] GC(141) User=0.01s Sys=0.00s Real=0.01s
[2026-10-07T19:05:07.101+0000][372.271s][info][gc,start       ] GC(142) Pause Young (Allocation Failure)
[2026-10-07T19:05:07.112+0000][372.282s][info][gc,heap        ] GC(142) DefNew: 18059K(19136K)->1047K(19136K) Eden: 17024K(17024K)->0K(17024K) From: 1035K(2112K)->1047K(2112K)
[2026-10-07T19:05:07.112+0000][372.283s][info][gc,heap        ] GC(142) Tenured: 30486K(42196K)->30486K(42196K)
[2026-10-07T19:05:07.112+0000][372.283s][info][gc,metaspace   ] GC(142) Metaspace: 74423K(75200K)->74423K(75200K) NonClass: 65045K(65472K)->65045K(65472K) Class: 9377K(9728K)->9377K(9728K)
[2026-10-07T19:05:07.112+0000][372.283s][info][gc             ] GC(142) Pause Young (Allocation Failure) 47M->30M(59M) 11.349ms
[2026-10-07T19:05:07.112+0000][372.283s][info][gc,cpu         ] GC(142) User=0.01s Sys=0.00s Real=0.01s
[2026-10-07T19:05:10.433+0000][375.603s][info][gc,start       ] GC(143) Pause Young (Allocation Failure)
[2026-10-07T19:05:10.440+0000][375.610s][info][gc,heap        ] GC(143) DefNew: 18071K(19136K)->1014K(19136K) Eden: 17024K(17024K)->0K(17024K) From: 1047K(2112K)->1014K(2112K)
[2026-10-07T19:05:10.440+0000][375.610s][info][gc,heap        ] GC(143) Tenured: 30486K(42196K)->30486K(42196K)
[2026-10-07T19:05:10.440+0000][375.610s][info][gc,metaspace   ] GC(143) Metaspace: 74425K(75200K)->74425K(75200K) NonClass: 65047K(65472K)->65047K(65472K) Class: 9377K(9728K)->9377K(9728K)
[2026-10-07T19:05:10.440+0000][375.610s][info][gc             ] GC(143) Pause Young (Allocation Failure) 47M->30M(59M) 7.105ms
[2026-10-07T19:05:10.440+0000][375.611s][info][gc,cpu         ] GC(143) User=0.01s Sys=0.00s Real=0.01s
[2026-10-07T19:05:13.539+0000][378.710s][info][gc,start       ] GC(144) Pause Young (Allocation Failure)
[2026-10-07T19:05:13.546+0000][378.717s][info][gc,heap        ] GC(144) DefNew: 18038K(19136K)->1102K(19136K) Eden: 17024K(17024K)->0K(17024K) From: 1014K(2112K)->1102K(2112K)
[2026-10-07T19:05:13.546+0000][378.717s][info][gc,heap        ] GC(144) Tenured: 30486K(42196K)->30486K(42196K)
[2026-10-07T19:05:13.546+0000][378.717s][info][gc,metaspace   ] GC(144) Metaspace: 74428K(75200K)->74428K(75200K) NonClass: 65050K(65472K)->65050K(65472K) Class: 9377K(9728K)->9377K(9728K)
[2026-10-07T19:05:13.546+0000][378.717s][info][gc             ] GC(144) Pause Young (Allocation Failure) 47M->30M(59M) 6.908ms
[2026-10-07T19:05:13.546+0000][378.717s][info][gc,cpu         ] GC(144) User=0.00s Sys=0.00s Real=0.01s
[2026-10-07T19:05:16.705+0000][381.875s][info][gc,start       ] GC(145) Pause Young (Allocation Failure)
[2026-10-07T19:05:16.712+0000][381.882s][info][gc,heap        ] GC(145) DefNew: 18126K(19136K)->1082K(19136K) Eden: 17024K(17024K)->0K(17024K) From: 1102K(2112K)->1082K(2112K)
[2026-10-07T19:05:16.712+0000][381.882s][info][gc,heap        ] GC(145) Tenured: 30486K(42196K)->30538K(42196K)
[2026-10-07T19:05:16.712+0000][381.882s][info][gc,metaspace   ] GC(145) Metaspace: 74429K(75200K)->74429K(75200K) NonClass: 65051K(65472K)->65051K(65472K) Class: 9377K(9728K)->9377K(9728K)
[2026-10-07T19:05:16.712+0000][381.882s][info][gc             ] GC(145) Pause Young (Allocation Failure) 47M->30M(59M) 6.971ms
[2026-10-07T19:05:16.712+0000][381.882s][info][gc,cpu         ] GC(145) User=0.00s Sys=0.00s Real=0.00s
[2026-10-07T19:05:19.815+0000][384.985s][info][gc,start       ] GC(146) Pause Young (Allocation Failure)
[2026-10-07T19:05:19.822+0000][384.992s][info][gc,heap        ] GC(146) DefNew: 18106K(19136K)->1032K(19136K) Eden: 17024K(17024K)->0K(17024K) From: 1082K(2112K)->1032K(2112K)
[2026-10-07T19:05:19.822+0000][384.992s][info][gc,heap        ] GC(146) Tenured: 30538K(42196K)->30586K(42196K)
[2026-10-07T19:05:19.822+0000][384.992s][info][gc,metaspace   ] GC(146) Metaspace: 74431K(75200K)->74431K(75200K) NonClass: 65053K(65472K)->65053K(65472K) Class: 9377K(9728K)->9377K(9728K)
[2026-10-07T19:05:19.823+0000][384.993s][info][gc             ] GC(146) Pause Young (Allocation Failure) 47M->30M(59M) 6.904ms
[2026-10-07T19:05:19.823+0000][384.993s][info][gc,cpu         ] GC(146) User=0.01s Sys=0.00s Real=0.00s
[2026-10-07T19:05:22.970+0000][388.141s][info][gc,start       ] GC(147) Pause Young (Allocation Failure)
[2026-10-07T19:05:22.977+0000][388.148s][info][gc,heap        ] GC(147) DefNew: 18048K(19136K)->1127K(19136K) Eden: 17016K(17024K)->0K(17024K) From: 1032K(2112K)->1127K(2112K)
[2026-10-07T19:05:22.977+0000][388.148s][info][gc,heap        ] GC(147) Tenured: 30586K(42196K)->30586K(42196K)
[2026-10-07T19:05:22.977+0000][388.148s][info][gc,metaspace   ] GC(147) Metaspace: 74433K(75200K)->74433K(75200K) NonClass: 65055K(65472K)->65055K(65472K) Class: 9377K(9728K)->9377K(9728K)
[2026-10-07T19:05:22.977+0000][388.148s][info][gc             ] GC(147) Pause Young (Allocation Failure) 47M->30M(59M) 6.972ms
[2026-10-07T19:05:22.977+0000][388.148s][info][gc,cpu         ] GC(147) User=0.01s Sys=0.00s Real=0.01s
[2026-10-07T19:05:26.098+0000][391.268s][info][gc,start       ] GC(148) Pause Young (Allocation Failure)
[2026-10-07T19:05:26.105+0000][391.276s][info][gc,heap        ] GC(148) DefNew: 18151K(19136K)->1014K(19136K) Eden: 17024K(17024K)->0K(17024K) From: 1127K(2112K)->1014K(2112K)
[2026-10-07T19:05:26.105+0000][391.276s][info][gc,heap        ] GC(148) Tenured: 30586K(42196K)->30677K(42196K)
[2026-10-07T19:05:26.105+0000][391.276s][info][gc,metaspace   ] GC(148) Metaspace: 74434K(75200K)->74434K(75200K) NonClass: 65056K(65472K)->65056K(65472K) Class: 9377K(9728K)->9377K(9728K)
[2026-10-07T19:05:26.105+0000][391.276s][info][gc             ] GC(148) Pause Young (Allocation Failure) 47M->30M(59M) 7.685ms
[2026-10-07T19:05:26.105+0000][391.276s][info][gc,cpu         ] GC(148) User=0.01s Sys=0.00s Real=0.01s
[2026-10-07T19:05:29.084+0000][394.254s][info][gc,start       ] GC(149) Pause Young (Allocation Failure)
[2026-10-07T19:05:29.092+0000][394.262s][info][gc,heap        ] GC(149) DefNew: 18038K(19136K)->1128K(19136K) Eden: 17024K(17024K)->0K(17024K) From: 1014K(2112K)->1128K(2112K)
[2026-10-07T19:05:29.092+0000][394.262s][info][gc,heap        ] GC(149) Tenured: 30677K(42196K)->30677K(42196K)
[2026-10-07T19:05:29.092+0000][394.262s][info][gc,metaspace   ] GC(149) Metaspace: 74436K(75200K)->74436K(75200K) NonClass: 65058K(65472K)->65058K(65472K) Class: 9377K(9728K)->9377K(9728K)
[2026-10-07T19:05:29.093+0000][394.263s][info][gc             ] GC(149) Pause Young (Allocation Failure) 47M->31M(59M) 9.049ms
[2026-10-07T19:05:29.093+0000][394.263s][info][gc,cpu         ] GC(149) User=0.00s Sys=0.00s Real=0.01s
[2026-10-07T19:05:32.443+0000][397.613s][info][gc,start       ] GC(150) Pause Young (Allocation Failure)
[2026-10-07T19:05:32.453+0000][397.623s][info][gc,heap        ] GC(150) DefNew: 18152K(19136K)->1031K(19136K) Eden: 17024K(17024K)->0K(17024K) From: 1128K(2112K)->1031K(2112K)
[2026-10-07T19:05:32.453+0000][397.623s][info][gc,heap        ] GC(150) Tenured: 30677K(42196K)->30781K(42196K)
[2026-10-07T19:05:32.453+0000][397.623s][info][gc,metaspace   ] GC(150) Metaspace: 74437K(75200K)->74437K(75200K) NonClass: 65059K(65472K)->65059K(65472K) Class: 9377K(9728K)->9377K(9728K)
[2026-10-07T19:05:32.453+0000][397.624s][info][gc             ] GC(150) Pause Young (Allocation Failure) 47M->31M(59M) 10.711ms
[2026-10-07T19:05:32.453+0000][397.624s][info][gc,cpu         ] GC(150) User=0.01s Sys=0.00s Real=0.01s
[2026-10-07T19:05:35.469+0000][400.639s][info][gc,start       ] GC(151) Pause Young (Allocation Failure)
[2026-10-07T19:05:35.476+0000][400.646s][info][gc,heap        ] GC(151) DefNew: 18055K(19136K)->1091K(19136K) Eden: 17024K(17024K)->0K(17024K) From: 1031K(2112K)->1091K(2112K)
[2026-10-07T19:05:35.476+0000][400.646s][info][gc,heap        ] GC(151) Tenured: 30781K(42196K)->30781K(42196K)
[2026-10-07T19:05:35.476+0000][400.646s][info][gc,metaspace   ] GC(151) Metaspace: 74437K(75200K)->74437K(75200K) NonClass: 65059K(65472K)->65059K(65472K) Class: 9377K(9728K)->9377K(9728K)
[2026-10-07T19:05:35.476+0000][400.646s][info][gc             ] GC(151) Pause Young (Allocation Failure) 47M->31M(59M) 6.815ms
[2026-10-07T19:05:35.476+0000][400.646s][info][gc,cpu         ] GC(151) User=0.01s Sys=0.00s Real=0.01s
[2026-10-07T19:05:38.449+0000][403.620s][info][gc,start       ] GC(152) Pause Young (Allocation Failure)
[2026-10-07T19:05:38.458+0000][403.628s][info][gc,heap        ] GC(152) DefNew: 18115K(19136K)->1166K(19136K) Eden: 17024K(17024K)->0K(17024K) From: 1091K(2112K)->1166K(2112K)
[2026-10-07T19:05:38.458+0000][403.628s][info][gc,heap        ] GC(152) Tenured: 30781K(42196K)->30830K(42196K)
[2026-10-07T19:05:38.458+0000][403.628s][info][gc,metaspace   ] GC(152) Metaspace: 74439K(75200K)->74439K(75200K) NonClass: 65061K(65472K)->65061K(65472K) Class: 9377K(9728K)->9377K(9728K)
[2026-10-07T19:05:38.458+0000][403.628s][info][gc             ] GC(152) Pause Young (Allocation Failure) 47M->31M(59M) 8.277ms
[2026-10-07T19:05:38.458+0000][403.629s][info][gc,cpu         ] GC(152) User=0.00s Sys=0.00s Real=0.01s
[2026-10-07T19:05:41.360+0000][406.530s][info][gc,start       ] GC(153) Pause Young (Allocation Failure)
[2026-10-07T19:05:41.369+0000][406.539s][info][gc,heap        ] GC(153) DefNew: 18190K(19136K)->1040K(19136K) Eden: 17024K(17024K)->0K(17024K) From: 1166K(2112K)->1040K(2112K)
[2026-10-07T19:05:41.369+0000][406.539s][info][gc,heap        ] GC(153) Tenured: 30830K(42196K)->30956K(42196K)
[2026-10-07T19:05:41.369+0000][406.539s][info][gc,metaspace   ] GC(153) Metaspace: 74442K(75200K)->74442K(75200K) NonClass: 65064K(65472K)->65064K(65472K) Class: 9377K(9728K)->9377K(9728K)
[2026-10-07T19:05:41.369+0000][406.539s][info][gc             ] GC(153) Pause Young (Allocation Failure) 47M->31M(59M) 9.253ms
[2026-10-07T19:05:41.369+0000][406.539s][info][gc,cpu         ] GC(153) User=0.00s Sys=0.00s Real=0.01s
[2026-10-07T19:05:44.339+0000][409.509s][info][gc,start       ] GC(154) Pause Young (Allocation Failure)
[2026-10-07T19:05:44.352+0000][409.522s][info][gc,heap        ] GC(154) DefNew: 18064K(19136K)->1109K(19136K) Eden: 17024K(17024K)->0K(17024K) From: 1040K(2112K)->1109K(2112K)
[2026-10-07T19:05:44.353+0000][409.523s][info][gc,heap        ] GC(154) Tenured: 30956K(42196K)->30956K(42196K)
[2026-10-07T19:05:44.353+0000][409.523s][info][gc,metaspace   ] GC(154) Metaspace: 74452K(75200K)->74452K(75200K) NonClass: 65073K(65472K)->65073K(65472K) Class: 9378K(9728K)->9378K(9728K)
[2026-10-07T19:05:44.353+0000][409.523s][info][gc             ] GC(154) Pause Young (Allocation Failure) 47M->31M(59M) 14.409ms
[2026-10-07T19:05:44.353+0000][409.523s][info][gc,cpu         ] GC(154) User=0.01s Sys=0.00s Real=0.01s
[2026-10-07T19:05:47.693+0000][412.863s][info][gc,start       ] GC(155) Pause Young (Allocation Failure)
[2026-10-07T19:05:47.699+0000][412.870s][info][gc,heap        ] GC(155) DefNew: 18133K(19136K)->942K(19136K) Eden: 17024K(17024K)->0K(17024K) From: 1109K(2112K)->942K(2112K)
[2026-10-07T19:05:47.699+0000][412.870s][info][gc,heap        ] GC(155) Tenured: 30956K(42196K)->31050K(42196K)
[2026-10-07T19:05:47.699+0000][412.870s][info][gc,metaspace   ] GC(155) Metaspace: 74453K(75200K)->74453K(75200K) NonClass: 65075K(65472K)->65075K(65472K) Class: 9378K(9728K)->9378K(9728K)
[2026-10-07T19:05:47.699+0000][412.870s][info][gc             ] GC(155) Pause Young (Allocation Failure) 47M->31M(59M) 6.714ms
[2026-10-07T19:05:47.701+0000][412.872s][info][gc,cpu         ] GC(155) User=0.00s Sys=0.00s Real=0.01s
[2026-10-07T19:05:50.668+0000][415.839s][info][gc,start       ] GC(156) Pause Young (Allocation Failure)
[2026-10-07T19:05:50.681+0000][415.852s][info][gc,heap        ] GC(156) DefNew: 17966K(19136K)->972K(19136K) Eden: 17024K(17024K)->0K(17024K) From: 942K(2112K)->972K(2112K)
[2026-10-07T19:05:50.681+0000][415.852s][info][gc,heap        ] GC(156) Tenured: 31050K(42196K)->31050K(42196K)
[2026-10-07T19:05:50.681+0000][415.852s][info][gc,metaspace   ] GC(156) Metaspace: 74469K(75264K)->74469K(75264K) NonClass: 65090K(65536K)->65090K(65536K) Class: 9378K(9728K)->9378K(9728K)
[2026-10-07T19:05:50.682+0000][415.852s][info][gc             ] GC(156) Pause Young (Allocation Failure) 47M->31M(59M) 13.054ms
[2026-10-07T19:05:50.682+0000][415.852s][info][gc,cpu         ] GC(156) User=0.00s Sys=0.00s Real=0.01s
[2026-10-07T19:05:53.714+0000][418.884s][info][gc,start       ] GC(157) Pause Young (Allocation Failure)
[2026-10-07T19:05:53.722+0000][418.892s][info][gc,heap        ] GC(157) DefNew: 17996K(19136K)->1041K(19136K) Eden: 17024K(17024K)->0K(17024K) From: 972K(2112K)->1041K(2112K)
[2026-10-07T19:05:53.722+0000][418.893s][info][gc,heap        ] GC(157) Tenured: 31050K(42196K)->31050K(42196K)
[2026-10-07T19:05:53.722+0000][418.893s][info][gc,metaspace   ] GC(157) Metaspace: 74475K(75264K)->74475K(75264K) NonClass: 65096K(65536K)->65096K(65536K) Class: 9378K(9728K)->9378K(9728K)
[2026-10-07T19:05:53.722+0000][418.893s][info][gc             ] GC(157) Pause Young (Allocation Failure) 47M->31M(59M) 8.280ms
[2026-10-07T19:05:53.722+0000][418.893s][info][gc,cpu         ] GC(157) User=0.01s Sys=0.00s Real=0.00s
[2026-10-07T19:05:56.802+0000][421.972s][info][gc,start       ] GC(158) Pause Young (Allocation Failure)
[2026-10-07T19:05:56.808+0000][421.978s][info][gc,heap        ] GC(158) DefNew: 18065K(19136K)->1066K(19136K) Eden: 17023K(17024K)->0K(17024K) From: 1041K(2112K)->1066K(2112K)
[2026-10-07T19:05:56.808+0000][421.978s][info][gc,heap        ] GC(158) Tenured: 31050K(42196K)->31050K(42196K)
[2026-10-07T19:05:56.808+0000][421.978s][info][gc,metaspace   ] GC(158) Metaspace: 74481K(75264K)->74481K(75264K) NonClass: 65103K(65536K)->65103K(65536K) Class: 9378K(9728K)->9378K(9728K)
[2026-10-07T19:05:56.808+0000][421.978s][info][gc             ] GC(158) Pause Young (Allocation Failure) 47M->31M(59M) 6.443ms
[2026-10-07T19:05:56.808+0000][421.979s][info][gc,cpu         ] GC(158) User=0.01s Sys=0.00s Real=0.01s
[2026-10-07T19:05:59.807+0000][424.978s][info][gc,start       ] GC(159) Pause Young (Allocation Failure)
[2026-10-07T19:05:59.815+0000][424.986s][info][gc,heap        ] GC(159) DefNew: 18090K(19136K)->1217K(19136K) Eden: 17024K(17024K)->0K(17024K) From: 1066K(2112K)->1217K(2112K)
[2026-10-07T19:05:59.816+0000][424.986s][info][gc,heap        ] GC(159) Tenured: 31050K(42196K)->31082K(42196K)
[2026-10-07T19:05:59.816+0000][424.986s][info][gc,metaspace   ] GC(159) Metaspace: 74486K(75264K)->74486K(75264K) NonClass: 65108K(65536K)->65108K(65536K) Class: 9378K(9728K)->9378K(9728K)
[2026-10-07T19:05:59.816+0000][424.986s][info][gc             ] GC(159) Pause Young (Allocation Failure) 47M->31M(59M) 8.652ms
[2026-10-07T19:05:59.816+0000][424.986s][info][gc,cpu         ] GC(159) User=0.01s Sys=0.01s Real=0.01s
[2026-10-07T19:06:02.897+0000][428.067s][info][gc,start       ] GC(160) Pause Young (Allocation Failure)
[2026-10-07T19:06:02.906+0000][428.076s][info][gc,heap        ] GC(160) DefNew: 18241K(19136K)->1057K(19136K) Eden: 17024K(17024K)->0K(17024K) From: 1217K(2112K)->1057K(2112K)
[2026-10-07T19:06:02.906+0000][428.076s][info][gc,heap        ] GC(160) Tenured: 31082K(42196K)->31280K(42196K)
[2026-10-07T19:06:02.906+0000][428.076s][info][gc,metaspace   ] GC(160) Metaspace: 74492K(75264K)->74492K(75264K) NonClass: 65113K(65536K)->65113K(65536K) Class: 9378K(9728K)->9378K(9728K)
[2026-10-07T19:06:02.906+0000][428.076s][info][gc             ] GC(160) Pause Young (Allocation Failure) 48M->31M(59M) 8.706ms
[2026-10-07T19:06:02.906+0000][428.076s][info][gc,cpu         ] GC(160) User=0.01s Sys=0.00s Real=0.01s
[2026-10-07T19:06:06.149+0000][431.320s][info][gc,start       ] GC(161) Pause Young (Allocation Failure)
[2026-10-07T19:06:06.157+0000][431.327s][info][gc,heap        ] GC(161) DefNew: 18081K(19136K)->992K(19136K) Eden: 17024K(17024K)->0K(17024K) From: 1057K(2112K)->992K(2112K)
[2026-10-07T19:06:06.157+0000][431.327s][info][gc,heap        ] GC(161) Tenured: 31280K(42196K)->31313K(42196K)
[2026-10-07T19:06:06.157+0000][431.327s][info][gc,metaspace   ] GC(161) Metaspace: 74492K(75264K)->74492K(75264K) NonClass: 65113K(65536K)->65113K(65536K) Class: 9378K(9728K)->9378K(9728K)
[2026-10-07T19:06:06.157+0000][431.327s][info][gc             ] GC(161) Pause Young (Allocation Failure) 48M->31M(59M) 7.393ms
[2026-10-07T19:06:06.157+0000][431.327s][info][gc,cpu         ] GC(161) User=0.01s Sys=0.00s Real=0.01s
[2026-10-07T19:06:09.341+0000][434.512s][info][gc,start       ] GC(162) Pause Young (Allocation Failure)
[2026-10-07T19:06:09.348+0000][434.518s][info][gc,heap        ] GC(162) DefNew: 18016K(19136K)->1125K(19136K) Eden: 17024K(17024K)->0K(17024K) From: 992K(2112K)->1125K(2112K)
[2026-10-07T19:06:09.348+0000][434.518s][info][gc,heap        ] GC(162) Tenured: 31313K(42196K)->31313K(42196K)
[2026-10-07T19:06:09.348+0000][434.518s][info][gc,metaspace   ] GC(162) Metaspace: 74498K(75264K)->74498K(75264K) NonClass: 65119K(65536K)->65119K(65536K) Class: 9378K(9728K)->9378K(9728K)
[2026-10-07T19:06:09.348+0000][434.518s][info][gc             ] GC(162) Pause Young (Allocation Failure) 48M->31M(59M) 6.691ms
[2026-10-07T19:06:09.348+0000][434.518s][info][gc,cpu         ] GC(162) User=0.01s Sys=0.00s Real=0.01s
[2026-10-07T19:06:12.313+0000][437.483s][info][gc,start       ] GC(163) Pause Young (Allocation Failure)
[2026-10-07T19:06:12.320+0000][437.490s][info][gc,heap        ] GC(163) DefNew: 18149K(19136K)->1100K(19136K) Eden: 17024K(17024K)->0K(17024K) From: 1125K(2112K)->1100K(2112K)
[2026-10-07T19:06:12.320+0000][437.490s][info][gc,heap        ] GC(163) Tenured: 31313K(42196K)->31383K(42196K)
[2026-10-07T19:06:12.320+0000][437.491s][info][gc,metaspace   ] GC(163) Metaspace: 74520K(75264K)->74520K(75264K) NonClass: 65141K(65536K)->65141K(65536K) Class: 9378K(9728K)->9378K(9728K)
[2026-10-07T19:06:12.320+0000][437.491s][info][gc             ] GC(163) Pause Young (Allocation Failure) 48M->31M(59M) 7.679ms
[2026-10-07T19:06:12.320+0000][437.491s][info][gc,cpu         ] GC(163) User=0.01s Sys=0.00s Real=0.01s
[2026-10-07T19:06:15.371+0000][440.541s][info][gc,start       ] GC(164) Pause Young (Allocation Failure)
[2026-10-07T19:06:15.378+0000][440.548s][info][gc,heap        ] GC(164) DefNew: 18124K(19136K)->966K(19136K) Eden: 17024K(17024K)->0K(17024K) From: 1100K(2112K)->966K(2112K)
[2026-10-07T19:06:15.378+0000][440.548s][info][gc,heap        ] GC(164) Tenured: 31383K(42196K)->31449K(42196K)
[2026-10-07T19:06:15.378+0000][440.548s][info][gc,metaspace   ] GC(164) Metaspace: 74539K(75328K)->74539K(75328K) NonClass: 65161K(65600K)->65161K(65600K) Class: 9378K(9728K)->9378K(9728K)
[2026-10-07T19:06:15.378+0000][440.549s][info][gc             ] GC(164) Pause Young (Allocation Failure) 48M->31M(59M) 7.364ms
[2026-10-07T19:06:15.378+0000][440.549s][info][gc,cpu         ] GC(164) User=0.00s Sys=0.00s Real=0.01s
[2026-10-07T19:06:18.695+0000][443.865s][info][gc,start       ] GC(165) Pause Young (Allocation Failure)
[2026-10-07T19:06:18.703+0000][443.873s][info][gc,heap        ] GC(165) DefNew: 17990K(19136K)->1069K(19136K) Eden: 17024K(17024K)->0K(17024K) From: 966K(2112K)->1069K(2112K)
[2026-10-07T19:06:18.703+0000][443.873s][info][gc,heap        ] GC(165) Tenured: 31449K(42196K)->31449K(42196K)
[2026-10-07T19:06:18.703+0000][443.873s][info][gc,metaspace   ] GC(165) Metaspace: 74540K(75328K)->74540K(75328K) NonClass: 65162K(65600K)->65162K(65600K) Class: 9378K(9728K)->9378K(9728K)
[2026-10-07T19:06:18.703+0000][443.873s][info][gc             ] GC(165) Pause Young (Allocation Failure) 48M->31M(59M) 8.027ms
[2026-10-07T19:06:18.703+0000][443.873s][info][gc,cpu         ] GC(165) User=0.01s Sys=0.00s Real=0.00s
[2026-10-07T19:06:21.931+0000][447.101s][info][gc,start       ] GC(166) Pause Young (Allocation Failure)
[2026-10-07T19:06:21.938+0000][447.109s][info][gc,heap        ] GC(166) DefNew: 18093K(19136K)->992K(19136K) Eden: 17024K(17024K)->0K(17024K) From: 1069K(2112K)->992K(2112K)
[2026-10-07T19:06:21.938+0000][447.109s][info][gc,heap        ] GC(166) Tenured: 31449K(42196K)->31486K(42196K)
[2026-10-07T19:06:21.938+0000][447.109s][info][gc,metaspace   ] GC(166) Metaspace: 74542K(75328K)->74542K(75328K) NonClass: 65164K(65600K)->65164K(65600K) Class: 9378K(9728K)->9378K(9728K)
[2026-10-07T19:06:21.938+0000][447.109s][info][gc             ] GC(166) Pause Young (Allocation Failure) 48M->31M(59M) 7.412ms
[2026-10-07T19:06:21.938+0000][447.109s][info][gc,cpu         ] GC(166) User=0.01s Sys=0.00s Real=0.01s
[2026-10-07T19:06:25.018+0000][450.188s][info][gc,start       ] GC(167) Pause Young (Allocation Failure)
[2026-10-07T19:06:25.025+0000][450.195s][info][gc,heap        ] GC(167) DefNew: 18016K(19136K)->1044K(19136K) Eden: 17024K(17024K)->0K(17024K) From: 992K(2112K)->1044K(2112K)
[2026-10-07T19:06:25.025+0000][450.195s][info][gc,heap        ] GC(167) Tenured: 31486K(42196K)->31486K(42196K)
[2026-10-07T19:06:25.025+0000][450.195s][info][gc,metaspace   ] GC(167) Metaspace: 74548K(75328K)->74548K(75328K) NonClass: 65169K(65600K)->65169K(65600K) Class: 9378K(9728K)->9378K(9728K)
[2026-10-07T19:06:25.025+0000][450.195s][info][gc             ] GC(167) Pause Young (Allocation Failure) 48M->31M(59M) 7.325ms
[2026-10-07T19:06:25.026+0000][450.197s][info][gc,cpu         ] GC(167) User=0.01s Sys=0.00s Real=0.01s
[2026-10-07T19:06:28.283+0000][453.453s][info][gc,start       ] GC(168) Pause Young (Allocation Failure)
[2026-10-07T19:06:28.290+0000][453.460s][info][gc,heap        ] GC(168) DefNew: 18068K(19136K)->1132K(19136K) Eden: 17024K(17024K)->0K(17024K) From: 1044K(2112K)->1132K(2112K)
[2026-10-07T19:06:28.290+0000][453.460s][info][gc,heap        ] GC(168) Tenured: 31486K(42196K)->31486K(42196K)
[2026-10-07T19:06:28.290+0000][453.460s][info][gc,metaspace   ] GC(168) Metaspace: 74548K(75328K)->74548K(75328K) NonClass: 65170K(65600K)->65170K(65600K) Class: 9378K(9728K)->9378K(9728K)
[2026-10-07T19:06:28.290+0000][453.460s][info][gc             ] GC(168) Pause Young (Allocation Failure) 48M->31M(59M) 7.355ms
[2026-10-07T19:06:28.290+0000][453.460s][info][gc,cpu         ] GC(168) User=0.00s Sys=0.00s Real=0.01s
[2026-10-07T19:06:31.347+0000][456.517s][info][gc,start       ] GC(169) Pause Young (Allocation Failure)
[2026-10-07T19:06:31.353+0000][456.524s][info][gc,heap        ] GC(169) DefNew: 18156K(19136K)->1034K(19136K) Eden: 17024K(17024K)->0K(17024K) From: 1132K(2112K)->1034K(2112K)
[2026-10-07T19:06:31.353+0000][456.524s][info][gc,heap        ] GC(169) Tenured: 31486K(42196K)->31590K(42196K)
[2026-10-07T19:06:31.353+0000][456.524s][info][gc,metaspace   ] GC(169) Metaspace: 74552K(75392K)->74552K(75392K) NonClass: 65173K(65664K)->65173K(65664K) Class: 9378K(9728K)->9378K(9728K)
[2026-10-07T19:06:31.353+0000][456.524s][info][gc             ] GC(169) Pause Young (Allocation Failure) 48M->31M(59M) 6.478ms
[2026-10-07T19:06:31.353+0000][456.524s][info][gc,cpu         ] GC(169) User=0.01s Sys=0.00s Real=0.00s
[2026-10-07T19:06:34.638+0000][459.809s][info][gc,start       ] GC(170) Pause Young (Allocation Failure)
[2026-10-07T19:06:34.645+0000][459.816s][info][gc,heap        ] GC(170) DefNew: 18058K(19136K)->1149K(19136K) Eden: 17024K(17024K)->0K(17024K) From: 1034K(2112K)->1149K(2112K)
[2026-10-07T19:06:34.645+0000][459.816s][info][gc,heap        ] GC(170) Tenured: 31590K(42196K)->31590K(42196K)
[2026-10-07T19:06:34.645+0000][459.816s][info][gc,metaspace   ] GC(170) Metaspace: 74552K(75392K)->74552K(75392K) NonClass: 65173K(65664K)->65173K(65664K) Class: 9378K(9728K)->9378K(9728K)
[2026-10-07T19:06:34.646+0000][459.816s][info][gc             ] GC(170) Pause Young (Allocation Failure) 48M->31M(59M) 7.190ms
[2026-10-07T19:06:34.646+0000][459.816s][info][gc,cpu         ] GC(170) User=0.01s Sys=0.00s Real=0.01s
[2026-10-07T19:06:37.792+0000][462.962s][info][gc,start       ] GC(171) Pause Young (Allocation Failure)
[2026-10-07T19:06:37.798+0000][462.969s][info][gc,heap        ] GC(171) DefNew: 18173K(19136K)->1087K(19136K) Eden: 17024K(17024K)->0K(17024K) From: 1149K(2112K)->1087K(2112K)
[2026-10-07T19:06:37.798+0000][462.969s][info][gc,heap        ] GC(171) Tenured: 31590K(42196K)->31732K(42196K)
[2026-10-07T19:06:37.798+0000][462.969s][info][gc,metaspace   ] GC(171) Metaspace: 74558K(75392K)->74558K(75392K) NonClass: 65179K(65664K)->65179K(65664K) Class: 9378K(9728K)->9378K(9728K)
[2026-10-07T19:06:37.798+0000][462.969s][info][gc             ] GC(171) Pause Young (Allocation Failure) 48M->32M(59M) 6.725ms
[2026-10-07T19:06:37.798+0000][462.969s][info][gc,cpu         ] GC(171) User=0.00s Sys=0.00s Real=0.01s
[2026-10-07T19:06:40.850+0000][466.020s][info][gc,start       ] GC(172) Pause Young (Allocation Failure)
[2026-10-07T19:06:40.857+0000][466.027s][info][gc,heap        ] GC(172) DefNew: 18111K(19136K)->1040K(19136K) Eden: 17024K(17024K)->0K(17024K) From: 1087K(2112K)->1040K(2112K)
[2026-10-07T19:06:40.857+0000][466.028s][info][gc,heap        ] GC(172) Tenured: 31732K(42196K)->31765K(42196K)
[2026-10-07T19:06:40.857+0000][466.028s][info][gc,metaspace   ] GC(172) Metaspace: 74558K(75392K)->74558K(75392K) NonClass: 65179K(65664K)->65179K(65664K) Class: 9378K(9728K)->9378K(9728K)
[2026-10-07T19:06:40.857+0000][466.028s][info][gc             ] GC(172) Pause Young (Allocation Failure) 48M->32M(59M) 7.806ms
[2026-10-07T19:06:40.857+0000][466.028s][info][gc,cpu         ] GC(172) User=0.00s Sys=0.00s Real=0.01s
[2026-10-07T19:06:43.807+0000][468.977s][info][gc,start       ] GC(173) Pause Young (Allocation Failure)
[2026-10-07T19:06:43.821+0000][468.991s][info][gc,heap        ] GC(173) DefNew: 18064K(19136K)->1134K(19136K) Eden: 17024K(17024K)->0K(17024K) From: 1040K(2112K)->1134K(2112K)
[2026-10-07T19:06:43.821+0000][468.992s][info][gc,heap        ] GC(173) Tenured: 31765K(42196K)->31765K(42196K)
[2026-10-07T19:06:43.821+0000][468.992s][info][gc,metaspace   ] GC(173) Metaspace: 74559K(75392K)->74559K(75392K) NonClass: 65181K(65664K)->65181K(65664K) Class: 9378K(9728K)->9378K(9728K)
[2026-10-07T19:06:43.821+0000][468.992s][info][gc             ] GC(173) Pause Young (Allocation Failure) 48M->32M(59M) 14.179ms
[2026-10-07T19:06:43.821+0000][468.992s][info][gc,cpu         ] GC(173) User=0.00s Sys=0.01s Real=0.01s
[2026-10-07T19:06:46.948+0000][472.118s][info][gc,start       ] GC(174) Pause Young (Allocation Failure)
[2026-10-07T19:06:46.958+0000][472.128s][info][gc,heap        ] GC(174) DefNew: 18158K(19136K)->1036K(19136K) Eden: 17024K(17024K)->0K(17024K) From: 1134K(2112K)->1036K(2112K)
[2026-10-07T19:06:46.958+0000][472.128s][info][gc,heap        ] GC(174) Tenured: 31765K(42196K)->31845K(42196K)
[2026-10-07T19:06:46.958+0000][472.128s][info][gc,metaspace   ] GC(174) Metaspace: 74562K(75392K)->74562K(75392K) NonClass: 65184K(65664K)->65184K(65664K) Class: 9378K(9728K)->9378K(9728K)
[2026-10-07T19:06:46.958+0000][472.128s][info][gc             ] GC(174) Pause Young (Allocation Failure) 48M->32M(59M) 10.306ms
[2026-10-07T19:06:46.959+0000][472.129s][info][gc,cpu         ] GC(174) User=0.00s Sys=0.00s Real=0.01s
[2026-10-07T19:06:50.285+0000][475.456s][info][gc,start       ] GC(175) Pause Young (Allocation Failure)
[2026-10-07T19:06:50.293+0000][475.463s][info][gc,heap        ] GC(175) DefNew: 18060K(19136K)->1051K(19136K) Eden: 17024K(17024K)->0K(17024K) From: 1036K(2112K)->1051K(2112K)
[2026-10-07T19:06:50.293+0000][475.463s][info][gc,heap        ] GC(175) Tenured: 31845K(42196K)->31845K(42196K)
[2026-10-07T19:06:50.293+0000][475.463s][info][gc,metaspace   ] GC(175) Metaspace: 74563K(75392K)->74563K(75392K) NonClass: 65185K(65664K)->65185K(65664K) Class: 9378K(9728K)->9378K(9728K)
[2026-10-07T19:06:50.293+0000][475.463s][info][gc             ] GC(175) Pause Young (Allocation Failure) 48M->32M(59M) 7.653ms
[2026-10-07T19:06:50.293+0000][475.463s][info][gc,cpu         ] GC(175) User=0.00s Sys=0.01s Real=0.00s
[2026-10-07T19:06:53.426+0000][478.597s][info][gc,start       ] GC(176) Pause Young (Allocation Failure)
[2026-10-07T19:06:53.434+0000][478.605s][info][gc,heap        ] GC(176) DefNew: 18075K(19136K)->1180K(19136K) Eden: 17024K(17024K)->0K(17024K) From: 1051K(2112K)->1180K(2112K)
[2026-10-07T19:06:53.434+0000][478.605s][info][gc,heap        ] GC(176) Tenured: 31845K(42196K)->31845K(42196K)
[2026-10-07T19:06:53.434+0000][478.605s][info][gc,metaspace   ] GC(176) Metaspace: 74567K(75392K)->74567K(75392K) NonClass: 65188K(65664K)->65188K(65664K) Class: 9378K(9728K)->9378K(9728K)
[2026-10-07T19:06:53.435+0000][478.605s][info][gc             ] GC(176) Pause Young (Allocation Failure) 48M->32M(59M) 8.052ms
[2026-10-07T19:06:53.435+0000][478.605s][info][gc,cpu         ] GC(176) User=0.01s Sys=0.00s Real=0.01s
[2026-10-07T19:06:56.480+0000][481.650s][info][gc,start       ] GC(177) Pause Young (Allocation Failure)
[2026-10-07T19:06:56.488+0000][481.658s][info][gc,heap        ] GC(177) DefNew: 18204K(19136K)->1029K(19136K) Eden: 17024K(17024K)->0K(17024K) From: 1180K(2112K)->1029K(2112K)
[2026-10-07T19:06:56.488+0000][481.658s][info][gc,heap        ] GC(177) Tenured: 31845K(42196K)->31998K(42196K)
[2026-10-07T19:06:56.488+0000][481.658s][info][gc,metaspace   ] GC(177) Metaspace: 74569K(75392K)->74569K(75392K) NonClass: 65191K(65664K)->65191K(65664K) Class: 9378K(9728K)->9378K(9728K)
[2026-10-07T19:06:56.488+0000][481.658s][info][gc             ] GC(177) Pause Young (Allocation Failure) 48M->32M(59M) 8.134ms
[2026-10-07T19:06:56.488+0000][481.658s][info][gc,cpu         ] GC(177) User=0.01s Sys=0.00s Real=0.01s
[2026-10-07T19:06:59.549+0000][484.719s][info][gc,start       ] GC(178) Pause Young (Allocation Failure)
[2026-10-07T19:06:59.556+0000][484.727s][info][gc,heap        ] GC(178) DefNew: 18053K(19136K)->1119K(19136K) Eden: 17024K(17024K)->0K(17024K) From: 1029K(2112K)->1119K(2112K)
[2026-10-07T19:06:59.556+0000][484.727s][info][gc,heap        ] GC(178) Tenured: 31998K(42196K)->31998K(42196K)
[2026-10-07T19:06:59.556+0000][484.727s][info][gc,metaspace   ] GC(178) Metaspace: 74582K(75392K)->74582K(75392K) NonClass: 65204K(65664K)->65204K(65664K) Class: 9378K(9728K)->9378K(9728K)
[2026-10-07T19:06:59.556+0000][484.727s][info][gc             ] GC(178) Pause Young (Allocation Failure) 48M->32M(59M) 7.410ms
[2026-10-07T19:06:59.556+0000][484.727s][info][gc,cpu         ] GC(178) User=0.00s Sys=0.00s Real=0.01s
[2026-10-07T19:07:02.851+0000][488.022s][info][gc,start       ] GC(179) Pause Young (Allocation Failure)
[2026-10-07T19:07:02.860+0000][488.030s][info][gc,heap        ] GC(179) DefNew: 18143K(19136K)->1056K(19136K) Eden: 17024K(17024K)->0K(17024K) From: 1119K(2112K)->1056K(2112K)
[2026-10-07T19:07:02.860+0000][488.030s][info][gc,heap        ] GC(179) Tenured: 31998K(42196K)->32087K(42196K)
[2026-10-07T19:07:02.860+0000][488.030s][info][gc,metaspace   ] GC(179) Metaspace: 74591K(75392K)->74591K(75392K) NonClass: 65213K(65664K)->65213K(65664K) Class: 9378K(9728K)->9378K(9728K)
[2026-10-07T19:07:02.860+0000][488.030s][info][gc             ] GC(179) Pause Young (Allocation Failure) 48M->32M(59M) 8.490ms
[2026-10-07T19:07:02.860+0000][488.030s][info][gc,cpu         ] GC(179) User=0.01s Sys=0.00s Real=0.01s
[2026-10-07T19:07:05.822+0000][490.992s][info][gc,start       ] GC(180) Pause Young (Allocation Failure)
[2026-10-07T19:07:05.838+0000][491.009s][info][gc,heap        ] GC(180) DefNew: 18080K(19136K)->1035K(19136K) Eden: 17024K(17024K)->0K(17024K) From: 1056K(2112K)->1035K(2112K)
[2026-10-07T19:07:05.838+0000][491.009s][info][gc,heap        ] GC(180) Tenured: 32087K(42196K)->32136K(42196K)
[2026-10-07T19:07:05.838+0000][491.009s][info][gc,metaspace   ] GC(180) Metaspace: 74592K(75392K)->74592K(75392K) NonClass: 65213K(65664K)->65213K(65664K) Class: 9378K(9728K)->9378K(9728K)
[2026-10-07T19:07:05.838+0000][491.009s][info][gc             ] GC(180) Pause Young (Allocation Failure) 48M->32M(59M) 16.478ms
[2026-10-07T19:07:05.838+0000][491.009s][info][gc,cpu         ] GC(180) User=0.00s Sys=0.00s Real=0.02s
[2026-10-07T19:07:08.995+0000][494.165s][info][gc,start       ] GC(181) Pause Young (Allocation Failure)
[2026-10-07T19:07:09.003+0000][494.173s][info][gc,heap        ] GC(181) DefNew: 18059K(19136K)->1105K(19136K) Eden: 17024K(17024K)->0K(17024K) From: 1035K(2112K)->1105K(2112K)
[2026-10-07T19:07:09.003+0000][494.173s][info][gc,heap        ] GC(181) Tenured: 32136K(42196K)->32136K(42196K)
[2026-10-07T19:07:09.003+0000][494.173s][info][gc,metaspace   ] GC(181) Metaspace: 74593K(75392K)->74593K(75392K) NonClass: 65215K(65664K)->65215K(65664K) Class: 9378K(9728K)->9378K(9728K)
[2026-10-07T19:07:09.003+0000][494.173s][info][gc             ] GC(181) Pause Young (Allocation Failure) 49M->32M(59M) 8.108ms
[2026-10-07T19:07:09.003+0000][494.173s][info][gc,cpu         ] GC(181) User=0.01s Sys=0.00s Real=0.00s
[2026-10-07T19:07:12.003+0000][497.173s][info][gc,start       ] GC(182) Pause Young (Allocation Failure)
[2026-10-07T19:07:12.018+0000][497.188s][info][gc,heap        ] GC(182) DefNew: 18129K(19136K)->1082K(19136K) Eden: 17024K(17024K)->0K(17024K) From: 1105K(2112K)->1082K(2112K)
[2026-10-07T19:07:12.018+0000][497.188s][info][gc,heap        ] GC(182) Tenured: 32136K(42196K)->32192K(42196K)
[2026-10-07T19:07:12.018+0000][497.188s][info][gc,metaspace   ] GC(182) Metaspace: 74594K(75392K)->74594K(75392K) NonClass: 65215K(65664K)->65215K(65664K) Class: 9378K(9728K)->9378K(9728K)
[2026-10-07T19:07:12.018+0000][497.188s][info][gc             ] GC(182) Pause Young (Allocation Failure) 49M->32M(59M) 15.044ms
[2026-10-07T19:07:12.018+0000][497.188s][info][gc,cpu         ] GC(182) User=0.00s Sys=0.00s Real=0.02s
[2026-10-07T19:07:14.987+0000][500.157s][info][gc,start       ] GC(183) Pause Young (Allocation Failure)
[2026-10-07T19:07:14.995+0000][500.165s][info][gc,heap        ] GC(183) DefNew: 18106K(19136K)->1158K(19136K) Eden: 17024K(17024K)->0K(17024K) From: 1082K(2112K)->1158K(2112K)
[2026-10-07T19:07:14.995+0000][500.165s][info][gc,heap        ] GC(183) Tenured: 32192K(42196K)->32242K(42196K)
[2026-10-07T19:07:14.995+0000][500.165s][info][gc,metaspace   ] GC(183) Metaspace: 74600K(75392K)->74600K(75392K) NonClass: 65221K(65664K)->65221K(65664K) Class: 9378K(9728K)->9378K(9728K)
[2026-10-07T19:07:14.995+0000][500.165s][info][gc             ] GC(183) Pause Young (Allocation Failure) 49M->32M(59M) 7.897ms
[2026-10-07T19:07:14.995+0000][500.165s][info][gc,cpu         ] GC(183) User=0.00s Sys=0.00s Real=0.01s
[2026-10-07T19:07:17.971+0000][503.142s][info][gc,start       ] GC(184) Pause Young (Allocation Failure)
[2026-10-07T19:07:17.979+0000][503.149s][info][gc,heap        ] GC(184) DefNew: 18179K(19136K)->1073K(19136K) Eden: 17021K(17024K)->0K(17024K) From: 1158K(2112K)->1073K(2112K)
[2026-10-07T19:07:17.979+0000][503.149s][info][gc,heap        ] GC(184) Tenured: 32242K(42196K)->32370K(42196K)
[2026-10-07T19:07:17.979+0000][503.149s][info][gc,metaspace   ] GC(184) Metaspace: 74600K(75392K)->74600K(75392K) NonClass: 65222K(65664K)->65222K(65664K) Class: 9378K(9728K)->9378K(9728K)
[2026-10-07T19:07:17.979+0000][503.149s][info][gc             ] GC(184) Pause Young (Allocation Failure) 49M->32M(59M) 7.325ms
[2026-10-07T19:07:17.979+0000][503.149s][info][gc,cpu         ] GC(184) User=0.01s Sys=0.00s Real=0.01s
[2026-10-07T19:07:21.252+0000][506.423s][info][gc,start       ] GC(185) Pause Young (Allocation Failure)
[2026-10-07T19:07:21.260+0000][506.430s][info][gc,heap        ] GC(185) DefNew: 18097K(19136K)->1017K(19136K) Eden: 17024K(17024K)->0K(17024K) From: 1073K(2112K)->1017K(2112K)
[2026-10-07T19:07:21.260+0000][506.431s][info][gc,heap        ] GC(185) Tenured: 32370K(42196K)->32410K(42196K)
[2026-10-07T19:07:21.260+0000][506.431s][info][gc,metaspace   ] GC(185) Metaspace: 74604K(75392K)->74604K(75392K) NonClass: 65226K(65664K)->65226K(65664K) Class: 9378K(9728K)->9378K(9728K)
[2026-10-07T19:07:21.260+0000][506.431s][info][gc             ] GC(185) Pause Young (Allocation Failure) 49M->32M(59M) 7.965ms
[2026-10-07T19:07:21.260+0000][506.431s][info][gc,cpu         ] GC(185) User=0.00s Sys=0.00s Real=0.01s
[2026-10-07T19:07:24.559+0000][509.729s][info][gc,start       ] GC(186) Pause Young (Allocation Failure)
[2026-10-07T19:07:24.568+0000][509.738s][info][gc,heap        ] GC(186) DefNew: 18041K(19136K)->1133K(19136K) Eden: 17024K(17024K)->0K(17024K) From: 1017K(2112K)->1133K(2112K)
[2026-10-07T19:07:24.568+0000][509.738s][info][gc,heap        ] GC(186) Tenured: 32410K(42196K)->32410K(42196K)
[2026-10-07T19:07:24.568+0000][509.738s][info][gc,metaspace   ] GC(186) Metaspace: 74604K(75392K)->74604K(75392K) NonClass: 65226K(65664K)->65226K(65664K) Class: 9378K(9728K)->9378K(9728K)
[2026-10-07T19:07:24.568+0000][509.738s][info][gc             ] GC(186) Pause Young (Allocation Failure) 49M->32M(59M) 8.679ms
[2026-10-07T19:07:24.568+0000][509.738s][info][gc,cpu         ] GC(186) User=0.01s Sys=0.00s Real=0.01s
[2026-10-07T19:07:27.734+0000][512.904s][info][gc,start       ] GC(187) Pause Young (Allocation Failure)
[2026-10-07T19:07:27.742+0000][512.912s][info][gc,heap        ] GC(187) DefNew: 18157K(19136K)->1084K(19136K) Eden: 17024K(17024K)->0K(17024K) From: 1133K(2112K)->1084K(2112K)
[2026-10-07T19:07:27.742+0000][512.913s][info][gc,heap        ] GC(187) Tenured: 32410K(42196K)->32492K(42196K)
[2026-10-07T19:07:27.742+0000][512.913s][info][gc,metaspace   ] GC(187) Metaspace: 74608K(75392K)->74608K(75392K) NonClass: 65229K(65664K)->65229K(65664K) Class: 9378K(9728K)->9378K(9728K)
[2026-10-07T19:07:27.742+0000][512.913s][info][gc             ] GC(187) Pause Young (Allocation Failure) 49M->32M(59M) 8.669ms
[2026-10-07T19:07:27.742+0000][512.913s][info][gc,cpu         ] GC(187) User=0.01s Sys=0.01s Real=0.00s
[2026-10-07T19:07:30.549+0000][515.720s][info][gc,start       ] GC(188) Pause Young (Allocation Failure)
[2026-10-07T19:07:30.557+0000][515.727s][info][gc,heap        ] GC(188) DefNew: 18108K(19136K)->1072K(19136K) Eden: 17024K(17024K)->0K(17024K) From: 1084K(2112K)->1072K(2112K)
[2026-10-07T19:07:30.557+0000][515.727s][info][gc,heap        ] GC(188) Tenured: 32492K(42196K)->32533K(42196K)
[2026-10-07T19:07:30.557+0000][515.727s][info][gc,metaspace   ] GC(188) Metaspace: 74612K(75392K)->74612K(75392K) NonClass: 65234K(65664K)->65234K(65664K) Class: 9378K(9728K)->9378K(9728K)
[2026-10-07T19:07:30.557+0000][515.727s][info][gc             ] GC(188) Pause Young (Allocation Failure) 49M->32M(59M) 7.780ms
[2026-10-07T19:07:30.557+0000][515.728s][info][gc,cpu         ] GC(188) User=0.01s Sys=0.00s Real=0.01s
[2026-10-07T19:07:33.532+0000][518.702s][info][gc,start       ] GC(189) Pause Young (Allocation Failure)
[2026-10-07T19:07:33.540+0000][518.710s][info][gc,heap        ] GC(189) DefNew: 18096K(19136K)->1142K(19136K) Eden: 17024K(17024K)->0K(17024K) From: 1072K(2112K)->1142K(2112K)
[2026-10-07T19:07:33.540+0000][518.710s][info][gc,heap        ] GC(189) Tenured: 32533K(42196K)->32583K(42196K)
[2026-10-07T19:07:33.540+0000][518.710s][info][gc,metaspace   ] GC(189) Metaspace: 74614K(75392K)->74614K(75392K) NonClass: 65235K(65664K)->65235K(65664K) Class: 9378K(9728K)->9378K(9728K)
[2026-10-07T19:07:33.540+0000][518.710s][info][gc             ] GC(189) Pause Young (Allocation Failure) 49M->32M(59M) 7.561ms
[2026-10-07T19:07:33.540+0000][518.710s][info][gc,cpu         ] GC(189) User=0.01s Sys=0.00s Real=0.01s
[2026-10-07T19:07:36.689+0000][521.860s][info][gc,start       ] GC(190) Pause Young (Allocation Failure)
[2026-10-07T19:07:36.697+0000][521.868s][info][gc,heap        ] GC(190) DefNew: 18166K(19136K)->1029K(19136K) Eden: 17024K(17024K)->0K(17024K) From: 1142K(2112K)->1029K(2112K)
[2026-10-07T19:07:36.697+0000][521.868s][info][gc,heap        ] GC(190) Tenured: 32583K(42196K)->32703K(42196K)
[2026-10-07T19:07:36.697+0000][521.868s][info][gc,metaspace   ] GC(190) Metaspace: 74614K(75392K)->74614K(75392K) NonClass: 65235K(65664K)->65235K(65664K) Class: 9378K(9728K)->9378K(9728K)
[2026-10-07T19:07:36.697+0000][521.868s][info][gc             ] GC(190) Pause Young (Allocation Failure) 49M->32M(59M) 8.081ms
[2026-10-07T19:07:36.698+0000][521.868s][info][gc,cpu         ] GC(190) User=0.01s Sys=0.00s Real=0.01s
[2026-10-07T19:07:39.873+0000][525.043s][info][gc,start       ] GC(191) Pause Young (Allocation Failure)
[2026-10-07T19:07:39.882+0000][525.052s][info][gc,heap        ] GC(191) DefNew: 18053K(19136K)->1122K(19136K) Eden: 17024K(17024K)->0K(17024K) From: 1029K(2112K)->1122K(2112K)
[2026-10-07T19:07:39.882+0000][525.053s][info][gc,heap        ] GC(191) Tenured: 32703K(42196K)->32703K(42196K)
[2026-10-07T19:07:39.882+0000][525.053s][info][gc,metaspace   ] GC(191) Metaspace: 74614K(75392K)->74614K(75392K) NonClass: 65235K(65664K)->65235K(65664K) Class: 9378K(9728K)->9378K(9728K)
[2026-10-07T19:07:39.882+0000][525.053s][info][gc             ] GC(191) Pause Young (Allocation Failure) 49M->33M(59M) 9.095ms
[2026-10-07T19:07:39.882+0000][525.053s][info][gc,cpu         ] GC(191) User=0.01s Sys=0.00s Real=0.01s
[2026-10-07T19:07:43.054+0000][528.224s][info][gc,start       ] GC(192) Pause Young (Allocation Failure)
[2026-10-07T19:07:43.061+0000][528.231s][info][gc,heap        ] GC(192) DefNew: 18146K(19136K)->1021K(19136K) Eden: 17024K(17024K)->0K(17024K) From: 1122K(2112K)->1021K(2112K)
[2026-10-07T19:07:43.061+0000][528.231s][info][gc,heap        ] GC(192) Tenured: 32703K(42196K)->32802K(42196K)
[2026-10-07T19:07:43.061+0000][528.232s][info][gc,metaspace   ] GC(192) Metaspace: 74614K(75392K)->74614K(75392K) NonClass: 65235K(65664K)->65235K(65664K) Class: 9378K(9728K)->9378K(9728K)
[2026-10-07T19:07:43.061+0000][528.232s][info][gc             ] GC(192) Pause Young (Allocation Failure) 49M->33M(59M) 7.611ms
[2026-10-07T19:07:43.061+0000][528.232s][info][gc,cpu         ] GC(192) User=0.01s Sys=0.01s Real=0.00s
[2026-10-07T19:07:46.049+0000][531.219s][info][gc,start       ] GC(193) Pause Young (Allocation Failure)
[2026-10-07T19:07:46.056+0000][531.226s][info][gc,heap        ] GC(193) DefNew: 18045K(19136K)->1116K(19136K) Eden: 17024K(17024K)->0K(17024K) From: 1021K(2112K)->1116K(2112K)
[2026-10-07T19:07:46.056+0000][531.227s][info][gc,heap        ] GC(193) Tenured: 32802K(42196K)->32802K(42196K)
[2026-10-07T19:07:46.056+0000][531.227s][info][gc,metaspace   ] GC(193) Metaspace: 74615K(75392K)->74615K(75392K) NonClass: 65236K(65664K)->65236K(65664K) Class: 9378K(9728K)->9378K(9728K)
[2026-10-07T19:07:46.056+0000][531.227s][info][gc             ] GC(193) Pause Young (Allocation Failure) 49M->33M(59M) 7.607ms
[2026-10-07T19:07:46.056+0000][531.227s][info][gc,cpu         ] GC(193) User=0.01s Sys=0.00s Real=0.01s
[2026-10-07T19:07:49.314+0000][534.485s][info][gc,start       ] GC(194) Pause Young (Allocation Failure)
[2026-10-07T19:07:49.322+0000][534.492s][info][gc,heap        ] GC(194) DefNew: 18140K(19136K)->1102K(19136K) Eden: 17024K(17024K)->0K(17024K) From: 1116K(2112K)->1102K(2112K)
[2026-10-07T19:07:49.322+0000][534.492s][info][gc,heap        ] GC(194) Tenured: 32802K(42196K)->32891K(42196K)
[2026-10-07T19:07:49.322+0000][534.492s][info][gc,metaspace   ] GC(194) Metaspace: 74617K(75392K)->74617K(75392K) NonClass: 65238K(65664K)->65238K(65664K) Class: 9378K(9728K)->9378K(9728K)
[2026-10-07T19:07:49.322+0000][534.493s][info][gc             ] GC(194) Pause Young (Allocation Failure) 49M->33M(59M) 7.779ms
[2026-10-07T19:07:49.322+0000][534.493s][info][gc,cpu         ] GC(194) User=0.00s Sys=0.00s Real=0.00s
[2026-10-07T19:07:52.438+0000][537.609s][info][gc,start       ] GC(195) Pause Young (Allocation Failure)
[2026-10-07T19:07:52.446+0000][537.616s][info][gc,heap        ] GC(195) DefNew: 18126K(19136K)->1124K(19136K) Eden: 17024K(17024K)->0K(17024K) From: 1102K(2112K)->1124K(2112K)
[2026-10-07T19:07:52.446+0000][537.617s][info][gc,heap        ] GC(195) Tenured: 32891K(42196K)->32982K(42196K)
[2026-10-07T19:07:52.446+0000][537.617s][info][gc,metaspace   ] GC(195) Metaspace: 74617K(75392K)->74617K(75392K) NonClass: 65238K(65664K)->65238K(65664K) Class: 9378K(9728K)->9378K(9728K)
[2026-10-07T19:07:52.446+0000][537.617s][info][gc             ] GC(195) Pause Young (Allocation Failure) 49M->33M(59M) 7.979ms
[2026-10-07T19:07:52.446+0000][537.617s][info][gc,cpu         ] GC(195) User=0.00s Sys=0.00s Real=0.01s
[2026-10-07T19:07:55.615+0000][540.786s][info][gc,start       ] GC(196) Pause Young (Allocation Failure)
[2026-10-07T19:07:55.622+0000][540.792s][info][gc,heap        ] GC(196) DefNew: 18148K(19136K)->1032K(19136K) Eden: 17024K(17024K)->0K(17024K) From: 1124K(2112K)->1032K(2112K)
[2026-10-07T19:07:55.622+0000][540.792s][info][gc,heap        ] GC(196) Tenured: 32982K(42196K)->33100K(42196K)
[2026-10-07T19:07:55.622+0000][540.792s][info][gc,metaspace   ] GC(196) Metaspace: 74617K(75392K)->74617K(75392K) NonClass: 65238K(65664K)->65238K(65664K) Class: 9378K(9728K)->9378K(9728K)
[2026-10-07T19:07:55.622+0000][540.793s][info][gc             ] GC(196) Pause Young (Allocation Failure) 49M->33M(59M) 7.037ms
[2026-10-07T19:07:55.622+0000][540.793s][info][gc,cpu         ] GC(196) User=0.01s Sys=0.00s Real=0.00s
[2026-10-07T19:07:58.626+0000][543.797s][info][gc,start       ] GC(197) Pause Young (Allocation Failure)
[2026-10-07T19:07:58.636+0000][543.806s][info][gc,heap        ] GC(197) DefNew: 18056K(19136K)->1118K(19136K) Eden: 17024K(17024K)->0K(17024K) From: 1032K(2112K)->1118K(2112K)
[2026-10-07T19:07:58.636+0000][543.807s][info][gc,heap        ] GC(197) Tenured: 33100K(42196K)->33100K(42196K)
[2026-10-07T19:07:58.636+0000][543.807s][info][gc,metaspace   ] GC(197) Metaspace: 74619K(75392K)->74619K(75392K) NonClass: 65241K(65664K)->65241K(65664K) Class: 9378K(9728K)->9378K(9728K)
[2026-10-07T19:07:58.636+0000][543.807s][info][gc             ] GC(197) Pause Young (Allocation Failure) 49M->33M(59M) 9.991ms
[2026-10-07T19:07:58.636+0000][543.807s][info][gc,cpu         ] GC(197) User=0.00s Sys=0.01s Real=0.01s
[2026-10-07T19:08:01.696+0000][546.866s][info][gc,start       ] GC(198) Pause Young (Allocation Failure)
[2026-10-07T19:08:01.704+0000][546.875s][info][gc,heap        ] GC(198) DefNew: 18142K(19136K)->1051K(19136K) Eden: 17024K(17024K)->0K(17024K) From: 1118K(2112K)->1051K(2112K)
[2026-10-07T19:08:01.704+0000][546.875s][info][gc,heap        ] GC(198) Tenured: 33100K(42196K)->33215K(42196K)
[2026-10-07T19:08:01.704+0000][546.875s][info][gc,metaspace   ] GC(198) Metaspace: 74628K(75392K)->74628K(75392K) NonClass: 65250K(65664K)->65250K(65664K) Class: 9378K(9728K)->9378K(9728K)
[2026-10-07T19:08:01.705+0000][546.875s][info][gc             ] GC(198) Pause Young (Allocation Failure) 50M->33M(59M) 8.894ms
[2026-10-07T19:08:01.705+0000][546.875s][info][gc,cpu         ] GC(198) User=0.01s Sys=0.00s Real=0.01s
[2026-10-07T19:08:05.075+0000][550.246s][info][gc,start       ] GC(199) Pause Young (Allocation Failure)
[2026-10-07T19:08:05.084+0000][550.254s][info][gc,heap        ] GC(199) DefNew: 18075K(19136K)->1153K(19136K) Eden: 17024K(17024K)->0K(17024K) From: 1051K(2112K)->1153K(2112K)
[2026-10-07T19:08:05.084+0000][550.254s][info][gc,heap        ] GC(199) Tenured: 33215K(42196K)->33215K(42196K)
[2026-10-07T19:08:05.084+0000][550.254s][info][gc,metaspace   ] GC(199) Metaspace: 74628K(75392K)->74628K(75392K) NonClass: 65250K(65664K)->65250K(65664K) Class: 9378K(9728K)->9378K(9728K)
[2026-10-07T19:08:05.084+0000][550.254s][info][gc             ] GC(199) Pause Young (Allocation Failure) 50M->33M(59M) 8.700ms
[2026-10-07T19:08:05.084+0000][550.254s][info][gc,cpu         ] GC(199) User=0.00s Sys=0.00s Real=0.01s
[2026-10-07T19:08:08.421+0000][553.592s][info][gc,start       ] GC(200) Pause Young (Allocation Failure)
[2026-10-07T19:08:08.429+0000][553.599s][info][gc,heap        ] GC(200) DefNew: 18177K(19136K)->968K(19136K) Eden: 17024K(17024K)->0K(17024K) From: 1153K(2112K)->968K(2112K)
[2026-10-07T19:08:08.429+0000][553.599s][info][gc,heap        ] GC(200) Tenured: 33215K(42196K)->33355K(42196K)
[2026-10-07T19:08:08.429+0000][553.599s][info][gc,metaspace   ] GC(200) Metaspace: 74631K(75392K)->74631K(75392K) NonClass: 65252K(65664K)->65252K(65664K) Class: 9378K(9728K)->9378K(9728K)
[2026-10-07T19:08:08.429+0000][553.599s][info][gc             ] GC(200) Pause Young (Allocation Failure) 50M->33M(59M) 7.352ms
[2026-10-07T19:08:08.429+0000][553.599s][info][gc,cpu         ] GC(200) User=0.01s Sys=0.00s Real=0.01s
[2026-10-07T19:08:11.682+0000][556.853s][info][gc,start       ] GC(201) Pause Young (Allocation Failure)
[2026-10-07T19:08:11.689+0000][556.860s][info][gc,heap        ] GC(201) DefNew: 17992K(19136K)->1020K(19136K) Eden: 17024K(17024K)->0K(17024K) From: 968K(2112K)->1020K(2112K)
[2026-10-07T19:08:11.689+0000][556.860s][info][gc,heap        ] GC(201) Tenured: 33355K(42196K)->33355K(42196K)
[2026-10-07T19:08:11.689+0000][556.860s][info][gc,metaspace   ] GC(201) Metaspace: 74641K(75456K)->74641K(75456K) NonClass: 65262K(65728K)->65262K(65728K) Class: 9378K(9728K)->9378K(9728K)
[2026-10-07T19:08:11.689+0000][556.860s][info][gc             ] GC(201) Pause Young (Allocation Failure) 50M->33M(59M) 7.088ms
[2026-10-07T19:08:11.689+0000][556.860s][info][gc,cpu         ] GC(201) User=0.00s Sys=0.00s Real=0.01s
[2026-10-07T19:08:14.773+0000][559.943s][info][gc,start       ] GC(202) Pause Young (Allocation Failure)
[2026-10-07T19:08:14.780+0000][559.950s][info][gc,heap        ] GC(202) DefNew: 18044K(19136K)->1116K(19136K) Eden: 17024K(17024K)->0K(17024K) From: 1020K(2112K)->1116K(2112K)
[2026-10-07T19:08:14.780+0000][559.950s][info][gc,heap        ] GC(202) Tenured: 33355K(42196K)->33355K(42196K)
[2026-10-07T19:08:14.780+0000][559.950s][info][gc,metaspace   ] GC(202) Metaspace: 74643K(75456K)->74643K(75456K) NonClass: 65264K(65728K)->65264K(65728K) Class: 9378K(9728K)->9378K(9728K)
[2026-10-07T19:08:14.780+0000][559.950s][info][gc             ] GC(202) Pause Young (Allocation Failure) 50M->33M(59M) 7.153ms
[2026-10-07T19:08:14.780+0000][559.950s][info][gc,cpu         ] GC(202) User=0.00s Sys=0.00s Real=0.01s
[2026-10-07T19:08:17.991+0000][563.161s][info][gc,start       ] GC(203) Pause Young (Allocation Failure)
[2026-10-07T19:08:17.998+0000][563.168s][info][gc,heap        ] GC(203) DefNew: 18140K(19136K)->1019K(19136K) Eden: 17024K(17024K)->0K(17024K) From: 1116K(2112K)->1019K(2112K)
[2026-10-07T19:08:17.998+0000][563.168s][info][gc,heap        ] GC(203) Tenured: 33355K(42196K)->33457K(42196K)
[2026-10-07T19:08:17.998+0000][563.168s][info][gc,metaspace   ] GC(203) Metaspace: 74643K(75456K)->74643K(75456K) NonClass: 65264K(65728K)->65264K(65728K) Class: 9378K(9728K)->9378K(9728K)
[2026-10-07T19:08:17.998+0000][563.168s][info][gc             ] GC(203) Pause Young (Allocation Failure) 50M->33M(59M) 6.937ms
[2026-10-07T19:08:17.998+0000][563.168s][info][gc,cpu         ] GC(203) User=0.00s Sys=0.00s Real=0.01s
[2026-10-07T19:08:21.221+0000][566.391s][info][gc,start       ] GC(204) Pause Young (Allocation Failure)
[2026-10-07T19:08:21.228+0000][566.398s][info][gc,heap        ] GC(204) DefNew: 18043K(19136K)->1036K(19136K) Eden: 17024K(17024K)->0K(17024K) From: 1019K(2112K)->1036K(2112K)
[2026-10-07T19:08:21.228+0000][566.398s][info][gc,heap        ] GC(204) Tenured: 33457K(42196K)->33457K(42196K)
[2026-10-07T19:08:21.228+0000][566.398s][info][gc,metaspace   ] GC(204) Metaspace: 74643K(75456K)->74643K(75456K) NonClass: 65264K(65728K)->65264K(65728K) Class: 9378K(9728K)->9378K(9728K)
[2026-10-07T19:08:21.228+0000][566.398s][info][gc             ] GC(204) Pause Young (Allocation Failure) 50M->33M(59M) 7.094ms
[2026-10-07T19:08:21.228+0000][566.398s][info][gc,cpu         ] GC(204) User=0.00s Sys=0.00s Real=0.01s
[2026-10-07T19:08:24.255+0000][569.425s][info][gc,start       ] GC(205) Pause Young (Allocation Failure)
[2026-10-07T19:08:24.269+0000][569.439s][info][gc,heap        ] GC(205) DefNew: 18060K(19136K)->1135K(19136K) Eden: 17024K(17024K)->0K(17024K) From: 1036K(2112K)->1135K(2112K)
[2026-10-07T19:08:24.269+0000][569.439s][info][gc,heap        ] GC(205) Tenured: 33457K(42196K)->33457K(42196K)
[2026-10-07T19:08:24.269+0000][569.439s][info][gc,metaspace   ] GC(205) Metaspace: 74643K(75456K)->74643K(75456K) NonClass: 65264K(65728K)->65264K(65728K) Class: 9378K(9728K)->9378K(9728K)
[2026-10-07T19:08:24.269+0000][569.439s][info][gc             ] GC(205) Pause Young (Allocation Failure) 50M->33M(59M) 14.073ms
[2026-10-07T19:08:24.269+0000][569.439s][info][gc,cpu         ] GC(205) User=0.01s Sys=0.00s Real=0.01s
[2026-10-07T19:08:27.183+0000][572.353s][info][gc,start       ] GC(206) Pause Young (Allocation Failure)
[2026-10-07T19:08:27.190+0000][572.360s][info][gc,heap        ] GC(206) DefNew: 18159K(19136K)->1081K(19136K) Eden: 17024K(17024K)->0K(17024K) From: 1135K(2112K)->1081K(2112K)
[2026-10-07T19:08:27.190+0000][572.361s][info][gc,heap        ] GC(206) Tenured: 33457K(42196K)->33571K(42196K)
[2026-10-07T19:08:27.190+0000][572.361s][info][gc,metaspace   ] GC(206) Metaspace: 74643K(75456K)->74643K(75456K) NonClass: 65264K(65728K)->65264K(65728K) Class: 9378K(9728K)->9378K(9728K)
[2026-10-07T19:08:27.190+0000][572.361s][info][gc             ] GC(206) Pause Young (Allocation Failure) 50M->33M(59M) 7.175ms
[2026-10-07T19:08:27.191+0000][572.361s][info][gc,cpu         ] GC(206) User=0.01s Sys=0.00s Real=0.01s
[2026-10-07T19:08:30.098+0000][575.268s][info][gc,start       ] GC(207) Pause Young (Allocation Failure)
[2026-10-07T19:08:30.106+0000][575.276s][info][gc,heap        ] GC(207) DefNew: 18105K(19136K)->1150K(19136K) Eden: 17024K(17024K)->0K(17024K) From: 1081K(2112K)->1150K(2112K)
[2026-10-07T19:08:30.106+0000][575.276s][info][gc,heap        ] GC(207) Tenured: 33571K(42196K)->33625K(42196K)
[2026-10-07T19:08:30.106+0000][575.276s][info][gc,metaspace   ] GC(207) Metaspace: 74644K(75456K)->74644K(75456K) NonClass: 65265K(65728K)->65265K(65728K) Class: 9378K(9728K)->9378K(9728K)
[2026-10-07T19:08:30.106+0000][575.276s][info][gc             ] GC(207) Pause Young (Allocation Failure) 50M->33M(59M) 8.408ms
[2026-10-07T19:08:30.106+0000][575.277s][info][gc,cpu         ] GC(207) User=0.01s Sys=0.00s Real=0.01s
[2026-10-07T19:08:33.000+0000][578.170s][info][gc,start       ] GC(208) Pause Young (Allocation Failure)
[2026-10-07T19:08:33.008+0000][578.178s][info][gc,heap        ] GC(208) DefNew: 18174K(19136K)->1034K(19136K) Eden: 17024K(17024K)->0K(17024K) From: 1150K(2112K)->1034K(2112K)
[2026-10-07T19:08:33.008+0000][578.178s][info][gc,heap        ] GC(208) Tenured: 33625K(42196K)->33725K(42196K)
[2026-10-07T19:08:33.008+0000][578.178s][info][gc,metaspace   ] GC(208) Metaspace: 74813K(75584K)->74813K(75584K) NonClass: 65435K(65856K)->65435K(65856K) Class: 9378K(9728K)->9378K(9728K)
[2026-10-07T19:08:33.008+0000][578.178s][info][gc             ] GC(208) Pause Young (Allocation Failure) 50M->33M(59M) 8.135ms
[2026-10-07T19:08:33.008+0000][578.178s][info][gc,cpu         ] GC(208) User=0.00s Sys=0.00s Real=0.01s
[2026-10-07T19:08:36.263+0000][581.433s][info][gc,start       ] GC(209) Pause Young (Allocation Failure)
[2026-10-07T19:08:36.274+0000][581.444s][info][gc,heap        ] GC(209) DefNew: 18058K(19136K)->1044K(19136K) Eden: 17024K(17024K)->0K(17024K) From: 1034K(2112K)->1044K(2112K)
[2026-10-07T19:08:36.274+0000][581.444s][info][gc,heap        ] GC(209) Tenured: 33725K(42196K)->33725K(42196K)
[2026-10-07T19:08:36.274+0000][581.444s][info][gc,metaspace   ] GC(209) Metaspace: 74813K(75584K)->74813K(75584K) NonClass: 65435K(65856K)->65435K(65856K) Class: 9378K(9728K)->9378K(9728K)
[2026-10-07T19:08:36.274+0000][581.445s][info][gc             ] GC(209) Pause Young (Allocation Failure) 50M->33M(59M) 11.471ms
[2026-10-07T19:08:36.274+0000][581.445s][info][gc,cpu         ] GC(209) User=0.01s Sys=0.00s Real=0.02s
[2026-10-07T19:08:39.383+0000][584.553s][info][gc,start       ] GC(210) Pause Young (Allocation Failure)
[2026-10-07T19:08:39.391+0000][584.561s][info][gc,heap        ] GC(210) DefNew: 18068K(19136K)->1147K(19136K) Eden: 17024K(17024K)->0K(17024K) From: 1044K(2112K)->1147K(2112K)
[2026-10-07T19:08:39.391+0000][584.561s][info][gc,heap        ] GC(210) Tenured: 33725K(42196K)->33725K(42196K)
[2026-10-07T19:08:39.391+0000][584.561s][info][gc,metaspace   ] GC(210) Metaspace: 74813K(75584K)->74813K(75584K) NonClass: 65435K(65856K)->65435K(65856K) Class: 9378K(9728K)->9378K(9728K)
[2026-10-07T19:08:39.391+0000][584.561s][info][gc             ] GC(210) Pause Young (Allocation Failure) 50M->34M(59M) 8.186ms
[2026-10-07T19:08:39.391+0000][584.561s][info][gc,cpu         ] GC(210) User=0.00s Sys=0.00s Real=0.01s
[2026-10-07T19:08:42.535+0000][587.706s][info][gc,start       ] GC(211) Pause Young (Allocation Failure)
[2026-10-07T19:08:42.548+0000][587.718s][info][gc,heap        ] GC(211) DefNew: 18171K(19136K)->1080K(19136K) Eden: 17024K(17024K)->0K(17024K) From: 1147K(2112K)->1080K(2112K)
[2026-10-07T19:08:42.548+0000][587.718s][info][gc,heap        ] GC(211) Tenured: 33725K(42196K)->33823K(42196K)
[2026-10-07T19:08:42.548+0000][587.718s][info][gc,metaspace   ] GC(211) Metaspace: 74816K(75584K)->74816K(75584K) NonClass: 65438K(65856K)->65438K(65856K) Class: 9378K(9728K)->9378K(9728K)
[2026-10-07T19:08:42.548+0000][587.718s][info][gc             ] GC(211) Pause Young (Allocation Failure) 50M->34M(59M) 12.413ms
[2026-10-07T19:08:42.548+0000][587.718s][info][gc,cpu         ] GC(211) User=0.00s Sys=0.00s Real=0.01s
[2026-10-07T19:08:45.434+0000][590.604s][info][gc,start       ] GC(212) Pause Young (Allocation Failure)
[2026-10-07T19:08:45.443+0000][590.613s][info][gc,heap        ] GC(212) DefNew: 18104K(19136K)->1066K(19136K) Eden: 17024K(17024K)->0K(17024K) From: 1080K(2112K)->1066K(2112K)
[2026-10-07T19:08:45.443+0000][590.613s][info][gc,heap        ] GC(212) Tenured: 33823K(42196K)->33870K(42196K)
[2026-10-07T19:08:45.443+0000][590.613s][info][gc,metaspace   ] GC(212) Metaspace: 74816K(75584K)->74816K(75584K) NonClass: 65438K(65856K)->65438K(65856K) Class: 9378K(9728K)->9378K(9728K)
[2026-10-07T19:08:45.443+0000][590.614s][info][gc             ] GC(212) Pause Young (Allocation Failure) 50M->34M(59M) 9.435ms
[2026-10-07T19:08:45.443+0000][590.614s][info][gc,cpu         ] GC(212) User=0.00s Sys=0.01s Real=0.00s
[2026-10-07T19:08:48.584+0000][593.755s][info][gc,start       ] GC(213) Pause Young (Allocation Failure)
[2026-10-07T19:08:48.591+0000][593.761s][info][gc,heap        ] GC(213) DefNew: 18090K(19136K)->1096K(19136K) Eden: 17024K(17024K)->0K(17024K) From: 1066K(2112K)->1096K(2112K)
[2026-10-07T19:08:48.591+0000][593.762s][info][gc,heap        ] GC(213) Tenured: 33870K(42196K)->33924K(42196K)
[2026-10-07T19:08:48.591+0000][593.762s][info][gc,metaspace   ] GC(213) Metaspace: 74816K(75584K)->74816K(75584K) NonClass: 65438K(65856K)->65438K(65856K) Class: 9378K(9728K)->9378K(9728K)
[2026-10-07T19:08:48.591+0000][593.762s][info][gc             ] GC(213) Pause Young (Allocation Failure) 50M->34M(59M) 6.760ms
[2026-10-07T19:08:48.591+0000][593.762s][info][gc,cpu         ] GC(213) User=0.01s Sys=0.00s Real=0.00s
[2026-10-07T19:08:51.618+0000][596.789s][info][gc,start       ] GC(214) Pause Young (Allocation Failure)
[2026-10-07T19:08:51.625+0000][596.795s][info][gc,heap        ] GC(214) DefNew: 18120K(19136K)->1055K(19136K) Eden: 17024K(17024K)->0K(17024K) From: 1096K(2112K)->1055K(2112K)
[2026-10-07T19:08:51.625+0000][596.796s][info][gc,heap        ] GC(214) Tenured: 33924K(42196K)->33968K(42196K)
[2026-10-07T19:08:51.626+0000][596.796s][info][gc,metaspace   ] GC(214) Metaspace: 74816K(75584K)->74816K(75584K) NonClass: 65438K(65856K)->65438K(65856K) Class: 9378K(9728K)->9378K(9728K)
[2026-10-07T19:08:51.626+0000][596.796s][info][gc             ] GC(214) Pause Young (Allocation Failure) 50M->34M(59M) 7.543ms
[2026-10-07T19:08:51.626+0000][596.796s][info][gc,cpu         ] GC(214) User=0.01s Sys=0.00s Real=0.01s
[2026-10-07T19:08:54.653+0000][599.824s][info][gc,start       ] GC(215) Pause Young (Allocation Failure)
[2026-10-07T19:08:54.667+0000][599.837s][info][gc,heap        ] GC(215) DefNew: 18079K(19136K)->1168K(19136K) Eden: 17024K(17024K)->0K(17024K) From: 1055K(2112K)->1168K(2112K)
[2026-10-07T19:08:54.667+0000][599.837s][info][gc,heap        ] GC(215) Tenured: 33968K(42196K)->33968K(42196K)
[2026-10-07T19:08:54.667+0000][599.838s][info][gc,metaspace   ] GC(215) Metaspace: 74817K(75584K)->74817K(75584K) NonClass: 65438K(65856K)->65438K(65856K) Class: 9378K(9728K)->9378K(9728K)
[2026-10-07T19:08:54.667+0000][599.838s][info][gc             ] GC(215) Pause Young (Allocation Failure) 50M->34M(59M) 14.246ms
[2026-10-07T19:08:54.667+0000][599.838s][info][gc,cpu         ] GC(215) User=0.01s Sys=0.00s Real=0.02s
[2026-10-07T19:08:57.691+0000][602.862s][info][gc,start       ] GC(216) Pause Young (Allocation Failure)
[2026-10-07T19:08:57.700+0000][602.870s][info][gc,heap        ] GC(216) DefNew: 18192K(19136K)->1084K(19136K) Eden: 17024K(17024K)->0K(17024K) From: 1168K(2112K)->1084K(2112K)
[2026-10-07T19:08:57.700+0000][602.870s][info][gc,heap        ] GC(216) Tenured: 33968K(42196K)->34094K(42196K)
[2026-10-07T19:08:57.700+0000][602.870s][info][gc,metaspace   ] GC(216) Metaspace: 74819K(75584K)->74819K(75584K) NonClass: 65441K(65856K)->65441K(65856K) Class: 9378K(9728K)->9378K(9728K)
[2026-10-07T19:08:57.700+0000][602.870s][info][gc             ] GC(216) Pause Young (Allocation Failure) 50M->34M(59M) 8.469ms
[2026-10-07T19:08:57.700+0000][602.870s][info][gc,cpu         ] GC(216) User=0.01s Sys=0.00s Real=0.01s
[2026-10-07T19:09:00.604+0000][605.775s][info][gc,start       ] GC(217) Pause Young (Allocation Failure)
[2026-10-07T19:09:00.612+0000][605.782s][info][gc,heap        ] GC(217) DefNew: 18108K(19136K)->938K(19136K) Eden: 17024K(17024K)->0K(17024K) From: 1084K(2112K)->938K(2112K)
[2026-10-07T19:09:00.612+0000][605.782s][info][gc,heap        ] GC(217) Tenured: 34094K(42196K)->34194K(42196K)
[2026-10-07T19:09:00.612+0000][605.782s][info][gc,metaspace   ] GC(217) Metaspace: 74821K(75584K)->74821K(75584K) NonClass: 65443K(65856K)->65443K(65856K) Class: 9378K(9728K)->9378K(9728K)
[2026-10-07T19:09:00.612+0000][605.782s][info][gc             ] GC(217) Pause Young (Allocation Failure) 50M->34M(59M) 7.576ms
[2026-10-07T19:09:00.612+0000][605.782s][info][gc,cpu         ] GC(217) User=0.00s Sys=0.00s Real=0.00s
[2026-10-07T19:09:03.558+0000][608.728s][info][gc,start       ] GC(218) Pause Young (Allocation Failure)
[2026-10-07T19:09:03.570+0000][608.740s][info][gc,heap        ] GC(218) DefNew: 17962K(19136K)->1064K(19136K) Eden: 17024K(17024K)->0K(17024K) From: 938K(2112K)->1064K(2112K)
[2026-10-07T19:09:03.570+0000][608.740s][info][gc,heap        ] GC(218) Tenured: 34194K(42196K)->34194K(42196K)
[2026-10-07T19:09:03.570+0000][608.740s][info][gc,metaspace   ] GC(218) Metaspace: 74826K(75648K)->74826K(75648K) NonClass: 65447K(65920K)->65447K(65920K) Class: 9378K(9728K)->9378K(9728K)
[2026-10-07T19:09:03.570+0000][608.740s][info][gc             ] GC(218) Pause Young (Allocation Failure) 50M->34M(59M) 11.931ms
[2026-10-07T19:09:03.570+0000][608.740s][info][gc,cpu         ] GC(218) User=0.01s Sys=0.00s Real=0.01s
[2026-10-07T19:09:06.808+0000][611.978s][info][gc,start       ] GC(219) Pause Young (Allocation Failure)
[2026-10-07T19:09:06.815+0000][611.986s][info][gc,heap        ] GC(219) DefNew: 18088K(19136K)->993K(19136K) Eden: 17024K(17024K)->0K(17024K) From: 1064K(2112K)->993K(2112K)
[2026-10-07T19:09:06.815+0000][611.986s][info][gc,heap        ] GC(219) Tenured: 34194K(42196K)->34242K(42196K)
[2026-10-07T19:09:06.815+0000][611.986s][info][gc,metaspace   ] GC(219) Metaspace: 74826K(75648K)->74826K(75648K) NonClass: 65447K(65920K)->65447K(65920K) Class: 9378K(9728K)->9378K(9728K)
[2026-10-07T19:09:06.815+0000][611.986s][info][gc             ] GC(219) Pause Young (Allocation Failure) 51M->34M(59M) 7.453ms
[2026-10-07T19:09:06.816+0000][611.986s][info][gc,cpu         ] GC(219) User=0.00s Sys=0.00s Real=0.01s
[2026-10-07T19:09:09.919+0000][615.089s][info][gc,start       ] GC(220) Pause Young (Allocation Failure)
[2026-10-07T19:09:09.926+0000][615.096s][info][gc,heap        ] GC(220) DefNew: 18017K(19136K)->1133K(19136K) Eden: 17024K(17024K)->0K(17024K) From: 993K(2112K)->1133K(2112K)
[2026-10-07T19:09:09.926+0000][615.096s][info][gc,heap        ] GC(220) Tenured: 34242K(42196K)->34242K(42196K)
[2026-10-07T19:09:09.926+0000][615.096s][info][gc,metaspace   ] GC(220) Metaspace: 74826K(75648K)->74826K(75648K) NonClass: 65447K(65920K)->65447K(65920K) Class: 9378K(9728K)->9378K(9728K)
[2026-10-07T19:09:09.926+0000][615.097s][info][gc             ] GC(220) Pause Young (Allocation Failure) 51M->34M(59M) 7.728ms
[2026-10-07T19:09:09.926+0000][615.097s][info][gc,cpu         ] GC(220) User=0.01s Sys=0.00s Real=0.01s
[2026-10-07T19:09:13.049+0000][618.219s][info][gc,start       ] GC(221) Pause Young (Allocation Failure)
[2026-10-07T19:09:13.057+0000][618.227s][info][gc,heap        ] GC(221) DefNew: 18157K(19136K)->1019K(19136K) Eden: 17024K(17024K)->0K(17024K) From: 1133K(2112K)->1019K(2112K)
[2026-10-07T19:09:13.057+0000][618.227s][info][gc,heap        ] GC(221) Tenured: 34242K(42196K)->34321K(42196K)
[2026-10-07T19:09:13.057+0000][618.227s][info][gc,metaspace   ] GC(221) Metaspace: 74826K(75648K)->74826K(75648K) NonClass: 65447K(65920K)->65447K(65920K) Class: 9378K(9728K)->9378K(9728K)
[2026-10-07T19:09:13.057+0000][618.227s][info][gc             ] GC(221) Pause Young (Allocation Failure) 51M->34M(59M) 8.217ms
[2026-10-07T19:09:13.057+0000][618.227s][info][gc,cpu         ] GC(221) User=0.01s Sys=0.00s Real=0.01s
[2026-10-07T19:09:16.087+0000][621.257s][info][gc,start       ] GC(222) Pause Young (Allocation Failure)
[2026-10-07T19:09:16.097+0000][621.267s][info][gc,heap        ] GC(222) DefNew: 18043K(19136K)->1040K(19136K) Eden: 17024K(17024K)->0K(17024K) From: 1019K(2112K)->1040K(2112K)
[2026-10-07T19:09:16.097+0000][621.267s][info][gc,heap        ] GC(222) Tenured: 34321K(42196K)->34321K(42196K)
[2026-10-07T19:09:16.097+0000][621.267s][info][gc,metaspace   ] GC(222) Metaspace: 74827K(75648K)->74827K(75648K) NonClass: 65448K(65920K)->65448K(65920K) Class: 9378K(9728K)->9378K(9728K)
[2026-10-07T19:09:16.097+0000][621.267s][info][gc             ] GC(222) Pause Young (Allocation Failure) 51M->34M(59M) 10.066ms
[2026-10-07T19:09:16.097+0000][621.267s][info][gc,cpu         ] GC(222) User=0.01s Sys=0.00s Real=0.01s
[2026-10-07T19:09:19.228+0000][624.398s][info][gc,start       ] GC(223) Pause Young (Allocation Failure)
[2026-10-07T19:09:19.236+0000][624.406s][info][gc,heap        ] GC(223) DefNew: 18064K(19136K)->1140K(19136K) Eden: 17024K(17024K)->0K(17024K) From: 1040K(2112K)->1140K(2112K)
[2026-10-07T19:09:19.236+0000][624.407s][info][gc,heap        ] GC(223) Tenured: 34321K(42196K)->34321K(42196K)
[2026-10-07T19:09:19.236+0000][624.407s][info][gc,metaspace   ] GC(223) Metaspace: 74827K(75648K)->74827K(75648K) NonClass: 65448K(65920K)->65448K(65920K) Class: 9378K(9728K)->9378K(9728K)
[2026-10-07T19:09:19.237+0000][624.407s][info][gc             ] GC(223) Pause Young (Allocation Failure) 51M->34M(59M) 9.232ms
[2026-10-07T19:09:19.237+0000][624.408s][info][gc,cpu         ] GC(223) User=0.00s Sys=0.00s Real=0.01s
[2026-10-07T19:09:22.173+0000][627.343s][info][gc,start       ] GC(224) Pause Young (Allocation Failure)
[2026-10-07T19:09:22.180+0000][627.351s][info][gc,heap        ] GC(224) DefNew: 18164K(19136K)->1135K(19136K) Eden: 17024K(17024K)->0K(17024K) From: 1140K(2112K)->1135K(2112K)
[2026-10-07T19:09:22.180+0000][627.351s][info][gc,heap        ] GC(224) Tenured: 34321K(42196K)->34424K(42196K)
[2026-10-07T19:09:22.180+0000][627.351s][info][gc,metaspace   ] GC(224) Metaspace: 74827K(75648K)->74827K(75648K) NonClass: 65448K(65920K)->65448K(65920K) Class: 9378K(9728K)->9378K(9728K)
[2026-10-07T19:09:22.181+0000][627.351s][info][gc             ] GC(224) Pause Young (Allocation Failure) 51M->34M(59M) 7.921ms
[2026-10-07T19:09:22.181+0000][627.351s][info][gc,cpu         ] GC(224) User=0.00s Sys=0.00s Real=0.01s
[2026-10-07T19:09:25.203+0000][630.373s][info][gc,start       ] GC(225) Pause Young (Allocation Failure)
[2026-10-07T19:09:25.210+0000][630.380s][info][gc,heap        ] GC(225) DefNew: 18159K(19136K)->1110K(19136K) Eden: 17024K(17024K)->0K(17024K) From: 1135K(2112K)->1110K(2112K)
[2026-10-07T19:09:25.210+0000][630.380s][info][gc,heap        ] GC(225) Tenured: 34424K(42196K)->34509K(42196K)
[2026-10-07T19:09:25.210+0000][630.380s][info][gc,metaspace   ] GC(225) Metaspace: 74827K(75648K)->74827K(75648K) NonClass: 65448K(65920K)->65448K(65920K) Class: 9378K(9728K)->9378K(9728K)
[2026-10-07T19:09:25.210+0000][630.380s][info][gc             ] GC(225) Pause Young (Allocation Failure) 51M->34M(59M) 6.590ms
[2026-10-07T19:09:25.210+0000][630.380s][info][gc,cpu         ] GC(225) User=0.01s Sys=0.00s Real=0.01s
[2026-10-07T19:09:28.265+0000][633.436s][info][gc,start       ] GC(226) Pause Young (Allocation Failure)
[2026-10-07T19:09:28.273+0000][633.443s][info][gc,heap        ] GC(226) DefNew: 18134K(19136K)->966K(19136K) Eden: 17024K(17024K)->0K(17024K) From: 1110K(2112K)->966K(2112K)
[2026-10-07T19:09:28.273+0000][633.443s][info][gc,heap        ] GC(226) Tenured: 34509K(42196K)->34620K(42196K)
[2026-10-07T19:09:28.273+0000][633.443s][info][gc,metaspace   ] GC(226) Metaspace: 74827K(75648K)->74827K(75648K) NonClass: 65448K(65920K)->65448K(65920K) Class: 9378K(9728K)->9378K(9728K)
[2026-10-07T19:09:28.273+0000][633.443s][info][gc             ] GC(226) Pause Young (Allocation Failure) 51M->34M(59M) 7.688ms
[2026-10-07T19:09:28.273+0000][633.444s][info][gc,cpu         ] GC(226) User=0.00s Sys=0.00s Real=0.00s
[2026-10-07T19:09:31.166+0000][636.336s][info][gc,start       ] GC(227) Pause Young (Allocation Failure)
[2026-10-07T19:09:31.173+0000][636.343s][info][gc,heap        ] GC(227) DefNew: 17990K(19136K)->959K(19136K) Eden: 17024K(17024K)->0K(17024K) From: 966K(2112K)->959K(2112K)
[2026-10-07T19:09:31.173+0000][636.343s][info][gc,heap        ] GC(227) Tenured: 34620K(42196K)->34620K(42196K)
[2026-10-07T19:09:31.173+0000][636.343s][info][gc,metaspace   ] GC(227) Metaspace: 74828K(75648K)->74828K(75648K) NonClass: 65450K(65920K)->65450K(65920K) Class: 9378K(9728K)->9378K(9728K)
[2026-10-07T19:09:31.173+0000][636.344s][info][gc             ] GC(227) Pause Young (Allocation Failure) 51M->34M(59M) 7.256ms
[2026-10-07T19:09:31.173+0000][636.344s][info][gc,cpu         ] GC(227) User=0.00s Sys=0.00s Real=0.00s
[2026-10-07T19:09:34.123+0000][639.293s][info][gc,start       ] GC(228) Pause Young (Allocation Failure)
[2026-10-07T19:09:34.130+0000][639.301s][info][gc,heap        ] GC(228) DefNew: 17983K(19136K)->1078K(19136K) Eden: 17024K(17024K)->0K(17024K) From: 959K(2112K)->1078K(2112K)
[2026-10-07T19:09:34.130+0000][639.301s][info][gc,heap        ] GC(228) Tenured: 34620K(42196K)->34620K(42196K)
[2026-10-07T19:09:34.131+0000][639.301s][info][gc,metaspace   ] GC(228) Metaspace: 74829K(75648K)->74829K(75648K) NonClass: 65451K(65920K)->65451K(65920K) Class: 9378K(9728K)->9378K(9728K)
[2026-10-07T19:09:34.131+0000][639.301s][info][gc             ] GC(228) Pause Young (Allocation Failure) 51M->34M(59M) 7.994ms
[2026-10-07T19:09:34.131+0000][639.301s][info][gc,cpu         ] GC(228) User=0.00s Sys=0.00s Real=0.01s
[2026-10-07T19:09:37.314+0000][642.484s][info][gc,start       ] GC(229) Pause Young (Allocation Failure)
[2026-10-07T19:09:37.321+0000][642.492s][info][gc,heap        ] GC(229) DefNew: 18102K(19136K)->1073K(19136K) Eden: 17024K(17024K)->0K(17024K) From: 1078K(2112K)->1073K(2112K)
[2026-10-07T19:09:37.322+0000][642.492s][info][gc,heap        ] GC(229) Tenured: 34620K(42196K)->34657K(42196K)
[2026-10-07T19:09:37.322+0000][642.492s][info][gc,metaspace   ] GC(229) Metaspace: 74830K(75648K)->74830K(75648K) NonClass: 65451K(65920K)->65451K(65920K) Class: 9378K(9728K)->9378K(9728K)
[2026-10-07T19:09:37.322+0000][642.492s][info][gc             ] GC(229) Pause Young (Allocation Failure) 51M->34M(59M) 7.559ms
[2026-10-07T19:09:37.322+0000][642.492s][info][gc,cpu         ] GC(229) User=0.01s Sys=0.00s Real=0.00s
[2026-10-07T19:09:40.428+0000][645.599s][info][gc,start       ] GC(230) Pause Young (Allocation Failure)
[2026-10-07T19:09:40.435+0000][645.605s][info][gc,heap        ] GC(230) DefNew: 18097K(19136K)->1055K(19136K) Eden: 17024K(17024K)->0K(17024K) From: 1073K(2112K)->1055K(2112K)
[2026-10-07T19:09:40.435+0000][645.606s][info][gc,heap        ] GC(230) Tenured: 34657K(42196K)->34700K(42196K)
[2026-10-07T19:09:40.435+0000][645.606s][info][gc,metaspace   ] GC(230) Metaspace: 74892K(75712K)->74892K(75712K) NonClass: 65500K(65920K)->65500K(65920K) Class: 9392K(9792K)->9392K(9792K)
[2026-10-07T19:09:40.435+0000][645.606s][info][gc             ] GC(230) Pause Young (Allocation Failure) 51M->34M(59M) 6.968ms
[2026-10-07T19:09:40.435+0000][645.606s][info][gc,cpu         ] GC(230) User=0.00s Sys=0.00s Real=0.01s
[2026-10-07T19:09:43.532+0000][648.702s][info][gc,start       ] GC(231) Pause Young (Allocation Failure)
[2026-10-07T19:09:43.544+0000][648.715s][info][gc,heap        ] GC(231) DefNew: 18063K(19136K)->1136K(19136K) Eden: 17008K(17024K)->0K(17024K) From: 1055K(2112K)->1136K(2112K)
[2026-10-07T19:09:43.544+0000][648.715s][info][gc,heap        ] GC(231) Tenured: 34700K(42196K)->34700K(42196K)
[2026-10-07T19:09:43.545+0000][648.715s][info][gc,metaspace   ] GC(231) Metaspace: 74907K(75712K)->74907K(75712K) NonClass: 65514K(65920K)->65514K(65920K) Class: 9392K(9792K)->9392K(9792K)
[2026-10-07T19:09:43.545+0000][648.715s][info][gc             ] GC(231) Pause Young (Allocation Failure) 51M->34M(59M) 13.212ms
[2026-10-07T19:09:43.545+0000][648.715s][info][gc,cpu         ] GC(231) User=0.01s Sys=0.00s Real=0.02s
[2026-10-07T19:09:46.880+0000][652.050s][info][gc,start       ] GC(232) Pause Young (Allocation Failure)
[2026-10-07T19:09:46.888+0000][652.058s][info][gc,heap        ] GC(232) DefNew: 18160K(19136K)->1016K(19136K) Eden: 17024K(17024K)->0K(17024K) From: 1136K(2112K)->1016K(2112K)
[2026-10-07T19:09:46.888+0000][652.059s][info][gc,heap        ] GC(232) Tenured: 34700K(42196K)->34825K(42196K)
[2026-10-07T19:09:46.888+0000][652.059s][info][gc,metaspace   ] GC(232) Metaspace: 74910K(75712K)->74910K(75712K) NonClass: 65517K(65920K)->65517K(65920K) Class: 9392K(9792K)->9392K(9792K)
[2026-10-07T19:09:46.888+0000][652.059s][info][gc             ] GC(232) Pause Young (Allocation Failure) 51M->35M(59M) 8.456ms
[2026-10-07T19:09:46.889+0000][652.059s][info][gc,cpu         ] GC(232) User=0.00s Sys=0.00s Real=0.01s
[2026-10-07T19:09:49.906+0000][655.076s][info][gc,start       ] GC(233) Pause Young (Allocation Failure)
[2026-10-07T19:09:49.914+0000][655.085s][info][gc,heap        ] GC(233) DefNew: 18040K(19136K)->1164K(19136K) Eden: 17023K(17024K)->0K(17024K) From: 1016K(2112K)->1164K(2112K)
[2026-10-07T19:09:49.914+0000][655.085s][info][gc,heap        ] GC(233) Tenured: 34825K(42196K)->34825K(42196K)
[2026-10-07T19:09:49.914+0000][655.085s][info][gc,metaspace   ] GC(233) Metaspace: 74910K(75712K)->74910K(75712K) NonClass: 65517K(65920K)->65517K(65920K) Class: 9392K(9792K)->9392K(9792K)
[2026-10-07T19:09:49.915+0000][655.085s][info][gc             ] GC(233) Pause Young (Allocation Failure) 51M->35M(59M) 8.505ms
[2026-10-07T19:09:49.915+0000][655.085s][info][gc,cpu         ] GC(233) User=0.01s Sys=0.00s Real=0.01s
[2026-10-07T19:09:53.123+0000][658.293s][info][gc,start       ] GC(234) Pause Young (Allocation Failure)
[2026-10-07T19:09:53.131+0000][658.301s][info][gc,heap        ] GC(234) DefNew: 18188K(19136K)->1018K(19136K) Eden: 17024K(17024K)->0K(17024K) From: 1164K(2112K)->1018K(2112K)
[2026-10-07T19:09:53.131+0000][658.301s][info][gc,heap        ] GC(234) Tenured: 34825K(42196K)->34965K(42196K)
[2026-10-07T19:09:53.131+0000][658.301s][info][gc,metaspace   ] GC(234) Metaspace: 74911K(75712K)->74911K(75712K) NonClass: 65519K(65920K)->65519K(65920K) Class: 9392K(9792K)->9392K(9792K)
[2026-10-07T19:09:53.131+0000][658.301s][info][gc             ] GC(234) Pause Young (Allocation Failure) 51M->35M(59M) 7.800ms
[2026-10-07T19:09:53.131+0000][658.301s][info][gc,cpu         ] GC(234) User=0.00s Sys=0.00s Real=0.01s
[2026-10-07T19:09:56.447+0000][661.618s][info][gc,start       ] GC(235) Pause Young (Allocation Failure)
[2026-10-07T19:09:56.457+0000][661.627s][info][gc,heap        ] GC(235) DefNew: 18042K(19136K)->1024K(19136K) Eden: 17024K(17024K)->0K(17024K) From: 1018K(2112K)->1024K(2112K)
[2026-10-07T19:09:56.458+0000][661.628s][info][gc,heap        ] GC(235) Tenured: 34965K(42196K)->34965K(42196K)
[2026-10-07T19:09:56.458+0000][661.628s][info][gc,metaspace   ] GC(235) Metaspace: 74911K(75712K)->74911K(75712K) NonClass: 65519K(65920K)->65519K(65920K) Class: 9392K(9792K)->9392K(9792K)
[2026-10-07T19:09:56.458+0000][661.628s][info][gc             ] GC(235) Pause Young (Allocation Failure) 51M->35M(59M) 10.548ms
[2026-10-07T19:09:56.458+0000][661.628s][info][gc,cpu         ] GC(235) User=0.01s Sys=0.00s Real=0.01s
[2026-10-07T19:09:59.524+0000][664.694s][info][gc,start       ] GC(236) Pause Young (Allocation Failure)
[2026-10-07T19:09:59.531+0000][664.701s][info][gc,heap        ] GC(236) DefNew: 18048K(19136K)->1129K(19136K) Eden: 17024K(17024K)->0K(17024K) From: 1024K(2112K)->1129K(2112K)
[2026-10-07T19:09:59.531+0000][664.702s][info][gc,heap        ] GC(236) Tenured: 34965K(42196K)->34965K(42196K)
[2026-10-07T19:09:59.531+0000][664.702s][info][gc,metaspace   ] GC(236) Metaspace: 74913K(75712K)->74913K(75712K) NonClass: 65520K(65920K)->65520K(65920K) Class: 9392K(9792K)->9392K(9792K)
[2026-10-07T19:09:59.531+0000][664.702s][info][gc             ] GC(236) Pause Young (Allocation Failure) 51M->35M(59M) 7.421ms
[2026-10-07T19:09:59.531+0000][664.702s][info][gc,cpu         ] GC(236) User=0.00s Sys=0.00s Real=0.00s
[2026-10-07T19:10:02.764+0000][667.935s][info][gc,start       ] GC(237) Pause Young (Allocation Failure)
[2026-10-07T19:10:02.773+0000][667.944s][info][gc,heap        ] GC(237) DefNew: 18153K(19136K)->1063K(19136K) Eden: 17024K(17024K)->0K(17024K) From: 1129K(2112K)->1063K(2112K)
[2026-10-07T19:10:02.773+0000][667.944s][info][gc,heap        ] GC(237) Tenured: 34965K(42196K)->35051K(42196K)
[2026-10-07T19:10:02.773+0000][667.944s][info][gc,metaspace   ] GC(237) Metaspace: 74913K(75712K)->74913K(75712K) NonClass: 65520K(65920K)->65520K(65920K) Class: 9392K(9792K)->9392K(9792K)
[2026-10-07T19:10:02.774+0000][667.944s][info][gc             ] GC(237) Pause Young (Allocation Failure) 51M->35M(59M) 9.232ms
[2026-10-07T19:10:02.774+0000][667.944s][info][gc,cpu         ] GC(237) User=0.01s Sys=0.01s Real=0.01s
[2026-10-07T19:10:05.762+0000][670.932s][info][gc,start       ] GC(238) Pause Young (Allocation Failure)
[2026-10-07T19:10:05.779+0000][670.949s][info][gc,heap        ] GC(238) DefNew: 18087K(19136K)->1047K(19136K) Eden: 17024K(17024K)->0K(17024K) From: 1063K(2112K)->1047K(2112K)
[2026-10-07T19:10:05.779+0000][670.949s][info][gc,heap        ] GC(238) Tenured: 35051K(42196K)->35094K(42196K)
[2026-10-07T19:10:05.779+0000][670.949s][info][gc,metaspace   ] GC(238) Metaspace: 74924K(75776K)->74924K(75776K) NonClass: 65532K(65984K)->65532K(65984K) Class: 9392K(9792K)->9392K(9792K)
[2026-10-07T19:10:05.779+0000][670.949s][info][gc             ] GC(238) Pause Young (Allocation Failure) 51M->35M(59M) 17.152ms
[2026-10-07T19:10:05.779+0000][670.950s][info][gc,cpu         ] GC(238) User=0.01s Sys=0.00s Real=0.02s
[2026-10-07T19:10:08.720+0000][673.890s][info][gc,start       ] GC(239) Pause Young (Allocation Failure)
[2026-10-07T19:10:08.728+0000][673.899s][info][gc,heap        ] GC(239) DefNew: 18071K(19136K)->1149K(19136K) Eden: 17024K(17024K)->0K(17024K) From: 1047K(2112K)->1149K(2112K)
[2026-10-07T19:10:08.728+0000][673.899s][info][gc,heap        ] GC(239) Tenured: 35094K(42196K)->35094K(42196K)
[2026-10-07T19:10:08.728+0000][673.899s][info][gc,metaspace   ] GC(239) Metaspace: 74924K(75776K)->74924K(75776K) NonClass: 65532K(65984K)->65532K(65984K) Class: 9392K(9792K)->9392K(9792K)
[2026-10-07T19:10:08.729+0000][673.899s][info][gc             ] GC(239) Pause Young (Allocation Failure) 51M->35M(59M) 8.730ms
[2026-10-07T19:10:08.729+0000][673.899s][info][gc,cpu         ] GC(239) User=0.01s Sys=0.00s Real=0.01s
[2026-10-07T19:10:11.964+0000][677.135s][info][gc,start       ] GC(240) Pause Young (Allocation Failure)
[2026-10-07T19:10:11.979+0000][677.149s][info][gc,heap        ] GC(240) DefNew: 18173K(19136K)->1032K(19136K) Eden: 17024K(17024K)->0K(17024K) From: 1149K(2112K)->1032K(2112K)
[2026-10-07T19:10:11.980+0000][677.150s][info][gc,heap        ] GC(240) Tenured: 35094K(42196K)->35191K(42196K)
[2026-10-07T19:10:11.980+0000][677.150s][info][gc,metaspace   ] GC(240) Metaspace: 74925K(75776K)->74925K(75776K) NonClass: 65533K(65984K)->65533K(65984K) Class: 9392K(9792K)->9392K(9792K)
[2026-10-07T19:10:11.980+0000][677.150s][info][gc             ] GC(240) Pause Young (Allocation Failure) 52M->35M(59M) 15.884ms
[2026-10-07T19:10:11.980+0000][677.150s][info][gc,cpu         ] GC(240) User=0.01s Sys=0.00s Real=0.01s
[2026-10-07T19:10:15.079+0000][680.250s][info][gc,start       ] GC(241) Pause Young (Allocation Failure)
[2026-10-07T19:10:15.089+0000][680.259s][info][gc,heap        ] GC(241) DefNew: 18056K(19136K)->1195K(19136K) Eden: 17024K(17024K)->0K(17024K) From: 1032K(2112K)->1195K(2112K)
[2026-10-07T19:10:15.089+0000][680.259s][info][gc,heap        ] GC(241) Tenured: 35191K(42196K)->35191K(42196K)
[2026-10-07T19:10:15.089+0000][680.259s][info][gc,metaspace   ] GC(241) Metaspace: 74926K(75776K)->74926K(75776K) NonClass: 65534K(65984K)->65534K(65984K) Class: 9392K(9792K)->9392K(9792K)
[2026-10-07T19:10:15.089+0000][680.259s][info][gc             ] GC(241) Pause Young (Allocation Failure) 51M->35M(59M) 9.251ms
[2026-10-07T19:10:15.089+0000][680.260s][info][gc,cpu         ] GC(241) User=0.00s Sys=0.00s Real=0.01s
[2026-10-07T19:10:18.048+0000][683.219s][info][gc,start       ] GC(242) Pause Young (Allocation Failure)
[2026-10-07T19:10:18.056+0000][683.226s][info][gc,heap        ] GC(242) DefNew: 18219K(19136K)->1070K(19136K) Eden: 17024K(17024K)->0K(17024K) From: 1195K(2112K)->1070K(2112K)
[2026-10-07T19:10:18.056+0000][683.226s][info][gc,heap        ] GC(242) Tenured: 35191K(42196K)->35333K(42196K)
[2026-10-07T19:10:18.056+0000][683.226s][info][gc,metaspace   ] GC(242) Metaspace: 74926K(75776K)->74926K(75776K) NonClass: 65534K(65984K)->65534K(65984K) Class: 9392K(9792K)->9392K(9792K)
[2026-10-07T19:10:18.056+0000][683.226s][info][gc             ] GC(242) Pause Young (Allocation Failure) 52M->35M(59M) 7.887ms
[2026-10-07T19:10:18.056+0000][683.226s][info][gc,cpu         ] GC(242) User=0.01s Sys=0.00s Real=0.01s
[2026-10-07T19:10:21.261+0000][686.431s][info][gc,start       ] GC(243) Pause Young (Allocation Failure)
[2026-10-07T19:10:21.269+0000][686.439s][info][gc,heap        ] GC(243) DefNew: 18094K(19136K)->982K(19136K) Eden: 17024K(17024K)->0K(17024K) From: 1070K(2112K)->982K(2112K)
[2026-10-07T19:10:21.269+0000][686.440s][info][gc,heap        ] GC(243) Tenured: 35333K(42196K)->35418K(42196K)
[2026-10-07T19:10:21.269+0000][686.440s][info][gc,metaspace   ] GC(243) Metaspace: 74926K(75776K)->74926K(75776K) NonClass: 65534K(65984K)->65534K(65984K) Class: 9392K(9792K)->9392K(9792K)
[2026-10-07T19:10:21.269+0000][686.440s][info][gc             ] GC(243) Pause Young (Allocation Failure) 52M->35M(59M) 8.375ms
[2026-10-07T19:10:21.269+0000][686.440s][info][gc,cpu         ] GC(243) User=0.01s Sys=0.00s Real=0.01s
[2026-10-07T19:10:24.257+0000][689.428s][info][gc,start       ] GC(244) Pause Young (Allocation Failure)
[2026-10-07T19:10:24.267+0000][689.437s][info][gc,heap        ] GC(244) DefNew: 18006K(19136K)->1125K(19136K) Eden: 17024K(17024K)->0K(17024K) From: 982K(2112K)->1125K(2112K)
[2026-10-07T19:10:24.267+0000][689.437s][info][gc,heap        ] GC(244) Tenured: 35418K(42196K)->35418K(42196K)
[2026-10-07T19:10:24.267+0000][689.437s][info][gc,metaspace   ] GC(244) Metaspace: 74934K(75776K)->74934K(75776K) NonClass: 65542K(65984K)->65542K(65984K) Class: 9392K(9792K)->9392K(9792K)
[2026-10-07T19:10:24.267+0000][689.437s][info][gc             ] GC(244) Pause Young (Allocation Failure) 52M->35M(59M) 9.395ms
[2026-10-07T19:10:24.267+0000][689.437s][info][gc,cpu         ] GC(244) User=0.00s Sys=0.00s Real=0.01s
[2026-10-07T19:10:27.451+0000][692.621s][info][gc,start       ] GC(245) Pause Young (Allocation Failure)
[2026-10-07T19:10:27.459+0000][692.629s][info][gc,heap        ] GC(245) DefNew: 18149K(19136K)->1010K(19136K) Eden: 17024K(17024K)->0K(17024K) From: 1125K(2112K)->1010K(2112K)
[2026-10-07T19:10:27.459+0000][692.629s][info][gc,heap        ] GC(245) Tenured: 35418K(42196K)->35498K(42196K)
[2026-10-07T19:10:27.459+0000][692.629s][info][gc,metaspace   ] GC(245) Metaspace: 74934K(75776K)->74934K(75776K) NonClass: 65542K(65984K)->65542K(65984K) Class: 9392K(9792K)->9392K(9792K)
[2026-10-07T19:10:27.459+0000][692.629s][info][gc             ] GC(245) Pause Young (Allocation Failure) 52M->35M(59M) 8.338ms
[2026-10-07T19:10:27.459+0000][692.630s][info][gc,cpu         ] GC(245) User=0.00s Sys=0.00s Real=0.01s
[2026-10-07T19:10:30.755+0000][695.926s][info][gc,start       ] GC(246) Pause Young (Allocation Failure)
[2026-10-07T19:10:30.763+0000][695.933s][info][gc,heap        ] GC(246) DefNew: 18034K(19136K)->996K(19136K) Eden: 17024K(17024K)->0K(17024K) From: 1010K(2112K)->996K(2112K)
[2026-10-07T19:10:30.763+0000][695.933s][info][gc,heap        ] GC(246) Tenured: 35498K(42196K)->35498K(42196K)
[2026-10-07T19:10:30.763+0000][695.933s][info][gc,metaspace   ] GC(246) Metaspace: 74939K(75776K)->74939K(75776K) NonClass: 65546K(65984K)->65546K(65984K) Class: 9392K(9792K)->9392K(9792K)
[2026-10-07T19:10:30.763+0000][695.933s][info][gc             ] GC(246) Pause Young (Allocation Failure) 52M->35M(59M) 7.577ms
[2026-10-07T19:10:30.763+0000][695.933s][info][gc,cpu         ] GC(246) User=0.01s Sys=0.00s Real=0.00s
[2026-10-07T19:10:34.222+0000][699.392s][info][gc,start       ] GC(247) Pause Young (Allocation Failure)
[2026-10-07T19:10:34.230+0000][699.401s][info][gc,heap        ] GC(247) DefNew: 18020K(19136K)->1109K(19136K) Eden: 17024K(17024K)->0K(17024K) From: 996K(2112K)->1109K(2112K)
[2026-10-07T19:10:34.230+0000][699.401s][info][gc,heap        ] GC(247) Tenured: 35498K(42196K)->35498K(42196K)
[2026-10-07T19:10:34.230+0000][699.401s][info][gc,metaspace   ] GC(247) Metaspace: 74939K(75776K)->74939K(75776K) NonClass: 65546K(65984K)->65546K(65984K) Class: 9392K(9792K)->9392K(9792K)
[2026-10-07T19:10:34.230+0000][699.401s][info][gc             ] GC(247) Pause Young (Allocation Failure) 52M->35M(59M) 8.353ms
[2026-10-07T19:10:34.230+0000][699.401s][info][gc,cpu         ] GC(247) User=0.01s Sys=0.01s Real=0.01s
[2026-10-07T19:10:37.323+0000][702.494s][info][gc,start       ] GC(248) Pause Young (Allocation Failure)
[2026-10-07T19:10:37.330+0000][702.501s][info][gc,heap        ] GC(248) DefNew: 18133K(19136K)->1063K(19136K) Eden: 17024K(17024K)->0K(17024K) From: 1109K(2112K)->1063K(2112K)
[2026-10-07T19:10:37.331+0000][702.501s][info][gc,heap        ] GC(248) Tenured: 35498K(42196K)->35555K(42196K)
[2026-10-07T19:10:37.331+0000][702.501s][info][gc,metaspace   ] GC(248) Metaspace: 74939K(75776K)->74939K(75776K) NonClass: 65546K(65984K)->65546K(65984K) Class: 9392K(9792K)->9392K(9792K)
[2026-10-07T19:10:37.331+0000][702.501s][info][gc             ] GC(248) Pause Young (Allocation Failure) 52M->35M(59M) 7.242ms
[2026-10-07T19:10:37.331+0000][702.501s][info][gc,cpu         ] GC(248) User=0.01s Sys=0.00s Real=0.01s
[2026-10-07T19:10:40.606+0000][705.776s][info][gc,start       ] GC(249) Pause Young (Allocation Failure)
[2026-10-07T19:10:40.613+0000][705.783s][info][gc,heap        ] GC(249) DefNew: 18087K(19136K)->1002K(19136K) Eden: 17024K(17024K)->0K(17024K) From: 1063K(2112K)->1002K(2112K)
[2026-10-07T19:10:40.613+0000][705.783s][info][gc,heap        ] GC(249) Tenured: 35555K(42196K)->35598K(42196K)
[2026-10-07T19:10:40.613+0000][705.783s][info][gc,metaspace   ] GC(249) Metaspace: 74939K(75776K)->74939K(75776K) NonClass: 65546K(65984K)->65546K(65984K) Class: 9392K(9792K)->9392K(9792K)
[2026-10-07T19:10:40.613+0000][705.783s][info][gc             ] GC(249) Pause Young (Allocation Failure) 52M->35M(59M) 7.366ms
[2026-10-07T19:10:40.613+0000][705.783s][info][gc,cpu         ] GC(249) User=0.01s Sys=0.00s Real=0.00s
[2026-10-07T19:10:43.578+0000][708.748s][info][gc,start       ] GC(250) Pause Young (Allocation Failure)
[2026-10-07T19:10:43.585+0000][708.756s][info][gc,heap        ] GC(250) DefNew: 18026K(19136K)->1095K(19136K) Eden: 17024K(17024K)->0K(17024K) From: 1002K(2112K)->1095K(2112K)
[2026-10-07T19:10:43.585+0000][708.756s][info][gc,heap        ] GC(250) Tenured: 35598K(42196K)->35598K(42196K)
[2026-10-07T19:10:43.585+0000][708.756s][info][gc,metaspace   ] GC(250) Metaspace: 74939K(75776K)->74939K(75776K) NonClass: 65546K(65984K)->65546K(65984K) Class: 9392K(9792K)->9392K(9792K)
[2026-10-07T19:10:43.585+0000][708.756s][info][gc             ] GC(250) Pause Young (Allocation Failure) 52M->35M(59M) 7.840ms
[2026-10-07T19:10:43.587+0000][708.757s][info][gc,cpu         ] GC(250) User=0.00s Sys=0.00s Real=0.01s
[2026-10-07T19:10:46.780+0000][711.950s][info][gc,start       ] GC(251) Pause Young (Allocation Failure)
[2026-10-07T19:10:46.788+0000][711.958s][info][gc,heap        ] GC(251) DefNew: 18119K(19136K)->1100K(19136K) Eden: 17024K(17024K)->0K(17024K) From: 1095K(2112K)->1100K(2112K)
[2026-10-07T19:10:46.788+0000][711.958s][info][gc,heap        ] GC(251) Tenured: 35598K(42196K)->35645K(42196K)
[2026-10-07T19:10:46.788+0000][711.958s][info][gc,metaspace   ] GC(251) Metaspace: 74939K(75776K)->74939K(75776K) NonClass: 65546K(65984K)->65546K(65984K) Class: 9392K(9792K)->9392K(9792K)
[2026-10-07T19:10:46.788+0000][711.958s][info][gc             ] GC(251) Pause Young (Allocation Failure) 52M->35M(59M) 8.531ms
[2026-10-07T19:10:46.788+0000][711.959s][info][gc,cpu         ] GC(251) User=0.01s Sys=0.00s Real=0.01s
[2026-10-07T19:10:50.187+0000][715.357s][info][gc,start       ] GC(252) Pause Young (Allocation Failure)
[2026-10-07T19:10:50.194+0000][715.364s][info][gc,heap        ] GC(252) DefNew: 18124K(19136K)->1125K(19136K) Eden: 17024K(17024K)->0K(17024K) From: 1100K(2112K)->1125K(2112K)
[2026-10-07T19:10:50.194+0000][715.364s][info][gc,heap        ] GC(252) Tenured: 35645K(42196K)->35696K(42196K)
[2026-10-07T19:10:50.194+0000][715.364s][info][gc,metaspace   ] GC(252) Metaspace: 74939K(75776K)->74939K(75776K) NonClass: 65546K(65984K)->65546K(65984K) Class: 9392K(9792K)->9392K(9792K)
[2026-10-07T19:10:50.194+0000][715.364s][info][gc             ] GC(252) Pause Young (Allocation Failure) 52M->35M(59M) 7.153ms
[2026-10-07T19:10:50.194+0000][715.364s][info][gc,cpu         ] GC(252) User=0.01s Sys=0.00s Real=0.01s
[2026-10-07T19:10:53.476+0000][718.646s][info][gc,start       ] GC(253) Pause Young (Allocation Failure)
[2026-10-07T19:10:53.483+0000][718.654s][info][gc,heap        ] GC(253) DefNew: 18149K(19136K)->1045K(19136K) Eden: 17024K(17024K)->0K(17024K) From: 1125K(2112K)->1045K(2112K)
[2026-10-07T19:10:53.483+0000][718.654s][info][gc,heap        ] GC(253) Tenured: 35696K(42196K)->35777K(42196K)
[2026-10-07T19:10:53.483+0000][718.654s][info][gc,metaspace   ] GC(253) Metaspace: 74946K(75776K)->74946K(75776K) NonClass: 65554K(65984K)->65554K(65984K) Class: 9392K(9792K)->9392K(9792K)
[2026-10-07T19:10:53.483+0000][718.654s][info][gc             ] GC(253) Pause Young (Allocation Failure) 52M->35M(59M) 7.443ms
[2026-10-07T19:10:53.483+0000][718.654s][info][gc,cpu         ] GC(253) User=0.01s Sys=0.00s Real=0.00s
[2026-10-07T19:10:56.518+0000][721.688s][info][gc,start       ] GC(254) Pause Young (Allocation Failure)
[2026-10-07T19:10:56.526+0000][721.697s][info][gc,heap        ] GC(254) DefNew: 18069K(19136K)->1101K(19136K) Eden: 17024K(17024K)->0K(17024K) From: 1045K(2112K)->1101K(2112K)
[2026-10-07T19:10:56.526+0000][721.697s][info][gc,heap        ] GC(254) Tenured: 35777K(42196K)->35777K(42196K)
[2026-10-07T19:10:56.526+0000][721.697s][info][gc,metaspace   ] GC(254) Metaspace: 74948K(75776K)->74948K(75776K) NonClass: 65556K(65984K)->65556K(65984K) Class: 9392K(9792K)->9392K(9792K)
[2026-10-07T19:10:56.527+0000][721.697s][info][gc             ] GC(254) Pause Young (Allocation Failure) 52M->36M(59M) 8.891ms
[2026-10-07T19:10:56.527+0000][721.697s][info][gc,cpu         ] GC(254) User=0.00s Sys=0.00s Real=0.01s
[2026-10-07T19:10:59.552+0000][724.723s][info][gc,start       ] GC(255) Pause Young (Allocation Failure)
[2026-10-07T19:10:59.560+0000][724.730s][info][gc,heap        ] GC(255) DefNew: 18125K(19136K)->1114K(19136K) Eden: 17024K(17024K)->0K(17024K) From: 1101K(2112K)->1114K(2112K)
[2026-10-07T19:10:59.560+0000][724.730s][info][gc,heap        ] GC(255) Tenured: 35777K(42196K)->35823K(42196K)
[2026-10-07T19:10:59.560+0000][724.730s][info][gc,metaspace   ] GC(255) Metaspace: 74951K(75776K)->74951K(75776K) NonClass: 65559K(65984K)->65559K(65984K) Class: 9392K(9792K)->9392K(9792K)
[2026-10-07T19:10:59.560+0000][724.730s][info][gc             ] GC(255) Pause Young (Allocation Failure) 52M->36M(59M) 7.417ms
[2026-10-07T19:10:59.560+0000][724.730s][info][gc,cpu         ] GC(255) User=0.01s Sys=0.00s Real=0.01s
[2026-10-07T19:11:02.781+0000][727.951s][info][gc,start       ] GC(256) Pause Young (Allocation Failure)
[2026-10-07T19:11:02.789+0000][727.959s][info][gc,heap        ] GC(256) DefNew: 18138K(19136K)->1044K(19136K) Eden: 17024K(17024K)->0K(17024K) From: 1114K(2112K)->1044K(2112K)
[2026-10-07T19:11:02.789+0000][727.959s][info][gc,heap        ] GC(256) Tenured: 35823K(42196K)->35900K(42196K)
[2026-10-07T19:11:02.789+0000][727.959s][info][gc,metaspace   ] GC(256) Metaspace: 74953K(75776K)->74953K(75776K) NonClass: 65561K(65984K)->65561K(65984K) Class: 9392K(9792K)->9392K(9792K)
[2026-10-07T19:11:02.789+0000][727.959s][info][gc             ] GC(256) Pause Young (Allocation Failure) 52M->36M(59M) 7.605ms
[2026-10-07T19:11:02.789+0000][727.959s][info][gc,cpu         ] GC(256) User=0.01s Sys=0.00s Real=0.01s
[2026-10-07T19:11:06.102+0000][731.272s][info][gc,start       ] GC(257) Pause Young (Allocation Failure)
[2026-10-07T19:11:06.110+0000][731.280s][info][gc,heap        ] GC(257) DefNew: 18068K(19136K)->1051K(19136K) Eden: 17024K(17024K)->0K(17024K) From: 1044K(2112K)->1051K(2112K)
[2026-10-07T19:11:06.110+0000][731.280s][info][gc,heap        ] GC(257) Tenured: 35900K(42196K)->35900K(42196K)
[2026-10-07T19:11:06.110+0000][731.280s][info][gc,metaspace   ] GC(257) Metaspace: 74953K(75776K)->74953K(75776K) NonClass: 65561K(65984K)->65561K(65984K) Class: 9392K(9792K)->9392K(9792K)
[2026-10-07T19:11:06.110+0000][731.280s][info][gc             ] GC(257) Pause Young (Allocation Failure) 52M->36M(59M) 7.591ms
[2026-10-07T19:11:06.110+0000][731.281s][info][gc,cpu         ] GC(257) User=0.00s Sys=0.00s Real=0.01s
[2026-10-07T19:11:09.271+0000][734.442s][info][gc,start       ] GC(258) Pause Young (Allocation Failure)
[2026-10-07T19:11:09.279+0000][734.449s][info][gc,heap        ] GC(258) DefNew: 18075K(19136K)->1181K(19136K) Eden: 17024K(17024K)->0K(17024K) From: 1051K(2112K)->1181K(2112K)
[2026-10-07T19:11:09.279+0000][734.449s][info][gc,heap        ] GC(258) Tenured: 35900K(42196K)->35900K(42196K)
[2026-10-07T19:11:09.279+0000][734.449s][info][gc,metaspace   ] GC(258) Metaspace: 74953K(75776K)->74953K(75776K) NonClass: 65561K(65984K)->65561K(65984K) Class: 9392K(9792K)->9392K(9792K)
[2026-10-07T19:11:09.279+0000][734.449s][info][gc             ] GC(258) Pause Young (Allocation Failure) 52M->36M(59M) 7.614ms
[2026-10-07T19:11:09.279+0000][734.449s][info][gc,cpu         ] GC(258) User=0.01s Sys=0.00s Real=0.01s
[2026-10-07T19:11:12.258+0000][737.428s][info][gc,start       ] GC(259) Pause Young (Allocation Failure)
[2026-10-07T19:11:12.271+0000][737.442s][info][gc,heap        ] GC(259) DefNew: 18205K(19136K)->1072K(19136K) Eden: 17024K(17024K)->0K(17024K) From: 1181K(2112K)->1072K(2112K)
[2026-10-07T19:11:12.271+0000][737.442s][info][gc,heap        ] GC(259) Tenured: 35900K(42196K)->36035K(42196K)
[2026-10-07T19:11:12.271+0000][737.442s][info][gc,metaspace   ] GC(259) Metaspace: 74954K(75776K)->74954K(75776K) NonClass: 65562K(65984K)->65562K(65984K) Class: 9392K(9792K)->9392K(9792K)
[2026-10-07T19:11:12.271+0000][737.442s][info][gc             ] GC(259) Pause Young (Allocation Failure) 52M->36M(59M) 13.593ms
[2026-10-07T19:11:12.272+0000][737.442s][info][gc,cpu         ] GC(259) User=0.01s Sys=0.00s Real=0.01s
[2026-10-07T19:11:15.139+0000][740.310s][info][gc,start       ] GC(260) Pause Young (Allocation Failure)
[2026-10-07T19:11:15.147+0000][740.318s][info][gc,heap        ] GC(260) DefNew: 18096K(19136K)->1116K(19136K) Eden: 17024K(17024K)->0K(17024K) From: 1072K(2112K)->1116K(2112K)
[2026-10-07T19:11:15.147+0000][740.318s][info][gc,heap        ] GC(260) Tenured: 36035K(42196K)->36077K(42196K)
[2026-10-07T19:11:15.147+0000][740.318s][info][gc,metaspace   ] GC(260) Metaspace: 74954K(75776K)->74954K(75776K) NonClass: 65562K(65984K)->65562K(65984K) Class: 9392K(9792K)->9392K(9792K)
[2026-10-07T19:11:15.147+0000][740.318s][info][gc             ] GC(260) Pause Young (Allocation Failure) 52M->36M(59M) 7.937ms
[2026-10-07T19:11:15.147+0000][740.318s][info][gc,cpu         ] GC(260) User=0.01s Sys=0.01s Real=0.01s
[2026-10-07T19:11:18.250+0000][743.421s][info][gc,start       ] GC(261) Pause Young (Allocation Failure)
[2026-10-07T19:11:18.259+0000][743.429s][info][gc,heap        ] GC(261) DefNew: 18140K(19136K)->1025K(19136K) Eden: 17024K(17024K)->0K(17024K) From: 1116K(2112K)->1025K(2112K)
[2026-10-07T19:11:18.259+0000][743.429s][info][gc,heap        ] GC(261) Tenured: 36077K(42196K)->36152K(42196K)
[2026-10-07T19:11:18.259+0000][743.429s][info][gc,metaspace   ] GC(261) Metaspace: 74956K(75776K)->74956K(75776K) NonClass: 65563K(65984K)->65563K(65984K) Class: 9392K(9792K)->9392K(9792K)
[2026-10-07T19:11:18.259+0000][743.429s][info][gc             ] GC(261) Pause Young (Allocation Failure) 52M->36M(59M) 8.640ms
[2026-10-07T19:11:18.259+0000][743.429s][info][gc,cpu         ] GC(261) User=0.01s Sys=0.00s Real=0.01s
[2026-10-07T19:11:21.632+0000][746.803s][info][gc,start       ] GC(262) Pause Young (Allocation Failure)
[2026-10-07T19:11:21.640+0000][746.810s][info][gc,heap        ] GC(262) DefNew: 18049K(19136K)->1003K(19136K) Eden: 17024K(17024K)->0K(17024K) From: 1025K(2112K)->1003K(2112K)
[2026-10-07T19:11:21.640+0000][746.811s][info][gc,heap        ] GC(262) Tenured: 36152K(42196K)->36152K(42196K)
[2026-10-07T19:11:21.640+0000][746.811s][info][gc,metaspace   ] GC(262) Metaspace: 74956K(75776K)->74956K(75776K) NonClass: 65564K(65984K)->65564K(65984K) Class: 9392K(9792K)->9392K(9792K)
[2026-10-07T19:11:21.640+0000][746.811s][info][gc             ] GC(262) Pause Young (Allocation Failure) 52M->36M(59M) 8.120ms
[2026-10-07T19:11:21.640+0000][746.811s][info][gc,cpu         ] GC(262) User=0.00s Sys=0.00s Real=0.01s
[2026-10-07T19:11:24.942+0000][750.112s][info][gc,start       ] GC(263) Pause Young (Allocation Failure)
[2026-10-07T19:11:24.950+0000][750.120s][info][gc,heap        ] GC(263) DefNew: 18027K(19136K)->1095K(19136K) Eden: 17024K(17024K)->0K(17024K) From: 1003K(2112K)->1095K(2112K)
[2026-10-07T19:11:24.950+0000][750.120s][info][gc,heap        ] GC(263) Tenured: 36152K(42196K)->36152K(42196K)
[2026-10-07T19:11:24.950+0000][750.120s][info][gc,metaspace   ] GC(263) Metaspace: 74956K(75776K)->74956K(75776K) NonClass: 65564K(65984K)->65564K(65984K) Class: 9392K(9792K)->9392K(9792K)
[2026-10-07T19:11:24.950+0000][750.120s][info][gc             ] GC(263) Pause Young (Allocation Failure) 52M->36M(59M) 7.770ms
[2026-10-07T19:11:24.950+0000][750.120s][info][gc,cpu         ] GC(263) User=0.01s Sys=0.00s Real=0.01s
[2026-10-07T19:11:27.971+0000][753.141s][info][gc,start       ] GC(264) Pause Young (Allocation Failure)
[2026-10-07T19:11:27.979+0000][753.150s][info][gc,heap        ] GC(264) DefNew: 18117K(19136K)->1138K(19136K) Eden: 17021K(17024K)->0K(17024K) From: 1095K(2112K)->1138K(2112K)
[2026-10-07T19:11:27.979+0000][753.150s][info][gc,heap        ] GC(264) Tenured: 36152K(42196K)->36200K(42196K)
[2026-10-07T19:11:27.979+0000][753.150s][info][gc,metaspace   ] GC(264) Metaspace: 74969K(75776K)->74969K(75776K) NonClass: 65577K(65984K)->65577K(65984K) Class: 9392K(9792K)->9392K(9792K)
[2026-10-07T19:11:27.979+0000][753.150s][info][gc             ] GC(264) Pause Young (Allocation Failure) 52M->36M(59M) 8.512ms
[2026-10-07T19:11:27.979+0000][753.150s][info][gc,cpu         ] GC(264) User=0.01s Sys=0.00s Real=0.01s
[2026-10-07T19:11:30.957+0000][756.127s][info][gc,start       ] GC(265) Pause Young (Allocation Failure)
[2026-10-07T19:11:30.964+0000][756.134s][info][gc,heap        ] GC(265) DefNew: 18162K(19136K)->1050K(19136K) Eden: 17024K(17024K)->0K(17024K) From: 1138K(2112K)->1050K(2112K)
[2026-10-07T19:11:30.964+0000][756.134s][info][gc,heap        ] GC(265) Tenured: 36200K(42196K)->36284K(42196K)
[2026-10-07T19:11:30.964+0000][756.134s][info][gc,metaspace   ] GC(265) Metaspace: 74973K(75776K)->74973K(75776K) NonClass: 65580K(65984K)->65580K(65984K) Class: 9392K(9792K)->9392K(9792K)
[2026-10-07T19:11:30.964+0000][756.134s][info][gc             ] GC(265) Pause Young (Allocation Failure) 53M->36M(59M) 7.315ms
[2026-10-07T19:11:30.964+0000][756.134s][info][gc,cpu         ] GC(265) User=0.01s Sys=0.00s Real=0.01s
[2026-10-07T19:11:34.039+0000][759.209s][info][gc,start       ] GC(266) Pause Young (Allocation Failure)
[2026-10-07T19:11:34.046+0000][759.217s][info][gc,heap        ] GC(266) DefNew: 18074K(19136K)->1147K(19136K) Eden: 17024K(17024K)->0K(17024K) From: 1050K(2112K)->1147K(2112K)
[2026-10-07T19:11:34.047+0000][759.217s][info][gc,heap        ] GC(266) Tenured: 36284K(42196K)->36284K(42196K)
[2026-10-07T19:11:34.047+0000][759.217s][info][gc,metaspace   ] GC(266) Metaspace: 74973K(75776K)->74973K(75776K) NonClass: 65580K(65984K)->65580K(65984K) Class: 9392K(9792K)->9392K(9792K)
[2026-10-07T19:11:34.047+0000][759.217s][info][gc             ] GC(266) Pause Young (Allocation Failure) 53M->36M(59M) 7.981ms
[2026-10-07T19:11:34.047+0000][759.217s][info][gc,cpu         ] GC(266) User=0.00s Sys=0.00s Real=0.01s
[2026-10-07T19:11:37.083+0000][762.253s][info][gc,start       ] GC(267) Pause Young (Allocation Failure)
[2026-10-07T19:11:37.100+0000][762.270s][info][gc,heap        ] GC(267) DefNew: 18171K(19136K)->1037K(19136K) Eden: 17024K(17024K)->0K(17024K) From: 1147K(2112K)->1037K(2112K)
[2026-10-07T19:11:37.102+0000][762.272s][info][gc,heap        ] GC(267) Tenured: 36284K(42196K)->36400K(42196K)
[2026-10-07T19:11:37.102+0000][762.272s][info][gc,metaspace   ] GC(267) Metaspace: 74973K(75776K)->74973K(75776K) NonClass: 65581K(65984K)->65581K(65984K) Class: 9392K(9792K)->9392K(9792K)
[2026-10-07T19:11:37.102+0000][762.273s][info][gc             ] GC(267) Pause Young (Allocation Failure) 53M->36M(59M) 19.724ms
[2026-10-07T19:11:37.104+0000][762.274s][info][gc,cpu         ] GC(267) User=0.01s Sys=0.00s Real=0.03s
[2026-10-07T19:11:40.192+0000][765.362s][info][gc,start       ] GC(268) Pause Young (Allocation Failure)
[2026-10-07T19:11:40.199+0000][765.370s][info][gc,heap        ] GC(268) DefNew: 18061K(19136K)->1141K(19136K) Eden: 17024K(17024K)->0K(17024K) From: 1037K(2112K)->1141K(2112K)
[2026-10-07T19:11:40.199+0000][765.370s][info][gc,heap        ] GC(268) Tenured: 36400K(42196K)->36400K(42196K)
[2026-10-07T19:11:40.199+0000][765.370s][info][gc,metaspace   ] GC(268) Metaspace: 74973K(75776K)->74973K(75776K) NonClass: 65581K(65984K)->65581K(65984K) Class: 9392K(9792K)->9392K(9792K)
[2026-10-07T19:11:40.199+0000][765.370s][info][gc             ] GC(268) Pause Young (Allocation Failure) 53M->36M(59M) 7.641ms
[2026-10-07T19:11:40.199+0000][765.370s][info][gc,cpu         ] GC(268) User=0.01s Sys=0.00s Real=0.01s
[2026-10-07T19:11:43.530+0000][768.701s][info][gc,start       ] GC(269) Pause Young (Allocation Failure)
[2026-10-07T19:11:43.537+0000][768.708s][info][gc,heap        ] GC(269) DefNew: 18165K(19136K)->1021K(19136K) Eden: 17024K(17024K)->0K(17024K) From: 1141K(2112K)->1021K(2112K)
[2026-10-07T19:11:43.538+0000][768.708s][info][gc,heap        ] GC(269) Tenured: 36400K(42196K)->36535K(42196K)
[2026-10-07T19:11:43.538+0000][768.708s][info][gc,metaspace   ] GC(269) Metaspace: 74973K(75776K)->74973K(75776K) NonClass: 65581K(65984K)->65581K(65984K) Class: 9392K(9792K)->9392K(9792K)
[2026-10-07T19:11:43.538+0000][768.708s][info][gc             ] GC(269) Pause Young (Allocation Failure) 53M->36M(59M) 7.340ms
[2026-10-07T19:11:43.538+0000][768.708s][info][gc,cpu         ] GC(269) User=0.00s Sys=0.01s Real=0.01s
[2026-10-07T19:11:46.578+0000][771.749s][info][gc,start       ] GC(270) Pause Young (Allocation Failure)
[2026-10-07T19:11:46.587+0000][771.758s][info][gc,heap        ] GC(270) DefNew: 18045K(19136K)->998K(19136K) Eden: 17024K(17024K)->0K(17024K) From: 1021K(2112K)->998K(2112K)
[2026-10-07T19:11:46.588+0000][771.758s][info][gc,heap        ] GC(270) Tenured: 36535K(42196K)->36535K(42196K)
[2026-10-07T19:11:46.588+0000][771.758s][info][gc,metaspace   ] GC(270) Metaspace: 74978K(75776K)->74978K(75776K) NonClass: 65585K(65984K)->65585K(65984K) Class: 9392K(9792K)->9392K(9792K)
[2026-10-07T19:11:46.588+0000][771.758s][info][gc             ] GC(270) Pause Young (Allocation Failure) 53M->36M(59M) 9.538ms
[2026-10-07T19:11:46.588+0000][771.758s][info][gc,cpu         ] GC(270) User=0.01s Sys=0.00s Real=0.01s
[2026-10-07T19:11:49.861+0000][775.032s][info][gc,start       ] GC(271) Pause Young (Allocation Failure)
[2026-10-07T19:11:49.872+0000][775.043s][info][gc,heap        ] GC(271) DefNew: 18022K(19136K)->1084K(19136K) Eden: 17024K(17024K)->0K(17024K) From: 998K(2112K)->1084K(2112K)
[2026-10-07T19:11:49.872+0000][775.043s][info][gc,heap        ] GC(271) Tenured: 36535K(42196K)->36535K(42196K)
[2026-10-07T19:11:49.872+0000][775.043s][info][gc,metaspace   ] GC(271) Metaspace: 74983K(75776K)->74983K(75776K) NonClass: 65591K(65984K)->65591K(65984K) Class: 9392K(9792K)->9392K(9792K)
[2026-10-07T19:11:49.872+0000][775.043s][info][gc             ] GC(271) Pause Young (Allocation Failure) 53M->36M(59M) 11.060ms
[2026-10-07T19:11:49.873+0000][775.043s][info][gc,cpu         ] GC(271) User=0.01s Sys=0.00s Real=0.01s
[2026-10-07T19:11:52.936+0000][778.107s][info][gc,start       ] GC(272) Pause Young (Allocation Failure)
[2026-10-07T19:11:52.944+0000][778.114s][info][gc,heap        ] GC(272) DefNew: 18108K(19136K)->1085K(19136K) Eden: 17024K(17024K)->0K(17024K) From: 1084K(2112K)->1085K(2112K)
[2026-10-07T19:11:52.944+0000][778.114s][info][gc,heap        ] GC(272) Tenured: 36535K(42196K)->36577K(42196K)
[2026-10-07T19:11:52.944+0000][778.114s][info][gc,metaspace   ] GC(272) Metaspace: 74983K(75776K)->74983K(75776K) NonClass: 65591K(65984K)->65591K(65984K) Class: 9392K(9792K)->9392K(9792K)
[2026-10-07T19:11:52.944+0000][778.114s][info][gc             ] GC(272) Pause Young (Allocation Failure) 53M->36M(59M) 7.411ms
[2026-10-07T19:11:52.944+0000][778.114s][info][gc,cpu         ] GC(272) User=0.01s Sys=0.00s Real=0.01s
[2026-10-07T19:11:56.036+0000][781.207s][info][gc,start       ] GC(273) Pause Young (Allocation Failure)
[2026-10-07T19:11:56.044+0000][781.214s][info][gc,heap        ] GC(273) DefNew: 18109K(19136K)->1051K(19136K) Eden: 17024K(17024K)->0K(17024K) From: 1085K(2112K)->1051K(2112K)
[2026-10-07T19:11:56.044+0000][781.214s][info][gc,heap        ] GC(273) Tenured: 36577K(42196K)->36615K(42196K)
[2026-10-07T19:11:56.044+0000][781.214s][info][gc,metaspace   ] GC(273) Metaspace: 74983K(75776K)->74983K(75776K) NonClass: 65591K(65984K)->65591K(65984K) Class: 9392K(9792K)->9392K(9792K)
[2026-10-07T19:11:56.044+0000][781.214s][info][gc             ] GC(273) Pause Young (Allocation Failure) 53M->36M(59M) 7.531ms
[2026-10-07T19:11:56.044+0000][781.214s][info][gc,cpu         ] GC(273) User=0.01s Sys=0.00s Real=0.01s
[2026-10-07T19:11:59.195+0000][784.365s][info][gc,start       ] GC(274) Pause Young (Allocation Failure)
[2026-10-07T19:11:59.203+0000][784.373s][info][gc,heap        ] GC(274) DefNew: 18075K(19136K)->1111K(19136K) Eden: 17024K(17024K)->0K(17024K) From: 1051K(2112K)->1111K(2112K)
[2026-10-07T19:11:59.203+0000][784.373s][info][gc,heap        ] GC(274) Tenured: 36615K(42196K)->36615K(42196K)
[2026-10-07T19:11:59.203+0000][784.373s][info][gc,metaspace   ] GC(274) Metaspace: 74986K(75776K)->74986K(75776K) NonClass: 65594K(65984K)->65594K(65984K) Class: 9392K(9792K)->9392K(9792K)
[2026-10-07T19:11:59.203+0000][784.373s][info][gc             ] GC(274) Pause Young (Allocation Failure) 53M->36M(59M) 7.989ms
[2026-10-07T19:11:59.203+0000][784.373s][info][gc,cpu         ] GC(274) User=0.01s Sys=0.00s Real=0.00s
[2026-10-07T19:12:02.157+0000][787.327s][info][gc,start       ] GC(275) Pause Young (Allocation Failure)
[2026-10-07T19:12:02.164+0000][787.335s][info][gc,heap        ] GC(275) DefNew: 18135K(19136K)->1106K(19136K) Eden: 17024K(17024K)->0K(17024K) From: 1111K(2112K)->1106K(2112K)
[2026-10-07T19:12:02.164+0000][787.335s][info][gc,heap        ] GC(275) Tenured: 36615K(42196K)->36705K(42196K)
[2026-10-07T19:12:02.164+0000][787.335s][info][gc,metaspace   ] GC(275) Metaspace: 74987K(75776K)->74987K(75776K) NonClass: 65595K(65984K)->65595K(65984K) Class: 9392K(9792K)->9392K(9792K)
[2026-10-07T19:12:02.164+0000][787.335s][info][gc             ] GC(275) Pause Young (Allocation Failure) 53M->36M(59M) 7.789ms
[2026-10-07T19:12:02.165+0000][787.335s][info][gc,cpu         ] GC(275) User=0.00s Sys=0.00s Real=0.01s
[2026-10-07T19:12:05.475+0000][790.645s][info][gc,start       ] GC(276) Pause Young (Allocation Failure)
[2026-10-07T19:12:05.484+0000][790.654s][info][gc,heap        ] GC(276) DefNew: 18130K(19136K)->1111K(19136K) Eden: 17024K(17024K)->0K(17024K) From: 1106K(2112K)->1111K(2112K)
[2026-10-07T19:12:05.484+0000][790.654s][info][gc,heap        ] GC(276) Tenured: 36705K(42196K)->36790K(42196K)
[2026-10-07T19:12:05.484+0000][790.654s][info][gc,metaspace   ] GC(276) Metaspace: 74987K(75776K)->74987K(75776K) NonClass: 65595K(65984K)->65595K(65984K) Class: 9392K(9792K)->9392K(9792K)
[2026-10-07T19:12:05.484+0000][790.655s][info][gc             ] GC(276) Pause Young (Allocation Failure) 53M->37M(59M) 9.126ms
[2026-10-07T19:12:05.484+0000][790.655s][info][gc,cpu         ] GC(276) User=0.01s Sys=0.00s Real=0.01s
[2026-10-07T19:12:08.791+0000][793.962s][info][gc,start       ] GC(277) Pause Young (Allocation Failure)
[2026-10-07T19:12:08.804+0000][793.975s][info][gc,heap        ] GC(277) DefNew: 18135K(19136K)->1000K(19136K) Eden: 17024K(17024K)->0K(17024K) From: 1111K(2112K)->1000K(2112K)
[2026-10-07T19:12:08.804+0000][793.975s][info][gc,heap        ] GC(277) Tenured: 36790K(42196K)->36871K(42196K)
[2026-10-07T19:12:08.804+0000][793.975s][info][gc,metaspace   ] GC(277) Metaspace: 74989K(75776K)->74989K(75776K) NonClass: 65597K(65984K)->65597K(65984K) Class: 9392K(9792K)->9392K(9792K)
[2026-10-07T19:12:08.804+0000][793.975s][info][gc             ] GC(277) Pause Young (Allocation Failure) 53M->36M(59M) 12.931ms
[2026-10-07T19:12:08.804+0000][793.975s][info][gc,cpu         ] GC(277) User=0.01s Sys=0.00s Real=0.02s
[2026-10-07T19:12:11.890+0000][797.060s][info][gc,start       ] GC(278) Pause Young (Allocation Failure)
[2026-10-07T19:12:11.897+0000][797.067s][info][gc,heap        ] GC(278) DefNew: 18024K(19136K)->1032K(19136K) Eden: 17024K(17024K)->0K(17024K) From: 1000K(2112K)->1032K(2112K)
[2026-10-07T19:12:11.897+0000][797.067s][info][gc,heap        ] GC(278) Tenured: 36871K(42196K)->36871K(42196K)
[2026-10-07T19:12:11.897+0000][797.067s][info][gc,metaspace   ] GC(278) Metaspace: 74989K(75776K)->74989K(75776K) NonClass: 65597K(65984K)->65597K(65984K) Class: 9392K(9792K)->9392K(9792K)
[2026-10-07T19:12:11.897+0000][797.067s][info][gc             ] GC(278) Pause Young (Allocation Failure) 53M->37M(59M) 7.345ms
[2026-10-07T19:12:11.897+0000][797.067s][info][gc,cpu         ] GC(278) User=0.01s Sys=0.00s Real=0.01s
[2026-10-07T19:12:14.854+0000][800.025s][info][gc,start       ] GC(279) Pause Young (Allocation Failure)
[2026-10-07T19:12:14.864+0000][800.035s][info][gc,heap        ] GC(279) DefNew: 18056K(19136K)->1171K(19136K) Eden: 17024K(17024K)->0K(17024K) From: 1032K(2112K)->1171K(2112K)
[2026-10-07T19:12:14.864+0000][800.035s][info][gc,heap        ] GC(279) Tenured: 36871K(42196K)->36871K(42196K)
[2026-10-07T19:12:14.864+0000][800.035s][info][gc,metaspace   ] GC(279) Metaspace: 74995K(75776K)->74995K(75776K) NonClass: 65602K(65984K)->65602K(65984K) Class: 9392K(9792K)->9392K(9792K)
[2026-10-07T19:12:14.864+0000][800.035s][info][gc             ] GC(279) Pause Young (Allocation Failure) 53M->37M(59M) 9.887ms
[2026-10-07T19:12:14.865+0000][800.035s][info][gc,cpu         ] GC(279) User=0.00s Sys=0.00s Real=0.01s
[2026-10-07T19:12:18.035+0000][803.206s][info][gc,start       ] GC(280) Pause Young (Allocation Failure)
[2026-10-07T19:12:18.043+0000][803.214s][info][gc,heap        ] GC(280) DefNew: 18195K(19136K)->1025K(19136K) Eden: 17024K(17024K)->0K(17024K) From: 1171K(2112K)->1025K(2112K)
[2026-10-07T19:12:18.043+0000][803.214s][info][gc,heap        ] GC(280) Tenured: 36871K(42196K)->36994K(42196K)
[2026-10-07T19:12:18.043+0000][803.214s][info][gc,metaspace   ] GC(280) Metaspace: 75005K(75904K)->75005K(75904K) NonClass: 65613K(66112K)->65613K(66112K) Class: 9392K(9792K)->9392K(9792K)
[2026-10-07T19:12:18.043+0000][803.214s][info][gc             ] GC(280) Pause Young (Allocation Failure) 53M->37M(59M) 8.103ms
[2026-10-07T19:12:18.043+0000][803.214s][info][gc,cpu         ] GC(280) User=0.01s Sys=0.00s Real=0.00s
[2026-10-07T19:12:21.232+0000][806.403s][info][gc,start       ] GC(281) Pause Young (Allocation Failure)
[2026-10-07T19:12:21.240+0000][806.410s][info][gc,heap        ] GC(281) DefNew: 18049K(19136K)->1037K(19136K) Eden: 17024K(17024K)->0K(17024K) From: 1025K(2112K)->1037K(2112K)
[2026-10-07T19:12:21.240+0000][806.410s][info][gc,heap        ] GC(281) Tenured: 36994K(42196K)->36994K(42196K)
[2026-10-07T19:12:21.240+0000][806.410s][info][gc,metaspace   ] GC(281) Metaspace: 75009K(75904K)->75009K(75904K) NonClass: 65617K(66112K)->65617K(66112K) Class: 9392K(9792K)->9392K(9792K)
[2026-10-07T19:12:21.240+0000][806.410s][info][gc             ] GC(281) Pause Young (Allocation Failure) 53M->37M(59M) 7.509ms
[2026-10-07T19:12:21.240+0000][806.410s][info][gc,cpu         ] GC(281) User=0.01s Sys=0.00s Real=0.01s
[2026-10-07T19:12:24.389+0000][809.560s][info][gc,start       ] GC(282) Pause Young (Allocation Failure)
[2026-10-07T19:12:24.398+0000][809.569s][info][gc,heap        ] GC(282) DefNew: 18061K(19136K)->1154K(19136K) Eden: 17024K(17024K)->0K(17024K) From: 1037K(2112K)->1154K(2112K)
[2026-10-07T19:12:24.398+0000][809.569s][info][gc,heap        ] GC(282) Tenured: 36994K(42196K)->36994K(42196K)
[2026-10-07T19:12:24.398+0000][809.569s][info][gc,metaspace   ] GC(282) Metaspace: 75023K(75904K)->75023K(75904K) NonClass: 65631K(66112K)->65631K(66112K) Class: 9392K(9792K)->9392K(9792K)
[2026-10-07T19:12:24.398+0000][809.569s][info][gc             ] GC(282) Pause Young (Allocation Failure) 53M->37M(59M) 9.010ms
[2026-10-07T19:12:24.399+0000][809.569s][info][gc,cpu         ] GC(282) User=0.01s Sys=0.00s Real=0.01s
[2026-10-07T19:12:27.689+0000][812.860s][info][gc,start       ] GC(283) Pause Young (Allocation Failure)
[2026-10-07T19:12:27.697+0000][812.867s][info][gc,heap        ] GC(283) DefNew: 18178K(19136K)->1034K(19136K) Eden: 17024K(17024K)->0K(17024K) From: 1154K(2112K)->1034K(2112K)
[2026-10-07T19:12:27.697+0000][812.867s][info][gc,heap        ] GC(283) Tenured: 36994K(42196K)->37123K(42196K)
[2026-10-07T19:12:27.697+0000][812.867s][info][gc,metaspace   ] GC(283) Metaspace: 75023K(75904K)->75023K(75904K) NonClass: 65631K(66112K)->65631K(66112K) Class: 9392K(9792K)->9392K(9792K)
[2026-10-07T19:12:27.697+0000][812.867s][info][gc             ] GC(283) Pause Young (Allocation Failure) 53M->37M(59M) 7.488ms
[2026-10-07T19:12:27.697+0000][812.867s][info][gc,cpu         ] GC(283) User=0.01s Sys=0.00s Real=0.01s
[2026-10-07T19:12:30.835+0000][816.006s][info][gc,start       ] GC(284) Pause Young (Allocation Failure)
[2026-10-07T19:12:30.844+0000][816.014s][info][gc,heap        ] GC(284) DefNew: 18058K(19136K)->1039K(19136K) Eden: 17024K(17024K)->0K(17024K) From: 1034K(2112K)->1039K(2112K)
[2026-10-07T19:12:30.844+0000][816.014s][info][gc,heap        ] GC(284) Tenured: 37123K(42196K)->37123K(42196K)
[2026-10-07T19:12:30.844+0000][816.014s][info][gc,metaspace   ] GC(284) Metaspace: 75025K(75904K)->75025K(75904K) NonClass: 65633K(66112K)->65633K(66112K) Class: 9392K(9792K)->9392K(9792K)
[2026-10-07T19:12:30.844+0000][816.014s][info][gc             ] GC(284) Pause Young (Allocation Failure) 53M->37M(59M) 9.217ms
[2026-10-07T19:12:30.844+0000][816.014s][info][gc,cpu         ] GC(284) User=0.01s Sys=0.00s Real=0.01s
[2026-10-07T19:12:34.119+0000][819.289s][info][gc,start       ] GC(285) Pause Young (Allocation Failure)
[2026-10-07T19:12:34.126+0000][819.296s][info][gc,heap        ] GC(285) DefNew: 18063K(19136K)->1209K(19136K) Eden: 17024K(17024K)->0K(17024K) From: 1039K(2112K)->1209K(2112K)
[2026-10-07T19:12:34.126+0000][819.297s][info][gc,heap        ] GC(285) Tenured: 37123K(42196K)->37123K(42196K)
[2026-10-07T19:12:34.126+0000][819.297s][info][gc,metaspace   ] GC(285) Metaspace: 75025K(75904K)->75025K(75904K) NonClass: 65633K(66112K)->65633K(66112K) Class: 9392K(9792K)->9392K(9792K)
[2026-10-07T19:12:34.126+0000][819.297s][info][gc             ] GC(285) Pause Young (Allocation Failure) 53M->37M(59M) 7.203ms
[2026-10-07T19:12:34.126+0000][819.297s][info][gc,cpu         ] GC(285) User=0.01s Sys=0.00s Real=0.01s
[2026-10-07T19:12:37.090+0000][822.260s][info][gc,start       ] GC(286) Pause Young (Allocation Failure)
[2026-10-07T19:12:37.102+0000][822.272s][info][gc,heap        ] GC(286) DefNew: 18233K(19136K)->1062K(19136K) Eden: 17024K(17024K)->0K(17024K) From: 1209K(2112K)->1062K(2112K)
[2026-10-07T19:12:37.102+0000][822.273s][info][gc,heap        ] GC(286) Tenured: 37123K(42196K)->37307K(42196K)
[2026-10-07T19:12:37.102+0000][822.273s][info][gc,metaspace   ] GC(286) Metaspace: 75025K(75904K)->75025K(75904K) NonClass: 65633K(66112K)->65633K(66112K) Class: 9392K(9792K)->9392K(9792K)
[2026-10-07T19:12:37.102+0000][822.273s][info][gc             ] GC(286) Pause Young (Allocation Failure) 54M->37M(59M) 12.871ms
[2026-10-07T19:12:37.103+0000][822.273s][info][gc,cpu         ] GC(286) User=0.01s Sys=0.00s Real=0.01s
[2026-10-07T19:12:40.236+0000][825.406s][info][gc,start       ] GC(287) Pause Young (Allocation Failure)
[2026-10-07T19:12:40.244+0000][825.415s][info][gc,heap        ] GC(287) DefNew: 18086K(19136K)->1133K(19136K) Eden: 17024K(17024K)->0K(17024K) From: 1062K(2112K)->1133K(2112K)
[2026-10-07T19:12:40.244+0000][825.415s][info][gc,heap        ] GC(287) Tenured: 37307K(42196K)->37348K(42196K)
[2026-10-07T19:12:40.244+0000][825.415s][info][gc,metaspace   ] GC(287) Metaspace: 75025K(75904K)->75025K(75904K) NonClass: 65633K(66112K)->65633K(66112K) Class: 9392K(9792K)->9392K(9792K)
[2026-10-07T19:12:40.244+0000][825.415s][info][gc             ] GC(287) Pause Young (Allocation Failure) 54M->37M(59M) 8.360ms
[2026-10-07T19:12:40.245+0000][825.415s][info][gc,cpu         ] GC(287) User=0.00s Sys=0.00s Real=0.01s
[2026-10-07T19:12:43.387+0000][828.558s][info][gc,start       ] GC(288) Pause Young (Allocation Failure)
[2026-10-07T19:12:43.398+0000][828.568s][info][gc,heap        ] GC(288) DefNew: 18157K(19136K)->977K(19136K) Eden: 17024K(17024K)->0K(17024K) From: 1133K(2112K)->977K(2112K)
[2026-10-07T19:12:43.398+0000][828.568s][info][gc,heap        ] GC(288) Tenured: 37348K(42196K)->37501K(42196K)
[2026-10-07T19:12:43.398+0000][828.568s][info][gc,metaspace   ] GC(288) Metaspace: 75025K(75904K)->75025K(75904K) NonClass: 65633K(66112K)->65633K(66112K) Class: 9392K(9792K)->9392K(9792K)
[2026-10-07T19:12:43.398+0000][828.568s][info][gc             ] GC(288) Pause Young (Allocation Failure) 54M->37M(59M) 10.565ms
[2026-10-07T19:12:43.398+0000][828.568s][info][gc,cpu         ] GC(288) User=0.00s Sys=0.00s Real=0.01s
[2026-10-07T19:12:46.324+0000][831.494s][info][gc,start       ] GC(289) Pause Young (Allocation Failure)
[2026-10-07T19:12:46.332+0000][831.502s][info][gc,heap        ] GC(289) DefNew: 18001K(19136K)->1065K(19136K) Eden: 17024K(17024K)->0K(17024K) From: 977K(2112K)->1065K(2112K)
[2026-10-07T19:12:46.332+0000][831.502s][info][gc,heap        ] GC(289) Tenured: 37501K(42196K)->37501K(42196K)
[2026-10-07T19:12:46.332+0000][831.502s][info][gc,metaspace   ] GC(289) Metaspace: 75025K(75904K)->75025K(75904K) NonClass: 65633K(66112K)->65633K(66112K) Class: 9392K(9792K)->9392K(9792K)
[2026-10-07T19:12:46.332+0000][831.502s][info][gc             ] GC(289) Pause Young (Allocation Failure) 54M->37M(59M) 8.602ms
[2026-10-07T19:12:46.332+0000][831.502s][info][gc,cpu         ] GC(289) User=0.00s Sys=0.00s Real=0.00s
[2026-10-07T19:12:49.428+0000][834.599s][info][gc,start       ] GC(290) Pause Young (Allocation Failure)
[2026-10-07T19:12:49.436+0000][834.606s][info][gc,heap        ] GC(290) DefNew: 18089K(19136K)->1150K(19136K) Eden: 17024K(17024K)->0K(17024K) From: 1065K(2112K)->1150K(2112K)
[2026-10-07T19:12:49.436+0000][834.606s][info][gc,heap        ] GC(290) Tenured: 37501K(42196K)->37546K(42196K)
[2026-10-07T19:12:49.436+0000][834.606s][info][gc,metaspace   ] GC(290) Metaspace: 75025K(75904K)->75025K(75904K) NonClass: 65633K(66112K)->65633K(66112K) Class: 9392K(9792K)->9392K(9792K)
[2026-10-07T19:12:49.436+0000][834.606s][info][gc             ] GC(290) Pause Young (Allocation Failure) 54M->37M(59M) 7.210ms
[2026-10-07T19:12:49.436+0000][834.606s][info][gc,cpu         ] GC(290) User=0.00s Sys=0.00s Real=0.01s
[2026-10-07T19:12:52.681+0000][837.852s][info][gc,start       ] GC(291) Pause Young (Allocation Failure)
[2026-10-07T19:12:52.695+0000][837.866s][info][gc,heap        ] GC(291) DefNew: 18174K(19136K)->1084K(19136K) Eden: 17024K(17024K)->0K(17024K) From: 1150K(2112K)->1084K(2112K)
[2026-10-07T19:12:52.696+0000][837.866s][info][gc,heap        ] GC(291) Tenured: 37546K(42196K)->37635K(42196K)
[2026-10-07T19:12:52.696+0000][837.866s][info][gc,metaspace   ] GC(291) Metaspace: 75026K(75904K)->75026K(75904K) NonClass: 65634K(66112K)->65634K(66112K) Class: 9392K(9792K)->9392K(9792K)
[2026-10-07T19:12:52.696+0000][837.866s][info][gc             ] GC(291) Pause Young (Allocation Failure) 54M->37M(59M) 14.513ms
[2026-10-07T19:12:52.696+0000][837.866s][info][gc,cpu         ] GC(291) User=0.01s Sys=0.00s Real=0.02s
[2026-10-07T19:12:55.707+0000][840.877s][info][gc,start       ] GC(292) Pause Young (Allocation Failure)
[2026-10-07T19:12:55.715+0000][840.885s][info][gc,heap        ] GC(292) DefNew: 18108K(19136K)->1192K(19136K) Eden: 17024K(17024K)->0K(17024K) From: 1084K(2112K)->1192K(2112K)
[2026-10-07T19:12:55.715+0000][840.886s][info][gc,heap        ] GC(292) Tenured: 37635K(42196K)->37693K(42196K)
[2026-10-07T19:12:55.716+0000][840.886s][info][gc,metaspace   ] GC(292) Metaspace: 75026K(75904K)->75026K(75904K) NonClass: 65634K(66112K)->65634K(66112K) Class: 9392K(9792K)->9392K(9792K)
[2026-10-07T19:12:55.716+0000][840.886s][info][gc             ] GC(292) Pause Young (Allocation Failure) 54M->37M(59M) 9.060ms
[2026-10-07T19:12:55.716+0000][840.886s][info][gc,cpu         ] GC(292) User=0.00s Sys=0.00s Real=0.01s
[2026-10-07T19:12:58.554+0000][843.724s][info][gc,start       ] GC(293) Pause Young (Allocation Failure)
[2026-10-07T19:12:58.564+0000][843.735s][info][gc,heap        ] GC(293) DefNew: 18216K(19136K)->975K(19136K) Eden: 17024K(17024K)->0K(17024K) From: 1192K(2112K)->975K(2112K)
[2026-10-07T19:12:58.565+0000][843.735s][info][gc,heap        ] GC(293) Tenured: 37693K(42196K)->37886K(42196K)
[2026-10-07T19:12:58.565+0000][843.735s][info][gc,metaspace   ] GC(293) Metaspace: 75026K(75904K)->75026K(75904K) NonClass: 65634K(66112K)->65634K(66112K) Class: 9392K(9792K)->9392K(9792K)
[2026-10-07T19:12:58.565+0000][843.735s][info][gc             ] GC(293) Pause Young (Allocation Failure) 54M->37M(59M) 11.273ms
[2026-10-07T19:12:58.565+0000][843.735s][info][gc,cpu         ] GC(293) User=0.00s Sys=0.00s Real=0.01s
[2026-10-07T19:13:01.942+0000][847.113s][info][gc,start       ] GC(294) Pause Young (Allocation Failure)
[2026-10-07T19:13:01.950+0000][847.120s][info][gc,heap        ] GC(294) DefNew: 17999K(19136K)->1011K(19136K) Eden: 17024K(17024K)->0K(17024K) From: 975K(2112K)->1011K(2112K)
[2026-10-07T19:13:01.950+0000][847.120s][info][gc,heap        ] GC(294) Tenured: 37886K(42196K)->37886K(42196K)
[2026-10-07T19:13:01.950+0000][847.120s][info][gc,metaspace   ] GC(294) Metaspace: 75027K(75904K)->75027K(75904K) NonClass: 65635K(66112K)->65635K(66112K) Class: 9392K(9792K)->9392K(9792K)
[2026-10-07T19:13:01.950+0000][847.120s][info][gc             ] GC(294) Pause Young (Allocation Failure) 54M->37M(59M) 7.401ms
[2026-10-07T19:13:01.950+0000][847.120s][info][gc,cpu         ] GC(294) User=0.00s Sys=0.00s Real=0.01s
[2026-10-07T19:13:05.051+0000][850.221s][info][gc,start       ] GC(295) Pause Young (Allocation Failure)
[2026-10-07T19:13:05.062+0000][850.232s][info][gc,heap        ] GC(295) DefNew: 18035K(19136K)->1170K(19136K) Eden: 17024K(17024K)->0K(17024K) From: 1011K(2112K)->1170K(2112K)
[2026-10-07T19:13:05.062+0000][850.232s][info][gc,heap        ] GC(295) Tenured: 37886K(42196K)->37886K(42196K)
[2026-10-07T19:13:05.062+0000][850.232s][info][gc,metaspace   ] GC(295) Metaspace: 75027K(75904K)->75027K(75904K) NonClass: 65635K(66112K)->65635K(66112K) Class: 9392K(9792K)->9392K(9792K)
[2026-10-07T19:13:05.062+0000][850.232s][info][gc             ] GC(295) Pause Young (Allocation Failure) 54M->38M(59M) 11.295ms
[2026-10-07T19:13:05.062+0000][850.232s][info][gc,cpu         ] GC(295) User=0.01s Sys=0.00s Real=0.01s
[2026-10-07T19:13:07.972+0000][853.143s][info][gc,start       ] GC(296) Pause Young (Allocation Failure)
[2026-10-07T19:13:07.984+0000][853.154s][info][gc,heap        ] GC(296) DefNew: 18187K(19136K)->1086K(19136K) Eden: 17016K(17024K)->0K(17024K) From: 1170K(2112K)->1086K(2112K)
[2026-10-07T19:13:07.984+0000][853.154s][info][gc,heap        ] GC(296) Tenured: 37886K(42196K)->38026K(42196K)
[2026-10-07T19:13:07.984+0000][853.154s][info][gc,metaspace   ] GC(296) Metaspace: 75028K(75904K)->75028K(75904K) NonClass: 65636K(66112K)->65636K(66112K) Class: 9392K(9792K)->9392K(9792K)
[2026-10-07T19:13:07.984+0000][853.154s][info][gc             ] GC(296) Pause Young (Allocation Failure) 54M->38M(59M) 11.718ms
[2026-10-07T19:13:07.984+0000][853.155s][info][gc,cpu         ] GC(296) User=0.01s Sys=0.00s Real=0.02s
[2026-10-07T19:13:11.410+0000][856.580s][info][gc,start       ] GC(297) Pause Young (Allocation Failure)
[2026-10-07T19:13:11.417+0000][856.587s][info][gc,heap        ] GC(297) DefNew: 18110K(19136K)->960K(19136K) Eden: 17024K(17024K)->0K(17024K) From: 1086K(2112K)->960K(2112K)
[2026-10-07T19:13:11.417+0000][856.587s][info][gc,heap        ] GC(297) Tenured: 38026K(42196K)->38132K(42196K)
[2026-10-07T19:13:11.417+0000][856.587s][info][gc,metaspace   ] GC(297) Metaspace: 75032K(75904K)->75032K(75904K) NonClass: 65640K(66112K)->65640K(66112K) Class: 9392K(9792K)->9392K(9792K)
[2026-10-07T19:13:11.417+0000][856.587s][info][gc             ] GC(297) Pause Young (Allocation Failure) 54M->38M(59M) 7.386ms
[2026-10-07T19:13:11.417+0000][856.587s][info][gc,cpu         ] GC(297) User=0.01s Sys=0.00s Real=0.01s
[2026-10-07T19:13:14.316+0000][859.486s][info][gc,start       ] GC(298) Pause Young (Allocation Failure)
[2026-10-07T19:13:14.323+0000][859.493s][info][gc,heap        ] GC(298) DefNew: 17984K(19136K)->1166K(19136K) Eden: 17024K(17024K)->0K(17024K) From: 960K(2112K)->1166K(2112K)
[2026-10-07T19:13:14.323+0000][859.494s][info][gc,heap        ] GC(298) Tenured: 38132K(42196K)->38132K(42196K)
[2026-10-07T19:13:14.323+0000][859.494s][info][gc,metaspace   ] GC(298) Metaspace: 75044K(75904K)->75044K(75904K) NonClass: 65652K(66112K)->65652K(66112K) Class: 9392K(9792K)->9392K(9792K)
[2026-10-07T19:13:14.323+0000][859.494s][info][gc             ] GC(298) Pause Young (Allocation Failure) 54M->38M(59M) 7.285ms
[2026-10-07T19:13:14.323+0000][859.494s][info][gc,cpu         ] GC(298) User=0.00s Sys=0.00s Real=0.00s
[2026-10-07T19:13:17.391+0000][862.562s][info][gc,start       ] GC(299) Pause Young (Allocation Failure)
[2026-10-07T19:13:17.400+0000][862.570s][info][gc,heap        ] GC(299) DefNew: 18190K(19136K)->1080K(19136K) Eden: 17024K(17024K)->0K(17024K) From: 1166K(2112K)->1080K(2112K)
[2026-10-07T19:13:17.400+0000][862.570s][info][gc,heap        ] GC(299) Tenured: 38132K(42196K)->38264K(42196K)
[2026-10-07T19:13:17.400+0000][862.570s][info][gc,metaspace   ] GC(299) Metaspace: 75047K(75904K)->75047K(75904K) NonClass: 65655K(66112K)->65655K(66112K) Class: 9392K(9792K)->9392K(9792K)
[2026-10-07T19:13:17.400+0000][862.570s][info][gc             ] GC(299) Pause Young (Allocation Failure) 55M->38M(59M) 8.377ms
[2026-10-07T19:13:17.400+0000][862.570s][info][gc,cpu         ] GC(299) User=0.00s Sys=0.00s Real=0.01s
[2026-10-07T19:13:20.547+0000][865.718s][info][gc,start       ] GC(300) Pause Young (Allocation Failure)
[2026-10-07T19:13:20.556+0000][865.727s][info][gc,heap        ] GC(300) DefNew: 18104K(19136K)->1116K(19136K) Eden: 17024K(17024K)->0K(17024K) From: 1080K(2112K)->1116K(2112K)
[2026-10-07T19:13:20.556+0000][865.727s][info][gc,heap        ] GC(300) Tenured: 38264K(42196K)->38333K(42196K)
[2026-10-07T19:13:20.557+0000][865.727s][info][gc,metaspace   ] GC(300) Metaspace: 75049K(75904K)->75049K(75904K) NonClass: 65657K(66112K)->65657K(66112K) Class: 9392K(9792K)->9392K(9792K)
[2026-10-07T19:13:20.557+0000][865.727s][info][gc             ] GC(300) Pause Young (Allocation Failure) 55M->38M(59M) 9.483ms
[2026-10-07T19:13:20.557+0000][865.727s][info][gc,cpu         ] GC(300) User=0.01s Sys=0.01s Real=0.01s
[2026-10-07T19:13:23.754+0000][868.925s][info][gc,start       ] GC(301) Pause Young (Allocation Failure)
[2026-10-07T19:13:23.770+0000][868.940s][info][gc,heap        ] GC(301) DefNew: 18140K(19136K)->1048K(19136K) Eden: 17024K(17024K)->0K(17024K) From: 1116K(2112K)->1048K(2112K)
[2026-10-07T19:13:23.770+0000][868.940s][info][gc,heap        ] GC(301) Tenured: 38333K(42196K)->38411K(42196K)
[2026-10-07T19:13:23.770+0000][868.940s][info][gc,metaspace   ] GC(301) Metaspace: 75051K(75904K)->75051K(75904K) NonClass: 65659K(66112K)->65659K(66112K) Class: 9392K(9792K)->9392K(9792K)
[2026-10-07T19:13:23.770+0000][868.941s][info][gc             ] GC(301) Pause Young (Allocation Failure) 55M->38M(59M) 15.960ms
[2026-10-07T19:13:23.771+0000][868.941s][info][gc,cpu         ] GC(301) User=0.01s Sys=0.00s Real=0.01s
[2026-10-07T19:13:26.889+0000][872.059s][info][gc,start       ] GC(302) Pause Young (Allocation Failure)
[2026-10-07T19:13:26.897+0000][872.067s][info][gc,heap        ] GC(302) DefNew: 18072K(19136K)->1103K(19136K) Eden: 17024K(17024K)->0K(17024K) From: 1048K(2112K)->1103K(2112K)
[2026-10-07T19:13:26.897+0000][872.067s][info][gc,heap        ] GC(302) Tenured: 38411K(42196K)->38411K(42196K)
[2026-10-07T19:13:26.897+0000][872.067s][info][gc,metaspace   ] GC(302) Metaspace: 75052K(75904K)->75052K(75904K) NonClass: 65660K(66112K)->65660K(66112K) Class: 9392K(9792K)->9392K(9792K)
[2026-10-07T19:13:26.897+0000][872.067s][info][gc             ] GC(302) Pause Young (Allocation Failure) 55M->38M(59M) 7.734ms
[2026-10-07T19:13:26.897+0000][872.067s][info][gc,cpu         ] GC(302) User=0.01s Sys=0.00s Real=0.01s
[2026-10-07T19:13:30.040+0000][875.210s][info][gc,start       ] GC(303) Pause Young (Allocation Failure)
[2026-10-07T19:13:30.048+0000][875.218s][info][gc,heap        ] GC(303) DefNew: 18127K(19136K)->1113K(19136K) Eden: 17024K(17024K)->0K(17024K) From: 1103K(2112K)->1113K(2112K)
[2026-10-07T19:13:30.048+0000][875.219s][info][gc,heap        ] GC(303) Tenured: 38411K(42196K)->38472K(42196K)
[2026-10-07T19:13:30.048+0000][875.219s][info][gc,metaspace   ] GC(303) Metaspace: 75062K(75904K)->75062K(75904K) NonClass: 65670K(66112K)->65670K(66112K) Class: 9392K(9792K)->9392K(9792K)
[2026-10-07T19:13:30.048+0000][875.219s][info][gc             ] GC(303) Pause Young (Allocation Failure) 55M->38M(59M) 8.894ms
[2026-10-07T19:13:30.049+0000][875.219s][info][gc,cpu         ] GC(303) User=0.01s Sys=0.00s Real=0.01s
[2026-10-07T19:13:33.148+0000][878.319s][info][gc,start       ] GC(304) Pause Young (Allocation Failure)
[2026-10-07T19:13:33.156+0000][878.326s][info][gc,heap        ] GC(304) DefNew: 18137K(19136K)->1120K(19136K) Eden: 17024K(17024K)->0K(17024K) From: 1113K(2112K)->1120K(2112K)
[2026-10-07T19:13:33.156+0000][878.327s][info][gc,heap        ] GC(304) Tenured: 38472K(42196K)->38534K(42196K)
[2026-10-07T19:13:33.156+0000][878.327s][info][gc,metaspace   ] GC(304) Metaspace: 75074K(75904K)->75074K(75904K) NonClass: 65681K(66112K)->65681K(66112K) Class: 9392K(9792K)->9392K(9792K)
[2026-10-07T19:13:33.156+0000][878.327s][info][gc             ] GC(304) Pause Young (Allocation Failure) 55M->38M(59M) 8.078ms
[2026-10-07T19:13:33.156+0000][878.327s][info][gc,cpu         ] GC(304) User=0.01s Sys=0.00s Real=0.01s
[2026-10-07T19:13:36.325+0000][881.495s][info][gc,start       ] GC(305) Pause Young (Allocation Failure)
[2026-10-07T19:13:36.332+0000][881.502s][info][gc,heap        ] GC(305) DefNew: 18144K(19136K)->1030K(19136K) Eden: 17024K(17024K)->0K(17024K) From: 1120K(2112K)->1030K(2112K)
[2026-10-07T19:13:36.332+0000][881.503s][info][gc,heap        ] GC(305) Tenured: 38534K(42196K)->38672K(42196K)
[2026-10-07T19:13:36.332+0000][881.503s][info][gc,metaspace   ] GC(305) Metaspace: 75075K(75904K)->75075K(75904K) NonClass: 65683K(66112K)->65683K(66112K) Class: 9392K(9792K)->9392K(9792K)
[2026-10-07T19:13:36.332+0000][881.503s][info][gc             ] GC(305) Pause Young (Allocation Failure) 55M->38M(59M) 7.397ms
[2026-10-07T19:13:36.332+0000][881.503s][info][gc,cpu         ] GC(305) User=0.00s Sys=0.00s Real=0.00s
[2026-10-07T19:13:39.554+0000][884.724s][info][gc,start       ] GC(306) Pause Young (Allocation Failure)
[2026-10-07T19:13:39.562+0000][884.732s][info][gc,heap        ] GC(306) DefNew: 18054K(19136K)->1144K(19136K) Eden: 17024K(17024K)->0K(17024K) From: 1030K(2112K)->1144K(2112K)
[2026-10-07T19:13:39.562+0000][884.732s][info][gc,heap        ] GC(306) Tenured: 38672K(42196K)->38672K(42196K)
[2026-10-07T19:13:39.562+0000][884.732s][info][gc,metaspace   ] GC(306) Metaspace: 75075K(75904K)->75075K(75904K) NonClass: 65683K(66112K)->65683K(66112K) Class: 9392K(9792K)->9392K(9792K)
[2026-10-07T19:13:39.562+0000][884.732s][info][gc             ] GC(306) Pause Young (Allocation Failure) 55M->38M(59M) 8.261ms
[2026-10-07T19:13:39.562+0000][884.732s][info][gc,cpu         ] GC(306) User=0.01s Sys=0.00s Real=0.00s
[2026-10-07T19:13:42.691+0000][887.861s][info][gc,start       ] GC(307) Pause Young (Allocation Failure)
[2026-10-07T19:13:42.698+0000][887.869s][info][gc,heap        ] GC(307) DefNew: 18168K(19136K)->1069K(19136K) Eden: 17024K(17024K)->0K(17024K) From: 1144K(2112K)->1069K(2112K)
[2026-10-07T19:13:42.698+0000][887.869s][info][gc,heap        ] GC(307) Tenured: 38672K(42196K)->38788K(42196K)
[2026-10-07T19:13:42.698+0000][887.869s][info][gc,metaspace   ] GC(307) Metaspace: 75081K(75904K)->75081K(75904K) NonClass: 65689K(66112K)->65689K(66112K) Class: 9392K(9792K)->9392K(9792K)
[2026-10-07T19:13:42.698+0000][887.869s][info][gc             ] GC(307) Pause Young (Allocation Failure) 55M->38M(59M) 7.660ms
[2026-10-07T19:13:42.698+0000][887.869s][info][gc,cpu         ] GC(307) User=0.01s Sys=0.00s Real=0.01s
[2026-10-07T19:13:45.629+0000][890.800s][info][gc,start       ] GC(308) Pause Young (Allocation Failure)
[2026-10-07T19:13:45.639+0000][890.809s][info][gc,heap        ] GC(308) DefNew: 18093K(19136K)->1206K(19136K) Eden: 17023K(17024K)->0K(17024K) From: 1069K(2112K)->1206K(2112K)
[2026-10-07T19:13:45.639+0000][890.810s][info][gc,heap        ] GC(308) Tenured: 38788K(42196K)->38849K(42196K)
[2026-10-07T19:13:45.639+0000][890.810s][info][gc,metaspace   ] GC(308) Metaspace: 75082K(75904K)->75082K(75904K) NonClass: 65690K(66112K)->65690K(66112K) Class: 9392K(9792K)->9392K(9792K)
[2026-10-07T19:13:45.639+0000][890.810s][info][gc             ] GC(308) Pause Young (Allocation Failure) 55M->39M(59M) 9.823ms
[2026-10-07T19:13:45.639+0000][890.810s][info][gc,cpu         ] GC(308) User=0.01s Sys=0.00s Real=0.01s
[2026-10-07T19:13:48.550+0000][893.721s][info][gc,start       ] GC(309) Pause Young (Allocation Failure)
[2026-10-07T19:13:48.560+0000][893.730s][info][gc,heap        ] GC(309) DefNew: 18230K(19136K)->1017K(19136K) Eden: 17024K(17024K)->0K(17024K) From: 1206K(2112K)->1017K(2112K)
[2026-10-07T19:13:48.560+0000][893.730s][info][gc,heap        ] GC(309) Tenured: 38849K(42196K)->39051K(42196K)
[2026-10-07T19:13:48.560+0000][893.730s][info][gc,metaspace   ] GC(309) Metaspace: 75083K(75904K)->75083K(75904K) NonClass: 65690K(66112K)->65690K(66112K) Class: 9392K(9792K)->9392K(9792K)
[2026-10-07T19:13:48.560+0000][893.730s][info][gc             ] GC(309) Pause Young (Allocation Failure) 55M->39M(59M) 9.649ms
[2026-10-07T19:13:48.560+0000][893.730s][info][gc,cpu         ] GC(309) User=0.01s Sys=0.00s Real=0.01s
[2026-10-07T19:13:51.634+0000][896.804s][info][gc,start       ] GC(310) Pause Young (Allocation Failure)
[2026-10-07T19:13:51.643+0000][896.813s][info][gc,heap        ] GC(310) DefNew: 18041K(19136K)->1143K(19136K) Eden: 17024K(17024K)->0K(17024K) From: 1017K(2112K)->1143K(2112K)
[2026-10-07T19:13:51.643+0000][896.813s][info][gc,heap        ] GC(310) Tenured: 39051K(42196K)->39051K(42196K)
[2026-10-07T19:13:51.643+0000][896.813s][info][gc,metaspace   ] GC(310) Metaspace: 75091K(75904K)->75091K(75904K) NonClass: 65697K(66112K)->65697K(66112K) Class: 9393K(9792K)->9393K(9792K)
[2026-10-07T19:13:51.643+0000][896.813s][info][gc             ] GC(310) Pause Young (Allocation Failure) 55M->39M(59M) 9.403ms
[2026-10-07T19:13:51.643+0000][896.813s][info][gc,cpu         ] GC(310) User=0.01s Sys=0.00s Real=0.00s
[2026-10-07T19:13:54.825+0000][899.996s][info][gc,start       ] GC(311) Pause Young (Allocation Failure)
[2026-10-07T19:13:54.836+0000][900.006s][info][gc,heap        ] GC(311) DefNew: 18167K(19136K)->1148K(19136K) Eden: 17024K(17024K)->0K(17024K) From: 1143K(2112K)->1148K(2112K)
[2026-10-07T19:13:54.836+0000][900.006s][info][gc,heap        ] GC(311) Tenured: 39051K(42196K)->39179K(42196K)
[2026-10-07T19:13:54.836+0000][900.006s][info][gc,metaspace   ] GC(311) Metaspace: 75097K(75904K)->75097K(75904K) NonClass: 65703K(66112K)->65703K(66112K) Class: 9393K(9792K)->9393K(9792K)
[2026-10-07T19:13:54.836+0000][900.006s][info][gc             ] GC(311) Pause Young (Allocation Failure) 55M->39M(59M) 10.312ms
[2026-10-07T19:13:54.837+0000][900.007s][info][gc,cpu         ] GC(311) User=0.01s Sys=0.00s Real=0.01s
