[2026-10-07T18:30:29.160+0000][164.653s][info][gc,start       ] GC(21) Pause Young (Allocation Failure)
[2026-10-07T18:30:29.168+0000][164.661s][info][gc,heap        ] GC(21) PSYoungGen: 60218K(60416K)->1915K(57856K) Eden: 58368K(58368K)->0K(55808K) From: 1850K(2048K)->1915K(2048K)
[2026-10-07T18:30:29.168+0000][164.661s][info][gc,heap        ] GC(21) ParOldGen: 18276K(18432K)->18404K(18432K)
[2026-10-07T18:30:29.168+0000][164.661s][info][gc,metaspace   ] GC(21) Metaspace: 72218K(72960K)->72218K(72960K) NonClass: 62951K(63360K)->62951K(63360K) Class: 9267K(9600K)->9267K(9600K)
[2026-10-07T18:30:29.168+0000][164.661s][info][gc             ] GC(21) Pause Young (Allocation Failure) 76M->19M(74M) 8.839ms
[2026-10-07T18:30:29.169+0000][164.662s][info][gc,cpu         ] GC(21) User=0.00s Sys=0.00s Real=0.01s
[2026-10-07T18:30:37.096+0000][172.589s][info][gc,start       ] GC(22) Pause Young (Allocation Failure)
[2026-10-07T18:30:37.122+0000][172.615s][info][gc,heap        ] GC(22) PSYoungGen: 57723K(57856K)->3570K(56832K) Eden: 55808K(55808K)->0K(53248K) From: 1915K(2048K)->3570K(3584K)
[2026-10-07T18:30:37.123+0000][172.616s][info][gc,heap        ] GC(22) ParOldGen: 18404K(18432K)->20545K(20992K)
[2026-10-07T18:30:37.123+0000][172.616s][info][gc,metaspace   ] GC(22) Metaspace: 73275K(74112K)->73275K(74112K) NonClass: 63916K(64384K)->63916K(64384K) Class: 9359K(9728K)->9359K(9728K)
[2026-10-07T18:30:37.123+0000][172.616s][info][gc             ] GC(22) Pause Young (Allocation Failure) 74M->23M(76M) 26.680ms
[2026-10-07T18:30:37.123+0000][172.616s][info][gc,cpu         ] GC(22) User=0.03s Sys=0.00s Real=0.02s
[2026-10-07T18:30:46.607+0000][182.100s][info][gc,start       ] GC(23) Pause Young (Allocation Failure)
[2026-10-07T18:30:46.624+0000][182.117s][info][gc,heap        ] GC(23) PSYoungGen: 56818K(56832K)->2102K(53248K) Eden: 53248K(53248K)->0K(50688K) From: 3570K(3584K)->2102K(2560K)
[2026-10-07T18:30:46.624+0000][182.117s][info][gc,heap        ] GC(23) ParOldGen: 20545K(20992K)->24026K(24064K)
[2026-10-07T18:30:46.624+0000][182.117s][info][gc,metaspace   ] GC(23) Metaspace: 73414K(74176K)->73414K(74176K) NonClass: 64054K(64448K)->64054K(64448K) Class: 9360K(9728K)->9360K(9728K)
[2026-10-07T18:30:46.624+0000][182.117s][info][gc             ] GC(23) Pause Young (Allocation Failure) 75M->25M(75M) 16.924ms
[2026-10-07T18:30:46.625+0000][182.118s][info][gc,cpu         ] GC(23) User=0.02s Sys=0.01s Real=0.02s
[2026-10-07T18:30:55.780+0000][191.273s][info][gc,start       ] GC(24) Pause Young (Allocation Failure)
[2026-10-07T18:30:55.793+0000][191.286s][info][gc,heap        ] GC(24) PSYoungGen: 52790K(53248K)->1453K(50176K) Eden: 50688K(50688K)->0K(48640K) From: 2102K(2560K)->1453K(1536K)
[2026-10-07T18:30:55.793+0000][191.286s][info][gc,heap        ] GC(24) ParOldGen: 24026K(24064K)->25263K(25600K)
[2026-10-07T18:30:55.793+0000][191.286s][info][gc,metaspace   ] GC(24) Metaspace: 73556K(74304K)->73556K(74304K) NonClass: 64195K(64576K)->64195K(64576K) Class: 9360K(9728K)->9360K(9728K)
[2026-10-07T18:30:55.793+0000][191.286s][info][gc             ] GC(24) Pause Young (Allocation Failure) 75M->26M(74M) 12.800ms
[2026-10-07T18:30:55.793+0000][191.286s][info][gc,cpu         ] GC(24) User=0.02s Sys=0.00s Real=0.01s
[2026-10-07T18:31:04.360+0000][199.853s][info][gc,start       ] GC(25) Pause Young (Allocation Failure)
[2026-10-07T18:31:04.369+0000][199.862s][info][gc,heap        ] GC(25) PSYoungGen: 50093K(50176K)->1429K(48128K) Eden: 48640K(48640K)->0K(46592K) From: 1453K(1536K)->1429K(1536K)
[2026-10-07T18:31:04.369+0000][199.862s][info][gc,heap        ] GC(25) ParOldGen: 25263K(25600K)->25645K(26112K)
[2026-10-07T18:31:04.369+0000][199.862s][info][gc,metaspace   ] GC(25) Metaspace: 73682K(74496K)->73682K(74496K) NonClass: 64321K(64768K)->64321K(64768K) Class: 9361K(9728K)->9361K(9728K)
[2026-10-07T18:31:04.371+0000][199.864s][info][gc             ] GC(25) Pause Young (Allocation Failure) 73M->26M(72M) 9.673ms
[2026-10-07T18:31:04.371+0000][199.864s][info][gc,cpu         ] GC(25) User=0.00s Sys=0.00s Real=0.01s
[2026-10-07T18:31:12.726+0000][208.219s][info][gc,start       ] GC(26) Pause Young (Allocation Failure)
[2026-10-07T18:31:12.734+0000][208.227s][info][gc,heap        ] GC(26) PSYoungGen: 48021K(48128K)->1376K(46080K) Eden: 46592K(46592K)->0K(44544K) From: 1429K(1536K)->1376K(1536K)
[2026-10-07T18:31:12.734+0000][208.227s][info][gc,heap        ] GC(26) ParOldGen: 25645K(26112K)->26027K(26112K)
[2026-10-07T18:31:12.734+0000][208.227s][info][gc,metaspace   ] GC(26) Metaspace: 73724K(74496K)->73724K(74496K) NonClass: 64361K(64768K)->64361K(64768K) Class: 9362K(9728K)->9362K(9728K)
[2026-10-07T18:31:12.734+0000][208.227s][info][gc             ] GC(26) Pause Young (Allocation Failure) 71M->26M(70M) 8.022ms
[2026-10-07T18:31:12.734+0000][208.227s][info][gc,cpu         ] GC(26) User=0.01s Sys=0.00s Real=0.01s
[2026-10-07T18:31:20.521+0000][216.014s][info][gc,start       ] GC(27) Pause Young (Allocation Failure)
[2026-10-07T18:31:20.535+0000][216.028s][info][gc,heap        ] GC(27) PSYoungGen: 45920K(46080K)->1240K(44032K) Eden: 44544K(44544K)->0K(42496K) From: 1376K(1536K)->1240K(1536K)
[2026-10-07T18:31:20.535+0000][216.028s][info][gc,heap        ] GC(27) ParOldGen: 26027K(26112K)->26235K(26624K)
[2026-10-07T18:31:20.536+0000][216.029s][info][gc,metaspace   ] GC(27) Metaspace: 73809K(74560K)->73809K(74560K) NonClass: 64447K(64832K)->64447K(64832K) Class: 9362K(9728K)->9362K(9728K)
[2026-10-07T18:31:20.537+0000][216.030s][info][gc             ] GC(27) Pause Young (Allocation Failure) 70M->26M(69M) 16.055ms
[2026-10-07T18:31:20.537+0000][216.030s][info][gc,cpu         ] GC(27) User=0.02s Sys=0.00s Real=0.02s
[2026-10-07T18:31:28.683+0000][224.176s][info][gc,start       ] GC(28) Pause Young (Allocation Failure)
[2026-10-07T18:31:28.704+0000][224.197s][info][gc,heap        ] GC(28) PSYoungGen: 43736K(44032K)->1166K(41984K) Eden: 42496K(42496K)->0K(40448K) From: 1240K(1536K)->1166K(1536K)
[2026-10-07T18:31:28.704+0000][224.197s][info][gc,heap        ] GC(28) ParOldGen: 26235K(26624K)->26447K(26624K)
[2026-10-07T18:31:28.704+0000][224.197s][info][gc,metaspace   ] GC(28) Metaspace: 73833K(74624K)->73833K(74624K) NonClass: 64470K(64896K)->64470K(64896K) Class: 9363K(9728K)->9363K(9728K)
[2026-10-07T18:31:28.704+0000][224.197s][info][gc             ] GC(28) Pause Young (Allocation Failure) 68M->26M(67M) 20.722ms
[2026-10-07T18:31:28.704+0000][224.197s][info][gc,cpu         ] GC(28) User=0.01s Sys=0.01s Real=0.03s
[2026-10-07T18:31:35.696+0000][231.189s][info][gc,start       ] GC(29) Pause Young (Allocation Failure)
[2026-10-07T18:31:35.711+0000][231.204s][info][gc,heap        ] GC(29) PSYoungGen: 41614K(41984K)->1406K(40448K) Eden: 40448K(40448K)->0K(38912K) From: 1166K(1536K)->1406K(1536K)
[2026-10-07T18:31:35.711+0000][231.204s][info][gc,heap        ] GC(29) ParOldGen: 26447K(26624K)->26591K(26624K)
[2026-10-07T18:31:35.711+0000][231.204s][info][gc,metaspace   ] GC(29) Metaspace: 73904K(74688K)->73904K(74688K) NonClass: 64536K(64960K)->64536K(64960K) Class: 9368K(9728K)->9368K(9728K)
[2026-10-07T18:31:35.711+0000][231.204s][info][gc             ] GC(29) Pause Young (Allocation Failure) 66M->27M(65M) 15.069ms
[2026-10-07T18:31:35.711+0000][231.204s][info][gc,cpu         ] GC(29) User=0.01s Sys=0.01s Real=0.01s
[2026-10-07T18:31:42.990+0000][238.483s][info][gc,start       ] GC(30) Pause Young (Allocation Failure)
[2026-10-07T18:31:42.997+0000][238.490s][info][gc,heap        ] GC(30) PSYoungGen: 40318K(40448K)->1080K(38912K) Eden: 38912K(38912K)->0K(37376K) From: 1406K(1536K)->1080K(1536K)
[2026-10-07T18:31:42.997+0000][238.490s][info][gc,heap        ] GC(30) ParOldGen: 26591K(26624K)->26998K(27136K)
[2026-10-07T18:31:42.997+0000][238.490s][info][gc,metaspace   ] GC(30) Metaspace: 73935K(74688K)->73935K(74688K) NonClass: 64566K(64960K)->64566K(64960K) Class: 9368K(9728K)->9368K(9728K)
[2026-10-07T18:31:42.997+0000][238.490s][info][gc             ] GC(30) Pause Young (Allocation Failure) 65M->27M(64M) 7.073ms
[2026-10-07T18:31:42.997+0000][238.490s][info][gc,cpu         ] GC(30) User=0.01s Sys=0.00s Real=0.01s
[2026-10-07T18:31:49.817+0000][245.310s][info][gc,start       ] GC(31) Pause Young (Allocation Failure)
[2026-10-07T18:31:49.824+0000][245.317s][info][gc,heap        ] GC(31) PSYoungGen: 38456K(38912K)->1050K(37376K) Eden: 37376K(37376K)->0K(35840K) From: 1080K(1536K)->1050K(1536K)
[2026-10-07T18:31:49.824+0000][245.317s][info][gc,heap        ] GC(31) ParOldGen: 26998K(27136K)->27142K(27648K)
[2026-10-07T18:31:49.824+0000][245.317s][info][gc,metaspace   ] GC(31) Metaspace: 73949K(74688K)->73949K(74688K) NonClass: 64581K(64960K)->64581K(64960K) Class: 9368K(9728K)->9368K(9728K)
[2026-10-07T18:31:49.824+0000][245.317s][info][gc             ] GC(31) Pause Young (Allocation Failure) 63M->27M(63M) 6.948ms
[2026-10-07T18:31:49.824+0000][245.317s][info][gc,cpu         ] GC(31) User=0.01s Sys=0.00s Real=0.01s
[2026-10-07T18:31:56.445+0000][251.939s][info][gc,start       ] GC(32) Pause Young (Allocation Failure)
[2026-10-07T18:31:56.454+0000][251.947s][info][gc,heap        ] GC(32) PSYoungGen: 36890K(37376K)->998K(35328K) Eden: 35840K(35840K)->0K(34304K) From: 1050K(1536K)->998K(1024K)
[2026-10-07T18:31:56.454+0000][251.947s][info][gc,heap        ] GC(32) ParOldGen: 27142K(27648K)->27346K(27648K)
[2026-10-07T18:31:56.454+0000][251.947s][info][gc,metaspace   ] GC(32) Metaspace: 73957K(74688K)->73957K(74688K) NonClass: 64588K(64960K)->64588K(64960K) Class: 9368K(9728K)->9368K(9728K)
[2026-10-07T18:31:56.454+0000][251.947s][info][gc             ] GC(32) Pause Young (Allocation Failure) 62M->27M(61M) 8.304ms
[2026-10-07T18:31:56.454+0000][251.947s][info][gc,cpu         ] GC(32) User=0.00s Sys=0.00s Real=0.01s
[2026-10-07T18:32:02.413+0000][257.906s][info][gc,start       ] GC(33) Pause Young (Allocation Failure)
[2026-10-07T18:32:02.423+0000][257.916s][info][gc,heap        ] GC(33) PSYoungGen: 35302K(35328K)->1019K(33792K) Eden: 34304K(34304K)->0K(32768K) From: 998K(1024K)->1019K(1024K)
[2026-10-07T18:32:02.423+0000][257.917s][info][gc,heap        ] GC(33) ParOldGen: 27346K(27648K)->27474K(27648K)
[2026-10-07T18:32:02.423+0000][257.917s][info][gc,metaspace   ] GC(33) Metaspace: 73968K(74752K)->73968K(74752K) NonClass: 64599K(65024K)->64599K(65024K) Class: 9368K(9728K)->9368K(9728K)
[2026-10-07T18:32:02.424+0000][257.917s][info][gc             ] GC(33) Pause Young (Allocation Failure) 61M->27M(60M) 10.763ms
[2026-10-07T18:32:02.424+0000][257.917s][info][gc,cpu         ] GC(33) User=0.00s Sys=0.00s Real=0.02s
[2026-10-07T18:32:08.374+0000][263.867s][info][gc,start       ] GC(34) Pause Young (Allocation Failure)
[2026-10-07T18:32:08.382+0000][263.875s][info][gc,heap        ] GC(34) PSYoungGen: 33787K(33792K)->982K(32256K) Eden: 32768K(32768K)->0K(31232K) From: 1019K(1024K)->982K(1024K)
[2026-10-07T18:32:08.382+0000][263.875s][info][gc,heap        ] GC(34) ParOldGen: 27474K(27648K)->27586K(27648K)
[2026-10-07T18:32:08.382+0000][263.875s][info][gc,metaspace   ] GC(34) Metaspace: 73993K(74752K)->73993K(74752K) NonClass: 64624K(65024K)->64624K(65024K) Class: 9368K(9728K)->9368K(9728K)
[2026-10-07T18:32:08.382+0000][263.875s][info][gc             ] GC(34) Pause Young (Allocation Failure) 59M->27M(58M) 7.541ms
[2026-10-07T18:32:08.382+0000][263.875s][info][gc,cpu         ] GC(34) User=0.01s Sys=0.00s Real=0.00s
[2026-10-07T18:32:14.234+0000][269.727s][info][gc,start       ] GC(35) Pause Young (Allocation Failure)
[2026-10-07T18:32:14.240+0000][269.733s][info][gc,heap        ] GC(35) PSYoungGen: 32214K(32256K)->944K(31232K) Eden: 31232K(31232K)->0K(30208K) From: 982K(1024K)->944K(1024K)
[2026-10-07T18:32:14.240+0000][269.733s][info][gc,heap        ] GC(35) ParOldGen: 27586K(27648K)->27760K(28160K)
[2026-10-07T18:32:14.240+0000][269.733s][info][gc,metaspace   ] GC(35) Metaspace: 74005K(74816K)->74005K(74816K) NonClass: 64636K(65088K)->64636K(65088K) Class: 9368K(9728K)->9368K(9728K)
[2026-10-07T18:32:14.240+0000][269.733s][info][gc             ] GC(35) Pause Young (Allocation Failure) 58M->28M(58M) 6.561ms
[2026-10-07T18:32:14.240+0000][269.733s][info][gc,cpu         ] GC(35) User=0.00s Sys=0.00s Real=0.00s
[2026-10-07T18:32:19.735+0000][275.228s][info][gc,start       ] GC(36) Pause Young (Allocation Failure)
[2026-10-07T18:32:19.742+0000][275.235s][info][gc,heap        ] GC(36) PSYoungGen: 31152K(31232K)->910K(30208K) Eden: 30208K(30208K)->0K(29184K) From: 944K(1024K)->910K(1024K)
[2026-10-07T18:32:19.742+0000][275.235s][info][gc,heap        ] GC(36) ParOldGen: 27760K(28160K)->27900K(28160K)
[2026-10-07T18:32:19.742+0000][275.235s][info][gc,metaspace   ] GC(36) Metaspace: 74021K(74816K)->74021K(74816K) NonClass: 64651K(65088K)->64651K(65088K) Class: 9370K(9728K)->9370K(9728K)
[2026-10-07T18:32:19.742+0000][275.235s][info][gc             ] GC(36) Pause Young (Allocation Failure) 57M->28M(57M) 6.667ms
[2026-10-07T18:32:19.743+0000][275.236s][info][gc,cpu         ] GC(36) User=0.00s Sys=0.00s Real=0.00s
[2026-10-07T18:32:25.198+0000][280.691s][info][gc,start       ] GC(37) Pause Young (Allocation Failure)
[2026-10-07T18:32:25.208+0000][280.701s][info][gc,heap        ] GC(37) PSYoungGen: 30094K(30208K)->802K(29184K) Eden: 29184K(29184K)->0K(28160K) From: 910K(1024K)->802K(1024K)
[2026-10-07T18:32:25.208+0000][280.701s][info][gc,heap        ] GC(37) ParOldGen: 27900K(28160K)->28141K(28160K)
[2026-10-07T18:32:25.208+0000][280.701s][info][gc,metaspace   ] GC(37) Metaspace: 74029K(74816K)->74029K(74816K) NonClass: 64659K(65088K)->64659K(65088K) Class: 9370K(9728K)->9370K(9728K)
[2026-10-07T18:32:25.208+0000][280.701s][info][gc             ] GC(37) Pause Young (Allocation Failure) 56M->28M(56M) 10.181ms
[2026-10-07T18:32:25.208+0000][280.702s][info][gc,cpu         ] GC(37) User=0.00s Sys=0.00s Real=0.01s
[2026-10-07T18:32:30.319+0000][285.812s][info][gc,start       ] GC(38) Pause Young (Allocation Failure)
[2026-10-07T18:32:30.328+0000][285.821s][info][gc,heap        ] GC(38) PSYoungGen: 28962K(29184K)->1336K(28672K) Eden: 28160K(28160K)->0K(27136K) From: 802K(1024K)->1336K(1536K)
[2026-10-07T18:32:30.330+0000][285.823s][info][gc,heap        ] GC(38) ParOldGen: 28141K(28160K)->28261K(28672K)
[2026-10-07T18:32:30.330+0000][285.824s][info][gc,metaspace   ] GC(38) Metaspace: 74204K(75008K)->74204K(75008K) NonClass: 64834K(65280K)->64834K(65280K) Class: 9370K(9728K)->9370K(9728K)
[2026-10-07T18:32:30.331+0000][285.824s][info][gc             ] GC(38) Pause Young (Allocation Failure) 55M->28M(56M) 12.461ms
[2026-10-07T18:32:30.331+0000][285.824s][info][gc,cpu         ] GC(38) User=0.01s Sys=0.00s Real=0.01s
[2026-10-07T18:32:34.534+0000][290.027s][info][gc,start       ] GC(39) Pause Young (Allocation Failure)
[2026-10-07T18:32:34.552+0000][290.045s][info][gc,heap        ] GC(39) PSYoungGen: 28472K(28672K)->2431K(28672K) Eden: 27136K(27136K)->0K(26112K) From: 1336K(1536K)->2431K(2560K)
[2026-10-07T18:32:34.552+0000][290.045s][info][gc,heap        ] GC(39) ParOldGen: 28261K(28672K)->28933K(29184K)
[2026-10-07T18:32:34.552+0000][290.045s][info][gc,metaspace   ] GC(39) Metaspace: 74238K(75008K)->74238K(75008K) NonClass: 64868K(65280K)->64868K(65280K) Class: 9370K(9728K)->9370K(9728K)
[2026-10-07T18:32:34.553+0000][290.046s][info][gc             ] GC(39) Pause Young (Allocation Failure) 55M->30M(56M) 18.756ms
[2026-10-07T18:32:34.553+0000][290.046s][info][gc,cpu         ] GC(39) User=0.02s Sys=0.00s Real=0.01s
[2026-10-07T18:32:38.756+0000][294.249s][info][gc,start       ] GC(40) Pause Young (Allocation Failure)
[2026-10-07T18:32:38.774+0000][294.267s][info][gc,heap        ] GC(40) PSYoungGen: 28543K(28672K)->1440K(26624K) Eden: 26112K(26112K)->0K(25088K) From: 2431K(2560K)->1440K(1536K)
[2026-10-07T18:32:38.774+0000][294.267s][info][gc,heap        ] GC(40) ParOldGen: 28933K(29184K)->30941K(31232K)
[2026-10-07T18:32:38.774+0000][294.267s][info][gc,metaspace   ] GC(40) Metaspace: 74287K(75072K)->74287K(75072K) NonClass: 64916K(65344K)->64916K(65344K) Class: 9370K(9728K)->9370K(9728K)
[2026-10-07T18:32:38.774+0000][294.267s][info][gc             ] GC(40) Pause Young (Allocation Failure) 56M->31M(56M) 17.533ms
[2026-10-07T18:32:38.774+0000][294.267s][info][gc,cpu         ] GC(40) User=0.02s Sys=0.00s Real=0.02s
[2026-10-07T18:32:43.438+0000][298.931s][info][gc,start       ] GC(41) Pause Young (Allocation Failure)
[2026-10-07T18:32:43.449+0000][298.942s][info][gc,heap        ] GC(41) PSYoungGen: 26527K(26624K)->1087K(25600K) Eden: 25087K(25088K)->0K(24064K) From: 1440K(1536K)->1087K(1536K)
[2026-10-07T18:32:43.449+0000][298.942s][info][gc,heap        ] GC(41) ParOldGen: 30941K(31232K)->31733K(31744K)
[2026-10-07T18:32:43.449+0000][298.942s][info][gc,metaspace   ] GC(41) Metaspace: 74298K(75072K)->74298K(75072K) NonClass: 64928K(65344K)->64928K(65344K) Class: 9370K(9728K)->9370K(9728K)
[2026-10-07T18:32:43.449+0000][298.942s][info][gc             ] GC(41) Pause Young (Allocation Failure) 56M->32M(56M) 11.430ms
[2026-10-07T18:32:43.449+0000][298.942s][info][gc,cpu         ] GC(41) User=0.01s Sys=0.00s Real=0.01s
[2026-10-07T18:32:47.644+0000][303.137s][info][gc,start       ] GC(42) Pause Young (Allocation Failure)
[2026-10-07T18:32:47.651+0000][303.144s][info][gc,heap        ] GC(42) PSYoungGen: 25151K(25600K)->998K(24064K) Eden: 24064K(24064K)->0K(23040K) From: 1087K(1536K)->998K(1024K)
[2026-10-07T18:32:47.651+0000][303.144s][info][gc,heap        ] GC(42) ParOldGen: 31733K(31744K)->32181K(32256K)
[2026-10-07T18:32:47.651+0000][303.144s][info][gc,metaspace   ] GC(42) Metaspace: 74300K(75072K)->74300K(75072K) NonClass: 64929K(65344K)->64929K(65344K) Class: 9370K(9728K)->9370K(9728K)
[2026-10-07T18:32:47.651+0000][303.145s][info][gc             ] GC(42) Pause Young (Allocation Failure) 55M->32M(55M) 7.119ms
[2026-10-07T18:32:47.652+0000][303.145s][info][gc,cpu         ] GC(42) User=0.01s Sys=0.00s Real=0.00s
[2026-10-07T18:32:51.737+0000][307.230s][info][gc,start       ] GC(43) Pause Young (Allocation Failure)
[2026-10-07T18:32:51.746+0000][307.239s][info][gc,heap        ] GC(43) PSYoungGen: 24038K(24064K)->740K(23040K) Eden: 23040K(23040K)->0K(22016K) From: 998K(1024K)->740K(1024K)
[2026-10-07T18:32:51.746+0000][307.239s][info][gc,heap        ] GC(43) ParOldGen: 32181K(32256K)->32582K(32768K)
[2026-10-07T18:32:51.748+0000][307.241s][info][gc,metaspace   ] GC(43) Metaspace: 74320K(75072K)->74320K(75072K) NonClass: 64949K(65344K)->64949K(65344K) Class: 9371K(9728K)->9371K(9728K)
[2026-10-07T18:32:51.748+0000][307.242s][info][gc             ] GC(43) Pause Young (Allocation Failure) 54M->32M(54M) 11.123ms
[2026-10-07T18:32:51.749+0000][307.242s][info][gc,cpu         ] GC(43) User=0.01s Sys=0.00s Real=0.01s
[2026-10-07T18:32:55.902+0000][311.396s][info][gc,start       ] GC(44) Pause Young (Allocation Failure)
[2026-10-07T18:32:55.909+0000][311.402s][info][gc,heap        ] GC(44) PSYoungGen: 22756K(23040K)->678K(22016K) Eden: 22016K(22016K)->0K(20992K) From: 740K(1024K)->678K(1024K)
[2026-10-07T18:32:55.909+0000][311.402s][info][gc,heap        ] GC(44) ParOldGen: 32582K(32768K)->32726K(32768K)
[2026-10-07T18:32:55.909+0000][311.402s][info][gc,metaspace   ] GC(44) Metaspace: 74342K(75072K)->74342K(75072K) NonClass: 64970K(65344K)->64970K(65344K) Class: 9371K(9728K)->9371K(9728K)
[2026-10-07T18:32:55.909+0000][311.402s][info][gc             ] GC(44) Pause Young (Allocation Failure) 54M->32M(53M) 6.261ms
[2026-10-07T18:32:55.909+0000][311.402s][info][gc,cpu         ] GC(44) User=0.01s Sys=0.00s Real=0.01s
[2026-10-07T18:32:59.843+0000][315.336s][info][gc,start       ] GC(45) Pause Young (Allocation Failure)
[2026-10-07T18:32:59.848+0000][315.341s][info][gc,heap        ] GC(45) PSYoungGen: 21670K(22016K)->678K(21504K) Eden: 20992K(20992K)->0K(20480K) From: 678K(1024K)->678K(1024K)
[2026-10-07T18:32:59.850+0000][315.343s][info][gc,heap        ] GC(45) ParOldGen: 32726K(32768K)->32917K(33280K)
[2026-10-07T18:32:59.850+0000][315.343s][info][gc,metaspace   ] GC(45) Metaspace: 74351K(75072K)->74351K(75072K) NonClass: 64979K(65344K)->64979K(65344K) Class: 9372K(9728K)->9372K(9728K)
[2026-10-07T18:32:59.850+0000][315.344s][info][gc             ] GC(45) Pause Young (Allocation Failure) 53M->32M(53M) 7.789ms
[2026-10-07T18:32:59.851+0000][315.344s][info][gc,cpu         ] GC(45) User=0.00s Sys=0.00s Real=0.01s
[2026-10-07T18:33:03.655+0000][319.148s][info][gc,start       ] GC(46) Pause Young (Allocation Failure)
[2026-10-07T18:33:03.661+0000][319.154s][info][gc,heap        ] GC(46) PSYoungGen: 21158K(21504K)->672K(20992K) Eden: 20479K(20480K)->0K(19968K) From: 678K(1024K)->672K(1024K)
[2026-10-07T18:33:03.661+0000][319.154s][info][gc,heap        ] GC(46) ParOldGen: 32917K(33280K)->33185K(33280K)
[2026-10-07T18:33:03.661+0000][319.154s][info][gc,metaspace   ] GC(46) Metaspace: 74355K(75136K)->74355K(75136K) NonClass: 64983K(65408K)->64983K(65408K) Class: 9372K(9728K)->9372K(9728K)
[2026-10-07T18:33:03.661+0000][319.154s][info][gc             ] GC(46) Pause Young (Allocation Failure) 52M->33M(53M) 6.233ms
[2026-10-07T18:33:03.661+0000][319.154s][info][gc,cpu         ] GC(46) User=0.00s Sys=0.00s Real=0.00s
[2026-10-07T18:33:07.653+0000][323.146s][info][gc,start       ] GC(47) Pause Young (Allocation Failure)
[2026-10-07T18:33:07.659+0000][323.152s][info][gc,heap        ] GC(47) PSYoungGen: 20640K(20992K)->639K(20480K) Eden: 19968K(19968K)->0K(19456K) From: 672K(1024K)->639K(1024K)
[2026-10-07T18:33:07.659+0000][323.152s][info][gc,heap        ] GC(47) ParOldGen: 33185K(33280K)->33257K(33280K)
[2026-10-07T18:33:07.659+0000][323.152s][info][gc,metaspace   ] GC(47) Metaspace: 74361K(75136K)->74361K(75136K) NonClass: 64989K(65408K)->64989K(65408K) Class: 9372K(9728K)->9372K(9728K)
[2026-10-07T18:33:07.659+0000][323.152s][info][gc             ] GC(47) Pause Young (Allocation Failure) 52M->33M(52M) 6.245ms
[2026-10-07T18:33:07.659+0000][323.152s][info][gc,cpu         ] GC(47) User=0.01s Sys=0.00s Real=0.01s
[2026-10-07T18:33:11.602+0000][327.095s][info][gc,start       ] GC(48) Pause Young (Allocation Failure)
[2026-10-07T18:33:11.607+0000][327.100s][info][gc,heap        ] GC(48) PSYoungGen: 20095K(20480K)->554K(19968K) Eden: 19456K(19456K)->0K(18944K) From: 639K(1024K)->554K(1024K)
[2026-10-07T18:33:11.607+0000][327.100s][info][gc,heap        ] GC(48) ParOldGen: 33257K(33280K)->33366K(33792K)
[2026-10-07T18:33:11.607+0000][327.100s][info][gc,metaspace   ] GC(48) Metaspace: 74400K(75136K)->74400K(75136K) NonClass: 65021K(65408K)->65021K(65408K) Class: 9378K(9728K)->9378K(9728K)
[2026-10-07T18:33:11.607+0000][327.100s][info][gc             ] GC(48) Pause Young (Allocation Failure) 52M->33M(52M) 5.122ms
[2026-10-07T18:33:11.607+0000][327.100s][info][gc,cpu         ] GC(48) User=0.00s Sys=0.00s Real=0.01s
[2026-10-07T18:33:14.967+0000][330.460s][info][gc,start       ] GC(49) Pause Young (Allocation Failure)
[2026-10-07T18:33:14.971+0000][330.464s][info][gc,heap        ] GC(49) PSYoungGen: 19498K(19968K)->571K(19456K) Eden: 18944K(18944K)->0K(18432K) From: 554K(1024K)->571K(1024K)
[2026-10-07T18:33:14.971+0000][330.465s][info][gc,heap        ] GC(49) ParOldGen: 33366K(33792K)->33430K(33792K)
[2026-10-07T18:33:14.972+0000][330.465s][info][gc,metaspace   ] GC(49) Metaspace: 74404K(75136K)->74404K(75136K) NonClass: 65025K(65408K)->65025K(65408K) Class: 9378K(9728K)->9378K(9728K)
[2026-10-07T18:33:14.972+0000][330.465s][info][gc             ] GC(49) Pause Young (Allocation Failure) 51M->33M(52M) 4.516ms
[2026-10-07T18:33:14.972+0000][330.465s][info][gc,cpu         ] GC(49) User=0.00s Sys=0.00s Real=0.00s
[2026-10-07T18:33:15.372+0000][330.865s][info][gc,start       ] GC(50) Pause Young (CodeCache GC Threshold)
[2026-10-07T18:33:15.376+0000][330.869s][info][gc,heap        ] GC(50) PSYoungGen: 3087K(19456K)->128K(18944K) Eden: 2516K(18432K)->0K(18432K) From: 571K(1024K)->128K(512K)
[2026-10-07T18:33:15.376+0000][330.869s][info][gc,heap        ] GC(50) ParOldGen: 33430K(33792K)->33742K(33792K)
[2026-10-07T18:33:15.376+0000][330.869s][info][gc,metaspace   ] GC(50) Metaspace: 74405K(75136K)->74405K(75136K) NonClass: 65026K(65408K)->65026K(65408K) Class: 9378K(9728K)->9378K(9728K)
[2026-10-07T18:33:15.376+0000][330.869s][info][gc             ] GC(50) Pause Young (CodeCache GC Threshold) 35M->33M(51M) 4.258ms
[2026-10-07T18:33:15.376+0000][330.869s][info][gc,cpu         ] GC(50) User=0.00s Sys=0.00s Real=0.01s
[2026-10-07T18:33:15.376+0000][330.869s][info][gc,start       ] GC(51) Pause Full (CodeCache GC Threshold)
[2026-10-07T18:33:15.376+0000][330.869s][info][gc,phases,start] GC(51) Marking Phase
[2026-10-07T18:33:15.488+0000][330.981s][info][gc,phases      ] GC(51) Marking Phase 111.659ms
[2026-10-07T18:33:15.488+0000][330.981s][info][gc,phases,start] GC(51) Summary Phase
[2026-10-07T18:33:15.488+0000][330.981s][info][gc,phases      ] GC(51) Summary Phase 0.017ms
[2026-10-07T18:33:15.488+0000][330.981s][info][gc,phases,start] GC(51) Adjust Roots
[2026-10-07T18:33:15.514+0000][331.007s][info][gc,phases      ] GC(51) Adjust Roots 26.416ms
[2026-10-07T18:33:15.514+0000][331.007s][info][gc,phases,start] GC(51) Compaction Phase
[2026-10-07T18:33:15.584+0000][331.077s][info][gc,phases      ] GC(51) Compaction Phase 69.528ms
[2026-10-07T18:33:15.584+0000][331.077s][info][gc,phases,start] GC(51) Post Compact
[2026-10-07T18:33:15.585+0000][331.078s][info][gc,phases      ] GC(51) Post Compact 1.142ms
[2026-10-07T18:33:15.585+0000][331.078s][info][gc,heap        ] GC(51) PSYoungGen: 128K(18944K)->0K(18944K) Eden: 0K(18432K)->0K(18432K) From: 128K(512K)->0K(512K)
[2026-10-07T18:33:15.585+0000][331.078s][info][gc,heap        ] GC(51) ParOldGen: 33742K(33792K)->29557K(33792K)
[2026-10-07T18:33:15.585+0000][331.078s][info][gc,metaspace   ] GC(51) Metaspace: 74405K(75136K)->74399K(75136K) NonClass: 65026K(65408K)->65022K(65408K) Class: 9378K(9728K)->9377K(9728K)
[2026-10-07T18:33:15.585+0000][331.078s][info][gc             ] GC(51) Pause Full (CodeCache GC Threshold) 33M->28M(51M) 209.078ms
[2026-10-07T18:33:15.585+0000][331.078s][info][gc,cpu         ] GC(51) User=0.29s Sys=0.01s Real=0.21s
[2026-10-07T18:33:18.654+0000][334.147s][info][gc,start       ] GC(52) Pause Young (Allocation Failure)
[2026-10-07T18:33:18.660+0000][334.153s][info][gc,heap        ] GC(52) PSYoungGen: 18432K(18944K)->544K(20480K) Eden: 18432K(18432K)->0K(17920K) From: 0K(512K)->544K(2560K)
[2026-10-07T18:33:18.660+0000][334.153s][info][gc,heap        ] GC(52) ParOldGen: 29557K(33792K)->29557K(33792K)
[2026-10-07T18:33:18.660+0000][334.153s][info][gc,metaspace   ] GC(52) Metaspace: 74401K(75136K)->74401K(75136K) NonClass: 65024K(65408K)->65024K(65408K) Class: 9377K(9728K)->9377K(9728K)
[2026-10-07T18:33:18.660+0000][334.153s][info][gc             ] GC(52) Pause Young (Allocation Failure) 46M->29M(53M) 5.961ms
[2026-10-07T18:33:18.660+0000][334.153s][info][gc,cpu         ] GC(52) User=0.01s Sys=0.00s Real=0.00s
[2026-10-07T18:33:21.829+0000][337.322s][info][gc,start       ] GC(53) Pause Young (Allocation Failure)
[2026-10-07T18:33:21.836+0000][337.329s][info][gc,heap        ] GC(53) PSYoungGen: 18464K(20480K)->565K(18432K) Eden: 17920K(17920K)->0K(17408K) From: 544K(2560K)->565K(1024K)
[2026-10-07T18:33:21.836+0000][337.329s][info][gc,heap        ] GC(53) ParOldGen: 29557K(33792K)->29613K(33792K)
[2026-10-07T18:33:21.836+0000][337.329s][info][gc,metaspace   ] GC(53) Metaspace: 74402K(75136K)->74402K(75136K) NonClass: 65025K(65408K)->65025K(65408K) Class: 9377K(9728K)->9377K(9728K)
[2026-10-07T18:33:21.836+0000][337.329s][info][gc             ] GC(53) Pause Young (Allocation Failure) 46M->29M(51M) 7.288ms
[2026-10-07T18:33:21.836+0000][337.329s][info][gc,cpu         ] GC(53) User=0.01s Sys=0.00s Real=0.01s
[2026-10-07T18:33:25.371+0000][340.864s][info][gc,start       ] GC(54) Pause Young (Allocation Failure)
[2026-10-07T18:33:25.376+0000][340.869s][info][gc,heap        ] GC(54) PSYoungGen: 17973K(18432K)->468K(17408K) Eden: 17408K(17408K)->0K(16896K) From: 565K(1024K)->468K(512K)
[2026-10-07T18:33:25.376+0000][340.869s][info][gc,heap        ] GC(54) ParOldGen: 29613K(33792K)->29693K(33792K)
[2026-10-07T18:33:25.376+0000][340.870s][info][gc,metaspace   ] GC(54) Metaspace: 74405K(75136K)->74405K(75136K) NonClass: 65028K(65408K)->65028K(65408K) Class: 9377K(9728K)->9377K(9728K)
[2026-10-07T18:33:25.377+0000][340.870s][info][gc             ] GC(54) Pause Young (Allocation Failure) 46M->29M(50M) 5.702ms
[2026-10-07T18:33:25.377+0000][340.870s][info][gc,cpu         ] GC(54) User=0.01s Sys=0.00s Real=0.01s
[2026-10-07T18:33:28.561+0000][344.054s][info][gc,start       ] GC(55) Pause Young (Allocation Failure)
[2026-10-07T18:33:28.566+0000][344.059s][info][gc,heap        ] GC(55) PSYoungGen: 17364K(17408K)->480K(16896K) Eden: 16896K(16896K)->0K(16384K) From: 468K(512K)->480K(512K)
[2026-10-07T18:33:28.566+0000][344.059s][info][gc,heap        ] GC(55) ParOldGen: 29693K(33792K)->29821K(33792K)
[2026-10-07T18:33:28.566+0000][344.059s][info][gc,metaspace   ] GC(55) Metaspace: 74405K(75136K)->74405K(75136K) NonClass: 65028K(65408K)->65028K(65408K) Class: 9377K(9728K)->9377K(9728K)
[2026-10-07T18:33:28.566+0000][344.059s][info][gc             ] GC(55) Pause Young (Allocation Failure) 45M->29M(49M) 5.354ms
[2026-10-07T18:33:28.566+0000][344.059s][info][gc,cpu         ] GC(55) User=0.01s Sys=0.00s Real=0.01s
[2026-10-07T18:33:31.508+0000][347.001s][info][gc,start       ] GC(56) Pause Young (Allocation Failure)
[2026-10-07T18:33:31.512+0000][347.005s][info][gc,heap        ] GC(56) PSYoungGen: 16864K(16896K)->551K(18432K) Eden: 16384K(16384K)->0K(15872K) From: 480K(512K)->551K(2560K)
[2026-10-07T18:33:31.512+0000][347.005s][info][gc,heap        ] GC(56) ParOldGen: 29821K(33792K)->29909K(33792K)
[2026-10-07T18:33:31.512+0000][347.005s][info][gc,metaspace   ] GC(56) Metaspace: 74405K(75136K)->74405K(75136K) NonClass: 65028K(65408K)->65028K(65408K) Class: 9377K(9728K)->9377K(9728K)
[2026-10-07T18:33:31.512+0000][347.005s][info][gc             ] GC(56) Pause Young (Allocation Failure) 45M->29M(51M) 4.013ms
[2026-10-07T18:33:31.512+0000][347.005s][info][gc,cpu         ] GC(56) User=0.00s Sys=0.00s Real=0.00s
[2026-10-07T18:33:34.612+0000][350.105s][info][gc,start       ] GC(57) Pause Young (Allocation Failure)
[2026-10-07T18:33:34.617+0000][350.110s][info][gc,heap        ] GC(57) PSYoungGen: 16423K(18432K)->452K(15872K) Eden: 15872K(15872K)->0K(15360K) From: 551K(2560K)->452K(512K)
[2026-10-07T18:33:34.617+0000][350.110s][info][gc,heap        ] GC(57) ParOldGen: 29909K(33792K)->30002K(33792K)
[2026-10-07T18:33:34.617+0000][350.110s][info][gc,metaspace   ] GC(57) Metaspace: 74406K(75136K)->74406K(75136K) NonClass: 65028K(65408K)->65028K(65408K) Class: 9377K(9728K)->9377K(9728K)
[2026-10-07T18:33:34.617+0000][350.110s][info][gc             ] GC(57) Pause Young (Allocation Failure) 45M->29M(48M) 4.898ms
[2026-10-07T18:33:34.617+0000][350.110s][info][gc,cpu         ] GC(57) User=0.01s Sys=0.00s Real=0.01s
[2026-10-07T18:33:37.517+0000][353.010s][info][gc,start       ] GC(58) Pause Young (Allocation Failure)
[2026-10-07T18:33:37.522+0000][353.015s][info][gc,heap        ] GC(58) PSYoungGen: 15812K(15872K)->448K(16896K) Eden: 15360K(15360K)->0K(14848K) From: 452K(512K)->448K(2048K)
[2026-10-07T18:33:37.522+0000][353.015s][info][gc,heap        ] GC(58) ParOldGen: 30002K(33792K)->30166K(33792K)
[2026-10-07T18:33:37.522+0000][353.015s][info][gc,metaspace   ] GC(58) Metaspace: 74407K(75136K)->74407K(75136K) NonClass: 65030K(65408K)->65030K(65408K) Class: 9377K(9728K)->9377K(9728K)
[2026-10-07T18:33:37.522+0000][353.015s][info][gc             ] GC(58) Pause Young (Allocation Failure) 44M->29M(49M) 4.917ms
[2026-10-07T18:33:37.522+0000][353.015s][info][gc,cpu         ] GC(58) User=0.01s Sys=0.00s Real=0.00s
[2026-10-07T18:33:40.106+0000][355.599s][info][gc,start       ] GC(59) Pause Young (Allocation Failure)
[2026-10-07T18:33:40.113+0000][355.606s][info][gc,heap        ] GC(59) PSYoungGen: 15296K(16896K)->449K(14848K) Eden: 14848K(14848K)->0K(14336K) From: 448K(2048K)->449K(512K)
[2026-10-07T18:33:40.113+0000][355.606s][info][gc,heap        ] GC(59) ParOldGen: 30166K(33792K)->30242K(33792K)
[2026-10-07T18:33:40.113+0000][355.606s][info][gc,metaspace   ] GC(59) Metaspace: 74407K(75136K)->74407K(75136K) NonClass: 65030K(65408K)->65030K(65408K) Class: 9377K(9728K)->9377K(9728K)
[2026-10-07T18:33:40.113+0000][355.606s][info][gc             ] GC(59) Pause Young (Allocation Failure) 44M->29M(47M) 7.406ms
[2026-10-07T18:33:40.113+0000][355.606s][info][gc,cpu         ] GC(59) User=0.00s Sys=0.00s Real=0.00s
[2026-10-07T18:33:42.613+0000][358.106s][info][gc,start       ] GC(60) Pause Young (Allocation Failure)
[2026-10-07T18:33:42.619+0000][358.112s][info][gc,heap        ] GC(60) PSYoungGen: 14785K(14848K)->416K(15872K) Eden: 14336K(14336K)->0K(13824K) From: 449K(512K)->416K(2048K)
[2026-10-07T18:33:42.619+0000][358.112s][info][gc,heap        ] GC(60) ParOldGen: 30242K(33792K)->30372K(33792K)
[2026-10-07T18:33:42.619+0000][358.112s][info][gc,metaspace   ] GC(60) Metaspace: 74407K(75136K)->74407K(75136K) NonClass: 65030K(65408K)->65030K(65408K) Class: 9377K(9728K)->9377K(9728K)
[2026-10-07T18:33:42.619+0000][358.112s][info][gc             ] GC(60) Pause Young (Allocation Failure) 43M->30M(48M) 6.144ms
[2026-10-07T18:33:42.619+0000][358.113s][info][gc,cpu         ] GC(60) User=0.00s Sys=0.00s Real=0.01s
[2026-10-07T18:33:44.918+0000][360.411s][info][gc,start       ] GC(61) Pause Young (Allocation Failure)
[2026-10-07T18:33:44.923+0000][360.416s][info][gc,heap        ] GC(61) PSYoungGen: 14240K(15872K)->453K(13824K) Eden: 13824K(13824K)->0K(13312K) From: 416K(2048K)->453K(512K)
[2026-10-07T18:33:44.923+0000][360.416s][info][gc,heap        ] GC(61) ParOldGen: 30372K(33792K)->30428K(33792K)
[2026-10-07T18:33:44.923+0000][360.416s][info][gc,metaspace   ] GC(61) Metaspace: 74407K(75136K)->74407K(75136K) NonClass: 65030K(65408K)->65030K(65408K) Class: 9377K(9728K)->9377K(9728K)
[2026-10-07T18:33:44.923+0000][360.416s][info][gc             ] GC(61) Pause Young (Allocation Failure) 43M->30M(46M) 5.342ms
[2026-10-07T18:33:44.923+0000][360.416s][info][gc,cpu         ] GC(61) User=0.01s Sys=0.00s Real=0.00s
[2026-10-07T18:33:47.458+0000][362.951s][info][gc,start       ] GC(62) Pause Young (Allocation Failure)
[2026-10-07T18:33:47.464+0000][362.957s][info][gc,heap        ] GC(62) PSYoungGen: 13765K(13824K)->384K(14848K) Eden: 13312K(13312K)->0K(12800K) From: 453K(512K)->384K(2048K)
[2026-10-07T18:33:47.464+0000][362.957s][info][gc,heap        ] GC(62) ParOldGen: 30428K(33792K)->30549K(33792K)
[2026-10-07T18:33:47.464+0000][362.957s][info][gc,metaspace   ] GC(62) Metaspace: 74408K(75200K)->74408K(75200K) NonClass: 65031K(65472K)->65031K(65472K) Class: 9377K(9728K)->9377K(9728K)
[2026-10-07T18:33:47.464+0000][362.957s][info][gc             ] GC(62) Pause Young (Allocation Failure) 43M->30M(47M) 6.142ms
[2026-10-07T18:33:47.464+0000][362.957s][info][gc,cpu         ] GC(62) User=0.01s Sys=0.00s Real=0.01s
[2026-10-07T18:33:49.783+0000][365.276s][info][gc,start       ] GC(63) Pause Young (Allocation Failure)
[2026-10-07T18:33:49.788+0000][365.281s][info][gc,heap        ] GC(63) PSYoungGen: 13184K(14848K)->371K(12800K) Eden: 12800K(12800K)->0K(12288K) From: 384K(2048K)->371K(512K)
[2026-10-07T18:33:49.788+0000][365.281s][info][gc,heap        ] GC(63) ParOldGen: 30549K(33792K)->30597K(33792K)
[2026-10-07T18:33:49.788+0000][365.281s][info][gc,metaspace   ] GC(63) Metaspace: 74408K(75200K)->74408K(75200K) NonClass: 65031K(65472K)->65031K(65472K) Class: 9377K(9728K)->9377K(9728K)
[2026-10-07T18:33:49.790+0000][365.283s][info][gc             ] GC(63) Pause Young (Allocation Failure) 42M->30M(45M) 6.492ms
[2026-10-07T18:33:49.790+0000][365.283s][info][gc,cpu         ] GC(63) User=0.01s Sys=0.00s Real=0.01s
[2026-10-07T18:33:51.915+0000][367.409s][info][gc,start       ] GC(64) Pause Young (Allocation Failure)
[2026-10-07T18:33:51.920+0000][367.413s][info][gc,heap        ] GC(64) PSYoungGen: 12659K(12800K)->384K(13312K) Eden: 12288K(12288K)->0K(11776K) From: 371K(512K)->384K(1536K)
[2026-10-07T18:33:51.920+0000][367.413s][info][gc,heap        ] GC(64) ParOldGen: 30597K(33792K)->30713K(33792K)
[2026-10-07T18:33:51.920+0000][367.413s][info][gc,metaspace   ] GC(64) Metaspace: 74409K(75200K)->74409K(75200K) NonClass: 65032K(65472K)->65032K(65472K) Class: 9377K(9728K)->9377K(9728K)
[2026-10-07T18:33:51.920+0000][367.413s][info][gc             ] GC(64) Pause Young (Allocation Failure) 42M->30M(46M) 4.557ms
[2026-10-07T18:33:51.920+0000][367.413s][info][gc,cpu         ] GC(64) User=0.00s Sys=0.00s Real=0.00s
[2026-10-07T18:33:54.228+0000][369.721s][info][gc,start       ] GC(65) Pause Young (Allocation Failure)
[2026-10-07T18:33:54.233+0000][369.726s][info][gc,heap        ] GC(65) PSYoungGen: 12160K(13312K)->320K(11776K) Eden: 11776K(11776K)->0K(11264K) From: 384K(1536K)->320K(512K)
[2026-10-07T18:33:54.233+0000][369.726s][info][gc,heap        ] GC(65) ParOldGen: 30713K(33792K)->30805K(33792K)
[2026-10-07T18:33:54.233+0000][369.726s][info][gc,metaspace   ] GC(65) Metaspace: 74409K(75200K)->74409K(75200K) NonClass: 65032K(65472K)->65032K(65472K) Class: 9377K(9728K)->9377K(9728K)
[2026-10-07T18:33:54.233+0000][369.726s][info][gc             ] GC(65) Pause Young (Allocation Failure) 41M->30M(44M) 5.056ms
[2026-10-07T18:33:54.233+0000][369.726s][info][gc,cpu         ] GC(65) User=0.00s Sys=0.00s Real=0.00s
[2026-10-07T18:33:56.289+0000][371.783s][info][gc,start       ] GC(66) Pause Young (Allocation Failure)
[2026-10-07T18:33:56.294+0000][371.787s][info][gc,heap        ] GC(66) PSYoungGen: 11584K(11776K)->412K(12800K) Eden: 11264K(11264K)->0K(11264K) From: 320K(512K)->412K(1536K)
[2026-10-07T18:33:56.294+0000][371.787s][info][gc,heap        ] GC(66) ParOldGen: 30805K(33792K)->30853K(33792K)
[2026-10-07T18:33:56.294+0000][371.787s][info][gc,metaspace   ] GC(66) Metaspace: 74409K(75200K)->74409K(75200K) NonClass: 65032K(65472K)->65032K(65472K) Class: 9377K(9728K)->9377K(9728K)
[2026-10-07T18:33:56.294+0000][371.788s][info][gc             ] GC(66) Pause Young (Allocation Failure) 41M->30M(45M) 4.966ms
[2026-10-07T18:33:56.294+0000][371.788s][info][gc,cpu         ] GC(66) User=0.00s Sys=0.00s Real=0.01s
[2026-10-07T18:33:58.481+0000][373.974s][info][gc,start       ] GC(67) Pause Young (Allocation Failure)
[2026-10-07T18:33:58.486+0000][373.979s][info][gc,heap        ] GC(67) PSYoungGen: 11676K(12800K)->352K(11776K) Eden: 11264K(11264K)->0K(11264K) From: 412K(1536K)->352K(512K)
[2026-10-07T18:33:58.486+0000][373.979s][info][gc,heap        ] GC(67) ParOldGen: 30853K(33792K)->30986K(33792K)
[2026-10-07T18:33:58.486+0000][373.979s][info][gc,metaspace   ] GC(67) Metaspace: 74409K(75200K)->74409K(75200K) NonClass: 65032K(65472K)->65032K(65472K) Class: 9377K(9728K)->9377K(9728K)
[2026-10-07T18:33:58.486+0000][373.979s][info][gc             ] GC(67) Pause Young (Allocation Failure) 41M->30M(44M) 5.640ms
[2026-10-07T18:33:58.486+0000][373.979s][info][gc,cpu         ] GC(67) User=0.00s Sys=0.00s Real=0.01s
[2026-10-07T18:34:00.641+0000][376.134s][info][gc,start       ] GC(68) Pause Young (Allocation Failure)
[2026-10-07T18:34:00.646+0000][376.139s][info][gc,heap        ] GC(68) PSYoungGen: 11616K(11776K)->340K(12800K) Eden: 11264K(11264K)->0K(11264K) From: 352K(512K)->340K(1536K)
[2026-10-07T18:34:00.646+0000][376.139s][info][gc,heap        ] GC(68) ParOldGen: 30986K(33792K)->31034K(33792K)
[2026-10-07T18:34:00.646+0000][376.139s][info][gc,metaspace   ] GC(68) Metaspace: 74409K(75200K)->74409K(75200K) NonClass: 65032K(65472K)->65032K(65472K) Class: 9377K(9728K)->9377K(9728K)
[2026-10-07T18:34:00.646+0000][376.139s][info][gc             ] GC(68) Pause Young (Allocation Failure) 41M->30M(45M) 5.201ms
[2026-10-07T18:34:00.646+0000][376.139s][info][gc,cpu         ] GC(68) User=0.00s Sys=0.00s Real=0.01s
[2026-10-07T18:34:02.922+0000][378.415s][info][gc,start       ] GC(69) Pause Young (Allocation Failure)
[2026-10-07T18:34:02.927+0000][378.420s][info][gc,heap        ] GC(69) PSYoungGen: 11604K(12800K)->320K(11776K) Eden: 11264K(11264K)->0K(11264K) From: 340K(1536K)->320K(512K)
[2026-10-07T18:34:02.927+0000][378.420s][info][gc,heap        ] GC(69) ParOldGen: 31034K(33792K)->31147K(33792K)
[2026-10-07T18:34:02.927+0000][378.420s][info][gc,metaspace   ] GC(69) Metaspace: 74409K(75200K)->74409K(75200K) NonClass: 65032K(65472K)->65032K(65472K) Class: 9377K(9728K)->9377K(9728K)
[2026-10-07T18:34:02.927+0000][378.420s][info][gc             ] GC(69) Pause Young (Allocation Failure) 41M->30M(44M) 4.776ms
[2026-10-07T18:34:02.927+0000][378.420s][info][gc,cpu         ] GC(69) User=0.01s Sys=0.00s Real=0.01s
[2026-10-07T18:34:04.712+0000][380.205s][info][gc,start       ] GC(70) Pause Young (Allocation Failure)
[2026-10-07T18:34:04.717+0000][380.210s][info][gc,heap        ] GC(70) PSYoungGen: 11584K(11776K)->426K(12800K) Eden: 11264K(11264K)->0K(11264K) From: 320K(512K)->426K(1536K)
[2026-10-07T18:34:04.717+0000][380.210s][info][gc,heap        ] GC(70) ParOldGen: 31147K(33792K)->31179K(33792K)
[2026-10-07T18:34:04.717+0000][380.210s][info][gc,metaspace   ] GC(70) Metaspace: 74409K(75200K)->74409K(75200K) NonClass: 65032K(65472K)->65032K(65472K) Class: 9377K(9728K)->9377K(9728K)
[2026-10-07T18:34:04.717+0000][380.210s][info][gc             ] GC(70) Pause Young (Allocation Failure) 41M->30M(45M) 5.503ms
[2026-10-07T18:34:04.717+0000][380.210s][info][gc,cpu         ] GC(70) User=0.01s Sys=0.00s Real=0.01s
[2026-10-07T18:34:06.826+0000][382.319s][info][gc,start       ] GC(71) Pause Young (Allocation Failure)
[2026-10-07T18:34:06.829+0000][382.322s][info][gc,heap        ] GC(71) PSYoungGen: 11690K(12800K)->352K(11776K) Eden: 11264K(11264K)->0K(11264K) From: 426K(1536K)->352K(512K)
[2026-10-07T18:34:06.829+0000][382.322s][info][gc,heap        ] GC(71) ParOldGen: 31179K(33792K)->31334K(33792K)
[2026-10-07T18:34:06.829+0000][382.322s][info][gc,metaspace   ] GC(71) Metaspace: 74409K(75200K)->74409K(75200K) NonClass: 65032K(65472K)->65032K(65472K) Class: 9377K(9728K)->9377K(9728K)
[2026-10-07T18:34:06.829+0000][382.322s][info][gc             ] GC(71) Pause Young (Allocation Failure) 41M->30M(44M) 3.314ms
[2026-10-07T18:34:06.829+0000][382.322s][info][gc,cpu         ] GC(71) User=0.00s Sys=0.00s Real=0.00s
[2026-10-07T18:34:08.897+0000][384.390s][info][gc,start       ] GC(72) Pause Young (Allocation Failure)
[2026-10-07T18:34:08.902+0000][384.395s][info][gc,heap        ] GC(72) PSYoungGen: 11616K(11776K)->320K(12800K) Eden: 11264K(11264K)->0K(11264K) From: 352K(512K)->320K(1536K)
[2026-10-07T18:34:08.902+0000][384.395s][info][gc,heap        ] GC(72) ParOldGen: 31334K(33792K)->31454K(33792K)
[2026-10-07T18:34:08.902+0000][384.395s][info][gc,metaspace   ] GC(72) Metaspace: 74410K(75200K)->74410K(75200K) NonClass: 65032K(65472K)->65032K(65472K) Class: 9377K(9728K)->9377K(9728K)
[2026-10-07T18:34:08.902+0000][384.395s][info][gc             ] GC(72) Pause Young (Allocation Failure) 41M->31M(45M) 4.771ms
[2026-10-07T18:34:08.902+0000][384.395s][info][gc,cpu         ] GC(72) User=0.00s Sys=0.00s Real=0.00s
[2026-10-07T18:34:10.978+0000][386.471s][info][gc,start       ] GC(73) Pause Young (Allocation Failure)
[2026-10-07T18:34:10.981+0000][386.474s][info][gc,heap        ] GC(73) PSYoungGen: 11584K(12800K)->376K(11776K) Eden: 11264K(11264K)->0K(11264K) From: 320K(1536K)->376K(512K)
[2026-10-07T18:34:10.981+0000][386.475s][info][gc,heap        ] GC(73) ParOldGen: 31454K(33792K)->31502K(33792K)
[2026-10-07T18:34:10.981+0000][386.475s][info][gc,metaspace   ] GC(73) Metaspace: 74410K(75200K)->74410K(75200K) NonClass: 65032K(65472K)->65032K(65472K) Class: 9377K(9728K)->9377K(9728K)
[2026-10-07T18:34:10.982+0000][386.475s][info][gc             ] GC(73) Pause Young (Allocation Failure) 42M->31M(44M) 3.269ms
[2026-10-07T18:34:10.982+0000][386.475s][info][gc,cpu         ] GC(73) User=0.00s Sys=0.00s Real=0.00s
[2026-10-07T18:34:13.009+0000][388.502s][info][gc,start       ] GC(74) Pause Young (Allocation Failure)
[2026-10-07T18:34:13.014+0000][388.507s][info][gc,heap        ] GC(74) PSYoungGen: 11640K(11776K)->352K(12288K) Eden: 11264K(11264K)->0K(11264K) From: 376K(512K)->352K(1024K)
[2026-10-07T18:34:13.014+0000][388.507s][info][gc,heap        ] GC(74) ParOldGen: 31502K(33792K)->31631K(33792K)
[2026-10-07T18:34:13.014+0000][388.507s][info][gc,metaspace   ] GC(74) Metaspace: 74410K(75200K)->74410K(75200K) NonClass: 65032K(65472K)->65032K(65472K) Class: 9377K(9728K)->9377K(9728K)
[2026-10-07T18:34:13.014+0000][388.507s][info][gc             ] GC(74) Pause Young (Allocation Failure) 42M->31M(45M) 4.728ms
[2026-10-07T18:34:13.014+0000][388.507s][info][gc,cpu         ] GC(74) User=0.01s Sys=0.00s Real=0.01s
[2026-10-07T18:34:14.898+0000][390.391s][info][gc,start       ] GC(75) Pause Young (Allocation Failure)
[2026-10-07T18:34:14.903+0000][390.396s][info][gc,heap        ] GC(75) PSYoungGen: 11616K(12288K)->361K(11776K) Eden: 11264K(11264K)->0K(11264K) From: 352K(1024K)->361K(512K)
[2026-10-07T18:34:14.903+0000][390.396s][info][gc,heap        ] GC(75) ParOldGen: 31631K(33792K)->31691K(33792K)
[2026-10-07T18:34:14.903+0000][390.396s][info][gc,metaspace   ] GC(75) Metaspace: 74411K(75200K)->74411K(75200K) NonClass: 65034K(65472K)->65034K(65472K) Class: 9377K(9728K)->9377K(9728K)
[2026-10-07T18:34:14.903+0000][390.396s][info][gc             ] GC(75) Pause Young (Allocation Failure) 42M->31M(44M) 5.000ms
[2026-10-07T18:34:14.903+0000][390.396s][info][gc,cpu         ] GC(75) User=0.01s Sys=0.00s Real=0.00s
[2026-10-07T18:34:16.788+0000][392.281s][info][gc,start       ] GC(76) Pause Young (Allocation Failure)
[2026-10-07T18:34:16.791+0000][392.284s][info][gc,heap        ] GC(76) PSYoungGen: 11625K(11776K)->352K(12288K) Eden: 11264K(11264K)->0K(11264K) From: 361K(512K)->352K(1024K)
[2026-10-07T18:34:16.791+0000][392.284s][info][gc,heap        ] GC(76) ParOldGen: 31691K(33792K)->31772K(33792K)
[2026-10-07T18:34:16.791+0000][392.284s][info][gc,metaspace   ] GC(76) Metaspace: 74411K(75200K)->74411K(75200K) NonClass: 65034K(65472K)->65034K(65472K) Class: 9377K(9728K)->9377K(9728K)
[2026-10-07T18:34:16.791+0000][392.284s][info][gc             ] GC(76) Pause Young (Allocation Failure) 42M->31M(45M) 3.600ms
[2026-10-07T18:34:16.791+0000][392.284s][info][gc,cpu         ] GC(76) User=0.01s Sys=0.00s Real=0.00s
[2026-10-07T18:34:18.651+0000][394.144s][info][gc,start       ] GC(77) Pause Young (Allocation Failure)
[2026-10-07T18:34:18.655+0000][394.148s][info][gc,heap        ] GC(77) PSYoungGen: 11616K(12288K)->416K(11776K) Eden: 11264K(11264K)->0K(11264K) From: 352K(1024K)->416K(512K)
[2026-10-07T18:34:18.655+0000][394.148s][info][gc,heap        ] GC(77) ParOldGen: 31772K(33792K)->31889K(33792K)
[2026-10-07T18:34:18.655+0000][394.148s][info][gc,metaspace   ] GC(77) Metaspace: 74413K(75200K)->74413K(75200K) NonClass: 65036K(65472K)->65036K(65472K) Class: 9377K(9728K)->9377K(9728K)
[2026-10-07T18:34:18.656+0000][394.149s][info][gc             ] GC(77) Pause Young (Allocation Failure) 42M->31M(44M) 4.678ms
[2026-10-07T18:34:18.656+0000][394.149s][info][gc,cpu         ] GC(77) User=0.01s Sys=0.00s Real=0.01s
[2026-10-07T18:34:20.553+0000][396.046s][info][gc,start       ] GC(78) Pause Young (Allocation Failure)
[2026-10-07T18:34:20.560+0000][396.053s][info][gc,heap        ] GC(78) PSYoungGen: 11680K(11776K)->406K(12288K) Eden: 11264K(11264K)->0K(11264K) From: 416K(512K)->406K(1024K)
[2026-10-07T18:34:20.560+0000][396.053s][info][gc,heap        ] GC(78) ParOldGen: 31889K(33792K)->31929K(33792K)
[2026-10-07T18:34:20.560+0000][396.053s][info][gc,metaspace   ] GC(78) Metaspace: 74419K(75200K)->74419K(75200K) NonClass: 65041K(65472K)->65041K(65472K) Class: 9377K(9728K)->9377K(9728K)
[2026-10-07T18:34:20.560+0000][396.053s][info][gc             ] GC(78) Pause Young (Allocation Failure) 42M->31M(45M) 6.916ms
[2026-10-07T18:34:20.560+0000][396.053s][info][gc,cpu         ] GC(78) User=0.01s Sys=0.00s Real=0.01s
[2026-10-07T18:34:22.577+0000][398.071s][info][gc,start       ] GC(79) Pause Young (Allocation Failure)
[2026-10-07T18:34:22.582+0000][398.075s][info][gc,heap        ] GC(79) PSYoungGen: 11670K(12288K)->352K(11776K) Eden: 11264K(11264K)->0K(11264K) From: 406K(1024K)->352K(512K)
[2026-10-07T18:34:22.582+0000][398.075s][info][gc,heap        ] GC(79) ParOldGen: 31929K(33792K)->32039K(33792K)
[2026-10-07T18:34:22.582+0000][398.075s][info][gc,metaspace   ] GC(79) Metaspace: 74419K(75200K)->74419K(75200K) NonClass: 65041K(65472K)->65041K(65472K) Class: 9377K(9728K)->9377K(9728K)
[2026-10-07T18:34:22.582+0000][398.075s][info][gc             ] GC(79) Pause Young (Allocation Failure) 42M->31M(44M) 4.518ms
[2026-10-07T18:34:22.582+0000][398.075s][info][gc,cpu         ] GC(79) User=0.00s Sys=0.00s Real=0.00s
[2026-10-07T18:34:24.640+0000][400.133s][info][gc,start       ] GC(80) Pause Young (Allocation Failure)
[2026-10-07T18:34:24.645+0000][400.138s][info][gc,heap        ] GC(80) PSYoungGen: 11616K(11776K)->320K(12288K) Eden: 11264K(11264K)->0K(11264K) From: 352K(512K)->320K(1024K)
[2026-10-07T18:34:24.645+0000][400.138s][info][gc,heap        ] GC(80) ParOldGen: 32039K(33792K)->32111K(33792K)
[2026-10-07T18:34:24.645+0000][400.138s][info][gc,metaspace   ] GC(80) Metaspace: 74419K(75200K)->74419K(75200K) NonClass: 65041K(65472K)->65041K(65472K) Class: 9377K(9728K)->9377K(9728K)
[2026-10-07T18:34:24.645+0000][400.138s][info][gc             ] GC(80) Pause Young (Allocation Failure) 42M->31M(45M) 4.880ms
[2026-10-07T18:34:24.645+0000][400.138s][info][gc,cpu         ] GC(80) User=0.01s Sys=0.00s Real=0.01s
[2026-10-07T18:34:26.991+0000][402.484s][info][gc,start       ] GC(81) Pause Young (Allocation Failure)
[2026-10-07T18:34:26.996+0000][402.489s][info][gc,heap        ] GC(81) PSYoungGen: 11584K(12288K)->337K(11776K) Eden: 11264K(11264K)->0K(11264K) From: 320K(1024K)->337K(512K)
[2026-10-07T18:34:26.996+0000][402.489s][info][gc,heap        ] GC(81) ParOldGen: 32111K(33792K)->32159K(33792K)
[2026-10-07T18:34:26.996+0000][402.489s][info][gc,metaspace   ] GC(81) Metaspace: 74426K(75200K)->74426K(75200K) NonClass: 65048K(65472K)->65048K(65472K) Class: 9377K(9728K)->9377K(9728K)
[2026-10-07T18:34:26.996+0000][402.489s][info][gc             ] GC(81) Pause Young (Allocation Failure) 42M->31M(44M) 5.040ms
[2026-10-07T18:34:26.996+0000][402.489s][info][gc,cpu         ] GC(81) User=0.00s Sys=0.01s Real=0.01s
[2026-10-07T18:34:28.951+0000][404.444s][info][gc,start       ] GC(82) Pause Young (Allocation Failure)
[2026-10-07T18:34:28.956+0000][404.449s][info][gc,heap        ] GC(82) PSYoungGen: 11601K(11776K)->352K(12288K) Eden: 11264K(11264K)->0K(11264K) From: 337K(512K)->352K(1024K)
[2026-10-07T18:34:28.956+0000][404.449s][info][gc,heap        ] GC(82) ParOldGen: 32159K(33792K)->32293K(33792K)
[2026-10-07T18:34:28.956+0000][404.449s][info][gc,metaspace   ] GC(82) Metaspace: 74427K(75200K)->74427K(75200K) NonClass: 65049K(65472K)->65049K(65472K) Class: 9377K(9728K)->9377K(9728K)
[2026-10-07T18:34:28.956+0000][404.449s][info][gc             ] GC(82) Pause Young (Allocation Failure) 42M->31M(45M) 5.802ms
[2026-10-07T18:34:28.956+0000][404.449s][info][gc,cpu         ] GC(82) User=0.00s Sys=0.00s Real=0.01s
[2026-10-07T18:34:30.954+0000][406.447s][info][gc,start       ] GC(83) Pause Young (Allocation Failure)
[2026-10-07T18:34:30.959+0000][406.452s][info][gc,heap        ] GC(83) PSYoungGen: 11614K(12288K)->371K(11776K) Eden: 11262K(11264K)->0K(11264K) From: 352K(1024K)->371K(512K)
[2026-10-07T18:34:30.959+0000][406.452s][info][gc,heap        ] GC(83) ParOldGen: 32293K(33792K)->32341K(33792K)
[2026-10-07T18:34:30.959+0000][406.452s][info][gc,metaspace   ] GC(83) Metaspace: 74427K(75200K)->74427K(75200K) NonClass: 65049K(65472K)->65049K(65472K) Class: 9377K(9728K)->9377K(9728K)
[2026-10-07T18:34:30.959+0000][406.452s][info][gc             ] GC(83) Pause Young (Allocation Failure) 42M->31M(44M) 4.860ms
[2026-10-07T18:34:30.959+0000][406.452s][info][gc,cpu         ] GC(83) User=0.01s Sys=0.00s Real=0.00s
[2026-10-07T18:34:32.933+0000][408.426s][info][gc,start       ] GC(84) Pause Young (Allocation Failure)
[2026-10-07T18:34:32.938+0000][408.431s][info][gc,heap        ] GC(84) PSYoungGen: 11635K(11776K)->352K(12288K) Eden: 11264K(11264K)->0K(11264K) From: 371K(512K)->352K(1024K)
[2026-10-07T18:34:32.938+0000][408.431s][info][gc,heap        ] GC(84) ParOldGen: 32341K(33792K)->32456K(33792K)
[2026-10-07T18:34:32.938+0000][408.431s][info][gc,metaspace   ] GC(84) Metaspace: 74427K(75200K)->74427K(75200K) NonClass: 65049K(65472K)->65049K(65472K) Class: 9377K(9728K)->9377K(9728K)
[2026-10-07T18:34:32.938+0000][408.431s][info][gc             ] GC(84) Pause Young (Allocation Failure) 42M->32M(45M) 5.096ms
[2026-10-07T18:34:32.938+0000][408.431s][info][gc,cpu         ] GC(84) User=0.00s Sys=0.00s Real=0.01s
[2026-10-07T18:34:34.832+0000][410.325s][info][gc,start       ] GC(85) Pause Young (Allocation Failure)
[2026-10-07T18:34:34.841+0000][410.334s][info][gc,heap        ] GC(85) PSYoungGen: 11616K(12288K)->389K(11776K) Eden: 11264K(11264K)->0K(11264K) From: 352K(1024K)->389K(512K)
[2026-10-07T18:34:34.841+0000][410.334s][info][gc,heap        ] GC(85) ParOldGen: 32456K(33792K)->32488K(33792K)
[2026-10-07T18:34:34.841+0000][410.334s][info][gc,metaspace   ] GC(85) Metaspace: 74438K(75200K)->74438K(75200K) NonClass: 65060K(65472K)->65060K(65472K) Class: 9377K(9728K)->9377K(9728K)
[2026-10-07T18:34:34.841+0000][410.334s][info][gc             ] GC(85) Pause Young (Allocation Failure) 43M->32M(44M) 9.329ms
[2026-10-07T18:34:34.841+0000][410.334s][info][gc,cpu         ] GC(85) User=0.00s Sys=0.00s Real=0.01s
[2026-10-07T18:34:36.993+0000][412.486s][info][gc,start       ] GC(86) Pause Young (Allocation Failure)
[2026-10-07T18:34:36.998+0000][412.491s][info][gc,heap        ] GC(86) PSYoungGen: 11653K(11776K)->320K(12288K) Eden: 11264K(11264K)->0K(11264K) From: 389K(512K)->320K(1024K)
[2026-10-07T18:34:36.998+0000][412.491s][info][gc,heap        ] GC(86) ParOldGen: 32488K(33792K)->32681K(33792K)
[2026-10-07T18:34:36.998+0000][412.491s][info][gc,metaspace   ] GC(86) Metaspace: 74442K(75200K)->74442K(75200K) NonClass: 65064K(65472K)->65064K(65472K) Class: 9377K(9728K)->9377K(9728K)
[2026-10-07T18:34:36.998+0000][412.491s][info][gc             ] GC(86) Pause Young (Allocation Failure) 43M->32M(45M) 5.420ms
[2026-10-07T18:34:36.998+0000][412.491s][info][gc,cpu         ] GC(86) User=0.00s Sys=0.00s Real=0.01s
[2026-10-07T18:34:39.000+0000][414.493s][info][gc,start       ] GC(87) Pause Young (Allocation Failure)
[2026-10-07T18:34:39.003+0000][414.496s][info][gc,heap        ] GC(87) PSYoungGen: 11584K(12288K)->320K(11776K) Eden: 11264K(11264K)->0K(11264K) From: 320K(1024K)->320K(512K)
[2026-10-07T18:34:39.003+0000][414.496s][info][gc,heap        ] GC(87) ParOldGen: 32681K(33792K)->32761K(33792K)
[2026-10-07T18:34:39.003+0000][414.496s][info][gc,metaspace   ] GC(87) Metaspace: 74442K(75200K)->74442K(75200K) NonClass: 65064K(65472K)->65064K(65472K) Class: 9377K(9728K)->9377K(9728K)
[2026-10-07T18:34:39.003+0000][414.496s][info][gc             ] GC(87) Pause Young (Allocation Failure) 43M->32M(44M) 2.919ms
[2026-10-07T18:34:39.003+0000][414.496s][info][gc,cpu         ] GC(87) User=0.00s Sys=0.00s Real=0.00s
[2026-10-07T18:34:41.053+0000][416.546s][info][gc,start       ] GC(88) Pause Young (Allocation Failure)
[2026-10-07T18:34:41.057+0000][416.550s][info][gc,heap        ] GC(88) PSYoungGen: 11584K(11776K)->388K(12288K) Eden: 11264K(11264K)->0K(11264K) From: 320K(512K)->388K(1024K)
[2026-10-07T18:34:41.057+0000][416.550s][info][gc,heap        ] GC(88) ParOldGen: 32761K(33792K)->32825K(33792K)
[2026-10-07T18:34:41.057+0000][416.550s][info][gc,metaspace   ] GC(88) Metaspace: 74450K(75264K)->74450K(75264K) NonClass: 65072K(65536K)->65072K(65536K) Class: 9377K(9728K)->9377K(9728K)
[2026-10-07T18:34:41.057+0000][416.550s][info][gc             ] GC(88) Pause Young (Allocation Failure) 43M->32M(45M) 4.624ms
[2026-10-07T18:34:41.057+0000][416.550s][info][gc,cpu         ] GC(88) User=0.00s Sys=0.00s Real=0.01s
[2026-10-07T18:34:43.090+0000][418.583s][info][gc,start       ] GC(89) Pause Young (Allocation Failure)
[2026-10-07T18:34:43.095+0000][418.588s][info][gc,heap        ] GC(89) PSYoungGen: 11652K(12288K)->320K(11776K) Eden: 11264K(11264K)->0K(11264K) From: 388K(1024K)->320K(512K)
[2026-10-07T18:34:43.095+0000][418.588s][info][gc,heap        ] GC(89) ParOldGen: 32825K(33792K)->32965K(33792K)
[2026-10-07T18:34:43.095+0000][418.588s][info][gc,metaspace   ] GC(89) Metaspace: 74450K(75264K)->74450K(75264K) NonClass: 65072K(65536K)->65072K(65536K) Class: 9377K(9728K)->9377K(9728K)
[2026-10-07T18:34:43.095+0000][418.588s][info][gc             ] GC(89) Pause Young (Allocation Failure) 43M->32M(44M) 5.091ms
[2026-10-07T18:34:43.095+0000][418.588s][info][gc,cpu         ] GC(89) User=0.01s Sys=0.00s Real=0.01s
[2026-10-07T18:34:45.073+0000][420.566s][info][gc,start       ] GC(90) Pause Young (Allocation Failure)
[2026-10-07T18:34:45.077+0000][420.571s][info][gc,heap        ] GC(90) PSYoungGen: 11584K(11776K)->377K(12288K) Eden: 11264K(11264K)->0K(11264K) From: 320K(512K)->377K(1024K)
[2026-10-07T18:34:45.078+0000][420.571s][info][gc,heap        ] GC(90) ParOldGen: 32965K(33792K)->32997K(33792K)
[2026-10-07T18:34:45.078+0000][420.571s][info][gc,metaspace   ] GC(90) Metaspace: 74457K(75264K)->74457K(75264K) NonClass: 65080K(65536K)->65080K(65536K) Class: 9377K(9728K)->9377K(9728K)
[2026-10-07T18:34:45.078+0000][420.571s][info][gc             ] GC(90) Pause Young (Allocation Failure) 43M->32M(45M) 4.835ms
[2026-10-07T18:34:45.078+0000][420.571s][info][gc,cpu         ] GC(90) User=0.01s Sys=0.00s Real=0.01s
[2026-10-07T18:34:47.261+0000][422.754s][info][gc,start       ] GC(91) Pause Young (Allocation Failure)
[2026-10-07T18:34:47.266+0000][422.759s][info][gc,heap        ] GC(91) PSYoungGen: 11641K(12288K)->384K(11776K) Eden: 11264K(11264K)->0K(11264K) From: 377K(1024K)->384K(512K)
[2026-10-07T18:34:47.266+0000][422.759s][info][gc,heap        ] GC(91) ParOldGen: 32997K(33792K)->33103K(33792K)
[2026-10-07T18:34:47.266+0000][422.759s][info][gc,metaspace   ] GC(91) Metaspace: 74462K(75264K)->74462K(75264K) NonClass: 65084K(65536K)->65084K(65536K) Class: 9377K(9728K)->9377K(9728K)
[2026-10-07T18:34:47.266+0000][422.759s][info][gc             ] GC(91) Pause Young (Allocation Failure) 43M->32M(44M) 5.067ms
[2026-10-07T18:34:47.266+0000][422.759s][info][gc,cpu         ] GC(91) User=0.00s Sys=0.00s Real=0.01s
[2026-10-07T18:34:49.141+0000][424.634s][info][gc,start       ] GC(92) Pause Young (Allocation Failure)
[2026-10-07T18:34:49.143+0000][424.636s][info][gc,heap        ] GC(92) PSYoungGen: 11648K(11776K)->365K(12288K) Eden: 11264K(11264K)->0K(11264K) From: 384K(512K)->365K(1024K)
[2026-10-07T18:34:49.143+0000][424.637s][info][gc,heap        ] GC(92) ParOldGen: 33103K(33792K)->33227K(33792K)
[2026-10-07T18:34:49.143+0000][424.637s][info][gc,metaspace   ] GC(92) Metaspace: 74464K(75264K)->74464K(75264K) NonClass: 65087K(65536K)->65087K(65536K) Class: 9377K(9728K)->9377K(9728K)
[2026-10-07T18:34:49.144+0000][424.637s][info][gc             ] GC(92) Pause Young (Allocation Failure) 43M->32M(45M) 3.033ms
[2026-10-07T18:34:49.144+0000][424.637s][info][gc,cpu         ] GC(92) User=0.00s Sys=0.01s Real=0.01s
[2026-10-07T18:34:51.150+0000][426.643s][info][gc,start       ] GC(93) Pause Young (Allocation Failure)
[2026-10-07T18:34:51.154+0000][426.647s][info][gc,heap        ] GC(93) PSYoungGen: 11629K(12288K)->397K(11776K) Eden: 11264K(11264K)->0K(11264K) From: 365K(1024K)->397K(512K)
[2026-10-07T18:34:51.154+0000][426.647s][info][gc,heap        ] GC(93) ParOldGen: 33227K(33792K)->33313K(33792K)
[2026-10-07T18:34:51.154+0000][426.647s][info][gc,metaspace   ] GC(93) Metaspace: 74469K(75264K)->74469K(75264K) NonClass: 65091K(65536K)->65091K(65536K) Class: 9377K(9728K)->9377K(9728K)
[2026-10-07T18:34:51.154+0000][426.647s][info][gc             ] GC(93) Pause Young (Allocation Failure) 43M->32M(44M) 4.391ms
[2026-10-07T18:34:51.154+0000][426.647s][info][gc,cpu         ] GC(93) User=0.00s Sys=0.00s Real=0.01s
[2026-10-07T18:34:53.284+0000][428.777s][info][gc,start       ] GC(94) Pause Young (Allocation Failure)
[2026-10-07T18:34:53.289+0000][428.782s][info][gc,heap        ] GC(94) PSYoungGen: 11661K(11776K)->352K(12288K) Eden: 11264K(11264K)->0K(11264K) From: 397K(512K)->352K(1024K)
[2026-10-07T18:34:53.289+0000][428.782s][info][gc,heap        ] GC(94) ParOldGen: 33313K(33792K)->33446K(33792K)
[2026-10-07T18:34:53.289+0000][428.782s][info][gc,metaspace   ] GC(94) Metaspace: 74469K(75264K)->74469K(75264K) NonClass: 65091K(65536K)->65091K(65536K) Class: 9377K(9728K)->9377K(9728K)
[2026-10-07T18:34:53.289+0000][428.782s][info][gc             ] GC(94) Pause Young (Allocation Failure) 43M->33M(45M) 4.967ms
[2026-10-07T18:34:53.289+0000][428.782s][info][gc,cpu         ] GC(94) User=0.00s Sys=0.00s Real=0.00s
[2026-10-07T18:34:55.328+0000][430.821s][info][gc,start       ] GC(95) Pause Young (Allocation Failure)
[2026-10-07T18:34:55.330+0000][430.823s][info][gc,heap        ] GC(95) PSYoungGen: 11616K(12288K)->338K(11776K) Eden: 11264K(11264K)->0K(11264K) From: 352K(1024K)->338K(512K)
[2026-10-07T18:34:55.330+0000][430.823s][info][gc,heap        ] GC(95) ParOldGen: 33446K(33792K)->33502K(33792K)
[2026-10-07T18:34:55.330+0000][430.823s][info][gc,metaspace   ] GC(95) Metaspace: 74471K(75264K)->74471K(75264K) NonClass: 65093K(65536K)->65093K(65536K) Class: 9377K(9728K)->9377K(9728K)
[2026-10-07T18:34:55.330+0000][430.823s][info][gc             ] GC(95) Pause Young (Allocation Failure) 44M->33M(44M) 2.732ms
[2026-10-07T18:34:55.330+0000][430.823s][info][gc,cpu         ] GC(95) User=0.00s Sys=0.00s Real=0.00s
[2026-10-07T18:34:57.533+0000][433.026s][info][gc,start       ] GC(96) Pause Young (Allocation Failure)
[2026-10-07T18:34:57.541+0000][433.034s][info][gc,heap        ] GC(96) PSYoungGen: 11602K(11776K)->352K(11776K) Eden: 11264K(11264K)->0K(11264K) From: 338K(512K)->352K(512K)
[2026-10-07T18:34:57.541+0000][433.034s][info][gc,heap        ] GC(96) ParOldGen: 33502K(33792K)->33640K(33792K)
[2026-10-07T18:34:57.541+0000][433.034s][info][gc,metaspace   ] GC(96) Metaspace: 74472K(75264K)->74472K(75264K) NonClass: 65095K(65536K)->65095K(65536K) Class: 9377K(9728K)->9377K(9728K)
[2026-10-07T18:34:57.541+0000][433.035s][info][gc             ] GC(96) Pause Young (Allocation Failure) 44M->33M(44M) 8.902ms
[2026-10-07T18:34:57.542+0000][433.035s][info][gc,cpu         ] GC(96) User=0.00s Sys=0.00s Real=0.01s
[2026-10-07T18:34:59.754+0000][435.247s][info][gc,start       ] GC(97) Pause Young (Allocation Failure)
[2026-10-07T18:34:59.758+0000][435.252s][info][gc,heap        ] GC(97) PSYoungGen: 11616K(11776K)->349K(11776K) Eden: 11264K(11264K)->0K(11264K) From: 352K(512K)->349K(512K)
[2026-10-07T18:34:59.759+0000][435.252s][info][gc,heap        ] GC(97) ParOldGen: 33640K(33792K)->33712K(33792K)
[2026-10-07T18:34:59.759+0000][435.252s][info][gc,metaspace   ] GC(97) Metaspace: 74496K(75264K)->74496K(75264K) NonClass: 65119K(65536K)->65119K(65536K) Class: 9377K(9728K)->9377K(9728K)
[2026-10-07T18:34:59.759+0000][435.252s][info][gc             ] GC(97) Pause Young (Allocation Failure) 44M->33M(44M) 4.350ms
[2026-10-07T18:34:59.759+0000][435.252s][info][gc,cpu         ] GC(97) User=0.01s Sys=0.00s Real=0.00s
[2026-10-07T18:35:01.825+0000][437.318s][info][gc,start       ] GC(98) Pause Young (Allocation Failure)
[2026-10-07T18:35:01.831+0000][437.324s][info][gc,heap        ] GC(98) PSYoungGen: 11613K(11776K)->352K(11776K) Eden: 11264K(11264K)->0K(11264K) From: 349K(512K)->352K(512K)
[2026-10-07T18:35:01.831+0000][437.324s][info][gc,heap        ] GC(98) ParOldGen: 33712K(33792K)->33814K(34304K)
[2026-10-07T18:35:01.831+0000][437.324s][info][gc,metaspace   ] GC(98) Metaspace: 74498K(75264K)->74498K(75264K) NonClass: 65121K(65536K)->65121K(65536K) Class: 9377K(9728K)->9377K(9728K)
[2026-10-07T18:35:01.831+0000][437.324s][info][gc             ] GC(98) Pause Young (Allocation Failure) 44M->33M(45M) 6.200ms
[2026-10-07T18:35:01.831+0000][437.324s][info][gc,cpu         ] GC(98) User=0.00s Sys=0.00s Real=0.00s
[2026-10-07T18:35:03.809+0000][439.302s][info][gc,start       ] GC(99) Pause Young (Allocation Failure)
[2026-10-07T18:35:03.816+0000][439.309s][info][gc,heap        ] GC(99) PSYoungGen: 11616K(11776K)->366K(11776K) Eden: 11264K(11264K)->0K(11264K) From: 352K(512K)->366K(512K)
[2026-10-07T18:35:03.816+0000][439.309s][info][gc,heap        ] GC(99) ParOldGen: 33814K(34304K)->33926K(34304K)
[2026-10-07T18:35:03.816+0000][439.309s][info][gc,metaspace   ] GC(99) Metaspace: 74508K(75264K)->74508K(75264K) NonClass: 65131K(65536K)->65131K(65536K) Class: 9377K(9728K)->9377K(9728K)
[2026-10-07T18:35:03.816+0000][439.309s][info][gc             ] GC(99) Pause Young (Allocation Failure) 44M->33M(45M) 7.370ms
[2026-10-07T18:35:03.816+0000][439.309s][info][gc,cpu         ] GC(99) User=0.00s Sys=0.00s Real=0.01s
[2026-10-07T18:35:05.942+0000][441.435s][info][gc,start       ] GC(100) Pause Young (Allocation Failure)
[2026-10-07T18:35:05.950+0000][441.443s][info][gc,heap        ] GC(100) PSYoungGen: 11630K(11776K)->374K(11776K) Eden: 11264K(11264K)->0K(11264K) From: 366K(512K)->374K(512K)
[2026-10-07T18:35:05.950+0000][441.443s][info][gc,heap        ] GC(100) ParOldGen: 33926K(34304K)->34021K(34304K)
[2026-10-07T18:35:05.950+0000][441.443s][info][gc,metaspace   ] GC(100) Metaspace: 74514K(75264K)->74514K(75264K) NonClass: 65136K(65536K)->65136K(65536K) Class: 9377K(9728K)->9377K(9728K)
[2026-10-07T18:35:05.950+0000][441.443s][info][gc             ] GC(100) Pause Young (Allocation Failure) 44M->33M(45M) 7.509ms
[2026-10-07T18:35:05.950+0000][441.443s][info][gc,cpu         ] GC(100) User=0.01s Sys=0.00s Real=0.01s
[2026-10-07T18:35:08.089+0000][443.582s][info][gc,start       ] GC(101) Pause Young (Allocation Failure)
[2026-10-07T18:35:08.097+0000][443.590s][info][gc,heap        ] GC(101) PSYoungGen: 11638K(11776K)->352K(11776K) Eden: 11264K(11264K)->0K(11264K) From: 374K(512K)->352K(512K)
[2026-10-07T18:35:08.097+0000][443.590s][info][gc,heap        ] GC(101) ParOldGen: 34021K(34304K)->34184K(34304K)
[2026-10-07T18:35:08.097+0000][443.590s][info][gc,metaspace   ] GC(101) Metaspace: 74514K(75264K)->74514K(75264K) NonClass: 65136K(65536K)->65136K(65536K) Class: 9377K(9728K)->9377K(9728K)
[2026-10-07T18:35:08.097+0000][443.590s][info][gc             ] GC(101) Pause Young (Allocation Failure) 44M->33M(45M) 7.764ms
[2026-10-07T18:35:08.098+0000][443.591s][info][gc,cpu         ] GC(101) User=0.01s Sys=0.00s Real=0.01s
[2026-10-07T18:35:10.333+0000][445.826s][info][gc,start       ] GC(102) Pause Young (Allocation Failure)
[2026-10-07T18:35:10.338+0000][445.831s][info][gc,heap        ] GC(102) PSYoungGen: 11616K(11776K)->307K(11776K) Eden: 11264K(11264K)->0K(11264K) From: 352K(512K)->307K(512K)
[2026-10-07T18:35:10.338+0000][445.831s][info][gc,heap        ] GC(102) ParOldGen: 34184K(34304K)->34248K(34304K)
[2026-10-07T18:35:10.338+0000][445.831s][info][gc,metaspace   ] GC(102) Metaspace: 74515K(75264K)->74515K(75264K) NonClass: 65138K(65536K)->65138K(65536K) Class: 9377K(9728K)->9377K(9728K)
[2026-10-07T18:35:10.338+0000][445.831s][info][gc             ] GC(102) Pause Young (Allocation Failure) 44M->33M(45M) 4.890ms
[2026-10-07T18:35:10.338+0000][445.831s][info][gc,cpu         ] GC(102) User=0.01s Sys=0.00s Real=0.01s
[2026-10-07T18:35:12.607+0000][448.100s][info][gc,start       ] GC(103) Pause Young (Allocation Failure)
[2026-10-07T18:35:12.612+0000][448.105s][info][gc,heap        ] GC(103) PSYoungGen: 11571K(11776K)->352K(11776K) Eden: 11264K(11264K)->0K(11264K) From: 307K(512K)->352K(512K)
[2026-10-07T18:35:12.612+0000][448.105s][info][gc,heap        ] GC(103) ParOldGen: 34248K(34304K)->34375K(34816K)
[2026-10-07T18:35:12.612+0000][448.105s][info][gc,metaspace   ] GC(103) Metaspace: 74515K(75264K)->74515K(75264K) NonClass: 65138K(65536K)->65138K(65536K) Class: 9377K(9728K)->9377K(9728K)
[2026-10-07T18:35:12.612+0000][448.105s][info][gc             ] GC(103) Pause Young (Allocation Failure) 44M->33M(45M) 5.112ms
[2026-10-07T18:35:12.612+0000][448.105s][info][gc,cpu         ] GC(103) User=0.00s Sys=0.00s Real=0.00s
[2026-10-07T18:35:14.674+0000][450.167s][info][gc,start       ] GC(104) Pause Young (Allocation Failure)
[2026-10-07T18:35:14.680+0000][450.173s][info][gc,heap        ] GC(104) PSYoungGen: 11616K(11776K)->384K(11776K) Eden: 11264K(11264K)->0K(11264K) From: 352K(512K)->384K(512K)
[2026-10-07T18:35:14.680+0000][450.173s][info][gc,heap        ] GC(104) ParOldGen: 34375K(34816K)->34475K(34816K)
[2026-10-07T18:35:14.680+0000][450.173s][info][gc,metaspace   ] GC(104) Metaspace: 74519K(75264K)->74519K(75264K) NonClass: 65142K(65536K)->65142K(65536K) Class: 9377K(9728K)->9377K(9728K)
[2026-10-07T18:35:14.680+0000][450.173s][info][gc             ] GC(104) Pause Young (Allocation Failure) 44M->34M(45M) 5.528ms
[2026-10-07T18:35:14.680+0000][450.173s][info][gc,cpu         ] GC(104) User=0.01s Sys=0.00s Real=0.00s
[2026-10-07T18:35:16.561+0000][452.054s][info][gc,start       ] GC(105) Pause Young (Allocation Failure)
[2026-10-07T18:35:16.567+0000][452.060s][info][gc,heap        ] GC(105) PSYoungGen: 11647K(11776K)->382K(11776K) Eden: 11263K(11264K)->0K(11264K) From: 384K(512K)->382K(512K)
[2026-10-07T18:35:16.567+0000][452.060s][info][gc,heap        ] GC(105) ParOldGen: 34475K(34816K)->34551K(34816K)
[2026-10-07T18:35:16.567+0000][452.060s][info][gc,metaspace   ] GC(105) Metaspace: 74523K(75264K)->74523K(75264K) NonClass: 65145K(65536K)->65145K(65536K) Class: 9377K(9728K)->9377K(9728K)
[2026-10-07T18:35:16.567+0000][452.060s][info][gc             ] GC(105) Pause Young (Allocation Failure) 45M->34M(45M) 5.959ms
[2026-10-07T18:35:16.567+0000][452.060s][info][gc,cpu         ] GC(105) User=0.01s Sys=0.00s Real=0.01s
[2026-10-07T18:35:18.513+0000][454.006s][info][gc,start       ] GC(106) Pause Young (Allocation Failure)
[2026-10-07T18:35:18.518+0000][454.011s][info][gc,heap        ] GC(106) PSYoungGen: 11646K(11776K)->320K(11776K) Eden: 11264K(11264K)->0K(11264K) From: 382K(512K)->320K(512K)
[2026-10-07T18:35:18.518+0000][454.011s][info][gc,heap        ] GC(106) ParOldGen: 34551K(34816K)->34698K(34816K)
[2026-10-07T18:35:18.518+0000][454.011s][info][gc,metaspace   ] GC(106) Metaspace: 74523K(75264K)->74523K(75264K) NonClass: 65145K(65536K)->65145K(65536K) Class: 9377K(9728K)->9377K(9728K)
[2026-10-07T18:35:18.518+0000][454.011s][info][gc             ] GC(106) Pause Young (Allocation Failure) 45M->34M(45M) 5.155ms
[2026-10-07T18:35:18.518+0000][454.011s][info][gc,cpu         ] GC(106) User=0.01s Sys=0.00s Real=0.01s
[2026-10-07T18:35:20.355+0000][455.848s][info][gc,start       ] GC(107) Pause Young (Allocation Failure)
[2026-10-07T18:35:20.361+0000][455.854s][info][gc,heap        ] GC(107) PSYoungGen: 11584K(11776K)->379K(11776K) Eden: 11264K(11264K)->0K(11264K) From: 320K(512K)->379K(512K)
[2026-10-07T18:35:20.361+0000][455.854s][info][gc,heap        ] GC(107) ParOldGen: 34698K(34816K)->34766K(34816K)
[2026-10-07T18:35:20.361+0000][455.854s][info][gc,metaspace   ] GC(107) Metaspace: 74530K(75264K)->74530K(75264K) NonClass: 65153K(65536K)->65153K(65536K) Class: 9377K(9728K)->9377K(9728K)
[2026-10-07T18:35:20.361+0000][455.854s][info][gc             ] GC(107) Pause Young (Allocation Failure) 45M->34M(45M) 6.170ms
[2026-10-07T18:35:20.361+0000][455.855s][info][gc,cpu         ] GC(107) User=0.00s Sys=0.00s Real=0.00s
[2026-10-07T18:35:22.447+0000][457.940s][info][gc,start       ] GC(108) Pause Young (Allocation Failure)
[2026-10-07T18:35:22.452+0000][457.945s][info][gc,heap        ] GC(108) PSYoungGen: 11643K(11776K)->352K(11776K) Eden: 11264K(11264K)->0K(11264K) From: 379K(512K)->352K(512K)
[2026-10-07T18:35:22.452+0000][457.945s][info][gc,heap        ] GC(108) ParOldGen: 34766K(34816K)->34910K(35328K)
[2026-10-07T18:35:22.452+0000][457.945s][info][gc,metaspace   ] GC(108) Metaspace: 74530K(75264K)->74530K(75264K) NonClass: 65153K(65536K)->65153K(65536K) Class: 9377K(9728K)->9377K(9728K)
[2026-10-07T18:35:22.452+0000][457.945s][info][gc             ] GC(108) Pause Young (Allocation Failure) 45M->34M(46M) 5.050ms
[2026-10-07T18:35:22.452+0000][457.945s][info][gc,cpu         ] GC(108) User=0.01s Sys=0.00s Real=0.00s
[2026-10-07T18:35:24.366+0000][459.859s][info][gc,start       ] GC(109) Pause Young (Allocation Failure)
[2026-10-07T18:35:24.371+0000][459.864s][info][gc,heap        ] GC(109) PSYoungGen: 11616K(11776K)->384K(11776K) Eden: 11264K(11264K)->0K(11264K) From: 352K(512K)->384K(512K)
[2026-10-07T18:35:24.371+0000][459.864s][info][gc,heap        ] GC(109) ParOldGen: 34910K(35328K)->34982K(35328K)
[2026-10-07T18:35:24.371+0000][459.864s][info][gc,metaspace   ] GC(109) Metaspace: 74530K(75264K)->74530K(75264K) NonClass: 65153K(65536K)->65153K(65536K) Class: 9377K(9728K)->9377K(9728K)
[2026-10-07T18:35:24.372+0000][459.865s][info][gc             ] GC(109) Pause Young (Allocation Failure) 45M->34M(46M) 5.240ms
[2026-10-07T18:35:24.372+0000][459.865s][info][gc,cpu         ] GC(109) User=0.01s Sys=0.00s Real=0.00s
[2026-10-07T18:35:26.524+0000][462.017s][info][gc,start       ] GC(110) Pause Young (Allocation Failure)
[2026-10-07T18:35:26.530+0000][462.023s][info][gc,heap        ] GC(110) PSYoungGen: 11648K(11776K)->384K(11776K) Eden: 11264K(11264K)->0K(11264K) From: 384K(512K)->384K(512K)
[2026-10-07T18:35:26.530+0000][462.023s][info][gc,heap        ] GC(110) ParOldGen: 34982K(35328K)->35066K(35328K)
[2026-10-07T18:35:26.530+0000][462.023s][info][gc,metaspace   ] GC(110) Metaspace: 74536K(75264K)->74536K(75264K) NonClass: 65158K(65536K)->65158K(65536K) Class: 9377K(9728K)->9377K(9728K)
[2026-10-07T18:35:26.530+0000][462.023s][info][gc             ] GC(110) Pause Young (Allocation Failure) 45M->34M(46M) 5.963ms
[2026-10-07T18:35:26.530+0000][462.023s][info][gc,cpu         ] GC(110) User=0.00s Sys=0.01s Real=0.00s
[2026-10-07T18:35:28.880+0000][464.373s][info][gc,start       ] GC(111) Pause Young (Allocation Failure)
[2026-10-07T18:35:28.887+0000][464.380s][info][gc,heap        ] GC(111) PSYoungGen: 11648K(11776K)->320K(11776K) Eden: 11264K(11264K)->0K(11264K) From: 384K(512K)->320K(512K)
[2026-10-07T18:35:28.888+0000][464.381s][info][gc,heap        ] GC(111) ParOldGen: 35066K(35328K)->35226K(35328K)
[2026-10-07T18:35:28.888+0000][464.381s][info][gc,metaspace   ] GC(111) Metaspace: 74536K(75264K)->74536K(75264K) NonClass: 65158K(65536K)->65158K(65536K) Class: 9377K(9728K)->9377K(9728K)
[2026-10-07T18:35:28.888+0000][464.381s][info][gc             ] GC(111) Pause Young (Allocation Failure) 45M->34M(46M) 8.292ms
[2026-10-07T18:35:28.888+0000][464.381s][info][gc,cpu         ] GC(111) User=0.01s Sys=0.00s Real=0.01s
[2026-10-07T18:35:30.560+0000][466.053s][info][gc,start       ] GC(112) Pause Young (Allocation Failure)
[2026-10-07T18:35:30.568+0000][466.061s][info][gc,heap        ] GC(112) PSYoungGen: 11584K(11776K)->385K(11776K) Eden: 11264K(11264K)->0K(11264K) From: 320K(512K)->385K(512K)
[2026-10-07T18:35:30.568+0000][466.061s][info][gc,heap        ] GC(112) ParOldGen: 35226K(35328K)->35286K(35328K)
[2026-10-07T18:35:30.568+0000][466.061s][info][gc,metaspace   ] GC(112) Metaspace: 74541K(75264K)->74541K(75264K) NonClass: 65163K(65536K)->65163K(65536K) Class: 9377K(9728K)->9377K(9728K)
[2026-10-07T18:35:30.568+0000][466.061s][info][gc             ] GC(112) Pause Young (Allocation Failure) 45M->34M(46M) 7.563ms
[2026-10-07T18:35:30.568+0000][466.061s][info][gc,cpu         ] GC(112) User=0.00s Sys=0.00s Real=0.01s
[2026-10-07T18:35:32.498+0000][467.991s][info][gc,start       ] GC(113) Pause Young (Allocation Failure)
[2026-10-07T18:35:32.503+0000][467.996s][info][gc,heap        ] GC(113) PSYoungGen: 11649K(11776K)->384K(11776K) Eden: 11264K(11264K)->0K(11264K) From: 385K(512K)->384K(512K)
[2026-10-07T18:35:32.503+0000][467.997s][info][gc,heap        ] GC(113) ParOldGen: 35286K(35328K)->35408K(35840K)
[2026-10-07T18:35:32.503+0000][467.997s][info][gc,metaspace   ] GC(113) Metaspace: 74541K(75264K)->74541K(75264K) NonClass: 65163K(65536K)->65163K(65536K) Class: 9377K(9728K)->9377K(9728K)
[2026-10-07T18:35:32.504+0000][467.997s][info][gc             ] GC(113) Pause Young (Allocation Failure) 45M->34M(46M) 5.314ms
[2026-10-07T18:35:32.504+0000][467.997s][info][gc,cpu         ] GC(113) User=0.00s Sys=0.00s Real=0.01s
[2026-10-07T18:35:34.323+0000][469.816s][info][gc,start       ] GC(114) Pause Young (Allocation Failure)
[2026-10-07T18:35:34.329+0000][469.822s][info][gc,heap        ] GC(114) PSYoungGen: 11648K(11776K)->398K(11776K) Eden: 11264K(11264K)->0K(11264K) From: 384K(512K)->398K(512K)
[2026-10-07T18:35:34.329+0000][469.822s][info][gc,heap        ] GC(114) ParOldGen: 35408K(35840K)->35516K(35840K)
[2026-10-07T18:35:34.329+0000][469.822s][info][gc,metaspace   ] GC(114) Metaspace: 74543K(75264K)->74543K(75264K) NonClass: 65165K(65536K)->65165K(65536K) Class: 9377K(9728K)->9377K(9728K)
[2026-10-07T18:35:34.329+0000][469.822s][info][gc             ] GC(114) Pause Young (Allocation Failure) 45M->35M(46M) 5.569ms
[2026-10-07T18:35:34.329+0000][469.822s][info][gc,cpu         ] GC(114) User=0.01s Sys=0.00s Real=0.01s
[2026-10-07T18:35:36.175+0000][471.668s][info][gc,start       ] GC(115) Pause Young (Allocation Failure)
[2026-10-07T18:35:36.180+0000][471.673s][info][gc,heap        ] GC(115) PSYoungGen: 11662K(11776K)->397K(11776K) Eden: 11264K(11264K)->0K(11264K) From: 398K(512K)->397K(512K)
[2026-10-07T18:35:36.180+0000][471.673s][info][gc,heap        ] GC(115) ParOldGen: 35516K(35840K)->35682K(35840K)
[2026-10-07T18:35:36.180+0000][471.673s][info][gc,metaspace   ] GC(115) Metaspace: 74546K(75264K)->74546K(75264K) NonClass: 65168K(65536K)->65168K(65536K) Class: 9377K(9728K)->9377K(9728K)
[2026-10-07T18:35:36.180+0000][471.673s][info][gc             ] GC(115) Pause Young (Allocation Failure) 46M->35M(46M) 4.612ms
[2026-10-07T18:35:36.180+0000][471.673s][info][gc,cpu         ] GC(115) User=0.00s Sys=0.00s Real=0.00s
[2026-10-07T18:35:38.406+0000][473.899s][info][gc,start       ] GC(116) Pause Young (Allocation Failure)
[2026-10-07T18:35:38.410+0000][473.903s][info][gc,heap        ] GC(116) PSYoungGen: 11661K(11776K)->320K(11776K) Eden: 11264K(11264K)->0K(11264K) From: 397K(512K)->320K(512K)
[2026-10-07T18:35:38.410+0000][473.903s][info][gc,heap        ] GC(116) ParOldGen: 35682K(35840K)->35836K(35840K)
[2026-10-07T18:35:38.410+0000][473.903s][info][gc,metaspace   ] GC(116) Metaspace: 74552K(75328K)->74552K(75328K) NonClass: 65174K(65600K)->65174K(65600K) Class: 9377K(9728K)->9377K(9728K)
[2026-10-07T18:35:38.410+0000][473.903s][info][gc             ] GC(116) Pause Young (Allocation Failure) 46M->35M(46M) 3.595ms
[2026-10-07T18:35:38.410+0000][473.903s][info][gc,cpu         ] GC(116) User=0.00s Sys=0.00s Real=0.00s
[2026-10-07T18:35:40.436+0000][475.929s][info][gc,start       ] GC(117) Pause Young (Allocation Failure)
[2026-10-07T18:35:40.442+0000][475.935s][info][gc,heap        ] GC(117) PSYoungGen: 11584K(11776K)->386K(11776K) Eden: 11264K(11264K)->0K(11264K) From: 320K(512K)->386K(512K)
[2026-10-07T18:35:40.442+0000][475.935s][info][gc,heap        ] GC(117) ParOldGen: 35836K(35840K)->35908K(36352K)
[2026-10-07T18:35:40.442+0000][475.935s][info][gc,metaspace   ] GC(117) Metaspace: 74553K(75328K)->74553K(75328K) NonClass: 65175K(65600K)->65175K(65600K) Class: 9377K(9728K)->9377K(9728K)
[2026-10-07T18:35:40.442+0000][475.935s][info][gc             ] GC(117) Pause Young (Allocation Failure) 46M->35M(47M) 6.464ms
[2026-10-07T18:35:40.442+0000][475.935s][info][gc,cpu         ] GC(117) User=0.01s Sys=0.00s Real=0.00s
[2026-10-07T18:35:42.559+0000][478.052s][info][gc,start       ] GC(118) Pause Young (Allocation Failure)
[2026-10-07T18:35:42.564+0000][478.057s][info][gc,heap        ] GC(118) PSYoungGen: 11650K(11776K)->352K(11776K) Eden: 11264K(11264K)->0K(11264K) From: 386K(512K)->352K(512K)
[2026-10-07T18:35:42.564+0000][478.057s][info][gc,heap        ] GC(118) ParOldGen: 35908K(36352K)->36026K(36352K)
[2026-10-07T18:35:42.564+0000][478.057s][info][gc,metaspace   ] GC(118) Metaspace: 74554K(75328K)->74554K(75328K) NonClass: 65177K(65600K)->65177K(65600K) Class: 9377K(9728K)->9377K(9728K)
[2026-10-07T18:35:42.564+0000][478.057s][info][gc             ] GC(118) Pause Young (Allocation Failure) 46M->35M(47M) 4.742ms
[2026-10-07T18:35:42.564+0000][478.057s][info][gc,cpu         ] GC(118) User=0.00s Sys=0.00s Real=0.01s
[2026-10-07T18:35:44.816+0000][480.309s][info][gc,start       ] GC(119) Pause Young (Allocation Failure)
[2026-10-07T18:35:44.821+0000][480.314s][info][gc,heap        ] GC(119) PSYoungGen: 11616K(11776K)->320K(11776K) Eden: 11264K(11264K)->0K(11264K) From: 352K(512K)->320K(512K)
[2026-10-07T18:35:44.821+0000][480.314s][info][gc,heap        ] GC(119) ParOldGen: 36026K(36352K)->36146K(36352K)
[2026-10-07T18:35:44.821+0000][480.314s][info][gc,metaspace   ] GC(119) Metaspace: 74561K(75328K)->74561K(75328K) NonClass: 65184K(65600K)->65184K(65600K) Class: 9377K(9728K)->9377K(9728K)
[2026-10-07T18:35:44.821+0000][480.314s][info][gc             ] GC(119) Pause Young (Allocation Failure) 46M->35M(47M) 5.263ms
[2026-10-07T18:35:44.821+0000][480.314s][info][gc,cpu         ] GC(119) User=0.00s Sys=0.00s Real=0.00s
[2026-10-07T18:35:46.777+0000][482.270s][info][gc,start       ] GC(120) Pause Young (Allocation Failure)
[2026-10-07T18:35:46.782+0000][482.275s][info][gc,heap        ] GC(120) PSYoungGen: 11584K(11776K)->405K(11776K) Eden: 11264K(11264K)->0K(11264K) From: 320K(512K)->405K(512K)
[2026-10-07T18:35:46.782+0000][482.275s][info][gc,heap        ] GC(120) ParOldGen: 36146K(36352K)->36230K(36352K)
[2026-10-07T18:35:46.782+0000][482.275s][info][gc,metaspace   ] GC(120) Metaspace: 74564K(75328K)->74564K(75328K) NonClass: 65187K(65600K)->65187K(65600K) Class: 9377K(9728K)->9377K(9728K)
[2026-10-07T18:35:46.782+0000][482.275s][info][gc             ] GC(120) Pause Young (Allocation Failure) 46M->35M(47M) 4.980ms
[2026-10-07T18:35:46.783+0000][482.276s][info][gc,cpu         ] GC(120) User=0.01s Sys=0.00s Real=0.00s
[2026-10-07T18:35:48.576+0000][484.069s][info][gc,start       ] GC(121) Pause Young (Allocation Failure)
[2026-10-07T18:35:48.580+0000][484.073s][info][gc,heap        ] GC(121) PSYoungGen: 11669K(11776K)->384K(11776K) Eden: 11264K(11264K)->0K(11264K) From: 405K(512K)->384K(512K)
[2026-10-07T18:35:48.580+0000][484.073s][info][gc,heap        ] GC(121) ParOldGen: 36230K(36352K)->36388K(36864K)
[2026-10-07T18:35:48.581+0000][484.074s][info][gc,metaspace   ] GC(121) Metaspace: 74567K(75328K)->74567K(75328K) NonClass: 65189K(65600K)->65189K(65600K) Class: 9377K(9728K)->9377K(9728K)
[2026-10-07T18:35:48.581+0000][484.074s][info][gc             ] GC(121) Pause Young (Allocation Failure) 46M->35M(47M) 4.646ms
[2026-10-07T18:35:48.581+0000][484.074s][info][gc,cpu         ] GC(121) User=0.00s Sys=0.00s Real=0.00s
[2026-10-07T18:35:50.394+0000][485.887s][info][gc,start       ] GC(122) Pause Young (Allocation Failure)
[2026-10-07T18:35:50.399+0000][485.892s][info][gc,heap        ] GC(122) PSYoungGen: 11648K(11776K)->348K(11776K) Eden: 11264K(11264K)->0K(11264K) From: 384K(512K)->348K(512K)
[2026-10-07T18:35:50.399+0000][485.892s][info][gc,heap        ] GC(122) ParOldGen: 36388K(36864K)->36436K(36864K)
[2026-10-07T18:35:50.399+0000][485.892s][info][gc,metaspace   ] GC(122) Metaspace: 74578K(75328K)->74578K(75328K) NonClass: 65200K(65600K)->65200K(65600K) Class: 9377K(9728K)->9377K(9728K)
[2026-10-07T18:35:50.401+0000][485.894s][info][gc             ] GC(122) Pause Young (Allocation Failure) 46M->35M(47M) 6.664ms
[2026-10-07T18:35:50.401+0000][485.894s][info][gc,cpu         ] GC(122) User=0.01s Sys=0.00s Real=0.00s
[2026-10-07T18:35:52.528+0000][488.021s][info][gc,start       ] GC(123) Pause Young (Allocation Failure)
[2026-10-07T18:35:52.532+0000][488.025s][info][gc,heap        ] GC(123) PSYoungGen: 11612K(11776K)->384K(11776K) Eden: 11264K(11264K)->0K(11264K) From: 348K(512K)->384K(512K)
[2026-10-07T18:35:52.532+0000][488.025s][info][gc,heap        ] GC(123) ParOldGen: 36436K(36864K)->36561K(36864K)
[2026-10-07T18:35:52.532+0000][488.025s][info][gc,metaspace   ] GC(123) Metaspace: 74578K(75328K)->74578K(75328K) NonClass: 65200K(65600K)->65200K(65600K) Class: 9377K(9728K)->9377K(9728K)
[2026-10-07T18:35:52.533+0000][488.026s][info][gc             ] GC(123) Pause Young (Allocation Failure) 46M->36M(47M) 4.737ms
[2026-10-07T18:35:52.533+0000][488.026s][info][gc,cpu         ] GC(123) User=0.00s Sys=0.00s Real=0.00s
[2026-10-07T18:35:54.613+0000][490.106s][info][gc,start       ] GC(124) Pause Young (Allocation Failure)
[2026-10-07T18:35:54.617+0000][490.110s][info][gc,heap        ] GC(124) PSYoungGen: 11648K(11776K)->320K(11776K) Eden: 11264K(11264K)->0K(11264K) From: 384K(512K)->320K(512K)
[2026-10-07T18:35:54.617+0000][490.110s][info][gc,heap        ] GC(124) ParOldGen: 36561K(36864K)->36653K(36864K)
[2026-10-07T18:35:54.617+0000][490.110s][info][gc,metaspace   ] GC(124) Metaspace: 74578K(75328K)->74578K(75328K) NonClass: 65200K(65600K)->65200K(65600K) Class: 9377K(9728K)->9377K(9728K)
[2026-10-07T18:35:54.617+0000][490.110s][info][gc             ] GC(124) Pause Young (Allocation Failure) 47M->36M(47M) 3.735ms
[2026-10-07T18:35:54.617+0000][490.110s][info][gc,cpu         ] GC(124) User=0.01s Sys=0.00s Real=0.01s
[2026-10-07T18:35:56.567+0000][492.061s][info][gc,start       ] GC(125) Pause Young (Allocation Failure)
[2026-10-07T18:35:56.573+0000][492.066s][info][gc,heap        ] GC(125) PSYoungGen: 11584K(11776K)->408K(11776K) Eden: 11264K(11264K)->0K(11264K) From: 320K(512K)->408K(512K)
[2026-10-07T18:35:56.573+0000][492.066s][info][gc,heap        ] GC(125) ParOldGen: 36653K(36864K)->36705K(36864K)
[2026-10-07T18:35:56.573+0000][492.066s][info][gc,metaspace   ] GC(125) Metaspace: 74585K(75328K)->74585K(75328K) NonClass: 65207K(65600K)->65207K(65600K) Class: 9377K(9728K)->9377K(9728K)
[2026-10-07T18:35:56.573+0000][492.066s][info][gc             ] GC(125) Pause Young (Allocation Failure) 47M->36M(47M) 5.179ms
[2026-10-07T18:35:56.573+0000][492.066s][info][gc,cpu         ] GC(125) User=0.01s Sys=0.00s Real=0.00s
[2026-10-07T18:35:58.428+0000][493.921s][info][gc,start       ] GC(126) Pause Young (Allocation Failure)
[2026-10-07T18:35:58.433+0000][493.926s][info][gc,heap        ] GC(126) PSYoungGen: 11672K(11776K)->352K(11776K) Eden: 11264K(11264K)->0K(11264K) From: 408K(512K)->352K(512K)
[2026-10-07T18:35:58.433+0000][493.927s][info][gc,heap        ] GC(126) ParOldGen: 36705K(36864K)->36833K(36864K)
[2026-10-07T18:35:58.433+0000][493.927s][info][gc,metaspace   ] GC(126) Metaspace: 74585K(75328K)->74585K(75328K) NonClass: 65207K(65600K)->65207K(65600K) Class: 9377K(9728K)->9377K(9728K)
[2026-10-07T18:35:58.434+0000][493.927s][info][gc             ] GC(126) Pause Young (Allocation Failure) 47M->36M(47M) 5.935ms
[2026-10-07T18:35:58.434+0000][493.927s][info][gc,cpu         ] GC(126) User=0.00s Sys=0.00s Real=0.01s
[2026-10-07T18:36:00.549+0000][496.042s][info][gc,start       ] GC(127) Pause Young (Allocation Failure)
[2026-10-07T18:36:00.553+0000][496.047s][info][gc,heap        ] GC(127) PSYoungGen: 11616K(11776K)->377K(11776K) Eden: 11264K(11264K)->0K(11264K) From: 352K(512K)->377K(512K)
[2026-10-07T18:36:00.553+0000][496.047s][info][gc,heap        ] GC(127) ParOldGen: 36833K(36864K)->36881K(37376K)
[2026-10-07T18:36:00.553+0000][496.047s][info][gc,metaspace   ] GC(127) Metaspace: 74590K(75328K)->74590K(75328K) NonClass: 65212K(65600K)->65212K(65600K) Class: 9377K(9728K)->9377K(9728K)
[2026-10-07T18:36:00.554+0000][496.047s][info][gc             ] GC(127) Pause Young (Allocation Failure) 47M->36M(48M) 4.928ms
[2026-10-07T18:36:00.554+0000][496.047s][info][gc,cpu         ] GC(127) User=0.01s Sys=0.01s Real=0.01s
[2026-10-07T18:36:02.477+0000][497.970s][info][gc,start       ] GC(128) Pause Young (Allocation Failure)
[2026-10-07T18:36:02.482+0000][497.975s][info][gc,heap        ] GC(128) PSYoungGen: 11641K(11776K)->352K(11776K) Eden: 11264K(11264K)->0K(11264K) From: 377K(512K)->352K(512K)
[2026-10-07T18:36:02.482+0000][497.975s][info][gc,heap        ] GC(128) ParOldGen: 36881K(37376K)->37035K(37376K)
[2026-10-07T18:36:02.482+0000][497.975s][info][gc,metaspace   ] GC(128) Metaspace: 74590K(75328K)->74590K(75328K) NonClass: 65212K(65600K)->65212K(65600K) Class: 9377K(9728K)->9377K(9728K)
[2026-10-07T18:36:02.482+0000][497.975s][info][gc             ] GC(128) Pause Young (Allocation Failure) 47M->36M(48M) 4.766ms
[2026-10-07T18:36:02.482+0000][497.975s][info][gc,cpu         ] GC(128) User=0.01s Sys=0.00s Real=0.00s
[2026-10-07T18:36:04.297+0000][499.791s][info][gc,start       ] GC(129) Pause Young (Allocation Failure)
[2026-10-07T18:36:04.303+0000][499.796s][info][gc,heap        ] GC(129) PSYoungGen: 11616K(11776K)->398K(11776K) Eden: 11264K(11264K)->0K(11264K) From: 352K(512K)->398K(512K)
[2026-10-07T18:36:04.303+0000][499.796s][info][gc,heap        ] GC(129) ParOldGen: 37035K(37376K)->37131K(37376K)
[2026-10-07T18:36:04.303+0000][499.796s][info][gc,metaspace   ] GC(129) Metaspace: 74590K(75328K)->74590K(75328K) NonClass: 65212K(65600K)->65212K(65600K) Class: 9377K(9728K)->9377K(9728K)
[2026-10-07T18:36:04.303+0000][499.796s][info][gc             ] GC(129) Pause Young (Allocation Failure) 47M->36M(48M) 5.872ms
[2026-10-07T18:36:04.304+0000][499.797s][info][gc,cpu         ] GC(129) User=0.01s Sys=0.00s Real=0.00s
[2026-10-07T18:36:06.488+0000][501.981s][info][gc,start       ] GC(130) Pause Young (Allocation Failure)
[2026-10-07T18:36:06.493+0000][501.986s][info][gc,heap        ] GC(130) PSYoungGen: 11662K(11776K)->387K(11776K) Eden: 11264K(11264K)->0K(11264K) From: 398K(512K)->387K(512K)
[2026-10-07T18:36:06.493+0000][501.986s][info][gc,heap        ] GC(130) ParOldGen: 37131K(37376K)->37237K(37376K)
[2026-10-07T18:36:06.493+0000][501.986s][info][gc,metaspace   ] GC(130) Metaspace: 74592K(75328K)->74592K(75328K) NonClass: 65214K(65600K)->65214K(65600K) Class: 9377K(9728K)->9377K(9728K)
[2026-10-07T18:36:06.493+0000][501.986s][info][gc             ] GC(130) Pause Young (Allocation Failure) 47M->36M(48M) 5.532ms
[2026-10-07T18:36:06.493+0000][501.987s][info][gc,cpu         ] GC(130) User=0.01s Sys=0.00s Real=0.00s
[2026-10-07T18:36:08.448+0000][503.941s][info][gc,start       ] GC(131) Pause Young (Allocation Failure)
[2026-10-07T18:36:08.454+0000][503.947s][info][gc,heap        ] GC(131) PSYoungGen: 11651K(11776K)->352K(11776K) Eden: 11264K(11264K)->0K(11264K) From: 387K(512K)->352K(512K)
[2026-10-07T18:36:08.454+0000][503.947s][info][gc,heap        ] GC(131) ParOldGen: 37237K(37376K)->37384K(37888K)
[2026-10-07T18:36:08.454+0000][503.947s][info][gc,metaspace   ] GC(131) Metaspace: 74592K(75328K)->74592K(75328K) NonClass: 65214K(65600K)->65214K(65600K) Class: 9377K(9728K)->9377K(9728K)
[2026-10-07T18:36:08.454+0000][503.947s][info][gc             ] GC(131) Pause Young (Allocation Failure) 47M->36M(48M) 5.472ms
[2026-10-07T18:36:08.454+0000][503.947s][info][gc,cpu         ] GC(131) User=0.01s Sys=0.00s Real=0.01s
[2026-10-07T18:36:10.499+0000][505.992s][info][gc,start       ] GC(132) Pause Young (Allocation Failure)
[2026-10-07T18:36:10.505+0000][505.998s][info][gc,heap        ] GC(132) PSYoungGen: 11616K(11776K)->347K(11776K) Eden: 11264K(11264K)->0K(11264K) From: 352K(512K)->347K(512K)
[2026-10-07T18:36:10.505+0000][505.998s][info][gc,heap        ] GC(132) ParOldGen: 37384K(37888K)->37432K(37888K)
[2026-10-07T18:36:10.505+0000][505.998s][info][gc,metaspace   ] GC(132) Metaspace: 74598K(75328K)->74598K(75328K) NonClass: 65221K(65600K)->65221K(65600K) Class: 9377K(9728K)->9377K(9728K)
[2026-10-07T18:36:10.505+0000][505.998s][info][gc             ] GC(132) Pause Young (Allocation Failure) 47M->36M(48M) 5.887ms
[2026-10-07T18:36:10.505+0000][505.998s][info][gc,cpu         ] GC(132) User=0.01s Sys=0.00s Real=0.01s
[2026-10-07T18:36:12.649+0000][508.142s][info][gc,start       ] GC(133) Pause Young (Allocation Failure)
[2026-10-07T18:36:12.652+0000][508.145s][info][gc,heap        ] GC(133) PSYoungGen: 11611K(11776K)->320K(11776K) Eden: 11264K(11264K)->0K(11264K) From: 347K(512K)->320K(512K)
[2026-10-07T18:36:12.652+0000][508.145s][info][gc,heap        ] GC(133) ParOldGen: 37432K(37888K)->37548K(37888K)
[2026-10-07T18:36:12.653+0000][508.146s][info][gc,metaspace   ] GC(133) Metaspace: 74598K(75328K)->74598K(75328K) NonClass: 65221K(65600K)->65221K(65600K) Class: 9377K(9728K)->9377K(9728K)
[2026-10-07T18:36:12.653+0000][508.146s][info][gc             ] GC(133) Pause Young (Allocation Failure) 47M->36M(48M) 3.220ms
[2026-10-07T18:36:12.653+0000][508.146s][info][gc,cpu         ] GC(133) User=0.00s Sys=0.00s Real=0.00s
[2026-10-07T18:36:14.792+0000][510.285s][info][gc,start       ] GC(134) Pause Young (Allocation Failure)
[2026-10-07T18:36:14.797+0000][510.290s][info][gc,heap        ] GC(134) PSYoungGen: 11584K(11776K)->320K(11776K) Eden: 11264K(11264K)->0K(11264K) From: 320K(512K)->320K(512K)
[2026-10-07T18:36:14.797+0000][510.290s][info][gc,heap        ] GC(134) ParOldGen: 37548K(37888K)->37628K(37888K)
[2026-10-07T18:36:14.797+0000][510.290s][info][gc,metaspace   ] GC(134) Metaspace: 74598K(75328K)->74598K(75328K) NonClass: 65221K(65600K)->65221K(65600K) Class: 9377K(9728K)->9377K(9728K)
[2026-10-07T18:36:14.797+0000][510.290s][info][gc             ] GC(134) Pause Young (Allocation Failure) 47M->37M(48M) 4.893ms
[2026-10-07T18:36:14.797+0000][510.290s][info][gc,cpu         ] GC(134) User=0.00s Sys=0.00s Real=0.01s
[2026-10-07T18:36:17.288+0000][512.781s][info][gc,start       ] GC(135) Pause Young (Allocation Failure)
[2026-10-07T18:36:17.294+0000][512.787s][info][gc,heap        ] GC(135) PSYoungGen: 11584K(11776K)->300K(11776K) Eden: 11264K(11264K)->0K(11264K) From: 320K(512K)->300K(512K)
[2026-10-07T18:36:17.294+0000][512.787s][info][gc,heap        ] GC(135) ParOldGen: 37628K(37888K)->37676K(37888K)
[2026-10-07T18:36:17.294+0000][512.787s][info][gc,metaspace   ] GC(135) Metaspace: 74601K(75328K)->74601K(75328K) NonClass: 65224K(65600K)->65224K(65600K) Class: 9377K(9728K)->9377K(9728K)
[2026-10-07T18:36:17.294+0000][512.787s][info][gc             ] GC(135) Pause Young (Allocation Failure) 48M->37M(48M) 5.466ms
[2026-10-07T18:36:17.294+0000][512.787s][info][gc,cpu         ] GC(135) User=0.01s Sys=0.00s Real=0.01s
[2026-10-07T18:36:19.432+0000][514.925s][info][gc,start       ] GC(136) Pause Young (Allocation Failure)
[2026-10-07T18:36:19.441+0000][514.934s][info][gc,heap        ] GC(136) PSYoungGen: 11564K(11776K)->365K(11776K) Eden: 11264K(11264K)->0K(11264K) From: 300K(512K)->365K(512K)
[2026-10-07T18:36:19.441+0000][514.934s][info][gc,heap        ] GC(136) ParOldGen: 37676K(37888K)->37756K(37888K)
[2026-10-07T18:36:19.441+0000][514.934s][info][gc,metaspace   ] GC(136) Metaspace: 74606K(75328K)->74606K(75328K) NonClass: 65228K(65600K)->65228K(65600K) Class: 9377K(9728K)->9377K(9728K)
[2026-10-07T18:36:19.441+0000][514.934s][info][gc             ] GC(136) Pause Young (Allocation Failure) 48M->37M(48M) 9.077ms
[2026-10-07T18:36:19.441+0000][514.934s][info][gc,cpu         ] GC(136) User=0.01s Sys=0.00s Real=0.01s
[2026-10-07T18:36:21.374+0000][516.867s][info][gc,start       ] GC(137) Pause Young (Allocation Failure)
[2026-10-07T18:36:21.379+0000][516.872s][info][gc,heap        ] GC(137) PSYoungGen: 11629K(11776K)->367K(11776K) Eden: 11264K(11264K)->0K(11264K) From: 365K(512K)->367K(512K)
[2026-10-07T18:36:21.379+0000][516.872s][info][gc,heap        ] GC(137) ParOldGen: 37756K(37888K)->37816K(37888K)
[2026-10-07T18:36:21.379+0000][516.872s][info][gc,metaspace   ] GC(137) Metaspace: 74608K(75328K)->74608K(75328K) NonClass: 65231K(65600K)->65231K(65600K) Class: 9377K(9728K)->9377K(9728K)
[2026-10-07T18:36:21.379+0000][516.872s][info][gc             ] GC(137) Pause Young (Allocation Failure) 48M->37M(48M) 5.662ms
[2026-10-07T18:36:21.380+0000][516.873s][info][gc,cpu         ] GC(137) User=0.01s Sys=0.00s Real=0.00s
[2026-10-07T18:36:23.398+0000][518.891s][info][gc,start       ] GC(138) Pause Young (Allocation Failure)
[2026-10-07T18:36:23.403+0000][518.896s][info][gc,heap        ] GC(138) PSYoungGen: 11631K(11776K)->384K(11776K) Eden: 11264K(11264K)->0K(11264K) From: 367K(512K)->384K(512K)
[2026-10-07T18:36:23.403+0000][518.896s][info][gc,heap        ] GC(138) ParOldGen: 37816K(37888K)->37927K(38400K)
[2026-10-07T18:36:23.403+0000][518.896s][info][gc,metaspace   ] GC(138) Metaspace: 74608K(75328K)->74608K(75328K) NonClass: 65231K(65600K)->65231K(65600K) Class: 9377K(9728K)->9377K(9728K)
[2026-10-07T18:36:23.403+0000][518.896s][info][gc             ] GC(138) Pause Young (Allocation Failure) 48M->37M(49M) 4.957ms
[2026-10-07T18:36:23.403+0000][518.896s][info][gc,cpu         ] GC(138) User=0.01s Sys=0.00s Real=0.00s
[2026-10-07T18:36:25.703+0000][521.196s][info][gc,start       ] GC(139) Pause Young (Allocation Failure)
[2026-10-07T18:36:25.707+0000][521.200s][info][gc,heap        ] GC(139) PSYoungGen: 11648K(11776K)->380K(11776K) Eden: 11264K(11264K)->0K(11264K) From: 384K(512K)->380K(512K)
[2026-10-07T18:36:25.707+0000][521.200s][info][gc,heap        ] GC(139) ParOldGen: 37927K(38400K)->37967K(38400K)
[2026-10-07T18:36:25.707+0000][521.200s][info][gc,metaspace   ] GC(139) Metaspace: 74608K(75328K)->74608K(75328K) NonClass: 65231K(65600K)->65231K(65600K) Class: 9377K(9728K)->9377K(9728K)
[2026-10-07T18:36:25.707+0000][521.200s][info][gc             ] GC(139) Pause Young (Allocation Failure) 48M->37M(49M) 4.655ms
[2026-10-07T18:36:25.707+0000][521.200s][info][gc,cpu         ] GC(139) User=0.00s Sys=0.00s Real=0.01s
[2026-10-07T18:36:27.928+0000][523.421s][info][gc,start       ] GC(140) Pause Young (Allocation Failure)
[2026-10-07T18:36:27.933+0000][523.426s][info][gc,heap        ] GC(140) PSYoungGen: 11644K(11776K)->352K(11776K) Eden: 11264K(11264K)->0K(11264K) From: 380K(512K)->352K(512K)
[2026-10-07T18:36:27.933+0000][523.426s][info][gc,heap        ] GC(140) ParOldGen: 37967K(38400K)->38111K(38400K)
[2026-10-07T18:36:27.933+0000][523.426s][info][gc,metaspace   ] GC(140) Metaspace: 74609K(75328K)->74609K(75328K) NonClass: 65232K(65600K)->65232K(65600K) Class: 9377K(9728K)->9377K(9728K)
[2026-10-07T18:36:27.933+0000][523.426s][info][gc             ] GC(140) Pause Young (Allocation Failure) 48M->37M(49M) 4.729ms
[2026-10-07T18:36:27.933+0000][523.426s][info][gc,cpu         ] GC(140) User=0.01s Sys=0.00s Real=0.00s
[2026-10-07T18:36:29.898+0000][525.391s][info][gc,start       ] GC(141) Pause Young (Allocation Failure)
[2026-10-07T18:36:29.903+0000][525.396s][info][gc,heap        ] GC(141) PSYoungGen: 11616K(11776K)->352K(11776K) Eden: 11264K(11264K)->0K(11264K) From: 352K(512K)->352K(512K)
[2026-10-07T18:36:29.903+0000][525.396s][info][gc,heap        ] GC(141) ParOldGen: 38111K(38400K)->38203K(38400K)
[2026-10-07T18:36:29.903+0000][525.397s][info][gc,metaspace   ] GC(141) Metaspace: 74610K(75328K)->74610K(75328K) NonClass: 65232K(65600K)->65232K(65600K) Class: 9377K(9728K)->9377K(9728K)
[2026-10-07T18:36:29.903+0000][525.397s][info][gc             ] GC(141) Pause Young (Allocation Failure) 48M->37M(49M) 5.307ms
[2026-10-07T18:36:29.904+0000][525.397s][info][gc,cpu         ] GC(141) User=0.00s Sys=0.00s Real=0.01s
[2026-10-07T18:36:31.933+0000][527.426s][info][gc,start       ] GC(142) Pause Young (Allocation Failure)
[2026-10-07T18:36:31.938+0000][527.432s][info][gc,heap        ] GC(142) PSYoungGen: 11616K(11776K)->378K(11776K) Eden: 11264K(11264K)->0K(11264K) From: 352K(512K)->378K(512K)
[2026-10-07T18:36:31.939+0000][527.432s][info][gc,heap        ] GC(142) ParOldGen: 38203K(38400K)->38243K(38400K)
[2026-10-07T18:36:31.939+0000][527.432s][info][gc,metaspace   ] GC(142) Metaspace: 74614K(75392K)->74614K(75392K) NonClass: 65236K(65664K)->65236K(65664K) Class: 9378K(9728K)->9378K(9728K)
[2026-10-07T18:36:31.939+0000][527.432s][info][gc             ] GC(142) Pause Young (Allocation Failure) 48M->37M(49M) 5.330ms
[2026-10-07T18:36:31.939+0000][527.432s][info][gc,cpu         ] GC(142) User=0.01s Sys=0.00s Real=0.01s
[2026-10-07T18:36:33.984+0000][529.477s][info][gc,start       ] GC(143) Pause Young (Allocation Failure)
[2026-10-07T18:36:33.990+0000][529.483s][info][gc,heap        ] GC(143) PSYoungGen: 11642K(11776K)->398K(11776K) Eden: 11264K(11264K)->0K(11264K) From: 378K(512K)->398K(512K)
[2026-10-07T18:36:33.990+0000][529.483s][info][gc,heap        ] GC(143) ParOldGen: 38243K(38400K)->38374K(38400K)
[2026-10-07T18:36:33.990+0000][529.483s][info][gc,metaspace   ] GC(143) Metaspace: 74616K(75392K)->74616K(75392K) NonClass: 65238K(65664K)->65238K(65664K) Class: 9378K(9728K)->9378K(9728K)
[2026-10-07T18:36:33.991+0000][529.484s][info][gc             ] GC(143) Pause Young (Allocation Failure) 48M->37M(49M) 6.892ms
[2026-10-07T18:36:33.991+0000][529.484s][info][gc,cpu         ] GC(143) User=0.00s Sys=0.00s Real=0.00s
[2026-10-07T18:36:36.212+0000][531.705s][info][gc,start       ] GC(144) Pause Young (Allocation Failure)
[2026-10-07T18:36:36.217+0000][531.710s][info][gc,heap        ] GC(144) PSYoungGen: 11662K(11776K)->337K(11776K) Eden: 11264K(11264K)->0K(11264K) From: 398K(512K)->337K(512K)
[2026-10-07T18:36:36.217+0000][531.710s][info][gc,heap        ] GC(144) ParOldGen: 38374K(38400K)->38500K(38912K)
[2026-10-07T18:36:36.217+0000][531.710s][info][gc,metaspace   ] GC(144) Metaspace: 74616K(75392K)->74616K(75392K) NonClass: 65238K(65664K)->65238K(65664K) Class: 9378K(9728K)->9378K(9728K)
[2026-10-07T18:36:36.217+0000][531.710s][info][gc             ] GC(144) Pause Young (Allocation Failure) 48M->37M(49M) 5.142ms
[2026-10-07T18:36:36.217+0000][531.710s][info][gc,cpu         ] GC(144) User=0.00s Sys=0.00s Real=0.01s
[2026-10-07T18:36:38.185+0000][533.678s][info][gc,start       ] GC(145) Pause Young (Allocation Failure)
[2026-10-07T18:36:38.190+0000][533.683s][info][gc,heap        ] GC(145) PSYoungGen: 11601K(11776K)->384K(11776K) Eden: 11264K(11264K)->0K(11264K) From: 337K(512K)->384K(512K)
[2026-10-07T18:36:38.190+0000][533.683s][info][gc,heap        ] GC(145) ParOldGen: 38500K(38912K)->38622K(38912K)
[2026-10-07T18:36:38.190+0000][533.683s][info][gc,metaspace   ] GC(145) Metaspace: 74616K(75392K)->74616K(75392K) NonClass: 65238K(65664K)->65238K(65664K) Class: 9378K(9728K)->9378K(9728K)
[2026-10-07T18:36:38.190+0000][533.683s][info][gc             ] GC(145) Pause Young (Allocation Failure) 48M->38M(49M) 4.879ms
[2026-10-07T18:36:38.190+0000][533.683s][info][gc,cpu         ] GC(145) User=0.01s Sys=0.00s Real=0.00s
[2026-10-07T18:36:40.304+0000][535.797s][info][gc,start       ] GC(146) Pause Young (Allocation Failure)
[2026-10-07T18:36:40.310+0000][535.803s][info][gc,heap        ] GC(146) PSYoungGen: 11648K(11776K)->350K(11776K) Eden: 11264K(11264K)->0K(11264K) From: 384K(512K)->350K(512K)
[2026-10-07T18:36:40.310+0000][535.803s][info][gc,heap        ] GC(146) ParOldGen: 38622K(38912K)->38686K(38912K)
[2026-10-07T18:36:40.310+0000][535.803s][info][gc,metaspace   ] GC(146) Metaspace: 74618K(75392K)->74618K(75392K) NonClass: 65240K(65664K)->65240K(65664K) Class: 9378K(9728K)->9378K(9728K)
[2026-10-07T18:36:40.310+0000][535.803s][info][gc             ] GC(146) Pause Young (Allocation Failure) 49M->38M(49M) 5.649ms
[2026-10-07T18:36:40.310+0000][535.803s][info][gc,cpu         ] GC(146) User=0.00s Sys=0.00s Real=0.00s
[2026-10-07T18:36:42.546+0000][538.039s][info][gc,start       ] GC(147) Pause Young (Allocation Failure)
[2026-10-07T18:36:42.551+0000][538.044s][info][gc,heap        ] GC(147) PSYoungGen: 11614K(11776K)->320K(11776K) Eden: 11264K(11264K)->0K(11264K) From: 350K(512K)->320K(512K)
[2026-10-07T18:36:42.551+0000][538.044s][info][gc,heap        ] GC(147) ParOldGen: 38686K(38912K)->38797K(38912K)
[2026-10-07T18:36:42.551+0000][538.044s][info][gc,metaspace   ] GC(147) Metaspace: 74623K(75456K)->74623K(75456K) NonClass: 65245K(65728K)->65245K(65728K) Class: 9378K(9728K)->9378K(9728K)
[2026-10-07T18:36:42.551+0000][538.044s][info][gc             ] GC(147) Pause Young (Allocation Failure) 49M->38M(49M) 5.057ms
[2026-10-07T18:36:42.551+0000][538.044s][info][gc,cpu         ] GC(147) User=0.01s Sys=0.00s Real=0.00s
[2026-10-07T18:36:44.660+0000][540.153s][info][gc,start       ] GC(148) Pause Young (Allocation Failure)
[2026-10-07T18:36:44.665+0000][540.158s][info][gc,heap        ] GC(148) PSYoungGen: 11584K(11776K)->320K(11776K) Eden: 11264K(11264K)->0K(11264K) From: 320K(512K)->320K(512K)
[2026-10-07T18:36:44.665+0000][540.158s][info][gc,heap        ] GC(148) ParOldGen: 38797K(38912K)->38893K(38912K)
[2026-10-07T18:36:44.665+0000][540.158s][info][gc,metaspace   ] GC(148) Metaspace: 74623K(75456K)->74623K(75456K) NonClass: 65245K(65728K)->65245K(65728K) Class: 9378K(9728K)->9378K(9728K)
[2026-10-07T18:36:44.666+0000][540.159s][info][gc             ] GC(148) Pause Young (Allocation Failure) 49M->38M(49M) 5.392ms
[2026-10-07T18:36:44.666+0000][540.159s][info][gc,cpu         ] GC(148) User=0.00s Sys=0.00s Real=0.01s
[2026-10-07T18:36:46.854+0000][542.347s][info][gc,start       ] GC(149) Pause Young (Allocation Failure)
[2026-10-07T18:36:46.860+0000][542.353s][info][gc,heap        ] GC(149) PSYoungGen: 11584K(11776K)->343K(11776K) Eden: 11264K(11264K)->0K(11264K) From: 320K(512K)->343K(512K)
[2026-10-07T18:36:46.860+0000][542.353s][info][gc,heap        ] GC(149) ParOldGen: 38893K(38912K)->38977K(39424K)
[2026-10-07T18:36:46.860+0000][542.353s][info][gc,metaspace   ] GC(149) Metaspace: 74626K(75456K)->74626K(75456K) NonClass: 65248K(65728K)->65248K(65728K) Class: 9378K(9728K)->9378K(9728K)
[2026-10-07T18:36:46.860+0000][542.353s][info][gc             ] GC(149) Pause Young (Allocation Failure) 49M->38M(50M) 5.848ms
[2026-10-07T18:36:46.860+0000][542.353s][info][gc,cpu         ] GC(149) User=0.00s Sys=0.00s Real=0.00s
[2026-10-07T18:36:48.702+0000][544.195s][info][gc,start       ] GC(150) Pause Young (Allocation Failure)
[2026-10-07T18:36:48.707+0000][544.200s][info][gc,heap        ] GC(150) PSYoungGen: 11607K(11776K)->366K(11776K) Eden: 11264K(11264K)->0K(11264K) From: 343K(512K)->366K(512K)
[2026-10-07T18:36:48.707+0000][544.200s][info][gc,heap        ] GC(150) ParOldGen: 38977K(39424K)->39041K(39424K)
[2026-10-07T18:36:48.707+0000][544.200s][info][gc,metaspace   ] GC(150) Metaspace: 74626K(75456K)->74626K(75456K) NonClass: 65248K(65728K)->65248K(65728K) Class: 9378K(9728K)->9378K(9728K)
[2026-10-07T18:36:48.707+0000][544.200s][info][gc             ] GC(150) Pause Young (Allocation Failure) 49M->38M(50M) 4.528ms
[2026-10-07T18:36:48.707+0000][544.200s][info][gc,cpu         ] GC(150) User=0.00s Sys=0.00s Real=0.01s
[2026-10-07T18:36:50.791+0000][546.284s][info][gc,start       ] GC(151) Pause Young (Allocation Failure)
[2026-10-07T18:36:50.796+0000][546.289s][info][gc,heap        ] GC(151) PSYoungGen: 11630K(11776K)->325K(11776K) Eden: 11264K(11264K)->0K(11264K) From: 366K(512K)->325K(512K)
[2026-10-07T18:36:50.796+0000][546.289s][info][gc,heap        ] GC(151) ParOldGen: 39041K(39424K)->39101K(39424K)
[2026-10-07T18:36:50.796+0000][546.289s][info][gc,metaspace   ] GC(151) Metaspace: 74626K(75456K)->74626K(75456K) NonClass: 65248K(65728K)->65248K(65728K) Class: 9378K(9728K)->9378K(9728K)
[2026-10-07T18:36:50.796+0000][546.289s][info][gc             ] GC(151) Pause Young (Allocation Failure) 49M->38M(50M) 5.557ms
[2026-10-07T18:36:50.796+0000][546.289s][info][gc,cpu         ] GC(151) User=0.00s Sys=0.00s Real=0.01s
[2026-10-07T18:36:53.052+0000][548.545s][info][gc,start       ] GC(152) Pause Young (Allocation Failure)
[2026-10-07T18:36:53.057+0000][548.551s][info][gc,heap        ] GC(152) PSYoungGen: 11589K(11776K)->384K(11776K) Eden: 11264K(11264K)->0K(11264K) From: 325K(512K)->384K(512K)
[2026-10-07T18:36:53.058+0000][548.551s][info][gc,heap        ] GC(152) ParOldGen: 39101K(39424K)->39186K(39424K)
[2026-10-07T18:36:53.058+0000][548.551s][info][gc,metaspace   ] GC(152) Metaspace: 74626K(75456K)->74626K(75456K) NonClass: 65248K(65728K)->65248K(65728K) Class: 9378K(9728K)->9378K(9728K)
[2026-10-07T18:36:53.058+0000][548.551s][info][gc             ] GC(152) Pause Young (Allocation Failure) 49M->38M(50M) 5.157ms
[2026-10-07T18:36:53.058+0000][548.551s][info][gc,cpu         ] GC(152) User=0.00s Sys=0.00s Real=0.01s
[2026-10-07T18:36:55.017+0000][550.510s][info][gc,start       ] GC(153) Pause Young (Allocation Failure)
[2026-10-07T18:36:55.022+0000][550.515s][info][gc,heap        ] GC(153) PSYoungGen: 11648K(11776K)->367K(11776K) Eden: 11264K(11264K)->0K(11264K) From: 384K(512K)->367K(512K)
[2026-10-07T18:36:55.022+0000][550.515s][info][gc,heap        ] GC(153) ParOldGen: 39186K(39424K)->39266K(39424K)
[2026-10-07T18:36:55.022+0000][550.515s][info][gc,metaspace   ] GC(153) Metaspace: 74626K(75456K)->74626K(75456K) NonClass: 65248K(65728K)->65248K(65728K) Class: 9378K(9728K)->9378K(9728K)
[2026-10-07T18:36:55.022+0000][550.515s][info][gc             ] GC(153) Pause Young (Allocation Failure) 49M->38M(50M) 5.474ms
[2026-10-07T18:36:55.022+0000][550.515s][info][gc,cpu         ] GC(153) User=0.00s Sys=0.00s Real=0.00s
[2026-10-07T18:36:57.068+0000][552.561s][info][gc,start       ] GC(154) Pause Young (Allocation Failure)
[2026-10-07T18:36:57.079+0000][552.572s][info][gc,heap        ] GC(154) PSYoungGen: 11631K(11776K)->384K(11776K) Eden: 11264K(11264K)->0K(11264K) From: 367K(512K)->384K(512K)
[2026-10-07T18:36:57.079+0000][552.572s][info][gc,heap        ] GC(154) ParOldGen: 39266K(39424K)->39402K(39424K)
[2026-10-07T18:36:57.079+0000][552.572s][info][gc,metaspace   ] GC(154) Metaspace: 74629K(75456K)->74629K(75456K) NonClass: 65251K(65728K)->65251K(65728K) Class: 9378K(9728K)->9378K(9728K)
[2026-10-07T18:36:57.079+0000][552.572s][info][gc             ] GC(154) Pause Young (Allocation Failure) 49M->38M(50M) 10.613ms
[2026-10-07T18:36:57.079+0000][552.572s][info][gc,cpu         ] GC(154) User=0.01s Sys=0.00s Real=0.01s
[2026-10-07T18:36:59.113+0000][554.606s][info][gc,start       ] GC(155) Pause Young (Allocation Failure)
[2026-10-07T18:36:59.118+0000][554.611s][info][gc,heap        ] GC(155) PSYoungGen: 11648K(11776K)->352K(11776K) Eden: 11264K(11264K)->0K(11264K) From: 384K(512K)->352K(512K)
[2026-10-07T18:36:59.118+0000][554.611s][info][gc,heap        ] GC(155) ParOldGen: 39402K(39424K)->39530K(39936K)
[2026-10-07T18:36:59.118+0000][554.611s][info][gc,metaspace   ] GC(155) Metaspace: 74631K(75456K)->74631K(75456K) NonClass: 65253K(65728K)->65253K(65728K) Class: 9378K(9728K)->9378K(9728K)
[2026-10-07T18:36:59.118+0000][554.611s][info][gc             ] GC(155) Pause Young (Allocation Failure) 49M->38M(50M) 5.077ms
[2026-10-07T18:36:59.118+0000][554.611s][info][gc,cpu         ] GC(155) User=0.01s Sys=0.00s Real=0.01s
[2026-10-07T18:37:01.238+0000][556.731s][info][gc,start       ] GC(156) Pause Young (Allocation Failure)
[2026-10-07T18:37:01.243+0000][556.736s][info][gc,heap        ] GC(156) PSYoungGen: 11616K(11776K)->352K(11776K) Eden: 11264K(11264K)->0K(11264K) From: 352K(512K)->352K(512K)
[2026-10-07T18:37:01.243+0000][556.736s][info][gc,heap        ] GC(156) ParOldGen: 39530K(39936K)->39590K(39936K)
[2026-10-07T18:37:01.243+0000][556.736s][info][gc,metaspace   ] GC(156) Metaspace: 74638K(75456K)->74638K(75456K) NonClass: 65260K(65728K)->65260K(65728K) Class: 9378K(9728K)->9378K(9728K)
[2026-10-07T18:37:01.243+0000][556.736s][info][gc             ] GC(156) Pause Young (Allocation Failure) 49M->39M(50M) 4.847ms
[2026-10-07T18:37:01.243+0000][556.736s][info][gc,cpu         ] GC(156) User=0.01s Sys=0.00s Real=0.00s
[2026-10-07T18:37:03.332+0000][558.825s][info][gc,start       ] GC(157) Pause Young (Allocation Failure)
[2026-10-07T18:37:03.334+0000][558.827s][info][gc,heap        ] GC(157) PSYoungGen: 11616K(11776K)->320K(11776K) Eden: 11264K(11264K)->0K(11264K) From: 352K(512K)->320K(512K)
[2026-10-07T18:37:03.334+0000][558.827s][info][gc,heap        ] GC(157) ParOldGen: 39590K(39936K)->39711K(39936K)
[2026-10-07T18:37:03.335+0000][558.828s][info][gc,metaspace   ] GC(157) Metaspace: 74638K(75456K)->74638K(75456K) NonClass: 65260K(65728K)->65260K(65728K) Class: 9378K(9728K)->9378K(9728K)
[2026-10-07T18:37:03.335+0000][558.828s][info][gc             ] GC(157) Pause Young (Allocation Failure) 50M->39M(50M) 2.888ms
[2026-10-07T18:37:03.335+0000][558.828s][info][gc,cpu         ] GC(157) User=0.01s Sys=0.00s Real=0.01s
[2026-10-07T18:37:05.223+0000][560.716s][info][gc,start       ] GC(158) Pause Young (Allocation Failure)
[2026-10-07T18:37:05.228+0000][560.722s][info][gc,heap        ] GC(158) PSYoungGen: 11584K(11776K)->382K(11776K) Eden: 11264K(11264K)->0K(11264K) From: 320K(512K)->382K(512K)
[2026-10-07T18:37:05.229+0000][560.722s][info][gc,heap        ] GC(158) ParOldGen: 39711K(39936K)->39751K(39936K)
[2026-10-07T18:37:05.229+0000][560.722s][info][gc,metaspace   ] GC(158) Metaspace: 74639K(75456K)->74639K(75456K) NonClass: 65261K(65728K)->65261K(65728K) Class: 9378K(9728K)->9378K(9728K)
[2026-10-07T18:37:05.229+0000][560.722s][info][gc             ] GC(158) Pause Young (Allocation Failure) 50M->39M(50M) 5.564ms
[2026-10-07T18:37:05.229+0000][560.722s][info][gc,cpu         ] GC(158) User=0.01s Sys=0.00s Real=0.01s
[2026-10-07T18:37:07.417+0000][562.910s][info][gc,start       ] GC(159) Pause Young (Allocation Failure)
[2026-10-07T18:37:07.424+0000][562.917s][info][gc,heap        ] GC(159) PSYoungGen: 11646K(11776K)->384K(11776K) Eden: 11264K(11264K)->0K(11264K) From: 382K(512K)->384K(512K)
[2026-10-07T18:37:07.424+0000][562.917s][info][gc,heap        ] GC(159) ParOldGen: 39751K(39936K)->39918K(39936K)
[2026-10-07T18:37:07.424+0000][562.917s][info][gc,metaspace   ] GC(159) Metaspace: 74639K(75456K)->74639K(75456K) NonClass: 65261K(65728K)->65261K(65728K) Class: 9378K(9728K)->9378K(9728K)
[2026-10-07T18:37:07.425+0000][562.918s][info][gc             ] GC(159) Pause Young (Allocation Failure) 50M->39M(50M) 7.457ms
[2026-10-07T18:37:07.425+0000][562.918s][info][gc,cpu         ] GC(159) User=0.00s Sys=0.00s Real=0.01s
[2026-10-07T18:37:09.617+0000][565.110s][info][gc,start       ] GC(160) Pause Young (Allocation Failure)
[2026-10-07T18:37:09.623+0000][565.116s][info][gc,heap        ] GC(160) PSYoungGen: 11648K(11776K)->320K(11776K) Eden: 11264K(11264K)->0K(11264K) From: 384K(512K)->320K(512K)
[2026-10-07T18:37:09.623+0000][565.116s][info][gc,heap        ] GC(160) ParOldGen: 39918K(39936K)->40050K(40448K)
[2026-10-07T18:37:09.623+0000][565.116s][info][gc,metaspace   ] GC(160) Metaspace: 74639K(75456K)->74639K(75456K) NonClass: 65261K(65728K)->65261K(65728K) Class: 9378K(9728K)->9378K(9728K)
[2026-10-07T18:37:09.623+0000][565.116s][info][gc             ] GC(160) Pause Young (Allocation Failure) 50M->39M(51M) 5.588ms
[2026-10-07T18:37:09.623+0000][565.116s][info][gc,cpu         ] GC(160) User=0.01s Sys=0.00s Real=0.00s
[2026-10-07T18:37:11.555+0000][567.048s][info][gc,start       ] GC(161) Pause Young (Allocation Failure)
[2026-10-07T18:37:11.561+0000][567.054s][info][gc,heap        ] GC(161) PSYoungGen: 11584K(11776K)->423K(11776K) Eden: 11264K(11264K)->0K(11264K) From: 320K(512K)->423K(512K)
[2026-10-07T18:37:11.561+0000][567.054s][info][gc,heap        ] GC(161) ParOldGen: 40050K(40448K)->40122K(40448K)
[2026-10-07T18:37:11.561+0000][567.054s][info][gc,metaspace   ] GC(161) Metaspace: 74643K(75456K)->74643K(75456K) NonClass: 65265K(65728K)->65265K(65728K) Class: 9378K(9728K)->9378K(9728K)
[2026-10-07T18:37:11.561+0000][567.054s][info][gc             ] GC(161) Pause Young (Allocation Failure) 50M->39M(51M) 5.490ms
[2026-10-07T18:37:11.561+0000][567.054s][info][gc,cpu         ] GC(161) User=0.01s Sys=0.00s Real=0.00s
[2026-10-07T18:37:13.680+0000][569.173s][info][gc,start       ] GC(162) Pause Young (Allocation Failure)
[2026-10-07T18:37:13.685+0000][569.178s][info][gc,heap        ] GC(162) PSYoungGen: 11687K(11776K)->320K(11776K) Eden: 11264K(11264K)->0K(11264K) From: 423K(512K)->320K(512K)
[2026-10-07T18:37:13.685+0000][569.178s][info][gc,heap        ] GC(162) ParOldGen: 40122K(40448K)->40293K(40448K)
[2026-10-07T18:37:13.685+0000][569.178s][info][gc,metaspace   ] GC(162) Metaspace: 74643K(75456K)->74643K(75456K) NonClass: 65265K(65728K)->65265K(65728K) Class: 9378K(9728K)->9378K(9728K)
[2026-10-07T18:37:13.685+0000][569.178s][info][gc             ] GC(162) Pause Young (Allocation Failure) 50M->39M(51M) 5.094ms
[2026-10-07T18:37:13.685+0000][569.178s][info][gc,cpu         ] GC(162) User=0.01s Sys=0.00s Real=0.01s
[2026-10-07T18:37:15.625+0000][571.118s][info][gc,start       ] GC(163) Pause Young (Allocation Failure)
[2026-10-07T18:37:15.630+0000][571.123s][info][gc,heap        ] GC(163) PSYoungGen: 11584K(11776K)->379K(11776K) Eden: 11264K(11264K)->0K(11264K) From: 320K(512K)->379K(512K)
[2026-10-07T18:37:15.630+0000][571.123s][info][gc,heap        ] GC(163) ParOldGen: 40293K(40448K)->40341K(40448K)
[2026-10-07T18:37:15.630+0000][571.123s][info][gc,metaspace   ] GC(163) Metaspace: 74643K(75456K)->74643K(75456K) NonClass: 65265K(65728K)->65265K(65728K) Class: 9378K(9728K)->9378K(9728K)
[2026-10-07T18:37:15.630+0000][571.123s][info][gc             ] GC(163) Pause Young (Allocation Failure) 50M->39M(51M) 5.476ms
[2026-10-07T18:37:15.630+0000][571.123s][info][gc,cpu         ] GC(163) User=0.00s Sys=0.00s Real=0.00s
[2026-10-07T18:37:17.859+0000][573.352s][info][gc,start       ] GC(164) Pause Young (Allocation Failure)
[2026-10-07T18:37:17.867+0000][573.360s][info][gc,heap        ] GC(164) PSYoungGen: 11643K(11776K)->320K(11776K) Eden: 11264K(11264K)->0K(11264K) From: 379K(512K)->320K(512K)
[2026-10-07T18:37:17.867+0000][573.360s][info][gc,heap        ] GC(164) ParOldGen: 40341K(40448K)->40473K(40960K)
[2026-10-07T18:37:17.867+0000][573.360s][info][gc,metaspace   ] GC(164) Metaspace: 74643K(75456K)->74643K(75456K) NonClass: 65265K(65728K)->65265K(65728K) Class: 9378K(9728K)->9378K(9728K)
[2026-10-07T18:37:17.867+0000][573.360s][info][gc             ] GC(164) Pause Young (Allocation Failure) 50M->39M(51M) 8.540ms
[2026-10-07T18:37:17.867+0000][573.360s][info][gc,cpu         ] GC(164) User=0.01s Sys=0.00s Real=0.01s
[2026-10-07T18:37:19.717+0000][575.210s][info][gc,start       ] GC(165) Pause Young (Allocation Failure)
[2026-10-07T18:37:19.721+0000][575.214s][info][gc,heap        ] GC(165) PSYoungGen: 11584K(11776K)->366K(11776K) Eden: 11264K(11264K)->0K(11264K) From: 320K(512K)->366K(512K)
[2026-10-07T18:37:19.722+0000][575.215s][info][gc,heap        ] GC(165) ParOldGen: 40473K(40960K)->40561K(40960K)
[2026-10-07T18:37:19.722+0000][575.215s][info][gc,metaspace   ] GC(165) Metaspace: 74643K(75456K)->74643K(75456K) NonClass: 65265K(65728K)->65265K(65728K) Class: 9378K(9728K)->9378K(9728K)
[2026-10-07T18:37:19.722+0000][575.215s][info][gc             ] GC(165) Pause Young (Allocation Failure) 50M->39M(51M) 4.434ms
[2026-10-07T18:37:19.722+0000][575.215s][info][gc,cpu         ] GC(165) User=0.00s Sys=0.00s Real=0.00s
[2026-10-07T18:37:21.732+0000][577.225s][info][gc,start       ] GC(166) Pause Young (Allocation Failure)
[2026-10-07T18:37:21.741+0000][577.234s][info][gc,heap        ] GC(166) PSYoungGen: 11630K(11776K)->368K(11776K) Eden: 11264K(11264K)->0K(11264K) From: 366K(512K)->368K(512K)
[2026-10-07T18:37:21.741+0000][577.234s][info][gc,heap        ] GC(166) ParOldGen: 40561K(40960K)->40641K(40960K)
[2026-10-07T18:37:21.741+0000][577.234s][info][gc,metaspace   ] GC(166) Metaspace: 74815K(75584K)->74815K(75584K) NonClass: 65436K(65856K)->65436K(65856K) Class: 9378K(9728K)->9378K(9728K)
[2026-10-07T18:37:21.741+0000][577.234s][info][gc             ] GC(166) Pause Young (Allocation Failure) 50M->40M(51M) 8.559ms
[2026-10-07T18:37:21.741+0000][577.234s][info][gc,cpu         ] GC(166) User=0.00s Sys=0.01s Real=0.01s
[2026-10-07T18:37:23.666+0000][579.159s][info][gc,start       ] GC(167) Pause Young (Allocation Failure)
[2026-10-07T18:37:23.672+0000][579.165s][info][gc,heap        ] GC(167) PSYoungGen: 11632K(11776K)->352K(11776K) Eden: 11264K(11264K)->0K(11264K) From: 368K(512K)->352K(512K)
[2026-10-07T18:37:23.672+0000][579.165s][info][gc,heap        ] GC(167) ParOldGen: 40641K(40960K)->40777K(40960K)
[2026-10-07T18:37:23.672+0000][579.165s][info][gc,metaspace   ] GC(167) Metaspace: 74815K(75584K)->74815K(75584K) NonClass: 65436K(65856K)->65436K(65856K) Class: 9378K(9728K)->9378K(9728K)
[2026-10-07T18:37:23.672+0000][579.165s][info][gc             ] GC(167) Pause Young (Allocation Failure) 51M->40M(51M) 6.401ms
[2026-10-07T18:37:23.672+0000][579.165s][info][gc,cpu         ] GC(167) User=0.01s Sys=0.00s Real=0.00s
[2026-10-07T18:37:25.723+0000][581.217s][info][gc,start       ] GC(168) Pause Young (Allocation Failure)
[2026-10-07T18:37:25.728+0000][581.222s][info][gc,heap        ] GC(168) PSYoungGen: 11616K(11776K)->359K(11776K) Eden: 11264K(11264K)->0K(11264K) From: 352K(512K)->359K(512K)
[2026-10-07T18:37:25.729+0000][581.222s][info][gc,heap        ] GC(168) ParOldGen: 40777K(40960K)->40837K(40960K)
[2026-10-07T18:37:25.729+0000][581.222s][info][gc,metaspace   ] GC(168) Metaspace: 74818K(75584K)->74818K(75584K) NonClass: 65440K(65856K)->65440K(65856K) Class: 9378K(9728K)->9378K(9728K)
[2026-10-07T18:37:25.729+0000][581.222s][info][gc             ] GC(168) Pause Young (Allocation Failure) 51M->40M(51M) 5.101ms
[2026-10-07T18:37:25.729+0000][581.222s][info][gc,cpu         ] GC(168) User=0.00s Sys=0.00s Real=0.01s
[2026-10-07T18:37:27.840+0000][583.333s][info][gc,start       ] GC(169) Pause Young (Allocation Failure)
[2026-10-07T18:37:27.846+0000][583.339s][info][gc,heap        ] GC(169) PSYoungGen: 11623K(11776K)->352K(11776K) Eden: 11264K(11264K)->0K(11264K) From: 359K(512K)->352K(512K)
[2026-10-07T18:37:27.846+0000][583.339s][info][gc,heap        ] GC(169) ParOldGen: 40837K(40960K)->40972K(41472K)
[2026-10-07T18:37:27.846+0000][583.339s][info][gc,metaspace   ] GC(169) Metaspace: 74818K(75584K)->74818K(75584K) NonClass: 65440K(65856K)->65440K(65856K) Class: 9378K(9728K)->9378K(9728K)
[2026-10-07T18:37:27.846+0000][583.339s][info][gc             ] GC(169) Pause Young (Allocation Failure) 51M->40M(52M) 6.233ms
[2026-10-07T18:37:27.846+0000][583.339s][info][gc,cpu         ] GC(169) User=0.00s Sys=0.00s Real=0.01s
[2026-10-07T18:37:29.995+0000][585.488s][info][gc,start       ] GC(170) Pause Young (Allocation Failure)
[2026-10-07T18:37:29.999+0000][585.492s][info][gc,heap        ] GC(170) PSYoungGen: 11616K(11776K)->288K(11776K) Eden: 11264K(11264K)->0K(11264K) From: 352K(512K)->288K(512K)
[2026-10-07T18:37:29.999+0000][585.492s][info][gc,heap        ] GC(170) ParOldGen: 40972K(41472K)->41068K(41472K)
[2026-10-07T18:37:29.999+0000][585.492s][info][gc,metaspace   ] GC(170) Metaspace: 74818K(75584K)->74818K(75584K) NonClass: 65440K(65856K)->65440K(65856K) Class: 9378K(9728K)->9378K(9728K)
[2026-10-07T18:37:29.999+0000][585.492s][info][gc             ] GC(170) Pause Young (Allocation Failure) 51M->40M(52M) 4.580ms
[2026-10-07T18:37:29.999+0000][585.492s][info][gc,cpu         ] GC(170) User=0.01s Sys=0.00s Real=0.00s
[2026-10-07T18:37:32.238+0000][587.731s][info][gc,start       ] GC(171) Pause Young (Allocation Failure)
[2026-10-07T18:37:32.247+0000][587.740s][info][gc,heap        ] GC(171) PSYoungGen: 11552K(11776K)->369K(11776K) Eden: 11264K(11264K)->0K(11264K) From: 288K(512K)->369K(512K)
[2026-10-07T18:37:32.247+0000][587.740s][info][gc,heap        ] GC(171) ParOldGen: 41068K(41472K)->41116K(41472K)
[2026-10-07T18:37:32.247+0000][587.740s][info][gc,metaspace   ] GC(171) Metaspace: 74818K(75584K)->74818K(75584K) NonClass: 65440K(65856K)->65440K(65856K) Class: 9378K(9728K)->9378K(9728K)
[2026-10-07T18:37:32.247+0000][587.740s][info][gc             ] GC(171) Pause Young (Allocation Failure) 51M->40M(52M) 9.147ms
[2026-10-07T18:37:32.247+0000][587.740s][info][gc,cpu         ] GC(171) User=0.00s Sys=0.00s Real=0.01s
[2026-10-07T18:37:34.188+0000][589.681s][info][gc,start       ] GC(172) Pause Young (Allocation Failure)
[2026-10-07T18:37:34.192+0000][589.685s][info][gc,heap        ] GC(172) PSYoungGen: 11633K(11776K)->398K(11776K) Eden: 11264K(11264K)->0K(11264K) From: 369K(512K)->398K(512K)
[2026-10-07T18:37:34.192+0000][589.685s][info][gc,heap        ] GC(172) ParOldGen: 41116K(41472K)->41254K(41472K)
[2026-10-07T18:37:34.192+0000][589.685s][info][gc,metaspace   ] GC(172) Metaspace: 74818K(75584K)->74818K(75584K) NonClass: 65440K(65856K)->65440K(65856K) Class: 9378K(9728K)->9378K(9728K)
[2026-10-07T18:37:34.192+0000][589.686s][info][gc             ] GC(172) Pause Young (Allocation Failure) 51M->40M(52M) 4.209ms
[2026-10-07T18:37:34.193+0000][589.686s][info][gc,cpu         ] GC(172) User=0.00s Sys=0.00s Real=0.00s
[2026-10-07T18:37:36.351+0000][591.844s][info][gc,start       ] GC(173) Pause Young (Allocation Failure)
[2026-10-07T18:37:36.356+0000][591.849s][info][gc,heap        ] GC(173) PSYoungGen: 11662K(11776K)->394K(11776K) Eden: 11264K(11264K)->0K(11264K) From: 398K(512K)->394K(512K)
[2026-10-07T18:37:36.356+0000][591.849s][info][gc,heap        ] GC(173) ParOldGen: 41254K(41472K)->41348K(41472K)
[2026-10-07T18:37:36.356+0000][591.849s][info][gc,metaspace   ] GC(173) Metaspace: 74818K(75584K)->74818K(75584K) NonClass: 65440K(65856K)->65440K(65856K) Class: 9378K(9728K)->9378K(9728K)
[2026-10-07T18:37:36.356+0000][591.850s][info][gc             ] GC(173) Pause Young (Allocation Failure) 51M->40M(52M) 5.214ms
[2026-10-07T18:37:36.356+0000][591.850s][info][gc,cpu         ] GC(173) User=0.01s Sys=0.00s Real=0.01s
[2026-10-07T18:37:38.508+0000][594.001s][info][gc,start       ] GC(174) Pause Young (Allocation Failure)
[2026-10-07T18:37:38.515+0000][594.008s][info][gc,heap        ] GC(174) PSYoungGen: 11658K(11776K)->320K(11776K) Eden: 11264K(11264K)->0K(11264K) From: 394K(512K)->320K(512K)
[2026-10-07T18:37:38.515+0000][594.008s][info][gc,heap        ] GC(174) ParOldGen: 41348K(41472K)->41535K(41984K)
[2026-10-07T18:37:38.515+0000][594.008s][info][gc,metaspace   ] GC(174) Metaspace: 74818K(75584K)->74818K(75584K) NonClass: 65440K(65856K)->65440K(65856K) Class: 9378K(9728K)->9378K(9728K)
[2026-10-07T18:37:38.517+0000][594.010s][info][gc             ] GC(174) Pause Young (Allocation Failure) 51M->40M(52M) 8.976ms
[2026-10-07T18:37:38.517+0000][594.010s][info][gc,cpu         ] GC(174) User=0.00s Sys=0.00s Real=0.01s
[2026-10-07T18:37:40.554+0000][596.047s][info][gc,start       ] GC(175) Pause Young (Allocation Failure)
[2026-10-07T18:37:40.559+0000][596.052s][info][gc,heap        ] GC(175) PSYoungGen: 11584K(11776K)->381K(11776K) Eden: 11264K(11264K)->0K(11264K) From: 320K(512K)->381K(512K)
[2026-10-07T18:37:40.559+0000][596.052s][info][gc,heap        ] GC(175) ParOldGen: 41535K(41984K)->41603K(41984K)
[2026-10-07T18:37:40.559+0000][596.052s][info][gc,metaspace   ] GC(175) Metaspace: 74818K(75584K)->74818K(75584K) NonClass: 65440K(65856K)->65440K(65856K) Class: 9378K(9728K)->9378K(9728K)
[2026-10-07T18:37:40.559+0000][596.052s][info][gc             ] GC(175) Pause Young (Allocation Failure) 51M->41M(52M) 5.168ms
[2026-10-07T18:37:40.559+0000][596.052s][info][gc,cpu         ] GC(175) User=0.01s Sys=0.00s Real=0.00s
[2026-10-07T18:37:42.637+0000][598.130s][info][gc,start       ] GC(176) Pause Young (Allocation Failure)
[2026-10-07T18:37:42.642+0000][598.135s][info][gc,heap        ] GC(176) PSYoungGen: 11645K(11776K)->352K(11776K) Eden: 11264K(11264K)->0K(11264K) From: 381K(512K)->352K(512K)
[2026-10-07T18:37:42.642+0000][598.135s][info][gc,heap        ] GC(176) ParOldGen: 41603K(41984K)->41752K(41984K)
[2026-10-07T18:37:42.642+0000][598.135s][info][gc,metaspace   ] GC(176) Metaspace: 74818K(75584K)->74818K(75584K) NonClass: 65440K(65856K)->65440K(65856K) Class: 9378K(9728K)->9378K(9728K)
[2026-10-07T18:37:42.642+0000][598.135s][info][gc             ] GC(176) Pause Young (Allocation Failure) 52M->41M(52M) 5.223ms
[2026-10-07T18:37:42.642+0000][598.135s][info][gc,cpu         ] GC(176) User=0.00s Sys=0.00s Real=0.00s
[2026-10-07T18:37:44.718+0000][600.212s][info][gc,start       ] GC(177) Pause Young (Allocation Failure)
[2026-10-07T18:37:44.723+0000][600.216s][info][gc,heap        ] GC(177) PSYoungGen: 11616K(11776K)->320K(11776K) Eden: 11264K(11264K)->0K(11264K) From: 352K(512K)->320K(512K)
[2026-10-07T18:37:44.723+0000][600.216s][info][gc,heap        ] GC(177) ParOldGen: 41752K(41984K)->41864K(41984K)
[2026-10-07T18:37:44.723+0000][600.216s][info][gc,metaspace   ] GC(177) Metaspace: 74818K(75584K)->74818K(75584K) NonClass: 65440K(65856K)->65440K(65856K) Class: 9378K(9728K)->9378K(9728K)
[2026-10-07T18:37:44.723+0000][600.216s][info][gc             ] GC(177) Pause Young (Allocation Failure) 52M->41M(52M) 4.802ms
[2026-10-07T18:37:44.723+0000][600.216s][info][gc,cpu         ] GC(177) User=0.01s Sys=0.00s Real=0.00s
[2026-10-07T18:37:46.761+0000][602.254s][info][gc,start       ] GC(178) Pause Young (Allocation Failure)
[2026-10-07T18:37:46.767+0000][602.260s][info][gc,heap        ] GC(178) PSYoungGen: 11584K(11776K)->409K(11776K) Eden: 11264K(11264K)->0K(11264K) From: 320K(512K)->409K(512K)
[2026-10-07T18:37:46.767+0000][602.260s][info][gc,heap        ] GC(178) ParOldGen: 41864K(41984K)->41925K(41984K)
[2026-10-07T18:37:46.767+0000][602.260s][info][gc,metaspace   ] GC(178) Metaspace: 74820K(75648K)->74820K(75648K) NonClass: 65442K(65920K)->65442K(65920K) Class: 9378K(9728K)->9378K(9728K)
[2026-10-07T18:37:46.767+0000][602.260s][info][gc             ] GC(178) Pause Young (Allocation Failure) 52M->41M(52M) 6.323ms
[2026-10-07T18:37:46.767+0000][602.260s][info][gc,cpu         ] GC(178) User=0.00s Sys=0.00s Real=0.01s
[2026-10-07T18:37:48.673+0000][604.166s][info][gc,start       ] GC(179) Pause Young (Allocation Failure)
[2026-10-07T18:37:48.687+0000][604.180s][info][gc,heap        ] GC(179) PSYoungGen: 11673K(11776K)->493K(11776K) Eden: 11264K(11264K)->0K(11264K) From: 409K(512K)->493K(512K)
[2026-10-07T18:37:48.687+0000][604.180s][info][gc,heap        ] GC(179) ParOldGen: 41925K(41984K)->42045K(42496K)
[2026-10-07T18:37:48.688+0000][604.181s][info][gc,metaspace   ] GC(179) Metaspace: 74822K(75648K)->74822K(75648K) NonClass: 65444K(65920K)->65444K(65920K) Class: 9378K(9728K)->9378K(9728K)
[2026-10-07T18:37:48.688+0000][604.181s][info][gc             ] GC(179) Pause Young (Allocation Failure) 52M->41M(53M) 15.075ms
[2026-10-07T18:37:48.688+0000][604.181s][info][gc,cpu         ] GC(179) User=0.01s Sys=0.00s Real=0.02s
[2026-10-07T18:37:50.727+0000][606.220s][info][gc,start       ] GC(180) Pause Young (Allocation Failure)
[2026-10-07T18:37:50.738+0000][606.231s][info][gc,heap        ] GC(180) PSYoungGen: 11757K(11776K)->354K(12288K) Eden: 11264K(11264K)->0K(11264K) From: 493K(512K)->354K(1024K)
[2026-10-07T18:37:50.738+0000][606.231s][info][gc,heap        ] GC(180) ParOldGen: 42045K(42496K)->42125K(42496K)
[2026-10-07T18:37:50.738+0000][606.231s][info][gc,metaspace   ] GC(180) Metaspace: 74822K(75648K)->74822K(75648K) NonClass: 65444K(65920K)->65444K(65920K) Class: 9378K(9728K)->9378K(9728K)
[2026-10-07T18:37:50.738+0000][606.231s][info][gc             ] GC(180) Pause Young (Allocation Failure) 52M->41M(53M) 10.752ms
[2026-10-07T18:37:50.738+0000][606.231s][info][gc,cpu         ] GC(180) User=0.00s Sys=0.00s Real=0.01s
[2026-10-07T18:37:53.033+0000][608.526s][info][gc,start       ] GC(181) Pause Young (Allocation Failure)
[2026-10-07T18:37:53.043+0000][608.536s][info][gc,heap        ] GC(181) PSYoungGen: 11618K(12288K)->320K(11776K) Eden: 11264K(11264K)->0K(11264K) From: 354K(1024K)->320K(512K)
[2026-10-07T18:37:53.043+0000][608.536s][info][gc,heap        ] GC(181) ParOldGen: 42125K(42496K)->42243K(42496K)
[2026-10-07T18:37:53.043+0000][608.536s][info][gc,metaspace   ] GC(181) Metaspace: 74823K(75648K)->74823K(75648K) NonClass: 65445K(65920K)->65445K(65920K) Class: 9378K(9728K)->9378K(9728K)
[2026-10-07T18:37:53.043+0000][608.536s][info][gc             ] GC(181) Pause Young (Allocation Failure) 52M->41M(53M) 9.872ms
[2026-10-07T18:37:53.045+0000][608.538s][info][gc,cpu         ] GC(181) User=0.00s Sys=0.00s Real=0.02s
[2026-10-07T18:37:54.951+0000][610.444s][info][gc,start       ] GC(182) Pause Young (Allocation Failure)
[2026-10-07T18:37:54.957+0000][610.451s][info][gc,heap        ] GC(182) PSYoungGen: 11583K(11776K)->384K(12288K) Eden: 11263K(11264K)->0K(11264K) From: 320K(512K)->384K(1024K)
[2026-10-07T18:37:54.958+0000][610.451s][info][gc,heap        ] GC(182) ParOldGen: 42243K(42496K)->42315K(42496K)
[2026-10-07T18:37:54.958+0000][610.451s][info][gc,metaspace   ] GC(182) Metaspace: 74823K(75648K)->74823K(75648K) NonClass: 65445K(65920K)->65445K(65920K) Class: 9378K(9728K)->9378K(9728K)
[2026-10-07T18:37:54.958+0000][610.451s][info][gc             ] GC(182) Pause Young (Allocation Failure) 52M->41M(53M) 6.740ms
[2026-10-07T18:37:54.958+0000][610.451s][info][gc,cpu         ] GC(182) User=0.01s Sys=0.00s Real=0.01s
[2026-10-07T18:37:56.974+0000][612.467s][info][gc,start       ] GC(183) Pause Young (Allocation Failure)
[2026-10-07T18:37:56.979+0000][612.472s][info][gc,heap        ] GC(183) PSYoungGen: 11648K(12288K)->381K(11776K) Eden: 11264K(11264K)->0K(11264K) From: 384K(1024K)->381K(512K)
[2026-10-07T18:37:56.979+0000][612.472s][info][gc,heap        ] GC(183) ParOldGen: 42315K(42496K)->42395K(42496K)
[2026-10-07T18:37:56.979+0000][612.472s][info][gc,metaspace   ] GC(183) Metaspace: 74824K(75648K)->74824K(75648K) NonClass: 65446K(65920K)->65446K(65920K) Class: 9378K(9728K)->9378K(9728K)
[2026-10-07T18:37:56.979+0000][612.472s][info][gc             ] GC(183) Pause Young (Allocation Failure) 52M->41M(53M) 5.263ms
[2026-10-07T18:37:56.979+0000][612.472s][info][gc,cpu         ] GC(183) User=0.01s Sys=0.00s Real=0.00s
[2026-10-07T18:37:59.080+0000][614.573s][info][gc,start       ] GC(184) Pause Young (Allocation Failure)
[2026-10-07T18:37:59.087+0000][614.580s][info][gc,heap        ] GC(184) PSYoungGen: 11645K(11776K)->320K(11776K) Eden: 11264K(11264K)->0K(11264K) From: 381K(512K)->320K(512K)
[2026-10-07T18:37:59.087+0000][614.580s][info][gc,heap        ] GC(184) ParOldGen: 42395K(42496K)->42592K(43008K)
[2026-10-07T18:37:59.087+0000][614.580s][info][gc,metaspace   ] GC(184) Metaspace: 74824K(75648K)->74824K(75648K) NonClass: 65446K(65920K)->65446K(65920K) Class: 9378K(9728K)->9378K(9728K)
[2026-10-07T18:37:59.087+0000][614.580s][info][gc             ] GC(184) Pause Young (Allocation Failure) 52M->41M(53M) 7.413ms
[2026-10-07T18:37:59.087+0000][614.580s][info][gc,cpu         ] GC(184) User=0.01s Sys=0.00s Real=0.01s
[2026-10-07T18:38:01.053+0000][616.546s][info][gc,start       ] GC(185) Pause Young (Allocation Failure)
[2026-10-07T18:38:01.058+0000][616.551s][info][gc,heap        ] GC(185) PSYoungGen: 11584K(11776K)->371K(11776K) Eden: 11264K(11264K)->0K(11264K) From: 320K(512K)->371K(512K)
[2026-10-07T18:38:01.058+0000][616.551s][info][gc,heap        ] GC(185) ParOldGen: 42592K(43008K)->42644K(43008K)
[2026-10-07T18:38:01.058+0000][616.551s][info][gc,metaspace   ] GC(185) Metaspace: 74824K(75648K)->74824K(75648K) NonClass: 65446K(65920K)->65446K(65920K) Class: 9378K(9728K)->9378K(9728K)
[2026-10-07T18:38:01.058+0000][616.551s][info][gc             ] GC(185) Pause Young (Allocation Failure) 52M->42M(53M) 4.873ms
[2026-10-07T18:38:01.058+0000][616.551s][info][gc,cpu         ] GC(185) User=0.00s Sys=0.00s Real=0.01s
[2026-10-07T18:38:03.229+0000][618.722s][info][gc,start       ] GC(186) Pause Young (Allocation Failure)
[2026-10-07T18:38:03.231+0000][618.724s][info][gc,heap        ] GC(186) PSYoungGen: 11635K(11776K)->352K(11776K) Eden: 11264K(11264K)->0K(11264K) From: 371K(512K)->352K(512K)
[2026-10-07T18:38:03.231+0000][618.725s][info][gc,heap        ] GC(186) ParOldGen: 42644K(43008K)->42760K(43008K)
[2026-10-07T18:38:03.232+0000][618.725s][info][gc,metaspace   ] GC(186) Metaspace: 74824K(75648K)->74824K(75648K) NonClass: 65446K(65920K)->65446K(65920K) Class: 9378K(9728K)->9378K(9728K)
[2026-10-07T18:38:03.232+0000][618.725s][info][gc             ] GC(186) Pause Young (Allocation Failure) 53M->42M(53M) 2.908ms
[2026-10-07T18:38:03.232+0000][618.725s][info][gc,cpu         ] GC(186) User=0.01s Sys=0.01s Real=0.00s
[2026-10-07T18:38:05.100+0000][620.593s][info][gc,start       ] GC(187) Pause Young (Allocation Failure)
[2026-10-07T18:38:05.107+0000][620.600s][info][gc,heap        ] GC(187) PSYoungGen: 11615K(11776K)->494K(11776K) Eden: 11263K(11264K)->0K(11264K) From: 352K(512K)->494K(512K)
[2026-10-07T18:38:05.107+0000][620.600s][info][gc,heap        ] GC(187) ParOldGen: 42760K(43008K)->42848K(43008K)
[2026-10-07T18:38:05.107+0000][620.600s][info][gc,metaspace   ] GC(187) Metaspace: 74825K(75648K)->74825K(75648K) NonClass: 65447K(65920K)->65447K(65920K) Class: 9378K(9728K)->9378K(9728K)
[2026-10-07T18:38:05.107+0000][620.600s][info][gc             ] GC(187) Pause Young (Allocation Failure) 53M->42M(53M) 6.853ms
[2026-10-07T18:38:05.107+0000][620.600s][info][gc,cpu         ] GC(187) User=0.01s Sys=0.00s Real=0.01s
[2026-10-07T18:38:07.155+0000][622.648s][info][gc,start       ] GC(188) Pause Young (Allocation Failure)
[2026-10-07T18:38:07.160+0000][622.653s][info][gc,heap        ] GC(188) PSYoungGen: 11758K(11776K)->447K(11776K) Eden: 11264K(11264K)->0K(11264K) From: 494K(512K)->447K(512K)
[2026-10-07T18:38:07.160+0000][622.653s][info][gc,heap        ] GC(188) ParOldGen: 42848K(43008K)->42942K(43008K)
[2026-10-07T18:38:07.160+0000][622.653s][info][gc,metaspace   ] GC(188) Metaspace: 74825K(75648K)->74825K(75648K) NonClass: 65447K(65920K)->65447K(65920K) Class: 9378K(9728K)->9378K(9728K)
[2026-10-07T18:38:07.160+0000][622.653s][info][gc             ] GC(188) Pause Young (Allocation Failure) 53M->42M(53M) 5.090ms
[2026-10-07T18:38:07.160+0000][622.653s][info][gc,cpu         ] GC(188) User=0.01s Sys=0.00s Real=0.00s
[2026-10-07T18:38:09.258+0000][624.751s][info][gc,start       ] GC(189) Pause Young (Allocation Failure)
[2026-10-07T18:38:09.264+0000][624.757s][info][gc,heap        ] GC(189) PSYoungGen: 11711K(11776K)->352K(11776K) Eden: 11264K(11264K)->0K(11264K) From: 447K(512K)->352K(512K)
[2026-10-07T18:38:09.264+0000][624.757s][info][gc,heap        ] GC(189) ParOldGen: 42942K(43008K)->43109K(43520K)
[2026-10-07T18:38:09.264+0000][624.757s][info][gc,metaspace   ] GC(189) Metaspace: 74825K(75648K)->74825K(75648K) NonClass: 65447K(65920K)->65447K(65920K) Class: 9378K(9728K)->9378K(9728K)
[2026-10-07T18:38:09.264+0000][624.757s][info][gc             ] GC(189) Pause Young (Allocation Failure) 53M->42M(54M) 6.526ms
[2026-10-07T18:38:09.264+0000][624.757s][info][gc,cpu         ] GC(189) User=0.00s Sys=0.00s Real=0.01s
[2026-10-07T18:38:11.289+0000][626.782s][info][gc,start       ] GC(190) Pause Young (Allocation Failure)
[2026-10-07T18:38:11.293+0000][626.786s][info][gc,heap        ] GC(190) PSYoungGen: 11616K(11776K)->382K(12288K) Eden: 11264K(11264K)->0K(11264K) From: 352K(512K)->382K(1024K)
[2026-10-07T18:38:11.293+0000][626.786s][info][gc,heap        ] GC(190) ParOldGen: 43109K(43520K)->43173K(43520K)
[2026-10-07T18:38:11.293+0000][626.786s][info][gc,metaspace   ] GC(190) Metaspace: 74825K(75648K)->74825K(75648K) NonClass: 65447K(65920K)->65447K(65920K) Class: 9378K(9728K)->9378K(9728K)
[2026-10-07T18:38:11.293+0000][626.786s][info][gc             ] GC(190) Pause Young (Allocation Failure) 53M->42M(54M) 4.043ms
[2026-10-07T18:38:11.293+0000][626.786s][info][gc,cpu         ] GC(190) User=0.01s Sys=0.00s Real=0.00s
[2026-10-07T18:38:13.375+0000][628.868s][info][gc,start       ] GC(191) Pause Young (Allocation Failure)
[2026-10-07T18:38:13.384+0000][628.877s][info][gc,heap        ] GC(191) PSYoungGen: 11638K(12288K)->384K(11776K) Eden: 11255K(11264K)->0K(11264K) From: 382K(1024K)->384K(512K)
[2026-10-07T18:38:13.384+0000][628.877s][info][gc,heap        ] GC(191) ParOldGen: 43173K(43520K)->43320K(43520K)
[2026-10-07T18:38:13.384+0000][628.877s][info][gc,metaspace   ] GC(191) Metaspace: 74825K(75648K)->74825K(75648K) NonClass: 65447K(65920K)->65447K(65920K) Class: 9378K(9728K)->9378K(9728K)
[2026-10-07T18:38:13.384+0000][628.877s][info][gc             ] GC(191) Pause Young (Allocation Failure) 53M->42M(54M) 9.211ms
[2026-10-07T18:38:13.384+0000][628.877s][info][gc,cpu         ] GC(191) User=0.01s Sys=0.01s Real=0.01s
[2026-10-07T18:38:15.524+0000][631.017s][info][gc,start       ] GC(192) Pause Young (Allocation Failure)
[2026-10-07T18:38:15.529+0000][631.022s][info][gc,heap        ] GC(192) PSYoungGen: 11648K(11776K)->351K(11776K) Eden: 11264K(11264K)->0K(11264K) From: 384K(512K)->351K(512K)
[2026-10-07T18:38:15.529+0000][631.022s][info][gc,heap        ] GC(192) ParOldGen: 43320K(43520K)->43360K(43520K)
[2026-10-07T18:38:15.529+0000][631.022s][info][gc,metaspace   ] GC(192) Metaspace: 74825K(75648K)->74825K(75648K) NonClass: 65447K(65920K)->65447K(65920K) Class: 9378K(9728K)->9378K(9728K)
[2026-10-07T18:38:15.529+0000][631.022s][info][gc             ] GC(192) Pause Young (Allocation Failure) 53M->42M(54M) 4.543ms
[2026-10-07T18:38:15.529+0000][631.022s][info][gc,cpu         ] GC(192) User=0.01s Sys=0.00s Real=0.00s
[2026-10-07T18:38:17.760+0000][633.253s][info][gc,start       ] GC(193) Pause Young (Allocation Failure)
[2026-10-07T18:38:17.765+0000][633.258s][info][gc,heap        ] GC(193) PSYoungGen: 11615K(11776K)->320K(11776K) Eden: 11264K(11264K)->0K(11264K) From: 351K(512K)->320K(512K)
[2026-10-07T18:38:17.765+0000][633.258s][info][gc,heap        ] GC(193) ParOldGen: 43360K(43520K)->43472K(43520K)
[2026-10-07T18:38:17.765+0000][633.258s][info][gc,metaspace   ] GC(193) Metaspace: 74825K(75648K)->74825K(75648K) NonClass: 65447K(65920K)->65447K(65920K) Class: 9378K(9728K)->9378K(9728K)
[2026-10-07T18:38:17.765+0000][633.258s][info][gc             ] GC(193) Pause Young (Allocation Failure) 53M->42M(54M) 5.463ms
[2026-10-07T18:38:17.765+0000][633.259s][info][gc,cpu         ] GC(193) User=0.00s Sys=0.00s Real=0.01s
[2026-10-07T18:38:19.690+0000][635.183s][info][gc,start       ] GC(194) Pause Young (Allocation Failure)
[2026-10-07T18:38:19.695+0000][635.188s][info][gc,heap        ] GC(194) PSYoungGen: 11584K(11776K)->366K(11776K) Eden: 11264K(11264K)->0K(11264K) From: 320K(512K)->366K(512K)
[2026-10-07T18:38:19.695+0000][635.188s][info][gc,heap        ] GC(194) ParOldGen: 43472K(43520K)->43544K(44032K)
[2026-10-07T18:38:19.695+0000][635.188s][info][gc,metaspace   ] GC(194) Metaspace: 74827K(75648K)->74827K(75648K) NonClass: 65449K(65920K)->65449K(65920K) Class: 9378K(9728K)->9378K(9728K)
[2026-10-07T18:38:19.695+0000][635.188s][info][gc             ] GC(194) Pause Young (Allocation Failure) 53M->42M(54M) 4.902ms
[2026-10-07T18:38:19.695+0000][635.188s][info][gc,cpu         ] GC(194) User=0.01s Sys=0.00s Real=0.01s
[2026-10-07T18:38:21.817+0000][637.310s][info][gc,start       ] GC(195) Pause Young (Allocation Failure)
[2026-10-07T18:38:21.822+0000][637.315s][info][gc,heap        ] GC(195) PSYoungGen: 11630K(11776K)->371K(11776K) Eden: 11264K(11264K)->0K(11264K) From: 366K(512K)->371K(512K)
[2026-10-07T18:38:21.822+0000][637.315s][info][gc,heap        ] GC(195) ParOldGen: 43544K(44032K)->43628K(44032K)
[2026-10-07T18:38:21.822+0000][637.315s][info][gc,metaspace   ] GC(195) Metaspace: 74827K(75648K)->74827K(75648K) NonClass: 65449K(65920K)->65449K(65920K) Class: 9378K(9728K)->9378K(9728K)
[2026-10-07T18:38:21.822+0000][637.315s][info][gc             ] GC(195) Pause Young (Allocation Failure) 53M->42M(54M) 4.786ms
[2026-10-07T18:38:21.822+0000][637.315s][info][gc,cpu         ] GC(195) User=0.00s Sys=0.00s Real=0.00s
[2026-10-07T18:38:23.887+0000][639.380s][info][gc,start       ] GC(196) Pause Young (Allocation Failure)
[2026-10-07T18:38:23.893+0000][639.386s][info][gc,heap        ] GC(196) PSYoungGen: 11635K(11776K)->352K(11776K) Eden: 11264K(11264K)->0K(11264K) From: 371K(512K)->352K(512K)
[2026-10-07T18:38:23.893+0000][639.386s][info][gc,heap        ] GC(196) ParOldGen: 43628K(44032K)->43751K(44032K)
[2026-10-07T18:38:23.893+0000][639.386s][info][gc,metaspace   ] GC(196) Metaspace: 74828K(75648K)->74828K(75648K) NonClass: 65450K(65920K)->65450K(65920K) Class: 9378K(9728K)->9378K(9728K)
[2026-10-07T18:38:23.893+0000][639.386s][info][gc             ] GC(196) Pause Young (Allocation Failure) 53M->43M(54M) 6.517ms
[2026-10-07T18:38:23.893+0000][639.387s][info][gc,cpu         ] GC(196) User=0.00s Sys=0.01s Real=0.00s
[2026-10-07T18:38:25.898+0000][641.391s][info][gc,start       ] GC(197) Pause Young (Allocation Failure)
[2026-10-07T18:38:25.902+0000][641.395s][info][gc,heap        ] GC(197) PSYoungGen: 11616K(11776K)->374K(11776K) Eden: 11264K(11264K)->0K(11264K) From: 352K(512K)->374K(512K)
[2026-10-07T18:38:25.902+0000][641.395s][info][gc,heap        ] GC(197) ParOldGen: 43751K(44032K)->43799K(44032K)
[2026-10-07T18:38:25.902+0000][641.395s][info][gc,metaspace   ] GC(197) Metaspace: 74828K(75648K)->74828K(75648K) NonClass: 65450K(65920K)->65450K(65920K) Class: 9378K(9728K)->9378K(9728K)
[2026-10-07T18:38:25.902+0000][641.395s][info][gc             ] GC(197) Pause Young (Allocation Failure) 54M->43M(54M) 4.394ms
[2026-10-07T18:38:25.902+0000][641.396s][info][gc,cpu         ] GC(197) User=0.00s Sys=0.00s Real=0.00s
[2026-10-07T18:38:27.852+0000][643.345s][info][gc,start       ] GC(198) Pause Young (Allocation Failure)
[2026-10-07T18:38:27.857+0000][643.350s][info][gc,heap        ] GC(198) PSYoungGen: 11638K(11776K)->352K(11776K) Eden: 11264K(11264K)->0K(11264K) From: 374K(512K)->352K(512K)
[2026-10-07T18:38:27.857+0000][643.350s][info][gc,heap        ] GC(198) ParOldGen: 43799K(44032K)->43926K(44032K)
[2026-10-07T18:38:27.857+0000][643.350s][info][gc,metaspace   ] GC(198) Metaspace: 74828K(75648K)->74828K(75648K) NonClass: 65450K(65920K)->65450K(65920K) Class: 9378K(9728K)->9378K(9728K)
[2026-10-07T18:38:27.857+0000][643.350s][info][gc             ] GC(198) Pause Young (Allocation Failure) 54M->43M(54M) 4.655ms
[2026-10-07T18:38:27.857+0000][643.350s][info][gc,cpu         ] GC(198) User=0.01s Sys=0.00s Real=0.01s
[2026-10-07T18:38:29.878+0000][645.371s][info][gc,start       ] GC(199) Pause Young (Allocation Failure)
[2026-10-07T18:38:29.884+0000][645.377s][info][gc,heap        ] GC(199) PSYoungGen: 11616K(11776K)->352K(11776K) Eden: 11264K(11264K)->0K(11264K) From: 352K(512K)->352K(512K)
[2026-10-07T18:38:29.884+0000][645.377s][info][gc,heap        ] GC(199) ParOldGen: 43926K(44032K)->44014K(44032K)
[2026-10-07T18:38:29.884+0000][645.377s][info][gc,metaspace   ] GC(199) Metaspace: 74893K(75776K)->74893K(75776K) NonClass: 65501K(65984K)->65501K(65984K) Class: 9391K(9792K)->9391K(9792K)
[2026-10-07T18:38:29.884+0000][645.377s][info][gc             ] GC(199) Pause Young (Allocation Failure) 54M->43M(54M) 5.227ms
[2026-10-07T18:38:29.884+0000][645.377s][info][gc,cpu         ] GC(199) User=0.01s Sys=0.00s Real=0.01s
[2026-10-07T18:38:31.883+0000][647.376s][info][gc,start       ] GC(200) Pause Young (Allocation Failure)
[2026-10-07T18:38:31.888+0000][647.381s][info][gc,heap        ] GC(200) PSYoungGen: 11616K(11776K)->397K(11776K) Eden: 11264K(11264K)->0K(11264K) From: 352K(512K)->397K(512K)
[2026-10-07T18:38:31.888+0000][647.381s][info][gc,heap        ] GC(200) ParOldGen: 44014K(44032K)->44062K(44544K)
[2026-10-07T18:38:31.888+0000][647.381s][info][gc,metaspace   ] GC(200) Metaspace: 74895K(75776K)->74895K(75776K) NonClass: 65503K(65984K)->65503K(65984K) Class: 9391K(9792K)->9391K(9792K)
[2026-10-07T18:38:31.888+0000][647.381s][info][gc             ] GC(200) Pause Young (Allocation Failure) 54M->43M(55M) 4.978ms
[2026-10-07T18:38:31.888+0000][647.381s][info][gc,cpu         ] GC(200) User=0.01s Sys=0.00s Real=0.01s
[2026-10-07T18:38:33.898+0000][649.391s][info][gc,start       ] GC(201) Pause Young (Allocation Failure)
[2026-10-07T18:38:33.903+0000][649.396s][info][gc,heap        ] GC(201) PSYoungGen: 11661K(11776K)->366K(11776K) Eden: 11263K(11264K)->0K(11264K) From: 397K(512K)->366K(512K)
[2026-10-07T18:38:33.903+0000][649.396s][info][gc,heap        ] GC(201) ParOldGen: 44062K(44544K)->44235K(44544K)
[2026-10-07T18:38:33.903+0000][649.396s][info][gc,metaspace   ] GC(201) Metaspace: 74902K(75776K)->74902K(75776K) NonClass: 65511K(65984K)->65511K(65984K) Class: 9391K(9792K)->9391K(9792K)
[2026-10-07T18:38:33.903+0000][649.397s][info][gc             ] GC(201) Pause Young (Allocation Failure) 54M->43M(55M) 5.721ms
[2026-10-07T18:38:33.903+0000][649.397s][info][gc,cpu         ] GC(201) User=0.00s Sys=0.00s Real=0.00s
[2026-10-07T18:38:35.993+0000][651.486s][info][gc,start       ] GC(202) Pause Young (Allocation Failure)
[2026-10-07T18:38:35.999+0000][651.493s][info][gc,heap        ] GC(202) PSYoungGen: 11630K(11776K)->371K(11776K) Eden: 11264K(11264K)->0K(11264K) From: 366K(512K)->371K(512K)
[2026-10-07T18:38:36.000+0000][651.493s][info][gc,heap        ] GC(202) ParOldGen: 44235K(44544K)->44330K(44544K)
[2026-10-07T18:38:36.000+0000][651.493s][info][gc,metaspace   ] GC(202) Metaspace: 74903K(75776K)->74903K(75776K) NonClass: 65511K(65984K)->65511K(65984K) Class: 9391K(9792K)->9391K(9792K)
[2026-10-07T18:38:36.000+0000][651.493s][info][gc             ] GC(202) Pause Young (Allocation Failure) 54M->43M(55M) 6.450ms
[2026-10-07T18:38:36.000+0000][651.493s][info][gc,cpu         ] GC(202) User=0.01s Sys=0.00s Real=0.01s
[2026-10-07T18:38:38.221+0000][653.714s][info][gc,start       ] GC(203) Pause Young (Allocation Failure)
[2026-10-07T18:38:38.225+0000][653.718s][info][gc,heap        ] GC(203) PSYoungGen: 11635K(11776K)->320K(11776K) Eden: 11264K(11264K)->0K(11264K) From: 371K(512K)->320K(512K)
[2026-10-07T18:38:38.225+0000][653.718s][info][gc,heap        ] GC(203) ParOldGen: 44330K(44544K)->44458K(44544K)
[2026-10-07T18:38:38.225+0000][653.718s][info][gc,metaspace   ] GC(203) Metaspace: 74903K(75776K)->74903K(75776K) NonClass: 65511K(65984K)->65511K(65984K) Class: 9391K(9792K)->9391K(9792K)
[2026-10-07T18:38:38.226+0000][653.719s][info][gc             ] GC(203) Pause Young (Allocation Failure) 54M->43M(55M) 5.070ms
[2026-10-07T18:38:38.226+0000][653.719s][info][gc,cpu         ] GC(203) User=0.01s Sys=0.00s Real=0.01s
[2026-10-07T18:38:40.176+0000][655.670s][info][gc,start       ] GC(204) Pause Young (Allocation Failure)
[2026-10-07T18:38:40.183+0000][655.676s][info][gc,heap        ] GC(204) PSYoungGen: 11583K(11776K)->499K(11776K) Eden: 11263K(11264K)->0K(11264K) From: 320K(512K)->499K(512K)
[2026-10-07T18:38:40.183+0000][655.676s][info][gc,heap        ] GC(204) ParOldGen: 44458K(44544K)->44538K(44544K)
[2026-10-07T18:38:40.183+0000][655.676s][info][gc,metaspace   ] GC(204) Metaspace: 74903K(75776K)->74903K(75776K) NonClass: 65511K(65984K)->65511K(65984K) Class: 9391K(9792K)->9391K(9792K)
[2026-10-07T18:38:40.183+0000][655.676s][info][gc             ] GC(204) Pause Young (Allocation Failure) 54M->43M(55M) 6.272ms
[2026-10-07T18:38:40.183+0000][655.676s][info][gc,cpu         ] GC(204) User=0.00s Sys=0.00s Real=0.00s
[2026-10-07T18:38:42.287+0000][657.780s][info][gc,start       ] GC(205) Pause Young (Allocation Failure)
[2026-10-07T18:38:42.293+0000][657.786s][info][gc,heap        ] GC(205) PSYoungGen: 11763K(11776K)->320K(11776K) Eden: 11264K(11264K)->0K(11264K) From: 499K(512K)->320K(512K)
[2026-10-07T18:38:42.293+0000][657.787s][info][gc,heap        ] GC(205) ParOldGen: 44538K(44544K)->44657K(45056K)
[2026-10-07T18:38:42.294+0000][657.787s][info][gc,metaspace   ] GC(205) Metaspace: 74903K(75776K)->74903K(75776K) NonClass: 65511K(65984K)->65511K(65984K) Class: 9391K(9792K)->9391K(9792K)
[2026-10-07T18:38:42.294+0000][657.787s][info][gc             ] GC(205) Pause Young (Allocation Failure) 54M->43M(55M) 6.847ms
[2026-10-07T18:38:42.294+0000][657.787s][info][gc,cpu         ] GC(205) User=0.01s Sys=0.00s Real=0.01s
[2026-10-07T18:38:44.526+0000][660.019s][info][gc,start       ] GC(206) Pause Young (Allocation Failure)
[2026-10-07T18:38:44.533+0000][660.026s][info][gc,heap        ] GC(206) PSYoungGen: 11584K(11776K)->320K(11776K) Eden: 11264K(11264K)->0K(11264K) From: 320K(512K)->320K(512K)
[2026-10-07T18:38:44.533+0000][660.026s][info][gc,heap        ] GC(206) ParOldGen: 44657K(45056K)->44729K(45056K)
[2026-10-07T18:38:44.533+0000][660.026s][info][gc,metaspace   ] GC(206) Metaspace: 74910K(75776K)->74910K(75776K) NonClass: 65518K(65984K)->65518K(65984K) Class: 9391K(9792K)->9391K(9792K)
[2026-10-07T18:38:44.533+0000][660.026s][info][gc             ] GC(206) Pause Young (Allocation Failure) 54M->43M(55M) 7.256ms
[2026-10-07T18:38:44.533+0000][660.026s][info][gc,cpu         ] GC(206) User=0.01s Sys=0.01s Real=0.00s
[2026-10-07T18:38:46.534+0000][662.027s][info][gc,start       ] GC(207) Pause Young (Allocation Failure)
[2026-10-07T18:38:46.538+0000][662.031s][info][gc,heap        ] GC(207) PSYoungGen: 11584K(11776K)->372K(11776K) Eden: 11264K(11264K)->0K(11264K) From: 320K(512K)->372K(512K)
[2026-10-07T18:38:46.538+0000][662.031s][info][gc,heap        ] GC(207) ParOldGen: 44729K(45056K)->44785K(45056K)
[2026-10-07T18:38:46.538+0000][662.031s][info][gc,metaspace   ] GC(207) Metaspace: 74910K(75776K)->74910K(75776K) NonClass: 65518K(65984K)->65518K(65984K) Class: 9391K(9792K)->9391K(9792K)
[2026-10-07T18:38:46.538+0000][662.031s][info][gc             ] GC(207) Pause Young (Allocation Failure) 54M->44M(55M) 4.603ms
[2026-10-07T18:38:46.538+0000][662.031s][info][gc,cpu         ] GC(207) User=0.01s Sys=0.00s Real=0.00s
[2026-10-07T18:38:48.647+0000][664.140s][info][gc,start       ] GC(208) Pause Young (Allocation Failure)
[2026-10-07T18:38:48.652+0000][664.145s][info][gc,heap        ] GC(208) PSYoungGen: 11636K(11776K)->384K(11776K) Eden: 11263K(11264K)->0K(11264K) From: 372K(512K)->384K(512K)
[2026-10-07T18:38:48.652+0000][664.145s][info][gc,heap        ] GC(208) ParOldGen: 44785K(45056K)->44934K(45056K)
[2026-10-07T18:38:48.652+0000][664.145s][info][gc,metaspace   ] GC(208) Metaspace: 74912K(75776K)->74912K(75776K) NonClass: 65520K(65984K)->65520K(65984K) Class: 9391K(9792K)->9391K(9792K)
[2026-10-07T18:38:48.652+0000][664.145s][info][gc             ] GC(208) Pause Young (Allocation Failure) 55M->44M(55M) 5.195ms
[2026-10-07T18:38:48.652+0000][664.145s][info][gc,cpu         ] GC(208) User=0.01s Sys=0.00s Real=0.00s
[2026-10-07T18:38:50.577+0000][666.070s][info][gc,start       ] GC(209) Pause Young (Allocation Failure)
[2026-10-07T18:38:50.586+0000][666.079s][info][gc,heap        ] GC(209) PSYoungGen: 11648K(11776K)->384K(11776K) Eden: 11264K(11264K)->0K(11264K) From: 384K(512K)->384K(512K)
[2026-10-07T18:38:50.587+0000][666.080s][info][gc,heap        ] GC(209) ParOldGen: 44934K(45056K)->45018K(45056K)
[2026-10-07T18:38:50.587+0000][666.080s][info][gc,metaspace   ] GC(209) Metaspace: 74916K(75776K)->74916K(75776K) NonClass: 65524K(65984K)->65524K(65984K) Class: 9391K(9792K)->9391K(9792K)
[2026-10-07T18:38:50.589+0000][666.082s][info][gc             ] GC(209) Pause Young (Allocation Failure) 55M->44M(55M) 11.805ms
[2026-10-07T18:38:50.589+0000][666.082s][info][gc,cpu         ] GC(209) User=0.01s Sys=0.00s Real=0.01s
[2026-10-07T18:38:53.007+0000][668.500s][info][gc,start       ] GC(210) Pause Young (Allocation Failure)
[2026-10-07T18:38:53.012+0000][668.505s][info][gc,heap        ] GC(210) PSYoungGen: 11648K(11776K)->288K(11776K) Eden: 11264K(11264K)->0K(11264K) From: 384K(512K)->288K(512K)
[2026-10-07T18:38:53.012+0000][668.505s][info][gc,heap        ] GC(210) ParOldGen: 45018K(45056K)->45155K(45568K)
[2026-10-07T18:38:53.012+0000][668.506s][info][gc,metaspace   ] GC(210) Metaspace: 74916K(75776K)->74916K(75776K) NonClass: 65524K(65984K)->65524K(65984K) Class: 9391K(9792K)->9391K(9792K)
[2026-10-07T18:38:53.012+0000][668.506s][info][gc             ] GC(210) Pause Young (Allocation Failure) 55M->44M(56M) 5.357ms
[2026-10-07T18:38:53.013+0000][668.506s][info][gc,cpu         ] GC(210) User=0.01s Sys=0.00s Real=0.00s
[2026-10-07T18:38:55.059+0000][670.552s][info][gc,start       ] GC(211) Pause Young (Allocation Failure)
[2026-10-07T18:38:55.064+0000][670.557s][info][gc,heap        ] GC(211) PSYoungGen: 11552K(11776K)->288K(11776K) Eden: 11264K(11264K)->0K(11264K) From: 288K(512K)->288K(512K)
[2026-10-07T18:38:55.064+0000][670.557s][info][gc,heap        ] GC(211) ParOldGen: 45155K(45568K)->45255K(45568K)
[2026-10-07T18:38:55.064+0000][670.557s][info][gc,metaspace   ] GC(211) Metaspace: 74916K(75776K)->74916K(75776K) NonClass: 65524K(65984K)->65524K(65984K) Class: 9391K(9792K)->9391K(9792K)
[2026-10-07T18:38:55.064+0000][670.557s][info][gc             ] GC(211) Pause Young (Allocation Failure) 55M->44M(56M) 5.657ms
[2026-10-07T18:38:55.066+0000][670.559s][info][gc,cpu         ] GC(211) User=0.01s Sys=0.00s Real=0.01s
[2026-10-07T18:38:57.124+0000][672.617s][info][gc,start       ] GC(212) Pause Young (Allocation Failure)
[2026-10-07T18:38:57.130+0000][672.623s][info][gc,heap        ] GC(212) PSYoungGen: 11552K(11776K)->429K(11776K) Eden: 11264K(11264K)->0K(11264K) From: 288K(512K)->429K(512K)
[2026-10-07T18:38:57.130+0000][672.623s][info][gc,heap        ] GC(212) ParOldGen: 45255K(45568K)->45303K(45568K)
[2026-10-07T18:38:57.130+0000][672.623s][info][gc,metaspace   ] GC(212) Metaspace: 74920K(75776K)->74920K(75776K) NonClass: 65529K(65984K)->65529K(65984K) Class: 9391K(9792K)->9391K(9792K)
[2026-10-07T18:38:57.130+0000][672.623s][info][gc             ] GC(212) Pause Young (Allocation Failure) 55M->44M(56M) 5.973ms
[2026-10-07T18:38:57.130+0000][672.623s][info][gc,cpu         ] GC(212) User=0.01s Sys=0.00s Real=0.00s
[2026-10-07T18:38:59.094+0000][674.587s][info][gc,start       ] GC(213) Pause Young (Allocation Failure)
[2026-10-07T18:38:59.099+0000][674.592s][info][gc,heap        ] GC(213) PSYoungGen: 11693K(11776K)->352K(11776K) Eden: 11264K(11264K)->0K(11264K) From: 429K(512K)->352K(512K)
[2026-10-07T18:38:59.099+0000][674.592s][info][gc,heap        ] GC(213) ParOldGen: 45303K(45568K)->45460K(45568K)
[2026-10-07T18:38:59.099+0000][674.592s][info][gc,metaspace   ] GC(213) Metaspace: 74920K(75776K)->74920K(75776K) NonClass: 65529K(65984K)->65529K(65984K) Class: 9391K(9792K)->9391K(9792K)
[2026-10-07T18:38:59.099+0000][674.592s][info][gc             ] GC(213) Pause Young (Allocation Failure) 55M->44M(56M) 4.878ms
[2026-10-07T18:38:59.099+0000][674.592s][info][gc,cpu         ] GC(213) User=0.01s Sys=0.00s Real=0.00s
[2026-10-07T18:39:01.096+0000][676.589s][info][gc,start       ] GC(214) Pause Young (Allocation Failure)
[2026-10-07T18:39:01.102+0000][676.595s][info][gc,heap        ] GC(214) PSYoungGen: 11616K(11776K)->394K(11776K) Eden: 11264K(11264K)->0K(11264K) From: 352K(512K)->394K(512K)
[2026-10-07T18:39:01.102+0000][676.595s][info][gc,heap        ] GC(214) ParOldGen: 45460K(45568K)->45512K(45568K)
[2026-10-07T18:39:01.102+0000][676.595s][info][gc,metaspace   ] GC(214) Metaspace: 74923K(75776K)->74923K(75776K) NonClass: 65531K(65984K)->65531K(65984K) Class: 9391K(9792K)->9391K(9792K)
[2026-10-07T18:39:01.102+0000][676.595s][info][gc             ] GC(214) Pause Young (Allocation Failure) 55M->44M(56M) 5.777ms
[2026-10-07T18:39:01.102+0000][676.595s][info][gc,cpu         ] GC(214) User=0.00s Sys=0.00s Real=0.00s
[2026-10-07T18:39:03.360+0000][678.853s][info][gc,start       ] GC(215) Pause Young (Allocation Failure)
[2026-10-07T18:39:03.365+0000][678.858s][info][gc,heap        ] GC(215) PSYoungGen: 11658K(11776K)->320K(11776K) Eden: 11264K(11264K)->0K(11264K) From: 394K(512K)->320K(512K)
[2026-10-07T18:39:03.365+0000][678.858s][info][gc,heap        ] GC(215) ParOldGen: 45512K(45568K)->45659K(46080K)
[2026-10-07T18:39:03.365+0000][678.858s][info][gc,metaspace   ] GC(215) Metaspace: 74923K(75776K)->74923K(75776K) NonClass: 65531K(65984K)->65531K(65984K) Class: 9391K(9792K)->9391K(9792K)
[2026-10-07T18:39:03.365+0000][678.858s][info][gc             ] GC(215) Pause Young (Allocation Failure) 55M->44M(56M) 5.167ms
[2026-10-07T18:39:03.367+0000][678.860s][info][gc,cpu         ] GC(215) User=0.01s Sys=0.00s Real=0.01s
[2026-10-07T18:39:05.331+0000][680.824s][info][gc,start       ] GC(216) Pause Young (Allocation Failure)
[2026-10-07T18:39:05.335+0000][680.828s][info][gc,heap        ] GC(216) PSYoungGen: 11584K(11776K)->387K(11776K) Eden: 11264K(11264K)->0K(11264K) From: 320K(512K)->387K(512K)
[2026-10-07T18:39:05.335+0000][680.828s][info][gc,heap        ] GC(216) ParOldGen: 45659K(46080K)->45699K(46080K)
[2026-10-07T18:39:05.335+0000][680.828s][info][gc,metaspace   ] GC(216) Metaspace: 74924K(75776K)->74924K(75776K) NonClass: 65533K(65984K)->65533K(65984K) Class: 9391K(9792K)->9391K(9792K)
[2026-10-07T18:39:05.335+0000][680.828s][info][gc             ] GC(216) Pause Young (Allocation Failure) 55M->45M(56M) 3.827ms
[2026-10-07T18:39:05.335+0000][680.828s][info][gc,cpu         ] GC(216) User=0.00s Sys=0.00s Real=0.01s
[2026-10-07T18:39:07.315+0000][682.808s][info][gc,start       ] GC(217) Pause Young (Allocation Failure)
[2026-10-07T18:39:07.318+0000][682.811s][info][gc,heap        ] GC(217) PSYoungGen: 11651K(11776K)->352K(11776K) Eden: 11264K(11264K)->0K(11264K) From: 387K(512K)->352K(512K)
[2026-10-07T18:39:07.318+0000][682.812s][info][gc,heap        ] GC(217) ParOldGen: 45699K(46080K)->45874K(46080K)
[2026-10-07T18:39:07.318+0000][682.812s][info][gc,metaspace   ] GC(217) Metaspace: 74924K(75776K)->74924K(75776K) NonClass: 65533K(65984K)->65533K(65984K) Class: 9391K(9792K)->9391K(9792K)
[2026-10-07T18:39:07.319+0000][682.812s][info][gc             ] GC(217) Pause Young (Allocation Failure) 56M->45M(56M) 3.854ms
[2026-10-07T18:39:07.319+0000][682.812s][info][gc,cpu         ] GC(217) User=0.00s Sys=0.00s Real=0.00s
[2026-10-07T18:39:09.293+0000][684.786s][info][gc,start       ] GC(218) Pause Young (Allocation Failure)
[2026-10-07T18:39:09.298+0000][684.791s][info][gc,heap        ] GC(218) PSYoungGen: 11616K(11776K)->320K(11776K) Eden: 11264K(11264K)->0K(11264K) From: 352K(512K)->320K(512K)
[2026-10-07T18:39:09.298+0000][684.791s][info][gc,heap        ] GC(218) ParOldGen: 45874K(46080K)->45962K(46080K)
[2026-10-07T18:39:09.298+0000][684.791s][info][gc,metaspace   ] GC(218) Metaspace: 74924K(75776K)->74924K(75776K) NonClass: 65533K(65984K)->65533K(65984K) Class: 9391K(9792K)->9391K(9792K)
[2026-10-07T18:39:09.298+0000][684.791s][info][gc             ] GC(218) Pause Young (Allocation Failure) 56M->45M(56M) 5.693ms
[2026-10-07T18:39:09.298+0000][684.791s][info][gc,cpu         ] GC(218) User=0.01s Sys=0.00s Real=0.01s
[2026-10-07T18:39:11.154+0000][686.647s][info][gc,start       ] GC(219) Pause Young (Allocation Failure)
[2026-10-07T18:39:11.160+0000][686.653s][info][gc,heap        ] GC(219) PSYoungGen: 11584K(11776K)->385K(11776K) Eden: 11264K(11264K)->0K(11264K) From: 320K(512K)->385K(512K)
[2026-10-07T18:39:11.160+0000][686.653s][info][gc,heap        ] GC(219) ParOldGen: 45962K(46080K)->46010K(46080K)
[2026-10-07T18:39:11.160+0000][686.653s][info][gc,metaspace   ] GC(219) Metaspace: 74926K(75776K)->74926K(75776K) NonClass: 65534K(65984K)->65534K(65984K) Class: 9391K(9792K)->9391K(9792K)
[2026-10-07T18:39:11.160+0000][686.653s][info][gc             ] GC(219) Pause Young (Allocation Failure) 56M->45M(56M) 6.086ms
[2026-10-07T18:39:11.160+0000][686.653s][info][gc,cpu         ] GC(219) User=0.01s Sys=0.01s Real=0.00s
[2026-10-07T18:39:13.376+0000][688.869s][info][gc,start       ] GC(220) Pause Young (Allocation Failure)
[2026-10-07T18:39:13.383+0000][688.876s][info][gc,heap        ] GC(220) PSYoungGen: 11648K(11776K)->320K(11776K) Eden: 11262K(11264K)->0K(11264K) From: 385K(512K)->320K(512K)
[2026-10-07T18:39:13.383+0000][688.876s][info][gc,heap        ] GC(220) ParOldGen: 46010K(46080K)->46148K(46592K)
[2026-10-07T18:39:13.383+0000][688.876s][info][gc,metaspace   ] GC(220) Metaspace: 74926K(75776K)->74926K(75776K) NonClass: 65534K(65984K)->65534K(65984K) Class: 9391K(9792K)->9391K(9792K)
[2026-10-07T18:39:13.383+0000][688.876s][info][gc             ] GC(220) Pause Young (Allocation Failure) 56M->45M(57M) 7.198ms
[2026-10-07T18:39:13.383+0000][688.876s][info][gc,cpu         ] GC(220) User=0.01s Sys=0.00s Real=0.00s
[2026-10-07T18:39:15.426+0000][690.919s][info][gc,start       ] GC(221) Pause Young (Allocation Failure)
[2026-10-07T18:39:15.431+0000][690.924s][info][gc,heap        ] GC(221) PSYoungGen: 11584K(11776K)->360K(11776K) Eden: 11264K(11264K)->0K(11264K) From: 320K(512K)->360K(512K)
[2026-10-07T18:39:15.431+0000][690.924s][info][gc,heap        ] GC(221) ParOldGen: 46148K(46592K)->46180K(46592K)
[2026-10-07T18:39:15.431+0000][690.924s][info][gc,metaspace   ] GC(221) Metaspace: 74932K(75776K)->74932K(75776K) NonClass: 65540K(65984K)->65540K(65984K) Class: 9391K(9792K)->9391K(9792K)
[2026-10-07T18:39:15.431+0000][690.924s][info][gc             ] GC(221) Pause Young (Allocation Failure) 56M->45M(57M) 5.723ms
[2026-10-07T18:39:15.431+0000][690.924s][info][gc,cpu         ] GC(221) User=0.01s Sys=0.00s Real=0.00s
[2026-10-07T18:39:17.713+0000][693.207s][info][gc,start       ] GC(222) Pause Young (Allocation Failure)
[2026-10-07T18:39:17.719+0000][693.212s][info][gc,heap        ] GC(222) PSYoungGen: 11624K(11776K)->320K(11776K) Eden: 11264K(11264K)->0K(11264K) From: 360K(512K)->320K(512K)
[2026-10-07T18:39:17.719+0000][693.212s][info][gc,heap        ] GC(222) ParOldGen: 46180K(46592K)->46292K(46592K)
[2026-10-07T18:39:17.719+0000][693.212s][info][gc,metaspace   ] GC(222) Metaspace: 74933K(75776K)->74933K(75776K) NonClass: 65541K(65984K)->65541K(65984K) Class: 9391K(9792K)->9391K(9792K)
[2026-10-07T18:39:17.719+0000][693.212s][info][gc             ] GC(222) Pause Young (Allocation Failure) 56M->45M(57M) 5.487ms
[2026-10-07T18:39:17.719+0000][693.212s][info][gc,cpu         ] GC(222) User=0.01s Sys=0.00s Real=0.01s
[2026-10-07T18:39:19.793+0000][695.287s][info][gc,start       ] GC(223) Pause Young (Allocation Failure)
[2026-10-07T18:39:19.799+0000][695.292s][info][gc,heap        ] GC(223) PSYoungGen: 11584K(11776K)->365K(11776K) Eden: 11264K(11264K)->0K(11264K) From: 320K(512K)->365K(512K)
[2026-10-07T18:39:19.799+0000][695.292s][info][gc,heap        ] GC(223) ParOldGen: 46292K(46592K)->46392K(46592K)
[2026-10-07T18:39:19.799+0000][695.292s][info][gc,metaspace   ] GC(223) Metaspace: 74937K(75776K)->74937K(75776K) NonClass: 65546K(65984K)->65546K(65984K) Class: 9391K(9792K)->9391K(9792K)
[2026-10-07T18:39:19.799+0000][695.292s][info][gc             ] GC(223) Pause Young (Allocation Failure) 56M->45M(57M) 5.558ms
[2026-10-07T18:39:19.799+0000][695.292s][info][gc,cpu         ] GC(223) User=0.00s Sys=0.01s Real=0.01s
[2026-10-07T18:39:21.937+0000][697.430s][info][gc,start       ] GC(224) Pause Young (Allocation Failure)
[2026-10-07T18:39:21.947+0000][697.440s][info][gc,heap        ] GC(224) PSYoungGen: 11629K(11776K)->366K(11776K) Eden: 11264K(11264K)->0K(11264K) From: 365K(512K)->366K(512K)
[2026-10-07T18:39:21.947+0000][697.440s][info][gc,heap        ] GC(224) ParOldGen: 46392K(46592K)->46468K(46592K)
[2026-10-07T18:39:21.947+0000][697.440s][info][gc,metaspace   ] GC(224) Metaspace: 74940K(75776K)->74940K(75776K) NonClass: 65548K(65984K)->65548K(65984K) Class: 9391K(9792K)->9391K(9792K)
[2026-10-07T18:39:21.947+0000][697.440s][info][gc             ] GC(224) Pause Young (Allocation Failure) 56M->45M(57M) 9.779ms
[2026-10-07T18:39:21.947+0000][697.440s][info][gc,cpu         ] GC(224) User=0.00s Sys=0.00s Real=0.01s
[2026-10-07T18:39:23.952+0000][699.445s][info][gc,start       ] GC(225) Pause Young (Allocation Failure)
[2026-10-07T18:39:23.957+0000][699.450s][info][gc,heap        ] GC(225) PSYoungGen: 11630K(11776K)->320K(11776K) Eden: 11264K(11264K)->0K(11264K) From: 366K(512K)->320K(512K)
[2026-10-07T18:39:23.957+0000][699.450s][info][gc,heap        ] GC(225) ParOldGen: 46468K(46592K)->46603K(47104K)
[2026-10-07T18:39:23.957+0000][699.450s][info][gc,metaspace   ] GC(225) Metaspace: 74940K(75776K)->74940K(75776K) NonClass: 65548K(65984K)->65548K(65984K) Class: 9391K(9792K)->9391K(9792K)
[2026-10-07T18:39:23.957+0000][699.450s][info][gc             ] GC(225) Pause Young (Allocation Failure) 56M->45M(57M) 5.878ms
[2026-10-07T18:39:23.957+0000][699.451s][info][gc,cpu         ] GC(225) User=0.01s Sys=0.00s Real=0.01s
[2026-10-07T18:39:26.096+0000][701.589s][info][gc,start       ] GC(226) Pause Young (Allocation Failure)
[2026-10-07T18:39:26.108+0000][701.601s][info][gc,heap        ] GC(226) PSYoungGen: 11584K(11776K)->395K(11776K) Eden: 11264K(11264K)->0K(11264K) From: 320K(512K)->395K(512K)
[2026-10-07T18:39:26.108+0000][701.601s][info][gc,heap        ] GC(226) ParOldGen: 46603K(47104K)->46647K(47104K)
[2026-10-07T18:39:26.108+0000][701.601s][info][gc,metaspace   ] GC(226) Metaspace: 74940K(75776K)->74940K(75776K) NonClass: 65548K(65984K)->65548K(65984K) Class: 9391K(9792K)->9391K(9792K)
[2026-10-07T18:39:26.109+0000][701.602s][info][gc             ] GC(226) Pause Young (Allocation Failure) 56M->45M(57M) 12.949ms
[2026-10-07T18:39:26.109+0000][701.602s][info][gc,cpu         ] GC(226) User=0.00s Sys=0.00s Real=0.01s
[2026-10-07T18:39:28.096+0000][703.589s][info][gc,start       ] GC(227) Pause Young (Allocation Failure)
[2026-10-07T18:39:28.103+0000][703.596s][info][gc,heap        ] GC(227) PSYoungGen: 11659K(11776K)->352K(11776K) Eden: 11264K(11264K)->0K(11264K) From: 395K(512K)->352K(512K)
[2026-10-07T18:39:28.103+0000][703.596s][info][gc,heap        ] GC(227) ParOldGen: 46647K(47104K)->46779K(47104K)
[2026-10-07T18:39:28.103+0000][703.596s][info][gc,metaspace   ] GC(227) Metaspace: 74940K(75776K)->74940K(75776K) NonClass: 65548K(65984K)->65548K(65984K) Class: 9391K(9792K)->9391K(9792K)
[2026-10-07T18:39:28.103+0000][703.596s][info][gc             ] GC(227) Pause Young (Allocation Failure) 56M->46M(57M) 7.373ms
[2026-10-07T18:39:28.103+0000][703.596s][info][gc,cpu         ] GC(227) User=0.00s Sys=0.00s Real=0.00s
[2026-10-07T18:39:30.255+0000][705.748s][info][gc,start       ] GC(228) Pause Young (Allocation Failure)
[2026-10-07T18:39:30.261+0000][705.754s][info][gc,heap        ] GC(228) PSYoungGen: 11616K(11776K)->320K(11776K) Eden: 11264K(11264K)->0K(11264K) From: 352K(512K)->320K(512K)
[2026-10-07T18:39:30.261+0000][705.755s][info][gc,heap        ] GC(228) ParOldGen: 46779K(47104K)->46883K(47104K)
[2026-10-07T18:39:30.261+0000][705.755s][info][gc,metaspace   ] GC(228) Metaspace: 74940K(75776K)->74940K(75776K) NonClass: 65548K(65984K)->65548K(65984K) Class: 9391K(9792K)->9391K(9792K)
[2026-10-07T18:39:30.262+0000][705.755s][info][gc             ] GC(228) Pause Young (Allocation Failure) 57M->46M(57M) 6.449ms
[2026-10-07T18:39:30.262+0000][705.755s][info][gc,cpu         ] GC(228) User=0.01s Sys=0.00s Real=0.00s
[2026-10-07T18:39:32.295+0000][707.788s][info][gc,start       ] GC(229) Pause Young (Allocation Failure)
[2026-10-07T18:39:32.300+0000][707.793s][info][gc,heap        ] GC(229) PSYoungGen: 11584K(11776K)->401K(11776K) Eden: 11264K(11264K)->0K(11264K) From: 320K(512K)->401K(512K)
[2026-10-07T18:39:32.300+0000][707.793s][info][gc,heap        ] GC(229) ParOldGen: 46883K(47104K)->46923K(47104K)
[2026-10-07T18:39:32.300+0000][707.793s][info][gc,metaspace   ] GC(229) Metaspace: 74944K(75776K)->74944K(75776K) NonClass: 65552K(65984K)->65552K(65984K) Class: 9391K(9792K)->9391K(9792K)
[2026-10-07T18:39:32.300+0000][707.793s][info][gc             ] GC(229) Pause Young (Allocation Failure) 57M->46M(57M) 5.612ms
[2026-10-07T18:39:32.300+0000][707.793s][info][gc,cpu         ] GC(229) User=0.01s Sys=0.00s Real=0.00s
[2026-10-07T18:39:34.249+0000][709.742s][info][gc,start       ] GC(230) Pause Young (Allocation Failure)
[2026-10-07T18:39:34.255+0000][709.748s][info][gc,heap        ] GC(230) PSYoungGen: 11665K(11776K)->398K(11776K) Eden: 11263K(11264K)->0K(11264K) From: 401K(512K)->398K(512K)
[2026-10-07T18:39:34.255+0000][709.748s][info][gc,heap        ] GC(230) ParOldGen: 46923K(47104K)->47037K(47104K)
[2026-10-07T18:39:34.255+0000][709.748s][info][gc,metaspace   ] GC(230) Metaspace: 74948K(75776K)->74948K(75776K) NonClass: 65557K(65984K)->65557K(65984K) Class: 9391K(9792K)->9391K(9792K)
[2026-10-07T18:39:34.255+0000][709.748s][info][gc             ] GC(230) Pause Young (Allocation Failure) 57M->46M(57M) 5.285ms
[2026-10-07T18:39:34.255+0000][709.748s][info][gc,cpu         ] GC(230) User=0.00s Sys=0.00s Real=0.01s
[2026-10-07T18:39:36.349+0000][711.842s][info][gc,start       ] GC(231) Pause Young (Allocation Failure)
[2026-10-07T18:39:36.354+0000][711.847s][info][gc,heap        ] GC(231) PSYoungGen: 11662K(11776K)->402K(11776K) Eden: 11264K(11264K)->0K(11264K) From: 398K(512K)->402K(512K)
[2026-10-07T18:39:36.354+0000][711.847s][info][gc,heap        ] GC(231) ParOldGen: 47037K(47104K)->47155K(47616K)
[2026-10-07T18:39:36.354+0000][711.847s][info][gc,metaspace   ] GC(231) Metaspace: 74948K(75776K)->74948K(75776K) NonClass: 65557K(65984K)->65557K(65984K) Class: 9391K(9792K)->9391K(9792K)
[2026-10-07T18:39:36.354+0000][711.847s][info][gc             ] GC(231) Pause Young (Allocation Failure) 57M->46M(58M) 5.722ms
[2026-10-07T18:39:36.354+0000][711.847s][info][gc,cpu         ] GC(231) User=0.00s Sys=0.00s Real=0.01s
[2026-10-07T18:39:38.429+0000][713.922s][info][gc,start       ] GC(232) Pause Young (Allocation Failure)
[2026-10-07T18:39:38.434+0000][713.927s][info][gc,heap        ] GC(232) PSYoungGen: 11666K(11776K)->320K(11776K) Eden: 11264K(11264K)->0K(11264K) From: 402K(512K)->320K(512K)
[2026-10-07T18:39:38.434+0000][713.927s][info][gc,heap        ] GC(232) ParOldGen: 47155K(47616K)->47285K(47616K)
[2026-10-07T18:39:38.434+0000][713.927s][info][gc,metaspace   ] GC(232) Metaspace: 74948K(75776K)->74948K(75776K) NonClass: 65557K(65984K)->65557K(65984K) Class: 9391K(9792K)->9391K(9792K)
[2026-10-07T18:39:38.434+0000][713.927s][info][gc             ] GC(232) Pause Young (Allocation Failure) 57M->46M(58M) 4.487ms
[2026-10-07T18:39:38.434+0000][713.927s][info][gc,cpu         ] GC(232) User=0.00s Sys=0.00s Real=0.01s
[2026-10-07T18:39:40.456+0000][715.949s][info][gc,start       ] GC(233) Pause Young (Allocation Failure)
[2026-10-07T18:39:40.461+0000][715.954s][info][gc,heap        ] GC(233) PSYoungGen: 11583K(11776K)->375K(11776K) Eden: 11263K(11264K)->0K(11264K) From: 320K(512K)->375K(512K)
[2026-10-07T18:39:40.461+0000][715.954s][info][gc,heap        ] GC(233) ParOldGen: 47285K(47616K)->47337K(47616K)
[2026-10-07T18:39:40.461+0000][715.954s][info][gc,metaspace   ] GC(233) Metaspace: 74953K(75776K)->74953K(75776K) NonClass: 65561K(65984K)->65561K(65984K) Class: 9391K(9792K)->9391K(9792K)
[2026-10-07T18:39:40.461+0000][715.954s][info][gc             ] GC(233) Pause Young (Allocation Failure) 57M->46M(58M) 5.374ms
[2026-10-07T18:39:40.461+0000][715.954s][info][gc,cpu         ] GC(233) User=0.00s Sys=0.00s Real=0.00s
[2026-10-07T18:39:42.700+0000][718.193s][info][gc,start       ] GC(234) Pause Young (Allocation Failure)
[2026-10-07T18:39:42.705+0000][718.198s][info][gc,heap        ] GC(234) PSYoungGen: 11639K(11776K)->352K(11776K) Eden: 11264K(11264K)->0K(11264K) From: 375K(512K)->352K(512K)
[2026-10-07T18:39:42.705+0000][718.198s][info][gc,heap        ] GC(234) ParOldGen: 47337K(47616K)->47473K(47616K)
[2026-10-07T18:39:42.705+0000][718.198s][info][gc,metaspace   ] GC(234) Metaspace: 74953K(75776K)->74953K(75776K) NonClass: 65561K(65984K)->65561K(65984K) Class: 9391K(9792K)->9391K(9792K)
[2026-10-07T18:39:42.705+0000][718.198s][info][gc             ] GC(234) Pause Young (Allocation Failure) 57M->46M(58M) 5.532ms
[2026-10-07T18:39:42.705+0000][718.198s][info][gc,cpu         ] GC(234) User=0.01s Sys=0.00s Real=0.01s
[2026-10-07T18:39:44.680+0000][720.173s][info][gc,start       ] GC(235) Pause Young (Allocation Failure)
[2026-10-07T18:39:44.684+0000][720.177s][info][gc,heap        ] GC(235) PSYoungGen: 11616K(11776K)->320K(11776K) Eden: 11264K(11264K)->0K(11264K) From: 352K(512K)->320K(512K)
[2026-10-07T18:39:44.684+0000][720.177s][info][gc,heap        ] GC(235) ParOldGen: 47473K(47616K)->47593K(47616K)
[2026-10-07T18:39:44.684+0000][720.177s][info][gc,metaspace   ] GC(235) Metaspace: 74953K(75776K)->74953K(75776K) NonClass: 65561K(65984K)->65561K(65984K) Class: 9391K(9792K)->9391K(9792K)
[2026-10-07T18:39:44.684+0000][720.177s][info][gc             ] GC(235) Pause Young (Allocation Failure) 57M->46M(58M) 4.058ms
[2026-10-07T18:39:44.684+0000][720.177s][info][gc,cpu         ] GC(235) User=0.01s Sys=0.00s Real=0.01s
[2026-10-07T18:39:46.537+0000][722.030s][info][gc,start       ] GC(236) Pause Young (Allocation Failure)
[2026-10-07T18:39:46.541+0000][722.034s][info][gc,heap        ] GC(236) PSYoungGen: 11584K(11776K)->386K(11776K) Eden: 11264K(11264K)->0K(11264K) From: 320K(512K)->386K(512K)
[2026-10-07T18:39:46.542+0000][722.035s][info][gc,heap        ] GC(236) ParOldGen: 47593K(47616K)->47633K(48128K)
[2026-10-07T18:39:46.542+0000][722.035s][info][gc,metaspace   ] GC(236) Metaspace: 74953K(75776K)->74953K(75776K) NonClass: 65561K(65984K)->65561K(65984K) Class: 9391K(9792K)->9391K(9792K)
[2026-10-07T18:39:46.542+0000][722.035s][info][gc             ] GC(236) Pause Young (Allocation Failure) 57M->46M(58M) 4.506ms
[2026-10-07T18:39:46.542+0000][722.035s][info][gc,cpu         ] GC(236) User=0.00s Sys=0.01s Real=0.00s
[2026-10-07T18:39:48.652+0000][724.145s][info][gc,start       ] GC(237) Pause Young (Allocation Failure)
[2026-10-07T18:39:48.658+0000][724.151s][info][gc,heap        ] GC(237) PSYoungGen: 11650K(11776K)->448K(11776K) Eden: 11264K(11264K)->0K(11264K) From: 386K(512K)->448K(512K)
[2026-10-07T18:39:48.658+0000][724.151s][info][gc,heap        ] GC(237) ParOldGen: 47633K(48128K)->47772K(48128K)
[2026-10-07T18:39:48.658+0000][724.151s][info][gc,metaspace   ] GC(237) Metaspace: 74955K(75776K)->74955K(75776K) NonClass: 65564K(65984K)->65564K(65984K) Class: 9391K(9792K)->9391K(9792K)
[2026-10-07T18:39:48.658+0000][724.151s][info][gc             ] GC(237) Pause Young (Allocation Failure) 57M->47M(58M) 5.814ms
[2026-10-07T18:39:48.658+0000][724.151s][info][gc,cpu         ] GC(237) User=0.00s Sys=0.01s Real=0.01s
[2026-10-07T18:39:50.725+0000][726.218s][info][gc,start       ] GC(238) Pause Young (Allocation Failure)
[2026-10-07T18:39:50.730+0000][726.223s][info][gc,heap        ] GC(238) PSYoungGen: 11712K(11776K)->380K(11776K) Eden: 11264K(11264K)->0K(11264K) From: 448K(512K)->380K(512K)
[2026-10-07T18:39:50.731+0000][726.224s][info][gc,heap        ] GC(238) ParOldGen: 47772K(48128K)->47864K(48128K)
[2026-10-07T18:39:50.731+0000][726.224s][info][gc,metaspace   ] GC(238) Metaspace: 74956K(75776K)->74956K(75776K) NonClass: 65564K(65984K)->65564K(65984K) Class: 9391K(9792K)->9391K(9792K)
[2026-10-07T18:39:50.731+0000][726.224s][info][gc             ] GC(238) Pause Young (Allocation Failure) 58M->47M(58M) 6.602ms
[2026-10-07T18:39:50.731+0000][726.224s][info][gc,cpu         ] GC(238) User=0.00s Sys=0.00s Real=0.00s
[2026-10-07T18:39:52.891+0000][728.384s][info][gc,start       ] GC(239) Pause Young (Allocation Failure)
[2026-10-07T18:39:52.896+0000][728.389s][info][gc,heap        ] GC(239) PSYoungGen: 11644K(11776K)->320K(11776K) Eden: 11263K(11264K)->0K(11264K) From: 380K(512K)->320K(512K)
[2026-10-07T18:39:52.896+0000][728.389s][info][gc,heap        ] GC(239) ParOldGen: 47864K(48128K)->47992K(48128K)
[2026-10-07T18:39:52.896+0000][728.389s][info][gc,metaspace   ] GC(239) Metaspace: 74956K(75776K)->74956K(75776K) NonClass: 65564K(65984K)->65564K(65984K) Class: 9391K(9792K)->9391K(9792K)
[2026-10-07T18:39:52.896+0000][728.389s][info][gc             ] GC(239) Pause Young (Allocation Failure) 58M->47M(58M) 5.330ms
[2026-10-07T18:39:52.896+0000][728.389s][info][gc,cpu         ] GC(239) User=0.01s Sys=0.00s Real=0.01s
[2026-10-07T18:39:54.871+0000][730.364s][info][gc,start       ] GC(240) Pause Young (Allocation Failure)
[2026-10-07T18:39:54.876+0000][730.369s][info][gc,heap        ] GC(240) PSYoungGen: 11584K(11776K)->352K(11776K) Eden: 11264K(11264K)->0K(11264K) From: 320K(512K)->352K(512K)
[2026-10-07T18:39:54.876+0000][730.369s][info][gc,heap        ] GC(240) ParOldGen: 47992K(48128K)->48056K(48128K)
[2026-10-07T18:39:54.876+0000][730.369s][info][gc,metaspace   ] GC(240) Metaspace: 74956K(75776K)->74956K(75776K) NonClass: 65564K(65984K)->65564K(65984K) Class: 9391K(9792K)->9391K(9792K)
[2026-10-07T18:39:54.876+0000][730.369s][info][gc             ] GC(240) Pause Young (Allocation Failure) 58M->47M(58M) 5.331ms
[2026-10-07T18:39:54.876+0000][730.369s][info][gc,cpu         ] GC(240) User=0.00s Sys=0.00s Real=0.01s
[2026-10-07T18:39:57.330+0000][732.823s][info][gc,start       ] GC(241) Pause Young (Allocation Failure)
[2026-10-07T18:39:57.335+0000][732.828s][info][gc,heap        ] GC(241) PSYoungGen: 11616K(11776K)->344K(11776K) Eden: 11264K(11264K)->0K(11264K) From: 352K(512K)->344K(512K)
[2026-10-07T18:39:57.335+0000][732.828s][info][gc,heap        ] GC(241) ParOldGen: 48056K(48128K)->48104K(48128K)
[2026-10-07T18:39:57.335+0000][732.828s][info][gc,metaspace   ] GC(241) Metaspace: 74956K(75776K)->74956K(75776K) NonClass: 65564K(65984K)->65564K(65984K) Class: 9391K(9792K)->9391K(9792K)
[2026-10-07T18:39:57.335+0000][732.828s][info][gc             ] GC(241) Pause Young (Allocation Failure) 58M->47M(58M) 5.258ms
[2026-10-07T18:39:57.335+0000][732.828s][info][gc,cpu         ] GC(241) User=0.01s Sys=0.00s Real=0.01s
[2026-10-07T18:39:59.588+0000][735.081s][info][gc,start       ] GC(242) Pause Young (Allocation Failure)
[2026-10-07T18:39:59.592+0000][735.085s][info][gc,heap        ] GC(242) PSYoungGen: 11608K(11776K)->288K(11776K) Eden: 11264K(11264K)->0K(11264K) From: 344K(512K)->288K(512K)
[2026-10-07T18:39:59.592+0000][735.085s][info][gc,heap        ] GC(242) ParOldGen: 48104K(48128K)->48249K(48640K)
[2026-10-07T18:39:59.592+0000][735.085s][info][gc,metaspace   ] GC(242) Metaspace: 74956K(75776K)->74956K(75776K) NonClass: 65564K(65984K)->65564K(65984K) Class: 9391K(9792K)->9391K(9792K)
[2026-10-07T18:39:59.592+0000][735.085s][info][gc             ] GC(242) Pause Young (Allocation Failure) 58M->47M(59M) 3.788ms
[2026-10-07T18:39:59.592+0000][735.085s][info][gc,cpu         ] GC(242) User=0.00s Sys=0.00s Real=0.00s
[2026-10-07T18:40:01.529+0000][737.022s][info][gc,start       ] GC(243) Pause Young (Allocation Failure)
[2026-10-07T18:40:01.533+0000][737.026s][info][gc,heap        ] GC(243) PSYoungGen: 11552K(11776K)->412K(11776K) Eden: 11264K(11264K)->0K(11264K) From: 288K(512K)->412K(512K)
[2026-10-07T18:40:01.533+0000][737.026s][info][gc,heap        ] GC(243) ParOldGen: 48249K(48640K)->48297K(48640K)
[2026-10-07T18:40:01.533+0000][737.026s][info][gc,metaspace   ] GC(243) Metaspace: 74956K(75776K)->74956K(75776K) NonClass: 65564K(65984K)->65564K(65984K) Class: 9391K(9792K)->9391K(9792K)
[2026-10-07T18:40:01.533+0000][737.026s][info][gc             ] GC(243) Pause Young (Allocation Failure) 58M->47M(59M) 4.218ms
[2026-10-07T18:40:01.533+0000][737.026s][info][gc,cpu         ] GC(243) User=0.01s Sys=0.00s Real=0.00s
[2026-10-07T18:40:03.493+0000][738.986s][info][gc,start       ] GC(244) Pause Young (Allocation Failure)
[2026-10-07T18:40:03.496+0000][738.989s][info][gc,heap        ] GC(244) PSYoungGen: 11676K(11776K)->352K(11776K) Eden: 11264K(11264K)->0K(11264K) From: 412K(512K)->352K(512K)
[2026-10-07T18:40:03.496+0000][738.990s][info][gc,heap        ] GC(244) ParOldGen: 48297K(48640K)->48437K(48640K)
[2026-10-07T18:40:03.496+0000][738.990s][info][gc,metaspace   ] GC(244) Metaspace: 74957K(75776K)->74957K(75776K) NonClass: 65565K(65984K)->65565K(65984K) Class: 9391K(9792K)->9391K(9792K)
[2026-10-07T18:40:03.497+0000][738.990s][info][gc             ] GC(244) Pause Young (Allocation Failure) 58M->47M(59M) 3.885ms
[2026-10-07T18:40:03.497+0000][738.990s][info][gc,cpu         ] GC(244) User=0.00s Sys=0.01s Real=0.01s
[2026-10-07T18:40:05.494+0000][740.987s][info][gc,start       ] GC(245) Pause Young (Allocation Failure)
[2026-10-07T18:40:05.500+0000][740.993s][info][gc,heap        ] GC(245) PSYoungGen: 11616K(11776K)->397K(11776K) Eden: 11264K(11264K)->0K(11264K) From: 352K(512K)->397K(512K)
[2026-10-07T18:40:05.500+0000][740.993s][info][gc,heap        ] GC(245) ParOldGen: 48437K(48640K)->48481K(48640K)
[2026-10-07T18:40:05.500+0000][740.993s][info][gc,metaspace   ] GC(245) Metaspace: 74958K(75776K)->74958K(75776K) NonClass: 65566K(65984K)->65566K(65984K) Class: 9391K(9792K)->9391K(9792K)
[2026-10-07T18:40:05.500+0000][740.993s][info][gc             ] GC(245) Pause Young (Allocation Failure) 58M->47M(59M) 6.278ms
[2026-10-07T18:40:05.500+0000][740.993s][info][gc,cpu         ] GC(245) User=0.01s Sys=0.00s Real=0.00s
[2026-10-07T18:40:07.636+0000][743.129s][info][gc,start       ] GC(246) Pause Young (Allocation Failure)
[2026-10-07T18:40:07.642+0000][743.135s][info][gc,heap        ] GC(246) PSYoungGen: 11661K(11776K)->352K(11776K) Eden: 11264K(11264K)->0K(11264K) From: 397K(512K)->352K(512K)
[2026-10-07T18:40:07.642+0000][743.135s][info][gc,heap        ] GC(246) ParOldGen: 48481K(48640K)->48659K(49152K)
[2026-10-07T18:40:07.642+0000][743.135s][info][gc,metaspace   ] GC(246) Metaspace: 74959K(75776K)->74959K(75776K) NonClass: 65567K(65984K)->65567K(65984K) Class: 9391K(9792K)->9391K(9792K)
[2026-10-07T18:40:07.642+0000][743.135s][info][gc             ] GC(246) Pause Young (Allocation Failure) 58M->47M(59M) 5.597ms
[2026-10-07T18:40:07.642+0000][743.135s][info][gc,cpu         ] GC(246) User=0.00s Sys=0.00s Real=0.00s
[2026-10-07T18:40:09.656+0000][745.149s][info][gc,start       ] GC(247) Pause Young (Allocation Failure)
[2026-10-07T18:40:09.661+0000][745.154s][info][gc,heap        ] GC(247) PSYoungGen: 11616K(11776K)->352K(11776K) Eden: 11264K(11264K)->0K(11264K) From: 352K(512K)->352K(512K)
[2026-10-07T18:40:09.661+0000][745.154s][info][gc,heap        ] GC(247) ParOldGen: 48659K(49152K)->48739K(49152K)
[2026-10-07T18:40:09.661+0000][745.154s][info][gc,metaspace   ] GC(247) Metaspace: 74959K(75776K)->74959K(75776K) NonClass: 65567K(65984K)->65567K(65984K) Class: 9391K(9792K)->9391K(9792K)
[2026-10-07T18:40:09.661+0000][745.154s][info][gc             ] GC(247) Pause Young (Allocation Failure) 58M->47M(59M) 5.692ms
[2026-10-07T18:40:09.661+0000][745.154s][info][gc,cpu         ] GC(247) User=0.01s Sys=0.00s Real=0.00s
[2026-10-07T18:40:11.768+0000][747.261s][info][gc,start       ] GC(248) Pause Young (Allocation Failure)
[2026-10-07T18:40:11.773+0000][747.266s][info][gc,heap        ] GC(248) PSYoungGen: 11616K(11776K)->368K(11776K) Eden: 11264K(11264K)->0K(11264K) From: 352K(512K)->368K(512K)
[2026-10-07T18:40:11.773+0000][747.266s][info][gc,heap        ] GC(248) ParOldGen: 48739K(49152K)->48787K(49152K)
[2026-10-07T18:40:11.773+0000][747.266s][info][gc,metaspace   ] GC(248) Metaspace: 74960K(75776K)->74960K(75776K) NonClass: 65568K(65984K)->65568K(65984K) Class: 9391K(9792K)->9391K(9792K)
[2026-10-07T18:40:11.773+0000][747.266s][info][gc             ] GC(248) Pause Young (Allocation Failure) 58M->48M(59M) 5.175ms
[2026-10-07T18:40:11.773+0000][747.266s][info][gc,cpu         ] GC(248) User=0.00s Sys=0.00s Real=0.00s
[2026-10-07T18:40:13.714+0000][749.207s][info][gc,start       ] GC(249) Pause Young (Allocation Failure)
[2026-10-07T18:40:13.719+0000][749.212s][info][gc,heap        ] GC(249) PSYoungGen: 11632K(11776K)->352K(11776K) Eden: 11264K(11264K)->0K(11264K) From: 368K(512K)->352K(512K)
[2026-10-07T18:40:13.719+0000][749.212s][info][gc,heap        ] GC(249) ParOldGen: 48787K(49152K)->48900K(49152K)
[2026-10-07T18:40:13.719+0000][749.212s][info][gc,metaspace   ] GC(249) Metaspace: 74960K(75776K)->74960K(75776K) NonClass: 65568K(65984K)->65568K(65984K) Class: 9391K(9792K)->9391K(9792K)
[2026-10-07T18:40:13.722+0000][749.215s][info][gc             ] GC(249) Pause Young (Allocation Failure) 59M->48M(59M) 7.803ms
[2026-10-07T18:40:13.722+0000][749.215s][info][gc,cpu         ] GC(249) User=0.01s Sys=0.00s Real=0.00s
[2026-10-07T18:40:15.727+0000][751.220s][info][gc,start       ] GC(250) Pause Young (Allocation Failure)
[2026-10-07T18:40:15.731+0000][751.224s][info][gc,heap        ] GC(250) PSYoungGen: 11616K(11776K)->378K(11776K) Eden: 11264K(11264K)->0K(11264K) From: 352K(512K)->378K(512K)
[2026-10-07T18:40:15.731+0000][751.224s][info][gc,heap        ] GC(250) ParOldGen: 48900K(49152K)->48980K(49152K)
[2026-10-07T18:40:15.731+0000][751.224s][info][gc,metaspace   ] GC(250) Metaspace: 74972K(75776K)->74972K(75776K) NonClass: 65581K(65984K)->65581K(65984K) Class: 9391K(9792K)->9391K(9792K)
[2026-10-07T18:40:15.731+0000][751.224s][info][gc             ] GC(250) Pause Young (Allocation Failure) 59M->48M(59M) 3.608ms
[2026-10-07T18:40:15.731+0000][751.224s][info][gc,cpu         ] GC(250) User=0.01s Sys=0.00s Real=0.00s
[2026-10-07T18:40:18.000+0000][753.493s][info][gc,start       ] GC(251) Pause Young (Allocation Failure)
[2026-10-07T18:40:18.004+0000][753.497s][info][gc,heap        ] GC(251) PSYoungGen: 11642K(11776K)->320K(11776K) Eden: 11264K(11264K)->0K(11264K) From: 378K(512K)->320K(512K)
[2026-10-07T18:40:18.004+0000][753.497s][info][gc,heap        ] GC(251) ParOldGen: 48980K(49152K)->49091K(49152K)
[2026-10-07T18:40:18.005+0000][753.498s][info][gc,metaspace   ] GC(251) Metaspace: 74972K(75776K)->74972K(75776K) NonClass: 65581K(65984K)->65581K(65984K) Class: 9391K(9792K)->9391K(9792K)
[2026-10-07T18:40:18.005+0000][753.498s][info][gc             ] GC(251) Pause Young (Allocation Failure) 59M->48M(59M) 4.586ms
[2026-10-07T18:40:18.005+0000][753.498s][info][gc,cpu         ] GC(251) User=0.01s Sys=0.01s Real=0.01s
[2026-10-07T18:40:20.155+0000][755.648s][info][gc,start       ] GC(252) Pause Young (Allocation Failure)
[2026-10-07T18:40:20.162+0000][755.655s][info][gc,heap        ] GC(252) PSYoungGen: 11584K(11776K)->366K(11776K) Eden: 11264K(11264K)->0K(11264K) From: 320K(512K)->366K(512K)
[2026-10-07T18:40:20.162+0000][755.655s][info][gc,heap        ] GC(252) ParOldGen: 49091K(49152K)->49187K(49664K)
[2026-10-07T18:40:20.162+0000][755.655s][info][gc,metaspace   ] GC(252) Metaspace: 74974K(75776K)->74974K(75776K) NonClass: 65582K(65984K)->65582K(65984K) Class: 9391K(9792K)->9391K(9792K)
[2026-10-07T18:40:20.162+0000][755.655s][info][gc             ] GC(252) Pause Young (Allocation Failure) 59M->48M(60M) 7.172ms
[2026-10-07T18:40:20.162+0000][755.655s][info][gc,cpu         ] GC(252) User=0.00s Sys=0.00s Real=0.00s
[2026-10-07T18:40:22.148+0000][757.641s][info][gc,start       ] GC(253) Pause Young (Allocation Failure)
[2026-10-07T18:40:22.158+0000][757.651s][info][gc,heap        ] GC(253) PSYoungGen: 11630K(11776K)->444K(11776K) Eden: 11264K(11264K)->0K(11264K) From: 366K(512K)->444K(512K)
[2026-10-07T18:40:22.159+0000][757.652s][info][gc,heap        ] GC(253) ParOldGen: 49187K(49664K)->49235K(49664K)
[2026-10-07T18:40:22.159+0000][757.652s][info][gc,metaspace   ] GC(253) Metaspace: 74974K(75776K)->74974K(75776K) NonClass: 65582K(65984K)->65582K(65984K) Class: 9391K(9792K)->9391K(9792K)
[2026-10-07T18:40:22.159+0000][757.652s][info][gc             ] GC(253) Pause Young (Allocation Failure) 59M->48M(60M) 11.122ms
[2026-10-07T18:40:22.160+0000][757.653s][info][gc,cpu         ] GC(253) User=0.00s Sys=0.00s Real=0.01s
[2026-10-07T18:40:24.496+0000][759.989s][info][gc,start       ] GC(254) Pause Young (Allocation Failure)
[2026-10-07T18:40:24.500+0000][759.994s][info][gc,heap        ] GC(254) PSYoungGen: 11708K(11776K)->288K(11776K) Eden: 11264K(11264K)->0K(11264K) From: 444K(512K)->288K(512K)
[2026-10-07T18:40:24.501+0000][759.994s][info][gc,heap        ] GC(254) ParOldGen: 49235K(49664K)->49399K(49664K)
[2026-10-07T18:40:24.501+0000][759.994s][info][gc,metaspace   ] GC(254) Metaspace: 74976K(75776K)->74976K(75776K) NonClass: 65585K(65984K)->65585K(65984K) Class: 9391K(9792K)->9391K(9792K)
[2026-10-07T18:40:24.502+0000][759.995s][info][gc             ] GC(254) Pause Young (Allocation Failure) 59M->48M(60M) 6.726ms
[2026-10-07T18:40:24.502+0000][759.995s][info][gc,cpu         ] GC(254) User=0.01s Sys=0.00s Real=0.00s
[2026-10-07T18:40:26.453+0000][761.946s][info][gc,start       ] GC(255) Pause Young (Allocation Failure)
[2026-10-07T18:40:26.459+0000][761.952s][info][gc,heap        ] GC(255) PSYoungGen: 11551K(11776K)->384K(11776K) Eden: 11263K(11264K)->0K(11264K) From: 288K(512K)->384K(512K)
[2026-10-07T18:40:26.459+0000][761.952s][info][gc,heap        ] GC(255) ParOldGen: 49399K(49664K)->49459K(49664K)
[2026-10-07T18:40:26.459+0000][761.952s][info][gc,metaspace   ] GC(255) Metaspace: 74977K(75776K)->74977K(75776K) NonClass: 65585K(65984K)->65585K(65984K) Class: 9391K(9792K)->9391K(9792K)
[2026-10-07T18:40:26.459+0000][761.953s][info][gc             ] GC(255) Pause Young (Allocation Failure) 59M->48M(60M) 6.181ms
[2026-10-07T18:40:26.460+0000][761.953s][info][gc,cpu         ] GC(255) User=0.01s Sys=0.00s Real=0.01s
[2026-10-07T18:40:28.439+0000][763.932s][info][gc,start       ] GC(256) Pause Young (Allocation Failure)
[2026-10-07T18:40:28.451+0000][763.944s][info][gc,heap        ] GC(256) PSYoungGen: 11648K(11776K)->352K(11776K) Eden: 11264K(11264K)->0K(11264K) From: 384K(512K)->352K(512K)
[2026-10-07T18:40:28.451+0000][763.944s][info][gc,heap        ] GC(256) ParOldGen: 49459K(49664K)->49600K(49664K)
[2026-10-07T18:40:28.451+0000][763.944s][info][gc,metaspace   ] GC(256) Metaspace: 74978K(75776K)->74978K(75776K) NonClass: 65586K(65984K)->65586K(65984K) Class: 9391K(9792K)->9391K(9792K)
[2026-10-07T18:40:28.451+0000][763.944s][info][gc             ] GC(256) Pause Young (Allocation Failure) 59M->48M(60M) 11.911ms
[2026-10-07T18:40:28.451+0000][763.944s][info][gc,cpu         ] GC(256) User=0.01s Sys=0.00s Real=0.01s
[2026-10-07T18:40:30.412+0000][765.905s][info][gc,start       ] GC(257) Pause Young (Allocation Failure)
[2026-10-07T18:40:30.417+0000][765.910s][info][gc,heap        ] GC(257) PSYoungGen: 11615K(11776K)->448K(11776K) Eden: 11263K(11264K)->0K(11264K) From: 352K(512K)->448K(512K)
[2026-10-07T18:40:30.417+0000][765.910s][info][gc,heap        ] GC(257) ParOldGen: 49600K(49664K)->49688K(50176K)
[2026-10-07T18:40:30.417+0000][765.910s][info][gc,metaspace   ] GC(257) Metaspace: 74978K(75776K)->74978K(75776K) NonClass: 65586K(65984K)->65586K(65984K) Class: 9391K(9792K)->9391K(9792K)
[2026-10-07T18:40:30.417+0000][765.911s][info][gc             ] GC(257) Pause Young (Allocation Failure) 59M->48M(60M) 5.062ms
[2026-10-07T18:40:30.417+0000][765.911s][info][gc,cpu         ] GC(257) User=0.00s Sys=0.00s Real=0.01s
[2026-10-07T18:40:32.705+0000][768.198s][info][gc,start       ] GC(258) Pause Young (Allocation Failure)
[2026-10-07T18:40:32.710+0000][768.203s][info][gc,heap        ] GC(258) PSYoungGen: 11712K(11776K)->413K(11776K) Eden: 11264K(11264K)->0K(11264K) From: 448K(512K)->413K(512K)
[2026-10-07T18:40:32.710+0000][768.203s][info][gc,heap        ] GC(258) ParOldGen: 49688K(50176K)->49772K(50176K)
[2026-10-07T18:40:32.710+0000][768.203s][info][gc,metaspace   ] GC(258) Metaspace: 74978K(75776K)->74978K(75776K) NonClass: 65586K(65984K)->65586K(65984K) Class: 9391K(9792K)->9391K(9792K)
[2026-10-07T18:40:32.710+0000][768.203s][info][gc             ] GC(258) Pause Young (Allocation Failure) 59M->49M(60M) 4.700ms
[2026-10-07T18:40:32.710+0000][768.203s][info][gc,cpu         ] GC(258) User=0.01s Sys=0.00s Real=0.00s
[2026-10-07T18:40:34.684+0000][770.177s][info][gc,start       ] GC(259) Pause Young (Allocation Failure)
[2026-10-07T18:40:34.690+0000][770.183s][info][gc,heap        ] GC(259) PSYoungGen: 11677K(11776K)->366K(11776K) Eden: 11264K(11264K)->0K(11264K) From: 413K(512K)->366K(512K)
[2026-10-07T18:40:34.690+0000][770.183s][info][gc,heap        ] GC(259) ParOldGen: 49772K(50176K)->49930K(50176K)
[2026-10-07T18:40:34.690+0000][770.183s][info][gc,metaspace   ] GC(259) Metaspace: 74978K(75840K)->74978K(75840K) NonClass: 65587K(66048K)->65587K(66048K) Class: 9391K(9792K)->9391K(9792K)
[2026-10-07T18:40:34.690+0000][770.183s][info][gc             ] GC(259) Pause Young (Allocation Failure) 60M->49M(60M) 5.712ms
[2026-10-07T18:40:34.690+0000][770.183s][info][gc,cpu         ] GC(259) User=0.01s Sys=0.00s Real=0.00s
[2026-10-07T18:40:36.886+0000][772.380s][info][gc,start       ] GC(260) Pause Young (Allocation Failure)
[2026-10-07T18:40:36.891+0000][772.384s][info][gc,heap        ] GC(260) PSYoungGen: 11630K(11776K)->348K(11776K) Eden: 11264K(11264K)->0K(11264K) From: 366K(512K)->348K(512K)
[2026-10-07T18:40:36.891+0000][772.384s][info][gc,heap        ] GC(260) ParOldGen: 49930K(50176K)->50032K(50176K)
[2026-10-07T18:40:36.891+0000][772.384s][info][gc,metaspace   ] GC(260) Metaspace: 74980K(75840K)->74980K(75840K) NonClass: 65588K(66048K)->65588K(66048K) Class: 9391K(9792K)->9391K(9792K)
[2026-10-07T18:40:36.891+0000][772.384s][info][gc             ] GC(260) Pause Young (Allocation Failure) 60M->49M(60M) 4.162ms
[2026-10-07T18:40:36.891+0000][772.384s][info][gc,cpu         ] GC(260) User=0.01s Sys=0.00s Real=0.00s
[2026-10-07T18:40:38.876+0000][774.369s][info][gc,start       ] GC(261) Pause Young (Allocation Failure)
[2026-10-07T18:40:38.881+0000][774.374s][info][gc,heap        ] GC(261) PSYoungGen: 11612K(11776K)->320K(11776K) Eden: 11264K(11264K)->0K(11264K) From: 348K(512K)->320K(512K)
[2026-10-07T18:40:38.881+0000][774.374s][info][gc,heap        ] GC(261) ParOldGen: 50032K(50176K)->50197K(50688K)
[2026-10-07T18:40:38.881+0000][774.374s][info][gc,metaspace   ] GC(261) Metaspace: 74984K(75840K)->74984K(75840K) NonClass: 65592K(66048K)->65592K(66048K) Class: 9391K(9792K)->9391K(9792K)
[2026-10-07T18:40:38.881+0000][774.374s][info][gc             ] GC(261) Pause Young (Allocation Failure) 60M->49M(61M) 4.582ms
[2026-10-07T18:40:38.881+0000][774.374s][info][gc,cpu         ] GC(261) User=0.01s Sys=0.00s Real=0.00s
[2026-10-07T18:40:40.935+0000][776.428s][info][gc,start       ] GC(262) Pause Young (Allocation Failure)
[2026-10-07T18:40:40.940+0000][776.433s][info][gc,heap        ] GC(262) PSYoungGen: 11584K(11776K)->330K(11776K) Eden: 11264K(11264K)->0K(11264K) From: 320K(512K)->330K(512K)
[2026-10-07T18:40:40.940+0000][776.433s][info][gc,heap        ] GC(262) ParOldGen: 50197K(50688K)->50249K(50688K)
[2026-10-07T18:40:40.940+0000][776.433s][info][gc,metaspace   ] GC(262) Metaspace: 74985K(75840K)->74985K(75840K) NonClass: 65593K(66048K)->65593K(66048K) Class: 9391K(9792K)->9391K(9792K)
[2026-10-07T18:40:40.940+0000][776.433s][info][gc             ] GC(262) Pause Young (Allocation Failure) 60M->49M(61M) 4.747ms
[2026-10-07T18:40:40.940+0000][776.433s][info][gc,cpu         ] GC(262) User=0.01s Sys=0.00s Real=0.00s
[2026-10-07T18:40:43.142+0000][778.635s][info][gc,start       ] GC(263) Pause Young (Allocation Failure)
[2026-10-07T18:40:43.151+0000][778.644s][info][gc,heap        ] GC(263) PSYoungGen: 11594K(11776K)->352K(11776K) Eden: 11264K(11264K)->0K(11264K) From: 330K(512K)->352K(512K)
[2026-10-07T18:40:43.151+0000][778.644s][info][gc,heap        ] GC(263) ParOldGen: 50249K(50688K)->50331K(50688K)
[2026-10-07T18:40:43.151+0000][778.644s][info][gc,metaspace   ] GC(263) Metaspace: 74986K(75840K)->74986K(75840K) NonClass: 65594K(66048K)->65594K(66048K) Class: 9391K(9792K)->9391K(9792K)
[2026-10-07T18:40:43.151+0000][778.644s][info][gc             ] GC(263) Pause Young (Allocation Failure) 60M->49M(61M) 9.701ms
[2026-10-07T18:40:43.151+0000][778.644s][info][gc,cpu         ] GC(263) User=0.00s Sys=0.00s Real=0.01s
[2026-10-07T18:40:45.041+0000][780.534s][info][gc,start       ] GC(264) Pause Young (Allocation Failure)
[2026-10-07T18:40:45.046+0000][780.539s][info][gc,heap        ] GC(264) PSYoungGen: 11616K(11776K)->320K(11776K) Eden: 11264K(11264K)->0K(11264K) From: 352K(512K)->320K(512K)
[2026-10-07T18:40:45.046+0000][780.540s][info][gc,heap        ] GC(264) ParOldGen: 50331K(50688K)->50431K(50688K)
[2026-10-07T18:40:45.046+0000][780.540s][info][gc,metaspace   ] GC(264) Metaspace: 74986K(75840K)->74986K(75840K) NonClass: 65594K(66048K)->65594K(66048K) Class: 9391K(9792K)->9391K(9792K)
[2026-10-07T18:40:45.047+0000][780.540s][info][gc             ] GC(264) Pause Young (Allocation Failure) 60M->49M(61M) 5.123ms
[2026-10-07T18:40:45.047+0000][780.540s][info][gc,cpu         ] GC(264) User=0.00s Sys=0.00s Real=0.01s
[2026-10-07T18:40:47.296+0000][782.789s][info][gc,start       ] GC(265) Pause Young (Allocation Failure)
[2026-10-07T18:40:47.302+0000][782.795s][info][gc,heap        ] GC(265) PSYoungGen: 11584K(11776K)->399K(11776K) Eden: 11264K(11264K)->0K(11264K) From: 320K(512K)->399K(512K)
[2026-10-07T18:40:47.302+0000][782.795s][info][gc,heap        ] GC(265) ParOldGen: 50431K(50688K)->50499K(50688K)
[2026-10-07T18:40:47.302+0000][782.795s][info][gc,metaspace   ] GC(265) Metaspace: 74987K(75840K)->74987K(75840K) NonClass: 65596K(66048K)->65596K(66048K) Class: 9391K(9792K)->9391K(9792K)
[2026-10-07T18:40:47.302+0000][782.795s][info][gc             ] GC(265) Pause Young (Allocation Failure) 60M->49M(61M) 6.124ms
[2026-10-07T18:40:47.302+0000][782.795s][info][gc,cpu         ] GC(265) User=0.00s Sys=0.01s Real=0.00s
[2026-10-07T18:40:49.251+0000][784.744s][info][gc,start       ] GC(266) Pause Young (Allocation Failure)
[2026-10-07T18:40:49.257+0000][784.750s][info][gc,heap        ] GC(266) PSYoungGen: 11663K(11776K)->366K(11776K) Eden: 11264K(11264K)->0K(11264K) From: 399K(512K)->366K(512K)
[2026-10-07T18:40:49.257+0000][784.750s][info][gc,heap        ] GC(266) ParOldGen: 50499K(50688K)->50603K(50688K)
[2026-10-07T18:40:49.257+0000][784.750s][info][gc,metaspace   ] GC(266) Metaspace: 74993K(75840K)->74993K(75840K) NonClass: 65602K(66048K)->65602K(66048K) Class: 9391K(9792K)->9391K(9792K)
[2026-10-07T18:40:49.257+0000][784.750s][info][gc             ] GC(266) Pause Young (Allocation Failure) 60M->49M(61M) 5.813ms
[2026-10-07T18:40:49.257+0000][784.750s][info][gc,cpu         ] GC(266) User=0.01s Sys=0.00s Real=0.01s
[2026-10-07T18:40:51.725+0000][787.219s][info][gc,start       ] GC(267) Pause Young (Allocation Failure)
[2026-10-07T18:40:51.730+0000][787.223s][info][gc,heap        ] GC(267) PSYoungGen: 11630K(11776K)->316K(11776K) Eden: 11264K(11264K)->0K(11264K) From: 366K(512K)->316K(512K)
[2026-10-07T18:40:51.730+0000][787.223s][info][gc,heap        ] GC(267) ParOldGen: 50603K(50688K)->50691K(51200K)
[2026-10-07T18:40:51.730+0000][787.223s][info][gc,metaspace   ] GC(267) Metaspace: 74998K(75840K)->74998K(75840K) NonClass: 65607K(66048K)->65607K(66048K) Class: 9391K(9792K)->9391K(9792K)
[2026-10-07T18:40:51.730+0000][787.223s][info][gc             ] GC(267) Pause Young (Allocation Failure) 60M->49M(61M) 4.126ms
[2026-10-07T18:40:51.730+0000][787.223s][info][gc,cpu         ] GC(267) User=0.00s Sys=0.00s Real=0.00s
[2026-10-07T18:40:53.577+0000][789.070s][info][gc,start       ] GC(268) Pause Young (Allocation Failure)
[2026-10-07T18:40:53.582+0000][789.075s][info][gc,heap        ] GC(268) PSYoungGen: 11580K(11776K)->384K(11776K) Eden: 11264K(11264K)->0K(11264K) From: 316K(512K)->384K(512K)
[2026-10-07T18:40:53.582+0000][789.075s][info][gc,heap        ] GC(268) ParOldGen: 50691K(51200K)->50832K(51200K)
[2026-10-07T18:40:53.582+0000][789.075s][info][gc,metaspace   ] GC(268) Metaspace: 75004K(75840K)->75004K(75840K) NonClass: 65612K(66048K)->65612K(66048K) Class: 9391K(9792K)->9391K(9792K)
[2026-10-07T18:40:53.582+0000][789.075s][info][gc             ] GC(268) Pause Young (Allocation Failure) 60M->50M(61M) 4.681ms
[2026-10-07T18:40:53.582+0000][789.075s][info][gc,cpu         ] GC(268) User=0.00s Sys=0.00s Real=0.00s
[2026-10-07T18:40:55.459+0000][790.953s][info][gc,start       ] GC(269) Pause Young (Allocation Failure)
[2026-10-07T18:40:55.466+0000][790.959s][info][gc,heap        ] GC(269) PSYoungGen: 11648K(11776K)->484K(11776K) Eden: 11264K(11264K)->0K(11264K) From: 384K(512K)->484K(512K)
[2026-10-07T18:40:55.466+0000][790.959s][info][gc,heap        ] GC(269) ParOldGen: 50832K(51200K)->51020K(51200K)
[2026-10-07T18:40:55.466+0000][790.959s][info][gc,metaspace   ] GC(269) Metaspace: 75004K(75840K)->75004K(75840K) NonClass: 65612K(66048K)->65612K(66048K) Class: 9391K(9792K)->9391K(9792K)
[2026-10-07T18:40:55.466+0000][790.959s][info][gc             ] GC(269) Pause Young (Allocation Failure) 61M->50M(61M) 6.762ms
[2026-10-07T18:40:55.466+0000][790.959s][info][gc,cpu         ] GC(269) User=0.01s Sys=0.00s Real=0.01s
[2026-10-07T18:40:57.635+0000][793.128s][info][gc,start       ] GC(270) Pause Young (Allocation Failure)
[2026-10-07T18:40:57.641+0000][793.134s][info][gc,heap        ] GC(270) PSYoungGen: 11748K(11776K)->384K(12288K) Eden: 11264K(11264K)->0K(11264K) From: 484K(512K)->384K(1024K)
[2026-10-07T18:40:57.641+0000][793.134s][info][gc,heap        ] GC(270) ParOldGen: 51020K(51200K)->51136K(51200K)
[2026-10-07T18:40:57.641+0000][793.134s][info][gc,metaspace   ] GC(270) Metaspace: 75017K(75840K)->75017K(75840K) NonClass: 65625K(66048K)->65625K(66048K) Class: 9391K(9792K)->9391K(9792K)
[2026-10-07T18:40:57.641+0000][793.135s][info][gc             ] GC(270) Pause Young (Allocation Failure) 61M->50M(62M) 6.429ms
[2026-10-07T18:40:57.642+0000][793.135s][info][gc,cpu         ] GC(270) User=0.00s Sys=0.00s Real=0.00s
[2026-10-07T18:40:59.788+0000][795.281s][info][gc,start       ] GC(271) Pause Young (Allocation Failure)
[2026-10-07T18:40:59.794+0000][795.287s][info][gc,heap        ] GC(271) PSYoungGen: 11648K(12288K)->320K(11776K) Eden: 11264K(11264K)->0K(11264K) From: 384K(1024K)->320K(512K)
[2026-10-07T18:40:59.794+0000][795.287s][info][gc,heap        ] GC(271) ParOldGen: 51136K(51200K)->51240K(51712K)
[2026-10-07T18:40:59.794+0000][795.287s][info][gc,metaspace   ] GC(271) Metaspace: 75019K(75840K)->75019K(75840K) NonClass: 65627K(66048K)->65627K(66048K) Class: 9391K(9792K)->9391K(9792K)
[2026-10-07T18:40:59.794+0000][795.287s][info][gc             ] GC(271) Pause Young (Allocation Failure) 61M->50M(62M) 5.877ms
[2026-10-07T18:40:59.795+0000][795.289s][info][gc,cpu         ] GC(271) User=0.00s Sys=0.00s Real=0.01s
[2026-10-07T18:41:01.932+0000][797.425s][info][gc,start       ] GC(272) Pause Young (Allocation Failure)
[2026-10-07T18:41:01.937+0000][797.430s][info][gc,heap        ] GC(272) PSYoungGen: 11584K(11776K)->394K(12288K) Eden: 11264K(11264K)->0K(11264K) From: 320K(512K)->394K(1024K)
[2026-10-07T18:41:01.937+0000][797.430s][info][gc,heap        ] GC(272) ParOldGen: 51240K(51712K)->51300K(51712K)
[2026-10-07T18:41:01.937+0000][797.430s][info][gc,metaspace   ] GC(272) Metaspace: 75019K(75840K)->75019K(75840K) NonClass: 65627K(66048K)->65627K(66048K) Class: 9391K(9792K)->9391K(9792K)
[2026-10-07T18:41:01.937+0000][797.430s][info][gc             ] GC(272) Pause Young (Allocation Failure) 61M->50M(62M) 5.331ms
[2026-10-07T18:41:01.937+0000][797.430s][info][gc,cpu         ] GC(272) User=0.01s Sys=0.00s Real=0.01s
[2026-10-07T18:41:03.899+0000][799.392s][info][gc,start       ] GC(273) Pause Young (Allocation Failure)
[2026-10-07T18:41:03.905+0000][799.398s][info][gc,heap        ] GC(273) PSYoungGen: 11658K(12288K)->397K(11776K) Eden: 11264K(11264K)->0K(11264K) From: 394K(1024K)->397K(512K)
[2026-10-07T18:41:03.905+0000][799.398s][info][gc,heap        ] GC(273) ParOldGen: 51300K(51712K)->51495K(51712K)
[2026-10-07T18:41:03.905+0000][799.398s][info][gc,metaspace   ] GC(273) Metaspace: 75021K(75840K)->75021K(75840K) NonClass: 65630K(66048K)->65630K(66048K) Class: 9391K(9792K)->9391K(9792K)
[2026-10-07T18:41:03.905+0000][799.398s][info][gc             ] GC(273) Pause Young (Allocation Failure) 61M->50M(62M) 6.254ms
[2026-10-07T18:41:03.905+0000][799.398s][info][gc,cpu         ] GC(273) User=0.00s Sys=0.01s Real=0.01s
[2026-10-07T18:41:05.945+0000][801.438s][info][gc,start       ] GC(274) Pause Young (Allocation Failure)
[2026-10-07T18:41:05.953+0000][801.446s][info][gc,heap        ] GC(274) PSYoungGen: 11661K(11776K)->385K(12288K) Eden: 11264K(11264K)->0K(11264K) From: 397K(512K)->385K(1024K)
[2026-10-07T18:41:05.953+0000][801.446s][info][gc,heap        ] GC(274) ParOldGen: 51495K(51712K)->51613K(51712K)
[2026-10-07T18:41:05.953+0000][801.446s][info][gc,metaspace   ] GC(274) Metaspace: 75021K(75840K)->75021K(75840K) NonClass: 65630K(66048K)->65630K(66048K) Class: 9391K(9792K)->9391K(9792K)
[2026-10-07T18:41:05.953+0000][801.446s][info][gc             ] GC(274) Pause Young (Allocation Failure) 61M->50M(62M) 8.222ms
[2026-10-07T18:41:05.953+0000][801.446s][info][gc,cpu         ] GC(274) User=0.00s Sys=0.00s Real=0.00s
[2026-10-07T18:41:07.897+0000][803.390s][info][gc,start       ] GC(275) Pause Young (Allocation Failure)
[2026-10-07T18:41:07.903+0000][803.396s][info][gc,heap        ] GC(275) PSYoungGen: 11649K(12288K)->384K(11776K) Eden: 11264K(11264K)->0K(11264K) From: 385K(1024K)->384K(512K)
[2026-10-07T18:41:07.903+0000][803.396s][info][gc,heap        ] GC(275) ParOldGen: 51613K(51712K)->51759K(52224K)
[2026-10-07T18:41:07.903+0000][803.396s][info][gc,metaspace   ] GC(275) Metaspace: 75021K(75840K)->75021K(75840K) NonClass: 65630K(66048K)->65630K(66048K) Class: 9391K(9792K)->9391K(9792K)
[2026-10-07T18:41:07.903+0000][803.397s][info][gc             ] GC(275) Pause Young (Allocation Failure) 61M->50M(62M) 6.235ms
[2026-10-07T18:41:07.903+0000][803.397s][info][gc,cpu         ] GC(275) User=0.00s Sys=0.00s Real=0.00s
[2026-10-07T18:41:09.902+0000][805.395s][info][gc,start       ] GC(276) Pause Young (Allocation Failure)
[2026-10-07T18:41:09.906+0000][805.399s][info][gc,heap        ] GC(276) PSYoungGen: 11648K(11776K)->352K(11776K) Eden: 11264K(11264K)->0K(11264K) From: 384K(512K)->352K(512K)
[2026-10-07T18:41:09.906+0000][805.400s][info][gc,heap        ] GC(276) ParOldGen: 51759K(52224K)->51863K(52224K)
[2026-10-07T18:41:09.906+0000][805.400s][info][gc,metaspace   ] GC(276) Metaspace: 75021K(75840K)->75021K(75840K) NonClass: 65630K(66048K)->65630K(66048K) Class: 9391K(9792K)->9391K(9792K)
[2026-10-07T18:41:09.906+0000][805.400s][info][gc             ] GC(276) Pause Young (Allocation Failure) 61M->50M(62M) 4.489ms
[2026-10-07T18:41:09.907+0000][805.400s][info][gc,cpu         ] GC(276) User=0.01s Sys=0.00s Real=0.01s
[2026-10-07T18:41:11.975+0000][807.468s][info][gc,start       ] GC(277) Pause Young (Allocation Failure)
[2026-10-07T18:41:11.982+0000][807.475s][info][gc,heap        ] GC(277) PSYoungGen: 11616K(11776K)->456K(11776K) Eden: 11264K(11264K)->0K(11264K) From: 352K(512K)->456K(512K)
[2026-10-07T18:41:11.982+0000][807.475s][info][gc,heap        ] GC(277) ParOldGen: 51863K(52224K)->51919K(52224K)
[2026-10-07T18:41:11.982+0000][807.475s][info][gc,metaspace   ] GC(277) Metaspace: 75021K(75840K)->75021K(75840K) NonClass: 65630K(66048K)->65630K(66048K) Class: 9391K(9792K)->9391K(9792K)
[2026-10-07T18:41:11.982+0000][807.475s][info][gc             ] GC(277) Pause Young (Allocation Failure) 61M->51M(62M) 6.518ms
[2026-10-07T18:41:11.982+0000][807.475s][info][gc,cpu         ] GC(277) User=0.00s Sys=0.00s Real=0.00s
[2026-10-07T18:41:13.938+0000][809.431s][info][gc,start       ] GC(278) Pause Young (Allocation Failure)
[2026-10-07T18:41:13.944+0000][809.437s][info][gc,heap        ] GC(278) PSYoungGen: 11720K(11776K)->384K(11776K) Eden: 11264K(11264K)->0K(11264K) From: 456K(512K)->384K(512K)
[2026-10-07T18:41:13.944+0000][809.437s][info][gc,heap        ] GC(278) ParOldGen: 51919K(52224K)->52104K(52224K)
[2026-10-07T18:41:13.944+0000][809.437s][info][gc,metaspace   ] GC(278) Metaspace: 75021K(75840K)->75021K(75840K) NonClass: 65630K(66048K)->65630K(66048K) Class: 9391K(9792K)->9391K(9792K)
[2026-10-07T18:41:13.944+0000][809.437s][info][gc             ] GC(278) Pause Young (Allocation Failure) 62M->51M(62M) 6.064ms
[2026-10-07T18:41:13.944+0000][809.437s][info][gc,cpu         ] GC(278) User=0.00s Sys=0.00s Real=0.01s
[2026-10-07T18:41:16.052+0000][811.545s][info][gc,start       ] GC(279) Pause Young (Allocation Failure)
[2026-10-07T18:41:16.058+0000][811.551s][info][gc,heap        ] GC(279) PSYoungGen: 11648K(11776K)->422K(11776K) Eden: 11264K(11264K)->0K(11264K) From: 384K(512K)->422K(512K)
[2026-10-07T18:41:16.058+0000][811.551s][info][gc,heap        ] GC(279) ParOldGen: 52104K(52224K)->52176K(52224K)
[2026-10-07T18:41:16.058+0000][811.551s][info][gc,metaspace   ] GC(279) Metaspace: 75022K(75840K)->75022K(75840K) NonClass: 65630K(66048K)->65630K(66048K) Class: 9391K(9792K)->9391K(9792K)
[2026-10-07T18:41:16.058+0000][811.551s][info][gc             ] GC(279) Pause Young (Allocation Failure) 62M->51M(62M) 5.859ms
[2026-10-07T18:41:16.058+0000][811.551s][info][gc,cpu         ] GC(279) User=0.00s Sys=0.00s Real=0.01s
[2026-10-07T18:41:18.188+0000][813.681s][info][gc,start       ] GC(280) Pause Young (Allocation Failure)
[2026-10-07T18:41:18.191+0000][813.684s][info][gc,heap        ] GC(280) PSYoungGen: 11686K(11776K)->384K(11776K) Eden: 11264K(11264K)->0K(11264K) From: 422K(512K)->384K(512K)
[2026-10-07T18:41:18.192+0000][813.685s][info][gc,heap        ] GC(280) ParOldGen: 52176K(52224K)->52326K(52736K)
[2026-10-07T18:41:18.192+0000][813.685s][info][gc,metaspace   ] GC(280) Metaspace: 75022K(75840K)->75022K(75840K) NonClass: 65630K(66048K)->65630K(66048K) Class: 9391K(9792K)->9391K(9792K)
[2026-10-07T18:41:18.192+0000][813.685s][info][gc             ] GC(280) Pause Young (Allocation Failure) 62M->51M(63M) 3.521ms
[2026-10-07T18:41:18.192+0000][813.685s][info][gc,cpu         ] GC(280) User=0.01s Sys=0.00s Real=0.00s
[2026-10-07T18:41:19.960+0000][815.453s][info][gc,start       ] GC(281) Pause Young (Allocation Failure)
[2026-10-07T18:41:19.973+0000][815.466s][info][gc,heap        ] GC(281) PSYoungGen: 11648K(11776K)->430K(11776K) Eden: 11264K(11264K)->0K(11264K) From: 384K(512K)->430K(512K)
[2026-10-07T18:41:19.973+0000][815.466s][info][gc,heap        ] GC(281) ParOldGen: 52326K(52736K)->52446K(52736K)
[2026-10-07T18:41:19.973+0000][815.466s][info][gc,metaspace   ] GC(281) Metaspace: 75026K(75840K)->75026K(75840K) NonClass: 65634K(66048K)->65634K(66048K) Class: 9391K(9792K)->9391K(9792K)
[2026-10-07T18:41:19.974+0000][815.467s][info][gc             ] GC(281) Pause Young (Allocation Failure) 62M->51M(63M) 13.364ms
[2026-10-07T18:41:19.976+0000][815.469s][info][gc,cpu         ] GC(281) User=0.00s Sys=0.00s Real=0.02s
[2026-10-07T18:41:21.925+0000][817.418s][info][gc,start       ] GC(282) Pause Young (Allocation Failure)
[2026-10-07T18:41:21.929+0000][817.422s][info][gc,heap        ] GC(282) PSYoungGen: 11694K(11776K)->421K(11776K) Eden: 11264K(11264K)->0K(11264K) From: 430K(512K)->421K(512K)
[2026-10-07T18:41:21.929+0000][817.422s][info][gc,heap        ] GC(282) ParOldGen: 52446K(52736K)->52538K(52736K)
[2026-10-07T18:41:21.929+0000][817.422s][info][gc,metaspace   ] GC(282) Metaspace: 75028K(75840K)->75028K(75840K) NonClass: 65636K(66048K)->65636K(66048K) Class: 9391K(9792K)->9391K(9792K)
[2026-10-07T18:41:21.930+0000][817.423s][info][gc             ] GC(282) Pause Young (Allocation Failure) 62M->51M(63M) 4.605ms
[2026-10-07T18:41:21.930+0000][817.423s][info][gc,cpu         ] GC(282) User=0.00s Sys=0.01s Real=0.00s
[2026-10-07T18:41:23.994+0000][819.487s][info][gc,start       ] GC(283) Pause Young (Allocation Failure)
[2026-10-07T18:41:23.999+0000][819.492s][info][gc,heap        ] GC(283) PSYoungGen: 11685K(11776K)->352K(11776K) Eden: 11264K(11264K)->0K(11264K) From: 421K(512K)->352K(512K)
[2026-10-07T18:41:23.999+0000][819.492s][info][gc,heap        ] GC(283) ParOldGen: 52538K(52736K)->52728K(52736K)
[2026-10-07T18:41:23.999+0000][819.492s][info][gc,metaspace   ] GC(283) Metaspace: 75028K(75840K)->75028K(75840K) NonClass: 65636K(66048K)->65636K(66048K) Class: 9391K(9792K)->9391K(9792K)
[2026-10-07T18:41:23.999+0000][819.492s][info][gc             ] GC(283) Pause Young (Allocation Failure) 62M->51M(63M) 5.548ms
[2026-10-07T18:41:23.999+0000][819.492s][info][gc,cpu         ] GC(283) User=0.01s Sys=0.00s Real=0.00s
[2026-10-07T18:41:26.256+0000][821.749s][info][gc,start       ] GC(284) Pause Young (Allocation Failure)
[2026-10-07T18:41:26.262+0000][821.755s][info][gc,heap        ] GC(284) PSYoungGen: 11616K(11776K)->379K(11776K) Eden: 11264K(11264K)->0K(11264K) From: 352K(512K)->379K(512K)
[2026-10-07T18:41:26.262+0000][821.755s][info][gc,heap        ] GC(284) ParOldGen: 52728K(52736K)->52808K(53248K)
[2026-10-07T18:41:26.262+0000][821.755s][info][gc,metaspace   ] GC(284) Metaspace: 75028K(75840K)->75028K(75840K) NonClass: 65636K(66048K)->65636K(66048K) Class: 9391K(9792K)->9391K(9792K)
[2026-10-07T18:41:26.262+0000][821.755s][info][gc             ] GC(284) Pause Young (Allocation Failure) 62M->51M(63M) 6.029ms
[2026-10-07T18:41:26.262+0000][821.755s][info][gc,cpu         ] GC(284) User=0.00s Sys=0.00s Real=0.00s
[2026-10-07T18:41:28.527+0000][824.020s][info][gc,start       ] GC(285) Pause Young (Allocation Failure)
[2026-10-07T18:41:28.532+0000][824.025s][info][gc,heap        ] GC(285) PSYoungGen: 11643K(11776K)->320K(11776K) Eden: 11264K(11264K)->0K(11264K) From: 379K(512K)->320K(512K)
[2026-10-07T18:41:28.532+0000][824.025s][info][gc,heap        ] GC(285) ParOldGen: 52808K(53248K)->52948K(53248K)
[2026-10-07T18:41:28.532+0000][824.025s][info][gc,metaspace   ] GC(285) Metaspace: 75028K(75840K)->75028K(75840K) NonClass: 65636K(66048K)->65636K(66048K) Class: 9391K(9792K)->9391K(9792K)
[2026-10-07T18:41:28.532+0000][824.025s][info][gc             ] GC(285) Pause Young (Allocation Failure) 62M->52M(63M) 5.431ms
[2026-10-07T18:41:28.532+0000][824.025s][info][gc,cpu         ] GC(285) User=0.00s Sys=0.00s Real=0.00s
[2026-10-07T18:41:30.775+0000][826.268s][info][gc,start       ] GC(286) Pause Young (Allocation Failure)
[2026-10-07T18:41:30.780+0000][826.273s][info][gc,heap        ] GC(286) PSYoungGen: 11584K(11776K)->373K(11776K) Eden: 11264K(11264K)->0K(11264K) From: 320K(512K)->373K(512K)
[2026-10-07T18:41:30.780+0000][826.273s][info][gc,heap        ] GC(286) ParOldGen: 52948K(53248K)->53016K(53248K)
[2026-10-07T18:41:30.780+0000][826.273s][info][gc,metaspace   ] GC(286) Metaspace: 75029K(75840K)->75029K(75840K) NonClass: 65637K(66048K)->65637K(66048K) Class: 9391K(9792K)->9391K(9792K)
[2026-10-07T18:41:30.780+0000][826.273s][info][gc             ] GC(286) Pause Young (Allocation Failure) 63M->52M(63M) 5.004ms
[2026-10-07T18:41:30.780+0000][826.273s][info][gc,cpu         ] GC(286) User=0.01s Sys=0.00s Real=0.00s
[2026-10-07T18:41:33.000+0000][828.493s][info][gc,start       ] GC(287) Pause Young (Allocation Failure)
[2026-10-07T18:41:33.008+0000][828.501s][info][gc,heap        ] GC(287) PSYoungGen: 11637K(11776K)->384K(11776K) Eden: 11264K(11264K)->0K(11264K) From: 373K(512K)->384K(512K)
[2026-10-07T18:41:33.008+0000][828.501s][info][gc,heap        ] GC(287) ParOldGen: 53016K(53248K)->53149K(53248K)
[2026-10-07T18:41:33.008+0000][828.501s][info][gc,metaspace   ] GC(287) Metaspace: 75029K(75840K)->75029K(75840K) NonClass: 65637K(66048K)->65637K(66048K) Class: 9391K(9792K)->9391K(9792K)
[2026-10-07T18:41:33.008+0000][828.501s][info][gc             ] GC(287) Pause Young (Allocation Failure) 63M->52M(63M) 8.169ms
[2026-10-07T18:41:33.008+0000][828.501s][info][gc,cpu         ] GC(287) User=0.01s Sys=0.00s Real=0.01s
[2026-10-07T18:41:34.772+0000][830.265s][info][gc,start       ] GC(288) Pause Young (Allocation Failure)
[2026-10-07T18:41:34.779+0000][830.272s][info][gc,heap        ] GC(288) PSYoungGen: 11648K(11776K)->398K(11776K) Eden: 11264K(11264K)->0K(11264K) From: 384K(512K)->398K(512K)
[2026-10-07T18:41:34.779+0000][830.272s][info][gc,heap        ] GC(288) ParOldGen: 53149K(53248K)->53261K(53760K)
[2026-10-07T18:41:34.779+0000][830.272s][info][gc,metaspace   ] GC(288) Metaspace: 75029K(75840K)->75029K(75840K) NonClass: 65637K(66048K)->65637K(66048K) Class: 9391K(9792K)->9391K(9792K)
[2026-10-07T18:41:34.779+0000][830.272s][info][gc             ] GC(288) Pause Young (Allocation Failure) 63M->52M(64M) 7.498ms
[2026-10-07T18:41:34.779+0000][830.272s][info][gc,cpu         ] GC(288) User=0.01s Sys=0.00s Real=0.01s
[2026-10-07T18:41:36.955+0000][832.448s][info][gc,start       ] GC(289) Pause Young (Allocation Failure)
[2026-10-07T18:41:36.961+0000][832.454s][info][gc,heap        ] GC(289) PSYoungGen: 11662K(11776K)->380K(11776K) Eden: 11264K(11264K)->0K(11264K) From: 398K(512K)->380K(512K)
[2026-10-07T18:41:36.961+0000][832.454s][info][gc,heap        ] GC(289) ParOldGen: 53261K(53760K)->53384K(53760K)
[2026-10-07T18:41:36.961+0000][832.454s][info][gc,metaspace   ] GC(289) Metaspace: 75029K(75840K)->75029K(75840K) NonClass: 65637K(66048K)->65637K(66048K) Class: 9391K(9792K)->9391K(9792K)
[2026-10-07T18:41:36.961+0000][832.454s][info][gc             ] GC(289) Pause Young (Allocation Failure) 63M->52M(64M) 5.524ms
[2026-10-07T18:41:36.961+0000][832.454s][info][gc,cpu         ] GC(289) User=0.00s Sys=0.00s Real=0.00s
[2026-10-07T18:41:39.094+0000][834.588s][info][gc,start       ] GC(290) Pause Young (Allocation Failure)
[2026-10-07T18:41:39.102+0000][834.595s][info][gc,heap        ] GC(290) PSYoungGen: 11644K(11776K)->352K(11776K) Eden: 11264K(11264K)->0K(11264K) From: 380K(512K)->352K(512K)
[2026-10-07T18:41:39.102+0000][834.595s][info][gc,heap        ] GC(290) ParOldGen: 53384K(53760K)->53564K(53760K)
[2026-10-07T18:41:39.102+0000][834.595s][info][gc,metaspace   ] GC(290) Metaspace: 75029K(75840K)->75029K(75840K) NonClass: 65637K(66048K)->65637K(66048K) Class: 9391K(9792K)->9391K(9792K)
[2026-10-07T18:41:39.102+0000][834.595s][info][gc             ] GC(290) Pause Young (Allocation Failure) 63M->52M(64M) 7.381ms
[2026-10-07T18:41:39.102+0000][834.595s][info][gc,cpu         ] GC(290) User=0.01s Sys=0.00s Real=0.00s
[2026-10-07T18:41:41.187+0000][836.681s][info][gc,start       ] GC(291) Pause Young (Allocation Failure)
[2026-10-07T18:41:41.192+0000][836.685s][info][gc,heap        ] GC(291) PSYoungGen: 11616K(11776K)->384K(11776K) Eden: 11264K(11264K)->0K(11264K) From: 352K(512K)->384K(512K)
[2026-10-07T18:41:41.192+0000][836.685s][info][gc,heap        ] GC(291) ParOldGen: 53564K(53760K)->53628K(53760K)
[2026-10-07T18:41:41.192+0000][836.685s][info][gc,metaspace   ] GC(291) Metaspace: 75029K(75840K)->75029K(75840K) NonClass: 65637K(66048K)->65637K(66048K) Class: 9391K(9792K)->9391K(9792K)
[2026-10-07T18:41:41.192+0000][836.685s][info][gc             ] GC(291) Pause Young (Allocation Failure) 63M->52M(64M) 4.470ms
[2026-10-07T18:41:41.192+0000][836.685s][info][gc,cpu         ] GC(291) User=0.00s Sys=0.00s Real=0.00s
[2026-10-07T18:41:43.352+0000][838.845s][info][gc,start       ] GC(292) Pause Young (Allocation Failure)
[2026-10-07T18:41:43.358+0000][838.851s][info][gc,heap        ] GC(292) PSYoungGen: 11648K(11776K)->352K(11776K) Eden: 11264K(11264K)->0K(11264K) From: 384K(512K)->352K(512K)
[2026-10-07T18:41:43.358+0000][838.851s][info][gc,heap        ] GC(292) ParOldGen: 53628K(53760K)->53797K(54272K)
[2026-10-07T18:41:43.358+0000][838.851s][info][gc,metaspace   ] GC(292) Metaspace: 75029K(75840K)->75029K(75840K) NonClass: 65637K(66048K)->65637K(66048K) Class: 9391K(9792K)->9391K(9792K)
[2026-10-07T18:41:43.358+0000][838.851s][info][gc             ] GC(292) Pause Young (Allocation Failure) 63M->52M(64M) 5.859ms
[2026-10-07T18:41:43.358+0000][838.851s][info][gc,cpu         ] GC(292) User=0.00s Sys=0.00s Real=0.01s
[2026-10-07T18:41:45.330+0000][840.823s][info][gc,start       ] GC(293) Pause Young (Allocation Failure)
[2026-10-07T18:41:45.334+0000][840.827s][info][gc,heap        ] GC(293) PSYoungGen: 11616K(11776K)->352K(11776K) Eden: 11264K(11264K)->0K(11264K) From: 352K(512K)->352K(512K)
[2026-10-07T18:41:45.334+0000][840.828s][info][gc,heap        ] GC(293) ParOldGen: 53797K(54272K)->53913K(54272K)
[2026-10-07T18:41:45.334+0000][840.828s][info][gc,metaspace   ] GC(293) Metaspace: 75030K(75840K)->75030K(75840K) NonClass: 65638K(66048K)->65638K(66048K) Class: 9391K(9792K)->9391K(9792K)
[2026-10-07T18:41:45.335+0000][840.828s][info][gc             ] GC(293) Pause Young (Allocation Failure) 63M->52M(64M) 4.173ms
[2026-10-07T18:41:45.335+0000][840.828s][info][gc,cpu         ] GC(293) User=0.00s Sys=0.00s Real=0.01s
[2026-10-07T18:41:47.430+0000][842.923s][info][gc,start       ] GC(294) Pause Young (Allocation Failure)
[2026-10-07T18:41:47.435+0000][842.928s][info][gc,heap        ] GC(294) PSYoungGen: 11616K(11776K)->409K(11776K) Eden: 11264K(11264K)->0K(11264K) From: 352K(512K)->409K(512K)
[2026-10-07T18:41:47.435+0000][842.928s][info][gc,heap        ] GC(294) ParOldGen: 53913K(54272K)->53993K(54272K)
[2026-10-07T18:41:47.435+0000][842.928s][info][gc,metaspace   ] GC(294) Metaspace: 75030K(75840K)->75030K(75840K) NonClass: 65638K(66048K)->65638K(66048K) Class: 9391K(9792K)->9391K(9792K)
[2026-10-07T18:41:47.435+0000][842.928s][info][gc             ] GC(294) Pause Young (Allocation Failure) 63M->53M(64M) 5.103ms
[2026-10-07T18:41:47.435+0000][842.928s][info][gc,cpu         ] GC(294) User=0.00s Sys=0.00s Real=0.01s
[2026-10-07T18:41:49.353+0000][844.846s][info][gc,start       ] GC(295) Pause Young (Allocation Failure)
[2026-10-07T18:41:49.359+0000][844.853s][info][gc,heap        ] GC(295) PSYoungGen: 11673K(11776K)->430K(11776K) Eden: 11264K(11264K)->0K(11264K) From: 409K(512K)->430K(512K)
[2026-10-07T18:41:49.360+0000][844.853s][info][gc,heap        ] GC(295) ParOldGen: 53993K(54272K)->54121K(54272K)
[2026-10-07T18:41:49.360+0000][844.853s][info][gc,metaspace   ] GC(295) Metaspace: 75030K(75840K)->75030K(75840K) NonClass: 65638K(66048K)->65638K(66048K) Class: 9391K(9792K)->9391K(9792K)
[2026-10-07T18:41:49.360+0000][844.853s][info][gc             ] GC(295) Pause Young (Allocation Failure) 64M->53M(64M) 7.354ms
[2026-10-07T18:41:49.360+0000][844.853s][info][gc,cpu         ] GC(295) User=0.01s Sys=0.00s Real=0.01s
[2026-10-07T18:41:51.428+0000][846.921s][info][gc,start       ] GC(296) Pause Young (Allocation Failure)
[2026-10-07T18:41:51.433+0000][846.926s][info][gc,heap        ] GC(296) PSYoungGen: 11694K(11776K)->400K(11776K) Eden: 11264K(11264K)->0K(11264K) From: 430K(512K)->400K(512K)
[2026-10-07T18:41:51.433+0000][846.926s][info][gc,heap        ] GC(296) ParOldGen: 54121K(54272K)->54221K(54272K)
[2026-10-07T18:41:51.433+0000][846.926s][info][gc,metaspace   ] GC(296) Metaspace: 75030K(75840K)->75030K(75840K) NonClass: 65638K(66048K)->65638K(66048K) Class: 9391K(9792K)->9391K(9792K)
[2026-10-07T18:41:51.433+0000][846.926s][info][gc             ] GC(296) Pause Young (Allocation Failure) 64M->53M(64M) 4.725ms
[2026-10-07T18:41:51.433+0000][846.926s][info][gc,cpu         ] GC(296) User=0.01s Sys=0.00s Real=0.00s
[2026-10-07T18:41:53.377+0000][848.870s][info][gc,start       ] GC(297) Pause Young (Allocation Failure)
[2026-10-07T18:41:53.383+0000][848.876s][info][gc,heap        ] GC(297) PSYoungGen: 11664K(11776K)->384K(11776K) Eden: 11264K(11264K)->0K(11264K) From: 400K(512K)->384K(512K)
[2026-10-07T18:41:53.383+0000][848.876s][info][gc,heap        ] GC(297) ParOldGen: 54221K(54272K)->54382K(54784K)
[2026-10-07T18:41:53.383+0000][848.876s][info][gc,metaspace   ] GC(297) Metaspace: 75030K(75840K)->75030K(75840K) NonClass: 65638K(66048K)->65638K(66048K) Class: 9391K(9792K)->9391K(9792K)
[2026-10-07T18:41:53.383+0000][848.876s][info][gc             ] GC(297) Pause Young (Allocation Failure) 64M->53M(65M) 6.321ms
[2026-10-07T18:41:53.383+0000][848.876s][info][gc,cpu         ] GC(297) User=0.01s Sys=0.00s Real=0.00s
[2026-10-07T18:41:55.358+0000][850.851s][info][gc,start       ] GC(298) Pause Young (Allocation Failure)
[2026-10-07T18:41:55.362+0000][850.855s][info][gc,heap        ] GC(298) PSYoungGen: 11648K(11776K)->352K(11776K) Eden: 11264K(11264K)->0K(11264K) From: 384K(512K)->352K(512K)
[2026-10-07T18:41:55.362+0000][850.855s][info][gc,heap        ] GC(298) ParOldGen: 54382K(54784K)->54490K(54784K)
[2026-10-07T18:41:55.362+0000][850.855s][info][gc,metaspace   ] GC(298) Metaspace: 75030K(75840K)->75030K(75840K) NonClass: 65638K(66048K)->65638K(66048K) Class: 9391K(9792K)->9391K(9792K)
[2026-10-07T18:41:55.363+0000][850.856s][info][gc             ] GC(298) Pause Young (Allocation Failure) 64M->53M(65M) 4.651ms
[2026-10-07T18:41:55.363+0000][850.856s][info][gc,cpu         ] GC(298) User=0.00s Sys=0.00s Real=0.00s
[2026-10-07T18:41:57.492+0000][852.985s][info][gc,start       ] GC(299) Pause Young (Allocation Failure)
[2026-10-07T18:41:57.501+0000][852.994s][info][gc,heap        ] GC(299) PSYoungGen: 11616K(11776K)->395K(11776K) Eden: 11264K(11264K)->0K(11264K) From: 352K(512K)->395K(512K)
[2026-10-07T18:41:57.501+0000][852.994s][info][gc,heap        ] GC(299) ParOldGen: 54490K(54784K)->54546K(54784K)
[2026-10-07T18:41:57.501+0000][852.994s][info][gc,metaspace   ] GC(299) Metaspace: 75030K(75840K)->75030K(75840K) NonClass: 65638K(66048K)->65638K(66048K) Class: 9391K(9792K)->9391K(9792K)
[2026-10-07T18:41:57.501+0000][852.994s][info][gc             ] GC(299) Pause Young (Allocation Failure) 64M->53M(65M) 8.892ms
[2026-10-07T18:41:57.501+0000][852.994s][info][gc,cpu         ] GC(299) User=0.00s Sys=0.00s Real=0.01s
[2026-10-07T18:41:59.627+0000][855.120s][info][gc,start       ] GC(300) Pause Young (Allocation Failure)
[2026-10-07T18:41:59.633+0000][855.126s][info][gc,heap        ] GC(300) PSYoungGen: 11659K(11776K)->352K(11776K) Eden: 11264K(11264K)->0K(11264K) From: 395K(512K)->352K(512K)
[2026-10-07T18:41:59.633+0000][855.126s][info][gc,heap        ] GC(300) ParOldGen: 54546K(54784K)->54693K(54784K)
[2026-10-07T18:41:59.633+0000][855.126s][info][gc,metaspace   ] GC(300) Metaspace: 75030K(75840K)->75030K(75840K) NonClass: 65638K(66048K)->65638K(66048K) Class: 9391K(9792K)->9391K(9792K)
[2026-10-07T18:41:59.633+0000][855.126s][info][gc             ] GC(300) Pause Young (Allocation Failure) 64M->53M(65M) 5.424ms
[2026-10-07T18:41:59.633+0000][855.126s][info][gc,cpu         ] GC(300) User=0.00s Sys=0.00s Real=0.00s
[2026-10-07T18:42:01.600+0000][857.093s][info][gc,start       ] GC(301) Pause Young (Allocation Failure)
[2026-10-07T18:42:01.605+0000][857.098s][info][gc,heap        ] GC(301) PSYoungGen: 11616K(11776K)->402K(11776K) Eden: 11264K(11264K)->0K(11264K) From: 352K(512K)->402K(512K)
[2026-10-07T18:42:01.605+0000][857.098s][info][gc,heap        ] GC(301) ParOldGen: 54693K(54784K)->54761K(54784K)
[2026-10-07T18:42:01.605+0000][857.098s][info][gc,metaspace   ] GC(301) Metaspace: 75035K(75840K)->75035K(75840K) NonClass: 65644K(66048K)->65644K(66048K) Class: 9391K(9792K)->9391K(9792K)
[2026-10-07T18:42:01.605+0000][857.098s][info][gc             ] GC(301) Pause Young (Allocation Failure) 64M->53M(65M) 4.796ms
[2026-10-07T18:42:01.605+0000][857.098s][info][gc,cpu         ] GC(301) User=0.01s Sys=0.00s Real=0.01s
[2026-10-07T18:42:03.642+0000][859.135s][info][gc,start       ] GC(302) Pause Young (Allocation Failure)
[2026-10-07T18:42:03.656+0000][859.149s][info][gc,heap        ] GC(302) PSYoungGen: 11666K(11776K)->352K(11776K) Eden: 11264K(11264K)->0K(11264K) From: 402K(512K)->352K(512K)
[2026-10-07T18:42:03.657+0000][859.150s][info][gc,heap        ] GC(302) ParOldGen: 54761K(54784K)->54884K(55296K)
[2026-10-07T18:42:03.657+0000][859.150s][info][gc,metaspace   ] GC(302) Metaspace: 75036K(75840K)->75036K(75840K) NonClass: 65644K(66048K)->65644K(66048K) Class: 9391K(9792K)->9391K(9792K)
[2026-10-07T18:42:03.657+0000][859.150s][info][gc             ] GC(302) Pause Young (Allocation Failure) 64M->53M(65M) 14.910ms
[2026-10-07T18:42:03.657+0000][859.150s][info][gc,cpu         ] GC(302) User=0.00s Sys=0.00s Real=0.02s
[2026-10-07T18:42:05.593+0000][861.087s][info][gc,start       ] GC(303) Pause Young (Allocation Failure)
[2026-10-07T18:42:05.599+0000][861.092s][info][gc,heap        ] GC(303) PSYoungGen: 11616K(11776K)->398K(11776K) Eden: 11264K(11264K)->0K(11264K) From: 352K(512K)->398K(512K)
[2026-10-07T18:42:05.599+0000][861.092s][info][gc,heap        ] GC(303) ParOldGen: 54884K(55296K)->55020K(55296K)
[2026-10-07T18:42:05.599+0000][861.092s][info][gc,metaspace   ] GC(303) Metaspace: 75053K(75904K)->75053K(75904K) NonClass: 65661K(66112K)->65661K(66112K) Class: 9391K(9792K)->9391K(9792K)
[2026-10-07T18:42:05.599+0000][861.092s][info][gc             ] GC(303) Pause Young (Allocation Failure) 64M->54M(65M) 5.385ms
[2026-10-07T18:42:05.599+0000][861.093s][info][gc,cpu         ] GC(303) User=0.00s Sys=0.00s Real=0.01s
[2026-10-07T18:42:07.659+0000][863.152s][info][gc,start       ] GC(304) Pause Young (Allocation Failure)
[2026-10-07T18:42:07.665+0000][863.158s][info][gc,heap        ] GC(304) PSYoungGen: 11662K(11776K)->453K(11776K) Eden: 11264K(11264K)->0K(11264K) From: 398K(512K)->453K(512K)
[2026-10-07T18:42:07.665+0000][863.158s][info][gc,heap        ] GC(304) ParOldGen: 55020K(55296K)->55130K(55296K)
[2026-10-07T18:42:07.665+0000][863.158s][info][gc,metaspace   ] GC(304) Metaspace: 75053K(75904K)->75053K(75904K) NonClass: 65661K(66112K)->65661K(66112K) Class: 9391K(9792K)->9391K(9792K)
[2026-10-07T18:42:07.665+0000][863.158s][info][gc             ] GC(304) Pause Young (Allocation Failure) 65M->54M(65M) 5.832ms
[2026-10-07T18:42:07.667+0000][863.160s][info][gc,cpu         ] GC(304) User=0.01s Sys=0.00s Real=0.01s
[2026-10-07T18:42:09.713+0000][865.206s][info][gc,start       ] GC(305) Pause Young (Allocation Failure)
[2026-10-07T18:42:09.718+0000][865.211s][info][gc,heap        ] GC(305) PSYoungGen: 11717K(11776K)->352K(11776K) Eden: 11264K(11264K)->0K(11264K) From: 453K(512K)->352K(512K)
[2026-10-07T18:42:09.718+0000][865.211s][info][gc,heap        ] GC(305) ParOldGen: 55130K(55296K)->55319K(55808K)
[2026-10-07T18:42:09.718+0000][865.211s][info][gc,metaspace   ] GC(305) Metaspace: 75055K(75904K)->75055K(75904K) NonClass: 65663K(66112K)->65663K(66112K) Class: 9391K(9792K)->9391K(9792K)
[2026-10-07T18:42:09.718+0000][865.211s][info][gc             ] GC(305) Pause Young (Allocation Failure) 65M->54M(66M) 5.020ms
[2026-10-07T18:42:09.718+0000][865.211s][info][gc,cpu         ] GC(305) User=0.00s Sys=0.00s Real=0.01s
[2026-10-07T18:42:11.816+0000][867.309s][info][gc,start       ] GC(306) Pause Young (Allocation Failure)
[2026-10-07T18:42:11.821+0000][867.314s][info][gc,heap        ] GC(306) PSYoungGen: 11616K(11776K)->375K(11776K) Eden: 11264K(11264K)->0K(11264K) From: 352K(512K)->375K(512K)
[2026-10-07T18:42:11.821+0000][867.314s][info][gc,heap        ] GC(306) ParOldGen: 55319K(55808K)->55420K(55808K)
[2026-10-07T18:42:11.821+0000][867.314s][info][gc,metaspace   ] GC(306) Metaspace: 75056K(75904K)->75056K(75904K) NonClass: 65664K(66112K)->65664K(66112K) Class: 9391K(9792K)->9391K(9792K)
[2026-10-07T18:42:11.821+0000][867.314s][info][gc             ] GC(306) Pause Young (Allocation Failure) 65M->54M(66M) 5.295ms
[2026-10-07T18:42:11.821+0000][867.314s][info][gc,cpu         ] GC(306) User=0.01s Sys=0.00s Real=0.00s
[2026-10-07T18:42:13.901+0000][869.394s][info][gc,start       ] GC(307) Pause Young (Allocation Failure)
[2026-10-07T18:42:13.908+0000][869.401s][info][gc,heap        ] GC(307) PSYoungGen: 11639K(11776K)->352K(11776K) Eden: 11264K(11264K)->0K(11264K) From: 375K(512K)->352K(512K)
[2026-10-07T18:42:13.908+0000][869.402s][info][gc,heap        ] GC(307) ParOldGen: 55420K(55808K)->55555K(55808K)
[2026-10-07T18:42:13.909+0000][869.402s][info][gc,metaspace   ] GC(307) Metaspace: 75056K(75904K)->75056K(75904K) NonClass: 65665K(66112K)->65665K(66112K) Class: 9391K(9792K)->9391K(9792K)
[2026-10-07T18:42:13.909+0000][869.402s][info][gc             ] GC(307) Pause Young (Allocation Failure) 65M->54M(66M) 7.596ms
[2026-10-07T18:42:13.909+0000][869.402s][info][gc,cpu         ] GC(307) User=0.00s Sys=0.01s Real=0.01s
[2026-10-07T18:42:15.921+0000][871.414s][info][gc,start       ] GC(308) Pause Young (Allocation Failure)
[2026-10-07T18:42:15.926+0000][871.419s][info][gc,heap        ] GC(308) PSYoungGen: 11616K(11776K)->362K(11776K) Eden: 11264K(11264K)->0K(11264K) From: 352K(512K)->362K(512K)
[2026-10-07T18:42:15.926+0000][871.419s][info][gc,heap        ] GC(308) ParOldGen: 55555K(55808K)->55611K(55808K)
[2026-10-07T18:42:15.926+0000][871.419s][info][gc,metaspace   ] GC(308) Metaspace: 75058K(75904K)->75058K(75904K) NonClass: 65666K(66112K)->65666K(66112K) Class: 9391K(9792K)->9391K(9792K)
[2026-10-07T18:42:15.926+0000][871.419s][info][gc             ] GC(308) Pause Young (Allocation Failure) 65M->54M(66M) 5.465ms
[2026-10-07T18:42:15.926+0000][871.420s][info][gc,cpu         ] GC(308) User=0.00s Sys=0.00s Real=0.01s
[2026-10-07T18:42:17.996+0000][873.489s][info][gc,start       ] GC(309) Pause Young (Allocation Failure)
[2026-10-07T18:42:18.002+0000][873.495s][info][gc,heap        ] GC(309) PSYoungGen: 11626K(11776K)->423K(11776K) Eden: 11264K(11264K)->0K(11264K) From: 362K(512K)->423K(512K)
[2026-10-07T18:42:18.002+0000][873.495s][info][gc,heap        ] GC(309) ParOldGen: 55611K(55808K)->55726K(55808K)
[2026-10-07T18:42:18.002+0000][873.495s][info][gc,metaspace   ] GC(309) Metaspace: 75061K(75904K)->75061K(75904K) NonClass: 65668K(66112K)->65668K(66112K) Class: 9392K(9792K)->9392K(9792K)
[2026-10-07T18:42:18.002+0000][873.495s][info][gc             ] GC(309) Pause Young (Allocation Failure) 65M->54M(66M) 5.539ms
[2026-10-07T18:42:18.002+0000][873.495s][info][gc,cpu         ] GC(309) User=0.01s Sys=0.00s Real=0.00s
[2026-10-07T18:42:19.856+0000][875.349s][info][gc,start       ] GC(310) Pause Young (Allocation Failure)
[2026-10-07T18:42:19.862+0000][875.356s][info][gc,heap        ] GC(310) PSYoungGen: 11687K(11776K)->397K(11776K) Eden: 11264K(11264K)->0K(11264K) From: 423K(512K)->397K(512K)
[2026-10-07T18:42:19.862+0000][875.356s][info][gc,heap        ] GC(310) ParOldGen: 55726K(55808K)->55935K(56320K)
[2026-10-07T18:42:19.862+0000][875.356s][info][gc,metaspace   ] GC(310) Metaspace: 75068K(75904K)->75068K(75904K) NonClass: 65676K(66112K)->65676K(66112K) Class: 9392K(9792K)->9392K(9792K)
[2026-10-07T18:42:19.863+0000][875.356s][info][gc             ] GC(310) Pause Young (Allocation Failure) 65M->55M(66M) 6.425ms
[2026-10-07T18:42:19.863+0000][875.356s][info][gc,cpu         ] GC(310) User=0.01s Sys=0.00s Real=0.00s
[2026-10-07T18:42:21.838+0000][877.331s][info][gc,start       ] GC(311) Pause Young (Allocation Failure)
[2026-10-07T18:42:21.845+0000][877.338s][info][gc,heap        ] GC(311) PSYoungGen: 11661K(11776K)->371K(11776K) Eden: 11264K(11264K)->0K(11264K) From: 397K(512K)->371K(512K)
[2026-10-07T18:42:21.845+0000][877.338s][info][gc,heap        ] GC(311) ParOldGen: 55935K(56320K)->56052K(56320K)
[2026-10-07T18:42:21.845+0000][877.338s][info][gc,metaspace   ] GC(311) Metaspace: 75077K(75904K)->75077K(75904K) NonClass: 65684K(66112K)->65684K(66112K) Class: 9392K(9792K)->9392K(9792K)
[2026-10-07T18:42:21.846+0000][877.339s][info][gc             ] GC(311) Pause Young (Allocation Failure) 66M->55M(66M) 7.373ms
[2026-10-07T18:42:21.846+0000][877.339s][info][gc,cpu         ] GC(311) User=0.00s Sys=0.00s Real=0.01s
[2026-10-07T18:42:23.883+0000][879.376s][info][gc,start       ] GC(312) Pause Young (Allocation Failure)
[2026-10-07T18:42:23.890+0000][879.384s][info][gc,heap        ] GC(312) PSYoungGen: 11635K(11776K)->352K(11776K) Eden: 11264K(11264K)->0K(11264K) From: 371K(512K)->352K(512K)
[2026-10-07T18:42:23.891+0000][879.384s][info][gc,heap        ] GC(312) ParOldGen: 56052K(56320K)->56207K(56320K)
[2026-10-07T18:42:23.891+0000][879.384s][info][gc,metaspace   ] GC(312) Metaspace: 75084K(75904K)->75084K(75904K) NonClass: 65691K(66112K)->65691K(66112K) Class: 9392K(9792K)->9392K(9792K)
[2026-10-07T18:42:23.891+0000][879.384s][info][gc             ] GC(312) Pause Young (Allocation Failure) 66M->55M(66M) 7.235ms
[2026-10-07T18:42:23.891+0000][879.384s][info][gc,cpu         ] GC(312) User=0.00s Sys=0.01s Real=0.01s
[2026-10-07T18:42:25.738+0000][881.231s][info][gc,start       ] GC(313) Pause Young (Allocation Failure)
[2026-10-07T18:42:25.743+0000][881.236s][info][gc,heap        ] GC(313) PSYoungGen: 11616K(11776K)->389K(11776K) Eden: 11264K(11264K)->0K(11264K) From: 352K(512K)->389K(512K)
[2026-10-07T18:42:25.743+0000][881.236s][info][gc,heap        ] GC(313) ParOldGen: 56207K(56320K)->56295K(56320K)
[2026-10-07T18:42:25.743+0000][881.236s][info][gc,metaspace   ] GC(313) Metaspace: 75086K(75904K)->75086K(75904K) NonClass: 65694K(66112K)->65694K(66112K) Class: 9392K(9792K)->9392K(9792K)
[2026-10-07T18:42:25.743+0000][881.236s][info][gc             ] GC(313) Pause Young (Allocation Failure) 66M->55M(66M) 5.176ms
[2026-10-07T18:42:25.743+0000][881.236s][info][gc,cpu         ] GC(313) User=0.01s Sys=0.00s Real=0.00s
[2026-10-07T18:42:27.796+0000][883.289s][info][gc,start       ] GC(314) Pause Young (Allocation Failure)
[2026-10-07T18:42:27.802+0000][883.295s][info][gc,heap        ] GC(314) PSYoungGen: 11653K(11776K)->416K(11776K) Eden: 11264K(11264K)->0K(11264K) From: 389K(512K)->416K(512K)
[2026-10-07T18:42:27.802+0000][883.295s][info][gc,heap        ] GC(314) ParOldGen: 56295K(56320K)->56429K(56832K)
[2026-10-07T18:42:27.802+0000][883.295s][info][gc,metaspace   ] GC(314) Metaspace: 75091K(75968K)->75091K(75968K) NonClass: 65699K(66176K)->65699K(66176K) Class: 9392K(9792K)->9392K(9792K)
[2026-10-07T18:42:27.802+0000][883.295s][info][gc             ] GC(314) Pause Young (Allocation Failure) 66M->55M(67M) 5.755ms
[2026-10-07T18:42:27.802+0000][883.295s][info][gc,cpu         ] GC(314) User=0.01s Sys=0.00s Real=0.00s
[2026-10-07T18:42:54.852+0000][910.345s][info][gc,start       ] GC(315) Pause Young (Allocation Failure)
[2026-10-07T18:42:54.857+0000][910.351s][info][gc,heap        ] GC(315) PSYoungGen: 11679K(11776K)->314K(11776K) Eden: 11263K(11264K)->0K(11264K) From: 416K(512K)->314K(512K)
[2026-10-07T18:42:54.858+0000][910.351s][info][gc,heap        ] GC(315) ParOldGen: 56429K(56832K)->56541K(56832K)
[2026-10-07T18:42:54.858+0000][910.351s][info][gc,metaspace   ] GC(315) Metaspace: 75096K(75968K)->75096K(75968K) NonClass: 65703K(66176K)->65703K(66176K) Class: 9392K(9792K)->9392K(9792K)
[2026-10-07T18:42:54.858+0000][910.351s][info][gc             ] GC(315) Pause Young (Allocation Failure) 66M->55M(67M) 5.271ms
[2026-10-07T18:42:54.858+0000][910.351s][info][gc,cpu         ] GC(315) User=0.01s Sys=0.00s Real=0.01s
