[2026-10-07T18:46:09.776+0000][179.742s][info][gc,start       ] GC(24) Pause Young (Allocation Failure)
[2026-10-07T18:46:09.785+0000][179.751s][info][gc,heap        ] GC(24) PSYoungGen: 30513K(30720K)->1250K(30208K) Eden: 29696K(29696K)->0K(28672K) From: 817K(1024K)->1250K(1536K)
[2026-10-07T18:46:09.785+0000][179.751s][info][gc,heap        ] GC(24) ParOldGen: 18580K(18944K)->18612K(18944K)
[2026-10-07T18:46:09.785+0000][179.751s][info][gc,metaspace   ] GC(24) Metaspace: 72568K(73280K)->72568K(73280K) NonClass: 63258K(63616K)->63258K(63616K) Class: 9310K(9664K)->9310K(9664K)
[2026-10-07T18:46:09.785+0000][179.751s][info][gc             ] GC(24) Pause Young (Allocation Failure) 47M->19M(48M) 9.168ms
[2026-10-07T18:46:09.785+0000][179.752s][info][gc,cpu         ] GC(24) User=0.01s Sys=0.00s Real=0.01s
[2026-10-07T18:46:13.726+0000][183.693s][info][gc,start       ] GC(25) Pause Young (Allocation Failure)
[2026-10-07T18:46:13.740+0000][183.707s][info][gc,heap        ] GC(25) PSYoungGen: 29922K(30208K)->2656K(30720K) Eden: 28672K(28672K)->0K(27648K) From: 1250K(1536K)->2656K(3072K)
[2026-10-07T18:46:13.741+0000][183.707s][info][gc,heap        ] GC(25) ParOldGen: 18612K(18944K)->19160K(19456K)
[2026-10-07T18:46:13.741+0000][183.707s][info][gc,metaspace   ] GC(25) Metaspace: 73154K(73856K)->73154K(73856K) NonClass: 63802K(64192K)->63802K(64192K) Class: 9352K(9664K)->9352K(9664K)
[2026-10-07T18:46:13.741+0000][183.707s][info][gc             ] GC(25) Pause Young (Allocation Failure) 47M->21M(49M) 14.866ms
[2026-10-07T18:46:13.741+0000][183.708s][info][gc,cpu         ] GC(25) User=0.02s Sys=0.00s Real=0.01s
[2026-10-07T18:46:17.939+0000][187.905s][info][gc,start       ] GC(26) Pause Young (Allocation Failure)
[2026-10-07T18:46:17.964+0000][187.930s][info][gc,heap        ] GC(26) PSYoungGen: 30304K(30720K)->1779K(28672K) Eden: 27648K(27648K)->0K(26624K) From: 2656K(3072K)->1779K(2048K)
[2026-10-07T18:46:17.964+0000][187.930s][info][gc,heap        ] GC(26) ParOldGen: 19160K(19456K)->21248K(21504K)
[2026-10-07T18:46:17.967+0000][187.934s][info][gc,metaspace   ] GC(26) Metaspace: 73292K(73984K)->73292K(73984K) NonClass: 63939K(64320K)->63939K(64320K) Class: 9353K(9664K)->9353K(9664K)
[2026-10-07T18:46:17.967+0000][187.934s][info][gc             ] GC(26) Pause Young (Allocation Failure) 48M->22M(49M) 28.334ms
[2026-10-07T18:46:17.968+0000][187.935s][info][gc,cpu         ] GC(26) User=0.03s Sys=0.01s Real=0.03s
[2026-10-07T18:46:22.462+0000][192.428s][info][gc,start       ] GC(27) Pause Young (Allocation Failure)
[2026-10-07T18:46:22.477+0000][192.443s][info][gc,heap        ] GC(27) PSYoungGen: 28403K(28672K)->1241K(27136K) Eden: 26624K(26624K)->0K(25600K) From: 1779K(2048K)->1241K(1536K)
[2026-10-07T18:46:22.477+0000][192.443s][info][gc,heap        ] GC(27) ParOldGen: 21248K(21504K)->22384K(22528K)
[2026-10-07T18:46:22.477+0000][192.444s][info][gc,metaspace   ] GC(27) Metaspace: 73389K(74176K)->73389K(74176K) NonClass: 64035K(64448K)->64035K(64448K) Class: 9354K(9728K)->9354K(9728K)
[2026-10-07T18:46:22.477+0000][192.444s][info][gc             ] GC(27) Pause Young (Allocation Failure) 48M->23M(48M) 15.270ms
[2026-10-07T18:46:22.477+0000][192.444s][info][gc,cpu         ] GC(27) User=0.01s Sys=0.00s Real=0.02s
[2026-10-07T18:46:26.854+0000][196.820s][info][gc,start       ] GC(28) Pause Young (Allocation Failure)
[2026-10-07T18:46:26.874+0000][196.840s][info][gc,heap        ] GC(28) PSYoungGen: 26841K(27136K)->990K(25600K) Eden: 25600K(25600K)->0K(24576K) From: 1241K(1536K)->990K(1024K)
[2026-10-07T18:46:26.874+0000][196.840s][info][gc,heap        ] GC(28) ParOldGen: 22384K(22528K)->23012K(23040K)
[2026-10-07T18:46:26.874+0000][196.840s][info][gc,metaspace   ] GC(28) Metaspace: 73449K(74240K)->73449K(74240K) NonClass: 64095K(64512K)->64095K(64512K) Class: 9354K(9728K)->9354K(9728K)
[2026-10-07T18:46:26.879+0000][196.845s][info][gc             ] GC(28) Pause Young (Allocation Failure) 48M->23M(47M) 24.728ms
[2026-10-07T18:46:26.879+0000][196.845s][info][gc,cpu         ] GC(28) User=0.01s Sys=0.00s Real=0.02s
[2026-10-07T18:46:31.032+0000][200.998s][info][gc,start       ] GC(29) Pause Young (Allocation Failure)
[2026-10-07T18:46:31.039+0000][201.006s][info][gc,heap        ] GC(29) PSYoungGen: 25566K(25600K)->846K(24576K) Eden: 24576K(24576K)->0K(23552K) From: 990K(1024K)->846K(1024K)
[2026-10-07T18:46:31.040+0000][201.006s][info][gc,heap        ] GC(29) ParOldGen: 23012K(23040K)->23308K(23552K)
[2026-10-07T18:46:31.040+0000][201.006s][info][gc,metaspace   ] GC(29) Metaspace: 73499K(74304K)->73499K(74304K) NonClass: 64144K(64576K)->64144K(64576K) Class: 9355K(9728K)->9355K(9728K)
[2026-10-07T18:46:31.040+0000][201.006s][info][gc             ] GC(29) Pause Young (Allocation Failure) 47M->23M(47M) 7.954ms
[2026-10-07T18:46:31.040+0000][201.006s][info][gc,cpu         ] GC(29) User=0.00s Sys=0.00s Real=0.01s
[2026-10-07T18:46:35.275+0000][205.241s][info][gc,start       ] GC(30) Pause Young (Allocation Failure)
[2026-10-07T18:46:35.281+0000][205.247s][info][gc,heap        ] GC(30) PSYoungGen: 24398K(24576K)->742K(23552K) Eden: 23552K(23552K)->0K(22528K) From: 846K(1024K)->742K(1024K)
[2026-10-07T18:46:35.281+0000][205.247s][info][gc,heap        ] GC(30) ParOldGen: 23308K(23552K)->23555K(24064K)
[2026-10-07T18:46:35.281+0000][205.247s][info][gc,metaspace   ] GC(30) Metaspace: 73609K(74368K)->73609K(74368K) NonClass: 64254K(64640K)->64254K(64640K) Class: 9355K(9728K)->9355K(9728K)
[2026-10-07T18:46:35.281+0000][205.247s][info][gc             ] GC(30) Pause Young (Allocation Failure) 46M->23M(46M) 6.212ms
[2026-10-07T18:46:35.284+0000][205.250s][info][gc,cpu         ] GC(30) User=0.01s Sys=0.00s Real=0.00s
[2026-10-07T18:46:39.231+0000][209.198s][info][gc,start       ] GC(31) Pause Young (Allocation Failure)
[2026-10-07T18:46:39.239+0000][209.206s][info][gc,heap        ] GC(31) PSYoungGen: 23270K(23552K)->704K(22528K) Eden: 22528K(22528K)->0K(21504K) From: 742K(1024K)->704K(1024K)
[2026-10-07T18:46:39.239+0000][209.206s][info][gc,heap        ] GC(31) ParOldGen: 23555K(24064K)->23809K(24064K)
[2026-10-07T18:46:39.239+0000][209.206s][info][gc,metaspace   ] GC(31) Metaspace: 73634K(74432K)->73634K(74432K) NonClass: 64278K(64704K)->64278K(64704K) Class: 9355K(9728K)->9355K(9728K)
[2026-10-07T18:46:39.239+0000][209.206s][info][gc             ] GC(31) Pause Young (Allocation Failure) 45M->23M(45M) 8.057ms
[2026-10-07T18:46:39.239+0000][209.206s][info][gc,cpu         ] GC(31) User=0.00s Sys=0.00s Real=0.01s
[2026-10-07T18:46:43.105+0000][213.072s][info][gc,start       ] GC(32) Pause Young (Allocation Failure)
[2026-10-07T18:46:43.112+0000][213.079s][info][gc,heap        ] GC(32) PSYoungGen: 22208K(22528K)->694K(22016K) Eden: 21504K(21504K)->0K(20992K) From: 704K(1024K)->694K(1024K)
[2026-10-07T18:46:43.112+0000][213.079s][info][gc,heap        ] GC(32) ParOldGen: 23809K(24064K)->23917K(24064K)
[2026-10-07T18:46:43.112+0000][213.079s][info][gc,metaspace   ] GC(32) Metaspace: 73695K(74496K)->73695K(74496K) NonClass: 64339K(64768K)->64339K(64768K) Class: 9356K(9728K)->9356K(9728K)
[2026-10-07T18:46:43.112+0000][213.079s][info][gc             ] GC(32) Pause Young (Allocation Failure) 44M->24M(45M) 7.259ms
[2026-10-07T18:46:43.112+0000][213.079s][info][gc,cpu         ] GC(32) User=0.01s Sys=0.00s Real=0.00s
[2026-10-07T18:46:46.849+0000][216.816s][info][gc,start       ] GC(33) Pause Young (Allocation Failure)
[2026-10-07T18:46:46.855+0000][216.822s][info][gc,heap        ] GC(33) PSYoungGen: 21686K(22016K)->627K(24064K) Eden: 20992K(20992K)->0K(20480K) From: 694K(1024K)->627K(3584K)
[2026-10-07T18:46:46.856+0000][216.823s][info][gc,heap        ] GC(33) ParOldGen: 23917K(24064K)->24005K(24064K)
[2026-10-07T18:46:46.856+0000][216.823s][info][gc,metaspace   ] GC(33) Metaspace: 73704K(74496K)->73704K(74496K) NonClass: 64348K(64768K)->64348K(64768K) Class: 9356K(9728K)->9356K(9728K)
[2026-10-07T18:46:46.856+0000][216.823s][info][gc             ] GC(33) Pause Young (Allocation Failure) 44M->24M(47M) 6.704ms
[2026-10-07T18:46:46.856+0000][216.823s][info][gc,cpu         ] GC(33) User=0.01s Sys=0.00s Real=0.01s
[2026-10-07T18:46:50.552+0000][220.519s][info][gc,start       ] GC(34) Pause Young (Allocation Failure)
[2026-10-07T18:46:50.560+0000][220.526s][info][gc,heap        ] GC(34) PSYoungGen: 21107K(24064K)->590K(20992K) Eden: 20480K(20480K)->0K(19968K) From: 627K(3584K)->590K(1024K)
[2026-10-07T18:46:50.560+0000][220.527s][info][gc,heap        ] GC(34) ParOldGen: 24005K(24064K)->24121K(24576K)
[2026-10-07T18:46:50.560+0000][220.527s][info][gc,metaspace   ] GC(34) Metaspace: 73745K(74496K)->73745K(74496K) NonClass: 64388K(64768K)->64388K(64768K) Class: 9356K(9728K)->9356K(9728K)
[2026-10-07T18:46:50.560+0000][220.527s][info][gc             ] GC(34) Pause Young (Allocation Failure) 44M->24M(44M) 7.611ms
[2026-10-07T18:46:50.560+0000][220.527s][info][gc,cpu         ] GC(34) User=0.00s Sys=0.00s Real=0.01s
[2026-10-07T18:46:54.289+0000][224.255s][info][gc,start       ] GC(35) Pause Young (Allocation Failure)
[2026-10-07T18:46:54.294+0000][224.261s][info][gc,heap        ] GC(35) PSYoungGen: 20558K(20992K)->544K(20480K) Eden: 19968K(19968K)->0K(19456K) From: 590K(1024K)->544K(1024K)
[2026-10-07T18:46:54.294+0000][224.261s][info][gc,heap        ] GC(35) ParOldGen: 24121K(24576K)->24280K(24576K)
[2026-10-07T18:46:54.294+0000][224.261s][info][gc,metaspace   ] GC(35) Metaspace: 73769K(74496K)->73769K(74496K) NonClass: 64412K(64768K)->64412K(64768K) Class: 9356K(9728K)->9356K(9728K)
[2026-10-07T18:46:54.294+0000][224.261s][info][gc             ] GC(35) Pause Young (Allocation Failure) 43M->24M(44M) 5.515ms
[2026-10-07T18:46:54.294+0000][224.261s][info][gc,cpu         ] GC(35) User=0.00s Sys=0.00s Real=0.01s
[2026-10-07T18:46:57.644+0000][227.611s][info][gc,start       ] GC(36) Pause Young (Allocation Failure)
[2026-10-07T18:46:57.650+0000][227.617s][info][gc,heap        ] GC(36) PSYoungGen: 20000K(20480K)->631K(19968K) Eden: 19456K(19456K)->0K(18944K) From: 544K(1024K)->631K(1024K)
[2026-10-07T18:46:57.651+0000][227.617s][info][gc,heap        ] GC(36) ParOldGen: 24280K(24576K)->24360K(24576K)
[2026-10-07T18:46:57.651+0000][227.617s][info][gc,metaspace   ] GC(36) Metaspace: 73800K(74560K)->73800K(74560K) NonClass: 64443K(64832K)->64443K(64832K) Class: 9356K(9728K)->9356K(9728K)
[2026-10-07T18:46:57.651+0000][227.617s][info][gc             ] GC(36) Pause Young (Allocation Failure) 43M->24M(43M) 6.518ms
[2026-10-07T18:46:57.651+0000][227.617s][info][gc,cpu         ] GC(36) User=0.00s Sys=0.00s Real=0.00s
[2026-10-07T18:47:01.095+0000][231.062s][info][gc,start       ] GC(37) Pause Young (Allocation Failure)
[2026-10-07T18:47:01.102+0000][231.069s][info][gc,heap        ] GC(37) PSYoungGen: 19575K(19968K)->623K(19456K) Eden: 18944K(18944K)->0K(18432K) From: 631K(1024K)->623K(1024K)
[2026-10-07T18:47:01.102+0000][231.069s][info][gc,heap        ] GC(37) ParOldGen: 24360K(24576K)->24436K(24576K)
[2026-10-07T18:47:01.102+0000][231.069s][info][gc,metaspace   ] GC(37) Metaspace: 73856K(74624K)->73856K(74624K) NonClass: 64500K(64896K)->64500K(64896K) Class: 9356K(9728K)->9356K(9728K)
[2026-10-07T18:47:01.102+0000][231.069s][info][gc             ] GC(37) Pause Young (Allocation Failure) 42M->24M(43M) 7.083ms
[2026-10-07T18:47:01.102+0000][231.069s][info][gc,cpu         ] GC(37) User=0.00s Sys=0.00s Real=0.00s
[2026-10-07T18:47:04.071+0000][234.038s][info][gc,start       ] GC(38) Pause Young (Allocation Failure)
[2026-10-07T18:47:04.084+0000][234.051s][info][gc,heap        ] GC(38) PSYoungGen: 19055K(19456K)->640K(18944K) Eden: 18432K(18432K)->0K(17920K) From: 623K(1024K)->640K(1024K)
[2026-10-07T18:47:04.084+0000][234.051s][info][gc,heap        ] GC(38) ParOldGen: 24436K(24576K)->24668K(25088K)
[2026-10-07T18:47:04.084+0000][234.051s][info][gc,metaspace   ] GC(38) Metaspace: 73876K(74688K)->73876K(74688K) NonClass: 64518K(64960K)->64518K(64960K) Class: 9357K(9728K)->9357K(9728K)
[2026-10-07T18:47:04.084+0000][234.051s][info][gc             ] GC(38) Pause Young (Allocation Failure) 42M->24M(43M) 13.127ms
[2026-10-07T18:47:04.084+0000][234.051s][info][gc,cpu         ] GC(38) User=0.00s Sys=0.00s Real=0.02s
[2026-10-07T18:47:07.410+0000][237.376s][info][gc,start       ] GC(39) Pause Young (Allocation Failure)
[2026-10-07T18:47:07.417+0000][237.383s][info][gc,heap        ] GC(39) PSYoungGen: 18560K(18944K)->586K(20480K) Eden: 17920K(17920K)->0K(17408K) From: 640K(1024K)->586K(3072K)
[2026-10-07T18:47:07.417+0000][237.383s][info][gc,heap        ] GC(39) ParOldGen: 24668K(25088K)->24852K(25088K)
[2026-10-07T18:47:07.417+0000][237.384s][info][gc,metaspace   ] GC(39) Metaspace: 73896K(74688K)->73896K(74688K) NonClass: 64538K(64960K)->64538K(64960K) Class: 9357K(9728K)->9357K(9728K)
[2026-10-07T18:47:07.418+0000][237.384s][info][gc             ] GC(39) Pause Young (Allocation Failure) 42M->24M(44M) 7.880ms
[2026-10-07T18:47:07.418+0000][237.385s][info][gc,cpu         ] GC(39) User=0.01s Sys=0.00s Real=0.01s
[2026-10-07T18:47:10.659+0000][240.625s][info][gc,start       ] GC(40) Pause Young (Allocation Failure)
[2026-10-07T18:47:10.667+0000][240.634s][info][gc,heap        ] GC(40) PSYoungGen: 17994K(20480K)->646K(17920K) Eden: 17408K(17408K)->0K(16896K) From: 586K(3072K)->646K(1024K)
[2026-10-07T18:47:10.667+0000][240.634s][info][gc,heap        ] GC(40) ParOldGen: 24852K(25088K)->24940K(25088K)
[2026-10-07T18:47:10.667+0000][240.634s][info][gc,metaspace   ] GC(40) Metaspace: 73911K(74688K)->73911K(74688K) NonClass: 64548K(64960K)->64548K(64960K) Class: 9362K(9728K)->9362K(9728K)
[2026-10-07T18:47:10.667+0000][240.634s][info][gc             ] GC(40) Pause Young (Allocation Failure) 41M->24M(42M) 8.444ms
[2026-10-07T18:47:10.668+0000][240.635s][info][gc,cpu         ] GC(40) User=0.01s Sys=0.00s Real=0.01s
[2026-10-07T18:47:13.872+0000][243.839s][info][gc,start       ] GC(41) Pause Young (Allocation Failure)
[2026-10-07T18:47:13.880+0000][243.846s][info][gc,heap        ] GC(41) PSYoungGen: 17542K(17920K)->523K(17408K) Eden: 16896K(16896K)->0K(16384K) From: 646K(1024K)->523K(1024K)
[2026-10-07T18:47:13.880+0000][243.846s][info][gc,heap        ] GC(41) ParOldGen: 24940K(25088K)->25227K(25600K)
[2026-10-07T18:47:13.880+0000][243.846s][info][gc,metaspace   ] GC(41) Metaspace: 73932K(74752K)->73932K(74752K) NonClass: 64569K(65024K)->64569K(65024K) Class: 9363K(9728K)->9363K(9728K)
[2026-10-07T18:47:13.880+0000][243.846s][info][gc             ] GC(41) Pause Young (Allocation Failure) 41M->25M(42M) 7.885ms
[2026-10-07T18:47:13.880+0000][243.847s][info][gc,cpu         ] GC(41) User=0.00s Sys=0.00s Real=0.01s
[2026-10-07T18:47:16.873+0000][246.840s][info][gc,start       ] GC(42) Pause Young (Allocation Failure)
[2026-10-07T18:47:16.878+0000][246.845s][info][gc,heap        ] GC(42) PSYoungGen: 16907K(17408K)->502K(16384K) Eden: 16384K(16384K)->0K(15872K) From: 523K(1024K)->502K(512K)
[2026-10-07T18:47:16.878+0000][246.845s][info][gc,heap        ] GC(42) ParOldGen: 25227K(25600K)->25375K(25600K)
[2026-10-07T18:47:16.879+0000][246.845s][info][gc,metaspace   ] GC(42) Metaspace: 73938K(74752K)->73938K(74752K) NonClass: 64574K(65024K)->64574K(65024K) Class: 9363K(9728K)->9363K(9728K)
[2026-10-07T18:47:16.879+0000][246.845s][info][gc             ] GC(42) Pause Young (Allocation Failure) 41M->25M(41M) 5.585ms
[2026-10-07T18:47:16.879+0000][246.845s][info][gc,cpu         ] GC(42) User=0.01s Sys=0.00s Real=0.01s
[2026-10-07T18:47:19.756+0000][249.722s][info][gc,start       ] GC(43) Pause Young (Allocation Failure)
[2026-10-07T18:47:19.761+0000][249.727s][info][gc,heap        ] GC(43) PSYoungGen: 16374K(16384K)->446K(17920K) Eden: 15872K(15872K)->0K(15360K) From: 502K(512K)->446K(2560K)
[2026-10-07T18:47:19.761+0000][249.728s][info][gc,heap        ] GC(43) ParOldGen: 25375K(25600K)->25447K(25600K)
[2026-10-07T18:47:19.761+0000][249.728s][info][gc,metaspace   ] GC(43) Metaspace: 73938K(74752K)->73938K(74752K) NonClass: 64575K(65024K)->64575K(65024K) Class: 9363K(9728K)->9363K(9728K)
[2026-10-07T18:47:19.761+0000][249.728s][info][gc             ] GC(43) Pause Young (Allocation Failure) 40M->25M(42M) 5.518ms
[2026-10-07T18:47:19.761+0000][249.728s][info][gc,cpu         ] GC(43) User=0.00s Sys=0.00s Real=0.00s
[2026-10-07T18:47:22.513+0000][252.480s][info][gc,start       ] GC(44) Pause Young (Allocation Failure)
[2026-10-07T18:47:22.526+0000][252.492s][info][gc,heap        ] GC(44) PSYoungGen: 15806K(17920K)->480K(15360K) Eden: 15360K(15360K)->0K(14848K) From: 446K(2560K)->480K(512K)
[2026-10-07T18:47:22.526+0000][252.492s][info][gc,heap        ] GC(44) ParOldGen: 25447K(25600K)->25573K(25600K)
[2026-10-07T18:47:22.526+0000][252.492s][info][gc,metaspace   ] GC(44) Metaspace: 73940K(74752K)->73940K(74752K) NonClass: 64576K(65024K)->64576K(65024K) Class: 9363K(9728K)->9363K(9728K)
[2026-10-07T18:47:22.526+0000][252.492s][info][gc             ] GC(44) Pause Young (Allocation Failure) 40M->25M(40M) 12.947ms
[2026-10-07T18:47:22.526+0000][252.492s][info][gc,cpu         ] GC(44) User=0.00s Sys=0.00s Real=0.02s
[2026-10-07T18:47:25.112+0000][255.079s][info][gc,start       ] GC(45) Pause Young (Allocation Failure)
[2026-10-07T18:47:25.114+0000][255.081s][info][gc,heap        ] GC(45) PSYoungGen: 15328K(15360K)->447K(16896K) Eden: 14848K(14848K)->0K(14336K) From: 480K(512K)->447K(2560K)
[2026-10-07T18:47:25.115+0000][255.081s][info][gc,heap        ] GC(45) ParOldGen: 25573K(25600K)->25637K(26112K)
[2026-10-07T18:47:25.115+0000][255.081s][info][gc,metaspace   ] GC(45) Metaspace: 73947K(74752K)->73947K(74752K) NonClass: 64584K(65024K)->64584K(65024K) Class: 9363K(9728K)->9363K(9728K)
[2026-10-07T18:47:25.115+0000][255.081s][info][gc             ] GC(45) Pause Young (Allocation Failure) 39M->25M(42M) 2.709ms
[2026-10-07T18:47:25.115+0000][255.081s][info][gc,cpu         ] GC(45) User=0.00s Sys=0.00s Real=0.01s
[2026-10-07T18:47:27.711+0000][257.677s][info][gc,start       ] GC(46) Pause Young (Allocation Failure)
[2026-10-07T18:47:27.720+0000][257.686s][info][gc,heap        ] GC(46) PSYoungGen: 14783K(16896K)->459K(14336K) Eden: 14336K(14336K)->0K(13824K) From: 447K(2560K)->459K(512K)
[2026-10-07T18:47:27.720+0000][257.686s][info][gc,heap        ] GC(46) ParOldGen: 25637K(26112K)->25773K(26112K)
[2026-10-07T18:47:27.720+0000][257.686s][info][gc,metaspace   ] GC(46) Metaspace: 73959K(74752K)->73959K(74752K) NonClass: 64595K(65024K)->64595K(65024K) Class: 9364K(9728K)->9364K(9728K)
[2026-10-07T18:47:27.720+0000][257.687s][info][gc             ] GC(46) Pause Young (Allocation Failure) 39M->25M(39M) 9.731ms
[2026-10-07T18:47:27.720+0000][257.687s][info][gc,cpu         ] GC(46) User=0.01s Sys=0.00s Real=0.01s
[2026-10-07T18:47:30.071+0000][260.037s][info][gc,start       ] GC(47) Pause Young (Allocation Failure)
[2026-10-07T18:47:30.075+0000][260.042s][info][gc,heap        ] GC(47) PSYoungGen: 14283K(14336K)->458K(15360K) Eden: 13824K(13824K)->0K(13312K) From: 459K(512K)->458K(2048K)
[2026-10-07T18:47:30.075+0000][260.042s][info][gc,heap        ] GC(47) ParOldGen: 25773K(26112K)->25904K(26112K)
[2026-10-07T18:47:30.075+0000][260.042s][info][gc,metaspace   ] GC(47) Metaspace: 73968K(74752K)->73968K(74752K) NonClass: 64603K(65024K)->64603K(65024K) Class: 9364K(9728K)->9364K(9728K)
[2026-10-07T18:47:30.076+0000][260.042s][info][gc             ] GC(47) Pause Young (Allocation Failure) 39M->25M(40M) 4.969ms
[2026-10-07T18:47:30.076+0000][260.042s][info][gc,cpu         ] GC(47) User=0.00s Sys=0.01s Real=0.01s
[2026-10-07T18:47:32.568+0000][262.534s][info][gc,start       ] GC(48) Pause Young (Allocation Failure)
[2026-10-07T18:47:32.574+0000][262.540s][info][gc,heap        ] GC(48) PSYoungGen: 13770K(15360K)->416K(13312K) Eden: 13312K(13312K)->0K(12800K) From: 458K(2048K)->416K(512K)
[2026-10-07T18:47:32.574+0000][262.540s][info][gc,heap        ] GC(48) ParOldGen: 25904K(26112K)->26074K(26112K)
[2026-10-07T18:47:32.574+0000][262.540s][info][gc,metaspace   ] GC(48) Metaspace: 73979K(74752K)->73979K(74752K) NonClass: 64614K(65024K)->64614K(65024K) Class: 9364K(9728K)->9364K(9728K)
[2026-10-07T18:47:32.574+0000][262.540s][info][gc             ] GC(48) Pause Young (Allocation Failure) 38M->25M(38M) 5.994ms
[2026-10-07T18:47:32.574+0000][262.540s][info][gc,cpu         ] GC(48) User=0.01s Sys=0.00s Real=0.01s
[2026-10-07T18:47:34.685+0000][264.651s][info][gc,start       ] GC(49) Pause Young (Allocation Failure)
[2026-10-07T18:47:34.689+0000][264.656s][info][gc,heap        ] GC(49) PSYoungGen: 13216K(13312K)->416K(14336K) Eden: 12800K(12800K)->0K(12288K) From: 416K(512K)->416K(2048K)
[2026-10-07T18:47:34.689+0000][264.656s][info][gc,heap        ] GC(49) ParOldGen: 26074K(26112K)->26190K(26624K)
[2026-10-07T18:47:34.689+0000][264.656s][info][gc,metaspace   ] GC(49) Metaspace: 73984K(74752K)->73984K(74752K) NonClass: 64620K(65024K)->64620K(65024K) Class: 9364K(9728K)->9364K(9728K)
[2026-10-07T18:47:34.689+0000][264.656s][info][gc             ] GC(49) Pause Young (Allocation Failure) 38M->25M(40M) 4.337ms
[2026-10-07T18:47:34.689+0000][264.656s][info][gc,cpu         ] GC(49) User=0.00s Sys=0.00s Real=0.00s
[2026-10-07T18:47:36.850+0000][266.817s][info][gc,start       ] GC(50) Pause Young (Allocation Failure)
[2026-10-07T18:47:36.856+0000][266.823s][info][gc,heap        ] GC(50) PSYoungGen: 12704K(14336K)->427K(12288K) Eden: 12288K(12288K)->0K(11776K) From: 416K(2048K)->427K(512K)
[2026-10-07T18:47:36.857+0000][266.823s][info][gc,heap        ] GC(50) ParOldGen: 26190K(26624K)->26295K(26624K)
[2026-10-07T18:47:36.857+0000][266.823s][info][gc,metaspace   ] GC(50) Metaspace: 73991K(74752K)->73991K(74752K) NonClass: 64627K(65024K)->64627K(65024K) Class: 9364K(9728K)->9364K(9728K)
[2026-10-07T18:47:36.857+0000][266.824s][info][gc             ] GC(50) Pause Young (Allocation Failure) 37M->26M(38M) 6.444ms
[2026-10-07T18:47:36.857+0000][266.824s][info][gc,cpu         ] GC(50) User=0.01s Sys=0.00s Real=0.01s
[2026-10-07T18:47:39.076+0000][269.043s][info][gc,start       ] GC(51) Pause Young (Allocation Failure)
[2026-10-07T18:47:39.083+0000][269.050s][info][gc,heap        ] GC(51) PSYoungGen: 12203K(12288K)->320K(13312K) Eden: 11776K(11776K)->0K(11264K) From: 427K(512K)->320K(2048K)
[2026-10-07T18:47:39.083+0000][269.050s][info][gc,heap        ] GC(51) ParOldGen: 26295K(26624K)->26482K(26624K)
[2026-10-07T18:47:39.083+0000][269.050s][info][gc,metaspace   ] GC(51) Metaspace: 73993K(74752K)->73993K(74752K) NonClass: 64628K(65024K)->64628K(65024K) Class: 9364K(9728K)->9364K(9728K)
[2026-10-07T18:47:39.083+0000][269.050s][info][gc             ] GC(51) Pause Young (Allocation Failure) 37M->26M(39M) 6.844ms
[2026-10-07T18:47:39.083+0000][269.050s][info][gc,cpu         ] GC(51) User=0.01s Sys=0.00s Real=0.00s
[2026-10-07T18:47:41.111+0000][271.078s][info][gc,start       ] GC(52) Pause Young (Allocation Failure)
[2026-10-07T18:47:41.116+0000][271.082s][info][gc,heap        ] GC(52) PSYoungGen: 11584K(13312K)->356K(11776K) Eden: 11264K(11264K)->0K(11264K) From: 320K(2048K)->356K(512K)
[2026-10-07T18:47:41.116+0000][271.082s][info][gc,heap        ] GC(52) ParOldGen: 26482K(26624K)->26530K(26624K)
[2026-10-07T18:47:41.116+0000][271.082s][info][gc,metaspace   ] GC(52) Metaspace: 73999K(74752K)->73999K(74752K) NonClass: 64634K(65024K)->64634K(65024K) Class: 9364K(9728K)->9364K(9728K)
[2026-10-07T18:47:41.116+0000][271.082s][info][gc             ] GC(52) Pause Young (Allocation Failure) 37M->26M(37M) 4.546ms
[2026-10-07T18:47:41.116+0000][271.082s][info][gc,cpu         ] GC(52) User=0.00s Sys=0.00s Real=0.01s
[2026-10-07T18:47:43.137+0000][273.104s][info][gc,start       ] GC(53) Pause Young (Allocation Failure)
[2026-10-07T18:47:43.149+0000][273.115s][info][gc,heap        ] GC(53) PSYoungGen: 11617K(11776K)->384K(12800K) Eden: 11260K(11264K)->0K(11264K) From: 356K(512K)->384K(1536K)
[2026-10-07T18:47:43.149+0000][273.115s][info][gc,heap        ] GC(53) ParOldGen: 26530K(26624K)->26646K(27136K)
[2026-10-07T18:47:43.149+0000][273.115s][info][gc,metaspace   ] GC(53) Metaspace: 74002K(74752K)->74002K(74752K) NonClass: 64638K(65024K)->64638K(65024K) Class: 9364K(9728K)->9364K(9728K)
[2026-10-07T18:47:43.149+0000][273.115s][info][gc             ] GC(53) Pause Young (Allocation Failure) 37M->26M(39M) 11.454ms
[2026-10-07T18:47:43.149+0000][273.115s][info][gc,cpu         ] GC(53) User=0.01s Sys=0.00s Real=0.01s
[2026-10-07T18:47:44.984+0000][274.951s][info][gc,start       ] GC(54) Pause Young (Allocation Failure)
[2026-10-07T18:47:44.989+0000][274.956s][info][gc,heap        ] GC(54) PSYoungGen: 11648K(12800K)->381K(11776K) Eden: 11264K(11264K)->0K(11264K) From: 384K(1536K)->381K(512K)
[2026-10-07T18:47:44.989+0000][274.956s][info][gc,heap        ] GC(54) ParOldGen: 26646K(27136K)->26702K(27136K)
[2026-10-07T18:47:44.989+0000][274.956s][info][gc,metaspace   ] GC(54) Metaspace: 74016K(74816K)->74016K(74816K) NonClass: 64652K(65088K)->64652K(65088K) Class: 9364K(9728K)->9364K(9728K)
[2026-10-07T18:47:44.989+0000][274.956s][info][gc             ] GC(54) Pause Young (Allocation Failure) 37M->26M(38M) 4.904ms
[2026-10-07T18:47:44.989+0000][274.956s][info][gc,cpu         ] GC(54) User=0.00s Sys=0.00s Real=0.00s
[2026-10-07T18:47:46.910+0000][276.877s][info][gc,start       ] GC(55) Pause Young (Allocation Failure)
[2026-10-07T18:47:46.913+0000][276.880s][info][gc,heap        ] GC(55) PSYoungGen: 11645K(11776K)->384K(12800K) Eden: 11264K(11264K)->0K(11264K) From: 381K(512K)->384K(1536K)
[2026-10-07T18:47:46.914+0000][276.880s][info][gc,heap        ] GC(55) ParOldGen: 26702K(27136K)->26820K(27136K)
[2026-10-07T18:47:46.914+0000][276.880s][info][gc,metaspace   ] GC(55) Metaspace: 74017K(74816K)->74017K(74816K) NonClass: 64652K(65088K)->64652K(65088K) Class: 9364K(9728K)->9364K(9728K)
[2026-10-07T18:47:46.914+0000][276.880s][info][gc             ] GC(55) Pause Young (Allocation Failure) 37M->26M(39M) 3.494ms
[2026-10-07T18:47:46.914+0000][276.881s][info][gc,cpu         ] GC(55) User=0.00s Sys=0.00s Real=0.01s
[2026-10-07T18:47:48.942+0000][278.909s][info][gc,start       ] GC(56) Pause Young (Allocation Failure)
[2026-10-07T18:47:48.947+0000][278.914s][info][gc,heap        ] GC(56) PSYoungGen: 11648K(12800K)->320K(11776K) Eden: 11264K(11264K)->0K(11264K) From: 384K(1536K)->320K(512K)
[2026-10-07T18:47:48.947+0000][278.914s][info][gc,heap        ] GC(56) ParOldGen: 26820K(27136K)->26944K(27136K)
[2026-10-07T18:47:48.947+0000][278.914s][info][gc,metaspace   ] GC(56) Metaspace: 74019K(74816K)->74019K(74816K) NonClass: 64654K(65088K)->64654K(65088K) Class: 9364K(9728K)->9364K(9728K)
[2026-10-07T18:47:48.947+0000][278.914s][info][gc             ] GC(56) Pause Young (Allocation Failure) 37M->26M(38M) 5.273ms
[2026-10-07T18:47:48.948+0000][278.914s][info][gc,cpu         ] GC(56) User=0.01s Sys=0.00s Real=0.01s
[2026-10-07T18:47:50.939+0000][280.906s][info][gc,start       ] GC(57) Pause Young (Allocation Failure)
[2026-10-07T18:47:50.947+0000][280.913s][info][gc,heap        ] GC(57) PSYoungGen: 11584K(11776K)->400K(12800K) Eden: 11264K(11264K)->0K(11264K) From: 320K(512K)->400K(1536K)
[2026-10-07T18:47:50.947+0000][280.913s][info][gc,heap        ] GC(57) ParOldGen: 26944K(27136K)->27000K(27136K)
[2026-10-07T18:47:50.947+0000][280.913s][info][gc,metaspace   ] GC(57) Metaspace: 74023K(74816K)->74023K(74816K) NonClass: 64659K(65088K)->64659K(65088K) Class: 9364K(9728K)->9364K(9728K)
[2026-10-07T18:47:50.947+0000][280.913s][info][gc             ] GC(57) Pause Young (Allocation Failure) 37M->26M(39M) 7.555ms
[2026-10-07T18:47:50.947+0000][280.913s][info][gc,cpu         ] GC(57) User=0.00s Sys=0.00s Real=0.01s
[2026-10-07T18:47:53.009+0000][282.976s][info][gc,start       ] GC(58) Pause Young (Allocation Failure)
[2026-10-07T18:47:53.016+0000][282.983s][info][gc,heap        ] GC(58) PSYoungGen: 11664K(12800K)->320K(11776K) Eden: 11264K(11264K)->0K(11264K) From: 400K(1536K)->320K(512K)
[2026-10-07T18:47:53.016+0000][282.983s][info][gc,heap        ] GC(58) ParOldGen: 27000K(27136K)->27165K(27648K)
[2026-10-07T18:47:53.016+0000][282.983s][info][gc,metaspace   ] GC(58) Metaspace: 74031K(74816K)->74031K(74816K) NonClass: 64667K(65088K)->64667K(65088K) Class: 9364K(9728K)->9364K(9728K)
[2026-10-07T18:47:53.016+0000][282.983s][info][gc             ] GC(58) Pause Young (Allocation Failure) 37M->26M(38M) 6.696ms
[2026-10-07T18:47:53.016+0000][282.983s][info][gc,cpu         ] GC(58) User=0.00s Sys=0.00s Real=0.01s
[2026-10-07T18:47:54.940+0000][284.907s][info][gc,start       ] GC(59) Pause Young (Allocation Failure)
[2026-10-07T18:47:54.946+0000][284.913s][info][gc,heap        ] GC(59) PSYoungGen: 11584K(11776K)->349K(12800K) Eden: 11264K(11264K)->0K(11264K) From: 320K(512K)->349K(1536K)
[2026-10-07T18:47:54.946+0000][284.913s][info][gc,heap        ] GC(59) ParOldGen: 27165K(27648K)->27213K(27648K)
[2026-10-07T18:47:54.946+0000][284.913s][info][gc,metaspace   ] GC(59) Metaspace: 74032K(74816K)->74032K(74816K) NonClass: 64667K(65088K)->64667K(65088K) Class: 9364K(9728K)->9364K(9728K)
[2026-10-07T18:47:54.946+0000][284.913s][info][gc             ] GC(59) Pause Young (Allocation Failure) 37M->26M(39M) 5.824ms
[2026-10-07T18:47:54.946+0000][284.913s][info][gc,cpu         ] GC(59) User=0.00s Sys=0.00s Real=0.01s
[2026-10-07T18:47:56.891+0000][286.858s][info][gc,start       ] GC(60) Pause Young (Allocation Failure)
[2026-10-07T18:47:56.895+0000][286.862s][info][gc,heap        ] GC(60) PSYoungGen: 11613K(12800K)->458K(11776K) Eden: 11264K(11264K)->0K(11264K) From: 349K(1536K)->458K(512K)
[2026-10-07T18:47:56.895+0000][286.862s][info][gc,heap        ] GC(60) ParOldGen: 27213K(27648K)->27334K(27648K)
[2026-10-07T18:47:56.895+0000][286.862s][info][gc,metaspace   ] GC(60) Metaspace: 74049K(74816K)->74049K(74816K) NonClass: 64682K(65088K)->64682K(65088K) Class: 9366K(9728K)->9366K(9728K)
[2026-10-07T18:47:56.895+0000][286.862s][info][gc             ] GC(60) Pause Young (Allocation Failure) 37M->27M(38M) 3.849ms
[2026-10-07T18:47:56.895+0000][286.862s][info][gc,cpu         ] GC(60) User=0.01s Sys=0.00s Real=0.01s
[2026-10-07T18:47:58.927+0000][288.893s][info][gc,start       ] GC(61) Pause Young (Allocation Failure)
[2026-10-07T18:47:58.936+0000][288.902s][info][gc,heap        ] GC(61) PSYoungGen: 11722K(11776K)->320K(12800K) Eden: 11264K(11264K)->0K(11264K) From: 458K(512K)->320K(1536K)
[2026-10-07T18:47:58.936+0000][288.902s][info][gc,heap        ] GC(61) ParOldGen: 27334K(27648K)->27519K(27648K)
[2026-10-07T18:47:58.936+0000][288.902s][info][gc,metaspace   ] GC(61) Metaspace: 74052K(74816K)->74052K(74816K) NonClass: 64686K(65088K)->64686K(65088K) Class: 9366K(9728K)->9366K(9728K)
[2026-10-07T18:47:58.936+0000][288.902s][info][gc             ] GC(61) Pause Young (Allocation Failure) 38M->27M(39M) 8.934ms
[2026-10-07T18:47:58.936+0000][288.902s][info][gc,cpu         ] GC(61) User=0.01s Sys=0.00s Real=0.01s
[2026-10-07T18:48:00.982+0000][290.948s][info][gc,start       ] GC(62) Pause Young (Allocation Failure)
[2026-10-07T18:48:00.987+0000][290.953s][info][gc,heap        ] GC(62) PSYoungGen: 11584K(12800K)->386K(11776K) Eden: 11264K(11264K)->0K(11264K) From: 320K(1536K)->386K(512K)
[2026-10-07T18:48:00.987+0000][290.954s][info][gc,heap        ] GC(62) ParOldGen: 27519K(27648K)->27595K(27648K)
[2026-10-07T18:48:00.987+0000][290.954s][info][gc,metaspace   ] GC(62) Metaspace: 74058K(74816K)->74058K(74816K) NonClass: 64692K(65088K)->64692K(65088K) Class: 9366K(9728K)->9366K(9728K)
[2026-10-07T18:48:00.987+0000][290.954s][info][gc             ] GC(62) Pause Young (Allocation Failure) 38M->27M(38M) 5.075ms
[2026-10-07T18:48:00.987+0000][290.954s][info][gc,cpu         ] GC(62) User=0.01s Sys=0.00s Real=0.01s
[2026-10-07T18:48:03.006+0000][292.972s][info][gc,start       ] GC(63) Pause Young (Allocation Failure)
[2026-10-07T18:48:03.009+0000][292.975s][info][gc,heap        ] GC(63) PSYoungGen: 11650K(11776K)->320K(12288K) Eden: 11264K(11264K)->0K(11264K) From: 386K(512K)->320K(1024K)
[2026-10-07T18:48:03.009+0000][292.975s][info][gc,heap        ] GC(63) ParOldGen: 27595K(27648K)->27781K(28160K)
[2026-10-07T18:48:03.009+0000][292.975s][info][gc,metaspace   ] GC(63) Metaspace: 74099K(74880K)->74099K(74880K) NonClass: 64733K(65152K)->64733K(65152K) Class: 9366K(9728K)->9366K(9728K)
[2026-10-07T18:48:03.009+0000][292.975s][info][gc             ] GC(63) Pause Young (Allocation Failure) 38M->27M(39M) 3.186ms
[2026-10-07T18:48:03.009+0000][292.976s][info][gc,cpu         ] GC(63) User=0.01s Sys=0.00s Real=0.00s
[2026-10-07T18:48:04.906+0000][294.873s][info][gc,start       ] GC(64) Pause Young (Allocation Failure)
[2026-10-07T18:48:04.911+0000][294.878s][info][gc,heap        ] GC(64) PSYoungGen: 11584K(12288K)->365K(11776K) Eden: 11264K(11264K)->0K(11264K) From: 320K(1024K)->365K(512K)
[2026-10-07T18:48:04.911+0000][294.878s][info][gc,heap        ] GC(64) ParOldGen: 27781K(28160K)->27829K(28160K)
[2026-10-07T18:48:04.911+0000][294.878s][info][gc,metaspace   ] GC(64) Metaspace: 74100K(74880K)->74100K(74880K) NonClass: 64734K(65152K)->64734K(65152K) Class: 9366K(9728K)->9366K(9728K)
[2026-10-07T18:48:04.911+0000][294.878s][info][gc             ] GC(64) Pause Young (Allocation Failure) 38M->27M(39M) 5.146ms
[2026-10-07T18:48:04.913+0000][294.880s][info][gc,cpu         ] GC(64) User=0.00s Sys=0.01s Real=0.00s
[2026-10-07T18:48:06.913+0000][296.880s][info][gc,start       ] GC(65) Pause Young (Allocation Failure)
[2026-10-07T18:48:06.917+0000][296.884s][info][gc,heap        ] GC(65) PSYoungGen: 11629K(11776K)->352K(12288K) Eden: 11263K(11264K)->0K(11264K) From: 365K(512K)->352K(1024K)
[2026-10-07T18:48:06.918+0000][296.884s][info][gc,heap        ] GC(65) ParOldGen: 27829K(28160K)->27955K(28160K)
[2026-10-07T18:48:06.918+0000][296.884s][info][gc,metaspace   ] GC(65) Metaspace: 74100K(74880K)->74100K(74880K) NonClass: 64734K(65152K)->64734K(65152K) Class: 9366K(9728K)->9366K(9728K)
[2026-10-07T18:48:06.918+0000][296.884s][info][gc             ] GC(65) Pause Young (Allocation Failure) 38M->27M(39M) 4.545ms
[2026-10-07T18:48:06.918+0000][296.884s][info][gc,cpu         ] GC(65) User=0.01s Sys=0.00s Real=0.01s
[2026-10-07T18:48:09.158+0000][299.125s][info][gc,start       ] GC(66) Pause Young (Allocation Failure)
[2026-10-07T18:48:09.163+0000][299.129s][info][gc,heap        ] GC(66) PSYoungGen: 11616K(12288K)->352K(11776K) Eden: 11264K(11264K)->0K(11264K) From: 352K(1024K)->352K(512K)
[2026-10-07T18:48:09.163+0000][299.129s][info][gc,heap        ] GC(66) ParOldGen: 27955K(28160K)->28043K(28160K)
[2026-10-07T18:48:09.163+0000][299.129s][info][gc,metaspace   ] GC(66) Metaspace: 74101K(74880K)->74101K(74880K) NonClass: 64735K(65152K)->64735K(65152K) Class: 9366K(9728K)->9366K(9728K)
[2026-10-07T18:48:09.163+0000][299.129s][info][gc             ] GC(66) Pause Young (Allocation Failure) 38M->27M(39M) 4.936ms
[2026-10-07T18:48:09.163+0000][299.130s][info][gc,cpu         ] GC(66) User=0.01s Sys=0.00s Real=0.00s
[2026-10-07T18:48:10.867+0000][300.833s][info][gc,start       ] GC(67) Pause Young (Allocation Failure)
[2026-10-07T18:48:10.873+0000][300.840s][info][gc,heap        ] GC(67) PSYoungGen: 11616K(11776K)->1018K(12288K) Eden: 11264K(11264K)->0K(11264K) From: 352K(512K)->1018K(1024K)
[2026-10-07T18:48:10.873+0000][300.840s][info][gc,heap        ] GC(67) ParOldGen: 28043K(28160K)->28131K(28160K)
[2026-10-07T18:48:10.873+0000][300.840s][info][gc,metaspace   ] GC(67) Metaspace: 74252K(75008K)->74252K(75008K) NonClass: 64886K(65280K)->64886K(65280K) Class: 9366K(9728K)->9366K(9728K)
[2026-10-07T18:48:10.873+0000][300.840s][info][gc             ] GC(67) Pause Young (Allocation Failure) 38M->28M(39M) 6.340ms
[2026-10-07T18:48:10.873+0000][300.840s][info][gc,cpu         ] GC(67) User=0.00s Sys=0.00s Real=0.00s
[2026-10-07T18:48:12.467+0000][302.433s][info][gc,start       ] GC(68) Pause Young (Allocation Failure)
[2026-10-07T18:48:12.480+0000][302.446s][info][gc,heap        ] GC(68) PSYoungGen: 12282K(12288K)->1024K(12288K) Eden: 11264K(11264K)->0K(11264K) From: 1018K(1024K)->1024K(1024K)
[2026-10-07T18:48:12.480+0000][302.446s][info][gc,heap        ] GC(68) ParOldGen: 28131K(28160K)->28973K(29184K)
[2026-10-07T18:48:12.480+0000][302.446s][info][gc,metaspace   ] GC(68) Metaspace: 74261K(75072K)->74261K(75072K) NonClass: 64893K(65344K)->64893K(65344K) Class: 9367K(9728K)->9367K(9728K)
[2026-10-07T18:48:12.480+0000][302.446s][info][gc             ] GC(68) Pause Young (Allocation Failure) 39M->29M(40M) 12.748ms
[2026-10-07T18:48:12.480+0000][302.446s][info][gc,cpu         ] GC(68) User=0.01s Sys=0.00s Real=0.01s
[2026-10-07T18:48:14.139+0000][304.105s][info][gc,start       ] GC(69) Pause Young (Allocation Failure)
[2026-10-07T18:48:14.149+0000][304.116s][info][gc,heap        ] GC(69) PSYoungGen: 12288K(12288K)->1229K(12800K) Eden: 11264K(11264K)->0K(11264K) From: 1024K(1024K)->1229K(1536K)
[2026-10-07T18:48:14.149+0000][304.116s][info][gc,heap        ] GC(69) ParOldGen: 28973K(29184K)->29834K(30208K)
[2026-10-07T18:48:14.149+0000][304.116s][info][gc,metaspace   ] GC(69) Metaspace: 74287K(75072K)->74287K(75072K) NonClass: 64918K(65344K)->64918K(65344K) Class: 9368K(9728K)->9368K(9728K)
[2026-10-07T18:48:14.149+0000][304.116s][info][gc             ] GC(69) Pause Young (Allocation Failure) 40M->30M(42M) 10.342ms
[2026-10-07T18:48:14.149+0000][304.116s][info][gc,cpu         ] GC(69) User=0.01s Sys=0.01s Real=0.01s
[2026-10-07T18:48:15.782+0000][305.748s][info][gc,start       ] GC(70) Pause Young (Allocation Failure)
[2026-10-07T18:48:15.790+0000][305.757s][info][gc,heap        ] GC(70) PSYoungGen: 12493K(12800K)->752K(12288K) Eden: 11264K(11264K)->0K(11264K) From: 1229K(1536K)->752K(1024K)
[2026-10-07T18:48:15.790+0000][305.757s][info][gc,heap        ] GC(70) ParOldGen: 29834K(30208K)->30657K(30720K)
[2026-10-07T18:48:15.790+0000][305.757s][info][gc,metaspace   ] GC(70) Metaspace: 74287K(75072K)->74287K(75072K) NonClass: 64918K(65344K)->64918K(65344K) Class: 9368K(9728K)->9368K(9728K)
[2026-10-07T18:48:15.790+0000][305.757s][info][gc             ] GC(70) Pause Young (Allocation Failure) 41M->30M(42M) 8.782ms
[2026-10-07T18:48:15.790+0000][305.757s][info][gc,cpu         ] GC(70) User=0.01s Sys=0.00s Real=0.01s
[2026-10-07T18:48:17.781+0000][307.748s][info][gc,start       ] GC(71) Pause Young (Allocation Failure)
[2026-10-07T18:48:17.788+0000][307.754s][info][gc,heap        ] GC(71) PSYoungGen: 12016K(12288K)->736K(12288K) Eden: 11264K(11264K)->0K(11264K) From: 752K(1024K)->736K(1024K)
[2026-10-07T18:48:17.788+0000][307.754s][info][gc,heap        ] GC(71) ParOldGen: 30657K(30720K)->31197K(31232K)
[2026-10-07T18:48:17.788+0000][307.754s][info][gc,metaspace   ] GC(71) Metaspace: 74296K(75072K)->74296K(75072K) NonClass: 64927K(65344K)->64927K(65344K) Class: 9368K(9728K)->9368K(9728K)
[2026-10-07T18:48:17.788+0000][307.754s][info][gc             ] GC(71) Pause Young (Allocation Failure) 41M->31M(42M) 6.428ms
[2026-10-07T18:48:17.788+0000][307.754s][info][gc,cpu         ] GC(71) User=0.00s Sys=0.00s Real=0.01s
[2026-10-07T18:48:19.715+0000][309.681s][info][gc,start       ] GC(72) Pause Young (Allocation Failure)
[2026-10-07T18:48:19.721+0000][309.687s][info][gc,heap        ] GC(72) PSYoungGen: 12000K(12288K)->608K(12288K) Eden: 11264K(11264K)->0K(11264K) From: 736K(1024K)->608K(1024K)
[2026-10-07T18:48:19.721+0000][309.687s][info][gc,heap        ] GC(72) ParOldGen: 31197K(31232K)->31698K(31744K)
[2026-10-07T18:48:19.721+0000][309.687s][info][gc,metaspace   ] GC(72) Metaspace: 74296K(75072K)->74296K(75072K) NonClass: 64928K(65344K)->64928K(65344K) Class: 9368K(9728K)->9368K(9728K)
[2026-10-07T18:48:19.721+0000][309.687s][info][gc             ] GC(72) Pause Young (Allocation Failure) 42M->31M(43M) 6.082ms
[2026-10-07T18:48:19.721+0000][309.688s][info][gc,cpu         ] GC(72) User=0.01s Sys=0.00s Real=0.00s
[2026-10-07T18:48:21.688+0000][311.655s][info][gc,start       ] GC(73) Pause Young (Allocation Failure)
[2026-10-07T18:48:21.694+0000][311.660s][info][gc,heap        ] GC(73) PSYoungGen: 11872K(12288K)->537K(12288K) Eden: 11264K(11264K)->0K(11264K) From: 608K(1024K)->537K(1024K)
[2026-10-07T18:48:21.694+0000][311.660s][info][gc,heap        ] GC(73) ParOldGen: 31698K(31744K)->32050K(32256K)
[2026-10-07T18:48:21.694+0000][311.660s][info][gc,metaspace   ] GC(73) Metaspace: 74312K(75136K)->74312K(75136K) NonClass: 64943K(65408K)->64943K(65408K) Class: 9368K(9728K)->9368K(9728K)
[2026-10-07T18:48:21.694+0000][311.661s][info][gc             ] GC(73) Pause Young (Allocation Failure) 42M->31M(43M) 5.636ms
[2026-10-07T18:48:21.694+0000][311.661s][info][gc,cpu         ] GC(73) User=0.00s Sys=0.00s Real=0.01s
[2026-10-07T18:48:23.573+0000][313.540s][info][gc,start       ] GC(74) Pause Young (Allocation Failure)
[2026-10-07T18:48:23.579+0000][313.545s][info][gc,heap        ] GC(74) PSYoungGen: 11801K(12288K)->576K(12288K) Eden: 11264K(11264K)->0K(11264K) From: 537K(1024K)->576K(1024K)
[2026-10-07T18:48:23.579+0000][313.546s][info][gc,heap        ] GC(74) ParOldGen: 32050K(32256K)->32355K(32768K)
[2026-10-07T18:48:23.579+0000][313.546s][info][gc,metaspace   ] GC(74) Metaspace: 74313K(75136K)->74313K(75136K) NonClass: 64944K(65408K)->64944K(65408K) Class: 9368K(9728K)->9368K(9728K)
[2026-10-07T18:48:23.579+0000][313.546s][info][gc             ] GC(74) Pause Young (Allocation Failure) 42M->32M(44M) 5.743ms
[2026-10-07T18:48:23.579+0000][313.546s][info][gc,cpu         ] GC(74) User=0.00s Sys=0.00s Real=0.01s
[2026-10-07T18:48:25.478+0000][315.445s][info][gc,start       ] GC(75) Pause Young (Allocation Failure)
[2026-10-07T18:48:25.483+0000][315.450s][info][gc,heap        ] GC(75) PSYoungGen: 11840K(12288K)->496K(11776K) Eden: 11264K(11264K)->0K(11264K) From: 576K(1024K)->496K(512K)
[2026-10-07T18:48:25.483+0000][315.450s][info][gc,heap        ] GC(75) ParOldGen: 32355K(32768K)->32667K(32768K)
[2026-10-07T18:48:25.483+0000][315.450s][info][gc,metaspace   ] GC(75) Metaspace: 74324K(75136K)->74324K(75136K) NonClass: 64956K(65408K)->64956K(65408K) Class: 9368K(9728K)->9368K(9728K)
[2026-10-07T18:48:25.483+0000][315.450s][info][gc             ] GC(75) Pause Young (Allocation Failure) 43M->32M(43M) 5.357ms
[2026-10-07T18:48:25.483+0000][315.450s][info][gc,cpu         ] GC(75) User=0.01s Sys=0.00s Real=0.00s
[2026-10-07T18:48:27.464+0000][317.430s][info][gc,start       ] GC(76) Pause Young (Allocation Failure)
[2026-10-07T18:48:27.471+0000][317.437s][info][gc,heap        ] GC(76) PSYoungGen: 11760K(11776K)->448K(12288K) Eden: 11264K(11264K)->0K(11264K) From: 496K(512K)->448K(1024K)
[2026-10-07T18:48:27.471+0000][317.437s][info][gc,heap        ] GC(76) ParOldGen: 32667K(32768K)->32899K(33280K)
[2026-10-07T18:48:27.471+0000][317.437s][info][gc,metaspace   ] GC(76) Metaspace: 74325K(75136K)->74325K(75136K) NonClass: 64956K(65408K)->64956K(65408K) Class: 9368K(9728K)->9368K(9728K)
[2026-10-07T18:48:27.471+0000][317.437s][info][gc             ] GC(76) Pause Young (Allocation Failure) 43M->32M(44M) 7.044ms
[2026-10-07T18:48:27.471+0000][317.437s][info][gc,cpu         ] GC(76) User=0.00s Sys=0.00s Real=0.00s
[2026-10-07T18:48:29.406+0000][319.373s][info][gc,start       ] GC(77) Pause Young (Allocation Failure)
[2026-10-07T18:48:29.413+0000][319.380s][info][gc,heap        ] GC(77) PSYoungGen: 11712K(12288K)->429K(12800K) Eden: 11264K(11264K)->0K(11264K) From: 448K(1024K)->429K(1536K)
[2026-10-07T18:48:29.413+0000][319.380s][info][gc,heap        ] GC(77) ParOldGen: 32899K(33280K)->33083K(33280K)
[2026-10-07T18:48:29.413+0000][319.380s][info][gc,metaspace   ] GC(77) Metaspace: 74327K(75136K)->74327K(75136K) NonClass: 64959K(65408K)->64959K(65408K) Class: 9368K(9728K)->9368K(9728K)
[2026-10-07T18:48:29.413+0000][319.380s][info][gc             ] GC(77) Pause Young (Allocation Failure) 43M->32M(45M) 6.976ms
[2026-10-07T18:48:29.413+0000][319.380s][info][gc,cpu         ] GC(77) User=0.01s Sys=0.00s Real=0.00s
[2026-10-07T18:48:31.473+0000][321.440s][info][gc,start       ] GC(78) Pause Young (Allocation Failure)
[2026-10-07T18:48:31.478+0000][321.445s][info][gc,heap        ] GC(78) PSYoungGen: 11693K(12800K)->436K(12800K) Eden: 11264K(11264K)->0K(11264K) From: 429K(1536K)->436K(1536K)
[2026-10-07T18:48:31.478+0000][321.445s][info][gc,heap        ] GC(78) ParOldGen: 33083K(33280K)->33229K(33280K)
[2026-10-07T18:48:31.478+0000][321.445s][info][gc,metaspace   ] GC(78) Metaspace: 74338K(75136K)->74338K(75136K) NonClass: 64969K(65408K)->64969K(65408K) Class: 9369K(9728K)->9369K(9728K)
[2026-10-07T18:48:31.479+0000][321.445s][info][gc             ] GC(78) Pause Young (Allocation Failure) 43M->32M(45M) 5.352ms
[2026-10-07T18:48:31.480+0000][321.446s][info][gc,cpu         ] GC(78) User=0.00s Sys=0.00s Real=0.01s
[2026-10-07T18:48:33.540+0000][323.506s][info][gc,start       ] GC(79) Pause Young (Allocation Failure)
[2026-10-07T18:48:33.545+0000][323.511s][info][gc,heap        ] GC(79) PSYoungGen: 11700K(12800K)->288K(12800K) Eden: 11264K(11264K)->0K(11264K) From: 436K(1536K)->288K(1536K)
[2026-10-07T18:48:33.545+0000][323.511s][info][gc,heap        ] GC(79) ParOldGen: 33229K(33280K)->33414K(33792K)
[2026-10-07T18:48:33.545+0000][323.511s][info][gc,metaspace   ] GC(79) Metaspace: 74367K(75136K)->74367K(75136K) NonClass: 64992K(65408K)->64992K(65408K) Class: 9375K(9728K)->9375K(9728K)
[2026-10-07T18:48:33.545+0000][323.512s][info][gc             ] GC(79) Pause Young (Allocation Failure) 43M->32M(45M) 5.094ms
[2026-10-07T18:48:33.545+0000][323.512s][info][gc,cpu         ] GC(79) User=0.01s Sys=0.00s Real=0.01s
[2026-10-07T18:48:35.507+0000][325.473s][info][gc,start       ] GC(80) Pause Young (Allocation Failure)
[2026-10-07T18:48:35.511+0000][325.477s][info][gc,heap        ] GC(80) PSYoungGen: 11552K(12800K)->398K(11776K) Eden: 11264K(11264K)->0K(11264K) From: 288K(1536K)->398K(512K)
[2026-10-07T18:48:35.511+0000][325.477s][info][gc,heap        ] GC(80) ParOldGen: 33414K(33792K)->33462K(33792K)
[2026-10-07T18:48:35.511+0000][325.478s][info][gc,metaspace   ] GC(80) Metaspace: 74370K(75136K)->74370K(75136K) NonClass: 64995K(65408K)->64995K(65408K) Class: 9375K(9728K)->9375K(9728K)
[2026-10-07T18:48:35.511+0000][325.478s][info][gc             ] GC(80) Pause Young (Allocation Failure) 43M->33M(44M) 4.076ms
[2026-10-07T18:48:35.511+0000][325.478s][info][gc,cpu         ] GC(80) User=0.00s Sys=0.00s Real=0.00s
[2026-10-07T18:48:37.403+0000][327.370s][info][gc,start       ] GC(81) Pause Young (Allocation Failure)
[2026-10-07T18:48:37.408+0000][327.374s][info][gc,heap        ] GC(81) PSYoungGen: 11662K(11776K)->352K(12288K) Eden: 11264K(11264K)->0K(11264K) From: 398K(512K)->352K(1024K)
[2026-10-07T18:48:37.408+0000][327.374s][info][gc,heap        ] GC(81) ParOldGen: 33462K(33792K)->33628K(33792K)
[2026-10-07T18:48:37.408+0000][327.374s][info][gc,metaspace   ] GC(81) Metaspace: 74380K(75200K)->74380K(75200K) NonClass: 65005K(65472K)->65005K(65472K) Class: 9375K(9728K)->9375K(9728K)
[2026-10-07T18:48:37.408+0000][327.374s][info][gc             ] GC(81) Pause Young (Allocation Failure) 44M->33M(45M) 4.785ms
[2026-10-07T18:48:37.408+0000][327.375s][info][gc,cpu         ] GC(81) User=0.00s Sys=0.00s Real=0.01s
[2026-10-07T18:48:39.595+0000][329.561s][info][gc,start       ] GC(82) Pause Young (Allocation Failure)
[2026-10-07T18:48:39.601+0000][329.568s][info][gc,heap        ] GC(82) PSYoungGen: 11616K(12288K)->320K(12288K) Eden: 11264K(11264K)->0K(11264K) From: 352K(1024K)->320K(1024K)
[2026-10-07T18:48:39.602+0000][329.568s][info][gc,heap        ] GC(82) ParOldGen: 33628K(33792K)->33700K(33792K)
[2026-10-07T18:48:39.602+0000][329.568s][info][gc,metaspace   ] GC(82) Metaspace: 74381K(75200K)->74381K(75200K) NonClass: 65006K(65472K)->65006K(65472K) Class: 9375K(9728K)->9375K(9728K)
[2026-10-07T18:48:39.602+0000][329.568s][info][gc             ] GC(82) Pause Young (Allocation Failure) 44M->33M(45M) 6.893ms
[2026-10-07T18:48:39.602+0000][329.568s][info][gc,cpu         ] GC(82) User=0.00s Sys=0.01s Real=0.00s
[2026-10-07T18:48:41.617+0000][331.584s][info][gc,start       ] GC(83) Pause Young (Allocation Failure)
[2026-10-07T18:48:41.622+0000][331.588s][info][gc,heap        ] GC(83) PSYoungGen: 11584K(12288K)->375K(12288K) Eden: 11264K(11264K)->0K(11264K) From: 320K(1024K)->375K(1024K)
[2026-10-07T18:48:41.622+0000][331.588s][info][gc,heap        ] GC(83) ParOldGen: 33700K(33792K)->33752K(33792K)
[2026-10-07T18:48:41.622+0000][331.588s][info][gc,metaspace   ] GC(83) Metaspace: 74383K(75200K)->74383K(75200K) NonClass: 65008K(65472K)->65008K(65472K) Class: 9375K(9728K)->9375K(9728K)
[2026-10-07T18:48:41.622+0000][331.588s][info][gc             ] GC(83) Pause Young (Allocation Failure) 44M->33M(45M) 4.389ms
[2026-10-07T18:48:41.622+0000][331.588s][info][gc,cpu         ] GC(83) User=0.00s Sys=0.00s Real=0.00s
[2026-10-07T18:48:43.678+0000][333.644s][info][gc,start       ] GC(84) Pause Young (Allocation Failure)
[2026-10-07T18:48:43.683+0000][333.650s][info][gc,heap        ] GC(84) PSYoungGen: 11639K(12288K)->320K(12288K) Eden: 11264K(11264K)->0K(11264K) From: 375K(1024K)->320K(1024K)
[2026-10-07T18:48:43.683+0000][333.650s][info][gc,heap        ] GC(84) ParOldGen: 33752K(33792K)->33888K(34304K)
[2026-10-07T18:48:43.683+0000][333.650s][info][gc,metaspace   ] GC(84) Metaspace: 74386K(75200K)->74386K(75200K) NonClass: 65011K(65472K)->65011K(65472K) Class: 9375K(9728K)->9375K(9728K)
[2026-10-07T18:48:43.683+0000][333.650s][info][gc             ] GC(84) Pause Young (Allocation Failure) 44M->33M(45M) 5.696ms
[2026-10-07T18:48:43.683+0000][333.650s][info][gc,cpu         ] GC(84) User=0.00s Sys=0.01s Real=0.00s
[2026-10-07T18:48:45.765+0000][335.731s][info][gc,start       ] GC(85) Pause Young (Allocation Failure)
[2026-10-07T18:48:45.770+0000][335.737s][info][gc,heap        ] GC(85) PSYoungGen: 11584K(12288K)->352K(12288K) Eden: 11264K(11264K)->0K(11264K) From: 320K(1024K)->352K(1024K)
[2026-10-07T18:48:45.770+0000][335.737s][info][gc,heap        ] GC(85) ParOldGen: 33888K(34304K)->33948K(34304K)
[2026-10-07T18:48:45.770+0000][335.737s][info][gc,metaspace   ] GC(85) Metaspace: 74393K(75200K)->74393K(75200K) NonClass: 65018K(65472K)->65018K(65472K) Class: 9375K(9728K)->9375K(9728K)
[2026-10-07T18:48:45.770+0000][335.737s][info][gc             ] GC(85) Pause Young (Allocation Failure) 44M->33M(45M) 5.524ms
[2026-10-07T18:48:45.770+0000][335.737s][info][gc,cpu         ] GC(85) User=0.00s Sys=0.00s Real=0.00s
[2026-10-07T18:48:47.875+0000][337.841s][info][gc,start       ] GC(86) Pause Young (Allocation Failure)
[2026-10-07T18:48:47.880+0000][337.846s][info][gc,heap        ] GC(86) PSYoungGen: 11616K(12288K)->320K(12288K) Eden: 11264K(11264K)->0K(11264K) From: 352K(1024K)->320K(1024K)
[2026-10-07T18:48:47.880+0000][337.847s][info][gc,heap        ] GC(86) ParOldGen: 33948K(34304K)->34092K(34304K)
[2026-10-07T18:48:47.880+0000][337.847s][info][gc,metaspace   ] GC(86) Metaspace: 74396K(75200K)->74396K(75200K) NonClass: 65021K(65472K)->65021K(65472K) Class: 9375K(9728K)->9375K(9728K)
[2026-10-07T18:48:47.880+0000][337.847s][info][gc             ] GC(86) Pause Young (Allocation Failure) 44M->33M(45M) 5.455ms
[2026-10-07T18:48:47.880+0000][337.847s][info][gc,cpu         ] GC(86) User=0.00s Sys=0.00s Real=0.00s
[2026-10-07T18:48:49.973+0000][339.940s][info][gc,start       ] GC(87) Pause Young (Allocation Failure)
[2026-10-07T18:48:49.978+0000][339.945s][info][gc,heap        ] GC(87) PSYoungGen: 11584K(12288K)->545K(12288K) Eden: 11264K(11264K)->0K(11264K) From: 320K(1024K)->545K(1024K)
[2026-10-07T18:48:49.979+0000][339.945s][info][gc,heap        ] GC(87) ParOldGen: 34092K(34304K)->34164K(34304K)
[2026-10-07T18:48:49.979+0000][339.945s][info][gc,metaspace   ] GC(87) Metaspace: 74397K(75200K)->74397K(75200K) NonClass: 65022K(65472K)->65022K(65472K) Class: 9375K(9728K)->9375K(9728K)
[2026-10-07T18:48:49.979+0000][339.945s][info][gc             ] GC(87) Pause Young (Allocation Failure) 44M->33M(45M) 5.631ms
[2026-10-07T18:48:49.979+0000][339.945s][info][gc,cpu         ] GC(87) User=0.00s Sys=0.00s Real=0.01s
[2026-10-07T18:48:52.107+0000][342.074s][info][gc,start       ] GC(88) Pause Young (Allocation Failure)
[2026-10-07T18:48:52.110+0000][342.077s][info][gc,heap        ] GC(88) PSYoungGen: 11809K(12288K)->320K(12288K) Eden: 11264K(11264K)->0K(11264K) From: 545K(1024K)->320K(1024K)
[2026-10-07T18:48:52.110+0000][342.077s][info][gc,heap        ] GC(88) ParOldGen: 34164K(34304K)->34309K(34816K)
[2026-10-07T18:48:52.111+0000][342.077s][info][gc,metaspace   ] GC(88) Metaspace: 74402K(75200K)->74402K(75200K) NonClass: 65027K(65472K)->65027K(65472K) Class: 9375K(9728K)->9375K(9728K)
[2026-10-07T18:48:52.111+0000][342.077s][info][gc             ] GC(88) Pause Young (Allocation Failure) 44M->33M(46M) 3.101ms
[2026-10-07T18:48:52.111+0000][342.077s][info][gc,cpu         ] GC(88) User=0.00s Sys=0.00s Real=0.00s
[2026-10-07T18:48:52.116+0000][342.082s][info][gc,start       ] GC(89) Pause Young (CodeCache GC Threshold)
[2026-10-07T18:48:52.120+0000][342.087s][info][gc,heap        ] GC(89) PSYoungGen: 446K(12288K)->64K(12288K) Eden: 126K(11264K)->0K(11264K) From: 320K(1024K)->64K(1024K)
[2026-10-07T18:48:52.120+0000][342.087s][info][gc,heap        ] GC(89) ParOldGen: 34309K(34816K)->34590K(34816K)
[2026-10-07T18:48:52.120+0000][342.087s][info][gc,metaspace   ] GC(89) Metaspace: 74402K(75200K)->74402K(75200K) NonClass: 65027K(65472K)->65027K(65472K) Class: 9375K(9728K)->9375K(9728K)
[2026-10-07T18:48:52.120+0000][342.087s][info][gc             ] GC(89) Pause Young (CodeCache GC Threshold) 33M->33M(46M) 4.688ms
[2026-10-07T18:48:52.120+0000][342.087s][info][gc,cpu         ] GC(89) User=0.01s Sys=0.01s Real=0.00s
[2026-10-07T18:48:52.120+0000][342.087s][info][gc,start       ] GC(90) Pause Full (CodeCache GC Threshold)
[2026-10-07T18:48:52.120+0000][342.087s][info][gc,phases,start] GC(90) Marking Phase
[2026-10-07T18:48:52.307+0000][342.273s][info][gc,phases      ] GC(90) Marking Phase 186.394ms
[2026-10-07T18:48:52.307+0000][342.273s][info][gc,phases,start] GC(90) Summary Phase
[2026-10-07T18:48:52.307+0000][342.273s][info][gc,phases      ] GC(90) Summary Phase 0.017ms
[2026-10-07T18:48:52.307+0000][342.273s][info][gc,phases,start] GC(90) Adjust Roots
[2026-10-07T18:48:52.339+0000][342.306s][info][gc,phases      ] GC(90) Adjust Roots 32.201ms
[2026-10-07T18:48:52.339+0000][342.306s][info][gc,phases,start] GC(90) Compaction Phase
[2026-10-07T18:48:52.452+0000][342.418s][info][gc,phases      ] GC(90) Compaction Phase 112.546ms
[2026-10-07T18:48:52.452+0000][342.418s][info][gc,phases,start] GC(90) Post Compact
[2026-10-07T18:48:52.453+0000][342.420s][info][gc,phases      ] GC(90) Post Compact 1.717ms
[2026-10-07T18:48:52.454+0000][342.420s][info][gc,heap        ] GC(90) PSYoungGen: 64K(12288K)->0K(12288K) Eden: 0K(11264K)->0K(11264K) From: 64K(1024K)->0K(1024K)
[2026-10-07T18:48:52.454+0000][342.420s][info][gc,heap        ] GC(90) ParOldGen: 34590K(34816K)->27770K(34816K)
[2026-10-07T18:48:52.454+0000][342.421s][info][gc,metaspace   ] GC(90) Metaspace: 74402K(75200K)->74180K(75200K) NonClass: 65027K(65472K)->64867K(65472K) Class: 9375K(9728K)->9313K(9728K)
[2026-10-07T18:48:52.454+0000][342.421s][info][gc             ] GC(90) Pause Full (CodeCache GC Threshold) 33M->27M(46M) 333.745ms
[2026-10-07T18:48:52.454+0000][342.421s][info][gc,cpu         ] GC(90) User=0.34s Sys=0.01s Real=0.34s
[2026-10-07T18:48:54.078+0000][344.044s][info][gc,start       ] GC(91) Pause Young (Allocation Failure)
[2026-10-07T18:48:54.083+0000][344.050s][info][gc,heap        ] GC(91) PSYoungGen: 11264K(12288K)->320K(12288K) Eden: 11264K(11264K)->0K(11264K) From: 0K(1024K)->320K(1024K)
[2026-10-07T18:48:54.083+0000][344.050s][info][gc,heap        ] GC(91) ParOldGen: 27770K(34816K)->27770K(34816K)
[2026-10-07T18:48:54.083+0000][344.050s][info][gc,metaspace   ] GC(91) Metaspace: 74180K(75200K)->74180K(75200K) NonClass: 64867K(65472K)->64867K(65472K) Class: 9313K(9728K)->9313K(9728K)
[2026-10-07T18:48:54.083+0000][344.050s][info][gc             ] GC(91) Pause Young (Allocation Failure) 38M->27M(46M) 5.435ms
[2026-10-07T18:48:54.084+0000][344.050s][info][gc,cpu         ] GC(91) User=0.01s Sys=0.00s Real=0.01s
[2026-10-07T18:48:56.040+0000][346.006s][info][gc,start       ] GC(92) Pause Young (Allocation Failure)
[2026-10-07T18:48:56.045+0000][346.012s][info][gc,heap        ] GC(92) PSYoungGen: 11584K(12288K)->367K(12288K) Eden: 11264K(11264K)->0K(11264K) From: 320K(1024K)->367K(1024K)
[2026-10-07T18:48:56.045+0000][346.012s][info][gc,heap        ] GC(92) ParOldGen: 27770K(34816K)->27834K(34816K)
[2026-10-07T18:48:56.045+0000][346.012s][info][gc,metaspace   ] GC(92) Metaspace: 74180K(75200K)->74180K(75200K) NonClass: 64867K(65472K)->64867K(65472K) Class: 9313K(9728K)->9313K(9728K)
[2026-10-07T18:48:56.046+0000][346.012s][info][gc             ] GC(92) Pause Young (Allocation Failure) 38M->27M(46M) 5.790ms
[2026-10-07T18:48:56.046+0000][346.012s][info][gc,cpu         ] GC(92) User=0.00s Sys=0.00s Real=0.01s
[2026-10-07T18:48:58.109+0000][348.075s][info][gc,start       ] GC(93) Pause Young (Allocation Failure)
[2026-10-07T18:48:58.113+0000][348.080s][info][gc,heap        ] GC(93) PSYoungGen: 11631K(12288K)->320K(14848K) Eden: 11264K(11264K)->0K(13824K) From: 367K(1024K)->320K(1024K)
[2026-10-07T18:48:58.113+0000][348.080s][info][gc,heap        ] GC(93) ParOldGen: 27834K(34816K)->27945K(34816K)
[2026-10-07T18:48:58.113+0000][348.080s][info][gc,metaspace   ] GC(93) Metaspace: 74180K(75200K)->74180K(75200K) NonClass: 64867K(65472K)->64867K(65472K) Class: 9313K(9728K)->9313K(9728K)
[2026-10-07T18:48:58.113+0000][348.080s][info][gc             ] GC(93) Pause Young (Allocation Failure) 38M->27M(48M) 4.566ms
[2026-10-07T18:48:58.113+0000][348.080s][info][gc,cpu         ] GC(93) User=0.00s Sys=0.00s Real=0.00s
[2026-10-07T18:49:00.685+0000][350.652s][info][gc,start       ] GC(94) Pause Young (Allocation Failure)
[2026-10-07T18:49:00.690+0000][350.656s][info][gc,heap        ] GC(94) PSYoungGen: 14144K(14848K)->450K(14848K) Eden: 13824K(13824K)->0K(13824K) From: 320K(1024K)->450K(1024K)
[2026-10-07T18:49:00.690+0000][350.656s][info][gc,heap        ] GC(94) ParOldGen: 27945K(34816K)->27977K(34816K)
[2026-10-07T18:49:00.690+0000][350.656s][info][gc,metaspace   ] GC(94) Metaspace: 74180K(75200K)->74180K(75200K) NonClass: 64867K(65472K)->64867K(65472K) Class: 9313K(9728K)->9313K(9728K)
[2026-10-07T18:49:00.690+0000][350.657s][info][gc             ] GC(94) Pause Young (Allocation Failure) 41M->27M(48M) 4.974ms
[2026-10-07T18:49:00.690+0000][350.657s][info][gc,cpu         ] GC(94) User=0.00s Sys=0.00s Real=0.00s
[2026-10-07T18:49:03.124+0000][353.091s][info][gc,start       ] GC(95) Pause Young (Allocation Failure)
[2026-10-07T18:49:03.130+0000][353.096s][info][gc,heap        ] GC(95) PSYoungGen: 14274K(14848K)->520K(17920K) Eden: 13824K(13824K)->0K(16896K) From: 450K(1024K)->520K(1024K)
[2026-10-07T18:49:03.130+0000][353.096s][info][gc,heap        ] GC(95) ParOldGen: 27977K(34816K)->28147K(34816K)
[2026-10-07T18:49:03.130+0000][353.096s][info][gc,metaspace   ] GC(95) Metaspace: 74180K(75200K)->74180K(75200K) NonClass: 64867K(65472K)->64867K(65472K) Class: 9313K(9728K)->9313K(9728K)
[2026-10-07T18:49:03.130+0000][353.096s][info][gc             ] GC(95) Pause Young (Allocation Failure) 41M->27M(51M) 5.642ms
[2026-10-07T18:49:03.130+0000][353.097s][info][gc,cpu         ] GC(95) User=0.00s Sys=0.00s Real=0.00s
[2026-10-07T18:49:06.174+0000][356.140s][info][gc,start       ] GC(96) Pause Young (Allocation Failure)
[2026-10-07T18:49:06.179+0000][356.146s][info][gc,heap        ] GC(96) PSYoungGen: 17416K(17920K)->521K(17920K) Eden: 16896K(16896K)->0K(16896K) From: 520K(1024K)->521K(1024K)
[2026-10-07T18:49:06.180+0000][356.146s][info][gc,heap        ] GC(96) ParOldGen: 28147K(34816K)->28276K(34816K)
[2026-10-07T18:49:06.180+0000][356.146s][info][gc,metaspace   ] GC(96) Metaspace: 74180K(75200K)->74180K(75200K) NonClass: 64867K(65472K)->64867K(65472K) Class: 9313K(9728K)->9313K(9728K)
[2026-10-07T18:49:06.180+0000][356.146s][info][gc             ] GC(96) Pause Young (Allocation Failure) 44M->28M(51M) 6.181ms
[2026-10-07T18:49:06.180+0000][356.146s][info][gc,cpu         ] GC(96) User=0.00s Sys=0.00s Real=0.00s
[2026-10-07T18:49:09.271+0000][359.237s][info][gc,start       ] GC(97) Pause Young (Allocation Failure)
[2026-10-07T18:49:09.276+0000][359.243s][info][gc,heap        ] GC(97) PSYoungGen: 17417K(17920K)->480K(21504K) Eden: 16896K(16896K)->0K(20480K) From: 521K(1024K)->480K(1024K)
[2026-10-07T18:49:09.276+0000][359.243s][info][gc,heap        ] GC(97) ParOldGen: 28276K(34816K)->28413K(34816K)
[2026-10-07T18:49:09.276+0000][359.243s][info][gc,metaspace   ] GC(97) Metaspace: 74180K(75200K)->74180K(75200K) NonClass: 64867K(65472K)->64867K(65472K) Class: 9313K(9728K)->9313K(9728K)
[2026-10-07T18:49:09.277+0000][359.243s][info][gc             ] GC(97) Pause Young (Allocation Failure) 44M->28M(55M) 6.192ms
[2026-10-07T18:49:09.277+0000][359.243s][info][gc,cpu         ] GC(97) User=0.01s Sys=0.00s Real=0.01s
[2026-10-07T18:49:13.217+0000][363.183s][info][gc,start       ] GC(98) Pause Young (Allocation Failure)
[2026-10-07T18:49:13.222+0000][363.188s][info][gc,heap        ] GC(98) PSYoungGen: 20960K(21504K)->554K(21504K) Eden: 20480K(20480K)->0K(20480K) From: 480K(1024K)->554K(1024K)
[2026-10-07T18:49:13.222+0000][363.188s][info][gc,heap        ] GC(98) ParOldGen: 28413K(34816K)->28489K(34816K)
[2026-10-07T18:49:13.222+0000][363.188s][info][gc,metaspace   ] GC(98) Metaspace: 74180K(75200K)->74180K(75200K) NonClass: 64867K(65472K)->64867K(65472K) Class: 9313K(9728K)->9313K(9728K)
[2026-10-07T18:49:13.222+0000][363.189s][info][gc             ] GC(98) Pause Young (Allocation Failure) 48M->28M(55M) 5.225ms
[2026-10-07T18:49:13.222+0000][363.189s][info][gc,cpu         ] GC(98) User=0.00s Sys=0.00s Real=0.00s
[2026-10-07T18:49:16.910+0000][366.876s][info][gc,start       ] GC(99) Pause Young (Allocation Failure)
[2026-10-07T18:49:16.916+0000][366.882s][info][gc,heap        ] GC(99) PSYoungGen: 21034K(21504K)->566K(25600K) Eden: 20480K(20480K)->0K(24576K) From: 554K(1024K)->566K(1024K)
[2026-10-07T18:49:16.916+0000][366.882s][info][gc,heap        ] GC(99) ParOldGen: 28489K(34816K)->28545K(34816K)
[2026-10-07T18:49:16.916+0000][366.882s][info][gc,metaspace   ] GC(99) Metaspace: 74180K(75200K)->74180K(75200K) NonClass: 64867K(65472K)->64867K(65472K) Class: 9313K(9728K)->9313K(9728K)
[2026-10-07T18:49:16.916+0000][366.882s][info][gc             ] GC(99) Pause Young (Allocation Failure) 48M->28M(59M) 6.092ms
[2026-10-07T18:49:16.916+0000][366.882s][info][gc,cpu         ] GC(99) User=0.00s Sys=0.00s Real=0.01s
[2026-10-07T18:49:21.409+0000][371.376s][info][gc,start       ] GC(100) Pause Young (Allocation Failure)
[2026-10-07T18:49:21.415+0000][371.382s][info][gc,heap        ] GC(100) PSYoungGen: 25142K(25600K)->650K(24576K) Eden: 24576K(24576K)->0K(23552K) From: 566K(1024K)->650K(1024K)
[2026-10-07T18:49:21.415+0000][371.382s][info][gc,heap        ] GC(100) ParOldGen: 28545K(34816K)->28609K(34816K)
[2026-10-07T18:49:21.415+0000][371.382s][info][gc,metaspace   ] GC(100) Metaspace: 74181K(75200K)->74181K(75200K) NonClass: 64868K(65472K)->64868K(65472K) Class: 9313K(9728K)->9313K(9728K)
[2026-10-07T18:49:21.415+0000][371.382s][info][gc             ] GC(100) Pause Young (Allocation Failure) 52M->28M(58M) 6.058ms
[2026-10-07T18:49:21.415+0000][371.382s][info][gc,cpu         ] GC(100) User=0.01s Sys=0.00s Real=0.01s
[2026-10-07T18:49:25.500+0000][375.467s][info][gc,start       ] GC(101) Pause Young (Allocation Failure)
[2026-10-07T18:49:25.506+0000][375.472s][info][gc,heap        ] GC(101) PSYoungGen: 24202K(24576K)->512K(23040K) Eden: 23551K(23552K)->0K(22528K) From: 650K(1024K)->512K(512K)
[2026-10-07T18:49:25.506+0000][375.472s][info][gc,heap        ] GC(101) ParOldGen: 28609K(34816K)->28853K(34816K)
[2026-10-07T18:49:25.506+0000][375.472s][info][gc,metaspace   ] GC(101) Metaspace: 74183K(75200K)->74183K(75200K) NonClass: 64869K(65472K)->64869K(65472K) Class: 9313K(9728K)->9313K(9728K)
[2026-10-07T18:49:25.506+0000][375.472s][info][gc             ] GC(101) Pause Young (Allocation Failure) 51M->28M(56M) 5.621ms
[2026-10-07T18:49:25.506+0000][375.472s][info][gc,cpu         ] GC(101) User=0.00s Sys=0.00s Real=0.01s
[2026-10-07T18:49:29.349+0000][379.316s][info][gc,start       ] GC(102) Pause Young (Allocation Failure)
[2026-10-07T18:49:29.355+0000][379.321s][info][gc,heap        ] GC(102) PSYoungGen: 23040K(23040K)->717K(22528K) Eden: 22528K(22528K)->0K(21504K) From: 512K(512K)->717K(1024K)
[2026-10-07T18:49:29.355+0000][379.321s][info][gc,heap        ] GC(102) ParOldGen: 28853K(34816K)->28941K(34816K)
[2026-10-07T18:49:29.355+0000][379.321s][info][gc,metaspace   ] GC(102) Metaspace: 74183K(75200K)->74183K(75200K) NonClass: 64869K(65472K)->64869K(65472K) Class: 9313K(9728K)->9313K(9728K)
[2026-10-07T18:49:29.355+0000][379.321s][info][gc             ] GC(102) Pause Young (Allocation Failure) 50M->28M(56M) 5.688ms
[2026-10-07T18:49:29.355+0000][379.321s][info][gc,cpu         ] GC(102) User=0.00s Sys=0.00s Real=0.01s
[2026-10-07T18:49:33.215+0000][383.181s][info][gc,start       ] GC(103) Pause Young (Allocation Failure)
[2026-10-07T18:49:33.222+0000][383.189s][info][gc,heap        ] GC(103) PSYoungGen: 22221K(22528K)->708K(22016K) Eden: 21504K(21504K)->0K(20992K) From: 717K(1024K)->708K(1024K)
[2026-10-07T18:49:33.222+0000][383.189s][info][gc,heap        ] GC(103) ParOldGen: 28941K(34816K)->29067K(34816K)
[2026-10-07T18:49:33.222+0000][383.189s][info][gc,metaspace   ] GC(103) Metaspace: 74183K(75200K)->74183K(75200K) NonClass: 64869K(65472K)->64869K(65472K) Class: 9313K(9728K)->9313K(9728K)
[2026-10-07T18:49:33.222+0000][383.189s][info][gc             ] GC(103) Pause Young (Allocation Failure) 49M->29M(55M) 7.462ms
[2026-10-07T18:49:33.222+0000][383.189s][info][gc,cpu         ] GC(103) User=0.01s Sys=0.00s Real=0.00s
[2026-10-07T18:49:37.139+0000][387.106s][info][gc,start       ] GC(104) Pause Young (Allocation Failure)
[2026-10-07T18:49:37.144+0000][387.110s][info][gc,heap        ] GC(104) PSYoungGen: 21700K(22016K)->621K(21504K) Eden: 20992K(20992K)->0K(20480K) From: 708K(1024K)->621K(1024K)
[2026-10-07T18:49:37.144+0000][387.110s][info][gc,heap        ] GC(104) ParOldGen: 29067K(34816K)->29200K(34816K)
[2026-10-07T18:49:37.144+0000][387.110s][info][gc,metaspace   ] GC(104) Metaspace: 74183K(75200K)->74183K(75200K) NonClass: 64870K(65472K)->64870K(65472K) Class: 9313K(9728K)->9313K(9728K)
[2026-10-07T18:49:37.144+0000][387.111s][info][gc             ] GC(104) Pause Young (Allocation Failure) 49M->29M(55M) 4.690ms
[2026-10-07T18:49:37.144+0000][387.111s][info][gc,cpu         ] GC(104) User=0.00s Sys=0.00s Real=0.01s
[2026-10-07T18:49:40.932+0000][390.898s][info][gc,start       ] GC(105) Pause Young (Allocation Failure)
[2026-10-07T18:49:40.937+0000][390.904s][info][gc,heap        ] GC(105) PSYoungGen: 21101K(21504K)->512K(20480K) Eden: 20480K(20480K)->0K(19968K) From: 621K(1024K)->512K(512K)
[2026-10-07T18:49:40.941+0000][390.907s][info][gc,heap        ] GC(105) ParOldGen: 29200K(34816K)->29428K(34816K)
[2026-10-07T18:49:40.942+0000][390.908s][info][gc,metaspace   ] GC(105) Metaspace: 74183K(75200K)->74183K(75200K) NonClass: 64870K(65472K)->64870K(65472K) Class: 9313K(9728K)->9313K(9728K)
[2026-10-07T18:49:40.943+0000][390.909s][info][gc             ] GC(105) Pause Young (Allocation Failure) 49M->29M(54M) 10.965ms
[2026-10-07T18:49:40.943+0000][390.909s][info][gc,cpu         ] GC(105) User=0.01s Sys=0.00s Real=0.01s
[2026-10-07T18:49:44.352+0000][394.319s][info][gc,start       ] GC(106) Pause Young (Allocation Failure)
[2026-10-07T18:49:44.366+0000][394.332s][info][gc,heap        ] GC(106) PSYoungGen: 20480K(20480K)->622K(20480K) Eden: 19968K(19968K)->0K(19456K) From: 512K(512K)->622K(1024K)
[2026-10-07T18:49:44.367+0000][394.334s][info][gc,heap        ] GC(106) ParOldGen: 29428K(34816K)->29508K(34816K)
[2026-10-07T18:49:44.368+0000][394.334s][info][gc,metaspace   ] GC(106) Metaspace: 74185K(75200K)->74185K(75200K) NonClass: 64872K(65472K)->64872K(65472K) Class: 9313K(9728K)->9313K(9728K)
[2026-10-07T18:49:44.368+0000][394.335s][info][gc             ] GC(106) Pause Young (Allocation Failure) 48M->29M(54M) 16.335ms
[2026-10-07T18:49:44.368+0000][394.335s][info][gc,cpu         ] GC(106) User=0.00s Sys=0.00s Real=0.02s
[2026-10-07T18:49:48.011+0000][397.978s][info][gc,start       ] GC(107) Pause Young (Allocation Failure)
[2026-10-07T18:49:48.017+0000][397.983s][info][gc,heap        ] GC(107) PSYoungGen: 20078K(20480K)->560K(19968K) Eden: 19456K(19456K)->0K(18944K) From: 622K(1024K)->560K(1024K)
[2026-10-07T18:49:48.017+0000][397.983s][info][gc,heap        ] GC(107) ParOldGen: 29508K(34816K)->29642K(34816K)
[2026-10-07T18:49:48.017+0000][397.983s][info][gc,metaspace   ] GC(107) Metaspace: 74185K(75200K)->74185K(75200K) NonClass: 64872K(65472K)->64872K(65472K) Class: 9313K(9728K)->9313K(9728K)
[2026-10-07T18:49:48.017+0000][397.983s][info][gc             ] GC(107) Pause Young (Allocation Failure) 48M->29M(53M) 5.256ms
[2026-10-07T18:49:48.017+0000][397.983s][info][gc,cpu         ] GC(107) User=0.01s Sys=0.00s Real=0.01s
[2026-10-07T18:49:51.296+0000][401.262s][info][gc,start       ] GC(108) Pause Young (Allocation Failure)
[2026-10-07T18:49:51.301+0000][401.267s][info][gc,heap        ] GC(108) PSYoungGen: 19504K(19968K)->553K(19456K) Eden: 18944K(18944K)->0K(18432K) From: 560K(1024K)->553K(1024K)
[2026-10-07T18:49:51.301+0000][401.268s][info][gc,heap        ] GC(108) ParOldGen: 29642K(34816K)->29746K(34816K)
[2026-10-07T18:49:51.301+0000][401.268s][info][gc,metaspace   ] GC(108) Metaspace: 74185K(75200K)->74185K(75200K) NonClass: 64872K(65472K)->64872K(65472K) Class: 9313K(9728K)->9313K(9728K)
[2026-10-07T18:49:51.301+0000][401.268s][info][gc             ] GC(108) Pause Young (Allocation Failure) 47M->29M(53M) 5.160ms
[2026-10-07T18:49:51.301+0000][401.268s][info][gc,cpu         ] GC(108) User=0.01s Sys=0.00s Real=0.00s
[2026-10-07T18:49:54.499+0000][404.466s][info][gc,start       ] GC(109) Pause Young (Allocation Failure)
[2026-10-07T18:49:54.504+0000][404.470s][info][gc,heap        ] GC(109) PSYoungGen: 18985K(19456K)->512K(18432K) Eden: 18432K(18432K)->0K(17920K) From: 553K(1024K)->512K(512K)
[2026-10-07T18:49:54.504+0000][404.470s][info][gc,heap        ] GC(109) ParOldGen: 29746K(34816K)->29924K(34816K)
[2026-10-07T18:49:54.504+0000][404.470s][info][gc,metaspace   ] GC(109) Metaspace: 74185K(75200K)->74185K(75200K) NonClass: 64872K(65472K)->64872K(65472K) Class: 9313K(9728K)->9313K(9728K)
[2026-10-07T18:49:54.504+0000][404.470s][info][gc             ] GC(109) Pause Young (Allocation Failure) 47M->29M(52M) 4.916ms
[2026-10-07T18:49:54.504+0000][404.471s][info][gc,cpu         ] GC(109) User=0.00s Sys=0.00s Real=0.01s
[2026-10-07T18:49:57.700+0000][407.667s][info][gc,start       ] GC(110) Pause Young (Allocation Failure)
[2026-10-07T18:49:57.706+0000][407.673s][info][gc,heap        ] GC(110) PSYoungGen: 18432K(18432K)->572K(18432K) Eden: 17920K(17920K)->0K(17408K) From: 512K(512K)->572K(1024K)
[2026-10-07T18:49:57.706+0000][407.673s][info][gc,heap        ] GC(110) ParOldGen: 29924K(34816K)->30004K(34816K)
[2026-10-07T18:49:57.706+0000][407.673s][info][gc,metaspace   ] GC(110) Metaspace: 74188K(75200K)->74188K(75200K) NonClass: 64875K(65472K)->64875K(65472K) Class: 9313K(9728K)->9313K(9728K)
[2026-10-07T18:49:57.706+0000][407.673s][info][gc             ] GC(110) Pause Young (Allocation Failure) 47M->29M(52M) 5.914ms
[2026-10-07T18:49:57.707+0000][407.673s][info][gc,cpu         ] GC(110) User=0.01s Sys=0.00s Real=0.01s
[2026-10-07T18:50:00.801+0000][410.768s][info][gc,start       ] GC(111) Pause Young (Allocation Failure)
[2026-10-07T18:50:00.807+0000][410.773s][info][gc,heap        ] GC(111) PSYoungGen: 17980K(18432K)->516K(17920K) Eden: 17408K(17408K)->0K(16896K) From: 572K(1024K)->516K(1024K)
[2026-10-07T18:50:00.807+0000][410.773s][info][gc,heap        ] GC(111) ParOldGen: 30004K(34816K)->30112K(34816K)
[2026-10-07T18:50:00.807+0000][410.773s][info][gc,metaspace   ] GC(111) Metaspace: 74190K(75200K)->74190K(75200K) NonClass: 64877K(65472K)->64877K(65472K) Class: 9313K(9728K)->9313K(9728K)
[2026-10-07T18:50:00.807+0000][410.774s][info][gc             ] GC(111) Pause Young (Allocation Failure) 46M->29M(51M) 5.578ms
[2026-10-07T18:50:00.808+0000][410.774s][info][gc,cpu         ] GC(111) User=0.00s Sys=0.00s Real=0.01s
[2026-10-07T18:50:03.911+0000][413.878s][info][gc,start       ] GC(112) Pause Young (Allocation Failure)
[2026-10-07T18:50:03.915+0000][413.882s][info][gc,heap        ] GC(112) PSYoungGen: 17412K(17920K)->480K(16896K) Eden: 16896K(16896K)->0K(16384K) From: 516K(1024K)->480K(512K)
[2026-10-07T18:50:03.915+0000][413.882s][info][gc,heap        ] GC(112) ParOldGen: 30112K(34816K)->30277K(34816K)
[2026-10-07T18:50:03.915+0000][413.882s][info][gc,metaspace   ] GC(112) Metaspace: 74201K(75200K)->74201K(75200K) NonClass: 64888K(65472K)->64888K(65472K) Class: 9313K(9728K)->9313K(9728K)
[2026-10-07T18:50:03.916+0000][413.882s][info][gc             ] GC(112) Pause Young (Allocation Failure) 46M->30M(50M) 4.154ms
[2026-10-07T18:50:03.916+0000][413.882s][info][gc,cpu         ] GC(112) User=0.01s Sys=0.01s Real=0.01s
[2026-10-07T18:50:06.773+0000][416.739s][info][gc,start       ] GC(113) Pause Young (Allocation Failure)
[2026-10-07T18:50:06.780+0000][416.747s][info][gc,heap        ] GC(113) PSYoungGen: 16864K(16896K)->540K(16896K) Eden: 16384K(16384K)->0K(15872K) From: 480K(512K)->540K(1024K)
[2026-10-07T18:50:06.780+0000][416.747s][info][gc,heap        ] GC(113) ParOldGen: 30277K(34816K)->30325K(34816K)
[2026-10-07T18:50:06.780+0000][416.747s][info][gc,metaspace   ] GC(113) Metaspace: 74202K(75200K)->74202K(75200K) NonClass: 64889K(65472K)->64889K(65472K) Class: 9313K(9728K)->9313K(9728K)
[2026-10-07T18:50:06.780+0000][416.747s][info][gc             ] GC(113) Pause Young (Allocation Failure) 46M->30M(50M) 7.663ms
[2026-10-07T18:50:06.780+0000][416.747s][info][gc,cpu         ] GC(113) User=0.00s Sys=0.00s Real=0.01s
[2026-10-07T18:50:09.816+0000][419.782s][info][gc,start       ] GC(114) Pause Young (Allocation Failure)
[2026-10-07T18:50:09.826+0000][419.792s][info][gc,heap        ] GC(114) PSYoungGen: 16412K(16896K)->384K(15872K) Eden: 15872K(15872K)->0K(15360K) From: 540K(1024K)->384K(512K)
[2026-10-07T18:50:09.826+0000][419.793s][info][gc,heap        ] GC(114) ParOldGen: 30325K(34816K)->30481K(34816K)
[2026-10-07T18:50:09.826+0000][419.793s][info][gc,metaspace   ] GC(114) Metaspace: 74211K(75200K)->74211K(75200K) NonClass: 64898K(65472K)->64898K(65472K) Class: 9313K(9728K)->9313K(9728K)
[2026-10-07T18:50:09.826+0000][419.793s][info][gc             ] GC(114) Pause Young (Allocation Failure) 45M->30M(49M) 10.574ms
[2026-10-07T18:50:09.826+0000][419.793s][info][gc,cpu         ] GC(114) User=0.01s Sys=0.00s Real=0.01s
[2026-10-07T18:50:12.747+0000][422.714s][info][gc,start       ] GC(115) Pause Young (Allocation Failure)
[2026-10-07T18:50:12.752+0000][422.719s][info][gc,heap        ] GC(115) PSYoungGen: 15744K(15872K)->460K(15360K) Eden: 15360K(15360K)->0K(14848K) From: 384K(512K)->460K(512K)
[2026-10-07T18:50:12.752+0000][422.719s][info][gc,heap        ] GC(115) ParOldGen: 30481K(34816K)->30537K(34816K)
[2026-10-07T18:50:12.752+0000][422.719s][info][gc,metaspace   ] GC(115) Metaspace: 74222K(75200K)->74222K(75200K) NonClass: 64909K(65472K)->64909K(65472K) Class: 9313K(9728K)->9313K(9728K)
[2026-10-07T18:50:12.752+0000][422.719s][info][gc             ] GC(115) Pause Young (Allocation Failure) 45M->30M(49M) 5.094ms
[2026-10-07T18:50:12.752+0000][422.719s][info][gc,cpu         ] GC(115) User=0.01s Sys=0.00s Real=0.00s
[2026-10-07T18:50:15.349+0000][425.316s][info][gc,start       ] GC(116) Pause Young (Allocation Failure)
[2026-10-07T18:50:15.355+0000][425.322s][info][gc,heap        ] GC(116) PSYoungGen: 15308K(15360K)->502K(15360K) Eden: 14848K(14848K)->0K(14336K) From: 460K(512K)->502K(1024K)
[2026-10-07T18:50:15.355+0000][425.322s][info][gc,heap        ] GC(116) ParOldGen: 30537K(34816K)->30629K(34816K)
[2026-10-07T18:50:15.355+0000][425.322s][info][gc,metaspace   ] GC(116) Metaspace: 74226K(75200K)->74226K(75200K) NonClass: 64913K(65472K)->64913K(65472K) Class: 9313K(9728K)->9313K(9728K)
[2026-10-07T18:50:15.355+0000][425.322s][info][gc             ] GC(116) Pause Young (Allocation Failure) 44M->30M(49M) 5.785ms
[2026-10-07T18:50:15.355+0000][425.322s][info][gc,cpu         ] GC(116) User=0.01s Sys=0.00s Real=0.01s
[2026-10-07T18:50:17.789+0000][427.756s][info][gc,start       ] GC(117) Pause Young (Allocation Failure)
[2026-10-07T18:50:17.793+0000][427.760s][info][gc,heap        ] GC(117) PSYoungGen: 14838K(15360K)->448K(14336K) Eden: 14336K(14336K)->0K(13824K) From: 502K(1024K)->448K(512K)
[2026-10-07T18:50:17.793+0000][427.760s][info][gc,heap        ] GC(117) ParOldGen: 30629K(34816K)->30812K(34816K)
[2026-10-07T18:50:17.793+0000][427.760s][info][gc,metaspace   ] GC(117) Metaspace: 74230K(75200K)->74230K(75200K) NonClass: 64917K(65472K)->64917K(65472K) Class: 9313K(9728K)->9313K(9728K)
[2026-10-07T18:50:17.793+0000][427.760s][info][gc             ] GC(117) Pause Young (Allocation Failure) 44M->30M(48M) 4.077ms
[2026-10-07T18:50:17.793+0000][427.760s][info][gc,cpu         ] GC(117) User=0.00s Sys=0.00s Real=0.00s
[2026-10-07T18:50:20.166+0000][430.132s][info][gc,start       ] GC(118) Pause Young (Allocation Failure)
[2026-10-07T18:50:20.173+0000][430.139s][info][gc,heap        ] GC(118) PSYoungGen: 14272K(14336K)->410K(14336K) Eden: 13824K(13824K)->0K(13312K) From: 448K(512K)->410K(1024K)
[2026-10-07T18:50:20.173+0000][430.140s][info][gc,heap        ] GC(118) ParOldGen: 30812K(34816K)->30876K(34816K)
[2026-10-07T18:50:20.175+0000][430.141s][info][gc,metaspace   ] GC(118) Metaspace: 74231K(75200K)->74231K(75200K) NonClass: 64918K(65472K)->64918K(65472K) Class: 9313K(9728K)->9313K(9728K)
[2026-10-07T18:50:20.175+0000][430.141s][info][gc             ] GC(118) Pause Young (Allocation Failure) 44M->30M(48M) 8.727ms
[2026-10-07T18:50:20.175+0000][430.141s][info][gc,cpu         ] GC(118) User=0.01s Sys=0.00s Real=0.01s
[2026-10-07T18:50:22.434+0000][432.401s][info][gc,start       ] GC(119) Pause Young (Allocation Failure)
[2026-10-07T18:50:22.439+0000][432.406s][info][gc,heap        ] GC(119) PSYoungGen: 13722K(14336K)->416K(13312K) Eden: 13312K(13312K)->0K(12800K) From: 410K(1024K)->416K(512K)
[2026-10-07T18:50:22.439+0000][432.406s][info][gc,heap        ] GC(119) ParOldGen: 30876K(34816K)->30994K(34816K)
[2026-10-07T18:50:22.440+0000][432.406s][info][gc,metaspace   ] GC(119) Metaspace: 74235K(75200K)->74235K(75200K) NonClass: 64922K(65472K)->64922K(65472K) Class: 9313K(9728K)->9313K(9728K)
[2026-10-07T18:50:22.440+0000][432.406s][info][gc             ] GC(119) Pause Young (Allocation Failure) 43M->30M(47M) 5.163ms
[2026-10-07T18:50:22.440+0000][432.406s][info][gc,cpu         ] GC(119) User=0.01s Sys=0.00s Real=0.00s
[2026-10-07T18:50:24.770+0000][434.736s][info][gc,start       ] GC(120) Pause Young (Allocation Failure)
[2026-10-07T18:50:24.776+0000][434.743s][info][gc,heap        ] GC(120) PSYoungGen: 13216K(13312K)->352K(13312K) Eden: 12800K(12800K)->0K(12288K) From: 416K(512K)->352K(1024K)
[2026-10-07T18:50:24.776+0000][434.743s][info][gc,heap        ] GC(120) ParOldGen: 30994K(34816K)->31102K(34816K)
[2026-10-07T18:50:24.776+0000][434.743s][info][gc,metaspace   ] GC(120) Metaspace: 74239K(75200K)->74239K(75200K) NonClass: 64925K(65472K)->64925K(65472K) Class: 9313K(9728K)->9313K(9728K)
[2026-10-07T18:50:24.776+0000][434.743s][info][gc             ] GC(120) Pause Young (Allocation Failure) 43M->30M(47M) 6.470ms
[2026-10-07T18:50:24.776+0000][434.743s][info][gc,cpu         ] GC(120) User=0.01s Sys=0.00s Real=0.01s
[2026-10-07T18:50:26.916+0000][436.882s][info][gc,start       ] GC(121) Pause Young (Allocation Failure)
[2026-10-07T18:50:26.921+0000][436.888s][info][gc,heap        ] GC(121) PSYoungGen: 12640K(13312K)->399K(12288K) Eden: 12288K(12288K)->0K(11776K) From: 352K(1024K)->399K(512K)
[2026-10-07T18:50:26.921+0000][436.888s][info][gc,heap        ] GC(121) ParOldGen: 31102K(34816K)->31178K(34816K)
[2026-10-07T18:50:26.921+0000][436.888s][info][gc,metaspace   ] GC(121) Metaspace: 74249K(75200K)->74249K(75200K) NonClass: 64936K(65472K)->64936K(65472K) Class: 9313K(9728K)->9313K(9728K)
[2026-10-07T18:50:26.921+0000][436.888s][info][gc             ] GC(121) Pause Young (Allocation Failure) 42M->30M(46M) 5.950ms
[2026-10-07T18:50:26.922+0000][436.888s][info][gc,cpu         ] GC(121) User=0.00s Sys=0.00s Real=0.00s
[2026-10-07T18:50:28.900+0000][438.867s][info][gc,start       ] GC(122) Pause Young (Allocation Failure)
[2026-10-07T18:50:28.911+0000][438.878s][info][gc,heap        ] GC(122) PSYoungGen: 12175K(12288K)->384K(12288K) Eden: 11776K(11776K)->0K(11264K) From: 399K(512K)->384K(1024K)
[2026-10-07T18:50:28.911+0000][438.878s][info][gc,heap        ] GC(122) ParOldGen: 31178K(34816K)->31314K(34816K)
[2026-10-07T18:50:28.911+0000][438.878s][info][gc,metaspace   ] GC(122) Metaspace: 74249K(75200K)->74249K(75200K) NonClass: 64936K(65472K)->64936K(65472K) Class: 9313K(9728K)->9313K(9728K)
[2026-10-07T18:50:28.912+0000][438.879s][info][gc             ] GC(122) Pause Young (Allocation Failure) 42M->30M(46M) 11.834ms
[2026-10-07T18:50:28.912+0000][438.879s][info][gc,cpu         ] GC(122) User=0.00s Sys=0.00s Real=0.01s
[2026-10-07T18:50:30.805+0000][440.772s][info][gc,start       ] GC(123) Pause Young (Allocation Failure)
[2026-10-07T18:50:30.809+0000][440.776s][info][gc,heap        ] GC(123) PSYoungGen: 11648K(12288K)->390K(11776K) Eden: 11264K(11264K)->0K(11264K) From: 384K(1024K)->390K(512K)
[2026-10-07T18:50:30.809+0000][440.776s][info][gc,heap        ] GC(123) ParOldGen: 31314K(34816K)->31386K(34816K)
[2026-10-07T18:50:30.809+0000][440.776s][info][gc,metaspace   ] GC(123) Metaspace: 74249K(75200K)->74249K(75200K) NonClass: 64936K(65472K)->64936K(65472K) Class: 9313K(9728K)->9313K(9728K)
[2026-10-07T18:50:30.810+0000][440.776s][info][gc             ] GC(123) Pause Young (Allocation Failure) 41M->31M(45M) 4.378ms
[2026-10-07T18:50:30.810+0000][440.776s][info][gc,cpu         ] GC(123) User=0.00s Sys=0.00s Real=0.00s
[2026-10-07T18:50:32.969+0000][442.936s][info][gc,start       ] GC(124) Pause Young (Allocation Failure)
[2026-10-07T18:50:32.974+0000][442.941s][info][gc,heap        ] GC(124) PSYoungGen: 11654K(11776K)->288K(12288K) Eden: 11263K(11264K)->0K(11264K) From: 390K(512K)->288K(1024K)
[2026-10-07T18:50:32.974+0000][442.941s][info][gc,heap        ] GC(124) ParOldGen: 31386K(34816K)->31573K(34816K)
[2026-10-07T18:50:32.974+0000][442.941s][info][gc,metaspace   ] GC(124) Metaspace: 74256K(75200K)->74256K(75200K) NonClass: 64943K(65472K)->64943K(65472K) Class: 9313K(9728K)->9313K(9728K)
[2026-10-07T18:50:32.974+0000][442.941s][info][gc             ] GC(124) Pause Young (Allocation Failure) 42M->31M(46M) 5.270ms
[2026-10-07T18:50:32.974+0000][442.941s][info][gc,cpu         ] GC(124) User=0.00s Sys=0.00s Real=0.01s
[2026-10-07T18:50:35.010+0000][444.977s][info][gc,start       ] GC(125) Pause Young (Allocation Failure)
[2026-10-07T18:50:35.013+0000][444.980s][info][gc,heap        ] GC(125) PSYoungGen: 11552K(12288K)->320K(11776K) Eden: 11264K(11264K)->0K(11264K) From: 288K(1024K)->320K(512K)
[2026-10-07T18:50:35.013+0000][444.980s][info][gc,heap        ] GC(125) ParOldGen: 31573K(34816K)->31669K(34816K)
[2026-10-07T18:50:35.013+0000][444.980s][info][gc,metaspace   ] GC(125) Metaspace: 74256K(75200K)->74256K(75200K) NonClass: 64943K(65472K)->64943K(65472K) Class: 9313K(9728K)->9313K(9728K)
[2026-10-07T18:50:35.014+0000][444.981s][info][gc             ] GC(125) Pause Young (Allocation Failure) 42M->31M(45M) 3.887ms
[2026-10-07T18:50:35.014+0000][444.981s][info][gc,cpu         ] GC(125) User=0.01s Sys=0.00s Real=0.01s
[2026-10-07T18:50:36.949+0000][446.916s][info][gc,start       ] GC(126) Pause Young (Allocation Failure)
[2026-10-07T18:50:36.954+0000][446.920s][info][gc,heap        ] GC(126) PSYoungGen: 11584K(11776K)->373K(12288K) Eden: 11264K(11264K)->0K(11264K) From: 320K(512K)->373K(1024K)
[2026-10-07T18:50:36.954+0000][446.920s][info][gc,heap        ] GC(126) ParOldGen: 31669K(34816K)->31721K(34816K)
[2026-10-07T18:50:36.954+0000][446.920s][info][gc,metaspace   ] GC(126) Metaspace: 74258K(75200K)->74258K(75200K) NonClass: 64945K(65472K)->64945K(65472K) Class: 9313K(9728K)->9313K(9728K)
[2026-10-07T18:50:36.954+0000][446.921s][info][gc             ] GC(126) Pause Young (Allocation Failure) 42M->31M(46M) 4.959ms
[2026-10-07T18:50:36.954+0000][446.921s][info][gc,cpu         ] GC(126) User=0.00s Sys=0.00s Real=0.01s
[2026-10-07T18:50:38.913+0000][448.879s][info][gc,start       ] GC(127) Pause Young (Allocation Failure)
[2026-10-07T18:50:38.918+0000][448.885s][info][gc,heap        ] GC(127) PSYoungGen: 11637K(12288K)->352K(11776K) Eden: 11264K(11264K)->0K(11264K) From: 373K(1024K)->352K(512K)
[2026-10-07T18:50:38.918+0000][448.885s][info][gc,heap        ] GC(127) ParOldGen: 31721K(34816K)->31847K(34816K)
[2026-10-07T18:50:38.918+0000][448.885s][info][gc,metaspace   ] GC(127) Metaspace: 74258K(75200K)->74258K(75200K) NonClass: 64945K(65472K)->64945K(65472K) Class: 9313K(9728K)->9313K(9728K)
[2026-10-07T18:50:38.918+0000][448.885s][info][gc             ] GC(127) Pause Young (Allocation Failure) 42M->31M(45M) 5.589ms
[2026-10-07T18:50:38.918+0000][448.885s][info][gc,cpu         ] GC(127) User=0.01s Sys=0.00s Real=0.01s
[2026-10-07T18:50:41.394+0000][451.361s][info][gc,start       ] GC(128) Pause Young (Allocation Failure)
[2026-10-07T18:50:41.398+0000][451.365s][info][gc,heap        ] GC(128) PSYoungGen: 11616K(11776K)->336K(12288K) Eden: 11264K(11264K)->0K(11264K) From: 352K(512K)->336K(1024K)
[2026-10-07T18:50:41.398+0000][451.365s][info][gc,heap        ] GC(128) ParOldGen: 31847K(34816K)->31887K(34816K)
[2026-10-07T18:50:41.398+0000][451.365s][info][gc,metaspace   ] GC(128) Metaspace: 74267K(75200K)->74267K(75200K) NonClass: 64954K(65472K)->64954K(65472K) Class: 9313K(9728K)->9313K(9728K)
[2026-10-07T18:50:41.398+0000][451.365s][info][gc             ] GC(128) Pause Young (Allocation Failure) 42M->31M(46M) 4.385ms
[2026-10-07T18:50:41.398+0000][451.365s][info][gc,cpu         ] GC(128) User=0.01s Sys=0.00s Real=0.00s
[2026-10-07T18:50:43.462+0000][453.429s][info][gc,start       ] GC(129) Pause Young (Allocation Failure)
[2026-10-07T18:50:43.473+0000][453.440s][info][gc,heap        ] GC(129) PSYoungGen: 11600K(12288K)->320K(11776K) Eden: 11264K(11264K)->0K(11264K) From: 336K(1024K)->320K(512K)
[2026-10-07T18:50:43.473+0000][453.440s][info][gc,heap        ] GC(129) ParOldGen: 31887K(34816K)->32004K(34816K)
[2026-10-07T18:50:43.473+0000][453.440s][info][gc,metaspace   ] GC(129) Metaspace: 74267K(75200K)->74267K(75200K) NonClass: 64954K(65472K)->64954K(65472K) Class: 9313K(9728K)->9313K(9728K)
[2026-10-07T18:50:43.473+0000][453.440s][info][gc             ] GC(129) Pause Young (Allocation Failure) 42M->31M(45M) 11.302ms
[2026-10-07T18:50:43.473+0000][453.440s][info][gc,cpu         ] GC(129) User=0.01s Sys=0.00s Real=0.01s
[2026-10-07T18:50:45.373+0000][455.340s][info][gc,start       ] GC(130) Pause Young (Allocation Failure)
[2026-10-07T18:50:45.378+0000][455.345s][info][gc,heap        ] GC(130) PSYoungGen: 11584K(11776K)->389K(12288K) Eden: 11264K(11264K)->0K(11264K) From: 320K(512K)->389K(1024K)
[2026-10-07T18:50:45.378+0000][455.345s][info][gc,heap        ] GC(130) ParOldGen: 32004K(34816K)->32036K(34816K)
[2026-10-07T18:50:45.378+0000][455.345s][info][gc,metaspace   ] GC(130) Metaspace: 74267K(75200K)->74267K(75200K) NonClass: 64954K(65472K)->64954K(65472K) Class: 9313K(9728K)->9313K(9728K)
[2026-10-07T18:50:45.378+0000][455.345s][info][gc             ] GC(130) Pause Young (Allocation Failure) 42M->31M(46M) 5.217ms
[2026-10-07T18:50:45.378+0000][455.345s][info][gc,cpu         ] GC(130) User=0.01s Sys=0.00s Real=0.01s
[2026-10-07T18:50:47.479+0000][457.445s][info][gc,start       ] GC(131) Pause Young (Allocation Failure)
[2026-10-07T18:50:47.485+0000][457.452s][info][gc,heap        ] GC(131) PSYoungGen: 11653K(12288K)->320K(11776K) Eden: 11264K(11264K)->0K(11264K) From: 389K(1024K)->320K(512K)
[2026-10-07T18:50:47.485+0000][457.452s][info][gc,heap        ] GC(131) ParOldGen: 32036K(34816K)->32206K(34816K)
[2026-10-07T18:50:47.485+0000][457.452s][info][gc,metaspace   ] GC(131) Metaspace: 74268K(75200K)->74268K(75200K) NonClass: 64955K(65472K)->64955K(65472K) Class: 9313K(9728K)->9313K(9728K)
[2026-10-07T18:50:47.485+0000][457.452s][info][gc             ] GC(131) Pause Young (Allocation Failure) 42M->31M(45M) 6.755ms
[2026-10-07T18:50:47.485+0000][457.452s][info][gc,cpu         ] GC(131) User=0.01s Sys=0.00s Real=0.01s
[2026-10-07T18:50:49.493+0000][459.460s][info][gc,start       ] GC(132) Pause Young (Allocation Failure)
[2026-10-07T18:50:49.498+0000][459.464s][info][gc,heap        ] GC(132) PSYoungGen: 11584K(11776K)->352K(12288K) Eden: 11264K(11264K)->0K(11264K) From: 320K(512K)->352K(1024K)
[2026-10-07T18:50:49.498+0000][459.464s][info][gc,heap        ] GC(132) ParOldGen: 32206K(34816K)->32306K(34816K)
[2026-10-07T18:50:49.498+0000][459.464s][info][gc,metaspace   ] GC(132) Metaspace: 74268K(75200K)->74268K(75200K) NonClass: 64955K(65472K)->64955K(65472K) Class: 9313K(9728K)->9313K(9728K)
[2026-10-07T18:50:49.498+0000][459.465s][info][gc             ] GC(132) Pause Young (Allocation Failure) 42M->31M(46M) 4.865ms
[2026-10-07T18:50:49.498+0000][459.465s][info][gc,cpu         ] GC(132) User=0.01s Sys=0.00s Real=0.01s
[2026-10-07T18:50:51.605+0000][461.572s][info][gc,start       ] GC(133) Pause Young (Allocation Failure)
[2026-10-07T18:50:51.608+0000][461.575s][info][gc,heap        ] GC(133) PSYoungGen: 11616K(12288K)->399K(11776K) Eden: 11264K(11264K)->0K(11264K) From: 352K(1024K)->399K(512K)
[2026-10-07T18:50:51.608+0000][461.575s][info][gc,heap        ] GC(133) ParOldGen: 32306K(34816K)->32370K(34816K)
[2026-10-07T18:50:51.608+0000][461.575s][info][gc,metaspace   ] GC(133) Metaspace: 74276K(75200K)->74276K(75200K) NonClass: 64963K(65472K)->64963K(65472K) Class: 9313K(9728K)->9313K(9728K)
[2026-10-07T18:50:51.609+0000][461.575s][info][gc             ] GC(133) Pause Young (Allocation Failure) 42M->32M(45M) 3.278ms
[2026-10-07T18:50:51.609+0000][461.575s][info][gc,cpu         ] GC(133) User=0.00s Sys=0.00s Real=0.00s
[2026-10-07T18:50:53.621+0000][463.588s][info][gc,start       ] GC(134) Pause Young (Allocation Failure)
[2026-10-07T18:50:53.625+0000][463.592s][info][gc,heap        ] GC(134) PSYoungGen: 11663K(11776K)->320K(12288K) Eden: 11264K(11264K)->0K(11264K) From: 399K(512K)->320K(1024K)
[2026-10-07T18:50:53.625+0000][463.592s][info][gc,heap        ] GC(134) ParOldGen: 32370K(34816K)->32521K(34816K)
[2026-10-07T18:50:53.626+0000][463.592s][info][gc,metaspace   ] GC(134) Metaspace: 74276K(75200K)->74276K(75200K) NonClass: 64963K(65472K)->64963K(65472K) Class: 9313K(9728K)->9313K(9728K)
[2026-10-07T18:50:53.626+0000][463.592s][info][gc             ] GC(134) Pause Young (Allocation Failure) 43M->32M(46M) 4.235ms
[2026-10-07T18:50:53.626+0000][463.592s][info][gc,cpu         ] GC(134) User=0.00s Sys=0.00s Real=0.01s
[2026-10-07T18:50:55.795+0000][465.762s][info][gc,start       ] GC(135) Pause Young (Allocation Failure)
[2026-10-07T18:50:55.799+0000][465.766s][info][gc,heap        ] GC(135) PSYoungGen: 11584K(12288K)->377K(11776K) Eden: 11264K(11264K)->0K(11264K) From: 320K(1024K)->377K(512K)
[2026-10-07T18:50:55.800+0000][465.767s][info][gc,heap        ] GC(135) ParOldGen: 32521K(34816K)->32569K(34816K)
[2026-10-07T18:50:55.801+0000][465.767s][info][gc,metaspace   ] GC(135) Metaspace: 74277K(75200K)->74277K(75200K) NonClass: 64964K(65472K)->64964K(65472K) Class: 9313K(9728K)->9313K(9728K)
[2026-10-07T18:50:55.801+0000][465.767s][info][gc             ] GC(135) Pause Young (Allocation Failure) 43M->32M(45M) 5.380ms
[2026-10-07T18:50:55.801+0000][465.767s][info][gc,cpu         ] GC(135) User=0.01s Sys=0.00s Real=0.00s
[2026-10-07T18:50:57.930+0000][467.896s][info][gc,start       ] GC(136) Pause Young (Allocation Failure)
[2026-10-07T18:50:57.934+0000][467.900s][info][gc,heap        ] GC(136) PSYoungGen: 11641K(11776K)->320K(12288K) Eden: 11264K(11264K)->0K(11264K) From: 377K(512K)->320K(1024K)
[2026-10-07T18:50:57.934+0000][467.900s][info][gc,heap        ] GC(136) ParOldGen: 32569K(34816K)->32687K(34816K)
[2026-10-07T18:50:57.934+0000][467.900s][info][gc,metaspace   ] GC(136) Metaspace: 74282K(75200K)->74282K(75200K) NonClass: 64969K(65472K)->64969K(65472K) Class: 9313K(9728K)->9313K(9728K)
[2026-10-07T18:50:57.934+0000][467.901s][info][gc             ] GC(136) Pause Young (Allocation Failure) 43M->32M(46M) 4.239ms
[2026-10-07T18:50:57.934+0000][467.901s][info][gc,cpu         ] GC(136) User=0.00s Sys=0.00s Real=0.01s
[2026-10-07T18:50:59.968+0000][469.935s][info][gc,start       ] GC(137) Pause Young (Allocation Failure)
[2026-10-07T18:50:59.974+0000][469.940s][info][gc,heap        ] GC(137) PSYoungGen: 11584K(12288K)->365K(11776K) Eden: 11264K(11264K)->0K(11264K) From: 320K(1024K)->365K(512K)
[2026-10-07T18:50:59.974+0000][469.940s][info][gc,heap        ] GC(137) ParOldGen: 32687K(34816K)->32751K(34816K)
[2026-10-07T18:50:59.974+0000][469.940s][info][gc,metaspace   ] GC(137) Metaspace: 74282K(75200K)->74282K(75200K) NonClass: 64969K(65472K)->64969K(65472K) Class: 9313K(9728K)->9313K(9728K)
[2026-10-07T18:50:59.974+0000][469.941s][info][gc             ] GC(137) Pause Young (Allocation Failure) 43M->32M(45M) 5.849ms
[2026-10-07T18:50:59.976+0000][469.942s][info][gc,cpu         ] GC(137) User=0.01s Sys=0.00s Real=0.01s
[2026-10-07T18:51:01.843+0000][471.810s][info][gc,start       ] GC(138) Pause Young (Allocation Failure)
[2026-10-07T18:51:01.848+0000][471.815s][info][gc,heap        ] GC(138) PSYoungGen: 11629K(11776K)->399K(12288K) Eden: 11264K(11264K)->0K(11264K) From: 365K(512K)->399K(1024K)
[2026-10-07T18:51:01.848+0000][471.815s][info][gc,heap        ] GC(138) ParOldGen: 32751K(34816K)->32852K(34816K)
[2026-10-07T18:51:01.848+0000][471.815s][info][gc,metaspace   ] GC(138) Metaspace: 74286K(75200K)->74286K(75200K) NonClass: 64973K(65472K)->64973K(65472K) Class: 9313K(9728K)->9313K(9728K)
[2026-10-07T18:51:01.848+0000][471.815s][info][gc             ] GC(138) Pause Young (Allocation Failure) 43M->32M(46M) 4.502ms
[2026-10-07T18:51:01.848+0000][471.815s][info][gc,cpu         ] GC(138) User=0.00s Sys=0.00s Real=0.01s
[2026-10-07T18:51:03.753+0000][473.720s][info][gc,start       ] GC(139) Pause Young (Allocation Failure)
[2026-10-07T18:51:03.758+0000][473.724s][info][gc,heap        ] GC(139) PSYoungGen: 11663K(12288K)->384K(11776K) Eden: 11264K(11264K)->0K(11264K) From: 399K(1024K)->384K(512K)
[2026-10-07T18:51:03.758+0000][473.725s][info][gc,heap        ] GC(139) ParOldGen: 32852K(34816K)->33024K(34816K)
[2026-10-07T18:51:03.758+0000][473.725s][info][gc,metaspace   ] GC(139) Metaspace: 74286K(75200K)->74286K(75200K) NonClass: 64973K(65472K)->64973K(65472K) Class: 9313K(9728K)->9313K(9728K)
[2026-10-07T18:51:03.758+0000][473.725s][info][gc             ] GC(139) Pause Young (Allocation Failure) 43M->32M(45M) 5.049ms
[2026-10-07T18:51:03.758+0000][473.725s][info][gc,cpu         ] GC(139) User=0.00s Sys=0.00s Real=0.01s
[2026-10-07T18:51:05.873+0000][475.840s][info][gc,start       ] GC(140) Pause Young (Allocation Failure)
[2026-10-07T18:51:05.880+0000][475.847s][info][gc,heap        ] GC(140) PSYoungGen: 11648K(11776K)->406K(12288K) Eden: 11264K(11264K)->0K(11264K) From: 384K(512K)->406K(1024K)
[2026-10-07T18:51:05.881+0000][475.847s][info][gc,heap        ] GC(140) ParOldGen: 33024K(34816K)->33064K(34816K)
[2026-10-07T18:51:05.881+0000][475.848s][info][gc,metaspace   ] GC(140) Metaspace: 74295K(75200K)->74295K(75200K) NonClass: 64982K(65472K)->64982K(65472K) Class: 9313K(9728K)->9313K(9728K)
[2026-10-07T18:51:05.881+0000][475.848s][info][gc             ] GC(140) Pause Young (Allocation Failure) 43M->32M(46M) 7.557ms
[2026-10-07T18:51:05.881+0000][475.848s][info][gc,cpu         ] GC(140) User=0.00s Sys=0.00s Real=0.01s
[2026-10-07T18:51:07.951+0000][477.917s][info][gc,start       ] GC(141) Pause Young (Allocation Failure)
[2026-10-07T18:51:07.957+0000][477.923s][info][gc,heap        ] GC(141) PSYoungGen: 11670K(12288K)->320K(11776K) Eden: 11264K(11264K)->0K(11264K) From: 406K(1024K)->320K(512K)
[2026-10-07T18:51:07.957+0000][477.923s][info][gc,heap        ] GC(141) ParOldGen: 33064K(34816K)->33235K(34816K)
[2026-10-07T18:51:07.957+0000][477.923s][info][gc,metaspace   ] GC(141) Metaspace: 74303K(75200K)->74303K(75200K) NonClass: 64990K(65472K)->64990K(65472K) Class: 9313K(9728K)->9313K(9728K)
[2026-10-07T18:51:07.957+0000][477.923s][info][gc             ] GC(141) Pause Young (Allocation Failure) 43M->32M(45M) 6.089ms
[2026-10-07T18:51:07.957+0000][477.923s][info][gc,cpu         ] GC(141) User=0.00s Sys=0.00s Real=0.01s
[2026-10-07T18:51:10.117+0000][480.084s][info][gc,start       ] GC(142) Pause Young (Allocation Failure)
[2026-10-07T18:51:10.120+0000][480.087s][info][gc,heap        ] GC(142) PSYoungGen: 11584K(11776K)->320K(11776K) Eden: 11264K(11264K)->0K(11264K) From: 320K(512K)->320K(512K)
[2026-10-07T18:51:10.121+0000][480.087s][info][gc,heap        ] GC(142) ParOldGen: 33235K(34816K)->33319K(34816K)
[2026-10-07T18:51:10.121+0000][480.087s][info][gc,metaspace   ] GC(142) Metaspace: 74315K(75200K)->74315K(75200K) NonClass: 65001K(65472K)->65001K(65472K) Class: 9313K(9728K)->9313K(9728K)
[2026-10-07T18:51:10.121+0000][480.087s][info][gc             ] GC(142) Pause Young (Allocation Failure) 43M->32M(45M) 3.499ms
[2026-10-07T18:51:10.121+0000][480.087s][info][gc,cpu         ] GC(142) User=0.00s Sys=0.00s Real=0.00s
[2026-10-07T18:51:12.220+0000][482.186s][info][gc,start       ] GC(143) Pause Young (Allocation Failure)
[2026-10-07T18:51:12.224+0000][482.190s][info][gc,heap        ] GC(143) PSYoungGen: 11584K(11776K)->379K(11776K) Eden: 11264K(11264K)->0K(11264K) From: 320K(512K)->379K(512K)
[2026-10-07T18:51:12.224+0000][482.190s][info][gc,heap        ] GC(143) ParOldGen: 33319K(34816K)->33379K(34816K)
[2026-10-07T18:51:12.224+0000][482.190s][info][gc,metaspace   ] GC(143) Metaspace: 74322K(75200K)->74322K(75200K) NonClass: 65008K(65472K)->65008K(65472K) Class: 9313K(9728K)->9313K(9728K)
[2026-10-07T18:51:12.224+0000][482.190s][info][gc             ] GC(143) Pause Young (Allocation Failure) 43M->32M(45M) 3.939ms
[2026-10-07T18:51:12.224+0000][482.190s][info][gc,cpu         ] GC(143) User=0.00s Sys=0.00s Real=0.01s
[2026-10-07T18:51:14.264+0000][484.230s][info][gc,start       ] GC(144) Pause Young (Allocation Failure)
[2026-10-07T18:51:14.269+0000][484.236s][info][gc,heap        ] GC(144) PSYoungGen: 11643K(11776K)->365K(11776K) Eden: 11264K(11264K)->0K(11264K) From: 379K(512K)->365K(512K)
[2026-10-07T18:51:14.269+0000][484.236s][info][gc,heap        ] GC(144) ParOldGen: 33379K(34816K)->33475K(34816K)
[2026-10-07T18:51:14.269+0000][484.236s][info][gc,metaspace   ] GC(144) Metaspace: 74333K(75264K)->74333K(75264K) NonClass: 65019K(65536K)->65019K(65536K) Class: 9313K(9728K)->9313K(9728K)
[2026-10-07T18:51:14.269+0000][484.236s][info][gc             ] GC(144) Pause Young (Allocation Failure) 43M->33M(45M) 5.608ms
[2026-10-07T18:51:14.269+0000][484.236s][info][gc,cpu         ] GC(144) User=0.01s Sys=0.00s Real=0.00s
[2026-10-07T18:51:16.350+0000][486.317s][info][gc,start       ] GC(145) Pause Young (Allocation Failure)
[2026-10-07T18:51:16.355+0000][486.321s][info][gc,heap        ] GC(145) PSYoungGen: 11629K(11776K)->364K(11776K) Eden: 11264K(11264K)->0K(11264K) From: 365K(512K)->364K(512K)
[2026-10-07T18:51:16.355+0000][486.321s][info][gc,heap        ] GC(145) ParOldGen: 33475K(34816K)->33563K(34816K)
[2026-10-07T18:51:16.355+0000][486.321s][info][gc,metaspace   ] GC(145) Metaspace: 74334K(75264K)->74334K(75264K) NonClass: 65021K(65536K)->65021K(65536K) Class: 9313K(9728K)->9313K(9728K)
[2026-10-07T18:51:16.355+0000][486.321s][info][gc             ] GC(145) Pause Young (Allocation Failure) 44M->33M(45M) 4.761ms
[2026-10-07T18:51:16.355+0000][486.321s][info][gc,cpu         ] GC(145) User=0.00s Sys=0.00s Real=0.01s
[2026-10-07T18:51:18.314+0000][488.280s][info][gc,start       ] GC(146) Pause Young (Allocation Failure)
[2026-10-07T18:51:18.319+0000][488.286s][info][gc,heap        ] GC(146) PSYoungGen: 11627K(11776K)->352K(11776K) Eden: 11263K(11264K)->0K(11264K) From: 364K(512K)->352K(512K)
[2026-10-07T18:51:18.319+0000][488.286s][info][gc,heap        ] GC(146) ParOldGen: 33563K(34816K)->33695K(34816K)
[2026-10-07T18:51:18.319+0000][488.286s][info][gc,metaspace   ] GC(146) Metaspace: 74347K(75264K)->74347K(75264K) NonClass: 65033K(65536K)->65033K(65536K) Class: 9313K(9728K)->9313K(9728K)
[2026-10-07T18:51:18.319+0000][488.286s][info][gc             ] GC(146) Pause Young (Allocation Failure) 44M->33M(45M) 5.462ms
[2026-10-07T18:51:18.319+0000][488.286s][info][gc,cpu         ] GC(146) User=0.01s Sys=0.00s Real=0.00s
[2026-10-07T18:51:20.437+0000][490.404s][info][gc,start       ] GC(147) Pause Young (Allocation Failure)
[2026-10-07T18:51:20.449+0000][490.416s][info][gc,heap        ] GC(147) PSYoungGen: 11616K(11776K)->366K(11776K) Eden: 11264K(11264K)->0K(11264K) From: 352K(512K)->366K(512K)
[2026-10-07T18:51:20.449+0000][490.416s][info][gc,heap        ] GC(147) ParOldGen: 33695K(34816K)->33735K(34816K)
[2026-10-07T18:51:20.451+0000][490.418s][info][gc,metaspace   ] GC(147) Metaspace: 74352K(75264K)->74352K(75264K) NonClass: 65038K(65536K)->65038K(65536K) Class: 9313K(9728K)->9313K(9728K)
[2026-10-07T18:51:20.452+0000][490.418s][info][gc             ] GC(147) Pause Young (Allocation Failure) 44M->33M(45M) 14.665ms
[2026-10-07T18:51:20.452+0000][490.418s][info][gc,cpu         ] GC(147) User=0.01s Sys=0.00s Real=0.01s
[2026-10-07T18:51:22.470+0000][492.437s][info][gc,start       ] GC(148) Pause Young (Allocation Failure)
[2026-10-07T18:51:22.476+0000][492.442s][info][gc,heap        ] GC(148) PSYoungGen: 11630K(11776K)->320K(11776K) Eden: 11264K(11264K)->0K(11264K) From: 366K(512K)->320K(512K)
[2026-10-07T18:51:22.476+0000][492.442s][info][gc,heap        ] GC(148) ParOldGen: 33735K(34816K)->33841K(34816K)
[2026-10-07T18:51:22.476+0000][492.442s][info][gc,metaspace   ] GC(148) Metaspace: 74352K(75264K)->74352K(75264K) NonClass: 65039K(65536K)->65039K(65536K) Class: 9313K(9728K)->9313K(9728K)
[2026-10-07T18:51:22.476+0000][492.442s][info][gc             ] GC(148) Pause Young (Allocation Failure) 44M->33M(45M) 5.212ms
[2026-10-07T18:51:22.476+0000][492.442s][info][gc,cpu         ] GC(148) User=0.00s Sys=0.00s Real=0.01s
[2026-10-07T18:51:24.570+0000][494.537s][info][gc,start       ] GC(149) Pause Young (Allocation Failure)
[2026-10-07T18:51:24.574+0000][494.541s][info][gc,heap        ] GC(149) PSYoungGen: 11584K(11776K)->320K(11776K) Eden: 11264K(11264K)->0K(11264K) From: 320K(512K)->320K(512K)
[2026-10-07T18:51:24.574+0000][494.541s][info][gc,heap        ] GC(149) ParOldGen: 33841K(34816K)->33930K(34816K)
[2026-10-07T18:51:24.574+0000][494.541s][info][gc,metaspace   ] GC(149) Metaspace: 74352K(75264K)->74352K(75264K) NonClass: 65039K(65536K)->65039K(65536K) Class: 9313K(9728K)->9313K(9728K)
[2026-10-07T18:51:24.574+0000][494.541s][info][gc             ] GC(149) Pause Young (Allocation Failure) 44M->33M(45M) 4.008ms
[2026-10-07T18:51:24.574+0000][494.541s][info][gc,cpu         ] GC(149) User=0.00s Sys=0.00s Real=0.01s
[2026-10-07T18:51:26.503+0000][496.470s][info][gc,start       ] GC(150) Pause Young (Allocation Failure)
[2026-10-07T18:51:26.508+0000][496.475s][info][gc,heap        ] GC(150) PSYoungGen: 11584K(11776K)->383K(11776K) Eden: 11264K(11264K)->0K(11264K) From: 320K(512K)->383K(512K)
[2026-10-07T18:51:26.508+0000][496.475s][info][gc,heap        ] GC(150) ParOldGen: 33930K(34816K)->33998K(34816K)
[2026-10-07T18:51:26.508+0000][496.475s][info][gc,metaspace   ] GC(150) Metaspace: 74352K(75264K)->74352K(75264K) NonClass: 65039K(65536K)->65039K(65536K) Class: 9313K(9728K)->9313K(9728K)
[2026-10-07T18:51:26.508+0000][496.475s][info][gc             ] GC(150) Pause Young (Allocation Failure) 44M->33M(45M) 4.898ms
[2026-10-07T18:51:26.508+0000][496.475s][info][gc,cpu         ] GC(150) User=0.01s Sys=0.00s Real=0.01s
[2026-10-07T18:51:28.552+0000][498.518s][info][gc,start       ] GC(151) Pause Young (Allocation Failure)
[2026-10-07T18:51:28.555+0000][498.522s][info][gc,heap        ] GC(151) PSYoungGen: 11647K(11776K)->320K(11776K) Eden: 11264K(11264K)->0K(11264K) From: 383K(512K)->320K(512K)
[2026-10-07T18:51:28.555+0000][498.522s][info][gc,heap        ] GC(151) ParOldGen: 33998K(34816K)->34125K(34816K)
[2026-10-07T18:51:28.555+0000][498.522s][info][gc,metaspace   ] GC(151) Metaspace: 74352K(75264K)->74352K(75264K) NonClass: 65039K(65536K)->65039K(65536K) Class: 9313K(9728K)->9313K(9728K)
[2026-10-07T18:51:28.555+0000][498.522s][info][gc             ] GC(151) Pause Young (Allocation Failure) 44M->33M(45M) 3.419ms
[2026-10-07T18:51:28.555+0000][498.522s][info][gc,cpu         ] GC(151) User=0.00s Sys=0.00s Real=0.01s
[2026-10-07T18:51:30.473+0000][500.439s][info][gc,start       ] GC(152) Pause Young (Allocation Failure)
[2026-10-07T18:51:30.478+0000][500.445s][info][gc,heap        ] GC(152) PSYoungGen: 11584K(11776K)->379K(11776K) Eden: 11264K(11264K)->0K(11264K) From: 320K(512K)->379K(512K)
[2026-10-07T18:51:30.478+0000][500.445s][info][gc,heap        ] GC(152) ParOldGen: 34125K(34816K)->34197K(34816K)
[2026-10-07T18:51:30.478+0000][500.445s][info][gc,metaspace   ] GC(152) Metaspace: 74355K(75264K)->74355K(75264K) NonClass: 65041K(65536K)->65041K(65536K) Class: 9313K(9728K)->9313K(9728K)
[2026-10-07T18:51:30.478+0000][500.445s][info][gc             ] GC(152) Pause Young (Allocation Failure) 44M->33M(45M) 5.757ms
[2026-10-07T18:51:30.479+0000][500.445s][info][gc,cpu         ] GC(152) User=0.01s Sys=0.00s Real=0.01s
[2026-10-07T18:51:32.473+0000][502.439s][info][gc,start       ] GC(153) Pause Young (Allocation Failure)
[2026-10-07T18:51:32.479+0000][502.445s][info][gc,heap        ] GC(153) PSYoungGen: 11643K(11776K)->352K(11776K) Eden: 11264K(11264K)->0K(11264K) From: 379K(512K)->352K(512K)
[2026-10-07T18:51:32.479+0000][502.446s][info][gc,heap        ] GC(153) ParOldGen: 34197K(34816K)->34356K(34816K)
[2026-10-07T18:51:32.479+0000][502.446s][info][gc,metaspace   ] GC(153) Metaspace: 74357K(75264K)->74357K(75264K) NonClass: 65043K(65536K)->65043K(65536K) Class: 9313K(9728K)->9313K(9728K)
[2026-10-07T18:51:32.479+0000][502.446s][info][gc             ] GC(153) Pause Young (Allocation Failure) 44M->33M(45M) 6.469ms
[2026-10-07T18:51:32.479+0000][502.446s][info][gc,cpu         ] GC(153) User=0.00s Sys=0.00s Real=0.01s
[2026-10-07T18:51:34.573+0000][504.539s][info][gc,start       ] GC(154) Pause Young (Allocation Failure)
[2026-10-07T18:51:34.576+0000][504.542s][info][gc,heap        ] GC(154) PSYoungGen: 11616K(11776K)->288K(11776K) Eden: 11264K(11264K)->0K(11264K) From: 352K(512K)->288K(512K)
[2026-10-07T18:51:34.576+0000][504.542s][info][gc,heap        ] GC(154) ParOldGen: 34356K(34816K)->34480K(34816K)
[2026-10-07T18:51:34.576+0000][504.542s][info][gc,metaspace   ] GC(154) Metaspace: 74357K(75264K)->74357K(75264K) NonClass: 65043K(65536K)->65043K(65536K) Class: 9313K(9728K)->9313K(9728K)
[2026-10-07T18:51:34.576+0000][504.542s][info][gc             ] GC(154) Pause Young (Allocation Failure) 44M->33M(45M) 3.143ms
[2026-10-07T18:51:34.576+0000][504.542s][info][gc,cpu         ] GC(154) User=0.00s Sys=0.00s Real=0.01s
[2026-10-07T18:51:36.507+0000][506.474s][info][gc,start       ] GC(155) Pause Young (Allocation Failure)
[2026-10-07T18:51:36.510+0000][506.477s][info][gc,heap        ] GC(155) PSYoungGen: 11552K(11776K)->401K(11776K) Eden: 11264K(11264K)->0K(11264K) From: 288K(512K)->401K(512K)
[2026-10-07T18:51:36.510+0000][506.477s][info][gc,heap        ] GC(155) ParOldGen: 34480K(34816K)->34528K(34816K)
[2026-10-07T18:51:36.510+0000][506.477s][info][gc,metaspace   ] GC(155) Metaspace: 74365K(75264K)->74365K(75264K) NonClass: 65051K(65536K)->65051K(65536K) Class: 9313K(9728K)->9313K(9728K)
[2026-10-07T18:51:36.510+0000][506.477s][info][gc             ] GC(155) Pause Young (Allocation Failure) 44M->34M(45M) 3.253ms
[2026-10-07T18:51:36.510+0000][506.477s][info][gc,cpu         ] GC(155) User=0.00s Sys=0.00s Real=0.00s
[2026-10-07T18:51:38.435+0000][508.402s][info][gc,start       ] GC(156) Pause Young (Allocation Failure)
[2026-10-07T18:51:38.440+0000][508.406s][info][gc,heap        ] GC(156) PSYoungGen: 11664K(11776K)->352K(11776K) Eden: 11262K(11264K)->0K(11264K) From: 401K(512K)->352K(512K)
[2026-10-07T18:51:38.440+0000][508.406s][info][gc,heap        ] GC(156) ParOldGen: 34528K(34816K)->34654K(34816K)
[2026-10-07T18:51:38.440+0000][508.406s][info][gc,metaspace   ] GC(156) Metaspace: 74365K(75264K)->74365K(75264K) NonClass: 65051K(65536K)->65051K(65536K) Class: 9313K(9728K)->9313K(9728K)
[2026-10-07T18:51:38.440+0000][508.406s][info][gc             ] GC(156) Pause Young (Allocation Failure) 45M->34M(45M) 4.534ms
[2026-10-07T18:51:38.440+0000][508.406s][info][gc,cpu         ] GC(156) User=0.01s Sys=0.00s Real=0.00s
[2026-10-07T18:51:40.431+0000][510.397s][info][gc,start       ] GC(157) Pause Young (Allocation Failure)
[2026-10-07T18:51:40.435+0000][510.402s][info][gc,heap        ] GC(157) PSYoungGen: 11616K(11776K)->381K(11776K) Eden: 11264K(11264K)->0K(11264K) From: 352K(512K)->381K(512K)
[2026-10-07T18:51:40.435+0000][510.402s][info][gc,heap        ] GC(157) ParOldGen: 34654K(34816K)->34714K(34816K)
[2026-10-07T18:51:40.436+0000][510.402s][info][gc,metaspace   ] GC(157) Metaspace: 74366K(75264K)->74366K(75264K) NonClass: 65052K(65536K)->65052K(65536K) Class: 9313K(9728K)->9313K(9728K)
[2026-10-07T18:51:40.436+0000][510.403s][info][gc             ] GC(157) Pause Young (Allocation Failure) 45M->34M(45M) 5.512ms
[2026-10-07T18:51:40.436+0000][510.403s][info][gc,cpu         ] GC(157) User=0.00s Sys=0.00s Real=0.01s
[2026-10-07T18:51:42.399+0000][512.366s][info][gc,start       ] GC(158) Pause Young (Allocation Failure)
[2026-10-07T18:51:42.404+0000][512.371s][info][gc,heap        ] GC(158) PSYoungGen: 11645K(11776K)->384K(11776K) Eden: 11264K(11264K)->0K(11264K) From: 381K(512K)->384K(512K)
[2026-10-07T18:51:42.404+0000][512.371s][info][gc,heap        ] GC(158) ParOldGen: 34714K(34816K)->34823K(35328K)
[2026-10-07T18:51:42.404+0000][512.371s][info][gc,metaspace   ] GC(158) Metaspace: 74366K(75264K)->74366K(75264K) NonClass: 65052K(65536K)->65052K(65536K) Class: 9313K(9728K)->9313K(9728K)
[2026-10-07T18:51:42.404+0000][512.371s][info][gc             ] GC(158) Pause Young (Allocation Failure) 45M->34M(46M) 4.616ms
[2026-10-07T18:51:42.404+0000][512.371s][info][gc,cpu         ] GC(158) User=0.01s Sys=0.00s Real=0.01s
[2026-10-07T18:51:44.376+0000][514.343s][info][gc,start       ] GC(159) Pause Young (Allocation Failure)
[2026-10-07T18:51:44.387+0000][514.354s][info][gc,heap        ] GC(159) PSYoungGen: 11648K(11776K)->398K(11776K) Eden: 11264K(11264K)->0K(11264K) From: 384K(512K)->398K(512K)
[2026-10-07T18:51:44.387+0000][514.354s][info][gc,heap        ] GC(159) ParOldGen: 34823K(35328K)->34943K(35328K)
[2026-10-07T18:51:44.387+0000][514.354s][info][gc,metaspace   ] GC(159) Metaspace: 74373K(75264K)->74373K(75264K) NonClass: 65059K(65536K)->65059K(65536K) Class: 9313K(9728K)->9313K(9728K)
[2026-10-07T18:51:44.387+0000][514.354s][info][gc             ] GC(159) Pause Young (Allocation Failure) 45M->34M(46M) 11.017ms
[2026-10-07T18:51:44.387+0000][514.354s][info][gc,cpu         ] GC(159) User=0.00s Sys=0.00s Real=0.01s
[2026-10-07T18:51:46.276+0000][516.243s][info][gc,start       ] GC(160) Pause Young (Allocation Failure)
[2026-10-07T18:51:46.280+0000][516.247s][info][gc,heap        ] GC(160) PSYoungGen: 11662K(11776K)->414K(11776K) Eden: 11264K(11264K)->0K(11264K) From: 398K(512K)->414K(512K)
[2026-10-07T18:51:46.280+0000][516.247s][info][gc,heap        ] GC(160) ParOldGen: 34943K(35328K)->35019K(35328K)
[2026-10-07T18:51:46.280+0000][516.247s][info][gc,metaspace   ] GC(160) Metaspace: 74376K(75264K)->74376K(75264K) NonClass: 65063K(65536K)->65063K(65536K) Class: 9313K(9728K)->9313K(9728K)
[2026-10-07T18:51:46.281+0000][516.247s][info][gc             ] GC(160) Pause Young (Allocation Failure) 45M->34M(46M) 4.631ms
[2026-10-07T18:51:46.281+0000][516.247s][info][gc,cpu         ] GC(160) User=0.01s Sys=0.00s Real=0.00s
[2026-10-07T18:51:48.244+0000][518.211s][info][gc,start       ] GC(161) Pause Young (Allocation Failure)
[2026-10-07T18:51:48.249+0000][518.216s][info][gc,heap        ] GC(161) PSYoungGen: 11678K(11776K)->320K(11776K) Eden: 11264K(11264K)->0K(11264K) From: 414K(512K)->320K(512K)
[2026-10-07T18:51:48.249+0000][518.216s][info][gc,heap        ] GC(161) ParOldGen: 35019K(35328K)->35194K(35328K)
[2026-10-07T18:51:48.249+0000][518.216s][info][gc,metaspace   ] GC(161) Metaspace: 74376K(75264K)->74376K(75264K) NonClass: 65063K(65536K)->65063K(65536K) Class: 9313K(9728K)->9313K(9728K)
[2026-10-07T18:51:48.249+0000][518.216s][info][gc             ] GC(161) Pause Young (Allocation Failure) 45M->34M(46M) 5.319ms
[2026-10-07T18:51:48.249+0000][518.216s][info][gc,cpu         ] GC(161) User=0.01s Sys=0.00s Real=0.00s
[2026-10-07T18:51:50.493+0000][520.459s][info][gc,start       ] GC(162) Pause Young (Allocation Failure)
[2026-10-07T18:51:50.499+0000][520.466s][info][gc,heap        ] GC(162) PSYoungGen: 11583K(11776K)->349K(11776K) Eden: 11263K(11264K)->0K(11264K) From: 320K(512K)->349K(512K)
[2026-10-07T18:51:50.499+0000][520.466s][info][gc,heap        ] GC(162) ParOldGen: 35194K(35328K)->35266K(35328K)
[2026-10-07T18:51:50.499+0000][520.466s][info][gc,metaspace   ] GC(162) Metaspace: 74378K(75264K)->74378K(75264K) NonClass: 65064K(65536K)->65064K(65536K) Class: 9313K(9728K)->9313K(9728K)
[2026-10-07T18:51:50.499+0000][520.466s][info][gc             ] GC(162) Pause Young (Allocation Failure) 45M->34M(46M) 6.509ms
[2026-10-07T18:51:50.499+0000][520.466s][info][gc,cpu         ] GC(162) User=0.00s Sys=0.00s Real=0.01s
[2026-10-07T18:51:52.573+0000][522.539s][info][gc,start       ] GC(163) Pause Young (Allocation Failure)
[2026-10-07T18:51:52.581+0000][522.548s][info][gc,heap        ] GC(163) PSYoungGen: 11613K(11776K)->320K(11776K) Eden: 11264K(11264K)->0K(11264K) From: 349K(512K)->320K(512K)
[2026-10-07T18:51:52.581+0000][522.548s][info][gc,heap        ] GC(163) ParOldGen: 35266K(35328K)->35407K(35840K)
[2026-10-07T18:51:52.581+0000][522.548s][info][gc,metaspace   ] GC(163) Metaspace: 74378K(75264K)->74378K(75264K) NonClass: 65064K(65536K)->65064K(65536K) Class: 9313K(9728K)->9313K(9728K)
[2026-10-07T18:51:52.581+0000][522.548s][info][gc             ] GC(163) Pause Young (Allocation Failure) 45M->34M(46M) 8.754ms
[2026-10-07T18:51:52.581+0000][522.548s][info][gc,cpu         ] GC(163) User=0.01s Sys=0.00s Real=0.01s
[2026-10-07T18:51:54.663+0000][524.629s][info][gc,start       ] GC(164) Pause Young (Allocation Failure)
[2026-10-07T18:51:54.668+0000][524.635s][info][gc,heap        ] GC(164) PSYoungGen: 11584K(11776K)->320K(11776K) Eden: 11264K(11264K)->0K(11264K) From: 320K(512K)->320K(512K)
[2026-10-07T18:51:54.668+0000][524.635s][info][gc,heap        ] GC(164) ParOldGen: 35407K(35840K)->35495K(35840K)
[2026-10-07T18:51:54.668+0000][524.635s][info][gc,metaspace   ] GC(164) Metaspace: 74378K(75264K)->74378K(75264K) NonClass: 65064K(65536K)->65064K(65536K) Class: 9313K(9728K)->9313K(9728K)
[2026-10-07T18:51:54.668+0000][524.635s][info][gc             ] GC(164) Pause Young (Allocation Failure) 45M->34M(46M) 5.481ms
[2026-10-07T18:51:54.668+0000][524.635s][info][gc,cpu         ] GC(164) User=0.01s Sys=0.00s Real=0.01s
[2026-10-07T18:51:56.552+0000][526.519s][info][gc,start       ] GC(165) Pause Young (Allocation Failure)
[2026-10-07T18:51:56.557+0000][526.524s][info][gc,heap        ] GC(165) PSYoungGen: 11584K(11776K)->404K(11776K) Eden: 11264K(11264K)->0K(11264K) From: 320K(512K)->404K(512K)
[2026-10-07T18:51:56.557+0000][526.524s][info][gc,heap        ] GC(165) ParOldGen: 35495K(35840K)->35571K(35840K)
[2026-10-07T18:51:56.557+0000][526.524s][info][gc,metaspace   ] GC(165) Metaspace: 74378K(75264K)->74378K(75264K) NonClass: 65064K(65536K)->65064K(65536K) Class: 9313K(9728K)->9313K(9728K)
[2026-10-07T18:51:56.558+0000][526.525s][info][gc             ] GC(165) Pause Young (Allocation Failure) 45M->35M(46M) 5.909ms
[2026-10-07T18:51:56.558+0000][526.525s][info][gc,cpu         ] GC(165) User=0.00s Sys=0.01s Real=0.01s
[2026-10-07T18:51:58.575+0000][528.542s][info][gc,start       ] GC(166) Pause Young (Allocation Failure)
[2026-10-07T18:51:58.585+0000][528.551s][info][gc,heap        ] GC(166) PSYoungGen: 11668K(11776K)->320K(11776K) Eden: 11264K(11264K)->0K(11264K) From: 404K(512K)->320K(512K)
[2026-10-07T18:51:58.585+0000][528.551s][info][gc,heap        ] GC(166) ParOldGen: 35571K(35840K)->35720K(35840K)
[2026-10-07T18:51:58.585+0000][528.551s][info][gc,metaspace   ] GC(166) Metaspace: 74378K(75264K)->74378K(75264K) NonClass: 65064K(65536K)->65064K(65536K) Class: 9313K(9728K)->9313K(9728K)
[2026-10-07T18:51:58.585+0000][528.551s][info][gc             ] GC(166) Pause Young (Allocation Failure) 46M->35M(46M) 9.371ms
[2026-10-07T18:51:58.585+0000][528.551s][info][gc,cpu         ] GC(166) User=0.01s Sys=0.00s Real=0.01s
[2026-10-07T18:52:00.375+0000][530.342s][info][gc,start       ] GC(167) Pause Young (Allocation Failure)
[2026-10-07T18:52:00.381+0000][530.348s][info][gc,heap        ] GC(167) PSYoungGen: 11584K(11776K)->512K(11776K) Eden: 11264K(11264K)->0K(11264K) From: 320K(512K)->512K(512K)
[2026-10-07T18:52:00.381+0000][530.348s][info][gc,heap        ] GC(167) ParOldGen: 35720K(35840K)->35934K(36352K)
[2026-10-07T18:52:00.381+0000][530.348s][info][gc,metaspace   ] GC(167) Metaspace: 74378K(75264K)->74378K(75264K) NonClass: 65064K(65536K)->65064K(65536K) Class: 9313K(9728K)->9313K(9728K)
[2026-10-07T18:52:00.381+0000][530.348s][info][gc             ] GC(167) Pause Young (Allocation Failure) 46M->35M(47M) 5.664ms
[2026-10-07T18:52:00.381+0000][530.348s][info][gc,cpu         ] GC(167) User=0.00s Sys=0.00s Real=0.00s
[2026-10-07T18:52:02.427+0000][532.393s][info][gc,start       ] GC(168) Pause Young (Allocation Failure)
[2026-10-07T18:52:02.433+0000][532.400s][info][gc,heap        ] GC(168) PSYoungGen: 11776K(11776K)->384K(11776K) Eden: 11264K(11264K)->0K(11264K) From: 512K(512K)->384K(512K)
[2026-10-07T18:52:02.433+0000][532.400s][info][gc,heap        ] GC(168) ParOldGen: 35934K(36352K)->35990K(36352K)
[2026-10-07T18:52:02.433+0000][532.400s][info][gc,metaspace   ] GC(168) Metaspace: 74378K(75264K)->74378K(75264K) NonClass: 65064K(65536K)->65064K(65536K) Class: 9313K(9728K)->9313K(9728K)
[2026-10-07T18:52:02.433+0000][532.400s][info][gc             ] GC(168) Pause Young (Allocation Failure) 46M->35M(47M) 6.590ms
[2026-10-07T18:52:02.433+0000][532.400s][info][gc,cpu         ] GC(168) User=0.01s Sys=0.00s Real=0.00s
[2026-10-07T18:52:04.466+0000][534.433s][info][gc,start       ] GC(169) Pause Young (Allocation Failure)
[2026-10-07T18:52:04.471+0000][534.437s][info][gc,heap        ] GC(169) PSYoungGen: 11648K(11776K)->352K(11776K) Eden: 11264K(11264K)->0K(11264K) From: 384K(512K)->352K(512K)
[2026-10-07T18:52:04.471+0000][534.438s][info][gc,heap        ] GC(169) ParOldGen: 35990K(36352K)->36143K(36352K)
[2026-10-07T18:52:04.471+0000][534.438s][info][gc,metaspace   ] GC(169) Metaspace: 74379K(75264K)->74379K(75264K) NonClass: 65066K(65536K)->65066K(65536K) Class: 9313K(9728K)->9313K(9728K)
[2026-10-07T18:52:04.471+0000][534.438s][info][gc             ] GC(169) Pause Young (Allocation Failure) 46M->35M(47M) 4.671ms
[2026-10-07T18:52:04.471+0000][534.438s][info][gc,cpu         ] GC(169) User=0.01s Sys=0.00s Real=0.00s
[2026-10-07T18:52:06.621+0000][536.588s][info][gc,start       ] GC(170) Pause Young (Allocation Failure)
[2026-10-07T18:52:06.624+0000][536.591s][info][gc,heap        ] GC(170) PSYoungGen: 11616K(11776K)->364K(11776K) Eden: 11264K(11264K)->0K(11264K) From: 352K(512K)->364K(512K)
[2026-10-07T18:52:06.625+0000][536.592s][info][gc,heap        ] GC(170) ParOldGen: 36143K(36352K)->36191K(36352K)
[2026-10-07T18:52:06.625+0000][536.592s][info][gc,metaspace   ] GC(170) Metaspace: 74379K(75264K)->74379K(75264K) NonClass: 65066K(65536K)->65066K(65536K) Class: 9313K(9728K)->9313K(9728K)
[2026-10-07T18:52:06.625+0000][536.592s][info][gc             ] GC(170) Pause Young (Allocation Failure) 46M->35M(47M) 4.049ms
[2026-10-07T18:52:06.625+0000][536.592s][info][gc,cpu         ] GC(170) User=0.00s Sys=0.00s Real=0.01s
[2026-10-07T18:52:08.557+0000][538.523s][info][gc,start       ] GC(171) Pause Young (Allocation Failure)
[2026-10-07T18:52:08.561+0000][538.528s][info][gc,heap        ] GC(171) PSYoungGen: 11628K(11776K)->352K(11776K) Eden: 11264K(11264K)->0K(11264K) From: 364K(512K)->352K(512K)
[2026-10-07T18:52:08.561+0000][538.528s][info][gc,heap        ] GC(171) ParOldGen: 36191K(36352K)->36363K(36864K)
[2026-10-07T18:52:08.561+0000][538.528s][info][gc,metaspace   ] GC(171) Metaspace: 74379K(75264K)->74379K(75264K) NonClass: 65066K(65536K)->65066K(65536K) Class: 9313K(9728K)->9313K(9728K)
[2026-10-07T18:52:08.561+0000][538.528s][info][gc             ] GC(171) Pause Young (Allocation Failure) 46M->35M(47M) 4.831ms
[2026-10-07T18:52:08.561+0000][538.528s][info][gc,cpu         ] GC(171) User=0.01s Sys=0.01s Real=0.00s
[2026-10-07T18:52:10.634+0000][540.601s][info][gc,start       ] GC(172) Pause Young (Allocation Failure)
[2026-10-07T18:52:10.640+0000][540.606s][info][gc,heap        ] GC(172) PSYoungGen: 11616K(11776K)->334K(11776K) Eden: 11264K(11264K)->0K(11264K) From: 352K(512K)->334K(512K)
[2026-10-07T18:52:10.640+0000][540.606s][info][gc,heap        ] GC(172) ParOldGen: 36363K(36864K)->36411K(36864K)
[2026-10-07T18:52:10.640+0000][540.606s][info][gc,metaspace   ] GC(172) Metaspace: 74379K(75264K)->74379K(75264K) NonClass: 65066K(65536K)->65066K(65536K) Class: 9313K(9728K)->9313K(9728K)
[2026-10-07T18:52:10.640+0000][540.606s][info][gc             ] GC(172) Pause Young (Allocation Failure) 46M->35M(47M) 5.826ms
[2026-10-07T18:52:10.640+0000][540.606s][info][gc,cpu         ] GC(172) User=0.00s Sys=0.00s Real=0.00s
[2026-10-07T18:52:12.591+0000][542.557s][info][gc,start       ] GC(173) Pause Young (Allocation Failure)
[2026-10-07T18:52:12.598+0000][542.564s][info][gc,heap        ] GC(173) PSYoungGen: 11598K(11776K)->352K(11776K) Eden: 11264K(11264K)->0K(11264K) From: 334K(512K)->352K(512K)
[2026-10-07T18:52:12.598+0000][542.564s][info][gc,heap        ] GC(173) ParOldGen: 36411K(36864K)->36526K(36864K)
[2026-10-07T18:52:12.598+0000][542.564s][info][gc,metaspace   ] GC(173) Metaspace: 74379K(75264K)->74379K(75264K) NonClass: 65066K(65536K)->65066K(65536K) Class: 9313K(9728K)->9313K(9728K)
[2026-10-07T18:52:12.598+0000][542.564s][info][gc             ] GC(173) Pause Young (Allocation Failure) 46M->36M(47M) 7.069ms
[2026-10-07T18:52:12.598+0000][542.564s][info][gc,cpu         ] GC(173) User=0.00s Sys=0.00s Real=0.01s
[2026-10-07T18:52:14.505+0000][544.471s][info][gc,start       ] GC(174) Pause Young (Allocation Failure)
[2026-10-07T18:52:14.510+0000][544.476s][info][gc,heap        ] GC(174) PSYoungGen: 11616K(11776K)->365K(11776K) Eden: 11264K(11264K)->0K(11264K) From: 352K(512K)->365K(512K)
[2026-10-07T18:52:14.510+0000][544.476s][info][gc,heap        ] GC(174) ParOldGen: 36526K(36864K)->36622K(36864K)
[2026-10-07T18:52:14.510+0000][544.476s][info][gc,metaspace   ] GC(174) Metaspace: 74380K(75264K)->74380K(75264K) NonClass: 65067K(65536K)->65067K(65536K) Class: 9313K(9728K)->9313K(9728K)
[2026-10-07T18:52:14.510+0000][544.476s][info][gc             ] GC(174) Pause Young (Allocation Failure) 47M->36M(47M) 4.855ms
[2026-10-07T18:52:14.510+0000][544.476s][info][gc,cpu         ] GC(174) User=0.01s Sys=0.00s Real=0.00s
[2026-10-07T18:52:16.476+0000][546.442s][info][gc,start       ] GC(175) Pause Young (Allocation Failure)
[2026-10-07T18:52:16.481+0000][546.448s][info][gc,heap        ] GC(175) PSYoungGen: 11629K(11776K)->375K(11776K) Eden: 11264K(11264K)->0K(11264K) From: 365K(512K)->375K(512K)
[2026-10-07T18:52:16.481+0000][546.448s][info][gc,heap        ] GC(175) ParOldGen: 36622K(36864K)->36678K(36864K)
[2026-10-07T18:52:16.481+0000][546.448s][info][gc,metaspace   ] GC(175) Metaspace: 74385K(75264K)->74385K(75264K) NonClass: 65071K(65536K)->65071K(65536K) Class: 9313K(9728K)->9313K(9728K)
[2026-10-07T18:52:16.481+0000][546.448s][info][gc             ] GC(175) Pause Young (Allocation Failure) 47M->36M(47M) 5.301ms
[2026-10-07T18:52:16.482+0000][546.449s][info][gc,cpu         ] GC(175) User=0.00s Sys=0.00s Real=0.00s
[2026-10-07T18:52:18.405+0000][548.372s][info][gc,start       ] GC(176) Pause Young (Allocation Failure)
[2026-10-07T18:52:18.409+0000][548.376s][info][gc,heap        ] GC(176) PSYoungGen: 11639K(11776K)->320K(11776K) Eden: 11264K(11264K)->0K(11264K) From: 375K(512K)->320K(512K)
[2026-10-07T18:52:18.410+0000][548.377s][info][gc,heap        ] GC(176) ParOldGen: 36678K(36864K)->36810K(36864K)
[2026-10-07T18:52:18.410+0000][548.377s][info][gc,metaspace   ] GC(176) Metaspace: 74385K(75264K)->74385K(75264K) NonClass: 65071K(65536K)->65071K(65536K) Class: 9313K(9728K)->9313K(9728K)
[2026-10-07T18:52:18.410+0000][548.377s][info][gc             ] GC(176) Pause Young (Allocation Failure) 47M->36M(47M) 5.130ms
[2026-10-07T18:52:18.410+0000][548.377s][info][gc,cpu         ] GC(176) User=0.00s Sys=0.00s Real=0.00s
[2026-10-07T18:52:20.410+0000][550.376s][info][gc,start       ] GC(177) Pause Young (Allocation Failure)
[2026-10-07T18:52:20.416+0000][550.383s][info][gc,heap        ] GC(177) PSYoungGen: 11579K(11776K)->480K(11776K) Eden: 11259K(11264K)->0K(11264K) From: 320K(512K)->480K(512K)
[2026-10-07T18:52:20.416+0000][550.383s][info][gc,heap        ] GC(177) ParOldGen: 36810K(36864K)->36902K(37376K)
[2026-10-07T18:52:20.416+0000][550.383s][info][gc,metaspace   ] GC(177) Metaspace: 74385K(75264K)->74385K(75264K) NonClass: 65071K(65536K)->65071K(65536K) Class: 9313K(9728K)->9313K(9728K)
[2026-10-07T18:52:20.416+0000][550.383s][info][gc             ] GC(177) Pause Young (Allocation Failure) 47M->36M(48M) 6.438ms
[2026-10-07T18:52:20.416+0000][550.383s][info][gc,cpu         ] GC(177) User=0.00s Sys=0.00s Real=0.01s
[2026-10-07T18:52:22.546+0000][552.513s][info][gc,start       ] GC(178) Pause Young (Allocation Failure)
[2026-10-07T18:52:22.552+0000][552.518s][info][gc,heap        ] GC(178) PSYoungGen: 11744K(11776K)->378K(11776K) Eden: 11264K(11264K)->0K(11264K) From: 480K(512K)->378K(512K)
[2026-10-07T18:52:22.553+0000][552.520s][info][gc,heap        ] GC(178) ParOldGen: 36902K(37376K)->36958K(37376K)
[2026-10-07T18:52:22.553+0000][552.520s][info][gc,metaspace   ] GC(178) Metaspace: 74392K(75264K)->74392K(75264K) NonClass: 65078K(65536K)->65078K(65536K) Class: 9313K(9728K)->9313K(9728K)
[2026-10-07T18:52:22.553+0000][552.520s][info][gc             ] GC(178) Pause Young (Allocation Failure) 47M->36M(48M) 6.907ms
[2026-10-07T18:52:22.553+0000][552.520s][info][gc,cpu         ] GC(178) User=0.01s Sys=0.00s Real=0.00s
[2026-10-07T18:52:24.645+0000][554.612s][info][gc,start       ] GC(179) Pause Young (Allocation Failure)
[2026-10-07T18:52:24.649+0000][554.615s][info][gc,heap        ] GC(179) PSYoungGen: 11642K(11776K)->320K(11776K) Eden: 11264K(11264K)->0K(11264K) From: 378K(512K)->320K(512K)
[2026-10-07T18:52:24.649+0000][554.615s][info][gc,heap        ] GC(179) ParOldGen: 36958K(37376K)->37108K(37376K)
[2026-10-07T18:52:24.649+0000][554.615s][info][gc,metaspace   ] GC(179) Metaspace: 74394K(75264K)->74394K(75264K) NonClass: 65080K(65536K)->65080K(65536K) Class: 9313K(9728K)->9313K(9728K)
[2026-10-07T18:52:24.649+0000][554.615s][info][gc             ] GC(179) Pause Young (Allocation Failure) 47M->36M(48M) 3.609ms
[2026-10-07T18:52:24.649+0000][554.615s][info][gc,cpu         ] GC(179) User=0.01s Sys=0.00s Real=0.00s
[2026-10-07T18:52:26.907+0000][556.873s][info][gc,start       ] GC(180) Pause Young (Allocation Failure)
[2026-10-07T18:52:26.911+0000][556.878s][info][gc,heap        ] GC(180) PSYoungGen: 11584K(11776K)->346K(11776K) Eden: 11264K(11264K)->0K(11264K) From: 320K(512K)->346K(512K)
[2026-10-07T18:52:26.911+0000][556.878s][info][gc,heap        ] GC(180) ParOldGen: 37108K(37376K)->37148K(37376K)
[2026-10-07T18:52:26.911+0000][556.878s][info][gc,metaspace   ] GC(180) Metaspace: 74407K(75264K)->74407K(75264K) NonClass: 65093K(65536K)->65093K(65536K) Class: 9313K(9728K)->9313K(9728K)
[2026-10-07T18:52:26.911+0000][556.878s][info][gc             ] GC(180) Pause Young (Allocation Failure) 47M->36M(48M) 4.646ms
[2026-10-07T18:52:26.911+0000][556.878s][info][gc,cpu         ] GC(180) User=0.01s Sys=0.00s Real=0.00s
[2026-10-07T18:52:28.873+0000][558.839s][info][gc,start       ] GC(181) Pause Young (Allocation Failure)
[2026-10-07T18:52:28.878+0000][558.845s][info][gc,heap        ] GC(181) PSYoungGen: 11610K(11776K)->352K(11776K) Eden: 11264K(11264K)->0K(11264K) From: 346K(512K)->352K(512K)
[2026-10-07T18:52:28.878+0000][558.845s][info][gc,heap        ] GC(181) ParOldGen: 37148K(37376K)->37283K(37376K)
[2026-10-07T18:52:28.878+0000][558.845s][info][gc,metaspace   ] GC(181) Metaspace: 74407K(75264K)->74407K(75264K) NonClass: 65093K(65536K)->65093K(65536K) Class: 9313K(9728K)->9313K(9728K)
[2026-10-07T18:52:28.878+0000][558.845s][info][gc             ] GC(181) Pause Young (Allocation Failure) 47M->36M(48M) 5.540ms
[2026-10-07T18:52:28.878+0000][558.845s][info][gc,cpu         ] GC(181) User=0.01s Sys=0.00s Real=0.01s
[2026-10-07T18:52:30.740+0000][560.707s][info][gc,start       ] GC(182) Pause Young (Allocation Failure)
[2026-10-07T18:52:30.746+0000][560.713s][info][gc,heap        ] GC(182) PSYoungGen: 11616K(11776K)->390K(11776K) Eden: 11264K(11264K)->0K(11264K) From: 352K(512K)->390K(512K)
[2026-10-07T18:52:30.746+0000][560.713s][info][gc,heap        ] GC(182) ParOldGen: 37283K(37376K)->37359K(37376K)
[2026-10-07T18:52:30.746+0000][560.713s][info][gc,metaspace   ] GC(182) Metaspace: 74411K(75264K)->74411K(75264K) NonClass: 65097K(65536K)->65097K(65536K) Class: 9313K(9728K)->9313K(9728K)
[2026-10-07T18:52:30.746+0000][560.713s][info][gc             ] GC(182) Pause Young (Allocation Failure) 47M->36M(48M) 5.945ms
[2026-10-07T18:52:30.746+0000][560.713s][info][gc,cpu         ] GC(182) User=0.00s Sys=0.00s Real=0.01s
[2026-10-07T18:52:32.901+0000][562.868s][info][gc,start       ] GC(183) Pause Young (Allocation Failure)
[2026-10-07T18:52:32.906+0000][562.873s][info][gc,heap        ] GC(183) PSYoungGen: 11654K(11776K)->288K(11776K) Eden: 11264K(11264K)->0K(11264K) From: 390K(512K)->288K(512K)
[2026-10-07T18:52:32.906+0000][562.873s][info][gc,heap        ] GC(183) ParOldGen: 37359K(37376K)->37521K(37888K)
[2026-10-07T18:52:32.906+0000][562.873s][info][gc,metaspace   ] GC(183) Metaspace: 74411K(75264K)->74411K(75264K) NonClass: 65097K(65536K)->65097K(65536K) Class: 9313K(9728K)->9313K(9728K)
[2026-10-07T18:52:32.906+0000][562.873s][info][gc             ] GC(183) Pause Young (Allocation Failure) 47M->36M(48M) 4.944ms
[2026-10-07T18:52:32.906+0000][562.873s][info][gc,cpu         ] GC(183) User=0.00s Sys=0.00s Real=0.01s
[2026-10-07T18:52:35.117+0000][565.084s][info][gc,start       ] GC(184) Pause Young (Allocation Failure)
[2026-10-07T18:52:35.122+0000][565.089s][info][gc,heap        ] GC(184) PSYoungGen: 11552K(11776K)->320K(11776K) Eden: 11264K(11264K)->0K(11264K) From: 288K(512K)->320K(512K)
[2026-10-07T18:52:35.122+0000][565.089s][info][gc,heap        ] GC(184) ParOldGen: 37521K(37888K)->37609K(37888K)
[2026-10-07T18:52:35.122+0000][565.089s][info][gc,metaspace   ] GC(184) Metaspace: 74411K(75264K)->74411K(75264K) NonClass: 65097K(65536K)->65097K(65536K) Class: 9313K(9728K)->9313K(9728K)
[2026-10-07T18:52:35.122+0000][565.089s][info][gc             ] GC(184) Pause Young (Allocation Failure) 47M->37M(48M) 5.027ms
[2026-10-07T18:52:35.123+0000][565.090s][info][gc,cpu         ] GC(184) User=0.01s Sys=0.00s Real=0.00s
[2026-10-07T18:52:37.189+0000][567.156s][info][gc,start       ] GC(185) Pause Young (Allocation Failure)
[2026-10-07T18:52:37.195+0000][567.162s][info][gc,heap        ] GC(185) PSYoungGen: 11583K(11776K)->369K(11776K) Eden: 11263K(11264K)->0K(11264K) From: 320K(512K)->369K(512K)
[2026-10-07T18:52:37.195+0000][567.162s][info][gc,heap        ] GC(185) ParOldGen: 37609K(37888K)->37657K(37888K)
[2026-10-07T18:52:37.195+0000][567.162s][info][gc,metaspace   ] GC(185) Metaspace: 74411K(75264K)->74411K(75264K) NonClass: 65097K(65536K)->65097K(65536K) Class: 9313K(9728K)->9313K(9728K)
[2026-10-07T18:52:37.195+0000][567.162s][info][gc             ] GC(185) Pause Young (Allocation Failure) 48M->37M(48M) 5.856ms
[2026-10-07T18:52:37.195+0000][567.162s][info][gc,cpu         ] GC(185) User=0.00s Sys=0.00s Real=0.01s
[2026-10-07T18:52:39.444+0000][569.411s][info][gc,start       ] GC(186) Pause Young (Allocation Failure)
[2026-10-07T18:52:39.450+0000][569.417s][info][gc,heap        ] GC(186) PSYoungGen: 11633K(11776K)->320K(11776K) Eden: 11264K(11264K)->0K(11264K) From: 369K(512K)->320K(512K)
[2026-10-07T18:52:39.450+0000][569.417s][info][gc,heap        ] GC(186) ParOldGen: 37657K(37888K)->37787K(37888K)
[2026-10-07T18:52:39.450+0000][569.417s][info][gc,metaspace   ] GC(186) Metaspace: 74411K(75264K)->74411K(75264K) NonClass: 65097K(65536K)->65097K(65536K) Class: 9313K(9728K)->9313K(9728K)
[2026-10-07T18:52:39.450+0000][569.417s][info][gc             ] GC(186) Pause Young (Allocation Failure) 48M->37M(48M) 6.300ms
[2026-10-07T18:52:39.451+0000][569.417s][info][gc,cpu         ] GC(186) User=0.00s Sys=0.01s Real=0.00s
[2026-10-07T18:52:41.419+0000][571.385s][info][gc,start       ] GC(187) Pause Young (Allocation Failure)
[2026-10-07T18:52:41.424+0000][571.391s][info][gc,heap        ] GC(187) PSYoungGen: 11584K(11776K)->406K(11776K) Eden: 11264K(11264K)->0K(11264K) From: 320K(512K)->406K(512K)
[2026-10-07T18:52:41.424+0000][571.391s][info][gc,heap        ] GC(187) ParOldGen: 37787K(37888K)->37859K(37888K)
[2026-10-07T18:52:41.424+0000][571.391s][info][gc,metaspace   ] GC(187) Metaspace: 74411K(75264K)->74411K(75264K) NonClass: 65097K(65536K)->65097K(65536K) Class: 9313K(9728K)->9313K(9728K)
[2026-10-07T18:52:41.424+0000][571.391s][info][gc             ] GC(187) Pause Young (Allocation Failure) 48M->37M(48M) 5.629ms
[2026-10-07T18:52:41.424+0000][571.391s][info][gc,cpu         ] GC(187) User=0.00s Sys=0.00s Real=0.01s
[2026-10-07T18:52:43.452+0000][573.419s][info][gc,start       ] GC(188) Pause Young (Allocation Failure)
[2026-10-07T18:52:43.457+0000][573.424s][info][gc,heap        ] GC(188) PSYoungGen: 11670K(11776K)->320K(11776K) Eden: 11264K(11264K)->0K(11264K) From: 406K(512K)->320K(512K)
[2026-10-07T18:52:43.457+0000][573.424s][info][gc,heap        ] GC(188) ParOldGen: 37859K(37888K)->37985K(38400K)
[2026-10-07T18:52:43.457+0000][573.424s][info][gc,metaspace   ] GC(188) Metaspace: 74411K(75264K)->74411K(75264K) NonClass: 65097K(65536K)->65097K(65536K) Class: 9313K(9728K)->9313K(9728K)
[2026-10-07T18:52:43.457+0000][573.424s][info][gc             ] GC(188) Pause Young (Allocation Failure) 48M->37M(49M) 4.796ms
[2026-10-07T18:52:43.457+0000][573.424s][info][gc,cpu         ] GC(188) User=0.00s Sys=0.00s Real=0.01s
[2026-10-07T18:52:45.455+0000][575.421s][info][gc,start       ] GC(189) Pause Young (Allocation Failure)
[2026-10-07T18:52:45.459+0000][575.425s][info][gc,heap        ] GC(189) PSYoungGen: 11584K(11776K)->366K(11776K) Eden: 11264K(11264K)->0K(11264K) From: 320K(512K)->366K(512K)
[2026-10-07T18:52:45.459+0000][575.425s][info][gc,heap        ] GC(189) ParOldGen: 37985K(38400K)->38073K(38400K)
[2026-10-07T18:52:45.459+0000][575.425s][info][gc,metaspace   ] GC(189) Metaspace: 74414K(75264K)->74414K(75264K) NonClass: 65100K(65536K)->65100K(65536K) Class: 9313K(9728K)->9313K(9728K)
[2026-10-07T18:52:45.459+0000][575.425s][info][gc             ] GC(189) Pause Young (Allocation Failure) 48M->37M(49M) 4.213ms
[2026-10-07T18:52:45.459+0000][575.425s][info][gc,cpu         ] GC(189) User=0.01s Sys=0.00s Real=0.00s
[2026-10-07T18:52:47.314+0000][577.280s][info][gc,start       ] GC(190) Pause Young (Allocation Failure)
[2026-10-07T18:52:47.320+0000][577.287s][info][gc,heap        ] GC(190) PSYoungGen: 11630K(11776K)->420K(11776K) Eden: 11264K(11264K)->0K(11264K) From: 366K(512K)->420K(512K)
[2026-10-07T18:52:47.320+0000][577.287s][info][gc,heap        ] GC(190) ParOldGen: 38073K(38400K)->38188K(38400K)
[2026-10-07T18:52:47.320+0000][577.287s][info][gc,metaspace   ] GC(190) Metaspace: 74592K(75392K)->74592K(75392K) NonClass: 65278K(65664K)->65278K(65664K) Class: 9313K(9728K)->9313K(9728K)
[2026-10-07T18:52:47.320+0000][577.287s][info][gc             ] GC(190) Pause Young (Allocation Failure) 48M->37M(49M) 6.392ms
[2026-10-07T18:52:47.320+0000][577.287s][info][gc,cpu         ] GC(190) User=0.00s Sys=0.00s Real=0.00s
[2026-10-07T18:52:49.414+0000][579.381s][info][gc,start       ] GC(191) Pause Young (Allocation Failure)
[2026-10-07T18:52:49.420+0000][579.387s][info][gc,heap        ] GC(191) PSYoungGen: 11684K(11776K)->320K(11776K) Eden: 11264K(11264K)->0K(11264K) From: 420K(512K)->320K(512K)
[2026-10-07T18:52:49.420+0000][579.387s][info][gc,heap        ] GC(191) ParOldGen: 38188K(38400K)->38344K(38400K)
[2026-10-07T18:52:49.420+0000][579.387s][info][gc,metaspace   ] GC(191) Metaspace: 74592K(75392K)->74592K(75392K) NonClass: 65278K(65664K)->65278K(65664K) Class: 9313K(9728K)->9313K(9728K)
[2026-10-07T18:52:49.420+0000][579.387s][info][gc             ] GC(191) Pause Young (Allocation Failure) 48M->37M(49M) 5.574ms
[2026-10-07T18:52:49.420+0000][579.387s][info][gc,cpu         ] GC(191) User=0.00s Sys=0.00s Real=0.00s
[2026-10-07T18:52:51.418+0000][581.385s][info][gc,start       ] GC(192) Pause Young (Allocation Failure)
[2026-10-07T18:52:51.423+0000][581.390s][info][gc,heap        ] GC(192) PSYoungGen: 11584K(11776K)->336K(11776K) Eden: 11264K(11264K)->0K(11264K) From: 320K(512K)->336K(512K)
[2026-10-07T18:52:51.423+0000][581.390s][info][gc,heap        ] GC(192) ParOldGen: 38344K(38400K)->38384K(38400K)
[2026-10-07T18:52:51.423+0000][581.390s][info][gc,metaspace   ] GC(192) Metaspace: 74592K(75392K)->74592K(75392K) NonClass: 65278K(65664K)->65278K(65664K) Class: 9313K(9728K)->9313K(9728K)
[2026-10-07T18:52:51.423+0000][581.390s][info][gc             ] GC(192) Pause Young (Allocation Failure) 48M->37M(49M) 5.032ms
[2026-10-07T18:52:51.423+0000][581.390s][info][gc,cpu         ] GC(192) User=0.00s Sys=0.00s Real=0.00s
[2026-10-07T18:52:53.360+0000][583.327s][info][gc,start       ] GC(193) Pause Young (Allocation Failure)
[2026-10-07T18:52:53.366+0000][583.332s][info][gc,heap        ] GC(193) PSYoungGen: 11600K(11776K)->352K(11776K) Eden: 11264K(11264K)->0K(11264K) From: 336K(512K)->352K(512K)
[2026-10-07T18:52:53.366+0000][583.332s][info][gc,heap        ] GC(193) ParOldGen: 38384K(38400K)->38497K(38912K)
[2026-10-07T18:52:53.366+0000][583.332s][info][gc,metaspace   ] GC(193) Metaspace: 74593K(75392K)->74593K(75392K) NonClass: 65279K(65664K)->65279K(65664K) Class: 9313K(9728K)->9313K(9728K)
[2026-10-07T18:52:53.366+0000][583.333s][info][gc             ] GC(193) Pause Young (Allocation Failure) 48M->37M(49M) 5.452ms
[2026-10-07T18:52:53.366+0000][583.333s][info][gc,cpu         ] GC(193) User=0.00s Sys=0.00s Real=0.01s
[2026-10-07T18:52:55.479+0000][585.445s][info][gc,start       ] GC(194) Pause Young (Allocation Failure)
[2026-10-07T18:52:55.484+0000][585.451s][info][gc,heap        ] GC(194) PSYoungGen: 11615K(11776K)->468K(11776K) Eden: 11263K(11264K)->0K(11264K) From: 352K(512K)->468K(512K)
[2026-10-07T18:52:55.484+0000][585.451s][info][gc,heap        ] GC(194) ParOldGen: 38497K(38912K)->38605K(38912K)
[2026-10-07T18:52:55.484+0000][585.451s][info][gc,metaspace   ] GC(194) Metaspace: 74593K(75392K)->74593K(75392K) NonClass: 65279K(65664K)->65279K(65664K) Class: 9313K(9728K)->9313K(9728K)
[2026-10-07T18:52:55.485+0000][585.451s][info][gc             ] GC(194) Pause Young (Allocation Failure) 48M->38M(49M) 6.143ms
[2026-10-07T18:52:55.485+0000][585.451s][info][gc,cpu         ] GC(194) User=0.01s Sys=0.00s Real=0.01s
[2026-10-07T18:52:57.701+0000][587.667s][info][gc,start       ] GC(195) Pause Young (Allocation Failure)
[2026-10-07T18:52:57.705+0000][587.672s][info][gc,heap        ] GC(195) PSYoungGen: 11732K(11776K)->288K(11776K) Eden: 11264K(11264K)->0K(11264K) From: 468K(512K)->288K(512K)
[2026-10-07T18:52:57.705+0000][587.672s][info][gc,heap        ] GC(195) ParOldGen: 38605K(38912K)->38730K(38912K)
[2026-10-07T18:52:57.706+0000][587.672s][info][gc,metaspace   ] GC(195) Metaspace: 74594K(75392K)->74594K(75392K) NonClass: 65280K(65664K)->65280K(65664K) Class: 9313K(9728K)->9313K(9728K)
[2026-10-07T18:52:57.706+0000][587.672s][info][gc             ] GC(195) Pause Young (Allocation Failure) 49M->38M(49M) 5.232ms
[2026-10-07T18:52:57.706+0000][587.673s][info][gc,cpu         ] GC(195) User=0.00s Sys=0.00s Real=0.01s
[2026-10-07T18:52:59.722+0000][589.688s][info][gc,start       ] GC(196) Pause Young (Allocation Failure)
[2026-10-07T18:52:59.726+0000][589.692s][info][gc,heap        ] GC(196) PSYoungGen: 11552K(11776K)->333K(11776K) Eden: 11264K(11264K)->0K(11264K) From: 288K(512K)->333K(512K)
[2026-10-07T18:52:59.726+0000][589.693s][info][gc,heap        ] GC(196) ParOldGen: 38730K(38912K)->38810K(38912K)
[2026-10-07T18:52:59.727+0000][589.694s][info][gc,metaspace   ] GC(196) Metaspace: 74594K(75392K)->74594K(75392K) NonClass: 65280K(65664K)->65280K(65664K) Class: 9313K(9728K)->9313K(9728K)
[2026-10-07T18:52:59.727+0000][589.694s][info][gc             ] GC(196) Pause Young (Allocation Failure) 49M->38M(49M) 5.327ms
[2026-10-07T18:52:59.727+0000][589.694s][info][gc,cpu         ] GC(196) User=0.00s Sys=0.00s Real=0.01s
[2026-10-07T18:53:01.763+0000][591.730s][info][gc,start       ] GC(197) Pause Young (Allocation Failure)
[2026-10-07T18:53:01.770+0000][591.737s][info][gc,heap        ] GC(197) PSYoungGen: 11597K(11776K)->351K(11776K) Eden: 11264K(11264K)->0K(11264K) From: 333K(512K)->351K(512K)
[2026-10-07T18:53:01.770+0000][591.737s][info][gc,heap        ] GC(197) ParOldGen: 38810K(38912K)->38904K(38912K)
[2026-10-07T18:53:01.770+0000][591.737s][info][gc,metaspace   ] GC(197) Metaspace: 74594K(75392K)->74594K(75392K) NonClass: 65280K(65664K)->65280K(65664K) Class: 9313K(9728K)->9313K(9728K)
[2026-10-07T18:53:01.770+0000][591.737s][info][gc             ] GC(197) Pause Young (Allocation Failure) 49M->38M(49M) 6.670ms
[2026-10-07T18:53:01.770+0000][591.737s][info][gc,cpu         ] GC(197) User=0.01s Sys=0.00s Real=0.01s
[2026-10-07T18:53:04.061+0000][594.028s][info][gc,start       ] GC(198) Pause Young (Allocation Failure)
[2026-10-07T18:53:04.073+0000][594.039s][info][gc,heap        ] GC(198) PSYoungGen: 11615K(11776K)->320K(11776K) Eden: 11264K(11264K)->0K(11264K) From: 351K(512K)->320K(512K)
[2026-10-07T18:53:04.073+0000][594.039s][info][gc,heap        ] GC(198) ParOldGen: 38904K(38912K)->39047K(39424K)
[2026-10-07T18:53:04.073+0000][594.039s][info][gc,metaspace   ] GC(198) Metaspace: 74594K(75392K)->74594K(75392K) NonClass: 65280K(65664K)->65280K(65664K) Class: 9313K(9728K)->9313K(9728K)
[2026-10-07T18:53:04.073+0000][594.039s][info][gc             ] GC(198) Pause Young (Allocation Failure) 49M->38M(50M) 11.341ms
[2026-10-07T18:53:04.073+0000][594.039s][info][gc,cpu         ] GC(198) User=0.01s Sys=0.00s Real=0.01s
[2026-10-07T18:53:06.173+0000][596.139s][info][gc,start       ] GC(199) Pause Young (Allocation Failure)
[2026-10-07T18:53:06.177+0000][596.144s][info][gc,heap        ] GC(199) PSYoungGen: 11584K(11776K)->355K(11776K) Eden: 11264K(11264K)->0K(11264K) From: 320K(512K)->355K(512K)
[2026-10-07T18:53:06.177+0000][596.144s][info][gc,heap        ] GC(199) ParOldGen: 39047K(39424K)->39107K(39424K)
[2026-10-07T18:53:06.177+0000][596.144s][info][gc,metaspace   ] GC(199) Metaspace: 74594K(75392K)->74594K(75392K) NonClass: 65280K(65664K)->65280K(65664K) Class: 9313K(9728K)->9313K(9728K)
[2026-10-07T18:53:06.177+0000][596.144s][info][gc             ] GC(199) Pause Young (Allocation Failure) 49M->38M(50M) 4.393ms
[2026-10-07T18:53:06.177+0000][596.144s][info][gc,cpu         ] GC(199) User=0.00s Sys=0.00s Real=0.01s
[2026-10-07T18:53:08.129+0000][598.096s][info][gc,start       ] GC(200) Pause Young (Allocation Failure)
[2026-10-07T18:53:08.136+0000][598.102s][info][gc,heap        ] GC(200) PSYoungGen: 11615K(11776K)->320K(11776K) Eden: 11259K(11264K)->0K(11264K) From: 355K(512K)->320K(512K)
[2026-10-07T18:53:08.136+0000][598.102s][info][gc,heap        ] GC(200) ParOldGen: 39107K(39424K)->39231K(39424K)
[2026-10-07T18:53:08.136+0000][598.102s][info][gc,metaspace   ] GC(200) Metaspace: 74594K(75392K)->74594K(75392K) NonClass: 65280K(65664K)->65280K(65664K) Class: 9313K(9728K)->9313K(9728K)
[2026-10-07T18:53:08.136+0000][598.103s][info][gc             ] GC(200) Pause Young (Allocation Failure) 49M->38M(50M) 6.929ms
[2026-10-07T18:53:08.136+0000][598.103s][info][gc,cpu         ] GC(200) User=0.01s Sys=0.00s Real=0.01s
[2026-10-07T18:53:10.353+0000][600.319s][info][gc,start       ] GC(201) Pause Young (Allocation Failure)
[2026-10-07T18:53:10.356+0000][600.323s][info][gc,heap        ] GC(201) PSYoungGen: 11584K(11776K)->352K(11776K) Eden: 11264K(11264K)->0K(11264K) From: 320K(512K)->352K(512K)
[2026-10-07T18:53:10.356+0000][600.323s][info][gc,heap        ] GC(201) ParOldGen: 39231K(39424K)->39303K(39424K)
[2026-10-07T18:53:10.356+0000][600.323s][info][gc,metaspace   ] GC(201) Metaspace: 74594K(75392K)->74594K(75392K) NonClass: 65281K(65664K)->65281K(65664K) Class: 9313K(9728K)->9313K(9728K)
[2026-10-07T18:53:10.356+0000][600.323s][info][gc             ] GC(201) Pause Young (Allocation Failure) 49M->38M(50M) 3.377ms
[2026-10-07T18:53:10.356+0000][600.323s][info][gc,cpu         ] GC(201) User=0.00s Sys=0.00s Real=0.01s
[2026-10-07T18:53:12.438+0000][602.405s][info][gc,start       ] GC(202) Pause Young (Allocation Failure)
[2026-10-07T18:53:12.443+0000][602.410s][info][gc,heap        ] GC(202) PSYoungGen: 11616K(11776K)->338K(11776K) Eden: 11264K(11264K)->0K(11264K) From: 352K(512K)->338K(512K)
[2026-10-07T18:53:12.443+0000][602.410s][info][gc,heap        ] GC(202) ParOldGen: 39303K(39424K)->39371K(39424K)
[2026-10-07T18:53:12.443+0000][602.410s][info][gc,metaspace   ] GC(202) Metaspace: 74594K(75392K)->74594K(75392K) NonClass: 65281K(65664K)->65281K(65664K) Class: 9313K(9728K)->9313K(9728K)
[2026-10-07T18:53:12.443+0000][602.410s][info][gc             ] GC(202) Pause Young (Allocation Failure) 49M->38M(50M) 5.123ms
[2026-10-07T18:53:12.444+0000][602.410s][info][gc,cpu         ] GC(202) User=0.01s Sys=0.00s Real=0.01s
[2026-10-07T18:53:14.247+0000][604.214s][info][gc,start       ] GC(203) Pause Young (Allocation Failure)
[2026-10-07T18:53:14.254+0000][604.220s][info][gc,heap        ] GC(203) PSYoungGen: 11602K(11776K)->398K(11776K) Eden: 11264K(11264K)->0K(11264K) From: 338K(512K)->398K(512K)
[2026-10-07T18:53:14.254+0000][604.220s][info][gc,heap        ] GC(203) ParOldGen: 39371K(39424K)->39443K(39936K)
[2026-10-07T18:53:14.254+0000][604.220s][info][gc,metaspace   ] GC(203) Metaspace: 74597K(75392K)->74597K(75392K) NonClass: 65283K(65664K)->65283K(65664K) Class: 9313K(9728K)->9313K(9728K)
[2026-10-07T18:53:14.254+0000][604.220s][info][gc             ] GC(203) Pause Young (Allocation Failure) 49M->38M(50M) 6.336ms
[2026-10-07T18:53:14.254+0000][604.220s][info][gc,cpu         ] GC(203) User=0.00s Sys=0.01s Real=0.01s
[2026-10-07T18:53:16.189+0000][606.156s][info][gc,start       ] GC(204) Pause Young (Allocation Failure)
[2026-10-07T18:53:16.194+0000][606.161s][info][gc,heap        ] GC(204) PSYoungGen: 11662K(11776K)->374K(11776K) Eden: 11264K(11264K)->0K(11264K) From: 398K(512K)->374K(512K)
[2026-10-07T18:53:16.194+0000][606.161s][info][gc,heap        ] GC(204) ParOldGen: 39443K(39936K)->39511K(39936K)
[2026-10-07T18:53:16.194+0000][606.161s][info][gc,metaspace   ] GC(204) Metaspace: 74598K(75392K)->74598K(75392K) NonClass: 65285K(65664K)->65285K(65664K) Class: 9313K(9728K)->9313K(9728K)
[2026-10-07T18:53:16.194+0000][606.161s][info][gc             ] GC(204) Pause Young (Allocation Failure) 49M->38M(50M) 4.809ms
[2026-10-07T18:53:16.194+0000][606.161s][info][gc,cpu         ] GC(204) User=0.01s Sys=0.00s Real=0.01s
[2026-10-07T18:53:18.773+0000][608.740s][info][gc,start       ] GC(205) Pause Young (Allocation Failure)
[2026-10-07T18:53:18.782+0000][608.748s][info][gc,heap        ] GC(205) PSYoungGen: 11638K(11776K)->288K(11776K) Eden: 11264K(11264K)->0K(11264K) From: 374K(512K)->288K(512K)
[2026-10-07T18:53:18.782+0000][608.748s][info][gc,heap        ] GC(205) ParOldGen: 39511K(39936K)->39629K(39936K)
[2026-10-07T18:53:18.782+0000][608.748s][info][gc,metaspace   ] GC(205) Metaspace: 74598K(75392K)->74598K(75392K) NonClass: 65285K(65664K)->65285K(65664K) Class: 9313K(9728K)->9313K(9728K)
[2026-10-07T18:53:18.782+0000][608.749s][info][gc             ] GC(205) Pause Young (Allocation Failure) 49M->38M(50M) 9.057ms
[2026-10-07T18:53:18.782+0000][608.749s][info][gc,cpu         ] GC(205) User=0.01s Sys=0.00s Real=0.01s
[2026-10-07T18:53:20.498+0000][610.465s][info][gc,start       ] GC(206) Pause Young (Allocation Failure)
[2026-10-07T18:53:20.502+0000][610.468s][info][gc,heap        ] GC(206) PSYoungGen: 11552K(11776K)->352K(11776K) Eden: 11264K(11264K)->0K(11264K) From: 288K(512K)->352K(512K)
[2026-10-07T18:53:20.502+0000][610.468s][info][gc,heap        ] GC(206) ParOldGen: 39629K(39936K)->39701K(39936K)
[2026-10-07T18:53:20.502+0000][610.469s][info][gc,metaspace   ] GC(206) Metaspace: 74604K(75392K)->74604K(75392K) NonClass: 65290K(65664K)->65290K(65664K) Class: 9313K(9728K)->9313K(9728K)
[2026-10-07T18:53:20.502+0000][610.469s][info][gc             ] GC(206) Pause Young (Allocation Failure) 49M->39M(50M) 3.903ms
[2026-10-07T18:53:20.502+0000][610.469s][info][gc,cpu         ] GC(206) User=0.00s Sys=0.00s Real=0.00s
[2026-10-07T18:53:22.792+0000][612.758s][info][gc,start       ] GC(207) Pause Young (Allocation Failure)
[2026-10-07T18:53:22.796+0000][612.763s][info][gc,heap        ] GC(207) PSYoungGen: 11616K(11776K)->349K(11776K) Eden: 11264K(11264K)->0K(11264K) From: 352K(512K)->349K(512K)
[2026-10-07T18:53:22.796+0000][612.763s][info][gc,heap        ] GC(207) ParOldGen: 39701K(39936K)->39749K(39936K)
[2026-10-07T18:53:22.796+0000][612.763s][info][gc,metaspace   ] GC(207) Metaspace: 74605K(75392K)->74605K(75392K) NonClass: 65292K(65664K)->65292K(65664K) Class: 9313K(9728K)->9313K(9728K)
[2026-10-07T18:53:22.796+0000][612.763s][info][gc             ] GC(207) Pause Young (Allocation Failure) 50M->39M(50M) 4.266ms
[2026-10-07T18:53:22.796+0000][612.763s][info][gc,cpu         ] GC(207) User=0.00s Sys=0.00s Real=0.01s
[2026-10-07T18:53:24.718+0000][614.685s][info][gc,start       ] GC(208) Pause Young (Allocation Failure)
[2026-10-07T18:53:24.723+0000][614.690s][info][gc,heap        ] GC(208) PSYoungGen: 11613K(11776K)->352K(11776K) Eden: 11264K(11264K)->0K(11264K) From: 349K(512K)->352K(512K)
[2026-10-07T18:53:24.723+0000][614.690s][info][gc,heap        ] GC(208) ParOldGen: 39749K(39936K)->39874K(39936K)
[2026-10-07T18:53:24.723+0000][614.690s][info][gc,metaspace   ] GC(208) Metaspace: 74605K(75392K)->74605K(75392K) NonClass: 65292K(65664K)->65292K(65664K) Class: 9313K(9728K)->9313K(9728K)
[2026-10-07T18:53:24.723+0000][614.690s][info][gc             ] GC(208) Pause Young (Allocation Failure) 50M->39M(50M) 4.905ms
[2026-10-07T18:53:24.723+0000][614.690s][info][gc,cpu         ] GC(208) User=0.01s Sys=0.00s Real=0.00s
[2026-10-07T18:53:26.852+0000][616.819s][info][gc,start       ] GC(209) Pause Young (Allocation Failure)
[2026-10-07T18:53:26.857+0000][616.823s][info][gc,heap        ] GC(209) PSYoungGen: 11616K(11776K)->366K(11776K) Eden: 11264K(11264K)->0K(11264K) From: 352K(512K)->366K(512K)
[2026-10-07T18:53:26.857+0000][616.823s][info][gc,heap        ] GC(209) ParOldGen: 39874K(39936K)->39914K(39936K)
[2026-10-07T18:53:26.857+0000][616.823s][info][gc,metaspace   ] GC(209) Metaspace: 74605K(75392K)->74605K(75392K) NonClass: 65292K(65664K)->65292K(65664K) Class: 9313K(9728K)->9313K(9728K)
[2026-10-07T18:53:26.857+0000][616.823s][info][gc             ] GC(209) Pause Young (Allocation Failure) 50M->39M(50M) 4.926ms
[2026-10-07T18:53:26.857+0000][616.823s][info][gc,cpu         ] GC(209) User=0.01s Sys=0.00s Real=0.01s
[2026-10-07T18:53:28.704+0000][618.670s][info][gc,start       ] GC(210) Pause Young (Allocation Failure)
[2026-10-07T18:53:28.708+0000][618.675s][info][gc,heap        ] GC(210) PSYoungGen: 11630K(11776K)->352K(11776K) Eden: 11264K(11264K)->0K(11264K) From: 366K(512K)->352K(512K)
[2026-10-07T18:53:28.708+0000][618.675s][info][gc,heap        ] GC(210) ParOldGen: 39914K(39936K)->40053K(40448K)
[2026-10-07T18:53:28.708+0000][618.675s][info][gc,metaspace   ] GC(210) Metaspace: 74605K(75392K)->74605K(75392K) NonClass: 65292K(65664K)->65292K(65664K) Class: 9313K(9728K)->9313K(9728K)
[2026-10-07T18:53:28.708+0000][618.675s][info][gc             ] GC(210) Pause Young (Allocation Failure) 50M->39M(51M) 4.816ms
[2026-10-07T18:53:28.708+0000][618.675s][info][gc,cpu         ] GC(210) User=0.00s Sys=0.00s Real=0.00s
[2026-10-07T18:53:30.731+0000][620.697s][info][gc,start       ] GC(211) Pause Young (Allocation Failure)
[2026-10-07T18:53:30.736+0000][620.703s][info][gc,heap        ] GC(211) PSYoungGen: 11616K(11776K)->422K(11776K) Eden: 11264K(11264K)->0K(11264K) From: 352K(512K)->422K(512K)
[2026-10-07T18:53:30.736+0000][620.703s][info][gc,heap        ] GC(211) ParOldGen: 40053K(40448K)->40109K(40448K)
[2026-10-07T18:53:30.736+0000][620.703s][info][gc,metaspace   ] GC(211) Metaspace: 74606K(75392K)->74606K(75392K) NonClass: 65292K(65664K)->65292K(65664K) Class: 9313K(9728K)->9313K(9728K)
[2026-10-07T18:53:30.736+0000][620.703s][info][gc             ] GC(211) Pause Young (Allocation Failure) 50M->39M(51M) 5.255ms
[2026-10-07T18:53:30.736+0000][620.703s][info][gc,cpu         ] GC(211) User=0.00s Sys=0.00s Real=0.01s
[2026-10-07T18:53:32.916+0000][622.883s][info][gc,start       ] GC(212) Pause Young (Allocation Failure)
[2026-10-07T18:53:32.923+0000][622.889s][info][gc,heap        ] GC(212) PSYoungGen: 11686K(11776K)->352K(11776K) Eden: 11264K(11264K)->0K(11264K) From: 422K(512K)->352K(512K)
[2026-10-07T18:53:32.923+0000][622.889s][info][gc,heap        ] GC(212) ParOldGen: 40109K(40448K)->40276K(40448K)
[2026-10-07T18:53:32.923+0000][622.890s][info][gc,metaspace   ] GC(212) Metaspace: 74606K(75392K)->74606K(75392K) NonClass: 65292K(65664K)->65292K(65664K) Class: 9313K(9728K)->9313K(9728K)
[2026-10-07T18:53:32.923+0000][622.890s][info][gc             ] GC(212) Pause Young (Allocation Failure) 50M->39M(51M) 6.733ms
[2026-10-07T18:53:32.923+0000][622.890s][info][gc,cpu         ] GC(212) User=0.00s Sys=0.00s Real=0.00s
[2026-10-07T18:53:35.154+0000][625.120s][info][gc,start       ] GC(213) Pause Young (Allocation Failure)
[2026-10-07T18:53:35.162+0000][625.129s][info][gc,heap        ] GC(213) PSYoungGen: 11616K(11776K)->288K(11776K) Eden: 11264K(11264K)->0K(11264K) From: 352K(512K)->288K(512K)
[2026-10-07T18:53:35.162+0000][625.129s][info][gc,heap        ] GC(213) ParOldGen: 40276K(40448K)->40376K(40448K)
[2026-10-07T18:53:35.162+0000][625.129s][info][gc,metaspace   ] GC(213) Metaspace: 74606K(75392K)->74606K(75392K) NonClass: 65292K(65664K)->65292K(65664K) Class: 9313K(9728K)->9313K(9728K)
[2026-10-07T18:53:35.163+0000][625.129s][info][gc             ] GC(213) Pause Young (Allocation Failure) 50M->39M(51M) 8.779ms
[2026-10-07T18:53:35.163+0000][625.129s][info][gc,cpu         ] GC(213) User=0.00s Sys=0.00s Real=0.00s
[2026-10-07T18:53:37.215+0000][627.182s][info][gc,start       ] GC(214) Pause Young (Allocation Failure)
[2026-10-07T18:53:37.222+0000][627.189s][info][gc,heap        ] GC(214) PSYoungGen: 11552K(11776K)->408K(11776K) Eden: 11264K(11264K)->0K(11264K) From: 288K(512K)->408K(512K)
[2026-10-07T18:53:37.222+0000][627.189s][info][gc,heap        ] GC(214) ParOldGen: 40376K(40448K)->40428K(40448K)
[2026-10-07T18:53:37.222+0000][627.189s][info][gc,metaspace   ] GC(214) Metaspace: 74606K(75392K)->74606K(75392K) NonClass: 65292K(65664K)->65292K(65664K) Class: 9313K(9728K)->9313K(9728K)
[2026-10-07T18:53:37.223+0000][627.189s][info][gc             ] GC(214) Pause Young (Allocation Failure) 50M->39M(51M) 7.103ms
[2026-10-07T18:53:37.223+0000][627.189s][info][gc,cpu         ] GC(214) User=0.00s Sys=0.00s Real=0.00s
[2026-10-07T18:53:39.195+0000][629.161s][info][gc,start       ] GC(215) Pause Young (Allocation Failure)
[2026-10-07T18:53:39.200+0000][629.167s][info][gc,heap        ] GC(215) PSYoungGen: 11672K(11776K)->320K(11776K) Eden: 11264K(11264K)->0K(11264K) From: 408K(512K)->320K(512K)
[2026-10-07T18:53:39.201+0000][629.167s][info][gc,heap        ] GC(215) ParOldGen: 40428K(40448K)->40580K(40960K)
[2026-10-07T18:53:39.201+0000][629.167s][info][gc,metaspace   ] GC(215) Metaspace: 74606K(75392K)->74606K(75392K) NonClass: 65292K(65664K)->65292K(65664K) Class: 9313K(9728K)->9313K(9728K)
[2026-10-07T18:53:39.201+0000][629.167s][info][gc             ] GC(215) Pause Young (Allocation Failure) 50M->39M(51M) 6.094ms
[2026-10-07T18:53:39.201+0000][629.167s][info][gc,cpu         ] GC(215) User=0.00s Sys=0.00s Real=0.00s
[2026-10-07T18:53:41.352+0000][631.318s][info][gc,start       ] GC(216) Pause Young (Allocation Failure)
[2026-10-07T18:53:41.356+0000][631.322s][info][gc,heap        ] GC(216) PSYoungGen: 11584K(11776K)->351K(11776K) Eden: 11264K(11264K)->0K(11264K) From: 320K(512K)->351K(512K)
[2026-10-07T18:53:41.356+0000][631.322s][info][gc,heap        ] GC(216) ParOldGen: 40580K(40960K)->40640K(40960K)
[2026-10-07T18:53:41.356+0000][631.322s][info][gc,metaspace   ] GC(216) Metaspace: 74606K(75392K)->74606K(75392K) NonClass: 65292K(65664K)->65292K(65664K) Class: 9313K(9728K)->9313K(9728K)
[2026-10-07T18:53:41.356+0000][631.322s][info][gc             ] GC(216) Pause Young (Allocation Failure) 50M->40M(51M) 4.049ms
[2026-10-07T18:53:41.356+0000][631.322s][info][gc,cpu         ] GC(216) User=0.01s Sys=0.00s Real=0.01s
[2026-10-07T18:53:43.290+0000][633.256s][info][gc,start       ] GC(217) Pause Young (Allocation Failure)
[2026-10-07T18:53:43.294+0000][633.261s][info][gc,heap        ] GC(217) PSYoungGen: 11615K(11776K)->352K(11776K) Eden: 11264K(11264K)->0K(11264K) From: 351K(512K)->352K(512K)
[2026-10-07T18:53:43.295+0000][633.261s][info][gc,heap        ] GC(217) ParOldGen: 40640K(40960K)->40759K(40960K)
[2026-10-07T18:53:43.295+0000][633.261s][info][gc,metaspace   ] GC(217) Metaspace: 74606K(75392K)->74606K(75392K) NonClass: 65292K(65664K)->65292K(65664K) Class: 9313K(9728K)->9313K(9728K)
[2026-10-07T18:53:43.295+0000][633.261s][info][gc             ] GC(217) Pause Young (Allocation Failure) 51M->40M(51M) 4.942ms
[2026-10-07T18:53:43.295+0000][633.261s][info][gc,cpu         ] GC(217) User=0.00s Sys=0.00s Real=0.01s
[2026-10-07T18:53:45.240+0000][635.207s][info][gc,start       ] GC(218) Pause Young (Allocation Failure)
[2026-10-07T18:53:45.247+0000][635.213s][info][gc,heap        ] GC(218) PSYoungGen: 11616K(11776K)->398K(11776K) Eden: 11264K(11264K)->0K(11264K) From: 352K(512K)->398K(512K)
[2026-10-07T18:53:45.247+0000][635.213s][info][gc,heap        ] GC(218) ParOldGen: 40759K(40960K)->40855K(40960K)
[2026-10-07T18:53:45.247+0000][635.213s][info][gc,metaspace   ] GC(218) Metaspace: 74607K(75392K)->74607K(75392K) NonClass: 65293K(65664K)->65293K(65664K) Class: 9313K(9728K)->9313K(9728K)
[2026-10-07T18:53:45.247+0000][635.213s][info][gc             ] GC(218) Pause Young (Allocation Failure) 51M->40M(51M) 6.609ms
[2026-10-07T18:53:45.247+0000][635.214s][info][gc,cpu         ] GC(218) User=0.00s Sys=0.00s Real=0.01s
[2026-10-07T18:53:47.288+0000][637.255s][info][gc,start       ] GC(219) Pause Young (Allocation Failure)
[2026-10-07T18:53:47.296+0000][637.263s][info][gc,heap        ] GC(219) PSYoungGen: 11662K(11776K)->355K(11776K) Eden: 11264K(11264K)->0K(11264K) From: 398K(512K)->355K(512K)
[2026-10-07T18:53:47.296+0000][637.263s][info][gc,heap        ] GC(219) ParOldGen: 40855K(40960K)->40907K(40960K)
[2026-10-07T18:53:47.297+0000][637.263s][info][gc,metaspace   ] GC(219) Metaspace: 74608K(75392K)->74608K(75392K) NonClass: 65295K(65664K)->65295K(65664K) Class: 9313K(9728K)->9313K(9728K)
[2026-10-07T18:53:47.297+0000][637.263s][info][gc             ] GC(219) Pause Young (Allocation Failure) 51M->40M(51M) 8.510ms
[2026-10-07T18:53:47.297+0000][637.263s][info][gc,cpu         ] GC(219) User=0.00s Sys=0.01s Real=0.01s
[2026-10-07T18:53:49.259+0000][639.225s][info][gc,start       ] GC(220) Pause Young (Allocation Failure)
[2026-10-07T18:53:49.264+0000][639.230s][info][gc,heap        ] GC(220) PSYoungGen: 11619K(11776K)->352K(11776K) Eden: 11264K(11264K)->0K(11264K) From: 355K(512K)->352K(512K)
[2026-10-07T18:53:49.264+0000][639.230s][info][gc,heap        ] GC(220) ParOldGen: 40907K(40960K)->41071K(41472K)
[2026-10-07T18:53:49.264+0000][639.230s][info][gc,metaspace   ] GC(220) Metaspace: 74609K(75392K)->74609K(75392K) NonClass: 65295K(65664K)->65295K(65664K) Class: 9313K(9728K)->9313K(9728K)
[2026-10-07T18:53:49.264+0000][639.230s][info][gc             ] GC(220) Pause Young (Allocation Failure) 51M->40M(52M) 4.953ms
[2026-10-07T18:53:49.264+0000][639.230s][info][gc,cpu         ] GC(220) User=0.01s Sys=0.00s Real=0.01s
[2026-10-07T18:53:51.257+0000][641.223s][info][gc,start       ] GC(221) Pause Young (Allocation Failure)
[2026-10-07T18:53:51.264+0000][641.231s][info][gc,heap        ] GC(221) PSYoungGen: 11616K(11776K)->338K(11776K) Eden: 11264K(11264K)->0K(11264K) From: 352K(512K)->338K(512K)
[2026-10-07T18:53:51.264+0000][641.231s][info][gc,heap        ] GC(221) ParOldGen: 41071K(41472K)->41127K(41472K)
[2026-10-07T18:53:51.264+0000][641.231s][info][gc,metaspace   ] GC(221) Metaspace: 74609K(75392K)->74609K(75392K) NonClass: 65295K(65664K)->65295K(65664K) Class: 9313K(9728K)->9313K(9728K)
[2026-10-07T18:53:51.264+0000][641.231s][info][gc             ] GC(221) Pause Young (Allocation Failure) 51M->40M(52M) 7.625ms
[2026-10-07T18:53:51.264+0000][641.231s][info][gc,cpu         ] GC(221) User=0.00s Sys=0.00s Real=0.01s
[2026-10-07T18:53:53.173+0000][643.140s][info][gc,start       ] GC(222) Pause Young (Allocation Failure)
[2026-10-07T18:53:53.180+0000][643.146s][info][gc,heap        ] GC(222) PSYoungGen: 11602K(11776K)->352K(11776K) Eden: 11264K(11264K)->0K(11264K) From: 338K(512K)->352K(512K)
[2026-10-07T18:53:53.180+0000][643.147s][info][gc,heap        ] GC(222) ParOldGen: 41127K(41472K)->41226K(41472K)
[2026-10-07T18:53:53.180+0000][643.147s][info][gc,metaspace   ] GC(222) Metaspace: 74672K(75456K)->74672K(75456K) NonClass: 65345K(65728K)->65345K(65728K) Class: 9327K(9728K)->9327K(9728K)
[2026-10-07T18:53:53.180+0000][643.147s][info][gc             ] GC(222) Pause Young (Allocation Failure) 51M->40M(52M) 7.034ms
[2026-10-07T18:53:53.180+0000][643.147s][info][gc,cpu         ] GC(222) User=0.00s Sys=0.00s Real=0.01s
[2026-10-07T18:53:55.166+0000][645.133s][info][gc,start       ] GC(223) Pause Young (Allocation Failure)
[2026-10-07T18:53:55.171+0000][645.137s][info][gc,heap        ] GC(223) PSYoungGen: 11616K(11776K)->352K(11776K) Eden: 11264K(11264K)->0K(11264K) From: 352K(512K)->352K(512K)
[2026-10-07T18:53:55.171+0000][645.137s][info][gc,heap        ] GC(223) ParOldGen: 41226K(41472K)->41314K(41472K)
[2026-10-07T18:53:55.171+0000][645.137s][info][gc,metaspace   ] GC(223) Metaspace: 74672K(75456K)->74672K(75456K) NonClass: 65345K(65728K)->65345K(65728K) Class: 9327K(9728K)->9327K(9728K)
[2026-10-07T18:53:55.171+0000][645.137s][info][gc             ] GC(223) Pause Young (Allocation Failure) 51M->40M(52M) 4.803ms
[2026-10-07T18:53:55.171+0000][645.137s][info][gc,cpu         ] GC(223) User=0.01s Sys=0.00s Real=0.00s
[2026-10-07T18:53:57.381+0000][647.348s][info][gc,start       ] GC(224) Pause Young (Allocation Failure)
[2026-10-07T18:53:57.386+0000][647.353s][info][gc,heap        ] GC(224) PSYoungGen: 11616K(11776K)->339K(11776K) Eden: 11264K(11264K)->0K(11264K) From: 352K(512K)->339K(512K)
[2026-10-07T18:53:57.386+0000][647.353s][info][gc,heap        ] GC(224) ParOldGen: 41314K(41472K)->41370K(41472K)
[2026-10-07T18:53:57.386+0000][647.353s][info][gc,metaspace   ] GC(224) Metaspace: 74672K(75456K)->74672K(75456K) NonClass: 65345K(65728K)->65345K(65728K) Class: 9327K(9728K)->9327K(9728K)
[2026-10-07T18:53:57.386+0000][647.353s][info][gc             ] GC(224) Pause Young (Allocation Failure) 51M->40M(52M) 4.971ms
[2026-10-07T18:53:57.386+0000][647.353s][info][gc,cpu         ] GC(224) User=0.00s Sys=0.00s Real=0.01s
[2026-10-07T18:53:59.310+0000][649.277s][info][gc,start       ] GC(225) Pause Young (Allocation Failure)
[2026-10-07T18:53:59.317+0000][649.283s][info][gc,heap        ] GC(225) PSYoungGen: 11603K(11776K)->365K(11776K) Eden: 11264K(11264K)->0K(11264K) From: 339K(512K)->365K(512K)
[2026-10-07T18:53:59.317+0000][649.283s][info][gc,heap        ] GC(225) ParOldGen: 41370K(41472K)->41493K(41984K)
[2026-10-07T18:53:59.317+0000][649.283s][info][gc,metaspace   ] GC(225) Metaspace: 74680K(75456K)->74680K(75456K) NonClass: 65353K(65728K)->65353K(65728K) Class: 9327K(9728K)->9327K(9728K)
[2026-10-07T18:53:59.317+0000][649.283s][info][gc             ] GC(225) Pause Young (Allocation Failure) 51M->40M(52M) 6.689ms
[2026-10-07T18:53:59.317+0000][649.284s][info][gc,cpu         ] GC(225) User=0.01s Sys=0.00s Real=0.01s
[2026-10-07T18:54:01.355+0000][651.322s][info][gc,start       ] GC(226) Pause Young (Allocation Failure)
[2026-10-07T18:54:01.359+0000][651.326s][info][gc,heap        ] GC(226) PSYoungGen: 11629K(11776K)->369K(11776K) Eden: 11264K(11264K)->0K(11264K) From: 365K(512K)->369K(512K)
[2026-10-07T18:54:01.359+0000][651.326s][info][gc,heap        ] GC(226) ParOldGen: 41493K(41984K)->41603K(41984K)
[2026-10-07T18:54:01.359+0000][651.326s][info][gc,metaspace   ] GC(226) Metaspace: 74680K(75456K)->74680K(75456K) NonClass: 65353K(65728K)->65353K(65728K) Class: 9327K(9728K)->9327K(9728K)
[2026-10-07T18:54:01.360+0000][651.326s][info][gc             ] GC(226) Pause Young (Allocation Failure) 51M->40M(52M) 4.576ms
[2026-10-07T18:54:01.360+0000][651.326s][info][gc,cpu         ] GC(226) User=0.01s Sys=0.00s Real=0.00s
[2026-10-07T18:54:03.274+0000][653.241s][info][gc,start       ] GC(227) Pause Young (Allocation Failure)
[2026-10-07T18:54:03.279+0000][653.245s][info][gc,heap        ] GC(227) PSYoungGen: 11633K(11776K)->352K(11776K) Eden: 11264K(11264K)->0K(11264K) From: 369K(512K)->352K(512K)
[2026-10-07T18:54:03.279+0000][653.245s][info][gc,heap        ] GC(227) ParOldGen: 41603K(41984K)->41736K(41984K)
[2026-10-07T18:54:03.279+0000][653.246s][info][gc,metaspace   ] GC(227) Metaspace: 74680K(75456K)->74680K(75456K) NonClass: 65353K(65728K)->65353K(65728K) Class: 9327K(9728K)->9327K(9728K)
[2026-10-07T18:54:03.279+0000][653.246s][info][gc             ] GC(227) Pause Young (Allocation Failure) 51M->41M(52M) 4.662ms
[2026-10-07T18:54:03.279+0000][653.246s][info][gc,cpu         ] GC(227) User=0.00s Sys=0.00s Real=0.00s
[2026-10-07T18:54:05.371+0000][655.338s][info][gc,start       ] GC(228) Pause Young (Allocation Failure)
[2026-10-07T18:54:05.377+0000][655.343s][info][gc,heap        ] GC(228) PSYoungGen: 11615K(11776K)->352K(11776K) Eden: 11263K(11264K)->0K(11264K) From: 352K(512K)->352K(512K)
[2026-10-07T18:54:05.377+0000][655.343s][info][gc,heap        ] GC(228) ParOldGen: 41736K(41984K)->41844K(41984K)
[2026-10-07T18:54:05.377+0000][655.343s][info][gc,metaspace   ] GC(228) Metaspace: 74680K(75456K)->74680K(75456K) NonClass: 65353K(65728K)->65353K(65728K) Class: 9327K(9728K)->9327K(9728K)
[2026-10-07T18:54:05.377+0000][655.343s][info][gc             ] GC(228) Pause Young (Allocation Failure) 52M->41M(52M) 5.550ms
[2026-10-07T18:54:05.377+0000][655.344s][info][gc,cpu         ] GC(228) User=0.00s Sys=0.01s Real=0.01s
[2026-10-07T18:54:07.366+0000][657.333s][info][gc,start       ] GC(229) Pause Young (Allocation Failure)
[2026-10-07T18:54:07.372+0000][657.339s][info][gc,heap        ] GC(229) PSYoungGen: 11616K(11776K)->397K(11776K) Eden: 11264K(11264K)->0K(11264K) From: 352K(512K)->397K(512K)
[2026-10-07T18:54:07.372+0000][657.339s][info][gc,heap        ] GC(229) ParOldGen: 41844K(41984K)->41884K(41984K)
[2026-10-07T18:54:07.372+0000][657.339s][info][gc,metaspace   ] GC(229) Metaspace: 74680K(75456K)->74680K(75456K) NonClass: 65353K(65728K)->65353K(65728K) Class: 9327K(9728K)->9327K(9728K)
[2026-10-07T18:54:07.372+0000][657.339s][info][gc             ] GC(229) Pause Young (Allocation Failure) 52M->41M(52M) 6.287ms
[2026-10-07T18:54:07.373+0000][657.340s][info][gc,cpu         ] GC(229) User=0.00s Sys=0.00s Real=0.00s
[2026-10-07T18:54:09.317+0000][659.284s][info][gc,start       ] GC(230) Pause Young (Allocation Failure)
[2026-10-07T18:54:09.322+0000][659.289s][info][gc,heap        ] GC(230) PSYoungGen: 11661K(11776K)->352K(11776K) Eden: 11264K(11264K)->0K(11264K) From: 397K(512K)->352K(512K)
[2026-10-07T18:54:09.322+0000][659.289s][info][gc,heap        ] GC(230) ParOldGen: 41884K(41984K)->42042K(42496K)
[2026-10-07T18:54:09.322+0000][659.289s][info][gc,metaspace   ] GC(230) Metaspace: 74680K(75456K)->74680K(75456K) NonClass: 65353K(65728K)->65353K(65728K) Class: 9327K(9728K)->9327K(9728K)
[2026-10-07T18:54:09.322+0000][659.289s][info][gc             ] GC(230) Pause Young (Allocation Failure) 52M->41M(53M) 5.240ms
[2026-10-07T18:54:09.322+0000][659.289s][info][gc,cpu         ] GC(230) User=0.00s Sys=0.00s Real=0.00s
[2026-10-07T18:54:11.401+0000][661.367s][info][gc,start       ] GC(231) Pause Young (Allocation Failure)
[2026-10-07T18:54:11.407+0000][661.374s][info][gc,heap        ] GC(231) PSYoungGen: 11616K(11776K)->380K(11776K) Eden: 11264K(11264K)->0K(11264K) From: 352K(512K)->380K(512K)
[2026-10-07T18:54:11.407+0000][661.374s][info][gc,heap        ] GC(231) ParOldGen: 42042K(42496K)->42090K(42496K)
[2026-10-07T18:54:11.407+0000][661.374s][info][gc,metaspace   ] GC(231) Metaspace: 74680K(75456K)->74680K(75456K) NonClass: 65353K(65728K)->65353K(65728K) Class: 9327K(9728K)->9327K(9728K)
[2026-10-07T18:54:11.407+0000][661.374s][info][gc             ] GC(231) Pause Young (Allocation Failure) 52M->41M(53M) 6.522ms
[2026-10-07T18:54:11.407+0000][661.374s][info][gc,cpu         ] GC(231) User=0.01s Sys=0.00s Real=0.01s
[2026-10-07T18:54:13.445+0000][663.411s][info][gc,start       ] GC(232) Pause Young (Allocation Failure)
[2026-10-07T18:54:13.451+0000][663.418s][info][gc,heap        ] GC(232) PSYoungGen: 11644K(11776K)->320K(11776K) Eden: 11264K(11264K)->0K(11264K) From: 380K(512K)->320K(512K)
[2026-10-07T18:54:13.451+0000][663.418s][info][gc,heap        ] GC(232) ParOldGen: 42090K(42496K)->42214K(42496K)
[2026-10-07T18:54:13.451+0000][663.418s][info][gc,metaspace   ] GC(232) Metaspace: 74680K(75456K)->74680K(75456K) NonClass: 65353K(65728K)->65353K(65728K) Class: 9327K(9728K)->9327K(9728K)
[2026-10-07T18:54:13.451+0000][663.418s][info][gc             ] GC(232) Pause Young (Allocation Failure) 52M->41M(53M) 6.533ms
[2026-10-07T18:54:13.451+0000][663.418s][info][gc,cpu         ] GC(232) User=0.00s Sys=0.00s Real=0.00s
[2026-10-07T18:54:15.374+0000][665.341s][info][gc,start       ] GC(233) Pause Young (Allocation Failure)
[2026-10-07T18:54:15.377+0000][665.344s][info][gc,heap        ] GC(233) PSYoungGen: 11583K(11776K)->398K(11776K) Eden: 11263K(11264K)->0K(11264K) From: 320K(512K)->398K(512K)
[2026-10-07T18:54:15.379+0000][665.345s][info][gc,heap        ] GC(233) ParOldGen: 42214K(42496K)->42302K(42496K)
[2026-10-07T18:54:15.379+0000][665.345s][info][gc,metaspace   ] GC(233) Metaspace: 74684K(75456K)->74684K(75456K) NonClass: 65356K(65728K)->65356K(65728K) Class: 9327K(9728K)->9327K(9728K)
[2026-10-07T18:54:15.379+0000][665.346s][info][gc             ] GC(233) Pause Young (Allocation Failure) 52M->41M(53M) 4.752ms
[2026-10-07T18:54:15.379+0000][665.346s][info][gc,cpu         ] GC(233) User=0.00s Sys=0.00s Real=0.00s
[2026-10-07T18:54:17.252+0000][667.218s][info][gc,start       ] GC(234) Pause Young (Allocation Failure)
[2026-10-07T18:54:17.254+0000][667.221s][info][gc,heap        ] GC(234) PSYoungGen: 11662K(11776K)->391K(11776K) Eden: 11264K(11264K)->0K(11264K) From: 398K(512K)->391K(512K)
[2026-10-07T18:54:17.254+0000][667.221s][info][gc,heap        ] GC(234) ParOldGen: 42302K(42496K)->42354K(42496K)
[2026-10-07T18:54:17.254+0000][667.221s][info][gc,metaspace   ] GC(234) Metaspace: 74684K(75456K)->74684K(75456K) NonClass: 65356K(65728K)->65356K(65728K) Class: 9327K(9728K)->9327K(9728K)
[2026-10-07T18:54:17.254+0000][667.221s][info][gc             ] GC(234) Pause Young (Allocation Failure) 52M->41M(53M) 2.605ms
[2026-10-07T18:54:17.254+0000][667.221s][info][gc,cpu         ] GC(234) User=0.00s Sys=0.01s Real=0.01s
[2026-10-07T18:54:19.358+0000][669.325s][info][gc,start       ] GC(235) Pause Young (Allocation Failure)
[2026-10-07T18:54:19.362+0000][669.329s][info][gc,heap        ] GC(235) PSYoungGen: 11655K(11776K)->320K(11776K) Eden: 11264K(11264K)->0K(11264K) From: 391K(512K)->320K(512K)
[2026-10-07T18:54:19.362+0000][669.329s][info][gc,heap        ] GC(235) ParOldGen: 42354K(42496K)->42501K(43008K)
[2026-10-07T18:54:19.362+0000][669.329s][info][gc,metaspace   ] GC(235) Metaspace: 74684K(75456K)->74684K(75456K) NonClass: 65356K(65728K)->65356K(65728K) Class: 9327K(9728K)->9327K(9728K)
[2026-10-07T18:54:19.362+0000][669.329s][info][gc             ] GC(235) Pause Young (Allocation Failure) 52M->41M(53M) 3.830ms
[2026-10-07T18:54:19.362+0000][669.329s][info][gc,cpu         ] GC(235) User=0.01s Sys=0.00s Real=0.00s
[2026-10-07T18:54:21.396+0000][671.362s][info][gc,start       ] GC(236) Pause Young (Allocation Failure)
[2026-10-07T18:54:21.400+0000][671.366s][info][gc,heap        ] GC(236) PSYoungGen: 11584K(11776K)->370K(11776K) Eden: 11264K(11264K)->0K(11264K) From: 320K(512K)->370K(512K)
[2026-10-07T18:54:21.400+0000][671.367s][info][gc,heap        ] GC(236) ParOldGen: 42501K(43008K)->42561K(43008K)
[2026-10-07T18:54:21.400+0000][671.367s][info][gc,metaspace   ] GC(236) Metaspace: 74684K(75456K)->74684K(75456K) NonClass: 65357K(65728K)->65357K(65728K) Class: 9327K(9728K)->9327K(9728K)
[2026-10-07T18:54:21.400+0000][671.367s][info][gc             ] GC(236) Pause Young (Allocation Failure) 52M->41M(53M) 4.517ms
[2026-10-07T18:54:21.400+0000][671.367s][info][gc,cpu         ] GC(236) User=0.01s Sys=0.00s Real=0.00s
[2026-10-07T18:54:23.403+0000][673.370s][info][gc,start       ] GC(237) Pause Young (Allocation Failure)
[2026-10-07T18:54:23.408+0000][673.375s][info][gc,heap        ] GC(237) PSYoungGen: 11634K(11776K)->320K(11776K) Eden: 11264K(11264K)->0K(11264K) From: 370K(512K)->320K(512K)
[2026-10-07T18:54:23.408+0000][673.375s][info][gc,heap        ] GC(237) ParOldGen: 42561K(43008K)->42676K(43008K)
[2026-10-07T18:54:23.408+0000][673.375s][info][gc,metaspace   ] GC(237) Metaspace: 74684K(75456K)->74684K(75456K) NonClass: 65357K(65728K)->65357K(65728K) Class: 9327K(9728K)->9327K(9728K)
[2026-10-07T18:54:23.408+0000][673.375s][info][gc             ] GC(237) Pause Young (Allocation Failure) 52M->41M(53M) 4.874ms
[2026-10-07T18:54:23.408+0000][673.375s][info][gc,cpu         ] GC(237) User=0.00s Sys=0.00s Real=0.01s
[2026-10-07T18:54:25.467+0000][675.434s][info][gc,start       ] GC(238) Pause Young (Allocation Failure)
[2026-10-07T18:54:25.473+0000][675.440s][info][gc,heap        ] GC(238) PSYoungGen: 11584K(11776K)->352K(11776K) Eden: 11264K(11264K)->0K(11264K) From: 320K(512K)->352K(512K)
[2026-10-07T18:54:25.473+0000][675.440s][info][gc,heap        ] GC(238) ParOldGen: 42676K(43008K)->42764K(43008K)
[2026-10-07T18:54:25.473+0000][675.440s][info][gc,metaspace   ] GC(238) Metaspace: 74684K(75456K)->74684K(75456K) NonClass: 65357K(65728K)->65357K(65728K) Class: 9327K(9728K)->9327K(9728K)
[2026-10-07T18:54:25.473+0000][675.440s][info][gc             ] GC(238) Pause Young (Allocation Failure) 52M->42M(53M) 6.062ms
[2026-10-07T18:54:25.473+0000][675.440s][info][gc,cpu         ] GC(238) User=0.00s Sys=0.00s Real=0.00s
[2026-10-07T18:54:27.609+0000][677.576s][info][gc,start       ] GC(239) Pause Young (Allocation Failure)
[2026-10-07T18:54:27.616+0000][677.582s][info][gc,heap        ] GC(239) PSYoungGen: 11616K(11776K)->344K(11776K) Eden: 11264K(11264K)->0K(11264K) From: 352K(512K)->344K(512K)
[2026-10-07T18:54:27.616+0000][677.582s][info][gc,heap        ] GC(239) ParOldGen: 42764K(43008K)->42820K(43008K)
[2026-10-07T18:54:27.616+0000][677.582s][info][gc,metaspace   ] GC(239) Metaspace: 74689K(75456K)->74689K(75456K) NonClass: 65362K(65728K)->65362K(65728K) Class: 9327K(9728K)->9327K(9728K)
[2026-10-07T18:54:27.616+0000][677.582s][info][gc             ] GC(239) Pause Young (Allocation Failure) 53M->42M(53M) 6.694ms
[2026-10-07T18:54:27.616+0000][677.582s][info][gc,cpu         ] GC(239) User=0.00s Sys=0.00s Real=0.01s
[2026-10-07T18:54:29.619+0000][679.585s][info][gc,start       ] GC(240) Pause Young (Allocation Failure)
[2026-10-07T18:54:29.623+0000][679.589s][info][gc,heap        ] GC(240) PSYoungGen: 11608K(11776K)->366K(11776K) Eden: 11264K(11264K)->0K(11264K) From: 344K(512K)->366K(512K)
[2026-10-07T18:54:29.623+0000][679.590s][info][gc,heap        ] GC(240) ParOldGen: 42820K(43008K)->42925K(43008K)
[2026-10-07T18:54:29.623+0000][679.590s][info][gc,metaspace   ] GC(240) Metaspace: 74689K(75456K)->74689K(75456K) NonClass: 65362K(65728K)->65362K(65728K) Class: 9327K(9728K)->9327K(9728K)
[2026-10-07T18:54:29.623+0000][679.590s][info][gc             ] GC(240) Pause Young (Allocation Failure) 53M->42M(53M) 4.261ms
[2026-10-07T18:54:29.623+0000][679.590s][info][gc,cpu         ] GC(240) User=0.00s Sys=0.00s Real=0.00s
[2026-10-07T18:54:31.722+0000][681.689s][info][gc,start       ] GC(241) Pause Young (Allocation Failure)
[2026-10-07T18:54:31.727+0000][681.694s][info][gc,heap        ] GC(241) PSYoungGen: 11630K(11776K)->345K(11776K) Eden: 11264K(11264K)->0K(11264K) From: 366K(512K)->345K(512K)
[2026-10-07T18:54:31.727+0000][681.694s][info][gc,heap        ] GC(241) ParOldGen: 42925K(43008K)->43011K(43520K)
[2026-10-07T18:54:31.727+0000][681.694s][info][gc,metaspace   ] GC(241) Metaspace: 74690K(75456K)->74690K(75456K) NonClass: 65363K(65728K)->65363K(65728K) Class: 9327K(9728K)->9327K(9728K)
[2026-10-07T18:54:31.727+0000][681.694s][info][gc             ] GC(241) Pause Young (Allocation Failure) 53M->42M(54M) 5.125ms
[2026-10-07T18:54:31.727+0000][681.694s][info][gc,cpu         ] GC(241) User=0.00s Sys=0.00s Real=0.01s
[2026-10-07T18:54:33.709+0000][683.676s][info][gc,start       ] GC(242) Pause Young (Allocation Failure)
[2026-10-07T18:54:33.716+0000][683.683s][info][gc,heap        ] GC(242) PSYoungGen: 11609K(11776K)->352K(11776K) Eden: 11264K(11264K)->0K(11264K) From: 345K(512K)->352K(512K)
[2026-10-07T18:54:33.716+0000][683.683s][info][gc,heap        ] GC(242) ParOldGen: 43011K(43520K)->43109K(43520K)
[2026-10-07T18:54:33.716+0000][683.683s][info][gc,metaspace   ] GC(242) Metaspace: 74690K(75456K)->74690K(75456K) NonClass: 65363K(65728K)->65363K(65728K) Class: 9327K(9728K)->9327K(9728K)
[2026-10-07T18:54:33.716+0000][683.683s][info][gc             ] GC(242) Pause Young (Allocation Failure) 53M->42M(54M) 6.745ms
[2026-10-07T18:54:33.716+0000][683.683s][info][gc,cpu         ] GC(242) User=0.01s Sys=0.00s Real=0.01s
[2026-10-07T18:54:35.765+0000][685.732s][info][gc,start       ] GC(243) Pause Young (Allocation Failure)
[2026-10-07T18:54:35.770+0000][685.737s][info][gc,heap        ] GC(243) PSYoungGen: 11616K(11776K)->360K(11776K) Eden: 11264K(11264K)->0K(11264K) From: 352K(512K)->360K(512K)
[2026-10-07T18:54:35.770+0000][685.737s][info][gc,heap        ] GC(243) ParOldGen: 43109K(43520K)->43181K(43520K)
[2026-10-07T18:54:35.770+0000][685.737s][info][gc,metaspace   ] GC(243) Metaspace: 74691K(75456K)->74691K(75456K) NonClass: 65364K(65728K)->65364K(65728K) Class: 9327K(9728K)->9327K(9728K)
[2026-10-07T18:54:35.770+0000][685.737s][info][gc             ] GC(243) Pause Young (Allocation Failure) 53M->42M(54M) 5.038ms
[2026-10-07T18:54:35.770+0000][685.737s][info][gc,cpu         ] GC(243) User=0.01s Sys=0.00s Real=0.00s
[2026-10-07T18:54:37.704+0000][687.670s][info][gc,start       ] GC(244) Pause Young (Allocation Failure)
[2026-10-07T18:54:37.710+0000][687.676s][info][gc,heap        ] GC(244) PSYoungGen: 11624K(11776K)->352K(11776K) Eden: 11264K(11264K)->0K(11264K) From: 360K(512K)->352K(512K)
[2026-10-07T18:54:37.710+0000][687.676s][info][gc,heap        ] GC(244) ParOldGen: 43181K(43520K)->43297K(43520K)
[2026-10-07T18:54:37.710+0000][687.676s][info][gc,metaspace   ] GC(244) Metaspace: 74691K(75456K)->74691K(75456K) NonClass: 65364K(65728K)->65364K(65728K) Class: 9327K(9728K)->9327K(9728K)
[2026-10-07T18:54:37.710+0000][687.676s][info][gc             ] GC(244) Pause Young (Allocation Failure) 53M->42M(54M) 5.770ms
[2026-10-07T18:54:37.710+0000][687.676s][info][gc,cpu         ] GC(244) User=0.01s Sys=0.00s Real=0.00s
[2026-10-07T18:54:39.671+0000][689.638s][info][gc,start       ] GC(245) Pause Young (Allocation Failure)
[2026-10-07T18:54:39.675+0000][689.642s][info][gc,heap        ] GC(245) PSYoungGen: 11616K(11776K)->320K(11776K) Eden: 11264K(11264K)->0K(11264K) From: 352K(512K)->320K(512K)
[2026-10-07T18:54:39.675+0000][689.642s][info][gc,heap        ] GC(245) ParOldGen: 43297K(43520K)->43369K(43520K)
[2026-10-07T18:54:39.676+0000][689.642s][info][gc,metaspace   ] GC(245) Metaspace: 74699K(75456K)->74699K(75456K) NonClass: 65371K(65728K)->65371K(65728K) Class: 9327K(9728K)->9327K(9728K)
[2026-10-07T18:54:39.676+0000][689.642s][info][gc             ] GC(245) Pause Young (Allocation Failure) 53M->42M(54M) 4.413ms
[2026-10-07T18:54:39.676+0000][689.642s][info][gc,cpu         ] GC(245) User=0.01s Sys=0.00s Real=0.01s
[2026-10-07T18:54:41.806+0000][691.773s][info][gc,start       ] GC(246) Pause Young (Allocation Failure)
[2026-10-07T18:54:41.811+0000][691.777s][info][gc,heap        ] GC(246) PSYoungGen: 11584K(11776K)->338K(11776K) Eden: 11264K(11264K)->0K(11264K) From: 320K(512K)->338K(512K)
[2026-10-07T18:54:41.811+0000][691.777s][info][gc,heap        ] GC(246) ParOldGen: 43369K(43520K)->43430K(43520K)
[2026-10-07T18:54:41.811+0000][691.778s][info][gc,metaspace   ] GC(246) Metaspace: 74699K(75456K)->74699K(75456K) NonClass: 65371K(65728K)->65371K(65728K) Class: 9327K(9728K)->9327K(9728K)
[2026-10-07T18:54:41.811+0000][691.778s][info][gc             ] GC(246) Pause Young (Allocation Failure) 53M->42M(54M) 4.537ms
[2026-10-07T18:54:41.811+0000][691.778s][info][gc,cpu         ] GC(246) User=0.01s Sys=0.00s Real=0.00s
[2026-10-07T18:54:43.825+0000][693.792s][info][gc,start       ] GC(247) Pause Young (Allocation Failure)
[2026-10-07T18:54:43.834+0000][693.801s][info][gc,heap        ] GC(247) PSYoungGen: 11602K(11776K)->320K(11776K) Eden: 11264K(11264K)->0K(11264K) From: 338K(512K)->320K(512K)
[2026-10-07T18:54:43.834+0000][693.801s][info][gc,heap        ] GC(247) ParOldGen: 43430K(43520K)->43536K(44032K)
[2026-10-07T18:54:43.834+0000][693.801s][info][gc,metaspace   ] GC(247) Metaspace: 74699K(75456K)->74699K(75456K) NonClass: 65371K(65728K)->65371K(65728K) Class: 9327K(9728K)->9327K(9728K)
[2026-10-07T18:54:43.834+0000][693.801s][info][gc             ] GC(247) Pause Young (Allocation Failure) 53M->42M(54M) 8.937ms
[2026-10-07T18:54:43.834+0000][693.801s][info][gc,cpu         ] GC(247) User=0.01s Sys=0.00s Real=0.01s
[2026-10-07T18:54:45.805+0000][695.772s][info][gc,start       ] GC(248) Pause Young (Allocation Failure)
[2026-10-07T18:54:45.809+0000][695.775s][info][gc,heap        ] GC(248) PSYoungGen: 11584K(11776K)->356K(11776K) Eden: 11264K(11264K)->0K(11264K) From: 320K(512K)->356K(512K)
[2026-10-07T18:54:45.809+0000][695.775s][info][gc,heap        ] GC(248) ParOldGen: 43536K(44032K)->43596K(44032K)
[2026-10-07T18:54:45.809+0000][695.775s][info][gc,metaspace   ] GC(248) Metaspace: 74704K(75456K)->74704K(75456K) NonClass: 65377K(65728K)->65377K(65728K) Class: 9327K(9728K)->9327K(9728K)
[2026-10-07T18:54:45.809+0000][695.775s][info][gc             ] GC(248) Pause Young (Allocation Failure) 53M->42M(54M) 3.784ms
[2026-10-07T18:54:45.809+0000][695.775s][info][gc,cpu         ] GC(248) User=0.01s Sys=0.00s Real=0.00s
[2026-10-07T18:54:47.936+0000][697.903s][info][gc,start       ] GC(249) Pause Young (Allocation Failure)
[2026-10-07T18:54:47.941+0000][697.908s][info][gc,heap        ] GC(249) PSYoungGen: 11620K(11776K)->288K(11776K) Eden: 11263K(11264K)->0K(11264K) From: 356K(512K)->288K(512K)
[2026-10-07T18:54:47.941+0000][697.908s][info][gc,heap        ] GC(249) ParOldGen: 43596K(44032K)->43741K(44032K)
[2026-10-07T18:54:47.941+0000][697.908s][info][gc,metaspace   ] GC(249) Metaspace: 74704K(75456K)->74704K(75456K) NonClass: 65377K(65728K)->65377K(65728K) Class: 9327K(9728K)->9327K(9728K)
[2026-10-07T18:54:47.941+0000][697.908s][info][gc             ] GC(249) Pause Young (Allocation Failure) 53M->42M(54M) 5.419ms
[2026-10-07T18:54:47.941+0000][697.908s][info][gc,cpu         ] GC(249) User=0.01s Sys=0.00s Real=0.00s
[2026-10-07T18:54:49.922+0000][699.889s][info][gc,start       ] GC(250) Pause Young (Allocation Failure)
[2026-10-07T18:54:49.927+0000][699.894s][info][gc,heap        ] GC(250) PSYoungGen: 11552K(11776K)->352K(11776K) Eden: 11264K(11264K)->0K(11264K) From: 288K(512K)->352K(512K)
[2026-10-07T18:54:49.927+0000][699.894s][info][gc,heap        ] GC(250) ParOldGen: 43741K(44032K)->43805K(44032K)
[2026-10-07T18:54:49.927+0000][699.894s][info][gc,metaspace   ] GC(250) Metaspace: 74704K(75456K)->74704K(75456K) NonClass: 65377K(65728K)->65377K(65728K) Class: 9327K(9728K)->9327K(9728K)
[2026-10-07T18:54:49.927+0000][699.894s][info][gc             ] GC(250) Pause Young (Allocation Failure) 53M->43M(54M) 4.844ms
[2026-10-07T18:54:49.927+0000][699.894s][info][gc,cpu         ] GC(250) User=0.01s Sys=0.00s Real=0.01s
[2026-10-07T18:54:51.947+0000][701.914s][info][gc,start       ] GC(251) Pause Young (Allocation Failure)
[2026-10-07T18:54:51.952+0000][701.918s][info][gc,heap        ] GC(251) PSYoungGen: 11616K(11776K)->414K(11776K) Eden: 11264K(11264K)->0K(11264K) From: 352K(512K)->414K(512K)
[2026-10-07T18:54:51.952+0000][701.918s][info][gc,heap        ] GC(251) ParOldGen: 43805K(44032K)->43845K(44032K)
[2026-10-07T18:54:51.952+0000][701.918s][info][gc,metaspace   ] GC(251) Metaspace: 74704K(75456K)->74704K(75456K) NonClass: 65377K(65728K)->65377K(65728K) Class: 9327K(9728K)->9327K(9728K)
[2026-10-07T18:54:51.952+0000][701.918s][info][gc             ] GC(251) Pause Young (Allocation Failure) 54M->43M(54M) 4.728ms
[2026-10-07T18:54:51.952+0000][701.918s][info][gc,cpu         ] GC(251) User=0.01s Sys=0.00s Real=0.00s
[2026-10-07T18:54:53.814+0000][703.780s][info][gc,start       ] GC(252) Pause Young (Allocation Failure)
[2026-10-07T18:54:53.825+0000][703.791s][info][gc,heap        ] GC(252) PSYoungGen: 11678K(11776K)->352K(11776K) Eden: 11264K(11264K)->0K(11264K) From: 414K(512K)->352K(512K)
[2026-10-07T18:54:53.825+0000][703.792s][info][gc,heap        ] GC(252) ParOldGen: 43845K(44032K)->44019K(44032K)
[2026-10-07T18:54:53.825+0000][703.792s][info][gc,metaspace   ] GC(252) Metaspace: 74704K(75456K)->74704K(75456K) NonClass: 65377K(65728K)->65377K(65728K) Class: 9327K(9728K)->9327K(9728K)
[2026-10-07T18:54:53.825+0000][703.792s][info][gc             ] GC(252) Pause Young (Allocation Failure) 54M->43M(54M) 11.326ms
[2026-10-07T18:54:53.825+0000][703.792s][info][gc,cpu         ] GC(252) User=0.01s Sys=0.00s Real=0.01s
[2026-10-07T18:54:55.757+0000][705.724s][info][gc,start       ] GC(253) Pause Young (Allocation Failure)
[2026-10-07T18:54:55.762+0000][705.729s][info][gc,heap        ] GC(253) PSYoungGen: 11615K(11776K)->416K(11776K) Eden: 11263K(11264K)->0K(11264K) From: 352K(512K)->416K(512K)
[2026-10-07T18:54:55.762+0000][705.729s][info][gc,heap        ] GC(253) ParOldGen: 44019K(44032K)->44127K(44544K)
[2026-10-07T18:54:55.762+0000][705.729s][info][gc,metaspace   ] GC(253) Metaspace: 74705K(75456K)->74705K(75456K) NonClass: 65378K(65728K)->65378K(65728K) Class: 9327K(9728K)->9327K(9728K)
[2026-10-07T18:54:55.762+0000][705.729s][info][gc             ] GC(253) Pause Young (Allocation Failure) 54M->43M(55M) 4.990ms
[2026-10-07T18:54:55.762+0000][705.729s][info][gc,cpu         ] GC(253) User=0.00s Sys=0.00s Real=0.00s
[2026-10-07T18:54:57.956+0000][707.923s][info][gc,start       ] GC(254) Pause Young (Allocation Failure)
[2026-10-07T18:54:57.961+0000][707.928s][info][gc,heap        ] GC(254) PSYoungGen: 11680K(11776K)->395K(11776K) Eden: 11264K(11264K)->0K(11264K) From: 416K(512K)->395K(512K)
[2026-10-07T18:54:57.961+0000][707.928s][info][gc,heap        ] GC(254) ParOldGen: 44127K(44544K)->44191K(44544K)
[2026-10-07T18:54:57.961+0000][707.928s][info][gc,metaspace   ] GC(254) Metaspace: 74706K(75456K)->74706K(75456K) NonClass: 65378K(65728K)->65378K(65728K) Class: 9327K(9728K)->9327K(9728K)
[2026-10-07T18:54:57.961+0000][707.928s][info][gc             ] GC(254) Pause Young (Allocation Failure) 54M->43M(55M) 5.197ms
[2026-10-07T18:54:57.961+0000][707.928s][info][gc,cpu         ] GC(254) User=0.00s Sys=0.00s Real=0.00s
[2026-10-07T18:54:59.865+0000][709.831s][info][gc,start       ] GC(255) Pause Young (Allocation Failure)
[2026-10-07T18:54:59.871+0000][709.837s][info][gc,heap        ] GC(255) PSYoungGen: 11659K(11776K)->398K(11776K) Eden: 11264K(11264K)->0K(11264K) From: 395K(512K)->398K(512K)
[2026-10-07T18:54:59.871+0000][709.837s][info][gc,heap        ] GC(255) ParOldGen: 44191K(44544K)->44351K(44544K)
[2026-10-07T18:54:59.871+0000][709.837s][info][gc,metaspace   ] GC(255) Metaspace: 74706K(75456K)->74706K(75456K) NonClass: 65378K(65728K)->65378K(65728K) Class: 9327K(9728K)->9327K(9728K)
[2026-10-07T18:54:59.871+0000][709.837s][info][gc             ] GC(255) Pause Young (Allocation Failure) 54M->43M(55M) 5.968ms
[2026-10-07T18:54:59.871+0000][709.837s][info][gc,cpu         ] GC(255) User=0.00s Sys=0.00s Real=0.00s
[2026-10-07T18:55:01.999+0000][711.966s][info][gc,start       ] GC(256) Pause Young (Allocation Failure)
[2026-10-07T18:55:02.008+0000][711.975s][info][gc,heap        ] GC(256) PSYoungGen: 11662K(11776K)->372K(11776K) Eden: 11264K(11264K)->0K(11264K) From: 398K(512K)->372K(512K)
[2026-10-07T18:55:02.009+0000][711.975s][info][gc,heap        ] GC(256) ParOldGen: 44351K(44544K)->44473K(44544K)
[2026-10-07T18:55:02.009+0000][711.975s][info][gc,metaspace   ] GC(256) Metaspace: 74710K(75456K)->74710K(75456K) NonClass: 65382K(65728K)->65382K(65728K) Class: 9327K(9728K)->9327K(9728K)
[2026-10-07T18:55:02.009+0000][711.975s][info][gc             ] GC(256) Pause Young (Allocation Failure) 54M->43M(55M) 9.255ms
[2026-10-07T18:55:02.009+0000][711.975s][info][gc,cpu         ] GC(256) User=0.01s Sys=0.00s Real=0.01s
[2026-10-07T18:55:03.976+0000][713.943s][info][gc,start       ] GC(257) Pause Young (Allocation Failure)
[2026-10-07T18:55:03.982+0000][713.949s][info][gc,heap        ] GC(257) PSYoungGen: 11636K(11776K)->416K(11776K) Eden: 11264K(11264K)->0K(11264K) From: 372K(512K)->416K(512K)
[2026-10-07T18:55:03.982+0000][713.949s][info][gc,heap        ] GC(257) ParOldGen: 44473K(44544K)->44598K(45056K)
[2026-10-07T18:55:03.982+0000][713.949s][info][gc,metaspace   ] GC(257) Metaspace: 74744K(75456K)->74744K(75456K) NonClass: 65417K(65728K)->65417K(65728K) Class: 9327K(9728K)->9327K(9728K)
[2026-10-07T18:55:03.983+0000][713.949s][info][gc             ] GC(257) Pause Young (Allocation Failure) 54M->43M(55M) 6.532ms
[2026-10-07T18:55:03.983+0000][713.949s][info][gc,cpu         ] GC(257) User=0.01s Sys=0.00s Real=0.00s
[2026-10-07T18:55:06.030+0000][715.996s][info][gc,start       ] GC(258) Pause Young (Allocation Failure)
[2026-10-07T18:55:06.041+0000][716.007s][info][gc,heap        ] GC(258) PSYoungGen: 11680K(11776K)->358K(11776K) Eden: 11264K(11264K)->0K(11264K) From: 416K(512K)->358K(512K)
[2026-10-07T18:55:06.041+0000][716.007s][info][gc,heap        ] GC(258) ParOldGen: 44598K(45056K)->44722K(45056K)
[2026-10-07T18:55:06.041+0000][716.007s][info][gc,metaspace   ] GC(258) Metaspace: 74744K(75456K)->74744K(75456K) NonClass: 65417K(65728K)->65417K(65728K) Class: 9327K(9728K)->9327K(9728K)
[2026-10-07T18:55:06.041+0000][716.007s][info][gc             ] GC(258) Pause Young (Allocation Failure) 54M->44M(55M) 11.047ms
[2026-10-07T18:55:06.041+0000][716.007s][info][gc,cpu         ] GC(258) User=0.01s Sys=0.00s Real=0.01s
[2026-10-07T18:55:08.044+0000][718.010s][info][gc,start       ] GC(259) Pause Young (Allocation Failure)
[2026-10-07T18:55:08.048+0000][718.015s][info][gc,heap        ] GC(259) PSYoungGen: 11622K(11776K)->352K(11776K) Eden: 11264K(11264K)->0K(11264K) From: 358K(512K)->352K(512K)
[2026-10-07T18:55:08.049+0000][718.015s][info][gc,heap        ] GC(259) ParOldGen: 44722K(45056K)->44833K(45056K)
[2026-10-07T18:55:08.049+0000][718.015s][info][gc,metaspace   ] GC(259) Metaspace: 74748K(75520K)->74748K(75520K) NonClass: 65421K(65792K)->65421K(65792K) Class: 9327K(9728K)->9327K(9728K)
[2026-10-07T18:55:08.049+0000][718.015s][info][gc             ] GC(259) Pause Young (Allocation Failure) 55M->44M(55M) 4.790ms
[2026-10-07T18:55:08.049+0000][718.015s][info][gc,cpu         ] GC(259) User=0.00s Sys=0.01s Real=0.00s
[2026-10-07T18:55:10.021+0000][719.988s][info][gc,start       ] GC(260) Pause Young (Allocation Failure)
[2026-10-07T18:55:10.026+0000][719.993s][info][gc,heap        ] GC(260) PSYoungGen: 11616K(11776K)->352K(11776K) Eden: 11264K(11264K)->0K(11264K) From: 352K(512K)->352K(512K)
[2026-10-07T18:55:10.026+0000][719.993s][info][gc,heap        ] GC(260) ParOldGen: 44833K(45056K)->44941K(45056K)
[2026-10-07T18:55:10.026+0000][719.993s][info][gc,metaspace   ] GC(260) Metaspace: 74748K(75520K)->74748K(75520K) NonClass: 65421K(65792K)->65421K(65792K) Class: 9327K(9728K)->9327K(9728K)
[2026-10-07T18:55:10.027+0000][719.993s][info][gc             ] GC(260) Pause Young (Allocation Failure) 55M->44M(55M) 5.318ms
[2026-10-07T18:55:10.027+0000][719.993s][info][gc,cpu         ] GC(260) User=0.00s Sys=0.00s Real=0.01s
[2026-10-07T18:55:11.981+0000][721.947s][info][gc,start       ] GC(261) Pause Young (Allocation Failure)
[2026-10-07T18:55:11.989+0000][721.956s][info][gc,heap        ] GC(261) PSYoungGen: 11616K(11776K)->421K(11776K) Eden: 11264K(11264K)->0K(11264K) From: 352K(512K)->421K(512K)
[2026-10-07T18:55:11.989+0000][721.956s][info][gc,heap        ] GC(261) ParOldGen: 44941K(45056K)->44989K(45056K)
[2026-10-07T18:55:11.989+0000][721.956s][info][gc,metaspace   ] GC(261) Metaspace: 74750K(75520K)->74750K(75520K) NonClass: 65422K(65792K)->65422K(65792K) Class: 9327K(9728K)->9327K(9728K)
[2026-10-07T18:55:11.989+0000][721.956s][info][gc             ] GC(261) Pause Young (Allocation Failure) 55M->44M(55M) 8.697ms
[2026-10-07T18:55:11.990+0000][721.956s][info][gc,cpu         ] GC(261) User=0.00s Sys=0.00s Real=0.01s
[2026-10-07T18:55:13.849+0000][723.816s][info][gc,start       ] GC(262) Pause Young (Allocation Failure)
[2026-10-07T18:55:13.862+0000][723.828s][info][gc,heap        ] GC(262) PSYoungGen: 11685K(11776K)->352K(11776K) Eden: 11264K(11264K)->0K(11264K) From: 421K(512K)->352K(512K)
[2026-10-07T18:55:13.862+0000][723.828s][info][gc,heap        ] GC(262) ParOldGen: 44989K(45056K)->45150K(45568K)
[2026-10-07T18:55:13.862+0000][723.828s][info][gc,metaspace   ] GC(262) Metaspace: 74751K(75520K)->74751K(75520K) NonClass: 65423K(65792K)->65423K(65792K) Class: 9327K(9728K)->9327K(9728K)
[2026-10-07T18:55:13.862+0000][723.829s][info][gc             ] GC(262) Pause Young (Allocation Failure) 55M->44M(56M) 12.545ms
[2026-10-07T18:55:13.862+0000][723.829s][info][gc,cpu         ] GC(262) User=0.00s Sys=0.00s Real=0.01s
[2026-10-07T18:55:15.802+0000][725.768s][info][gc,start       ] GC(263) Pause Young (Allocation Failure)
[2026-10-07T18:55:15.807+0000][725.773s][info][gc,heap        ] GC(263) PSYoungGen: 11615K(11776K)->494K(11776K) Eden: 11263K(11264K)->0K(11264K) From: 352K(512K)->494K(512K)
[2026-10-07T18:55:15.807+0000][725.773s][info][gc,heap        ] GC(263) ParOldGen: 45150K(45568K)->45234K(45568K)
[2026-10-07T18:55:15.807+0000][725.773s][info][gc,metaspace   ] GC(263) Metaspace: 74752K(75520K)->74752K(75520K) NonClass: 65425K(65792K)->65425K(65792K) Class: 9327K(9728K)->9327K(9728K)
[2026-10-07T18:55:15.807+0000][725.773s][info][gc             ] GC(263) Pause Young (Allocation Failure) 55M->44M(56M) 5.039ms
[2026-10-07T18:55:15.807+0000][725.773s][info][gc,cpu         ] GC(263) User=0.00s Sys=0.00s Real=0.01s
[2026-10-07T18:55:17.816+0000][727.782s][info][gc,start       ] GC(264) Pause Young (Allocation Failure)
[2026-10-07T18:55:17.822+0000][727.788s][info][gc,heap        ] GC(264) PSYoungGen: 11758K(11776K)->416K(11776K) Eden: 11264K(11264K)->0K(11264K) From: 494K(512K)->416K(512K)
[2026-10-07T18:55:17.822+0000][727.789s][info][gc,heap        ] GC(264) ParOldGen: 45234K(45568K)->45328K(45568K)
[2026-10-07T18:55:17.822+0000][727.789s][info][gc,metaspace   ] GC(264) Metaspace: 74752K(75520K)->74752K(75520K) NonClass: 65425K(65792K)->65425K(65792K) Class: 9327K(9728K)->9327K(9728K)
[2026-10-07T18:55:17.823+0000][727.789s][info][gc             ] GC(264) Pause Young (Allocation Failure) 55M->44M(56M) 6.893ms
[2026-10-07T18:55:17.823+0000][727.789s][info][gc,cpu         ] GC(264) User=0.01s Sys=0.00s Real=0.00s
[2026-10-07T18:55:19.815+0000][729.781s][info][gc,start       ] GC(265) Pause Young (Allocation Failure)
[2026-10-07T18:55:19.822+0000][729.789s][info][gc,heap        ] GC(265) PSYoungGen: 11680K(11776K)->352K(11776K) Eden: 11264K(11264K)->0K(11264K) From: 416K(512K)->352K(512K)
[2026-10-07T18:55:19.822+0000][729.789s][info][gc,heap        ] GC(265) ParOldGen: 45328K(45568K)->45521K(45568K)
[2026-10-07T18:55:19.822+0000][729.789s][info][gc,metaspace   ] GC(265) Metaspace: 74752K(75520K)->74752K(75520K) NonClass: 65425K(65792K)->65425K(65792K) Class: 9327K(9728K)->9327K(9728K)
[2026-10-07T18:55:19.824+0000][729.791s][info][gc             ] GC(265) Pause Young (Allocation Failure) 55M->44M(56M) 9.495ms
[2026-10-07T18:55:19.825+0000][729.791s][info][gc,cpu         ] GC(265) User=0.01s Sys=0.01s Real=0.01s
[2026-10-07T18:55:21.750+0000][731.717s][info][gc,start       ] GC(266) Pause Young (Allocation Failure)
[2026-10-07T18:55:21.755+0000][731.722s][info][gc,heap        ] GC(266) PSYoungGen: 11616K(11776K)->410K(11776K) Eden: 11264K(11264K)->0K(11264K) From: 352K(512K)->410K(512K)
[2026-10-07T18:55:21.755+0000][731.722s][info][gc,heap        ] GC(266) ParOldGen: 45521K(45568K)->45593K(46080K)
[2026-10-07T18:55:21.755+0000][731.722s][info][gc,metaspace   ] GC(266) Metaspace: 74753K(75520K)->74753K(75520K) NonClass: 65425K(65792K)->65425K(65792K) Class: 9327K(9728K)->9327K(9728K)
[2026-10-07T18:55:21.756+0000][731.722s][info][gc             ] GC(266) Pause Young (Allocation Failure) 55M->44M(56M) 5.810ms
[2026-10-07T18:55:21.756+0000][731.722s][info][gc,cpu         ] GC(266) User=0.01s Sys=0.00s Real=0.01s
[2026-10-07T18:55:23.844+0000][733.810s][info][gc,start       ] GC(267) Pause Young (Allocation Failure)
[2026-10-07T18:55:23.854+0000][733.821s][info][gc,heap        ] GC(267) PSYoungGen: 11674K(11776K)->320K(11776K) Eden: 11263K(11264K)->0K(11264K) From: 410K(512K)->320K(512K)
[2026-10-07T18:55:23.854+0000][733.821s][info][gc,heap        ] GC(267) ParOldGen: 45593K(46080K)->45747K(46080K)
[2026-10-07T18:55:23.855+0000][733.821s][info][gc,metaspace   ] GC(267) Metaspace: 74753K(75520K)->74753K(75520K) NonClass: 65425K(65792K)->65425K(65792K) Class: 9327K(9728K)->9327K(9728K)
[2026-10-07T18:55:23.855+0000][733.821s][info][gc             ] GC(267) Pause Young (Allocation Failure) 55M->44M(56M) 11.238ms
[2026-10-07T18:55:23.855+0000][733.821s][info][gc,cpu         ] GC(267) User=0.00s Sys=0.01s Real=0.01s
[2026-10-07T18:55:25.779+0000][735.746s][info][gc,start       ] GC(268) Pause Young (Allocation Failure)
[2026-10-07T18:55:25.783+0000][735.749s][info][gc,heap        ] GC(268) PSYoungGen: 11583K(11776K)->384K(11776K) Eden: 11263K(11264K)->0K(11264K) From: 320K(512K)->384K(512K)
[2026-10-07T18:55:25.783+0000][735.749s][info][gc,heap        ] GC(268) ParOldGen: 45747K(46080K)->45819K(46080K)
[2026-10-07T18:55:25.783+0000][735.749s][info][gc,metaspace   ] GC(268) Metaspace: 74758K(75520K)->74758K(75520K) NonClass: 65431K(65792K)->65431K(65792K) Class: 9327K(9728K)->9327K(9728K)
[2026-10-07T18:55:25.784+0000][735.750s][info][gc             ] GC(268) Pause Young (Allocation Failure) 55M->45M(56M) 4.230ms
[2026-10-07T18:55:25.784+0000][735.750s][info][gc,cpu         ] GC(268) User=0.00s Sys=0.00s Real=0.01s
[2026-10-07T18:55:27.675+0000][737.642s][info][gc,start       ] GC(269) Pause Young (Allocation Failure)
[2026-10-07T18:55:27.682+0000][737.649s][info][gc,heap        ] GC(269) PSYoungGen: 11648K(11776K)->420K(11776K) Eden: 11264K(11264K)->0K(11264K) From: 384K(512K)->420K(512K)
[2026-10-07T18:55:27.682+0000][737.649s][info][gc,heap        ] GC(269) ParOldGen: 45819K(46080K)->45859K(46080K)
[2026-10-07T18:55:27.682+0000][737.649s][info][gc,metaspace   ] GC(269) Metaspace: 74758K(75520K)->74758K(75520K) NonClass: 65431K(65792K)->65431K(65792K) Class: 9327K(9728K)->9327K(9728K)
[2026-10-07T18:55:27.682+0000][737.649s][info][gc             ] GC(269) Pause Young (Allocation Failure) 56M->45M(56M) 6.884ms
[2026-10-07T18:55:27.682+0000][737.649s][info][gc,cpu         ] GC(269) User=0.00s Sys=0.00s Real=0.00s
[2026-10-07T18:55:29.426+0000][739.393s][info][gc,start       ] GC(270) Pause Young (Allocation Failure)
[2026-10-07T18:55:29.431+0000][739.397s][info][gc,heap        ] GC(270) PSYoungGen: 11684K(11776K)->397K(11776K) Eden: 11264K(11264K)->0K(11264K) From: 420K(512K)->397K(512K)
[2026-10-07T18:55:29.431+0000][739.397s][info][gc,heap        ] GC(270) ParOldGen: 45859K(46080K)->46024K(46080K)
[2026-10-07T18:55:29.431+0000][739.397s][info][gc,metaspace   ] GC(270) Metaspace: 74770K(75520K)->74770K(75520K) NonClass: 65443K(65792K)->65443K(65792K) Class: 9327K(9728K)->9327K(9728K)
[2026-10-07T18:55:29.431+0000][739.397s][info][gc             ] GC(270) Pause Young (Allocation Failure) 56M->45M(56M) 4.777ms
[2026-10-07T18:55:29.431+0000][739.398s][info][gc,cpu         ] GC(270) User=0.00s Sys=0.00s Real=0.00s
[2026-10-07T18:55:31.465+0000][741.431s][info][gc,start       ] GC(271) Pause Young (Allocation Failure)
[2026-10-07T18:55:31.469+0000][741.436s][info][gc,heap        ] GC(271) PSYoungGen: 11661K(11776K)->356K(11776K) Eden: 11264K(11264K)->0K(11264K) From: 397K(512K)->356K(512K)
[2026-10-07T18:55:31.469+0000][741.436s][info][gc,heap        ] GC(271) ParOldGen: 46024K(46080K)->46129K(46592K)
[2026-10-07T18:55:31.469+0000][741.436s][info][gc,metaspace   ] GC(271) Metaspace: 74772K(75520K)->74772K(75520K) NonClass: 65445K(65792K)->65445K(65792K) Class: 9327K(9728K)->9327K(9728K)
[2026-10-07T18:55:31.470+0000][741.436s][info][gc             ] GC(271) Pause Young (Allocation Failure) 56M->45M(57M) 4.832ms
[2026-10-07T18:55:31.470+0000][741.436s][info][gc,cpu         ] GC(271) User=0.01s Sys=0.00s Real=0.00s
[2026-10-07T18:55:33.583+0000][743.550s][info][gc,start       ] GC(272) Pause Young (Allocation Failure)
[2026-10-07T18:55:33.588+0000][743.554s][info][gc,heap        ] GC(272) PSYoungGen: 11620K(11776K)->288K(11776K) Eden: 11264K(11264K)->0K(11264K) From: 356K(512K)->288K(512K)
[2026-10-07T18:55:33.588+0000][743.555s][info][gc,heap        ] GC(272) ParOldGen: 46129K(46592K)->46254K(46592K)
[2026-10-07T18:55:33.588+0000][743.555s][info][gc,metaspace   ] GC(272) Metaspace: 74772K(75520K)->74772K(75520K) NonClass: 65445K(65792K)->65445K(65792K) Class: 9327K(9728K)->9327K(9728K)
[2026-10-07T18:55:33.588+0000][743.555s][info][gc             ] GC(272) Pause Young (Allocation Failure) 56M->45M(57M) 4.995ms
[2026-10-07T18:55:33.588+0000][743.555s][info][gc,cpu         ] GC(272) User=0.00s Sys=0.00s Real=0.01s
[2026-10-07T18:55:35.478+0000][745.445s][info][gc,start       ] GC(273) Pause Young (Allocation Failure)
[2026-10-07T18:55:35.482+0000][745.449s][info][gc,heap        ] GC(273) PSYoungGen: 11552K(11776K)->384K(11776K) Eden: 11264K(11264K)->0K(11264K) From: 288K(512K)->384K(512K)
[2026-10-07T18:55:35.483+0000][745.449s][info][gc,heap        ] GC(273) ParOldGen: 46254K(46592K)->46318K(46592K)
[2026-10-07T18:55:35.483+0000][745.449s][info][gc,metaspace   ] GC(273) Metaspace: 74772K(75520K)->74772K(75520K) NonClass: 65445K(65792K)->65445K(65792K) Class: 9327K(9728K)->9327K(9728K)
[2026-10-07T18:55:35.483+0000][745.450s][info][gc             ] GC(273) Pause Young (Allocation Failure) 56M->45M(57M) 4.580ms
[2026-10-07T18:55:35.483+0000][745.450s][info][gc,cpu         ] GC(273) User=0.00s Sys=0.00s Real=0.00s
[2026-10-07T18:55:37.374+0000][747.341s][info][gc,start       ] GC(274) Pause Young (Allocation Failure)
[2026-10-07T18:55:37.378+0000][747.345s][info][gc,heap        ] GC(274) PSYoungGen: 11648K(11776K)->400K(11776K) Eden: 11264K(11264K)->0K(11264K) From: 384K(512K)->400K(512K)
[2026-10-07T18:55:37.379+0000][747.345s][info][gc,heap        ] GC(274) ParOldGen: 46318K(46592K)->46358K(46592K)
[2026-10-07T18:55:37.379+0000][747.345s][info][gc,metaspace   ] GC(274) Metaspace: 74774K(75520K)->74774K(75520K) NonClass: 65446K(65792K)->65446K(65792K) Class: 9327K(9728K)->9327K(9728K)
[2026-10-07T18:55:37.379+0000][747.346s][info][gc             ] GC(274) Pause Young (Allocation Failure) 56M->45M(57M) 4.829ms
[2026-10-07T18:55:37.379+0000][747.346s][info][gc,cpu         ] GC(274) User=0.00s Sys=0.00s Real=0.00s
[2026-10-07T18:55:39.343+0000][749.309s][info][gc,start       ] GC(275) Pause Young (Allocation Failure)
[2026-10-07T18:55:39.348+0000][749.315s][info][gc,heap        ] GC(275) PSYoungGen: 11664K(11776K)->352K(11776K) Eden: 11264K(11264K)->0K(11264K) From: 400K(512K)->352K(512K)
[2026-10-07T18:55:39.348+0000][749.315s][info][gc,heap        ] GC(275) ParOldGen: 46358K(46592K)->46486K(46592K)
[2026-10-07T18:55:39.348+0000][749.315s][info][gc,metaspace   ] GC(275) Metaspace: 74774K(75520K)->74774K(75520K) NonClass: 65446K(65792K)->65446K(65792K) Class: 9327K(9728K)->9327K(9728K)
[2026-10-07T18:55:39.348+0000][749.315s][info][gc             ] GC(275) Pause Young (Allocation Failure) 56M->45M(57M) 5.626ms
[2026-10-07T18:55:39.348+0000][749.315s][info][gc,cpu         ] GC(275) User=0.01s Sys=0.00s Real=0.01s
[2026-10-07T18:55:41.475+0000][751.441s][info][gc,start       ] GC(276) Pause Young (Allocation Failure)
[2026-10-07T18:55:41.480+0000][751.447s][info][gc,heap        ] GC(276) PSYoungGen: 11616K(11776K)->388K(11776K) Eden: 11264K(11264K)->0K(11264K) From: 352K(512K)->388K(512K)
[2026-10-07T18:55:41.480+0000][751.447s][info][gc,heap        ] GC(276) ParOldGen: 46486K(46592K)->46546K(46592K)
[2026-10-07T18:55:41.480+0000][751.447s][info][gc,metaspace   ] GC(276) Metaspace: 74775K(75520K)->74775K(75520K) NonClass: 65447K(65792K)->65447K(65792K) Class: 9327K(9728K)->9327K(9728K)
[2026-10-07T18:55:41.480+0000][751.447s][info][gc             ] GC(276) Pause Young (Allocation Failure) 56M->45M(57M) 5.715ms
[2026-10-07T18:55:41.481+0000][751.447s][info][gc,cpu         ] GC(276) User=0.01s Sys=0.00s Real=0.00s
[2026-10-07T18:55:43.477+0000][753.444s][info][gc,start       ] GC(277) Pause Young (Allocation Failure)
[2026-10-07T18:55:43.484+0000][753.451s][info][gc,heap        ] GC(277) PSYoungGen: 11652K(11776K)->352K(11776K) Eden: 11264K(11264K)->0K(11264K) From: 388K(512K)->352K(512K)
[2026-10-07T18:55:43.484+0000][753.451s][info][gc,heap        ] GC(277) ParOldGen: 46546K(46592K)->46674K(47104K)
[2026-10-07T18:55:43.484+0000][753.451s][info][gc,metaspace   ] GC(277) Metaspace: 74775K(75520K)->74775K(75520K) NonClass: 65447K(65792K)->65447K(65792K) Class: 9327K(9728K)->9327K(9728K)
[2026-10-07T18:55:43.484+0000][753.451s][info][gc             ] GC(277) Pause Young (Allocation Failure) 56M->45M(57M) 6.955ms
[2026-10-07T18:55:43.484+0000][753.451s][info][gc,cpu         ] GC(277) User=0.01s Sys=0.00s Real=0.01s
[2026-10-07T18:55:45.326+0000][755.292s][info][gc,start       ] GC(278) Pause Young (Allocation Failure)
[2026-10-07T18:55:45.331+0000][755.298s][info][gc,heap        ] GC(278) PSYoungGen: 11616K(11776K)->398K(11776K) Eden: 11264K(11264K)->0K(11264K) From: 352K(512K)->398K(512K)
[2026-10-07T18:55:45.331+0000][755.298s][info][gc,heap        ] GC(278) ParOldGen: 46674K(47104K)->46778K(47104K)
[2026-10-07T18:55:45.331+0000][755.298s][info][gc,metaspace   ] GC(278) Metaspace: 74796K(75520K)->74796K(75520K) NonClass: 65469K(65792K)->65469K(65792K) Class: 9327K(9728K)->9327K(9728K)
[2026-10-07T18:55:45.331+0000][755.298s][info][gc             ] GC(278) Pause Young (Allocation Failure) 56M->46M(57M) 5.454ms
[2026-10-07T18:55:45.331+0000][755.298s][info][gc,cpu         ] GC(278) User=0.01s Sys=0.00s Real=0.00s
[2026-10-07T18:55:47.213+0000][757.180s][info][gc,start       ] GC(279) Pause Young (Allocation Failure)
[2026-10-07T18:55:47.218+0000][757.185s][info][gc,heap        ] GC(279) PSYoungGen: 11662K(11776K)->428K(11776K) Eden: 11264K(11264K)->0K(11264K) From: 398K(512K)->428K(512K)
[2026-10-07T18:55:47.218+0000][757.185s][info][gc,heap        ] GC(279) ParOldGen: 46778K(47104K)->46818K(47104K)
[2026-10-07T18:55:47.218+0000][757.185s][info][gc,metaspace   ] GC(279) Metaspace: 74796K(75520K)->74796K(75520K) NonClass: 65469K(65792K)->65469K(65792K) Class: 9327K(9728K)->9327K(9728K)
[2026-10-07T18:55:47.218+0000][757.185s][info][gc             ] GC(279) Pause Young (Allocation Failure) 57M->46M(57M) 4.670ms
[2026-10-07T18:55:47.218+0000][757.185s][info][gc,cpu         ] GC(279) User=0.00s Sys=0.00s Real=0.01s
[2026-10-07T18:55:49.269+0000][759.235s][info][gc,start       ] GC(280) Pause Young (Allocation Failure)
[2026-10-07T18:55:49.273+0000][759.240s][info][gc,heap        ] GC(280) PSYoungGen: 11692K(11776K)->352K(11776K) Eden: 11263K(11264K)->0K(11264K) From: 428K(512K)->352K(512K)
[2026-10-07T18:55:49.273+0000][759.240s][info][gc,heap        ] GC(280) ParOldGen: 46818K(47104K)->46974K(47104K)
[2026-10-07T18:55:49.273+0000][759.240s][info][gc,metaspace   ] GC(280) Metaspace: 74796K(75520K)->74796K(75520K) NonClass: 65469K(65792K)->65469K(65792K) Class: 9327K(9728K)->9327K(9728K)
[2026-10-07T18:55:49.273+0000][759.240s][info][gc             ] GC(280) Pause Young (Allocation Failure) 57M->46M(57M) 4.702ms
[2026-10-07T18:55:49.273+0000][759.240s][info][gc,cpu         ] GC(280) User=0.01s Sys=0.00s Real=0.00s
[2026-10-07T18:55:51.256+0000][761.223s][info][gc,start       ] GC(281) Pause Young (Allocation Failure)
[2026-10-07T18:55:51.267+0000][761.233s][info][gc,heap        ] GC(281) PSYoungGen: 11616K(11776K)->386K(11776K) Eden: 11264K(11264K)->0K(11264K) From: 352K(512K)->386K(512K)
[2026-10-07T18:55:51.267+0000][761.233s][info][gc,heap        ] GC(281) ParOldGen: 46974K(47104K)->47022K(47104K)
[2026-10-07T18:55:51.267+0000][761.233s][info][gc,metaspace   ] GC(281) Metaspace: 74797K(75520K)->74797K(75520K) NonClass: 65470K(65792K)->65470K(65792K) Class: 9327K(9728K)->9327K(9728K)
[2026-10-07T18:55:51.267+0000][761.233s][info][gc             ] GC(281) Pause Young (Allocation Failure) 57M->46M(57M) 10.705ms
[2026-10-07T18:55:51.267+0000][761.233s][info][gc,cpu         ] GC(281) User=0.01s Sys=0.00s Real=0.01s
[2026-10-07T18:55:53.364+0000][763.330s][info][gc,start       ] GC(282) Pause Young (Allocation Failure)
[2026-10-07T18:55:53.369+0000][763.336s][info][gc,heap        ] GC(282) PSYoungGen: 11650K(11776K)->320K(11776K) Eden: 11264K(11264K)->0K(11264K) From: 386K(512K)->320K(512K)
[2026-10-07T18:55:53.369+0000][763.336s][info][gc,heap        ] GC(282) ParOldGen: 47022K(47104K)->47153K(47616K)
[2026-10-07T18:55:53.370+0000][763.336s][info][gc,metaspace   ] GC(282) Metaspace: 74797K(75520K)->74797K(75520K) NonClass: 65470K(65792K)->65470K(65792K) Class: 9327K(9728K)->9327K(9728K)
[2026-10-07T18:55:53.370+0000][763.336s][info][gc             ] GC(282) Pause Young (Allocation Failure) 57M->46M(58M) 5.746ms
[2026-10-07T18:55:53.370+0000][763.336s][info][gc,cpu         ] GC(282) User=0.01s Sys=0.00s Real=0.00s
[2026-10-07T18:55:55.365+0000][765.331s][info][gc,start       ] GC(283) Pause Young (Allocation Failure)
[2026-10-07T18:55:55.370+0000][765.336s][info][gc,heap        ] GC(283) PSYoungGen: 11584K(11776K)->352K(11776K) Eden: 11264K(11264K)->0K(11264K) From: 320K(512K)->352K(512K)
[2026-10-07T18:55:55.370+0000][765.337s][info][gc,heap        ] GC(283) ParOldGen: 47153K(47616K)->47253K(47616K)
[2026-10-07T18:55:55.370+0000][765.337s][info][gc,metaspace   ] GC(283) Metaspace: 74797K(75520K)->74797K(75520K) NonClass: 65470K(65792K)->65470K(65792K) Class: 9327K(9728K)->9327K(9728K)
[2026-10-07T18:55:55.370+0000][765.337s][info][gc             ] GC(283) Pause Young (Allocation Failure) 57M->46M(58M) 5.235ms
[2026-10-07T18:55:55.371+0000][765.337s][info][gc,cpu         ] GC(283) User=0.01s Sys=0.00s Real=0.00s
[2026-10-07T18:55:57.312+0000][767.279s][info][gc,start       ] GC(284) Pause Young (Allocation Failure)
[2026-10-07T18:55:57.318+0000][767.284s][info][gc,heap        ] GC(284) PSYoungGen: 11616K(11776K)->409K(11776K) Eden: 11264K(11264K)->0K(11264K) From: 352K(512K)->409K(512K)
[2026-10-07T18:55:57.318+0000][767.284s][info][gc,heap        ] GC(284) ParOldGen: 47253K(47616K)->47313K(47616K)
[2026-10-07T18:55:57.318+0000][767.284s][info][gc,metaspace   ] GC(284) Metaspace: 74797K(75520K)->74797K(75520K) NonClass: 65470K(65792K)->65470K(65792K) Class: 9327K(9728K)->9327K(9728K)
[2026-10-07T18:55:57.318+0000][767.284s][info][gc             ] GC(284) Pause Young (Allocation Failure) 57M->46M(58M) 5.352ms
[2026-10-07T18:55:57.318+0000][767.285s][info][gc,cpu         ] GC(284) User=0.01s Sys=0.00s Real=0.01s
[2026-10-07T18:55:59.378+0000][769.345s][info][gc,start       ] GC(285) Pause Young (Allocation Failure)
[2026-10-07T18:55:59.387+0000][769.354s][info][gc,heap        ] GC(285) PSYoungGen: 11673K(11776K)->334K(11776K) Eden: 11264K(11264K)->0K(11264K) From: 409K(512K)->334K(512K)
[2026-10-07T18:55:59.387+0000][769.354s][info][gc,heap        ] GC(285) ParOldGen: 47313K(47616K)->47455K(47616K)
[2026-10-07T18:55:59.387+0000][769.354s][info][gc,metaspace   ] GC(285) Metaspace: 74797K(75520K)->74797K(75520K) NonClass: 65470K(65792K)->65470K(65792K) Class: 9327K(9728K)->9327K(9728K)
[2026-10-07T18:55:59.387+0000][769.354s][info][gc             ] GC(285) Pause Young (Allocation Failure) 57M->46M(58M) 9.190ms
[2026-10-07T18:55:59.387+0000][769.354s][info][gc,cpu         ] GC(285) User=0.01s Sys=0.00s Real=0.01s
[2026-10-07T18:56:01.277+0000][771.244s][info][gc,start       ] GC(286) Pause Young (Allocation Failure)
[2026-10-07T18:56:01.282+0000][771.249s][info][gc,heap        ] GC(286) PSYoungGen: 11598K(11776K)->354K(11776K) Eden: 11264K(11264K)->0K(11264K) From: 334K(512K)->354K(512K)
[2026-10-07T18:56:01.282+0000][771.249s][info][gc,heap        ] GC(286) ParOldGen: 47455K(47616K)->47549K(47616K)
[2026-10-07T18:56:01.282+0000][771.249s][info][gc,metaspace   ] GC(286) Metaspace: 74799K(75520K)->74799K(75520K) NonClass: 65472K(65792K)->65472K(65792K) Class: 9327K(9728K)->9327K(9728K)
[2026-10-07T18:56:01.282+0000][771.249s][info][gc             ] GC(286) Pause Young (Allocation Failure) 57M->46M(58M) 5.037ms
[2026-10-07T18:56:01.282+0000][771.249s][info][gc,cpu         ] GC(286) User=0.00s Sys=0.00s Real=0.00s
[2026-10-07T18:56:03.124+0000][773.090s][info][gc,start       ] GC(287) Pause Young (Allocation Failure)
[2026-10-07T18:56:03.129+0000][773.096s][info][gc,heap        ] GC(287) PSYoungGen: 11618K(11776K)->384K(11776K) Eden: 11263K(11264K)->0K(11264K) From: 354K(512K)->384K(512K)
[2026-10-07T18:56:03.129+0000][773.096s][info][gc,heap        ] GC(287) ParOldGen: 47549K(47616K)->47656K(48128K)
[2026-10-07T18:56:03.129+0000][773.096s][info][gc,metaspace   ] GC(287) Metaspace: 74800K(75520K)->74800K(75520K) NonClass: 65473K(65792K)->65473K(65792K) Class: 9327K(9728K)->9327K(9728K)
[2026-10-07T18:56:03.129+0000][773.096s][info][gc             ] GC(287) Pause Young (Allocation Failure) 57M->46M(58M) 5.714ms
[2026-10-07T18:56:03.130+0000][773.096s][info][gc,cpu         ] GC(287) User=0.00s Sys=0.00s Real=0.00s
[2026-10-07T18:56:05.189+0000][775.155s][info][gc,start       ] GC(288) Pause Young (Allocation Failure)
[2026-10-07T18:56:05.195+0000][775.162s][info][gc,heap        ] GC(288) PSYoungGen: 11648K(11776K)->384K(11776K) Eden: 11264K(11264K)->0K(11264K) From: 384K(512K)->384K(512K)
[2026-10-07T18:56:05.195+0000][775.162s][info][gc,heap        ] GC(288) ParOldGen: 47656K(48128K)->47772K(48128K)
[2026-10-07T18:56:05.196+0000][775.162s][info][gc,metaspace   ] GC(288) Metaspace: 74804K(75584K)->74804K(75584K) NonClass: 65477K(65856K)->65477K(65856K) Class: 9327K(9728K)->9327K(9728K)
[2026-10-07T18:56:05.196+0000][775.162s][info][gc             ] GC(288) Pause Young (Allocation Failure) 57M->47M(58M) 6.998ms
[2026-10-07T18:56:05.196+0000][775.162s][info][gc,cpu         ] GC(288) User=0.01s Sys=0.00s Real=0.01s
[2026-10-07T18:56:07.175+0000][777.141s][info][gc,start       ] GC(289) Pause Young (Allocation Failure)
[2026-10-07T18:56:07.180+0000][777.147s][info][gc,heap        ] GC(289) PSYoungGen: 11648K(11776K)->409K(11776K) Eden: 11264K(11264K)->0K(11264K) From: 384K(512K)->409K(512K)
[2026-10-07T18:56:07.180+0000][777.147s][info][gc,heap        ] GC(289) ParOldGen: 47772K(48128K)->47840K(48128K)
[2026-10-07T18:56:07.181+0000][777.147s][info][gc,metaspace   ] GC(289) Metaspace: 74805K(75584K)->74805K(75584K) NonClass: 65478K(65856K)->65478K(65856K) Class: 9327K(9728K)->9327K(9728K)
[2026-10-07T18:56:07.181+0000][777.147s][info][gc             ] GC(289) Pause Young (Allocation Failure) 58M->47M(58M) 5.856ms
[2026-10-07T18:56:07.181+0000][777.147s][info][gc,cpu         ] GC(289) User=0.00s Sys=0.00s Real=0.00s
[2026-10-07T18:56:09.310+0000][779.276s][info][gc,start       ] GC(290) Pause Young (Allocation Failure)
[2026-10-07T18:56:09.313+0000][779.279s][info][gc,heap        ] GC(290) PSYoungGen: 11673K(11776K)->352K(11776K) Eden: 11264K(11264K)->0K(11264K) From: 409K(512K)->352K(512K)
[2026-10-07T18:56:09.313+0000][779.279s][info][gc,heap        ] GC(290) ParOldGen: 47840K(48128K)->48006K(48128K)
[2026-10-07T18:56:09.313+0000][779.279s][info][gc,metaspace   ] GC(290) Metaspace: 74805K(75584K)->74805K(75584K) NonClass: 65478K(65856K)->65478K(65856K) Class: 9327K(9728K)->9327K(9728K)
[2026-10-07T18:56:09.313+0000][779.280s][info][gc             ] GC(290) Pause Young (Allocation Failure) 58M->47M(58M) 3.341ms
[2026-10-07T18:56:09.313+0000][779.280s][info][gc,cpu         ] GC(290) User=0.01s Sys=0.00s Real=0.00s
[2026-10-07T18:56:11.257+0000][781.224s][info][gc,start       ] GC(291) Pause Young (Allocation Failure)
[2026-10-07T18:56:11.262+0000][781.228s][info][gc,heap        ] GC(291) PSYoungGen: 11616K(11776K)->393K(11776K) Eden: 11264K(11264K)->0K(11264K) From: 352K(512K)->393K(512K)
[2026-10-07T18:56:11.262+0000][781.229s][info][gc,heap        ] GC(291) ParOldGen: 48006K(48128K)->48070K(48128K)
[2026-10-07T18:56:11.263+0000][781.229s][info][gc,metaspace   ] GC(291) Metaspace: 74806K(75584K)->74806K(75584K) NonClass: 65478K(65856K)->65478K(65856K) Class: 9327K(9728K)->9327K(9728K)
[2026-10-07T18:56:11.263+0000][781.229s][info][gc             ] GC(291) Pause Young (Allocation Failure) 58M->47M(58M) 5.488ms
[2026-10-07T18:56:11.263+0000][781.229s][info][gc,cpu         ] GC(291) User=0.00s Sys=0.00s Real=0.00s
[2026-10-07T18:56:13.217+0000][783.183s][info][gc,start       ] GC(292) Pause Young (Allocation Failure)
[2026-10-07T18:56:13.220+0000][783.186s][info][gc,heap        ] GC(292) PSYoungGen: 11657K(11776K)->352K(11776K) Eden: 11264K(11264K)->0K(11264K) From: 393K(512K)->352K(512K)
[2026-10-07T18:56:13.220+0000][783.186s][info][gc,heap        ] GC(292) ParOldGen: 48070K(48128K)->48199K(48640K)
[2026-10-07T18:56:13.220+0000][783.186s][info][gc,metaspace   ] GC(292) Metaspace: 74806K(75584K)->74806K(75584K) NonClass: 65478K(65856K)->65478K(65856K) Class: 9327K(9728K)->9327K(9728K)
[2026-10-07T18:56:13.220+0000][783.186s][info][gc             ] GC(292) Pause Young (Allocation Failure) 58M->47M(59M) 3.084ms
[2026-10-07T18:56:13.220+0000][783.186s][info][gc,cpu         ] GC(292) User=0.00s Sys=0.00s Real=0.00s
[2026-10-07T18:56:15.146+0000][785.113s][info][gc,start       ] GC(293) Pause Young (Allocation Failure)
[2026-10-07T18:56:15.151+0000][785.118s][info][gc,heap        ] GC(293) PSYoungGen: 11616K(11776K)->398K(11776K) Eden: 11264K(11264K)->0K(11264K) From: 352K(512K)->398K(512K)
[2026-10-07T18:56:15.151+0000][785.118s][info][gc,heap        ] GC(293) ParOldGen: 48199K(48640K)->48279K(48640K)
[2026-10-07T18:56:15.151+0000][785.118s][info][gc,metaspace   ] GC(293) Metaspace: 74809K(75584K)->74809K(75584K) NonClass: 65481K(65856K)->65481K(65856K) Class: 9327K(9728K)->9327K(9728K)
[2026-10-07T18:56:15.151+0000][785.118s][info][gc             ] GC(293) Pause Young (Allocation Failure) 58M->47M(59M) 4.896ms
[2026-10-07T18:56:15.151+0000][785.118s][info][gc,cpu         ] GC(293) User=0.00s Sys=0.00s Real=0.00s
[2026-10-07T18:56:17.174+0000][787.141s][info][gc,start       ] GC(294) Pause Young (Allocation Failure)
[2026-10-07T18:56:17.178+0000][787.144s][info][gc,heap        ] GC(294) PSYoungGen: 11662K(11776K)->374K(11776K) Eden: 11264K(11264K)->0K(11264K) From: 398K(512K)->374K(512K)
[2026-10-07T18:56:17.178+0000][787.145s][info][gc,heap        ] GC(294) ParOldGen: 48279K(48640K)->48352K(48640K)
[2026-10-07T18:56:17.178+0000][787.145s][info][gc,metaspace   ] GC(294) Metaspace: 74809K(75584K)->74809K(75584K) NonClass: 65481K(65856K)->65481K(65856K) Class: 9327K(9728K)->9327K(9728K)
[2026-10-07T18:56:17.179+0000][787.145s][info][gc             ] GC(294) Pause Young (Allocation Failure) 58M->47M(59M) 4.561ms
[2026-10-07T18:56:17.179+0000][787.145s][info][gc,cpu         ] GC(294) User=0.01s Sys=0.00s Real=0.00s
[2026-10-07T18:56:19.124+0000][789.091s][info][gc,start       ] GC(295) Pause Young (Allocation Failure)
[2026-10-07T18:56:19.130+0000][789.096s][info][gc,heap        ] GC(295) PSYoungGen: 11638K(11776K)->352K(11776K) Eden: 11263K(11264K)->0K(11264K) From: 374K(512K)->352K(512K)
[2026-10-07T18:56:19.130+0000][789.096s][info][gc,heap        ] GC(295) ParOldGen: 48352K(48640K)->48478K(48640K)
[2026-10-07T18:56:19.130+0000][789.096s][info][gc,metaspace   ] GC(295) Metaspace: 74809K(75584K)->74809K(75584K) NonClass: 65481K(65856K)->65481K(65856K) Class: 9327K(9728K)->9327K(9728K)
[2026-10-07T18:56:19.130+0000][789.096s][info][gc             ] GC(295) Pause Young (Allocation Failure) 58M->47M(59M) 5.424ms
[2026-10-07T18:56:19.130+0000][789.096s][info][gc,cpu         ] GC(295) User=0.00s Sys=0.01s Real=0.00s
[2026-10-07T18:56:21.288+0000][791.255s][info][gc,start       ] GC(296) Pause Young (Allocation Failure)
[2026-10-07T18:56:21.293+0000][791.259s][info][gc,heap        ] GC(296) PSYoungGen: 11616K(11776K)->348K(11776K) Eden: 11264K(11264K)->0K(11264K) From: 352K(512K)->348K(512K)
[2026-10-07T18:56:21.293+0000][791.259s][info][gc,heap        ] GC(296) ParOldGen: 48478K(48640K)->48510K(48640K)
[2026-10-07T18:56:21.293+0000][791.259s][info][gc,metaspace   ] GC(296) Metaspace: 74814K(75584K)->74814K(75584K) NonClass: 65487K(65856K)->65487K(65856K) Class: 9327K(9728K)->9327K(9728K)
[2026-10-07T18:56:21.293+0000][791.259s][info][gc             ] GC(296) Pause Young (Allocation Failure) 58M->47M(59M) 4.486ms
[2026-10-07T18:56:21.293+0000][791.260s][info][gc,cpu         ] GC(296) User=0.00s Sys=0.00s Real=0.00s
[2026-10-07T18:56:23.536+0000][793.503s][info][gc,start       ] GC(297) Pause Young (Allocation Failure)
[2026-10-07T18:56:23.540+0000][793.506s][info][gc,heap        ] GC(297) PSYoungGen: 11612K(11776K)->320K(11776K) Eden: 11264K(11264K)->0K(11264K) From: 348K(512K)->320K(512K)
[2026-10-07T18:56:23.540+0000][793.506s][info][gc,heap        ] GC(297) ParOldGen: 48510K(48640K)->48662K(49152K)
[2026-10-07T18:56:23.540+0000][793.506s][info][gc,metaspace   ] GC(297) Metaspace: 74814K(75584K)->74814K(75584K) NonClass: 65487K(65856K)->65487K(65856K) Class: 9327K(9728K)->9327K(9728K)
[2026-10-07T18:56:23.540+0000][793.506s][info][gc             ] GC(297) Pause Young (Allocation Failure) 58M->47M(59M) 3.671ms
[2026-10-07T18:56:23.540+0000][793.507s][info][gc,cpu         ] GC(297) User=0.01s Sys=0.00s Real=0.00s
[2026-10-07T18:56:25.656+0000][795.622s][info][gc,start       ] GC(298) Pause Young (Allocation Failure)
[2026-10-07T18:56:25.663+0000][795.630s][info][gc,heap        ] GC(298) PSYoungGen: 11584K(11776K)->320K(11776K) Eden: 11264K(11264K)->0K(11264K) From: 320K(512K)->320K(512K)
[2026-10-07T18:56:25.663+0000][795.630s][info][gc,heap        ] GC(298) ParOldGen: 48662K(49152K)->48770K(49152K)
[2026-10-07T18:56:25.663+0000][795.630s][info][gc,metaspace   ] GC(298) Metaspace: 74814K(75584K)->74814K(75584K) NonClass: 65487K(65856K)->65487K(65856K) Class: 9327K(9728K)->9327K(9728K)
[2026-10-07T18:56:25.663+0000][795.630s][info][gc             ] GC(298) Pause Young (Allocation Failure) 58M->47M(59M) 7.587ms
[2026-10-07T18:56:25.663+0000][795.630s][info][gc,cpu         ] GC(298) User=0.01s Sys=0.00s Real=0.00s
[2026-10-07T18:56:27.878+0000][797.845s][info][gc,start       ] GC(299) Pause Young (Allocation Failure)
[2026-10-07T18:56:27.884+0000][797.850s][info][gc,heap        ] GC(299) PSYoungGen: 11584K(11776K)->337K(11776K) Eden: 11264K(11264K)->0K(11264K) From: 320K(512K)->337K(512K)
[2026-10-07T18:56:27.884+0000][797.850s][info][gc,heap        ] GC(299) ParOldGen: 48770K(49152K)->48810K(49152K)
[2026-10-07T18:56:27.884+0000][797.850s][info][gc,metaspace   ] GC(299) Metaspace: 74815K(75584K)->74815K(75584K) NonClass: 65488K(65856K)->65488K(65856K) Class: 9327K(9728K)->9327K(9728K)
[2026-10-07T18:56:27.884+0000][797.850s][info][gc             ] GC(299) Pause Young (Allocation Failure) 58M->47M(59M) 5.431ms
[2026-10-07T18:56:27.884+0000][797.850s][info][gc,cpu         ] GC(299) User=0.01s Sys=0.00s Real=0.01s
[2026-10-07T18:56:29.867+0000][799.834s][info][gc,start       ] GC(300) Pause Young (Allocation Failure)
[2026-10-07T18:56:29.872+0000][799.839s][info][gc,heap        ] GC(300) PSYoungGen: 11601K(11776K)->334K(11776K) Eden: 11264K(11264K)->0K(11264K) From: 337K(512K)->334K(512K)
[2026-10-07T18:56:29.872+0000][799.839s][info][gc,heap        ] GC(300) ParOldGen: 48810K(49152K)->48932K(49152K)
[2026-10-07T18:56:29.872+0000][799.839s][info][gc,metaspace   ] GC(300) Metaspace: 74819K(75584K)->74819K(75584K) NonClass: 65492K(65856K)->65492K(65856K) Class: 9327K(9728K)->9327K(9728K)
[2026-10-07T18:56:29.872+0000][799.839s][info][gc             ] GC(300) Pause Young (Allocation Failure) 58M->48M(59M) 5.000ms
[2026-10-07T18:56:29.872+0000][799.839s][info][gc,cpu         ] GC(300) User=0.01s Sys=0.00s Real=0.00s
[2026-10-07T18:56:31.871+0000][801.838s][info][gc,start       ] GC(301) Pause Young (Allocation Failure)
[2026-10-07T18:56:31.877+0000][801.843s][info][gc,heap        ] GC(301) PSYoungGen: 11598K(11776K)->370K(11776K) Eden: 11264K(11264K)->0K(11264K) From: 334K(512K)->370K(512K)
[2026-10-07T18:56:31.877+0000][801.844s][info][gc,heap        ] GC(301) ParOldGen: 48932K(49152K)->49043K(49152K)
[2026-10-07T18:56:31.877+0000][801.844s][info][gc,metaspace   ] GC(301) Metaspace: 74820K(75584K)->74820K(75584K) NonClass: 65493K(65856K)->65493K(65856K) Class: 9327K(9728K)->9327K(9728K)
[2026-10-07T18:56:31.877+0000][801.844s][info][gc             ] GC(301) Pause Young (Allocation Failure) 59M->48M(59M) 5.676ms
[2026-10-07T18:56:31.877+0000][801.844s][info][gc,cpu         ] GC(301) User=0.01s Sys=0.01s Real=0.01s
[2026-10-07T18:56:33.777+0000][803.743s][info][gc,start       ] GC(302) Pause Young (Allocation Failure)
[2026-10-07T18:56:33.789+0000][803.755s][info][gc,heap        ] GC(302) PSYoungGen: 11634K(11776K)->352K(11776K) Eden: 11264K(11264K)->0K(11264K) From: 370K(512K)->352K(512K)
[2026-10-07T18:56:33.789+0000][803.755s][info][gc,heap        ] GC(302) ParOldGen: 49043K(49152K)->49165K(49664K)
[2026-10-07T18:56:33.789+0000][803.755s][info][gc,metaspace   ] GC(302) Metaspace: 74821K(75584K)->74821K(75584K) NonClass: 65493K(65856K)->65493K(65856K) Class: 9327K(9728K)->9327K(9728K)
[2026-10-07T18:56:33.789+0000][803.755s][info][gc             ] GC(302) Pause Young (Allocation Failure) 59M->48M(60M) 11.982ms
[2026-10-07T18:56:33.789+0000][803.755s][info][gc,cpu         ] GC(302) User=0.01s Sys=0.00s Real=0.01s
[2026-10-07T18:56:35.824+0000][805.791s][info][gc,start       ] GC(303) Pause Young (Allocation Failure)
[2026-10-07T18:56:35.831+0000][805.797s][info][gc,heap        ] GC(303) PSYoungGen: 11616K(11776K)->320K(11776K) Eden: 11264K(11264K)->0K(11264K) From: 352K(512K)->320K(512K)
[2026-10-07T18:56:35.831+0000][805.797s][info][gc,heap        ] GC(303) ParOldGen: 49165K(49664K)->49293K(49664K)
[2026-10-07T18:56:35.831+0000][805.797s][info][gc,metaspace   ] GC(303) Metaspace: 74821K(75584K)->74821K(75584K) NonClass: 65493K(65856K)->65493K(65856K) Class: 9327K(9728K)->9327K(9728K)
[2026-10-07T18:56:35.831+0000][805.797s][info][gc             ] GC(303) Pause Young (Allocation Failure) 59M->48M(60M) 6.562ms
[2026-10-07T18:56:35.831+0000][805.798s][info][gc,cpu         ] GC(303) User=0.01s Sys=0.00s Real=0.00s
[2026-10-07T18:56:37.773+0000][807.739s][info][gc,start       ] GC(304) Pause Young (Allocation Failure)
[2026-10-07T18:56:37.778+0000][807.744s][info][gc,heap        ] GC(304) PSYoungGen: 11584K(11776K)->383K(11776K) Eden: 11264K(11264K)->0K(11264K) From: 320K(512K)->383K(512K)
[2026-10-07T18:56:37.778+0000][807.744s][info][gc,heap        ] GC(304) ParOldGen: 49293K(49664K)->49333K(49664K)
[2026-10-07T18:56:37.778+0000][807.744s][info][gc,metaspace   ] GC(304) Metaspace: 74824K(75584K)->74824K(75584K) NonClass: 65497K(65856K)->65497K(65856K) Class: 9327K(9728K)->9327K(9728K)
[2026-10-07T18:56:37.778+0000][807.745s][info][gc             ] GC(304) Pause Young (Allocation Failure) 59M->48M(60M) 5.133ms
[2026-10-07T18:56:37.778+0000][807.745s][info][gc,cpu         ] GC(304) User=0.01s Sys=0.00s Real=0.01s
[2026-10-07T18:56:39.849+0000][809.816s][info][gc,start       ] GC(305) Pause Young (Allocation Failure)
[2026-10-07T18:56:39.854+0000][809.821s][info][gc,heap        ] GC(305) PSYoungGen: 11647K(11776K)->352K(11776K) Eden: 11264K(11264K)->0K(11264K) From: 383K(512K)->352K(512K)
[2026-10-07T18:56:39.854+0000][809.821s][info][gc,heap        ] GC(305) ParOldGen: 49333K(49664K)->49521K(49664K)
[2026-10-07T18:56:39.854+0000][809.821s][info][gc,metaspace   ] GC(305) Metaspace: 74824K(75584K)->74824K(75584K) NonClass: 65497K(65856K)->65497K(65856K) Class: 9327K(9728K)->9327K(9728K)
[2026-10-07T18:56:39.854+0000][809.821s][info][gc             ] GC(305) Pause Young (Allocation Failure) 59M->48M(60M) 4.860ms
[2026-10-07T18:56:39.854+0000][809.821s][info][gc,cpu         ] GC(305) User=0.01s Sys=0.00s Real=0.01s
[2026-10-07T18:56:41.889+0000][811.856s][info][gc,start       ] GC(306) Pause Young (Allocation Failure)
[2026-10-07T18:56:41.894+0000][811.861s][info][gc,heap        ] GC(306) PSYoungGen: 11616K(11776K)->411K(11776K) Eden: 11264K(11264K)->0K(11264K) From: 352K(512K)->411K(512K)
[2026-10-07T18:56:41.894+0000][811.861s][info][gc,heap        ] GC(306) ParOldGen: 49521K(49664K)->49573K(49664K)
[2026-10-07T18:56:41.894+0000][811.861s][info][gc,metaspace   ] GC(306) Metaspace: 74824K(75584K)->74824K(75584K) NonClass: 65497K(65856K)->65497K(65856K) Class: 9327K(9728K)->9327K(9728K)
[2026-10-07T18:56:41.894+0000][811.861s][info][gc             ] GC(306) Pause Young (Allocation Failure) 59M->48M(60M) 5.075ms
[2026-10-07T18:56:41.894+0000][811.861s][info][gc,cpu         ] GC(306) User=0.00s Sys=0.00s Real=0.01s
[2026-10-07T18:56:43.706+0000][813.672s][info][gc,start       ] GC(307) Pause Young (Allocation Failure)
[2026-10-07T18:56:43.713+0000][813.679s][info][gc,heap        ] GC(307) PSYoungGen: 11675K(11776K)->384K(11776K) Eden: 11264K(11264K)->0K(11264K) From: 411K(512K)->384K(512K)
[2026-10-07T18:56:43.713+0000][813.679s][info][gc,heap        ] GC(307) ParOldGen: 49573K(49664K)->49741K(50176K)
[2026-10-07T18:56:43.713+0000][813.680s][info][gc,metaspace   ] GC(307) Metaspace: 74824K(75584K)->74824K(75584K) NonClass: 65497K(65856K)->65497K(65856K) Class: 9327K(9728K)->9327K(9728K)
[2026-10-07T18:56:43.713+0000][813.680s][info][gc             ] GC(307) Pause Young (Allocation Failure) 59M->48M(60M) 7.342ms
[2026-10-07T18:56:43.713+0000][813.680s][info][gc,cpu         ] GC(307) User=0.00s Sys=0.00s Real=0.00s
[2026-10-07T18:56:45.742+0000][815.709s][info][gc,start       ] GC(308) Pause Young (Allocation Failure)
[2026-10-07T18:56:45.749+0000][815.716s][info][gc,heap        ] GC(308) PSYoungGen: 11647K(11776K)->398K(11776K) Eden: 11263K(11264K)->0K(11264K) From: 384K(512K)->398K(512K)
[2026-10-07T18:56:45.749+0000][815.716s][info][gc,heap        ] GC(308) ParOldGen: 49741K(50176K)->49849K(50176K)
[2026-10-07T18:56:45.749+0000][815.716s][info][gc,metaspace   ] GC(308) Metaspace: 74824K(75584K)->74824K(75584K) NonClass: 65497K(65856K)->65497K(65856K) Class: 9327K(9728K)->9327K(9728K)
[2026-10-07T18:56:45.749+0000][815.716s][info][gc             ] GC(308) Pause Young (Allocation Failure) 59M->49M(60M) 6.915ms
[2026-10-07T18:56:45.749+0000][815.716s][info][gc,cpu         ] GC(308) User=0.01s Sys=0.00s Real=0.01s
[2026-10-07T18:56:47.789+0000][817.755s][info][gc,start       ] GC(309) Pause Young (Allocation Failure)
[2026-10-07T18:56:47.793+0000][817.760s][info][gc,heap        ] GC(309) PSYoungGen: 11662K(11776K)->417K(11776K) Eden: 11264K(11264K)->0K(11264K) From: 398K(512K)->417K(512K)
[2026-10-07T18:56:47.794+0000][817.760s][info][gc,heap        ] GC(309) ParOldGen: 49849K(50176K)->49945K(50176K)
[2026-10-07T18:56:47.794+0000][817.760s][info][gc,metaspace   ] GC(309) Metaspace: 74824K(75584K)->74824K(75584K) NonClass: 65497K(65856K)->65497K(65856K) Class: 9327K(9728K)->9327K(9728K)
[2026-10-07T18:56:47.794+0000][817.760s][info][gc             ] GC(309) Pause Young (Allocation Failure) 60M->49M(60M) 4.754ms
[2026-10-07T18:56:47.794+0000][817.760s][info][gc,cpu         ] GC(309) User=0.00s Sys=0.00s Real=0.01s
[2026-10-07T18:56:49.809+0000][819.776s][info][gc,start       ] GC(310) Pause Young (Allocation Failure)
[2026-10-07T18:56:49.814+0000][819.780s][info][gc,heap        ] GC(310) PSYoungGen: 11681K(11776K)->320K(11776K) Eden: 11264K(11264K)->0K(11264K) From: 417K(512K)->320K(512K)
[2026-10-07T18:56:49.814+0000][819.780s][info][gc,heap        ] GC(310) ParOldGen: 49945K(50176K)->50107K(50176K)
[2026-10-07T18:56:49.814+0000][819.780s][info][gc,metaspace   ] GC(310) Metaspace: 74824K(75584K)->74824K(75584K) NonClass: 65497K(65856K)->65497K(65856K) Class: 9327K(9728K)->9327K(9728K)
[2026-10-07T18:56:49.814+0000][819.781s][info][gc             ] GC(310) Pause Young (Allocation Failure) 60M->49M(60M) 4.528ms
[2026-10-07T18:56:49.814+0000][819.781s][info][gc,cpu         ] GC(310) User=0.00s Sys=0.00s Real=0.01s
[2026-10-07T18:56:51.778+0000][821.745s][info][gc,start       ] GC(311) Pause Young (Allocation Failure)
[2026-10-07T18:56:51.783+0000][821.750s][info][gc,heap        ] GC(311) PSYoungGen: 11584K(11776K)->404K(11776K) Eden: 11264K(11264K)->0K(11264K) From: 320K(512K)->404K(512K)
[2026-10-07T18:56:51.783+0000][821.750s][info][gc,heap        ] GC(311) ParOldGen: 50107K(50176K)->50175K(50176K)
[2026-10-07T18:56:51.783+0000][821.750s][info][gc,metaspace   ] GC(311) Metaspace: 74825K(75584K)->74825K(75584K) NonClass: 65498K(65856K)->65498K(65856K) Class: 9327K(9728K)->9327K(9728K)
[2026-10-07T18:56:51.783+0000][821.750s][info][gc             ] GC(311) Pause Young (Allocation Failure) 60M->49M(60M) 4.747ms
[2026-10-07T18:56:51.783+0000][821.750s][info][gc,cpu         ] GC(311) User=0.00s Sys=0.00s Real=0.00s
[2026-10-07T18:56:53.681+0000][823.648s][info][gc,start       ] GC(312) Pause Young (Allocation Failure)
[2026-10-07T18:56:53.691+0000][823.657s][info][gc,heap        ] GC(312) PSYoungGen: 11668K(11776K)->352K(11776K) Eden: 11264K(11264K)->0K(11264K) From: 404K(512K)->352K(512K)
[2026-10-07T18:56:53.691+0000][823.657s][info][gc,heap        ] GC(312) ParOldGen: 50175K(50176K)->50299K(50688K)
[2026-10-07T18:56:53.691+0000][823.657s][info][gc,metaspace   ] GC(312) Metaspace: 74825K(75584K)->74825K(75584K) NonClass: 65498K(65856K)->65498K(65856K) Class: 9327K(9728K)->9327K(9728K)
[2026-10-07T18:56:53.691+0000][823.657s][info][gc             ] GC(312) Pause Young (Allocation Failure) 60M->49M(61M) 9.320ms
[2026-10-07T18:56:53.691+0000][823.657s][info][gc,cpu         ] GC(312) User=0.01s Sys=0.00s Real=0.01s
[2026-10-07T18:56:55.950+0000][825.916s][info][gc,start       ] GC(313) Pause Young (Allocation Failure)
[2026-10-07T18:56:55.960+0000][825.926s][info][gc,heap        ] GC(313) PSYoungGen: 11615K(11776K)->320K(11776K) Eden: 11263K(11264K)->0K(11264K) From: 352K(512K)->320K(512K)
[2026-10-07T18:56:55.960+0000][825.926s][info][gc,heap        ] GC(313) ParOldGen: 50299K(50688K)->50411K(50688K)
[2026-10-07T18:56:55.960+0000][825.926s][info][gc,metaspace   ] GC(313) Metaspace: 74825K(75584K)->74825K(75584K) NonClass: 65498K(65856K)->65498K(65856K) Class: 9327K(9728K)->9327K(9728K)
[2026-10-07T18:56:55.960+0000][825.927s][info][gc             ] GC(313) Pause Young (Allocation Failure) 60M->49M(61M) 10.551ms
[2026-10-07T18:56:55.961+0000][825.928s][info][gc,cpu         ] GC(313) User=0.00s Sys=0.00s Real=0.01s
[2026-10-07T18:56:57.898+0000][827.864s][info][gc,start       ] GC(314) Pause Young (Allocation Failure)
[2026-10-07T18:56:57.902+0000][827.869s][info][gc,heap        ] GC(314) PSYoungGen: 11584K(11776K)->412K(11776K) Eden: 11264K(11264K)->0K(11264K) From: 320K(512K)->412K(512K)
[2026-10-07T18:56:57.903+0000][827.869s][info][gc,heap        ] GC(314) ParOldGen: 50411K(50688K)->50463K(50688K)
[2026-10-07T18:56:57.903+0000][827.869s][info][gc,metaspace   ] GC(314) Metaspace: 74825K(75584K)->74825K(75584K) NonClass: 65498K(65856K)->65498K(65856K) Class: 9327K(9728K)->9327K(9728K)
[2026-10-07T18:56:57.903+0000][827.869s][info][gc             ] GC(314) Pause Young (Allocation Failure) 60M->49M(61M) 5.177ms
[2026-10-07T18:56:57.903+0000][827.869s][info][gc,cpu         ] GC(314) User=0.00s Sys=0.00s Real=0.00s
[2026-10-07T18:56:59.968+0000][829.934s][info][gc,start       ] GC(315) Pause Young (Allocation Failure)
[2026-10-07T18:56:59.974+0000][829.940s][info][gc,heap        ] GC(315) PSYoungGen: 11676K(11776K)->366K(11776K) Eden: 11264K(11264K)->0K(11264K) From: 412K(512K)->366K(512K)
[2026-10-07T18:56:59.974+0000][829.940s][info][gc,heap        ] GC(315) ParOldGen: 50463K(50688K)->50620K(50688K)
[2026-10-07T18:56:59.974+0000][829.940s][info][gc,metaspace   ] GC(315) Metaspace: 74825K(75584K)->74825K(75584K) NonClass: 65498K(65856K)->65498K(65856K) Class: 9327K(9728K)->9327K(9728K)
[2026-10-07T18:56:59.974+0000][829.940s][info][gc             ] GC(315) Pause Young (Allocation Failure) 60M->49M(61M) 6.161ms
[2026-10-07T18:56:59.974+0000][829.940s][info][gc,cpu         ] GC(315) User=0.00s Sys=0.00s Real=0.01s
[2026-10-07T18:57:01.878+0000][831.845s][info][gc,start       ] GC(316) Pause Young (Allocation Failure)
[2026-10-07T18:57:01.884+0000][831.850s][info][gc,heap        ] GC(316) PSYoungGen: 11630K(11776K)->395K(11776K) Eden: 11264K(11264K)->0K(11264K) From: 366K(512K)->395K(512K)
[2026-10-07T18:57:01.884+0000][831.850s][info][gc,heap        ] GC(316) ParOldGen: 50620K(50688K)->50743K(51200K)
[2026-10-07T18:57:01.884+0000][831.850s][info][gc,metaspace   ] GC(316) Metaspace: 74825K(75584K)->74825K(75584K) NonClass: 65498K(65856K)->65498K(65856K) Class: 9327K(9728K)->9327K(9728K)
[2026-10-07T18:57:01.884+0000][831.850s][info][gc             ] GC(316) Pause Young (Allocation Failure) 60M->49M(61M) 5.281ms
[2026-10-07T18:57:01.884+0000][831.850s][info][gc,cpu         ] GC(316) User=0.00s Sys=0.00s Real=0.01s
[2026-10-07T18:57:03.868+0000][833.834s][info][gc,start       ] GC(317) Pause Young (Allocation Failure)
[2026-10-07T18:57:03.874+0000][833.841s][info][gc,heap        ] GC(317) PSYoungGen: 11659K(11776K)->320K(11776K) Eden: 11264K(11264K)->0K(11264K) From: 395K(512K)->320K(512K)
[2026-10-07T18:57:03.874+0000][833.841s][info][gc,heap        ] GC(317) ParOldGen: 50743K(51200K)->50871K(51200K)
[2026-10-07T18:57:03.874+0000][833.841s][info][gc,metaspace   ] GC(317) Metaspace: 74825K(75584K)->74825K(75584K) NonClass: 65498K(65856K)->65498K(65856K) Class: 9327K(9728K)->9327K(9728K)
[2026-10-07T18:57:03.876+0000][833.842s][info][gc             ] GC(317) Pause Young (Allocation Failure) 60M->49M(61M) 7.671ms
[2026-10-07T18:57:03.876+0000][833.842s][info][gc,cpu         ] GC(317) User=0.00s Sys=0.00s Real=0.01s
[2026-10-07T18:57:05.919+0000][835.886s][info][gc,start       ] GC(318) Pause Young (Allocation Failure)
[2026-10-07T18:57:05.930+0000][835.897s][info][gc,heap        ] GC(318) PSYoungGen: 11584K(11776K)->384K(11776K) Eden: 11264K(11264K)->0K(11264K) From: 320K(512K)->384K(512K)
[2026-10-07T18:57:05.931+0000][835.897s][info][gc,heap        ] GC(318) ParOldGen: 50871K(51200K)->50971K(51200K)
[2026-10-07T18:57:05.931+0000][835.897s][info][gc,metaspace   ] GC(318) Metaspace: 74825K(75584K)->74825K(75584K) NonClass: 65498K(65856K)->65498K(65856K) Class: 9327K(9728K)->9327K(9728K)
[2026-10-07T18:57:05.931+0000][835.897s][info][gc             ] GC(318) Pause Young (Allocation Failure) 60M->50M(61M) 11.519ms
[2026-10-07T18:57:05.932+0000][835.898s][info][gc,cpu         ] GC(318) User=0.01s Sys=0.00s Real=0.01s
[2026-10-07T18:57:07.879+0000][837.845s][info][gc,start       ] GC(319) Pause Young (Allocation Failure)
[2026-10-07T18:57:07.886+0000][837.853s][info][gc,heap        ] GC(319) PSYoungGen: 11648K(11776K)->417K(11776K) Eden: 11264K(11264K)->0K(11264K) From: 384K(512K)->417K(512K)
[2026-10-07T18:57:07.886+0000][837.853s][info][gc,heap        ] GC(319) ParOldGen: 50971K(51200K)->51027K(51200K)
[2026-10-07T18:57:07.886+0000][837.853s][info][gc,metaspace   ] GC(319) Metaspace: 74825K(75584K)->74825K(75584K) NonClass: 65498K(65856K)->65498K(65856K) Class: 9327K(9728K)->9327K(9728K)
[2026-10-07T18:57:07.887+0000][837.853s][info][gc             ] GC(319) Pause Young (Allocation Failure) 61M->50M(61M) 7.818ms
[2026-10-07T18:57:07.887+0000][837.853s][info][gc,cpu         ] GC(319) User=0.00s Sys=0.00s Real=0.01s
[2026-10-07T18:57:09.908+0000][839.874s][info][gc,start       ] GC(320) Pause Young (Allocation Failure)
[2026-10-07T18:57:09.915+0000][839.881s][info][gc,heap        ] GC(320) PSYoungGen: 11681K(11776K)->320K(11776K) Eden: 11264K(11264K)->0K(11264K) From: 417K(512K)->320K(512K)
[2026-10-07T18:57:09.915+0000][839.881s][info][gc,heap        ] GC(320) ParOldGen: 51027K(51200K)->51225K(51712K)
[2026-10-07T18:57:09.915+0000][839.881s][info][gc,metaspace   ] GC(320) Metaspace: 74826K(75584K)->74826K(75584K) NonClass: 65499K(65856K)->65499K(65856K) Class: 9327K(9728K)->9327K(9728K)
[2026-10-07T18:57:09.915+0000][839.881s][info][gc             ] GC(320) Pause Young (Allocation Failure) 61M->50M(62M) 7.166ms
[2026-10-07T18:57:09.915+0000][839.882s][info][gc,cpu         ] GC(320) User=0.00s Sys=0.00s Real=0.01s
[2026-10-07T18:57:12.069+0000][842.036s][info][gc,start       ] GC(321) Pause Young (Allocation Failure)
[2026-10-07T18:57:12.079+0000][842.045s][info][gc,heap        ] GC(321) PSYoungGen: 11584K(11776K)->353K(11776K) Eden: 11264K(11264K)->0K(11264K) From: 320K(512K)->353K(512K)
[2026-10-07T18:57:12.079+0000][842.046s][info][gc,heap        ] GC(321) ParOldGen: 51225K(51712K)->51289K(51712K)
[2026-10-07T18:57:12.079+0000][842.046s][info][gc,metaspace   ] GC(321) Metaspace: 74826K(75584K)->74826K(75584K) NonClass: 65499K(65856K)->65499K(65856K) Class: 9327K(9728K)->9327K(9728K)
[2026-10-07T18:57:12.079+0000][842.046s][info][gc             ] GC(321) Pause Young (Allocation Failure) 61M->50M(62M) 9.882ms
[2026-10-07T18:57:12.079+0000][842.046s][info][gc,cpu         ] GC(321) User=0.01s Sys=0.00s Real=0.01s
[2026-10-07T18:57:14.095+0000][844.061s][info][gc,start       ] GC(322) Pause Young (Allocation Failure)
[2026-10-07T18:57:14.100+0000][844.067s][info][gc,heap        ] GC(322) PSYoungGen: 11606K(11776K)->320K(11776K) Eden: 11252K(11264K)->0K(11264K) From: 353K(512K)->320K(512K)
[2026-10-07T18:57:14.100+0000][844.067s][info][gc,heap        ] GC(322) ParOldGen: 51289K(51712K)->51422K(51712K)
[2026-10-07T18:57:14.101+0000][844.067s][info][gc,metaspace   ] GC(322) Metaspace: 74826K(75584K)->74826K(75584K) NonClass: 65499K(65856K)->65499K(65856K) Class: 9327K(9728K)->9327K(9728K)
[2026-10-07T18:57:14.101+0000][844.068s][info][gc             ] GC(322) Pause Young (Allocation Failure) 61M->50M(62M) 6.438ms
[2026-10-07T18:57:14.101+0000][844.068s][info][gc,cpu         ] GC(322) User=0.01s Sys=0.00s Real=0.00s
[2026-10-07T18:57:15.978+0000][845.944s][info][gc,start       ] GC(323) Pause Young (Allocation Failure)
[2026-10-07T18:57:15.985+0000][845.951s][info][gc,heap        ] GC(323) PSYoungGen: 11583K(11776K)->430K(11776K) Eden: 11263K(11264K)->0K(11264K) From: 320K(512K)->430K(512K)
[2026-10-07T18:57:15.985+0000][845.951s][info][gc,heap        ] GC(323) ParOldGen: 51422K(51712K)->51522K(51712K)
[2026-10-07T18:57:15.985+0000][845.951s][info][gc,metaspace   ] GC(323) Metaspace: 74826K(75584K)->74826K(75584K) NonClass: 65499K(65856K)->65499K(65856K) Class: 9327K(9728K)->9327K(9728K)
[2026-10-07T18:57:15.985+0000][845.951s][info][gc             ] GC(323) Pause Young (Allocation Failure) 61M->50M(62M) 6.891ms
[2026-10-07T18:57:15.985+0000][845.951s][info][gc,cpu         ] GC(323) User=0.01s Sys=0.00s Real=0.01s
[2026-10-07T18:57:18.124+0000][848.090s][info][gc,start       ] GC(324) Pause Young (Allocation Failure)
[2026-10-07T18:57:18.129+0000][848.096s][info][gc,heap        ] GC(324) PSYoungGen: 11682K(11776K)->408K(11776K) Eden: 11252K(11264K)->0K(11264K) From: 430K(512K)->408K(512K)
[2026-10-07T18:57:18.129+0000][848.096s][info][gc,heap        ] GC(324) ParOldGen: 51522K(51712K)->51618K(51712K)
[2026-10-07T18:57:18.129+0000][848.096s][info][gc,metaspace   ] GC(324) Metaspace: 74826K(75584K)->74826K(75584K) NonClass: 65499K(65856K)->65499K(65856K) Class: 9327K(9728K)->9327K(9728K)
[2026-10-07T18:57:18.129+0000][848.096s][info][gc             ] GC(324) Pause Young (Allocation Failure) 61M->50M(62M) 5.241ms
[2026-10-07T18:57:18.129+0000][848.096s][info][gc,cpu         ] GC(324) User=0.00s Sys=0.00s Real=0.00s
[2026-10-07T18:57:20.452+0000][850.419s][info][gc,start       ] GC(325) Pause Young (Allocation Failure)
[2026-10-07T18:57:20.457+0000][850.424s][info][gc,heap        ] GC(325) PSYoungGen: 11672K(11776K)->320K(11776K) Eden: 11264K(11264K)->0K(11264K) From: 408K(512K)->320K(512K)
[2026-10-07T18:57:20.457+0000][850.424s][info][gc,heap        ] GC(325) ParOldGen: 51618K(51712K)->51762K(52224K)
[2026-10-07T18:57:20.457+0000][850.424s][info][gc,metaspace   ] GC(325) Metaspace: 74827K(75584K)->74827K(75584K) NonClass: 65500K(65856K)->65500K(65856K) Class: 9327K(9728K)->9327K(9728K)
[2026-10-07T18:57:20.457+0000][850.424s][info][gc             ] GC(325) Pause Young (Allocation Failure) 61M->50M(62M) 5.180ms
[2026-10-07T18:57:20.458+0000][850.424s][info][gc,cpu         ] GC(325) User=0.00s Sys=0.00s Real=0.01s
[2026-10-07T18:57:22.477+0000][852.444s][info][gc,start       ] GC(326) Pause Young (Allocation Failure)
[2026-10-07T18:57:22.483+0000][852.450s][info][gc,heap        ] GC(326) PSYoungGen: 11584K(11776K)->401K(11776K) Eden: 11264K(11264K)->0K(11264K) From: 320K(512K)->401K(512K)
[2026-10-07T18:57:22.483+0000][852.450s][info][gc,heap        ] GC(326) ParOldGen: 51762K(52224K)->51818K(52224K)
[2026-10-07T18:57:22.483+0000][852.450s][info][gc,metaspace   ] GC(326) Metaspace: 74827K(75584K)->74827K(75584K) NonClass: 65500K(65856K)->65500K(65856K) Class: 9327K(9728K)->9327K(9728K)
[2026-10-07T18:57:22.483+0000][852.450s][info][gc             ] GC(326) Pause Young (Allocation Failure) 61M->50M(62M) 5.982ms
[2026-10-07T18:57:22.483+0000][852.450s][info][gc,cpu         ] GC(326) User=0.00s Sys=0.00s Real=0.00s
[2026-10-07T18:57:24.679+0000][854.646s][info][gc,start       ] GC(327) Pause Young (Allocation Failure)
[2026-10-07T18:57:24.684+0000][854.651s][info][gc,heap        ] GC(327) PSYoungGen: 11665K(11776K)->320K(11776K) Eden: 11264K(11264K)->0K(11264K) From: 401K(512K)->320K(512K)
[2026-10-07T18:57:24.684+0000][854.651s][info][gc,heap        ] GC(327) ParOldGen: 51818K(52224K)->51956K(52224K)
[2026-10-07T18:57:24.684+0000][854.651s][info][gc,metaspace   ] GC(327) Metaspace: 74827K(75584K)->74827K(75584K) NonClass: 65500K(65856K)->65500K(65856K) Class: 9327K(9728K)->9327K(9728K)
[2026-10-07T18:57:24.684+0000][854.651s][info][gc             ] GC(327) Pause Young (Allocation Failure) 61M->51M(62M) 4.803ms
[2026-10-07T18:57:24.684+0000][854.651s][info][gc,cpu         ] GC(327) User=0.00s Sys=0.00s Real=0.01s
[2026-10-07T18:57:26.703+0000][856.670s][info][gc,start       ] GC(328) Pause Young (Allocation Failure)
[2026-10-07T18:57:26.708+0000][856.675s][info][gc,heap        ] GC(328) PSYoungGen: 11584K(11776K)->379K(11776K) Eden: 11264K(11264K)->0K(11264K) From: 320K(512K)->379K(512K)
[2026-10-07T18:57:26.708+0000][856.675s][info][gc,heap        ] GC(328) ParOldGen: 51956K(52224K)->52004K(52224K)
[2026-10-07T18:57:26.708+0000][856.675s][info][gc,metaspace   ] GC(328) Metaspace: 74830K(75584K)->74830K(75584K) NonClass: 65503K(65856K)->65503K(65856K) Class: 9327K(9728K)->9327K(9728K)
[2026-10-07T18:57:26.708+0000][856.675s][info][gc             ] GC(328) Pause Young (Allocation Failure) 62M->51M(62M) 4.646ms
[2026-10-07T18:57:26.708+0000][856.675s][info][gc,cpu         ] GC(328) User=0.01s Sys=0.00s Real=0.01s
[2026-10-07T18:57:28.818+0000][858.785s][info][gc,start       ] GC(329) Pause Young (Allocation Failure)
[2026-10-07T18:57:28.829+0000][858.795s][info][gc,heap        ] GC(329) PSYoungGen: 11643K(11776K)->352K(11776K) Eden: 11264K(11264K)->0K(11264K) From: 379K(512K)->352K(512K)
[2026-10-07T18:57:28.829+0000][858.795s][info][gc,heap        ] GC(329) ParOldGen: 52004K(52224K)->52139K(52224K)
[2026-10-07T18:57:28.829+0000][858.795s][info][gc,metaspace   ] GC(329) Metaspace: 74831K(75584K)->74831K(75584K) NonClass: 65504K(65856K)->65504K(65856K) Class: 9327K(9728K)->9327K(9728K)
[2026-10-07T18:57:28.829+0000][858.796s][info][gc             ] GC(329) Pause Young (Allocation Failure) 62M->51M(62M) 10.741ms
[2026-10-07T18:57:28.829+0000][858.796s][info][gc,cpu         ] GC(329) User=0.00s Sys=0.00s Real=0.01s
[2026-10-07T18:57:30.768+0000][860.735s][info][gc,start       ] GC(330) Pause Young (Allocation Failure)
[2026-10-07T18:57:30.776+0000][860.742s][info][gc,heap        ] GC(330) PSYoungGen: 11616K(11776K)->429K(11776K) Eden: 11264K(11264K)->0K(11264K) From: 352K(512K)->429K(512K)
[2026-10-07T18:57:30.776+0000][860.742s][info][gc,heap        ] GC(330) ParOldGen: 52139K(52224K)->52243K(52736K)
[2026-10-07T18:57:30.776+0000][860.742s][info][gc,metaspace   ] GC(330) Metaspace: 74840K(75584K)->74840K(75584K) NonClass: 65513K(65856K)->65513K(65856K) Class: 9327K(9728K)->9327K(9728K)
[2026-10-07T18:57:30.776+0000][860.742s][info][gc             ] GC(330) Pause Young (Allocation Failure) 62M->51M(63M) 7.794ms
[2026-10-07T18:57:30.776+0000][860.742s][info][gc,cpu         ] GC(330) User=0.00s Sys=0.00s Real=0.01s
[2026-10-07T18:57:32.879+0000][862.846s][info][gc,start       ] GC(331) Pause Young (Allocation Failure)
[2026-10-07T18:57:32.891+0000][862.857s][info][gc,heap        ] GC(331) PSYoungGen: 11693K(11776K)->381K(11776K) Eden: 11264K(11264K)->0K(11264K) From: 429K(512K)->381K(512K)
[2026-10-07T18:57:32.891+0000][862.858s][info][gc,heap        ] GC(331) ParOldGen: 52243K(52736K)->52361K(52736K)
[2026-10-07T18:57:32.891+0000][862.858s][info][gc,metaspace   ] GC(331) Metaspace: 74857K(75648K)->74857K(75648K) NonClass: 65530K(65920K)->65530K(65920K) Class: 9327K(9728K)->9327K(9728K)
[2026-10-07T18:57:32.891+0000][862.858s][info][gc             ] GC(331) Pause Young (Allocation Failure) 62M->51M(63M) 11.770ms
[2026-10-07T18:57:32.892+0000][862.858s][info][gc,cpu         ] GC(331) User=0.01s Sys=0.00s Real=0.01s
[2026-10-07T18:57:34.879+0000][864.845s][info][gc,start       ] GC(332) Pause Young (Allocation Failure)
[2026-10-07T18:57:34.884+0000][864.851s][info][gc,heap        ] GC(332) PSYoungGen: 11645K(11776K)->384K(11776K) Eden: 11264K(11264K)->0K(11264K) From: 381K(512K)->384K(512K)
[2026-10-07T18:57:34.884+0000][864.851s][info][gc,heap        ] GC(332) ParOldGen: 52361K(52736K)->52527K(52736K)
[2026-10-07T18:57:34.884+0000][864.851s][info][gc,metaspace   ] GC(332) Metaspace: 74857K(75648K)->74857K(75648K) NonClass: 65530K(65920K)->65530K(65920K) Class: 9327K(9728K)->9327K(9728K)
[2026-10-07T18:57:34.884+0000][864.851s][info][gc             ] GC(332) Pause Young (Allocation Failure) 62M->51M(63M) 5.626ms
[2026-10-07T18:57:34.884+0000][864.851s][info][gc,cpu         ] GC(332) User=0.01s Sys=0.00s Real=0.01s
[2026-10-07T18:57:36.785+0000][866.751s][info][gc,start       ] GC(333) Pause Young (Allocation Failure)
[2026-10-07T18:57:36.791+0000][866.757s][info][gc,heap        ] GC(333) PSYoungGen: 11648K(11776K)->387K(11776K) Eden: 11264K(11264K)->0K(11264K) From: 384K(512K)->387K(512K)
[2026-10-07T18:57:36.791+0000][866.757s][info][gc,heap        ] GC(333) ParOldGen: 52527K(52736K)->52611K(52736K)
[2026-10-07T18:57:36.791+0000][866.757s][info][gc,metaspace   ] GC(333) Metaspace: 74857K(75648K)->74857K(75648K) NonClass: 65530K(65920K)->65530K(65920K) Class: 9327K(9728K)->9327K(9728K)
[2026-10-07T18:57:36.791+0000][866.757s][info][gc             ] GC(333) Pause Young (Allocation Failure) 62M->51M(63M) 6.096ms
[2026-10-07T18:57:36.791+0000][866.757s][info][gc,cpu         ] GC(333) User=0.00s Sys=0.00s Real=0.00s
[2026-10-07T18:57:38.880+0000][868.846s][info][gc,start       ] GC(334) Pause Young (Allocation Failure)
[2026-10-07T18:57:38.886+0000][868.852s][info][gc,heap        ] GC(334) PSYoungGen: 11651K(11776K)->320K(11776K) Eden: 11264K(11264K)->0K(11264K) From: 387K(512K)->320K(512K)
[2026-10-07T18:57:38.886+0000][868.852s][info][gc,heap        ] GC(334) ParOldGen: 52611K(52736K)->52762K(53248K)
[2026-10-07T18:57:38.886+0000][868.852s][info][gc,metaspace   ] GC(334) Metaspace: 74858K(75648K)->74858K(75648K) NonClass: 65530K(65920K)->65530K(65920K) Class: 9327K(9728K)->9327K(9728K)
[2026-10-07T18:57:38.886+0000][868.852s][info][gc             ] GC(334) Pause Young (Allocation Failure) 62M->51M(63M) 5.988ms
[2026-10-07T18:57:38.886+0000][868.852s][info][gc,cpu         ] GC(334) User=0.00s Sys=0.00s Real=0.01s
[2026-10-07T18:57:40.857+0000][870.823s][info][gc,start       ] GC(335) Pause Young (Allocation Failure)
[2026-10-07T18:57:40.861+0000][870.828s][info][gc,heap        ] GC(335) PSYoungGen: 11584K(11776K)->384K(11776K) Eden: 11264K(11264K)->0K(11264K) From: 320K(512K)->384K(512K)
[2026-10-07T18:57:40.862+0000][870.829s][info][gc,heap        ] GC(335) ParOldGen: 52762K(53248K)->52850K(53248K)
[2026-10-07T18:57:40.862+0000][870.829s][info][gc,metaspace   ] GC(335) Metaspace: 74858K(75648K)->74858K(75648K) NonClass: 65530K(65920K)->65530K(65920K) Class: 9327K(9728K)->9327K(9728K)
[2026-10-07T18:57:40.862+0000][870.829s][info][gc             ] GC(335) Pause Young (Allocation Failure) 62M->51M(63M) 5.386ms
[2026-10-07T18:57:40.862+0000][870.829s][info][gc,cpu         ] GC(335) User=0.01s Sys=0.00s Real=0.00s
[2026-10-07T18:57:42.709+0000][872.676s][info][gc,start       ] GC(336) Pause Young (Allocation Failure)
[2026-10-07T18:57:42.714+0000][872.681s][info][gc,heap        ] GC(336) PSYoungGen: 11648K(11776K)->421K(11776K) Eden: 11264K(11264K)->0K(11264K) From: 384K(512K)->421K(512K)
[2026-10-07T18:57:42.714+0000][872.681s][info][gc,heap        ] GC(336) ParOldGen: 52850K(53248K)->52918K(53248K)
[2026-10-07T18:57:42.714+0000][872.681s][info][gc,metaspace   ] GC(336) Metaspace: 74858K(75648K)->74858K(75648K) NonClass: 65530K(65920K)->65530K(65920K) Class: 9327K(9728K)->9327K(9728K)
[2026-10-07T18:57:42.714+0000][872.681s][info][gc             ] GC(336) Pause Young (Allocation Failure) 62M->52M(63M) 5.086ms
[2026-10-07T18:57:42.714+0000][872.681s][info][gc,cpu         ] GC(336) User=0.01s Sys=0.00s Real=0.01s
[2026-10-07T18:57:44.698+0000][874.665s][info][gc,start       ] GC(337) Pause Young (Allocation Failure)
[2026-10-07T18:57:44.704+0000][874.671s][info][gc,heap        ] GC(337) PSYoungGen: 11685K(11776K)->365K(11776K) Eden: 11264K(11264K)->0K(11264K) From: 421K(512K)->365K(512K)
[2026-10-07T18:57:44.704+0000][874.671s][info][gc,heap        ] GC(337) ParOldGen: 52918K(53248K)->53035K(53248K)
[2026-10-07T18:57:44.704+0000][874.671s][info][gc,metaspace   ] GC(337) Metaspace: 74860K(75648K)->74860K(75648K) NonClass: 65533K(65920K)->65533K(65920K) Class: 9327K(9728K)->9327K(9728K)
[2026-10-07T18:57:44.704+0000][874.671s][info][gc             ] GC(337) Pause Young (Allocation Failure) 63M->52M(63M) 6.047ms
[2026-10-07T18:57:44.705+0000][874.671s][info][gc,cpu         ] GC(337) User=0.00s Sys=0.00s Real=0.01s
[2026-10-07T18:57:46.844+0000][876.811s][info][gc,start       ] GC(338) Pause Young (Allocation Failure)
[2026-10-07T18:57:46.849+0000][876.815s][info][gc,heap        ] GC(338) PSYoungGen: 11629K(11776K)->370K(11776K) Eden: 11264K(11264K)->0K(11264K) From: 365K(512K)->370K(512K)
[2026-10-07T18:57:46.849+0000][876.815s][info][gc,heap        ] GC(338) ParOldGen: 53035K(53248K)->53107K(53248K)
[2026-10-07T18:57:46.849+0000][876.815s][info][gc,metaspace   ] GC(338) Metaspace: 74862K(75648K)->74862K(75648K) NonClass: 65534K(65920K)->65534K(65920K) Class: 9327K(9728K)->9327K(9728K)
[2026-10-07T18:57:46.849+0000][876.816s][info][gc             ] GC(338) Pause Young (Allocation Failure) 63M->52M(63M) 4.808ms
[2026-10-07T18:57:46.849+0000][876.816s][info][gc,cpu         ] GC(338) User=0.01s Sys=0.00s Real=0.00s
[2026-10-07T18:57:48.721+0000][878.688s][info][gc,start       ] GC(339) Pause Young (Allocation Failure)
[2026-10-07T18:57:48.726+0000][878.692s][info][gc,heap        ] GC(339) PSYoungGen: 11634K(11776K)->384K(11776K) Eden: 11264K(11264K)->0K(11264K) From: 370K(512K)->384K(512K)
[2026-10-07T18:57:48.726+0000][878.692s][info][gc,heap        ] GC(339) ParOldGen: 53107K(53248K)->53237K(53248K)
[2026-10-07T18:57:48.726+0000][878.692s][info][gc,metaspace   ] GC(339) Metaspace: 74862K(75648K)->74862K(75648K) NonClass: 65534K(65920K)->65534K(65920K) Class: 9327K(9728K)->9327K(9728K)
[2026-10-07T18:57:48.726+0000][878.692s][info][gc             ] GC(339) Pause Young (Allocation Failure) 63M->52M(63M) 4.912ms
[2026-10-07T18:57:48.726+0000][878.693s][info][gc,cpu         ] GC(339) User=0.01s Sys=0.00s Real=0.01s
[2026-10-07T18:57:50.896+0000][880.862s][info][gc,start       ] GC(340) Pause Young (Allocation Failure)
[2026-10-07T18:57:50.905+0000][880.872s][info][gc,heap        ] GC(340) PSYoungGen: 11648K(11776K)->423K(11776K) Eden: 11264K(11264K)->0K(11264K) From: 384K(512K)->423K(512K)
[2026-10-07T18:57:50.905+0000][880.872s][info][gc,heap        ] GC(340) ParOldGen: 53237K(53248K)->53333K(53760K)
[2026-10-07T18:57:50.905+0000][880.872s][info][gc,metaspace   ] GC(340) Metaspace: 74865K(75648K)->74865K(75648K) NonClass: 65536K(65920K)->65536K(65920K) Class: 9328K(9728K)->9328K(9728K)
[2026-10-07T18:57:50.906+0000][880.872s][info][gc             ] GC(340) Pause Young (Allocation Failure) 63M->52M(64M) 9.885ms
[2026-10-07T18:57:50.906+0000][880.872s][info][gc,cpu         ] GC(340) User=0.00s Sys=0.00s Real=0.01s
[2026-10-07T18:57:53.046+0000][883.013s][info][gc,start       ] GC(341) Pause Young (Allocation Failure)
[2026-10-07T18:57:53.051+0000][883.018s][info][gc,heap        ] GC(341) PSYoungGen: 11687K(11776K)->397K(11776K) Eden: 11264K(11264K)->0K(11264K) From: 423K(512K)->397K(512K)
[2026-10-07T18:57:53.051+0000][883.018s][info][gc,heap        ] GC(341) ParOldGen: 53333K(53760K)->53478K(53760K)
[2026-10-07T18:57:53.051+0000][883.018s][info][gc,metaspace   ] GC(341) Metaspace: 74886K(75648K)->74886K(75648K) NonClass: 65558K(65920K)->65558K(65920K) Class: 9328K(9728K)->9328K(9728K)
[2026-10-07T18:57:53.052+0000][883.018s][info][gc             ] GC(341) Pause Young (Allocation Failure) 63M->52M(64M) 5.381ms
[2026-10-07T18:57:53.052+0000][883.018s][info][gc,cpu         ] GC(341) User=0.01s Sys=0.00s Real=0.00s
[2026-10-07T18:57:55.008+0000][884.975s][info][gc,start       ] GC(342) Pause Young (Allocation Failure)
[2026-10-07T18:57:55.014+0000][884.981s][info][gc,heap        ] GC(342) PSYoungGen: 11661K(11776K)->352K(11776K) Eden: 11264K(11264K)->0K(11264K) From: 397K(512K)->352K(512K)
[2026-10-07T18:57:55.014+0000][884.981s][info][gc,heap        ] GC(342) ParOldGen: 53478K(53760K)->53635K(53760K)
[2026-10-07T18:57:55.014+0000][884.981s][info][gc,metaspace   ] GC(342) Metaspace: 74887K(75648K)->74887K(75648K) NonClass: 65559K(65920K)->65559K(65920K) Class: 9328K(9728K)->9328K(9728K)
[2026-10-07T18:57:55.014+0000][884.981s][info][gc             ] GC(342) Pause Young (Allocation Failure) 63M->52M(64M) 5.897ms
[2026-10-07T18:57:55.014+0000][884.981s][info][gc,cpu         ] GC(342) User=0.01s Sys=0.00s Real=0.01s
[2026-10-07T18:57:57.159+0000][887.125s][info][gc,start       ] GC(343) Pause Young (Allocation Failure)
[2026-10-07T18:57:57.164+0000][887.130s][info][gc,heap        ] GC(343) PSYoungGen: 11616K(11776K)->341K(11776K) Eden: 11264K(11264K)->0K(11264K) From: 352K(512K)->341K(512K)
[2026-10-07T18:57:57.164+0000][887.130s][info][gc,heap        ] GC(343) ParOldGen: 53635K(53760K)->53695K(53760K)
[2026-10-07T18:57:57.164+0000][887.130s][info][gc,metaspace   ] GC(343) Metaspace: 74887K(75648K)->74887K(75648K) NonClass: 65559K(65920K)->65559K(65920K) Class: 9328K(9728K)->9328K(9728K)
[2026-10-07T18:57:57.164+0000][887.131s][info][gc             ] GC(343) Pause Young (Allocation Failure) 63M->52M(64M) 5.111ms
[2026-10-07T18:57:57.164+0000][887.131s][info][gc,cpu         ] GC(343) User=0.01s Sys=0.00s Real=0.01s
[2026-10-07T18:57:59.150+0000][889.117s][info][gc,start       ] GC(344) Pause Young (Allocation Failure)
[2026-10-07T18:57:59.155+0000][889.122s][info][gc,heap        ] GC(344) PSYoungGen: 11605K(11776K)->334K(11776K) Eden: 11264K(11264K)->0K(11264K) From: 341K(512K)->334K(512K)
[2026-10-07T18:57:59.155+0000][889.122s][info][gc,heap        ] GC(344) ParOldGen: 53695K(53760K)->53821K(54272K)
[2026-10-07T18:57:59.155+0000][889.122s][info][gc,metaspace   ] GC(344) Metaspace: 74894K(75648K)->74894K(75648K) NonClass: 65566K(65920K)->65566K(65920K) Class: 9328K(9728K)->9328K(9728K)
[2026-10-07T18:57:59.155+0000][889.122s][info][gc             ] GC(344) Pause Young (Allocation Failure) 63M->52M(64M) 4.671ms
[2026-10-07T18:57:59.155+0000][889.122s][info][gc,cpu         ] GC(344) User=0.01s Sys=0.00s Real=0.01s
[2026-10-07T18:58:01.250+0000][891.216s][info][gc,start       ] GC(345) Pause Young (Allocation Failure)
[2026-10-07T18:58:01.256+0000][891.223s][info][gc,heap        ] GC(345) PSYoungGen: 11598K(11776K)->384K(11776K) Eden: 11264K(11264K)->0K(11264K) From: 334K(512K)->384K(512K)
[2026-10-07T18:58:01.256+0000][891.223s][info][gc,heap        ] GC(345) ParOldGen: 53821K(54272K)->53959K(54272K)
[2026-10-07T18:58:01.256+0000][891.223s][info][gc,metaspace   ] GC(345) Metaspace: 74894K(75648K)->74894K(75648K) NonClass: 65566K(65920K)->65566K(65920K) Class: 9328K(9728K)->9328K(9728K)
[2026-10-07T18:58:01.256+0000][891.223s][info][gc             ] GC(345) Pause Young (Allocation Failure) 63M->53M(64M) 6.811ms
[2026-10-07T18:58:01.257+0000][891.223s][info][gc,cpu         ] GC(345) User=0.00s Sys=0.00s Real=0.01s
[2026-10-07T18:58:03.344+0000][893.310s][info][gc,start       ] GC(346) Pause Young (Allocation Failure)
[2026-10-07T18:58:03.348+0000][893.315s][info][gc,heap        ] GC(346) PSYoungGen: 11648K(11776K)->370K(11776K) Eden: 11264K(11264K)->0K(11264K) From: 384K(512K)->370K(512K)
[2026-10-07T18:58:03.348+0000][893.315s][info][gc,heap        ] GC(346) ParOldGen: 53959K(54272K)->54027K(54272K)
[2026-10-07T18:58:03.348+0000][893.315s][info][gc,metaspace   ] GC(346) Metaspace: 74898K(75648K)->74898K(75648K) NonClass: 65570K(65920K)->65570K(65920K) Class: 9328K(9728K)->9328K(9728K)
[2026-10-07T18:58:03.348+0000][893.315s][info][gc             ] GC(346) Pause Young (Allocation Failure) 64M->53M(64M) 4.541ms
[2026-10-07T18:58:03.348+0000][893.315s][info][gc,cpu         ] GC(346) User=0.00s Sys=0.00s Real=0.00s
[2026-10-07T18:58:05.462+0000][895.428s][info][gc,start       ] GC(347) Pause Young (Allocation Failure)
[2026-10-07T18:58:05.467+0000][895.434s][info][gc,heap        ] GC(347) PSYoungGen: 11634K(11776K)->384K(11776K) Eden: 11264K(11264K)->0K(11264K) From: 370K(512K)->384K(512K)
[2026-10-07T18:58:05.467+0000][895.434s][info][gc,heap        ] GC(347) ParOldGen: 54027K(54272K)->54182K(54272K)
[2026-10-07T18:58:05.467+0000][895.434s][info][gc,metaspace   ] GC(347) Metaspace: 74903K(75648K)->74903K(75648K) NonClass: 65574K(65920K)->65574K(65920K) Class: 9328K(9728K)->9328K(9728K)
[2026-10-07T18:58:05.467+0000][895.434s][info][gc             ] GC(347) Pause Young (Allocation Failure) 64M->53M(64M) 5.393ms
[2026-10-07T18:58:05.467+0000][895.434s][info][gc,cpu         ] GC(347) User=0.00s Sys=0.00s Real=0.01s
[2026-10-07T18:58:07.360+0000][897.326s][info][gc,start       ] GC(348) Pause Young (Allocation Failure)
[2026-10-07T18:58:07.366+0000][897.333s][info][gc,heap        ] GC(348) PSYoungGen: 11648K(11776K)->381K(11776K) Eden: 11264K(11264K)->0K(11264K) From: 384K(512K)->381K(512K)
[2026-10-07T18:58:07.367+0000][897.333s][info][gc,heap        ] GC(348) ParOldGen: 54182K(54272K)->54262K(54272K)
[2026-10-07T18:58:07.367+0000][897.333s][info][gc,metaspace   ] GC(348) Metaspace: 74904K(75648K)->74904K(75648K) NonClass: 65575K(65920K)->65575K(65920K) Class: 9328K(9728K)->9328K(9728K)
[2026-10-07T18:58:07.367+0000][897.334s][info][gc             ] GC(348) Pause Young (Allocation Failure) 64M->53M(64M) 6.943ms
[2026-10-07T18:58:07.367+0000][897.334s][info][gc,cpu         ] GC(348) User=0.00s Sys=0.00s Real=0.01s
[2026-10-07T18:58:09.448+0000][899.414s][info][gc,start       ] GC(349) Pause Young (Allocation Failure)
[2026-10-07T18:58:09.455+0000][899.421s][info][gc,heap        ] GC(349) PSYoungGen: 11645K(11776K)->352K(11776K) Eden: 11264K(11264K)->0K(11264K) From: 381K(512K)->352K(512K)
[2026-10-07T18:58:09.455+0000][899.421s][info][gc,heap        ] GC(349) ParOldGen: 54262K(54272K)->54404K(54784K)
[2026-10-07T18:58:09.455+0000][899.421s][info][gc,metaspace   ] GC(349) Metaspace: 74911K(75648K)->74911K(75648K) NonClass: 65583K(65920K)->65583K(65920K) Class: 9328K(9728K)->9328K(9728K)
[2026-10-07T18:58:09.455+0000][899.422s][info][gc             ] GC(349) Pause Young (Allocation Failure) 64M->53M(65M) 7.547ms
[2026-10-07T18:58:09.455+0000][899.422s][info][gc,cpu         ] GC(349) User=0.00s Sys=0.00s Real=0.01s
